[2026-02-17T06:10:03.079+0000] {local_task_job_runner.py:120} INFO - ::group::Pre task execution logs
[2026-02-17T06:10:03.143+0000] {taskinstance.py:2076} INFO - Dependencies all met for dep_context=non-requeueable deps ti=<TaskInstance: minio_to_snowflake.download_minio scheduled__2026-02-17T06:05:00+00:00 [queued]>
[2026-02-17T06:10:03.156+0000] {taskinstance.py:2076} INFO - Dependencies all met for dep_context=requeueable deps ti=<TaskInstance: minio_to_snowflake.download_minio scheduled__2026-02-17T06:05:00+00:00 [queued]>
[2026-02-17T06:10:03.158+0000] {taskinstance.py:2306} INFO - Starting attempt 1 of 2
[2026-02-17T06:10:03.181+0000] {taskinstance.py:2330} INFO - Executing <Task(PythonOperator): download_minio> on 2026-02-17 06:05:00+00:00
[2026-02-17T06:10:03.208+0000] {standard_task_runner.py:90} INFO - Running: ['***', 'tasks', 'run', 'minio_to_snowflake', 'download_minio', 'scheduled__2026-02-17T06:05:00+00:00', '--job-id', '1471', '--raw', '--subdir', 'DAGS_FOLDER/minio_to_snowflake.py', '--cfg-path', '/tmp/tmp3yr5b4kn']
[2026-02-17T06:10:03.211+0000] {logging_mixin.py:188} WARNING - /home/***/.local/lib/python3.12/site-packages/***/task/task_runner/standard_task_runner.py:62 DeprecationWarning: This process (pid=27424) is multi-threaded, use of fork() may lead to deadlocks in the child.
[2026-02-17T06:10:03.215+0000] {standard_task_runner.py:91} INFO - Job 1471: Subtask download_minio
[2026-02-17T06:10:03.216+0000] {standard_task_runner.py:64} INFO - Started process 27450 to run task
[2026-02-17T06:10:03.399+0000] {task_command.py:426} INFO - Running <TaskInstance: minio_to_snowflake.download_minio scheduled__2026-02-17T06:05:00+00:00 [running]> on host 353dfeb821e2
[2026-02-17T06:10:03.578+0000] {taskinstance.py:2648} INFO - Exporting env vars: AIRFLOW_CTX_DAG_OWNER='***' AIRFLOW_CTX_DAG_ID='minio_to_snowflake' AIRFLOW_CTX_TASK_ID='download_minio' AIRFLOW_CTX_EXECUTION_DATE='2026-02-17T06:05:00+00:00' AIRFLOW_CTX_TRY_NUMBER='1' AIRFLOW_CTX_DAG_RUN_ID='scheduled__2026-02-17T06:05:00+00:00'
[2026-02-17T06:10:03.580+0000] {taskinstance.py:430} INFO - ::endgroup::
[2026-02-17T06:10:04.539+0000] {logging_mixin.py:188} INFO - Downloaded AAPL/1771221446.json
[2026-02-17T06:10:04.558+0000] {logging_mixin.py:188} INFO - Downloaded AAPL/1771221459.json
[2026-02-17T06:10:04.580+0000] {logging_mixin.py:188} INFO - Downloaded AAPL/1771221471.json
[2026-02-17T06:10:04.594+0000] {logging_mixin.py:188} INFO - Downloaded AAPL/1771221483.json
[2026-02-17T06:10:04.610+0000] {logging_mixin.py:188} INFO - Downloaded AAPL/1771221496.json
[2026-02-17T06:10:04.633+0000] {logging_mixin.py:188} INFO - Downloaded AAPL/1771221508.json
[2026-02-17T06:10:04.646+0000] {logging_mixin.py:188} INFO - Downloaded AAPL/1771221522.json
[2026-02-17T06:10:04.659+0000] {logging_mixin.py:188} INFO - Downloaded AAPL/1771221533.json
[2026-02-17T06:10:04.669+0000] {logging_mixin.py:188} INFO - Downloaded AAPL/1771221545.json
[2026-02-17T06:10:04.680+0000] {logging_mixin.py:188} INFO - Downloaded AAPL/1771221557.json
[2026-02-17T06:10:04.693+0000] {logging_mixin.py:188} INFO - Downloaded AAPL/1771221568.json
[2026-02-17T06:10:04.706+0000] {logging_mixin.py:188} INFO - Downloaded AAPL/1771221580.json
[2026-02-17T06:10:04.721+0000] {logging_mixin.py:188} INFO - Downloaded AAPL/1771221592.json
[2026-02-17T06:10:04.736+0000] {logging_mixin.py:188} INFO - Downloaded AAPL/1771221603.json
[2026-02-17T06:10:04.750+0000] {logging_mixin.py:188} INFO - Downloaded AAPL/1771221615.json
[2026-02-17T06:10:04.780+0000] {logging_mixin.py:188} INFO - Downloaded AAPL/1771221627.json
[2026-02-17T06:10:04.794+0000] {logging_mixin.py:188} INFO - Downloaded AAPL/1771221639.json
[2026-02-17T06:10:04.824+0000] {logging_mixin.py:188} INFO - Downloaded AAPL/1771221650.json
[2026-02-17T06:10:04.840+0000] {logging_mixin.py:188} INFO - Downloaded AAPL/1771221661.json
[2026-02-17T06:10:04.875+0000] {logging_mixin.py:188} INFO - Downloaded AAPL/1771221673.json
[2026-02-17T06:10:04.907+0000] {logging_mixin.py:188} INFO - Downloaded AAPL/1771221686.json
[2026-02-17T06:10:04.926+0000] {logging_mixin.py:188} INFO - Downloaded AAPL/1771221698.json
[2026-02-17T06:10:04.960+0000] {logging_mixin.py:188} INFO - Downloaded AAPL/1771221709.json
[2026-02-17T06:10:04.991+0000] {logging_mixin.py:188} INFO - Downloaded AAPL/1771221720.json
[2026-02-17T06:10:05.016+0000] {logging_mixin.py:188} INFO - Downloaded AAPL/1771221733.json
[2026-02-17T06:10:05.062+0000] {logging_mixin.py:188} INFO - Downloaded AAPL/1771221744.json
[2026-02-17T06:10:05.104+0000] {logging_mixin.py:188} INFO - Downloaded AAPL/1771221757.json
[2026-02-17T06:10:05.142+0000] {logging_mixin.py:188} INFO - Downloaded AAPL/1771221768.json
[2026-02-17T06:10:05.171+0000] {logging_mixin.py:188} INFO - Downloaded AAPL/1771221779.json
[2026-02-17T06:10:05.202+0000] {logging_mixin.py:188} INFO - Downloaded AAPL/1771221792.json
[2026-02-17T06:10:05.258+0000] {logging_mixin.py:188} INFO - Downloaded AAPL/1771221807.json
[2026-02-17T06:10:05.302+0000] {logging_mixin.py:188} INFO - Downloaded AAPL/1771221820.json
[2026-02-17T06:10:05.326+0000] {logging_mixin.py:188} INFO - Downloaded AAPL/1771221831.json
[2026-02-17T06:10:05.349+0000] {logging_mixin.py:188} INFO - Downloaded AAPL/1771221843.json
[2026-02-17T06:10:05.382+0000] {logging_mixin.py:188} INFO - Downloaded AAPL/1771221858.json
[2026-02-17T06:10:05.429+0000] {logging_mixin.py:188} INFO - Downloaded AAPL/1771221871.json
[2026-02-17T06:10:05.454+0000] {logging_mixin.py:188} INFO - Downloaded AAPL/1771221883.json
[2026-02-17T06:10:05.490+0000] {logging_mixin.py:188} INFO - Downloaded AAPL/1771221895.json
[2026-02-17T06:10:05.512+0000] {logging_mixin.py:188} INFO - Downloaded AAPL/1771221906.json
[2026-02-17T06:10:05.544+0000] {logging_mixin.py:188} INFO - Downloaded AAPL/1771221918.json
[2026-02-17T06:10:05.577+0000] {logging_mixin.py:188} INFO - Downloaded AAPL/1771221930.json
[2026-02-17T06:10:05.602+0000] {logging_mixin.py:188} INFO - Downloaded AAPL/1771221941.json
[2026-02-17T06:10:05.626+0000] {logging_mixin.py:188} INFO - Downloaded AAPL/1771221953.json
[2026-02-17T06:10:05.661+0000] {logging_mixin.py:188} INFO - Downloaded AAPL/1771221965.json
[2026-02-17T06:10:05.690+0000] {logging_mixin.py:188} INFO - Downloaded AAPL/1771221976.json
[2026-02-17T06:10:05.712+0000] {logging_mixin.py:188} INFO - Downloaded AAPL/1771221988.json
[2026-02-17T06:10:05.736+0000] {logging_mixin.py:188} INFO - Downloaded AAPL/1771222104.json
[2026-02-17T06:10:05.774+0000] {logging_mixin.py:188} INFO - Downloaded AAPL/1771222116.json
[2026-02-17T06:10:05.823+0000] {logging_mixin.py:188} INFO - Downloaded AAPL/1771222127.json
[2026-02-17T06:10:05.861+0000] {logging_mixin.py:188} INFO - Downloaded AAPL/1771222139.json
[2026-02-17T06:10:05.871+0000] {logging_mixin.py:188} INFO - Downloaded AAPL/1771222151.json
[2026-02-17T06:10:05.884+0000] {logging_mixin.py:188} INFO - Downloaded AAPL/1771222164.json
[2026-02-17T06:10:05.912+0000] {logging_mixin.py:188} INFO - Downloaded AAPL/1771222205.json
[2026-02-17T06:10:05.929+0000] {logging_mixin.py:188} INFO - Downloaded AAPL/1771222217.json
[2026-02-17T06:10:05.958+0000] {logging_mixin.py:188} INFO - Downloaded AAPL/1771222230.json
[2026-02-17T06:10:05.982+0000] {logging_mixin.py:188} INFO - Downloaded AAPL/1771222241.json
[2026-02-17T06:10:05.999+0000] {logging_mixin.py:188} INFO - Downloaded AAPL/1771222252.json
[2026-02-17T06:10:06.022+0000] {logging_mixin.py:188} INFO - Downloaded AAPL/1771222263.json
[2026-02-17T06:10:06.066+0000] {logging_mixin.py:188} INFO - Downloaded AAPL/1771222275.json
[2026-02-17T06:10:06.113+0000] {logging_mixin.py:188} INFO - Downloaded AAPL/1771222286.json
[2026-02-17T06:10:06.184+0000] {logging_mixin.py:188} INFO - Downloaded AAPL/1771222298.json
[2026-02-17T06:10:06.233+0000] {logging_mixin.py:188} INFO - Downloaded AAPL/1771222309.json
[2026-02-17T06:10:06.280+0000] {logging_mixin.py:188} INFO - Downloaded AAPL/1771222320.json
[2026-02-17T06:10:06.313+0000] {logging_mixin.py:188} INFO - Downloaded AAPL/1771222331.json
[2026-02-17T06:10:06.353+0000] {logging_mixin.py:188} INFO - Downloaded AAPL/1771222344.json
[2026-02-17T06:10:06.377+0000] {logging_mixin.py:188} INFO - Downloaded AAPL/1771222355.json
[2026-02-17T06:10:06.428+0000] {logging_mixin.py:188} INFO - Downloaded AAPL/1771222367.json
[2026-02-17T06:10:06.455+0000] {logging_mixin.py:188} INFO - Downloaded AAPL/1771222377.json
[2026-02-17T06:10:06.489+0000] {logging_mixin.py:188} INFO - Downloaded AAPL/1771222388.json
[2026-02-17T06:10:06.532+0000] {logging_mixin.py:188} INFO - Downloaded AAPL/1771222400.json
[2026-02-17T06:10:06.571+0000] {logging_mixin.py:188} INFO - Downloaded AAPL/1771222412.json
[2026-02-17T06:10:06.613+0000] {logging_mixin.py:188} INFO - Downloaded AAPL/1771222451.json
[2026-02-17T06:10:06.648+0000] {logging_mixin.py:188} INFO - Downloaded AAPL/1771222463.json
[2026-02-17T06:10:06.690+0000] {logging_mixin.py:188} INFO - Downloaded AAPL/1771222476.json
[2026-02-17T06:10:06.728+0000] {logging_mixin.py:188} INFO - Downloaded AAPL/1771222487.json
[2026-02-17T06:10:06.754+0000] {logging_mixin.py:188} INFO - Downloaded AAPL/1771222532.json
[2026-02-17T06:10:06.809+0000] {logging_mixin.py:188} INFO - Downloaded AAPL/1771222545.json
[2026-02-17T06:10:06.840+0000] {logging_mixin.py:188} INFO - Downloaded AAPL/1771222557.json
[2026-02-17T06:10:06.897+0000] {logging_mixin.py:188} INFO - Downloaded AAPL/1771222569.json
[2026-02-17T06:10:06.934+0000] {logging_mixin.py:188} INFO - Downloaded AAPL/1771222581.json
[2026-02-17T06:10:06.960+0000] {logging_mixin.py:188} INFO - Downloaded AAPL/1771222592.json
[2026-02-17T06:10:07.004+0000] {logging_mixin.py:188} INFO - Downloaded AAPL/1771222604.json
[2026-02-17T06:10:07.051+0000] {logging_mixin.py:188} INFO - Downloaded AAPL/1771222617.json
[2026-02-17T06:10:07.080+0000] {logging_mixin.py:188} INFO - Downloaded AAPL/1771222630.json
[2026-02-17T06:10:07.151+0000] {logging_mixin.py:188} INFO - Downloaded AAPL/1771222645.json
[2026-02-17T06:10:07.200+0000] {logging_mixin.py:188} INFO - Downloaded AAPL/1771222694.json
[2026-02-17T06:10:07.236+0000] {logging_mixin.py:188} INFO - Downloaded AAPL/1771222710.json
[2026-02-17T06:10:07.290+0000] {logging_mixin.py:188} INFO - Downloaded AAPL/1771222721.json
[2026-02-17T06:10:07.352+0000] {logging_mixin.py:188} INFO - Downloaded AAPL/1771222733.json
[2026-02-17T06:10:07.369+0000] {logging_mixin.py:188} INFO - Downloaded AAPL/1771222745.json
[2026-02-17T06:10:07.402+0000] {logging_mixin.py:188} INFO - Downloaded AAPL/1771222756.json
[2026-02-17T06:10:07.421+0000] {logging_mixin.py:188} INFO - Downloaded AAPL/1771222772.json
[2026-02-17T06:10:07.454+0000] {logging_mixin.py:188} INFO - Downloaded AAPL/1771222788.json
[2026-02-17T06:10:07.540+0000] {logging_mixin.py:188} INFO - Downloaded AAPL/1771222810.json
[2026-02-17T06:10:07.623+0000] {logging_mixin.py:188} INFO - Downloaded AAPL/1771222857.json
[2026-02-17T06:10:07.749+0000] {logging_mixin.py:188} INFO - Downloaded AAPL/1771222869.json
[2026-02-17T06:10:07.823+0000] {logging_mixin.py:188} INFO - Downloaded AAPL/1771222881.json
[2026-02-17T06:10:07.887+0000] {logging_mixin.py:188} INFO - Downloaded AAPL/1771222895.json
[2026-02-17T06:10:07.941+0000] {logging_mixin.py:188} INFO - Downloaded AAPL/1771222909.json
[2026-02-17T06:10:08.033+0000] {logging_mixin.py:188} INFO - Downloaded AAPL/1771222923.json
[2026-02-17T06:10:08.072+0000] {logging_mixin.py:188} INFO - Downloaded AAPL/1771222935.json
[2026-02-17T06:10:08.127+0000] {logging_mixin.py:188} INFO - Downloaded AAPL/1771222953.json
[2026-02-17T06:10:08.156+0000] {logging_mixin.py:188} INFO - Downloaded AAPL/1771222968.json
[2026-02-17T06:10:08.212+0000] {logging_mixin.py:188} INFO - Downloaded AAPL/1771222979.json
[2026-02-17T06:10:08.256+0000] {logging_mixin.py:188} INFO - Downloaded AAPL/1771222989.json
[2026-02-17T06:10:08.300+0000] {logging_mixin.py:188} INFO - Downloaded AAPL/1771223000.json
[2026-02-17T06:10:08.377+0000] {logging_mixin.py:188} INFO - Downloaded AAPL/1771223010.json
[2026-02-17T06:10:08.413+0000] {logging_mixin.py:188} INFO - Downloaded AAPL/1771223021.json
[2026-02-17T06:10:08.433+0000] {logging_mixin.py:188} INFO - Downloaded AAPL/1771223032.json
[2026-02-17T06:10:08.453+0000] {logging_mixin.py:188} INFO - Downloaded AAPL/1771223044.json
[2026-02-17T06:10:08.484+0000] {logging_mixin.py:188} INFO - Downloaded AAPL/1771223058.json
[2026-02-17T06:10:08.508+0000] {logging_mixin.py:188} INFO - Downloaded AAPL/1771223068.json
[2026-02-17T06:10:08.527+0000] {logging_mixin.py:188} INFO - Downloaded AAPL/1771223290.json
[2026-02-17T06:10:08.542+0000] {logging_mixin.py:188} INFO - Downloaded AAPL/1771223381.json
[2026-02-17T06:10:08.572+0000] {logging_mixin.py:188} INFO - Downloaded AAPL/1771223394.json
[2026-02-17T06:10:08.586+0000] {logging_mixin.py:188} INFO - Downloaded AAPL/1771223405.json
[2026-02-17T06:10:08.602+0000] {logging_mixin.py:188} INFO - Downloaded AAPL/1771223417.json
[2026-02-17T06:10:08.621+0000] {logging_mixin.py:188} INFO - Downloaded AAPL/1771223429.json
[2026-02-17T06:10:08.637+0000] {logging_mixin.py:188} INFO - Downloaded AAPL/1771223439.json
[2026-02-17T06:10:08.652+0000] {logging_mixin.py:188} INFO - Downloaded AAPL/1771223449.json
[2026-02-17T06:10:08.666+0000] {logging_mixin.py:188} INFO - Downloaded AAPL/1771223460.json
[2026-02-17T06:10:08.680+0000] {logging_mixin.py:188} INFO - Downloaded AAPL/1771223471.json
[2026-02-17T06:10:08.707+0000] {logging_mixin.py:188} INFO - Downloaded AAPL/1771223484.json
[2026-02-17T06:10:08.724+0000] {logging_mixin.py:188} INFO - Downloaded AAPL/1771223494.json
[2026-02-17T06:10:08.742+0000] {logging_mixin.py:188} INFO - Downloaded AAPL/1771223505.json
[2026-02-17T06:10:08.760+0000] {logging_mixin.py:188} INFO - Downloaded AAPL/1771223516.json
[2026-02-17T06:10:08.780+0000] {logging_mixin.py:188} INFO - Downloaded AAPL/1771223527.json
[2026-02-17T06:10:08.797+0000] {logging_mixin.py:188} INFO - Downloaded AAPL/1771223538.json
[2026-02-17T06:10:08.818+0000] {logging_mixin.py:188} INFO - Downloaded AAPL/1771223548.json
[2026-02-17T06:10:08.840+0000] {logging_mixin.py:188} INFO - Downloaded AAPL/1771223559.json
[2026-02-17T06:10:08.860+0000] {logging_mixin.py:188} INFO - Downloaded AAPL/1771223569.json
[2026-02-17T06:10:08.878+0000] {logging_mixin.py:188} INFO - Downloaded AAPL/1771223580.json
[2026-02-17T06:10:08.897+0000] {logging_mixin.py:188} INFO - Downloaded AAPL/1771223593.json
[2026-02-17T06:10:08.919+0000] {logging_mixin.py:188} INFO - Downloaded AAPL/1771223607.json
[2026-02-17T06:10:08.958+0000] {logging_mixin.py:188} INFO - Downloaded AAPL/1771223620.json
[2026-02-17T06:10:08.983+0000] {logging_mixin.py:188} INFO - Downloaded AAPL/1771223630.json
[2026-02-17T06:10:09.017+0000] {logging_mixin.py:188} INFO - Downloaded AAPL/1771223642.json
[2026-02-17T06:10:09.040+0000] {logging_mixin.py:188} INFO - Downloaded AAPL/1771223655.json
[2026-02-17T06:10:09.072+0000] {logging_mixin.py:188} INFO - Downloaded AAPL/1771223674.json
[2026-02-17T06:10:09.091+0000] {logging_mixin.py:188} INFO - Downloaded AAPL/1771223686.json
[2026-02-17T06:10:09.108+0000] {logging_mixin.py:188} INFO - Downloaded AAPL/1771223699.json
[2026-02-17T06:10:09.122+0000] {logging_mixin.py:188} INFO - Downloaded AAPL/1771223710.json
[2026-02-17T06:10:09.146+0000] {logging_mixin.py:188} INFO - Downloaded AAPL/1771223720.json
[2026-02-17T06:10:09.167+0000] {logging_mixin.py:188} INFO - Downloaded AAPL/1771223730.json
[2026-02-17T06:10:09.182+0000] {logging_mixin.py:188} INFO - Downloaded AAPL/1771223741.json
[2026-02-17T06:10:09.198+0000] {logging_mixin.py:188} INFO - Downloaded AAPL/1771223751.json
[2026-02-17T06:10:09.214+0000] {logging_mixin.py:188} INFO - Downloaded AAPL/1771223761.json
[2026-02-17T06:10:09.227+0000] {logging_mixin.py:188} INFO - Downloaded AAPL/1771223775.json
[2026-02-17T06:10:09.256+0000] {logging_mixin.py:188} INFO - Downloaded AAPL/1771223786.json
[2026-02-17T06:10:09.272+0000] {logging_mixin.py:188} INFO - Downloaded AAPL/1771223798.json
[2026-02-17T06:10:09.289+0000] {logging_mixin.py:188} INFO - Downloaded AAPL/1771223811.json
[2026-02-17T06:10:09.325+0000] {logging_mixin.py:188} INFO - Downloaded AAPL/1771223856.json
[2026-02-17T06:10:09.358+0000] {logging_mixin.py:188} INFO - Downloaded AAPL/1771223931.json
[2026-02-17T06:10:09.400+0000] {logging_mixin.py:188} INFO - Downloaded AAPL/1771223944.json
[2026-02-17T06:10:09.437+0000] {logging_mixin.py:188} INFO - Downloaded AAPL/1771223957.json
[2026-02-17T06:10:09.482+0000] {logging_mixin.py:188} INFO - Downloaded AAPL/1771223970.json
[2026-02-17T06:10:09.550+0000] {logging_mixin.py:188} INFO - Downloaded AAPL/1771223984.json
[2026-02-17T06:10:09.591+0000] {logging_mixin.py:188} INFO - Downloaded AAPL/1771223996.json
[2026-02-17T06:10:09.634+0000] {logging_mixin.py:188} INFO - Downloaded AAPL/1771224006.json
[2026-02-17T06:10:09.676+0000] {logging_mixin.py:188} INFO - Downloaded AAPL/1771224017.json
[2026-02-17T06:10:09.717+0000] {logging_mixin.py:188} INFO - Downloaded AAPL/1771224029.json
[2026-02-17T06:10:09.750+0000] {logging_mixin.py:188} INFO - Downloaded AAPL/1771224040.json
[2026-02-17T06:10:09.786+0000] {logging_mixin.py:188} INFO - Downloaded AAPL/1771224051.json
[2026-02-17T06:10:09.811+0000] {logging_mixin.py:188} INFO - Downloaded AAPL/1771224062.json
[2026-02-17T06:10:09.841+0000] {logging_mixin.py:188} INFO - Downloaded AAPL/1771224077.json
[2026-02-17T06:10:09.874+0000] {logging_mixin.py:188} INFO - Downloaded AAPL/1771224088.json
[2026-02-17T06:10:09.903+0000] {logging_mixin.py:188} INFO - Downloaded AAPL/1771224099.json
[2026-02-17T06:10:09.926+0000] {logging_mixin.py:188} INFO - Downloaded AAPL/1771224110.json
[2026-02-17T06:10:09.961+0000] {logging_mixin.py:188} INFO - Downloaded AAPL/1771224121.json
[2026-02-17T06:10:09.995+0000] {logging_mixin.py:188} INFO - Downloaded AAPL/1771224132.json
[2026-02-17T06:10:10.017+0000] {logging_mixin.py:188} INFO - Downloaded AAPL/1771224143.json
[2026-02-17T06:10:10.048+0000] {logging_mixin.py:188} INFO - Downloaded AAPL/1771224153.json
[2026-02-17T06:10:10.080+0000] {logging_mixin.py:188} INFO - Downloaded AAPL/1771224164.json
[2026-02-17T06:10:10.108+0000] {logging_mixin.py:188} INFO - Downloaded AAPL/1771224175.json
[2026-02-17T06:10:10.140+0000] {logging_mixin.py:188} INFO - Downloaded AAPL/1771224187.json
[2026-02-17T06:10:10.187+0000] {logging_mixin.py:188} INFO - Downloaded AAPL/1771224198.json
[2026-02-17T06:10:10.225+0000] {logging_mixin.py:188} INFO - Downloaded AAPL/1771224211.json
[2026-02-17T06:10:10.282+0000] {logging_mixin.py:188} INFO - Downloaded AAPL/1771224222.json
[2026-02-17T06:10:10.342+0000] {logging_mixin.py:188} INFO - Downloaded AAPL/1771224236.json
[2026-02-17T06:10:10.378+0000] {logging_mixin.py:188} INFO - Downloaded AAPL/1771224250.json
[2026-02-17T06:10:10.424+0000] {logging_mixin.py:188} INFO - Downloaded AAPL/1771224263.json
[2026-02-17T06:10:10.448+0000] {logging_mixin.py:188} INFO - Downloaded AAPL/1771224485.json
[2026-02-17T06:10:10.485+0000] {logging_mixin.py:188} INFO - Downloaded AAPL/1771224524.json
[2026-02-17T06:10:10.504+0000] {logging_mixin.py:188} INFO - Downloaded AAPL/1771224537.json
[2026-02-17T06:10:10.524+0000] {logging_mixin.py:188} INFO - Downloaded AAPL/1771224551.json
[2026-02-17T06:10:10.554+0000] {logging_mixin.py:188} INFO - Downloaded AAPL/1771224562.json
[2026-02-17T06:10:10.595+0000] {logging_mixin.py:188} INFO - Downloaded AAPL/1771224575.json
[2026-02-17T06:10:10.629+0000] {logging_mixin.py:188} INFO - Downloaded AAPL/1771224588.json
[2026-02-17T06:10:10.667+0000] {logging_mixin.py:188} INFO - Downloaded AAPL/1771224601.json
[2026-02-17T06:10:10.701+0000] {logging_mixin.py:188} INFO - Downloaded AAPL/1771224612.json
[2026-02-17T06:10:10.733+0000] {logging_mixin.py:188} INFO - Downloaded AAPL/1771224623.json
[2026-02-17T06:10:10.756+0000] {logging_mixin.py:188} INFO - Downloaded AAPL/1771224634.json
[2026-02-17T06:10:10.803+0000] {logging_mixin.py:188} INFO - Downloaded AAPL/1771224647.json
[2026-02-17T06:10:10.826+0000] {logging_mixin.py:188} INFO - Downloaded AAPL/1771224667.json
[2026-02-17T06:10:10.861+0000] {logging_mixin.py:188} INFO - Downloaded AAPL/1771224678.json
[2026-02-17T06:10:10.894+0000] {logging_mixin.py:188} INFO - Downloaded AAPL/1771224690.json
[2026-02-17T06:10:10.930+0000] {logging_mixin.py:188} INFO - Downloaded AAPL/1771224704.json
[2026-02-17T06:10:10.971+0000] {logging_mixin.py:188} INFO - Downloaded AAPL/1771224716.json
[2026-02-17T06:10:11.026+0000] {logging_mixin.py:188} INFO - Downloaded AAPL/1771224729.json
[2026-02-17T06:10:11.067+0000] {logging_mixin.py:188} INFO - Downloaded AAPL/1771224741.json
[2026-02-17T06:10:11.116+0000] {logging_mixin.py:188} INFO - Downloaded AAPL/1771224754.json
[2026-02-17T06:10:11.179+0000] {logging_mixin.py:188} INFO - Downloaded AAPL/1771224768.json
[2026-02-17T06:10:11.235+0000] {logging_mixin.py:188} INFO - Downloaded AAPL/1771224781.json
[2026-02-17T06:10:11.317+0000] {logging_mixin.py:188} INFO - Downloaded AAPL/1771224794.json
[2026-02-17T06:10:11.347+0000] {logging_mixin.py:188} INFO - Downloaded AAPL/1771224807.json
[2026-02-17T06:10:11.405+0000] {logging_mixin.py:188} INFO - Downloaded AAPL/1771224819.json
[2026-02-17T06:10:11.442+0000] {logging_mixin.py:188} INFO - Downloaded AAPL/1771224831.json
[2026-02-17T06:10:11.481+0000] {logging_mixin.py:188} INFO - Downloaded AAPL/1771224842.json
[2026-02-17T06:10:11.518+0000] {logging_mixin.py:188} INFO - Downloaded AAPL/1771224855.json
[2026-02-17T06:10:11.577+0000] {logging_mixin.py:188} INFO - Downloaded AAPL/1771224866.json
[2026-02-17T06:10:11.613+0000] {logging_mixin.py:188} INFO - Downloaded AAPL/1771224877.json
[2026-02-17T06:10:11.651+0000] {logging_mixin.py:188} INFO - Downloaded AAPL/1771224888.json
[2026-02-17T06:10:11.719+0000] {logging_mixin.py:188} INFO - Downloaded AAPL/1771224900.json
[2026-02-17T06:10:11.740+0000] {logging_mixin.py:188} INFO - Downloaded AAPL/1771224910.json
[2026-02-17T06:10:11.757+0000] {logging_mixin.py:188} INFO - Downloaded AAPL/1771224921.json
[2026-02-17T06:10:11.773+0000] {logging_mixin.py:188} INFO - Downloaded AAPL/1771224931.json
[2026-02-17T06:10:11.806+0000] {logging_mixin.py:188} INFO - Downloaded AAPL/1771224942.json
[2026-02-17T06:10:11.835+0000] {logging_mixin.py:188} INFO - Downloaded AAPL/1771224953.json
[2026-02-17T06:10:11.856+0000] {logging_mixin.py:188} INFO - Downloaded AAPL/1771224963.json
[2026-02-17T06:10:11.872+0000] {logging_mixin.py:188} INFO - Downloaded AAPL/1771224974.json
[2026-02-17T06:10:11.901+0000] {logging_mixin.py:188} INFO - Downloaded AAPL/1771224985.json
[2026-02-17T06:10:11.917+0000] {logging_mixin.py:188} INFO - Downloaded AAPL/1771224996.json
[2026-02-17T06:10:11.948+0000] {logging_mixin.py:188} INFO - Downloaded AAPL/1771225007.json
[2026-02-17T06:10:11.964+0000] {logging_mixin.py:188} INFO - Downloaded AAPL/1771225019.json
[2026-02-17T06:10:11.992+0000] {logging_mixin.py:188} INFO - Downloaded AAPL/1771225029.json
[2026-02-17T06:10:12.009+0000] {logging_mixin.py:188} INFO - Downloaded AAPL/1771225041.json
[2026-02-17T06:10:12.044+0000] {logging_mixin.py:188} INFO - Downloaded AAPL/1771225052.json
[2026-02-17T06:10:12.061+0000] {logging_mixin.py:188} INFO - Downloaded AAPL/1771225062.json
[2026-02-17T06:10:12.078+0000] {logging_mixin.py:188} INFO - Downloaded AAPL/1771225074.json
[2026-02-17T06:10:12.097+0000] {logging_mixin.py:188} INFO - Downloaded AAPL/1771225085.json
[2026-02-17T06:10:12.125+0000] {logging_mixin.py:188} INFO - Downloaded AAPL/1771225095.json
[2026-02-17T06:10:12.149+0000] {logging_mixin.py:188} INFO - Downloaded AAPL/1771225106.json
[2026-02-17T06:10:12.184+0000] {logging_mixin.py:188} INFO - Downloaded AAPL/1771225117.json
[2026-02-17T06:10:12.216+0000] {logging_mixin.py:188} INFO - Downloaded AAPL/1771225130.json
[2026-02-17T06:10:12.257+0000] {logging_mixin.py:188} INFO - Downloaded AAPL/1771225144.json
[2026-02-17T06:10:12.289+0000] {logging_mixin.py:188} INFO - Downloaded AAPL/1771225155.json
[2026-02-17T06:10:12.313+0000] {logging_mixin.py:188} INFO - Downloaded AAPL/1771225166.json
[2026-02-17T06:10:12.355+0000] {logging_mixin.py:188} INFO - Downloaded AAPL/1771225177.json
[2026-02-17T06:10:12.381+0000] {logging_mixin.py:188} INFO - Downloaded AAPL/1771225198.json
[2026-02-17T06:10:12.418+0000] {logging_mixin.py:188} INFO - Downloaded AAPL/1771225211.json
[2026-02-17T06:10:12.462+0000] {logging_mixin.py:188} INFO - Downloaded AAPL/1771225223.json
[2026-02-17T06:10:12.490+0000] {logging_mixin.py:188} INFO - Downloaded AAPL/1771225236.json
[2026-02-17T06:10:12.508+0000] {logging_mixin.py:188} INFO - Downloaded AAPL/1771225248.json
[2026-02-17T06:10:12.523+0000] {logging_mixin.py:188} INFO - Downloaded AAPL/1771225260.json
[2026-02-17T06:10:12.542+0000] {logging_mixin.py:188} INFO - Downloaded AAPL/1771225271.json
[2026-02-17T06:10:12.585+0000] {logging_mixin.py:188} INFO - Downloaded AAPL/1771225286.json
[2026-02-17T06:10:12.618+0000] {logging_mixin.py:188} INFO - Downloaded AAPL/1771225297.json
[2026-02-17T06:10:12.635+0000] {logging_mixin.py:188} INFO - Downloaded AAPL/1771225308.json
[2026-02-17T06:10:12.651+0000] {logging_mixin.py:188} INFO - Downloaded AAPL/1771225319.json
[2026-02-17T06:10:12.668+0000] {logging_mixin.py:188} INFO - Downloaded AAPL/1771225330.json
[2026-02-17T06:10:12.689+0000] {logging_mixin.py:188} INFO - Downloaded AAPL/1771225342.json
[2026-02-17T06:10:12.708+0000] {logging_mixin.py:188} INFO - Downloaded AAPL/1771225354.json
[2026-02-17T06:10:12.729+0000] {logging_mixin.py:188} INFO - Downloaded AAPL/1771225367.json
[2026-02-17T06:10:12.749+0000] {logging_mixin.py:188} INFO - Downloaded AAPL/1771225378.json
[2026-02-17T06:10:12.769+0000] {logging_mixin.py:188} INFO - Downloaded AAPL/1771225388.json
[2026-02-17T06:10:12.800+0000] {logging_mixin.py:188} INFO - Downloaded AAPL/1771225399.json
[2026-02-17T06:10:12.831+0000] {logging_mixin.py:188} INFO - Downloaded AAPL/1771225409.json
[2026-02-17T06:10:12.852+0000] {logging_mixin.py:188} INFO - Downloaded AAPL/1771225420.json
[2026-02-17T06:10:12.871+0000] {logging_mixin.py:188} INFO - Downloaded AAPL/1771225431.json
[2026-02-17T06:10:12.903+0000] {logging_mixin.py:188} INFO - Downloaded AAPL/1771225443.json
[2026-02-17T06:10:12.924+0000] {logging_mixin.py:188} INFO - Downloaded AAPL/1771225454.json
[2026-02-17T06:10:12.940+0000] {logging_mixin.py:188} INFO - Downloaded AAPL/1771225464.json
[2026-02-17T06:10:12.957+0000] {logging_mixin.py:188} INFO - Downloaded AAPL/1771225474.json
[2026-02-17T06:10:12.988+0000] {logging_mixin.py:188} INFO - Downloaded AAPL/1771225486.json
[2026-02-17T06:10:13.006+0000] {logging_mixin.py:188} INFO - Downloaded AAPL/1771225497.json
[2026-02-17T06:10:13.024+0000] {logging_mixin.py:188} INFO - Downloaded AAPL/1771225507.json
[2026-02-17T06:10:13.056+0000] {logging_mixin.py:188} INFO - Downloaded AAPL/1771225518.json
[2026-02-17T06:10:13.075+0000] {logging_mixin.py:188} INFO - Downloaded AAPL/1771225528.json
[2026-02-17T06:10:13.109+0000] {logging_mixin.py:188} INFO - Downloaded AAPL/1771225540.json
[2026-02-17T06:10:13.140+0000] {logging_mixin.py:188} INFO - Downloaded AAPL/1771225551.json
[2026-02-17T06:10:13.159+0000] {logging_mixin.py:188} INFO - Downloaded AAPL/1771225563.json
[2026-02-17T06:10:13.186+0000] {logging_mixin.py:188} INFO - Downloaded AAPL/1771225576.json
[2026-02-17T06:10:13.214+0000] {logging_mixin.py:188} INFO - Downloaded AAPL/1771225586.json
[2026-02-17T06:10:13.237+0000] {logging_mixin.py:188} INFO - Downloaded AAPL/1771225597.json
[2026-02-17T06:10:13.258+0000] {logging_mixin.py:188} INFO - Downloaded AAPL/1771225609.json
[2026-02-17T06:10:13.277+0000] {logging_mixin.py:188} INFO - Downloaded AAPL/1771225619.json
[2026-02-17T06:10:13.305+0000] {logging_mixin.py:188} INFO - Downloaded AAPL/1771225630.json
[2026-02-17T06:10:13.327+0000] {logging_mixin.py:188} INFO - Downloaded AAPL/1771225641.json
[2026-02-17T06:10:13.346+0000] {logging_mixin.py:188} INFO - Downloaded AAPL/1771225652.json
[2026-02-17T06:10:13.367+0000] {logging_mixin.py:188} INFO - Downloaded AAPL/1771225663.json
[2026-02-17T06:10:13.389+0000] {logging_mixin.py:188} INFO - Downloaded AAPL/1771225673.json
[2026-02-17T06:10:13.405+0000] {logging_mixin.py:188} INFO - Downloaded AAPL/1771225684.json
[2026-02-17T06:10:13.439+0000] {logging_mixin.py:188} INFO - Downloaded AAPL/1771225694.json
[2026-02-17T06:10:13.459+0000] {logging_mixin.py:188} INFO - Downloaded AAPL/1771225705.json
[2026-02-17T06:10:13.483+0000] {logging_mixin.py:188} INFO - Downloaded AAPL/1771225715.json
[2026-02-17T06:10:13.503+0000] {logging_mixin.py:188} INFO - Downloaded AAPL/1771225726.json
[2026-02-17T06:10:13.519+0000] {logging_mixin.py:188} INFO - Downloaded AAPL/1771225737.json
[2026-02-17T06:10:13.537+0000] {logging_mixin.py:188} INFO - Downloaded AAPL/1771225749.json
[2026-02-17T06:10:13.552+0000] {logging_mixin.py:188} INFO - Downloaded AAPL/1771225760.json
[2026-02-17T06:10:13.567+0000] {logging_mixin.py:188} INFO - Downloaded AAPL/1771225770.json
[2026-02-17T06:10:13.601+0000] {logging_mixin.py:188} INFO - Downloaded AAPL/1771225782.json
[2026-02-17T06:10:13.617+0000] {logging_mixin.py:188} INFO - Downloaded AAPL/1771225792.json
[2026-02-17T06:10:13.636+0000] {logging_mixin.py:188} INFO - Downloaded AAPL/1771225802.json
[2026-02-17T06:10:13.649+0000] {logging_mixin.py:188} INFO - Downloaded AAPL/1771225813.json
[2026-02-17T06:10:13.682+0000] {logging_mixin.py:188} INFO - Downloaded AAPL/1771225824.json
[2026-02-17T06:10:13.711+0000] {logging_mixin.py:188} INFO - Downloaded AAPL/1771225835.json
[2026-02-17T06:10:13.726+0000] {logging_mixin.py:188} INFO - Downloaded AAPL/1771225846.json
[2026-02-17T06:10:13.782+0000] {logging_mixin.py:188} INFO - Downloaded AAPL/1771225857.json
[2026-02-17T06:10:13.809+0000] {logging_mixin.py:188} INFO - Downloaded AAPL/1771225869.json
[2026-02-17T06:10:13.823+0000] {logging_mixin.py:188} INFO - Downloaded AAPL/1771225879.json
[2026-02-17T06:10:13.862+0000] {logging_mixin.py:188} INFO - Downloaded AAPL/1771225890.json
[2026-02-17T06:10:13.886+0000] {logging_mixin.py:188} INFO - Downloaded AAPL/1771225901.json
[2026-02-17T06:10:13.909+0000] {logging_mixin.py:188} INFO - Downloaded AAPL/1771225911.json
[2026-02-17T06:10:13.937+0000] {logging_mixin.py:188} INFO - Downloaded AAPL/1771225922.json
[2026-02-17T06:10:13.979+0000] {logging_mixin.py:188} INFO - Downloaded AAPL/1771225933.json
[2026-02-17T06:10:14.020+0000] {logging_mixin.py:188} INFO - Downloaded AAPL/1771225943.json
[2026-02-17T06:10:14.044+0000] {logging_mixin.py:188} INFO - Downloaded AAPL/1771225954.json
[2026-02-17T06:10:14.066+0000] {logging_mixin.py:188} INFO - Downloaded AAPL/1771225964.json
[2026-02-17T06:10:14.105+0000] {logging_mixin.py:188} INFO - Downloaded AAPL/1771225975.json
[2026-02-17T06:10:14.129+0000] {logging_mixin.py:188} INFO - Downloaded AAPL/1771225985.json
[2026-02-17T06:10:14.157+0000] {logging_mixin.py:188} INFO - Downloaded AAPL/1771225996.json
[2026-02-17T06:10:14.194+0000] {logging_mixin.py:188} INFO - Downloaded AAPL/1771226007.json
[2026-02-17T06:10:14.220+0000] {logging_mixin.py:188} INFO - Downloaded AAPL/1771226017.json
[2026-02-17T06:10:14.254+0000] {logging_mixin.py:188} INFO - Downloaded AAPL/1771226028.json
[2026-02-17T06:10:14.290+0000] {logging_mixin.py:188} INFO - Downloaded AAPL/1771226038.json
[2026-02-17T06:10:14.316+0000] {logging_mixin.py:188} INFO - Downloaded AAPL/1771226049.json
[2026-02-17T06:10:14.345+0000] {logging_mixin.py:188} INFO - Downloaded AAPL/1771226059.json
[2026-02-17T06:10:14.361+0000] {logging_mixin.py:188} INFO - Downloaded AAPL/1771226070.json
[2026-02-17T06:10:14.399+0000] {logging_mixin.py:188} INFO - Downloaded AAPL/1771226081.json
[2026-02-17T06:10:14.435+0000] {logging_mixin.py:188} INFO - Downloaded AAPL/1771226092.json
[2026-02-17T06:10:14.454+0000] {logging_mixin.py:188} INFO - Downloaded AAPL/1771226103.json
[2026-02-17T06:10:14.485+0000] {logging_mixin.py:188} INFO - Downloaded AAPL/1771226114.json
[2026-02-17T06:10:14.508+0000] {logging_mixin.py:188} INFO - Downloaded AAPL/1771226125.json
[2026-02-17T06:10:14.542+0000] {logging_mixin.py:188} INFO - Downloaded AAPL/1771226136.json
[2026-02-17T06:10:14.583+0000] {logging_mixin.py:188} INFO - Downloaded AAPL/1771226148.json
[2026-02-17T06:10:14.628+0000] {logging_mixin.py:188} INFO - Downloaded AAPL/1771226158.json
[2026-02-17T06:10:14.650+0000] {logging_mixin.py:188} INFO - Downloaded AAPL/1771226169.json
[2026-02-17T06:10:14.687+0000] {logging_mixin.py:188} INFO - Downloaded AAPL/1771226180.json
[2026-02-17T06:10:14.707+0000] {logging_mixin.py:188} INFO - Downloaded AAPL/1771226190.json
[2026-02-17T06:10:14.749+0000] {logging_mixin.py:188} INFO - Downloaded AAPL/1771226202.json
[2026-02-17T06:10:14.785+0000] {logging_mixin.py:188} INFO - Downloaded AAPL/1771226213.json
[2026-02-17T06:10:14.852+0000] {logging_mixin.py:188} INFO - Downloaded AAPL/1771226224.json
[2026-02-17T06:10:14.891+0000] {logging_mixin.py:188} INFO - Downloaded AAPL/1771226234.json
[2026-02-17T06:10:14.933+0000] {logging_mixin.py:188} INFO - Downloaded AAPL/1771226244.json
[2026-02-17T06:10:14.981+0000] {logging_mixin.py:188} INFO - Downloaded AAPL/1771226254.json
[2026-02-17T06:10:15.059+0000] {logging_mixin.py:188} INFO - Downloaded AAPL/1771226265.json
[2026-02-17T06:10:15.102+0000] {logging_mixin.py:188} INFO - Downloaded AAPL/1771226276.json
[2026-02-17T06:10:15.211+0000] {logging_mixin.py:188} INFO - Downloaded AAPL/1771226287.json
[2026-02-17T06:10:15.279+0000] {logging_mixin.py:188} INFO - Downloaded AAPL/1771226297.json
[2026-02-17T06:10:15.357+0000] {logging_mixin.py:188} INFO - Downloaded AAPL/1771226309.json
[2026-02-17T06:10:15.405+0000] {logging_mixin.py:188} INFO - Downloaded AAPL/1771226320.json
[2026-02-17T06:10:15.501+0000] {logging_mixin.py:188} INFO - Downloaded AAPL/1771226330.json
[2026-02-17T06:10:15.578+0000] {logging_mixin.py:188} INFO - Downloaded AAPL/1771226341.json
[2026-02-17T06:10:15.673+0000] {logging_mixin.py:188} INFO - Downloaded AAPL/1771226352.json
[2026-02-17T06:10:15.708+0000] {logging_mixin.py:188} INFO - Downloaded AAPL/1771226363.json
[2026-02-17T06:10:15.760+0000] {logging_mixin.py:188} INFO - Downloaded AAPL/1771226374.json
[2026-02-17T06:10:15.809+0000] {logging_mixin.py:188} INFO - Downloaded AAPL/1771226385.json
[2026-02-17T06:10:15.869+0000] {logging_mixin.py:188} INFO - Downloaded AAPL/1771226397.json
[2026-02-17T06:10:15.937+0000] {logging_mixin.py:188} INFO - Downloaded AAPL/1771226408.json
[2026-02-17T06:10:16.059+0000] {logging_mixin.py:188} INFO - Downloaded AAPL/1771226418.json
[2026-02-17T06:10:16.097+0000] {logging_mixin.py:188} INFO - Downloaded AAPL/1771226431.json
[2026-02-17T06:10:16.205+0000] {logging_mixin.py:188} INFO - Downloaded AAPL/1771226443.json
[2026-02-17T06:10:16.309+0000] {logging_mixin.py:188} INFO - Downloaded AAPL/1771226453.json
[2026-02-17T06:10:16.419+0000] {logging_mixin.py:188} INFO - Downloaded AAPL/1771226465.json
[2026-02-17T06:10:16.557+0000] {logging_mixin.py:188} INFO - Downloaded AAPL/1771226477.json
[2026-02-17T06:10:16.631+0000] {logging_mixin.py:188} INFO - Downloaded AAPL/1771226488.json
[2026-02-17T06:10:16.668+0000] {logging_mixin.py:188} INFO - Downloaded AAPL/1771226498.json
[2026-02-17T06:10:16.726+0000] {logging_mixin.py:188} INFO - Downloaded AAPL/1771226510.json
[2026-02-17T06:10:16.774+0000] {logging_mixin.py:188} INFO - Downloaded AAPL/1771226521.json
[2026-02-17T06:10:16.800+0000] {logging_mixin.py:188} INFO - Downloaded AAPL/1771226533.json
[2026-02-17T06:10:16.840+0000] {logging_mixin.py:188} INFO - Downloaded AAPL/1771226544.json
[2026-02-17T06:10:16.853+0000] {logging_mixin.py:188} INFO - Downloaded AAPL/1771226555.json
[2026-02-17T06:10:16.883+0000] {logging_mixin.py:188} INFO - Downloaded AAPL/1771226566.json
[2026-02-17T06:10:16.922+0000] {logging_mixin.py:188} INFO - Downloaded AAPL/1771226576.json
[2026-02-17T06:10:16.957+0000] {logging_mixin.py:188} INFO - Downloaded AAPL/1771226587.json
[2026-02-17T06:10:16.980+0000] {logging_mixin.py:188} INFO - Downloaded AAPL/1771226598.json
[2026-02-17T06:10:16.997+0000] {logging_mixin.py:188} INFO - Downloaded AAPL/1771226609.json
[2026-02-17T06:10:17.030+0000] {logging_mixin.py:188} INFO - Downloaded AAPL/1771226623.json
[2026-02-17T06:10:17.049+0000] {logging_mixin.py:188} INFO - Downloaded AAPL/1771226634.json
[2026-02-17T06:10:17.065+0000] {logging_mixin.py:188} INFO - Downloaded AAPL/1771226645.json
[2026-02-17T06:10:17.081+0000] {logging_mixin.py:188} INFO - Downloaded AAPL/1771226656.json
[2026-02-17T06:10:17.118+0000] {logging_mixin.py:188} INFO - Downloaded AAPL/1771226668.json
[2026-02-17T06:10:17.140+0000] {logging_mixin.py:188} INFO - Downloaded AAPL/1771226679.json
[2026-02-17T06:10:17.156+0000] {logging_mixin.py:188} INFO - Downloaded AAPL/1771226690.json
[2026-02-17T06:10:17.172+0000] {logging_mixin.py:188} INFO - Downloaded AAPL/1771226701.json
[2026-02-17T06:10:17.189+0000] {logging_mixin.py:188} INFO - Downloaded AAPL/1771226712.json
[2026-02-17T06:10:17.208+0000] {logging_mixin.py:188} INFO - Downloaded AAPL/1771226723.json
[2026-02-17T06:10:17.226+0000] {logging_mixin.py:188} INFO - Downloaded AAPL/1771226733.json
[2026-02-17T06:10:17.246+0000] {logging_mixin.py:188} INFO - Downloaded AAPL/1771226744.json
[2026-02-17T06:10:17.265+0000] {logging_mixin.py:188} INFO - Downloaded AAPL/1771226755.json
[2026-02-17T06:10:17.283+0000] {logging_mixin.py:188} INFO - Downloaded AAPL/1771226766.json
[2026-02-17T06:10:17.305+0000] {logging_mixin.py:188} INFO - Downloaded AAPL/1771226777.json
[2026-02-17T06:10:17.324+0000] {logging_mixin.py:188} INFO - Downloaded AAPL/1771226788.json
[2026-02-17T06:10:17.346+0000] {logging_mixin.py:188} INFO - Downloaded AAPL/1771226799.json
[2026-02-17T06:10:17.380+0000] {logging_mixin.py:188} INFO - Downloaded AAPL/1771226811.json
[2026-02-17T06:10:17.400+0000] {logging_mixin.py:188} INFO - Downloaded AAPL/1771226825.json
[2026-02-17T06:10:17.446+0000] {logging_mixin.py:188} INFO - Downloaded AAPL/1771226838.json
[2026-02-17T06:10:17.472+0000] {logging_mixin.py:188} INFO - Downloaded AAPL/1771226850.json
[2026-02-17T06:10:17.523+0000] {logging_mixin.py:188} INFO - Downloaded AAPL/1771226862.json
[2026-02-17T06:10:17.551+0000] {logging_mixin.py:188} INFO - Downloaded AAPL/1771226881.json
[2026-02-17T06:10:17.571+0000] {logging_mixin.py:188} INFO - Downloaded AAPL/1771226896.json
[2026-02-17T06:10:17.592+0000] {logging_mixin.py:188} INFO - Downloaded AAPL/1771226908.json
[2026-02-17T06:10:17.607+0000] {logging_mixin.py:188} INFO - Downloaded AAPL/1771226923.json
[2026-02-17T06:10:17.633+0000] {logging_mixin.py:188} INFO - Downloaded AAPL/1771226935.json
[2026-02-17T06:10:17.659+0000] {logging_mixin.py:188} INFO - Downloaded AAPL/1771226950.json
[2026-02-17T06:10:17.692+0000] {logging_mixin.py:188} INFO - Downloaded AAPL/1771226964.json
[2026-02-17T06:10:17.712+0000] {logging_mixin.py:188} INFO - Downloaded AAPL/1771226975.json
[2026-02-17T06:10:17.736+0000] {logging_mixin.py:188} INFO - Downloaded AAPL/1771226986.json
[2026-02-17T06:10:17.755+0000] {logging_mixin.py:188} INFO - Downloaded AAPL/1771226998.json
[2026-02-17T06:10:17.776+0000] {logging_mixin.py:188} INFO - Downloaded AAPL/1771227009.json
[2026-02-17T06:10:17.794+0000] {logging_mixin.py:188} INFO - Downloaded AAPL/1771227020.json
[2026-02-17T06:10:17.808+0000] {logging_mixin.py:188} INFO - Downloaded AAPL/1771227030.json
[2026-02-17T06:10:17.823+0000] {logging_mixin.py:188} INFO - Downloaded AAPL/1771227041.json
[2026-02-17T06:10:17.848+0000] {logging_mixin.py:188} INFO - Downloaded AAPL/1771227051.json
[2026-02-17T06:10:17.866+0000] {logging_mixin.py:188} INFO - Downloaded AAPL/1771227062.json
[2026-02-17T06:10:17.880+0000] {logging_mixin.py:188} INFO - Downloaded AAPL/1771227073.json
[2026-02-17T06:10:17.895+0000] {logging_mixin.py:188} INFO - Downloaded AAPL/1771227083.json
[2026-02-17T06:10:17.918+0000] {logging_mixin.py:188} INFO - Downloaded AAPL/1771227094.json
[2026-02-17T06:10:17.933+0000] {logging_mixin.py:188} INFO - Downloaded AAPL/1771227105.json
[2026-02-17T06:10:17.995+0000] {logging_mixin.py:188} INFO - Downloaded AAPL/1771227117.json
[2026-02-17T06:10:18.033+0000] {logging_mixin.py:188} INFO - Downloaded AAPL/1771227129.json
[2026-02-17T06:10:18.050+0000] {logging_mixin.py:188} INFO - Downloaded AAPL/1771227140.json
[2026-02-17T06:10:18.086+0000] {logging_mixin.py:188} INFO - Downloaded AAPL/1771227151.json
[2026-02-17T06:10:18.100+0000] {logging_mixin.py:188} INFO - Downloaded AAPL/1771227161.json
[2026-02-17T06:10:18.133+0000] {logging_mixin.py:188} INFO - Downloaded AAPL/1771227172.json
[2026-02-17T06:10:18.168+0000] {logging_mixin.py:188} INFO - Downloaded AAPL/1771227187.json
[2026-02-17T06:10:18.193+0000] {logging_mixin.py:188} INFO - Downloaded AAPL/1771227197.json
[2026-02-17T06:10:18.224+0000] {logging_mixin.py:188} INFO - Downloaded AAPL/1771227208.json
[2026-02-17T06:10:18.248+0000] {logging_mixin.py:188} INFO - Downloaded AAPL/1771227220.json
[2026-02-17T06:10:18.270+0000] {logging_mixin.py:188} INFO - Downloaded AAPL/1771227231.json
[2026-02-17T06:10:18.303+0000] {logging_mixin.py:188} INFO - Downloaded AAPL/1771227243.json
[2026-02-17T06:10:18.331+0000] {logging_mixin.py:188} INFO - Downloaded AAPL/1771227255.json
[2026-02-17T06:10:18.355+0000] {logging_mixin.py:188} INFO - Downloaded AAPL/1771227267.json
[2026-02-17T06:10:18.391+0000] {logging_mixin.py:188} INFO - Downloaded AAPL/1771227280.json
[2026-02-17T06:10:18.421+0000] {logging_mixin.py:188} INFO - Downloaded AAPL/1771227293.json
[2026-02-17T06:10:18.456+0000] {logging_mixin.py:188} INFO - Downloaded AAPL/1771227304.json
[2026-02-17T06:10:18.471+0000] {logging_mixin.py:188} INFO - Downloaded AAPL/1771227316.json
[2026-02-17T06:10:18.518+0000] {logging_mixin.py:188} INFO - Downloaded AAPL/1771227327.json
[2026-02-17T06:10:18.569+0000] {logging_mixin.py:188} INFO - Downloaded AAPL/1771227338.json
[2026-02-17T06:10:18.637+0000] {logging_mixin.py:188} INFO - Downloaded AAPL/1771227348.json
[2026-02-17T06:10:18.664+0000] {logging_mixin.py:188} INFO - Downloaded AAPL/1771227361.json
[2026-02-17T06:10:18.692+0000] {logging_mixin.py:188} INFO - Downloaded AAPL/1771227373.json
[2026-02-17T06:10:18.740+0000] {logging_mixin.py:188} INFO - Downloaded AAPL/1771227385.json
[2026-02-17T06:10:18.790+0000] {logging_mixin.py:188} INFO - Downloaded AAPL/1771227397.json
[2026-02-17T06:10:18.824+0000] {logging_mixin.py:188} INFO - Downloaded AAPL/1771227408.json
[2026-02-17T06:10:18.853+0000] {logging_mixin.py:188} INFO - Downloaded AAPL/1771227418.json
[2026-02-17T06:10:18.890+0000] {logging_mixin.py:188} INFO - Downloaded AAPL/1771227430.json
[2026-02-17T06:10:18.917+0000] {logging_mixin.py:188} INFO - Downloaded AAPL/1771227441.json
[2026-02-17T06:10:18.944+0000] {logging_mixin.py:188} INFO - Downloaded AAPL/1771227452.json
[2026-02-17T06:10:18.965+0000] {logging_mixin.py:188} INFO - Downloaded AAPL/1771227462.json
[2026-02-17T06:10:18.997+0000] {logging_mixin.py:188} INFO - Downloaded AAPL/1771227474.json
[2026-02-17T06:10:19.029+0000] {logging_mixin.py:188} INFO - Downloaded AAPL/1771227485.json
[2026-02-17T06:10:19.050+0000] {logging_mixin.py:188} INFO - Downloaded AAPL/1771227496.json
[2026-02-17T06:10:19.068+0000] {logging_mixin.py:188} INFO - Downloaded AAPL/1771227506.json
[2026-02-17T06:10:19.100+0000] {logging_mixin.py:188} INFO - Downloaded AAPL/1771227517.json
[2026-02-17T06:10:19.117+0000] {logging_mixin.py:188} INFO - Downloaded AAPL/1771227528.json
[2026-02-17T06:10:19.149+0000] {logging_mixin.py:188} INFO - Downloaded AAPL/1771227538.json
[2026-02-17T06:10:19.171+0000] {logging_mixin.py:188} INFO - Downloaded AAPL/1771227550.json
[2026-02-17T06:10:19.187+0000] {logging_mixin.py:188} INFO - Downloaded AAPL/1771227561.json
[2026-02-17T06:10:19.203+0000] {logging_mixin.py:188} INFO - Downloaded AAPL/1771227571.json
[2026-02-17T06:10:19.229+0000] {logging_mixin.py:188} INFO - Downloaded AAPL/1771227582.json
[2026-02-17T06:10:19.281+0000] {logging_mixin.py:188} INFO - Downloaded AAPL/1771227592.json
[2026-02-17T06:10:19.305+0000] {logging_mixin.py:188} INFO - Downloaded AAPL/1771227603.json
[2026-02-17T06:10:19.331+0000] {logging_mixin.py:188} INFO - Downloaded AAPL/1771227614.json
[2026-02-17T06:10:19.347+0000] {logging_mixin.py:188} INFO - Downloaded AAPL/1771227625.json
[2026-02-17T06:10:19.367+0000] {logging_mixin.py:188} INFO - Downloaded AAPL/1771227636.json
[2026-02-17T06:10:19.383+0000] {logging_mixin.py:188} INFO - Downloaded AAPL/1771227646.json
[2026-02-17T06:10:19.403+0000] {logging_mixin.py:188} INFO - Downloaded AAPL/1771227657.json
[2026-02-17T06:10:19.435+0000] {logging_mixin.py:188} INFO - Downloaded AAPL/1771227667.json
[2026-02-17T06:10:19.451+0000] {logging_mixin.py:188} INFO - Downloaded AAPL/1771227678.json
[2026-02-17T06:10:19.479+0000] {logging_mixin.py:188} INFO - Downloaded AAPL/1771227688.json
[2026-02-17T06:10:19.514+0000] {logging_mixin.py:188} INFO - Downloaded AAPL/1771227699.json
[2026-02-17T06:10:19.536+0000] {logging_mixin.py:188} INFO - Downloaded AAPL/1771227709.json
[2026-02-17T06:10:19.551+0000] {logging_mixin.py:188} INFO - Downloaded AAPL/1771227720.json
[2026-02-17T06:10:19.572+0000] {logging_mixin.py:188} INFO - Downloaded AAPL/1771227731.json
[2026-02-17T06:10:19.590+0000] {logging_mixin.py:188} INFO - Downloaded AAPL/1771227742.json
[2026-02-17T06:10:19.613+0000] {logging_mixin.py:188} INFO - Downloaded AAPL/1771227752.json
[2026-02-17T06:10:19.635+0000] {logging_mixin.py:188} INFO - Downloaded AAPL/1771227762.json
[2026-02-17T06:10:19.674+0000] {logging_mixin.py:188} INFO - Downloaded AAPL/1771227773.json
[2026-02-17T06:10:19.694+0000] {logging_mixin.py:188} INFO - Downloaded AAPL/1771227783.json
[2026-02-17T06:10:19.717+0000] {logging_mixin.py:188} INFO - Downloaded AAPL/1771227794.json
[2026-02-17T06:10:19.743+0000] {logging_mixin.py:188} INFO - Downloaded AAPL/1771227804.json
[2026-02-17T06:10:19.761+0000] {logging_mixin.py:188} INFO - Downloaded AAPL/1771227814.json
[2026-02-17T06:10:19.785+0000] {logging_mixin.py:188} INFO - Downloaded AAPL/1771227825.json
[2026-02-17T06:10:19.816+0000] {logging_mixin.py:188} INFO - Downloaded AAPL/1771227836.json
[2026-02-17T06:10:19.834+0000] {logging_mixin.py:188} INFO - Downloaded AAPL/1771227847.json
[2026-02-17T06:10:19.846+0000] {logging_mixin.py:188} INFO - Downloaded AAPL/1771227858.json
[2026-02-17T06:10:19.864+0000] {logging_mixin.py:188} INFO - Downloaded AAPL/1771227869.json
[2026-02-17T06:10:19.894+0000] {logging_mixin.py:188} INFO - Downloaded AAPL/1771227879.json
[2026-02-17T06:10:19.913+0000] {logging_mixin.py:188} INFO - Downloaded AAPL/1771227889.json
[2026-02-17T06:10:19.931+0000] {logging_mixin.py:188} INFO - Downloaded AAPL/1771227899.json
[2026-02-17T06:10:19.962+0000] {logging_mixin.py:188} INFO - Downloaded AAPL/1771227910.json
[2026-02-17T06:10:19.992+0000] {logging_mixin.py:188} INFO - Downloaded AAPL/1771227920.json
[2026-02-17T06:10:20.020+0000] {logging_mixin.py:188} INFO - Downloaded AAPL/1771227931.json
[2026-02-17T06:10:20.048+0000] {logging_mixin.py:188} INFO - Downloaded AAPL/1771227941.json
[2026-02-17T06:10:20.073+0000] {logging_mixin.py:188} INFO - Downloaded AAPL/1771227951.json
[2026-02-17T06:10:20.101+0000] {logging_mixin.py:188} INFO - Downloaded AAPL/1771227962.json
[2026-02-17T06:10:20.129+0000] {logging_mixin.py:188} INFO - Downloaded AAPL/1771227972.json
[2026-02-17T06:10:20.145+0000] {logging_mixin.py:188} INFO - Downloaded AAPL/1771227983.json
[2026-02-17T06:10:20.184+0000] {logging_mixin.py:188} INFO - Downloaded AAPL/1771227993.json
[2026-02-17T06:10:20.206+0000] {logging_mixin.py:188} INFO - Downloaded AAPL/1771228003.json
[2026-02-17T06:10:20.237+0000] {logging_mixin.py:188} INFO - Downloaded AAPL/1771228015.json
[2026-02-17T06:10:20.256+0000] {logging_mixin.py:188} INFO - Downloaded AAPL/1771228025.json
[2026-02-17T06:10:20.268+0000] {logging_mixin.py:188} INFO - Downloaded AAPL/1771228035.json
[2026-02-17T06:10:20.281+0000] {logging_mixin.py:188} INFO - Downloaded AAPL/1771228046.json
[2026-02-17T06:10:20.297+0000] {logging_mixin.py:188} INFO - Downloaded AAPL/1771228057.json
[2026-02-17T06:10:20.315+0000] {logging_mixin.py:188} INFO - Downloaded AAPL/1771228068.json
[2026-02-17T06:10:20.329+0000] {logging_mixin.py:188} INFO - Downloaded AAPL/1771228078.json
[2026-02-17T06:10:20.350+0000] {logging_mixin.py:188} INFO - Downloaded AAPL/1771228089.json
[2026-02-17T06:10:20.366+0000] {logging_mixin.py:188} INFO - Downloaded AAPL/1771228100.json
[2026-02-17T06:10:20.383+0000] {logging_mixin.py:188} INFO - Downloaded AAPL/1771228110.json
[2026-02-17T06:10:20.395+0000] {logging_mixin.py:188} INFO - Downloaded AAPL/1771228121.json
[2026-02-17T06:10:20.411+0000] {logging_mixin.py:188} INFO - Downloaded AAPL/1771228131.json
[2026-02-17T06:10:20.428+0000] {logging_mixin.py:188} INFO - Downloaded AAPL/1771228141.json
[2026-02-17T06:10:20.440+0000] {logging_mixin.py:188} INFO - Downloaded AAPL/1771228152.json
[2026-02-17T06:10:20.454+0000] {logging_mixin.py:188} INFO - Downloaded AAPL/1771228162.json
[2026-02-17T06:10:20.467+0000] {logging_mixin.py:188} INFO - Downloaded AAPL/1771228172.json
[2026-02-17T06:10:20.482+0000] {logging_mixin.py:188} INFO - Downloaded AAPL/1771228182.json
[2026-02-17T06:10:20.497+0000] {logging_mixin.py:188} INFO - Downloaded AAPL/1771228192.json
[2026-02-17T06:10:20.529+0000] {logging_mixin.py:188} INFO - Downloaded AAPL/1771228203.json
[2026-02-17T06:10:20.544+0000] {logging_mixin.py:188} INFO - Downloaded AAPL/1771228213.json
[2026-02-17T06:10:20.559+0000] {logging_mixin.py:188} INFO - Downloaded AAPL/1771228224.json
[2026-02-17T06:10:20.575+0000] {logging_mixin.py:188} INFO - Downloaded AAPL/1771228234.json
[2026-02-17T06:10:20.588+0000] {logging_mixin.py:188} INFO - Downloaded AAPL/1771228245.json
[2026-02-17T06:10:20.603+0000] {logging_mixin.py:188} INFO - Downloaded AAPL/1771228255.json
[2026-02-17T06:10:20.617+0000] {logging_mixin.py:188} INFO - Downloaded AAPL/1771228266.json
[2026-02-17T06:10:20.634+0000] {logging_mixin.py:188} INFO - Downloaded AAPL/1771228278.json
[2026-02-17T06:10:20.649+0000] {logging_mixin.py:188} INFO - Downloaded AAPL/1771228288.json
[2026-02-17T06:10:20.667+0000] {logging_mixin.py:188} INFO - Downloaded AAPL/1771228299.json
[2026-02-17T06:10:20.687+0000] {logging_mixin.py:188} INFO - Downloaded AAPL/1771228310.json
[2026-02-17T06:10:20.703+0000] {logging_mixin.py:188} INFO - Downloaded AAPL/1771228321.json
[2026-02-17T06:10:20.723+0000] {logging_mixin.py:188} INFO - Downloaded AAPL/1771228331.json
[2026-02-17T06:10:20.741+0000] {logging_mixin.py:188} INFO - Downloaded AAPL/1771228342.json
[2026-02-17T06:10:20.758+0000] {logging_mixin.py:188} INFO - Downloaded AAPL/1771228352.json
[2026-02-17T06:10:20.775+0000] {logging_mixin.py:188} INFO - Downloaded AAPL/1771228362.json
[2026-02-17T06:10:20.798+0000] {logging_mixin.py:188} INFO - Downloaded AAPL/1771228373.json
[2026-02-17T06:10:20.817+0000] {logging_mixin.py:188} INFO - Downloaded AAPL/1771228383.json
[2026-02-17T06:10:20.834+0000] {logging_mixin.py:188} INFO - Downloaded AAPL/1771228394.json
[2026-02-17T06:10:20.852+0000] {logging_mixin.py:188} INFO - Downloaded AAPL/1771228404.json
[2026-02-17T06:10:20.872+0000] {logging_mixin.py:188} INFO - Downloaded AAPL/1771228415.json
[2026-02-17T06:10:20.899+0000] {logging_mixin.py:188} INFO - Downloaded AAPL/1771228425.json
[2026-02-17T06:10:20.920+0000] {logging_mixin.py:188} INFO - Downloaded AAPL/1771228436.json
[2026-02-17T06:10:20.937+0000] {logging_mixin.py:188} INFO - Downloaded AAPL/1771228447.json
[2026-02-17T06:10:20.964+0000] {logging_mixin.py:188} INFO - Downloaded AAPL/1771228457.json
[2026-02-17T06:10:20.994+0000] {logging_mixin.py:188} INFO - Downloaded AAPL/1771228467.json
[2026-02-17T06:10:21.010+0000] {logging_mixin.py:188} INFO - Downloaded AAPL/1771228478.json
[2026-02-17T06:10:21.043+0000] {logging_mixin.py:188} INFO - Downloaded AAPL/1771228489.json
[2026-02-17T06:10:21.064+0000] {logging_mixin.py:188} INFO - Downloaded AAPL/1771228499.json
[2026-02-17T06:10:21.084+0000] {logging_mixin.py:188} INFO - Downloaded AAPL/1771228509.json
[2026-02-17T06:10:21.103+0000] {logging_mixin.py:188} INFO - Downloaded AAPL/1771228520.json
[2026-02-17T06:10:21.130+0000] {logging_mixin.py:188} INFO - Downloaded AAPL/1771228531.json
[2026-02-17T06:10:21.154+0000] {logging_mixin.py:188} INFO - Downloaded AAPL/1771228542.json
[2026-02-17T06:10:21.176+0000] {logging_mixin.py:188} INFO - Downloaded AAPL/1771228552.json
[2026-02-17T06:10:21.194+0000] {logging_mixin.py:188} INFO - Downloaded AAPL/1771228562.json
[2026-02-17T06:10:21.212+0000] {logging_mixin.py:188} INFO - Downloaded AAPL/1771228573.json
[2026-02-17T06:10:21.229+0000] {logging_mixin.py:188} INFO - Downloaded AAPL/1771228584.json
[2026-02-17T06:10:21.244+0000] {logging_mixin.py:188} INFO - Downloaded AAPL/1771228594.json
[2026-02-17T06:10:21.283+0000] {logging_mixin.py:188} INFO - Downloaded AAPL/1771228605.json
[2026-02-17T06:10:21.305+0000] {logging_mixin.py:188} INFO - Downloaded AAPL/1771228617.json
[2026-02-17T06:10:21.325+0000] {logging_mixin.py:188} INFO - Downloaded AAPL/1771228628.json
[2026-02-17T06:10:21.342+0000] {logging_mixin.py:188} INFO - Downloaded AAPL/1771228639.json
[2026-02-17T06:10:21.357+0000] {logging_mixin.py:188} INFO - Downloaded AAPL/1771228649.json
[2026-02-17T06:10:21.374+0000] {logging_mixin.py:188} INFO - Downloaded AAPL/1771228659.json
[2026-02-17T06:10:21.407+0000] {logging_mixin.py:188} INFO - Downloaded AAPL/1771228670.json
[2026-02-17T06:10:21.420+0000] {logging_mixin.py:188} INFO - Downloaded AAPL/1771228680.json
[2026-02-17T06:10:21.433+0000] {logging_mixin.py:188} INFO - Downloaded AAPL/1771228691.json
[2026-02-17T06:10:21.449+0000] {logging_mixin.py:188} INFO - Downloaded AAPL/1771228702.json
[2026-02-17T06:10:21.462+0000] {logging_mixin.py:188} INFO - Downloaded AAPL/1771228712.json
[2026-02-17T06:10:21.478+0000] {logging_mixin.py:188} INFO - Downloaded AAPL/1771228723.json
[2026-02-17T06:10:21.508+0000] {logging_mixin.py:188} INFO - Downloaded AAPL/1771228734.json
[2026-02-17T06:10:21.526+0000] {logging_mixin.py:188} INFO - Downloaded AAPL/1771228744.json
[2026-02-17T06:10:21.557+0000] {logging_mixin.py:188} INFO - Downloaded AAPL/1771228754.json
[2026-02-17T06:10:21.572+0000] {logging_mixin.py:188} INFO - Downloaded AAPL/1771228765.json
[2026-02-17T06:10:21.586+0000] {logging_mixin.py:188} INFO - Downloaded AAPL/1771228776.json
[2026-02-17T06:10:21.601+0000] {logging_mixin.py:188} INFO - Downloaded AAPL/1771228786.json
[2026-02-17T06:10:21.633+0000] {logging_mixin.py:188} INFO - Downloaded AAPL/1771228797.json
[2026-02-17T06:10:21.646+0000] {logging_mixin.py:188} INFO - Downloaded AAPL/1771228808.json
[2026-02-17T06:10:21.673+0000] {logging_mixin.py:188} INFO - Downloaded AAPL/1771228818.json
[2026-02-17T06:10:21.698+0000] {logging_mixin.py:188} INFO - Downloaded AAPL/1771228830.json
[2026-02-17T06:10:21.721+0000] {logging_mixin.py:188} INFO - Downloaded AAPL/1771228841.json
[2026-02-17T06:10:21.747+0000] {logging_mixin.py:188} INFO - Downloaded AAPL/1771228851.json
[2026-02-17T06:10:21.766+0000] {logging_mixin.py:188} INFO - Downloaded AAPL/1771228863.json
[2026-02-17T06:10:21.787+0000] {logging_mixin.py:188} INFO - Downloaded AAPL/1771228875.json
[2026-02-17T06:10:21.804+0000] {logging_mixin.py:188} INFO - Downloaded AAPL/1771228885.json
[2026-02-17T06:10:21.824+0000] {logging_mixin.py:188} INFO - Downloaded AAPL/1771228898.json
[2026-02-17T06:10:21.841+0000] {logging_mixin.py:188} INFO - Downloaded AAPL/1771228909.json
[2026-02-17T06:10:21.860+0000] {logging_mixin.py:188} INFO - Downloaded AAPL/1771228919.json
[2026-02-17T06:10:21.885+0000] {logging_mixin.py:188} INFO - Downloaded AAPL/1771228932.json
[2026-02-17T06:10:21.948+0000] {logging_mixin.py:188} INFO - Downloaded AAPL/1771228944.json
[2026-02-17T06:10:21.984+0000] {logging_mixin.py:188} INFO - Downloaded AAPL/1771228954.json
[2026-02-17T06:10:22.017+0000] {logging_mixin.py:188} INFO - Downloaded AAPL/1771228965.json
[2026-02-17T06:10:22.038+0000] {logging_mixin.py:188} INFO - Downloaded AAPL/1771228976.json
[2026-02-17T06:10:22.055+0000] {logging_mixin.py:188} INFO - Downloaded AAPL/1771228987.json
[2026-02-17T06:10:22.068+0000] {logging_mixin.py:188} INFO - Downloaded AAPL/1771228998.json
[2026-02-17T06:10:22.102+0000] {logging_mixin.py:188} INFO - Downloaded AAPL/1771229009.json
[2026-02-17T06:10:22.115+0000] {logging_mixin.py:188} INFO - Downloaded AAPL/1771229019.json
[2026-02-17T06:10:22.134+0000] {logging_mixin.py:188} INFO - Downloaded AAPL/1771229030.json
[2026-02-17T06:10:22.152+0000] {logging_mixin.py:188} INFO - Downloaded AAPL/1771229041.json
[2026-02-17T06:10:22.186+0000] {logging_mixin.py:188} INFO - Downloaded AAPL/1771229052.json
[2026-02-17T06:10:22.209+0000] {logging_mixin.py:188} INFO - Downloaded AAPL/1771229062.json
[2026-02-17T06:10:22.232+0000] {logging_mixin.py:188} INFO - Downloaded AAPL/1771229073.json
[2026-02-17T06:10:22.256+0000] {logging_mixin.py:188} INFO - Downloaded AAPL/1771229084.json
[2026-02-17T06:10:22.278+0000] {logging_mixin.py:188} INFO - Downloaded AAPL/1771229096.json
[2026-02-17T06:10:22.316+0000] {logging_mixin.py:188} INFO - Downloaded AAPL/1771229107.json
[2026-02-17T06:10:22.361+0000] {logging_mixin.py:188} INFO - Downloaded AAPL/1771229118.json
[2026-02-17T06:10:22.395+0000] {logging_mixin.py:188} INFO - Downloaded AAPL/1771229129.json
[2026-02-17T06:10:22.420+0000] {logging_mixin.py:188} INFO - Downloaded AAPL/1771229141.json
[2026-02-17T06:10:22.442+0000] {logging_mixin.py:188} INFO - Downloaded AAPL/1771229157.json
[2026-02-17T06:10:22.469+0000] {logging_mixin.py:188} INFO - Downloaded AAPL/1771229168.json
[2026-02-17T06:10:22.501+0000] {logging_mixin.py:188} INFO - Downloaded AAPL/1771229180.json
[2026-02-17T06:10:22.523+0000] {logging_mixin.py:188} INFO - Downloaded AAPL/1771229190.json
[2026-02-17T06:10:22.541+0000] {logging_mixin.py:188} INFO - Downloaded AAPL/1771229201.json
[2026-02-17T06:10:22.560+0000] {logging_mixin.py:188} INFO - Downloaded AAPL/1771229212.json
[2026-02-17T06:10:22.579+0000] {logging_mixin.py:188} INFO - Downloaded AAPL/1771229223.json
[2026-02-17T06:10:22.601+0000] {logging_mixin.py:188} INFO - Downloaded AAPL/1771229234.json
[2026-02-17T06:10:22.617+0000] {logging_mixin.py:188} INFO - Downloaded AAPL/1771229245.json
[2026-02-17T06:10:22.629+0000] {logging_mixin.py:188} INFO - Downloaded AAPL/1771229256.json
[2026-02-17T06:10:22.644+0000] {logging_mixin.py:188} INFO - Downloaded AAPL/1771229267.json
[2026-02-17T06:10:22.661+0000] {logging_mixin.py:188} INFO - Downloaded AAPL/1771229279.json
[2026-02-17T06:10:22.676+0000] {logging_mixin.py:188} INFO - Downloaded AAPL/1771229292.json
[2026-02-17T06:10:22.693+0000] {logging_mixin.py:188} INFO - Downloaded AAPL/1771229304.json
[2026-02-17T06:10:22.708+0000] {logging_mixin.py:188} INFO - Downloaded AAPL/1771229314.json
[2026-02-17T06:10:22.726+0000] {logging_mixin.py:188} INFO - Downloaded AAPL/1771229325.json
[2026-02-17T06:10:22.744+0000] {logging_mixin.py:188} INFO - Downloaded AAPL/1771308351.json
[2026-02-17T06:10:22.760+0000] {logging_mixin.py:188} INFO - Downloaded AAPL/1771308362.json
[2026-02-17T06:10:22.776+0000] {logging_mixin.py:188} INFO - Downloaded AAPL/1771308372.json
[2026-02-17T06:10:22.795+0000] {logging_mixin.py:188} INFO - Downloaded AAPL/1771308382.json
[2026-02-17T06:10:22.810+0000] {logging_mixin.py:188} INFO - Downloaded AAPL/1771308392.json
[2026-02-17T06:10:22.831+0000] {logging_mixin.py:188} INFO - Downloaded AAPL/1771308402.json
[2026-02-17T06:10:22.852+0000] {logging_mixin.py:188} INFO - Downloaded AAPL/1771308412.json
[2026-02-17T06:10:22.865+0000] {logging_mixin.py:188} INFO - Downloaded AAPL/1771308422.json
[2026-02-17T06:10:22.883+0000] {logging_mixin.py:188} INFO - Downloaded AAPL/1771308433.json
[2026-02-17T06:10:22.898+0000] {logging_mixin.py:188} INFO - Downloaded AAPL/1771308442.json
[2026-02-17T06:10:22.914+0000] {logging_mixin.py:188} INFO - Downloaded AAPL/1771308453.json
[2026-02-17T06:10:22.932+0000] {logging_mixin.py:188} INFO - Downloaded AAPL/1771308463.json
[2026-02-17T06:10:22.948+0000] {logging_mixin.py:188} INFO - Downloaded AAPL/1771308473.json
[2026-02-17T06:10:22.961+0000] {logging_mixin.py:188} INFO - Downloaded AAPL/1771308483.json
[2026-02-17T06:10:22.974+0000] {logging_mixin.py:188} INFO - Downloaded AAPL/1771308493.json
[2026-02-17T06:10:22.991+0000] {logging_mixin.py:188} INFO - Downloaded AAPL/1771308503.json
[2026-02-17T06:10:23.006+0000] {logging_mixin.py:188} INFO - Downloaded AAPL/1771308514.json
[2026-02-17T06:10:23.023+0000] {logging_mixin.py:188} INFO - Downloaded AAPL/1771308524.json
[2026-02-17T06:10:23.037+0000] {logging_mixin.py:188} INFO - Downloaded AAPL/1771308534.json
[2026-02-17T06:10:23.057+0000] {logging_mixin.py:188} INFO - Downloaded AAPL/1771308544.json
[2026-02-17T06:10:23.070+0000] {logging_mixin.py:188} INFO - Downloaded AAPL/1771308554.json
[2026-02-17T06:10:23.099+0000] {logging_mixin.py:188} INFO - Downloaded AAPL/1771308564.json
[2026-02-17T06:10:23.117+0000] {logging_mixin.py:188} INFO - Downloaded AAPL/1771308574.json
[2026-02-17T06:10:23.138+0000] {logging_mixin.py:188} INFO - Downloaded AAPL/1771308584.json
[2026-02-17T06:10:23.152+0000] {logging_mixin.py:188} INFO - Downloaded AAPL/1771308594.json
[2026-02-17T06:10:23.181+0000] {logging_mixin.py:188} INFO - Downloaded AMZN/1771221451.json
[2026-02-17T06:10:23.201+0000] {logging_mixin.py:188} INFO - Downloaded AMZN/1771221463.json
[2026-02-17T06:10:23.240+0000] {logging_mixin.py:188} INFO - Downloaded AMZN/1771221476.json
[2026-02-17T06:10:23.259+0000] {logging_mixin.py:188} INFO - Downloaded AMZN/1771221489.json
[2026-02-17T06:10:23.278+0000] {logging_mixin.py:188} INFO - Downloaded AMZN/1771221501.json
[2026-02-17T06:10:23.292+0000] {logging_mixin.py:188} INFO - Downloaded AMZN/1771221513.json
[2026-02-17T06:10:23.323+0000] {logging_mixin.py:188} INFO - Downloaded AMZN/1771221526.json
[2026-02-17T06:10:23.348+0000] {logging_mixin.py:188} INFO - Downloaded AMZN/1771221538.json
[2026-02-17T06:10:23.365+0000] {logging_mixin.py:188} INFO - Downloaded AMZN/1771221550.json
[2026-02-17T06:10:23.392+0000] {logging_mixin.py:188} INFO - Downloaded AMZN/1771221561.json
[2026-02-17T06:10:23.408+0000] {logging_mixin.py:188} INFO - Downloaded AMZN/1771221573.json
[2026-02-17T06:10:23.423+0000] {logging_mixin.py:188} INFO - Downloaded AMZN/1771221585.json
[2026-02-17T06:10:23.438+0000] {logging_mixin.py:188} INFO - Downloaded AMZN/1771221596.json
[2026-02-17T06:10:23.453+0000] {logging_mixin.py:188} INFO - Downloaded AMZN/1771221608.json
[2026-02-17T06:10:23.484+0000] {logging_mixin.py:188} INFO - Downloaded AMZN/1771221620.json
[2026-02-17T06:10:23.501+0000] {logging_mixin.py:188} INFO - Downloaded AMZN/1771221631.json
[2026-02-17T06:10:23.517+0000] {logging_mixin.py:188} INFO - Downloaded AMZN/1771221643.json
[2026-02-17T06:10:23.550+0000] {logging_mixin.py:188} INFO - Downloaded AMZN/1771221654.json
[2026-02-17T06:10:23.572+0000] {logging_mixin.py:188} INFO - Downloaded AMZN/1771221666.json
[2026-02-17T06:10:23.607+0000] {logging_mixin.py:188} INFO - Downloaded AMZN/1771221678.json
[2026-02-17T06:10:23.649+0000] {logging_mixin.py:188} INFO - Downloaded AMZN/1771221690.json
[2026-02-17T06:10:23.670+0000] {logging_mixin.py:188} INFO - Downloaded AMZN/1771221702.json
[2026-02-17T06:10:23.696+0000] {logging_mixin.py:188} INFO - Downloaded AMZN/1771221713.json
[2026-02-17T06:10:23.714+0000] {logging_mixin.py:188} INFO - Downloaded AMZN/1771221726.json
[2026-02-17T06:10:23.733+0000] {logging_mixin.py:188} INFO - Downloaded AMZN/1771221737.json
[2026-02-17T06:10:23.772+0000] {logging_mixin.py:188} INFO - Downloaded AMZN/1771221750.json
[2026-02-17T06:10:23.795+0000] {logging_mixin.py:188} INFO - Downloaded AMZN/1771221761.json
[2026-02-17T06:10:23.813+0000] {logging_mixin.py:188} INFO - Downloaded AMZN/1771221772.json
[2026-02-17T06:10:23.831+0000] {logging_mixin.py:188} INFO - Downloaded AMZN/1771221784.json
[2026-02-17T06:10:23.860+0000] {logging_mixin.py:188} INFO - Downloaded AMZN/1771221800.json
[2026-02-17T06:10:23.883+0000] {logging_mixin.py:188} INFO - Downloaded AMZN/1771221812.json
[2026-02-17T06:10:23.900+0000] {logging_mixin.py:188} INFO - Downloaded AMZN/1771221824.json
[2026-02-17T06:10:23.918+0000] {logging_mixin.py:188} INFO - Downloaded AMZN/1771221836.json
[2026-02-17T06:10:23.950+0000] {logging_mixin.py:188} INFO - Downloaded AMZN/1771221851.json
[2026-02-17T06:10:23.979+0000] {logging_mixin.py:188} INFO - Downloaded AMZN/1771221864.json
[2026-02-17T06:10:24.006+0000] {logging_mixin.py:188} INFO - Downloaded AMZN/1771221875.json
[2026-02-17T06:10:24.040+0000] {logging_mixin.py:188} INFO - Downloaded AMZN/1771221887.json
[2026-02-17T06:10:24.059+0000] {logging_mixin.py:188} INFO - Downloaded AMZN/1771221899.json
[2026-02-17T06:10:24.080+0000] {logging_mixin.py:188} INFO - Downloaded AMZN/1771221911.json
[2026-02-17T06:10:24.117+0000] {logging_mixin.py:188} INFO - Downloaded AMZN/1771221923.json
[2026-02-17T06:10:24.158+0000] {logging_mixin.py:188} INFO - Downloaded AMZN/1771221934.json
[2026-02-17T06:10:24.187+0000] {logging_mixin.py:188} INFO - Downloaded AMZN/1771221946.json
[2026-02-17T06:10:24.222+0000] {logging_mixin.py:188} INFO - Downloaded AMZN/1771221957.json
[2026-02-17T06:10:24.266+0000] {logging_mixin.py:188} INFO - Downloaded AMZN/1771221969.json
[2026-02-17T06:10:24.297+0000] {logging_mixin.py:188} INFO - Downloaded AMZN/1771221981.json
[2026-02-17T06:10:24.339+0000] {logging_mixin.py:188} INFO - Downloaded AMZN/1771222097.json
[2026-02-17T06:10:24.383+0000] {logging_mixin.py:188} INFO - Downloaded AMZN/1771222108.json
[2026-02-17T06:10:24.423+0000] {logging_mixin.py:188} INFO - Downloaded AMZN/1771222120.json
[2026-02-17T06:10:24.466+0000] {logging_mixin.py:188} INFO - Downloaded AMZN/1771222132.json
[2026-02-17T06:10:24.488+0000] {logging_mixin.py:188} INFO - Downloaded AMZN/1771222144.json
[2026-02-17T06:10:24.538+0000] {logging_mixin.py:188} INFO - Downloaded AMZN/1771222157.json
[2026-02-17T06:10:24.589+0000] {logging_mixin.py:188} INFO - Downloaded AMZN/1771222198.json
[2026-02-17T06:10:24.623+0000] {logging_mixin.py:188} INFO - Downloaded AMZN/1771222210.json
[2026-02-17T06:10:24.665+0000] {logging_mixin.py:188} INFO - Downloaded AMZN/1771222223.json
[2026-02-17T06:10:24.712+0000] {logging_mixin.py:188} INFO - Downloaded AMZN/1771222233.json
[2026-02-17T06:10:24.749+0000] {logging_mixin.py:188} INFO - Downloaded AMZN/1771222245.json
[2026-02-17T06:10:24.819+0000] {logging_mixin.py:188} INFO - Downloaded AMZN/1771222256.json
[2026-02-17T06:10:24.932+0000] {logging_mixin.py:188} INFO - Downloaded AMZN/1771222268.json
[2026-02-17T06:10:24.990+0000] {logging_mixin.py:188} INFO - Downloaded AMZN/1771222279.json
[2026-02-17T06:10:25.037+0000] {logging_mixin.py:188} INFO - Downloaded AMZN/1771222291.json
[2026-02-17T06:10:25.078+0000] {logging_mixin.py:188} INFO - Downloaded AMZN/1771222302.json
[2026-02-17T06:10:25.130+0000] {logging_mixin.py:188} INFO - Downloaded AMZN/1771222313.json
[2026-02-17T06:10:25.183+0000] {logging_mixin.py:188} INFO - Downloaded AMZN/1771222324.json
[2026-02-17T06:10:25.221+0000] {logging_mixin.py:188} INFO - Downloaded AMZN/1771222336.json
[2026-02-17T06:10:25.322+0000] {logging_mixin.py:188} INFO - Downloaded AMZN/1771222348.json
[2026-02-17T06:10:25.413+0000] {logging_mixin.py:188} INFO - Downloaded AMZN/1771222359.json
[2026-02-17T06:10:25.488+0000] {logging_mixin.py:188} INFO - Downloaded AMZN/1771222370.json
[2026-02-17T06:10:25.533+0000] {logging_mixin.py:188} INFO - Downloaded AMZN/1771222381.json
[2026-02-17T06:10:25.610+0000] {logging_mixin.py:188} INFO - Downloaded AMZN/1771222393.json
[2026-02-17T06:10:25.662+0000] {logging_mixin.py:188} INFO - Downloaded AMZN/1771222404.json
[2026-02-17T06:10:25.981+0000] {logging_mixin.py:188} INFO - Downloaded AMZN/1771222444.json
[2026-02-17T06:10:26.314+0000] {logging_mixin.py:188} INFO - Downloaded AMZN/1771222456.json
[2026-02-17T06:10:26.340+0000] {logging_mixin.py:188} INFO - Downloaded AMZN/1771222467.json
[2026-02-17T06:10:26.369+0000] {logging_mixin.py:188} INFO - Downloaded AMZN/1771222480.json
[2026-02-17T06:10:26.429+0000] {logging_mixin.py:188} INFO - Downloaded AMZN/1771222525.json
[2026-02-17T06:10:26.469+0000] {logging_mixin.py:188} INFO - Downloaded AMZN/1771222537.json
[2026-02-17T06:10:26.503+0000] {logging_mixin.py:188} INFO - Downloaded AMZN/1771222550.json
[2026-02-17T06:10:26.526+0000] {logging_mixin.py:188} INFO - Downloaded AMZN/1771222562.json
[2026-02-17T06:10:26.580+0000] {logging_mixin.py:188} INFO - Downloaded AMZN/1771222574.json
[2026-02-17T06:10:26.618+0000] {logging_mixin.py:188} INFO - Downloaded AMZN/1771222585.json
[2026-02-17T06:10:26.640+0000] {logging_mixin.py:188} INFO - Downloaded AMZN/1771222597.json
[2026-02-17T06:10:26.660+0000] {logging_mixin.py:188} INFO - Downloaded AMZN/1771222610.json
[2026-02-17T06:10:26.681+0000] {logging_mixin.py:188} INFO - Downloaded AMZN/1771222623.json
[2026-02-17T06:10:26.697+0000] {logging_mixin.py:188} INFO - Downloaded AMZN/1771222636.json
[2026-02-17T06:10:26.724+0000] {logging_mixin.py:188} INFO - Downloaded AMZN/1771222686.json
[2026-02-17T06:10:26.746+0000] {logging_mixin.py:188} INFO - Downloaded AMZN/1771222702.json
[2026-02-17T06:10:26.762+0000] {logging_mixin.py:188} INFO - Downloaded AMZN/1771222714.json
[2026-02-17T06:10:26.793+0000] {logging_mixin.py:188} INFO - Downloaded AMZN/1771222726.json
[2026-02-17T06:10:26.811+0000] {logging_mixin.py:188} INFO - Downloaded AMZN/1771222738.json
[2026-02-17T06:10:26.826+0000] {logging_mixin.py:188} INFO - Downloaded AMZN/1771222749.json
[2026-02-17T06:10:26.840+0000] {logging_mixin.py:188} INFO - Downloaded AMZN/1771222765.json
[2026-02-17T06:10:26.860+0000] {logging_mixin.py:188} INFO - Downloaded AMZN/1771222780.json
[2026-02-17T06:10:26.881+0000] {logging_mixin.py:188} INFO - Downloaded AMZN/1771222802.json
[2026-02-17T06:10:26.896+0000] {logging_mixin.py:188} INFO - Downloaded AMZN/1771222850.json
[2026-02-17T06:10:26.909+0000] {logging_mixin.py:188} INFO - Downloaded AMZN/1771222862.json
[2026-02-17T06:10:26.928+0000] {logging_mixin.py:188} INFO - Downloaded AMZN/1771222873.json
[2026-02-17T06:10:26.956+0000] {logging_mixin.py:188} INFO - Downloaded AMZN/1771222888.json
[2026-02-17T06:10:26.976+0000] {logging_mixin.py:188} INFO - Downloaded AMZN/1771222901.json
[2026-02-17T06:10:27.017+0000] {logging_mixin.py:188} INFO - Downloaded AMZN/1771222916.json
[2026-02-17T06:10:27.041+0000] {logging_mixin.py:188} INFO - Downloaded AMZN/1771222928.json
[2026-02-17T06:10:27.062+0000] {logging_mixin.py:188} INFO - Downloaded AMZN/1771222939.json
[2026-02-17T06:10:27.093+0000] {logging_mixin.py:188} INFO - Downloaded AMZN/1771222960.json
[2026-02-17T06:10:27.120+0000] {logging_mixin.py:188} INFO - Downloaded AMZN/1771222972.json
[2026-02-17T06:10:27.139+0000] {logging_mixin.py:188} INFO - Downloaded AMZN/1771222982.json
[2026-02-17T06:10:27.165+0000] {logging_mixin.py:188} INFO - Downloaded AMZN/1771222993.json
[2026-02-17T06:10:27.193+0000] {logging_mixin.py:188} INFO - Downloaded AMZN/1771223003.json
[2026-02-17T06:10:27.242+0000] {logging_mixin.py:188} INFO - Downloaded AMZN/1771223014.json
[2026-02-17T06:10:27.272+0000] {logging_mixin.py:188} INFO - Downloaded AMZN/1771223025.json
[2026-02-17T06:10:27.332+0000] {logging_mixin.py:188} INFO - Downloaded AMZN/1771223037.json
[2026-02-17T06:10:27.358+0000] {logging_mixin.py:188} INFO - Downloaded AMZN/1771223050.json
[2026-02-17T06:10:27.424+0000] {logging_mixin.py:188} INFO - Downloaded AMZN/1771223061.json
[2026-02-17T06:10:27.459+0000] {logging_mixin.py:188} INFO - Downloaded AMZN/1771223195.json
[2026-02-17T06:10:27.496+0000] {logging_mixin.py:188} INFO - Downloaded AMZN/1771223374.json
[2026-02-17T06:10:27.515+0000] {logging_mixin.py:188} INFO - Downloaded AMZN/1771223387.json
[2026-02-17T06:10:27.532+0000] {logging_mixin.py:188} INFO - Downloaded AMZN/1771223398.json
[2026-02-17T06:10:27.554+0000] {logging_mixin.py:188} INFO - Downloaded AMZN/1771223410.json
[2026-02-17T06:10:27.580+0000] {logging_mixin.py:188} INFO - Downloaded AMZN/1771223421.json
[2026-02-17T06:10:27.629+0000] {logging_mixin.py:188} INFO - Downloaded AMZN/1771223432.json
[2026-02-17T06:10:27.677+0000] {logging_mixin.py:188} INFO - Downloaded AMZN/1771223443.json
[2026-02-17T06:10:27.701+0000] {logging_mixin.py:188} INFO - Downloaded AMZN/1771223453.json
[2026-02-17T06:10:27.748+0000] {logging_mixin.py:188} INFO - Downloaded AMZN/1771223464.json
[2026-02-17T06:10:27.779+0000] {logging_mixin.py:188} INFO - Downloaded AMZN/1771223477.json
[2026-02-17T06:10:27.802+0000] {logging_mixin.py:188} INFO - Downloaded AMZN/1771223487.json
[2026-02-17T06:10:27.830+0000] {logging_mixin.py:188} INFO - Downloaded AMZN/1771223498.json
[2026-02-17T06:10:27.856+0000] {logging_mixin.py:188} INFO - Downloaded AMZN/1771223509.json
[2026-02-17T06:10:27.897+0000] {logging_mixin.py:188} INFO - Downloaded AMZN/1771223521.json
[2026-02-17T06:10:27.920+0000] {logging_mixin.py:188} INFO - Downloaded AMZN/1771223531.json
[2026-02-17T06:10:27.949+0000] {logging_mixin.py:188} INFO - Downloaded AMZN/1771223541.json
[2026-02-17T06:10:27.980+0000] {logging_mixin.py:188} INFO - Downloaded AMZN/1771223552.json
[2026-02-17T06:10:28.012+0000] {logging_mixin.py:188} INFO - Downloaded AMZN/1771223562.json
[2026-02-17T06:10:28.093+0000] {logging_mixin.py:188} INFO - Downloaded AMZN/1771223573.json
[2026-02-17T06:10:28.126+0000] {logging_mixin.py:188} INFO - Downloaded AMZN/1771223586.json
[2026-02-17T06:10:28.157+0000] {logging_mixin.py:188} INFO - Downloaded AMZN/1771223599.json
[2026-02-17T06:10:28.192+0000] {logging_mixin.py:188} INFO - Downloaded AMZN/1771223612.json
[2026-02-17T06:10:28.213+0000] {logging_mixin.py:188} INFO - Downloaded AMZN/1771223623.json
[2026-02-17T06:10:28.245+0000] {logging_mixin.py:188} INFO - Downloaded AMZN/1771223635.json
[2026-02-17T06:10:28.281+0000] {logging_mixin.py:188} INFO - Downloaded AMZN/1771223648.json
[2026-02-17T06:10:28.315+0000] {logging_mixin.py:188} INFO - Downloaded AMZN/1771223659.json
[2026-02-17T06:10:28.344+0000] {logging_mixin.py:188} INFO - Downloaded AMZN/1771223679.json
[2026-02-17T06:10:28.363+0000] {logging_mixin.py:188} INFO - Downloaded AMZN/1771223691.json
[2026-02-17T06:10:28.393+0000] {logging_mixin.py:188} INFO - Downloaded AMZN/1771223703.json
[2026-02-17T06:10:28.415+0000] {logging_mixin.py:188} INFO - Downloaded AMZN/1771223713.json
[2026-02-17T06:10:28.439+0000] {logging_mixin.py:188} INFO - Downloaded AMZN/1771223723.json
[2026-02-17T06:10:28.467+0000] {logging_mixin.py:188} INFO - Downloaded AMZN/1771223734.json
[2026-02-17T06:10:28.489+0000] {logging_mixin.py:188} INFO - Downloaded AMZN/1771223744.json
[2026-02-17T06:10:28.531+0000] {logging_mixin.py:188} INFO - Downloaded AMZN/1771223754.json
[2026-02-17T06:10:28.591+0000] {logging_mixin.py:188} INFO - Downloaded AMZN/1771223766.json
[2026-02-17T06:10:28.672+0000] {logging_mixin.py:188} INFO - Downloaded AMZN/1771223779.json
[2026-02-17T06:10:28.746+0000] {logging_mixin.py:188} INFO - Downloaded AMZN/1771223790.json
[2026-02-17T06:10:28.792+0000] {logging_mixin.py:188} INFO - Downloaded AMZN/1771223803.json
[2026-02-17T06:10:28.836+0000] {logging_mixin.py:188} INFO - Downloaded AMZN/1771223842.json
[2026-02-17T06:10:28.886+0000] {logging_mixin.py:188} INFO - Downloaded AMZN/1771223914.json
[2026-02-17T06:10:28.913+0000] {logging_mixin.py:188} INFO - Downloaded AMZN/1771223936.json
[2026-02-17T06:10:28.941+0000] {logging_mixin.py:188} INFO - Downloaded AMZN/1771223950.json
[2026-02-17T06:10:28.966+0000] {logging_mixin.py:188} INFO - Downloaded AMZN/1771223962.json
[2026-02-17T06:10:29.044+0000] {logging_mixin.py:188} INFO - Downloaded AMZN/1771223976.json
[2026-02-17T06:10:29.085+0000] {logging_mixin.py:188} INFO - Downloaded AMZN/1771223988.json
[2026-02-17T06:10:29.111+0000] {logging_mixin.py:188} INFO - Downloaded AMZN/1771223999.json
[2026-02-17T06:10:29.151+0000] {logging_mixin.py:188} INFO - Downloaded AMZN/1771224010.json
[2026-02-17T06:10:29.177+0000] {logging_mixin.py:188} INFO - Downloaded AMZN/1771224021.json
[2026-02-17T06:10:29.215+0000] {logging_mixin.py:188} INFO - Downloaded AMZN/1771224033.json
[2026-02-17T06:10:29.264+0000] {logging_mixin.py:188} INFO - Downloaded AMZN/1771224044.json
[2026-02-17T06:10:29.290+0000] {logging_mixin.py:188} INFO - Downloaded AMZN/1771224055.json
[2026-02-17T06:10:29.317+0000] {logging_mixin.py:188} INFO - Downloaded AMZN/1771224070.json
[2026-02-17T06:10:29.339+0000] {logging_mixin.py:188} INFO - Downloaded AMZN/1771224081.json
[2026-02-17T06:10:29.369+0000] {logging_mixin.py:188} INFO - Downloaded AMZN/1771224092.json
[2026-02-17T06:10:29.400+0000] {logging_mixin.py:188} INFO - Downloaded AMZN/1771224103.json
[2026-02-17T06:10:29.432+0000] {logging_mixin.py:188} INFO - Downloaded AMZN/1771224114.json
[2026-02-17T06:10:29.455+0000] {logging_mixin.py:188} INFO - Downloaded AMZN/1771224125.json
[2026-02-17T06:10:29.478+0000] {logging_mixin.py:188} INFO - Downloaded AMZN/1771224136.json
[2026-02-17T06:10:29.509+0000] {logging_mixin.py:188} INFO - Downloaded AMZN/1771224146.json
[2026-02-17T06:10:29.537+0000] {logging_mixin.py:188} INFO - Downloaded AMZN/1771224157.json
[2026-02-17T06:10:29.558+0000] {logging_mixin.py:188} INFO - Downloaded AMZN/1771224167.json
[2026-02-17T06:10:29.581+0000] {logging_mixin.py:188} INFO - Downloaded AMZN/1771224179.json
[2026-02-17T06:10:29.603+0000] {logging_mixin.py:188} INFO - Downloaded AMZN/1771224191.json
[2026-02-17T06:10:29.640+0000] {logging_mixin.py:188} INFO - Downloaded AMZN/1771224203.json
[2026-02-17T06:10:29.664+0000] {logging_mixin.py:188} INFO - Downloaded AMZN/1771224215.json
[2026-02-17T06:10:29.689+0000] {logging_mixin.py:188} INFO - Downloaded AMZN/1771224228.json
[2026-02-17T06:10:29.720+0000] {logging_mixin.py:188} INFO - Downloaded AMZN/1771224243.json
[2026-02-17T06:10:29.766+0000] {logging_mixin.py:188} INFO - Downloaded AMZN/1771224256.json
[2026-02-17T06:10:29.810+0000] {logging_mixin.py:188} INFO - Downloaded AMZN/1771224517.json
[2026-02-17T06:10:29.838+0000] {logging_mixin.py:188} INFO - Downloaded AMZN/1771224530.json
[2026-02-17T06:10:29.881+0000] {logging_mixin.py:188} INFO - Downloaded AMZN/1771224543.json
[2026-02-17T06:10:29.903+0000] {logging_mixin.py:188} INFO - Downloaded AMZN/1771224555.json
[2026-02-17T06:10:29.922+0000] {logging_mixin.py:188} INFO - Downloaded AMZN/1771224568.json
[2026-02-17T06:10:29.940+0000] {logging_mixin.py:188} INFO - Downloaded AMZN/1771224581.json
[2026-02-17T06:10:29.956+0000] {logging_mixin.py:188} INFO - Downloaded AMZN/1771224593.json
[2026-02-17T06:10:29.989+0000] {logging_mixin.py:188} INFO - Downloaded AMZN/1771224606.json
[2026-02-17T06:10:30.045+0000] {logging_mixin.py:188} INFO - Downloaded AMZN/1771224616.json
[2026-02-17T06:10:30.074+0000] {logging_mixin.py:188} INFO - Downloaded AMZN/1771224627.json
[2026-02-17T06:10:30.105+0000] {logging_mixin.py:188} INFO - Downloaded AMZN/1771224638.json
[2026-02-17T06:10:30.137+0000] {logging_mixin.py:188} INFO - Downloaded AMZN/1771224660.json
[2026-02-17T06:10:30.159+0000] {logging_mixin.py:188} INFO - Downloaded AMZN/1771224671.json
[2026-02-17T06:10:30.181+0000] {logging_mixin.py:188} INFO - Downloaded AMZN/1771224682.json
[2026-02-17T06:10:30.201+0000] {logging_mixin.py:188} INFO - Downloaded AMZN/1771224696.json
[2026-02-17T06:10:30.227+0000] {logging_mixin.py:188} INFO - Downloaded AMZN/1771224709.json
[2026-02-17T06:10:30.247+0000] {logging_mixin.py:188} INFO - Downloaded AMZN/1771224722.json
[2026-02-17T06:10:30.271+0000] {logging_mixin.py:188} INFO - Downloaded AMZN/1771224733.json
[2026-02-17T06:10:30.295+0000] {logging_mixin.py:188} INFO - Downloaded AMZN/1771224745.json
[2026-02-17T06:10:30.315+0000] {logging_mixin.py:188} INFO - Downloaded AMZN/1771224760.json
[2026-02-17T06:10:30.361+0000] {logging_mixin.py:188} INFO - Downloaded AMZN/1771224774.json
[2026-02-17T06:10:30.398+0000] {logging_mixin.py:188} INFO - Downloaded AMZN/1771224787.json
[2026-02-17T06:10:30.424+0000] {logging_mixin.py:188} INFO - Downloaded AMZN/1771224800.json
[2026-02-17T06:10:30.450+0000] {logging_mixin.py:188} INFO - Downloaded AMZN/1771224812.json
[2026-02-17T06:10:30.473+0000] {logging_mixin.py:188} INFO - Downloaded AMZN/1771224824.json
[2026-02-17T06:10:30.496+0000] {logging_mixin.py:188} INFO - Downloaded AMZN/1771224835.json
[2026-02-17T06:10:30.520+0000] {logging_mixin.py:188} INFO - Downloaded AMZN/1771224847.json
[2026-02-17T06:10:30.544+0000] {logging_mixin.py:188} INFO - Downloaded AMZN/1771224859.json
[2026-02-17T06:10:30.561+0000] {logging_mixin.py:188} INFO - Downloaded AMZN/1771224870.json
[2026-02-17T06:10:30.609+0000] {logging_mixin.py:188} INFO - Downloaded AMZN/1771224881.json
[2026-02-17T06:10:30.642+0000] {logging_mixin.py:188} INFO - Downloaded AMZN/1771224893.json
[2026-02-17T06:10:30.696+0000] {logging_mixin.py:188} INFO - Downloaded AMZN/1771224903.json
[2026-02-17T06:10:30.732+0000] {logging_mixin.py:188} INFO - Downloaded AMZN/1771224914.json
[2026-02-17T06:10:30.781+0000] {logging_mixin.py:188} INFO - Downloaded AMZN/1771224924.json
[2026-02-17T06:10:30.836+0000] {logging_mixin.py:188} INFO - Downloaded AMZN/1771224935.json
[2026-02-17T06:10:30.876+0000] {logging_mixin.py:188} INFO - Downloaded AMZN/1771224946.json
[2026-02-17T06:10:30.940+0000] {logging_mixin.py:188} INFO - Downloaded AMZN/1771224957.json
[2026-02-17T06:10:30.999+0000] {logging_mixin.py:188} INFO - Downloaded AMZN/1771224967.json
[2026-02-17T06:10:31.076+0000] {logging_mixin.py:188} INFO - Downloaded AMZN/1771224978.json
[2026-02-17T06:10:31.142+0000] {logging_mixin.py:188} INFO - Downloaded AMZN/1771224989.json
[2026-02-17T06:10:31.210+0000] {logging_mixin.py:188} INFO - Downloaded AMZN/1771225000.json
[2026-02-17T06:10:31.301+0000] {logging_mixin.py:188} INFO - Downloaded AMZN/1771225012.json
[2026-02-17T06:10:31.331+0000] {logging_mixin.py:188} INFO - Downloaded AMZN/1771225022.json
[2026-02-17T06:10:31.371+0000] {logging_mixin.py:188} INFO - Downloaded AMZN/1771225033.json
[2026-02-17T06:10:31.393+0000] {logging_mixin.py:188} INFO - Downloaded AMZN/1771225045.json
[2026-02-17T06:10:31.432+0000] {logging_mixin.py:188} INFO - Downloaded AMZN/1771225055.json
[2026-02-17T06:10:31.474+0000] {logging_mixin.py:188} INFO - Downloaded AMZN/1771225067.json
[2026-02-17T06:10:31.513+0000] {logging_mixin.py:188} INFO - Downloaded AMZN/1771225078.json
[2026-02-17T06:10:31.553+0000] {logging_mixin.py:188} INFO - Downloaded AMZN/1771225088.json
[2026-02-17T06:10:31.581+0000] {logging_mixin.py:188} INFO - Downloaded AMZN/1771225099.json
[2026-02-17T06:10:31.605+0000] {logging_mixin.py:188} INFO - Downloaded AMZN/1771225110.json
[2026-02-17T06:10:31.638+0000] {logging_mixin.py:188} INFO - Downloaded AMZN/1771225122.json
[2026-02-17T06:10:31.656+0000] {logging_mixin.py:188} INFO - Downloaded AMZN/1771225137.json
[2026-02-17T06:10:31.692+0000] {logging_mixin.py:188} INFO - Downloaded AMZN/1771225148.json
[2026-02-17T06:10:31.722+0000] {logging_mixin.py:188} INFO - Downloaded AMZN/1771225159.json
[2026-02-17T06:10:31.750+0000] {logging_mixin.py:188} INFO - Downloaded AMZN/1771225170.json
[2026-02-17T06:10:31.768+0000] {logging_mixin.py:188} INFO - Downloaded AMZN/1771225191.json
[2026-02-17T06:10:31.780+0000] {logging_mixin.py:188} INFO - Downloaded AMZN/1771225204.json
[2026-02-17T06:10:31.812+0000] {logging_mixin.py:188} INFO - Downloaded AMZN/1771225216.json
[2026-02-17T06:10:31.844+0000] {logging_mixin.py:188} INFO - Downloaded AMZN/1771225228.json
[2026-02-17T06:10:31.865+0000] {logging_mixin.py:188} INFO - Downloaded AMZN/1771225240.json
[2026-02-17T06:10:31.880+0000] {logging_mixin.py:188} INFO - Downloaded AMZN/1771225253.json
[2026-02-17T06:10:31.911+0000] {logging_mixin.py:188} INFO - Downloaded AMZN/1771225263.json
[2026-02-17T06:10:31.925+0000] {logging_mixin.py:188} INFO - Downloaded AMZN/1771225279.json
[2026-02-17T06:10:31.960+0000] {logging_mixin.py:188} INFO - Downloaded AMZN/1771225290.json
[2026-02-17T06:10:31.988+0000] {logging_mixin.py:188} INFO - Downloaded AMZN/1771225301.json
[2026-02-17T06:10:32.003+0000] {logging_mixin.py:188} INFO - Downloaded AMZN/1771225312.json
[2026-02-17T06:10:32.034+0000] {logging_mixin.py:188} INFO - Downloaded AMZN/1771225323.json
[2026-02-17T06:10:32.066+0000] {logging_mixin.py:188} INFO - Downloaded AMZN/1771225335.json
[2026-02-17T06:10:32.079+0000] {logging_mixin.py:188} INFO - Downloaded AMZN/1771225347.json
[2026-02-17T06:10:32.135+0000] {logging_mixin.py:188} INFO - Downloaded AMZN/1771225359.json
[2026-02-17T06:10:32.172+0000] {logging_mixin.py:188} INFO - Downloaded AMZN/1771225371.json
[2026-02-17T06:10:32.192+0000] {logging_mixin.py:188} INFO - Downloaded AMZN/1771225382.json
[2026-02-17T06:10:32.248+0000] {logging_mixin.py:188} INFO - Downloaded AMZN/1771225392.json
[2026-02-17T06:10:32.309+0000] {logging_mixin.py:188} INFO - Downloaded AMZN/1771225403.json
[2026-02-17T06:10:32.374+0000] {logging_mixin.py:188} INFO - Downloaded AMZN/1771225413.json
[2026-02-17T06:10:32.421+0000] {logging_mixin.py:188} INFO - Downloaded AMZN/1771225424.json
[2026-02-17T06:10:32.444+0000] {logging_mixin.py:188} INFO - Downloaded AMZN/1771225436.json
[2026-02-17T06:10:32.473+0000] {logging_mixin.py:188} INFO - Downloaded AMZN/1771225447.json
[2026-02-17T06:10:32.488+0000] {logging_mixin.py:188} INFO - Downloaded AMZN/1771225457.json
[2026-02-17T06:10:32.516+0000] {logging_mixin.py:188} INFO - Downloaded AMZN/1771225468.json
[2026-02-17T06:10:32.528+0000] {logging_mixin.py:188} INFO - Downloaded AMZN/1771225479.json
[2026-02-17T06:10:32.555+0000] {logging_mixin.py:188} INFO - Downloaded AMZN/1771225490.json
[2026-02-17T06:10:32.573+0000] {logging_mixin.py:188} INFO - Downloaded AMZN/1771225501.json
[2026-02-17T06:10:32.607+0000] {logging_mixin.py:188} INFO - Downloaded AMZN/1771225511.json
[2026-02-17T06:10:32.628+0000] {logging_mixin.py:188} INFO - Downloaded AMZN/1771225522.json
[2026-02-17T06:10:32.658+0000] {logging_mixin.py:188} INFO - Downloaded AMZN/1771225533.json
[2026-02-17T06:10:32.675+0000] {logging_mixin.py:188} INFO - Downloaded AMZN/1771225544.json
[2026-02-17T06:10:32.692+0000] {logging_mixin.py:188} INFO - Downloaded AMZN/1771225555.json
[2026-02-17T06:10:32.722+0000] {logging_mixin.py:188} INFO - Downloaded AMZN/1771225568.json
[2026-02-17T06:10:32.739+0000] {logging_mixin.py:188} INFO - Downloaded AMZN/1771225579.json
[2026-02-17T06:10:32.767+0000] {logging_mixin.py:188} INFO - Downloaded AMZN/1771225590.json
[2026-02-17T06:10:32.790+0000] {logging_mixin.py:188} INFO - Downloaded AMZN/1771225601.json
[2026-02-17T06:10:32.809+0000] {logging_mixin.py:188} INFO - Downloaded AMZN/1771225612.json
[2026-02-17T06:10:32.830+0000] {logging_mixin.py:188} INFO - Downloaded AMZN/1771225623.json
[2026-02-17T06:10:32.850+0000] {logging_mixin.py:188} INFO - Downloaded AMZN/1771225634.json
[2026-02-17T06:10:32.870+0000] {logging_mixin.py:188} INFO - Downloaded AMZN/1771225645.json
[2026-02-17T06:10:32.906+0000] {logging_mixin.py:188} INFO - Downloaded AMZN/1771225656.json
[2026-02-17T06:10:32.929+0000] {logging_mixin.py:188} INFO - Downloaded AMZN/1771225666.json
[2026-02-17T06:10:32.957+0000] {logging_mixin.py:188} INFO - Downloaded AMZN/1771225677.json
[2026-02-17T06:10:32.973+0000] {logging_mixin.py:188} INFO - Downloaded AMZN/1771225687.json
[2026-02-17T06:10:33.001+0000] {logging_mixin.py:188} INFO - Downloaded AMZN/1771225698.json
[2026-02-17T06:10:33.032+0000] {logging_mixin.py:188} INFO - Downloaded AMZN/1771225708.json
[2026-02-17T06:10:33.065+0000] {logging_mixin.py:188} INFO - Downloaded AMZN/1771225719.json
[2026-02-17T06:10:33.086+0000] {logging_mixin.py:188} INFO - Downloaded AMZN/1771225730.json
[2026-02-17T06:10:33.115+0000] {logging_mixin.py:188} INFO - Downloaded AMZN/1771225742.json
[2026-02-17T06:10:33.135+0000] {logging_mixin.py:188} INFO - Downloaded AMZN/1771225753.json
[2026-02-17T06:10:33.162+0000] {logging_mixin.py:188} INFO - Downloaded AMZN/1771225763.json
[2026-02-17T06:10:33.177+0000] {logging_mixin.py:188} INFO - Downloaded AMZN/1771225775.json
[2026-02-17T06:10:33.203+0000] {logging_mixin.py:188} INFO - Downloaded AMZN/1771225785.json
[2026-02-17T06:10:33.233+0000] {logging_mixin.py:188} INFO - Downloaded AMZN/1771225795.json
[2026-02-17T06:10:33.249+0000] {logging_mixin.py:188} INFO - Downloaded AMZN/1771225806.json
[2026-02-17T06:10:33.261+0000] {logging_mixin.py:188} INFO - Downloaded AMZN/1771225817.json
[2026-02-17T06:10:33.286+0000] {logging_mixin.py:188} INFO - Downloaded AMZN/1771225828.json
[2026-02-17T06:10:33.302+0000] {logging_mixin.py:188} INFO - Downloaded AMZN/1771225839.json
[2026-02-17T06:10:33.315+0000] {logging_mixin.py:188} INFO - Downloaded AMZN/1771225850.json
[2026-02-17T06:10:33.328+0000] {logging_mixin.py:188} INFO - Downloaded AMZN/1771225862.json
[2026-02-17T06:10:33.341+0000] {logging_mixin.py:188} INFO - Downloaded AMZN/1771225872.json
[2026-02-17T06:10:33.369+0000] {logging_mixin.py:188} INFO - Downloaded AMZN/1771225883.json
[2026-02-17T06:10:33.406+0000] {logging_mixin.py:188} INFO - Downloaded AMZN/1771225894.json
[2026-02-17T06:10:33.422+0000] {logging_mixin.py:188} INFO - Downloaded AMZN/1771225905.json
[2026-02-17T06:10:33.439+0000] {logging_mixin.py:188} INFO - Downloaded AMZN/1771225915.json
[2026-02-17T06:10:33.467+0000] {logging_mixin.py:188} INFO - Downloaded AMZN/1771225926.json
[2026-02-17T06:10:33.505+0000] {logging_mixin.py:188} INFO - Downloaded AMZN/1771225937.json
[2026-02-17T06:10:33.539+0000] {logging_mixin.py:188} INFO - Downloaded AMZN/1771225947.json
[2026-02-17T06:10:33.570+0000] {logging_mixin.py:188} INFO - Downloaded AMZN/1771225957.json
[2026-02-17T06:10:33.589+0000] {logging_mixin.py:188} INFO - Downloaded AMZN/1771225968.json
[2026-02-17T06:10:33.621+0000] {logging_mixin.py:188} INFO - Downloaded AMZN/1771225979.json
[2026-02-17T06:10:33.648+0000] {logging_mixin.py:188} INFO - Downloaded AMZN/1771225989.json
[2026-02-17T06:10:33.666+0000] {logging_mixin.py:188} INFO - Downloaded AMZN/1771226000.json
[2026-02-17T06:10:33.689+0000] {logging_mixin.py:188} INFO - Downloaded AMZN/1771226010.json
[2026-02-17T06:10:33.710+0000] {logging_mixin.py:188} INFO - Downloaded AMZN/1771226021.json
[2026-02-17T06:10:33.742+0000] {logging_mixin.py:188} INFO - Downloaded AMZN/1771226031.json
[2026-02-17T06:10:33.758+0000] {logging_mixin.py:188} INFO - Downloaded AMZN/1771226042.json
[2026-02-17T06:10:33.791+0000] {logging_mixin.py:188} INFO - Downloaded AMZN/1771226053.json
[2026-02-17T06:10:33.810+0000] {logging_mixin.py:188} INFO - Downloaded AMZN/1771226063.json
[2026-02-17T06:10:33.833+0000] {logging_mixin.py:188} INFO - Downloaded AMZN/1771226074.json
[2026-02-17T06:10:33.846+0000] {logging_mixin.py:188} INFO - Downloaded AMZN/1771226085.json
[2026-02-17T06:10:33.874+0000] {logging_mixin.py:188} INFO - Downloaded AMZN/1771226096.json
[2026-02-17T06:10:33.893+0000] {logging_mixin.py:188} INFO - Downloaded AMZN/1771226107.json
[2026-02-17T06:10:33.914+0000] {logging_mixin.py:188} INFO - Downloaded AMZN/1771226118.json
[2026-02-17T06:10:33.935+0000] {logging_mixin.py:188} INFO - Downloaded AMZN/1771226129.json
[2026-02-17T06:10:33.953+0000] {logging_mixin.py:188} INFO - Downloaded AMZN/1771226141.json
[2026-02-17T06:10:33.989+0000] {logging_mixin.py:188} INFO - Downloaded AMZN/1771226151.json
[2026-02-17T06:10:34.007+0000] {logging_mixin.py:188} INFO - Downloaded AMZN/1771226162.json
[2026-02-17T06:10:34.038+0000] {logging_mixin.py:188} INFO - Downloaded AMZN/1771226173.json
[2026-02-17T06:10:34.074+0000] {logging_mixin.py:188} INFO - Downloaded AMZN/1771226183.json
[2026-02-17T06:10:34.096+0000] {logging_mixin.py:188} INFO - Downloaded AMZN/1771226194.json
[2026-02-17T06:10:34.129+0000] {logging_mixin.py:188} INFO - Downloaded AMZN/1771226205.json
[2026-02-17T06:10:34.155+0000] {logging_mixin.py:188} INFO - Downloaded AMZN/1771226217.json
[2026-02-17T06:10:34.173+0000] {logging_mixin.py:188} INFO - Downloaded AMZN/1771226227.json
[2026-02-17T06:10:34.184+0000] {logging_mixin.py:188} INFO - Downloaded AMZN/1771226237.json
[2026-02-17T06:10:34.212+0000] {logging_mixin.py:188} INFO - Downloaded AMZN/1771226248.json
[2026-02-17T06:10:34.229+0000] {logging_mixin.py:188} INFO - Downloaded AMZN/1771226258.json
[2026-02-17T06:10:34.244+0000] {logging_mixin.py:188} INFO - Downloaded AMZN/1771226269.json
[2026-02-17T06:10:34.274+0000] {logging_mixin.py:188} INFO - Downloaded AMZN/1771226280.json
[2026-02-17T06:10:34.294+0000] {logging_mixin.py:188} INFO - Downloaded AMZN/1771226290.json
[2026-02-17T06:10:34.326+0000] {logging_mixin.py:188} INFO - Downloaded AMZN/1771226301.json
[2026-02-17T06:10:34.343+0000] {logging_mixin.py:188} INFO - Downloaded AMZN/1771226313.json
[2026-02-17T06:10:34.372+0000] {logging_mixin.py:188} INFO - Downloaded AMZN/1771226323.json
[2026-02-17T06:10:34.405+0000] {logging_mixin.py:188} INFO - Downloaded AMZN/1771226334.json
[2026-02-17T06:10:34.441+0000] {logging_mixin.py:188} INFO - Downloaded AMZN/1771226345.json
[2026-02-17T06:10:34.468+0000] {logging_mixin.py:188} INFO - Downloaded AMZN/1771226356.json
[2026-02-17T06:10:34.486+0000] {logging_mixin.py:188} INFO - Downloaded AMZN/1771226367.json
[2026-02-17T06:10:34.511+0000] {logging_mixin.py:188} INFO - Downloaded AMZN/1771226378.json
[2026-02-17T06:10:34.532+0000] {logging_mixin.py:188} INFO - Downloaded AMZN/1771226390.json
[2026-02-17T06:10:34.556+0000] {logging_mixin.py:188} INFO - Downloaded AMZN/1771226401.json
[2026-02-17T06:10:34.588+0000] {logging_mixin.py:188} INFO - Downloaded AMZN/1771226412.json
[2026-02-17T06:10:34.609+0000] {logging_mixin.py:188} INFO - Downloaded AMZN/1771226423.json
[2026-02-17T06:10:34.647+0000] {logging_mixin.py:188} INFO - Downloaded AMZN/1771226436.json
[2026-02-17T06:10:34.670+0000] {logging_mixin.py:188} INFO - Downloaded AMZN/1771226446.json
[2026-02-17T06:10:34.705+0000] {logging_mixin.py:188} INFO - Downloaded AMZN/1771226457.json
[2026-02-17T06:10:34.742+0000] {logging_mixin.py:188} INFO - Downloaded AMZN/1771226470.json
[2026-02-17T06:10:34.783+0000] {logging_mixin.py:188} INFO - Downloaded AMZN/1771226481.json
[2026-02-17T06:10:34.812+0000] {logging_mixin.py:188} INFO - Downloaded AMZN/1771226491.json
[2026-02-17T06:10:34.839+0000] {logging_mixin.py:188} INFO - Downloaded AMZN/1771226503.json
[2026-02-17T06:10:34.869+0000] {logging_mixin.py:188} INFO - Downloaded AMZN/1771226514.json
[2026-02-17T06:10:34.894+0000] {logging_mixin.py:188} INFO - Downloaded AMZN/1771226526.json
[2026-02-17T06:10:34.924+0000] {logging_mixin.py:188} INFO - Downloaded AMZN/1771226537.json
[2026-02-17T06:10:34.968+0000] {logging_mixin.py:188} INFO - Downloaded AMZN/1771226548.json
[2026-02-17T06:10:35.008+0000] {logging_mixin.py:188} INFO - Downloaded AMZN/1771226559.json
[2026-02-17T06:10:35.083+0000] {logging_mixin.py:188} INFO - Downloaded AMZN/1771226569.json
[2026-02-17T06:10:36.113+0000] {logging_mixin.py:188} INFO - Downloaded AMZN/1771226580.json
[2026-02-17T06:10:36.144+0000] {logging_mixin.py:188} INFO - Downloaded AMZN/1771226591.json
[2026-02-17T06:10:36.162+0000] {logging_mixin.py:188} INFO - Downloaded AMZN/1771226602.json
[2026-02-17T06:10:36.196+0000] {logging_mixin.py:188} INFO - Downloaded AMZN/1771226616.json
[2026-02-17T06:10:36.220+0000] {logging_mixin.py:188} INFO - Downloaded AMZN/1771226627.json
[2026-02-17T06:10:36.234+0000] {logging_mixin.py:188} INFO - Downloaded AMZN/1771226638.json
[2026-02-17T06:10:36.266+0000] {logging_mixin.py:188} INFO - Downloaded AMZN/1771226649.json
[2026-02-17T06:10:36.285+0000] {logging_mixin.py:188} INFO - Downloaded AMZN/1771226661.json
[2026-02-17T06:10:36.311+0000] {logging_mixin.py:188} INFO - Downloaded AMZN/1771226672.json
[2026-02-17T06:10:36.343+0000] {logging_mixin.py:188} INFO - Downloaded AMZN/1771226683.json
[2026-02-17T06:10:36.366+0000] {logging_mixin.py:188} INFO - Downloaded AMZN/1771226693.json
[2026-02-17T06:10:36.381+0000] {logging_mixin.py:188} INFO - Downloaded AMZN/1771226705.json
[2026-02-17T06:10:36.407+0000] {logging_mixin.py:188} INFO - Downloaded AMZN/1771226715.json
[2026-02-17T06:10:36.424+0000] {logging_mixin.py:188} INFO - Downloaded AMZN/1771226726.json
[2026-02-17T06:10:36.449+0000] {logging_mixin.py:188} INFO - Downloaded AMZN/1771226737.json
[2026-02-17T06:10:36.462+0000] {logging_mixin.py:188} INFO - Downloaded AMZN/1771226748.json
[2026-02-17T06:10:36.481+0000] {logging_mixin.py:188} INFO - Downloaded AMZN/1771226759.json
[2026-02-17T06:10:36.510+0000] {logging_mixin.py:188} INFO - Downloaded AMZN/1771226771.json
[2026-02-17T06:10:36.526+0000] {logging_mixin.py:188} INFO - Downloaded AMZN/1771226781.json
[2026-02-17T06:10:36.586+0000] {logging_mixin.py:188} INFO - Downloaded AMZN/1771226792.json
[2026-02-17T06:10:36.612+0000] {logging_mixin.py:188} INFO - Downloaded AMZN/1771226804.json
[2026-02-17T06:10:36.635+0000] {logging_mixin.py:188} INFO - Downloaded AMZN/1771226818.json
[2026-02-17T06:10:36.656+0000] {logging_mixin.py:188} INFO - Downloaded AMZN/1771226831.json
[2026-02-17T06:10:36.674+0000] {logging_mixin.py:188} INFO - Downloaded AMZN/1771226842.json
[2026-02-17T06:10:36.692+0000] {logging_mixin.py:188} INFO - Downloaded AMZN/1771226855.json
[2026-02-17T06:10:36.714+0000] {logging_mixin.py:188} INFO - Downloaded AMZN/1771226873.json
[2026-02-17T06:10:36.737+0000] {logging_mixin.py:188} INFO - Downloaded AMZN/1771226889.json
[2026-02-17T06:10:36.759+0000] {logging_mixin.py:188} INFO - Downloaded AMZN/1771226900.json
[2026-02-17T06:10:36.791+0000] {logging_mixin.py:188} INFO - Downloaded AMZN/1771226916.json
[2026-02-17T06:10:36.822+0000] {logging_mixin.py:188} INFO - Downloaded AMZN/1771226928.json
[2026-02-17T06:10:36.844+0000] {logging_mixin.py:188} INFO - Downloaded AMZN/1771226941.json
[2026-02-17T06:10:36.879+0000] {logging_mixin.py:188} INFO - Downloaded AMZN/1771226956.json
[2026-02-17T06:10:36.905+0000] {logging_mixin.py:188} INFO - Downloaded AMZN/1771226968.json
[2026-02-17T06:10:36.935+0000] {logging_mixin.py:188} INFO - Downloaded AMZN/1771226979.json
[2026-02-17T06:10:36.961+0000] {logging_mixin.py:188} INFO - Downloaded AMZN/1771226989.json
[2026-02-17T06:10:36.980+0000] {logging_mixin.py:188} INFO - Downloaded AMZN/1771227002.json
[2026-02-17T06:10:37.022+0000] {logging_mixin.py:188} INFO - Downloaded AMZN/1771227012.json
[2026-02-17T06:10:37.070+0000] {logging_mixin.py:188} INFO - Downloaded AMZN/1771227024.json
[2026-02-17T06:10:37.096+0000] {logging_mixin.py:188} INFO - Downloaded AMZN/1771227034.json
[2026-02-17T06:10:37.168+0000] {logging_mixin.py:188} INFO - Downloaded AMZN/1771227044.json
[2026-02-17T06:10:37.245+0000] {logging_mixin.py:188} INFO - Downloaded AMZN/1771227055.json
[2026-02-17T06:10:37.283+0000] {logging_mixin.py:188} INFO - Downloaded AMZN/1771227065.json
[2026-02-17T06:10:37.323+0000] {logging_mixin.py:188} INFO - Downloaded AMZN/1771227077.json
[2026-02-17T06:10:37.386+0000] {logging_mixin.py:188} INFO - Downloaded AMZN/1771227087.json
[2026-02-17T06:10:37.437+0000] {logging_mixin.py:188} INFO - Downloaded AMZN/1771227098.json
[2026-02-17T06:10:37.457+0000] {logging_mixin.py:188} INFO - Downloaded AMZN/1771227110.json
[2026-02-17T06:10:37.473+0000] {logging_mixin.py:188} INFO - Downloaded AMZN/1771227121.json
[2026-02-17T06:10:37.493+0000] {logging_mixin.py:188} INFO - Downloaded AMZN/1771227132.json
[2026-02-17T06:10:37.511+0000] {logging_mixin.py:188} INFO - Downloaded AMZN/1771227144.json
[2026-02-17T06:10:37.529+0000] {logging_mixin.py:188} INFO - Downloaded AMZN/1771227155.json
[2026-02-17T06:10:37.555+0000] {logging_mixin.py:188} INFO - Downloaded AMZN/1771227165.json
[2026-02-17T06:10:37.574+0000] {logging_mixin.py:188} INFO - Downloaded AMZN/1771227180.json
[2026-02-17T06:10:37.585+0000] {logging_mixin.py:188} INFO - Downloaded AMZN/1771227190.json
[2026-02-17T06:10:37.596+0000] {logging_mixin.py:188} INFO - Downloaded AMZN/1771227201.json
[2026-02-17T06:10:37.609+0000] {logging_mixin.py:188} INFO - Downloaded AMZN/1771227213.json
[2026-02-17T06:10:37.621+0000] {logging_mixin.py:188} INFO - Downloaded AMZN/1771227224.json
[2026-02-17T06:10:37.632+0000] {logging_mixin.py:188} INFO - Downloaded AMZN/1771227236.json
[2026-02-17T06:10:37.662+0000] {logging_mixin.py:188} INFO - Downloaded AMZN/1771227248.json
[2026-02-17T06:10:37.694+0000] {logging_mixin.py:188} INFO - Downloaded AMZN/1771227260.json
[2026-02-17T06:10:37.714+0000] {logging_mixin.py:188} INFO - Downloaded AMZN/1771227273.json
[2026-02-17T06:10:37.739+0000] {logging_mixin.py:188} INFO - Downloaded AMZN/1771227286.json
[2026-02-17T06:10:37.758+0000] {logging_mixin.py:188} INFO - Downloaded AMZN/1771227297.json
[2026-02-17T06:10:37.796+0000] {logging_mixin.py:188} INFO - Downloaded AMZN/1771227309.json
[2026-02-17T06:10:37.834+0000] {logging_mixin.py:188} INFO - Downloaded AMZN/1771227320.json
[2026-02-17T06:10:37.855+0000] {logging_mixin.py:188} INFO - Downloaded AMZN/1771227331.json
[2026-02-17T06:10:37.869+0000] {logging_mixin.py:188} INFO - Downloaded AMZN/1771227341.json
[2026-02-17T06:10:37.881+0000] {logging_mixin.py:188} INFO - Downloaded AMZN/1771227354.json
[2026-02-17T06:10:37.915+0000] {logging_mixin.py:188} INFO - Downloaded AMZN/1771227364.json
[2026-02-17T06:10:37.936+0000] {logging_mixin.py:188} INFO - Downloaded AMZN/1771227378.json
[2026-02-17T06:10:37.971+0000] {logging_mixin.py:188} INFO - Downloaded AMZN/1771227389.json
[2026-02-17T06:10:37.996+0000] {logging_mixin.py:188} INFO - Downloaded AMZN/1771227401.json
[2026-02-17T06:10:38.015+0000] {logging_mixin.py:188} INFO - Downloaded AMZN/1771227411.json
[2026-02-17T06:10:38.054+0000] {logging_mixin.py:188} INFO - Downloaded AMZN/1771227423.json
[2026-02-17T06:10:38.074+0000] {logging_mixin.py:188} INFO - Downloaded AMZN/1771227434.json
[2026-02-17T06:10:38.095+0000] {logging_mixin.py:188} INFO - Downloaded AMZN/1771227445.json
[2026-02-17T06:10:38.113+0000] {logging_mixin.py:188} INFO - Downloaded AMZN/1771227455.json
[2026-02-17T06:10:38.172+0000] {logging_mixin.py:188} INFO - Downloaded AMZN/1771227466.json
[2026-02-17T06:10:38.202+0000] {logging_mixin.py:188} INFO - Downloaded AMZN/1771227478.json
[2026-02-17T06:10:38.240+0000] {logging_mixin.py:188} INFO - Downloaded AMZN/1771227489.json
[2026-02-17T06:10:38.259+0000] {logging_mixin.py:188} INFO - Downloaded AMZN/1771227499.json
[2026-02-17T06:10:39.420+0000] {logging_mixin.py:188} INFO - Downloaded AMZN/1771227510.json
[2026-02-17T06:10:39.443+0000] {logging_mixin.py:188} INFO - Downloaded AMZN/1771227521.json
[2026-02-17T06:10:39.465+0000] {logging_mixin.py:188} INFO - Downloaded AMZN/1771227532.json
[2026-02-17T06:10:39.490+0000] {logging_mixin.py:188} INFO - Downloaded AMZN/1771227543.json
[2026-02-17T06:10:39.511+0000] {logging_mixin.py:188} INFO - Downloaded AMZN/1771227554.json
[2026-02-17T06:10:39.531+0000] {logging_mixin.py:188} INFO - Downloaded AMZN/1771227564.json
[2026-02-17T06:10:39.557+0000] {logging_mixin.py:188} INFO - Downloaded AMZN/1771227575.json
[2026-02-17T06:10:39.588+0000] {logging_mixin.py:188} INFO - Downloaded AMZN/1771227585.json
[2026-02-17T06:10:39.609+0000] {logging_mixin.py:188} INFO - Downloaded AMZN/1771227596.json
[2026-02-17T06:10:39.652+0000] {logging_mixin.py:188} INFO - Downloaded AMZN/1771227607.json
[2026-02-17T06:10:39.679+0000] {logging_mixin.py:188} INFO - Downloaded AMZN/1771227618.json
[2026-02-17T06:10:39.700+0000] {logging_mixin.py:188} INFO - Downloaded AMZN/1771227629.json
[2026-02-17T06:10:39.716+0000] {logging_mixin.py:188} INFO - Downloaded AMZN/1771227639.json
[2026-02-17T06:10:39.749+0000] {logging_mixin.py:188} INFO - Downloaded AMZN/1771227650.json
[2026-02-17T06:10:39.765+0000] {logging_mixin.py:188} INFO - Downloaded AMZN/1771227661.json
[2026-02-17T06:10:39.792+0000] {logging_mixin.py:188} INFO - Downloaded AMZN/1771227671.json
[2026-02-17T06:10:39.808+0000] {logging_mixin.py:188} INFO - Downloaded AMZN/1771227681.json
[2026-02-17T06:10:39.835+0000] {logging_mixin.py:188} INFO - Downloaded AMZN/1771227692.json
[2026-02-17T06:10:39.854+0000] {logging_mixin.py:188} INFO - Downloaded AMZN/1771227702.json
[2026-02-17T06:10:39.867+0000] {logging_mixin.py:188} INFO - Downloaded AMZN/1771227713.json
[2026-02-17T06:10:39.877+0000] {logging_mixin.py:188} INFO - Downloaded AMZN/1771227725.json
[2026-02-17T06:10:39.888+0000] {logging_mixin.py:188} INFO - Downloaded AMZN/1771227735.json
[2026-02-17T06:10:39.914+0000] {logging_mixin.py:188} INFO - Downloaded AMZN/1771227745.json
[2026-02-17T06:10:39.941+0000] {logging_mixin.py:188} INFO - Downloaded AMZN/1771227755.json
[2026-02-17T06:10:39.966+0000] {logging_mixin.py:188} INFO - Downloaded AMZN/1771227766.json
[2026-02-17T06:10:39.996+0000] {logging_mixin.py:188} INFO - Downloaded AMZN/1771227776.json
[2026-02-17T06:10:40.023+0000] {logging_mixin.py:188} INFO - Downloaded AMZN/1771227787.json
[2026-02-17T06:10:40.042+0000] {logging_mixin.py:188} INFO - Downloaded AMZN/1771227797.json
[2026-02-17T06:10:40.061+0000] {logging_mixin.py:188} INFO - Downloaded AMZN/1771227807.json
[2026-02-17T06:10:40.093+0000] {logging_mixin.py:188} INFO - Downloaded AMZN/1771227818.json
[2026-02-17T06:10:40.131+0000] {logging_mixin.py:188} INFO - Downloaded AMZN/1771227829.json
[2026-02-17T06:10:40.164+0000] {logging_mixin.py:188} INFO - Downloaded AMZN/1771227840.json
[2026-02-17T06:10:40.189+0000] {logging_mixin.py:188} INFO - Downloaded AMZN/1771227851.json
[2026-02-17T06:10:40.232+0000] {logging_mixin.py:188} INFO - Downloaded AMZN/1771227862.json
[2026-02-17T06:10:40.257+0000] {logging_mixin.py:188} INFO - Downloaded AMZN/1771227872.json
[2026-02-17T06:10:40.279+0000] {logging_mixin.py:188} INFO - Downloaded AMZN/1771227882.json
[2026-02-17T06:10:40.299+0000] {logging_mixin.py:188} INFO - Downloaded AMZN/1771227892.json
[2026-02-17T06:10:40.319+0000] {logging_mixin.py:188} INFO - Downloaded AMZN/1771227903.json
[2026-02-17T06:10:40.339+0000] {logging_mixin.py:188} INFO - Downloaded AMZN/1771227914.json
[2026-02-17T06:10:40.356+0000] {logging_mixin.py:188} INFO - Downloaded AMZN/1771227924.json
[2026-02-17T06:10:40.378+0000] {logging_mixin.py:188} INFO - Downloaded AMZN/1771227934.json
[2026-02-17T06:10:40.417+0000] {logging_mixin.py:188} INFO - Downloaded AMZN/1771227944.json
[2026-02-17T06:10:40.451+0000] {logging_mixin.py:188} INFO - Downloaded AMZN/1771227955.json
[2026-02-17T06:10:40.477+0000] {logging_mixin.py:188} INFO - Downloaded AMZN/1771227965.json
[2026-02-17T06:10:40.503+0000] {logging_mixin.py:188} INFO - Downloaded AMZN/1771227976.json
[2026-02-17T06:10:40.540+0000] {logging_mixin.py:188} INFO - Downloaded AMZN/1771227986.json
[2026-02-17T06:10:40.594+0000] {logging_mixin.py:188} INFO - Downloaded AMZN/1771227997.json
[2026-02-17T06:10:40.634+0000] {logging_mixin.py:188} INFO - Downloaded AMZN/1771228008.json
[2026-02-17T06:10:40.676+0000] {logging_mixin.py:188} INFO - Downloaded AMZN/1771228018.json
[2026-02-17T06:10:40.747+0000] {logging_mixin.py:188} INFO - Downloaded AMZN/1771228028.json
[2026-02-17T06:10:40.860+0000] {logging_mixin.py:188} INFO - Downloaded AMZN/1771228039.json
[2026-02-17T06:10:40.914+0000] {logging_mixin.py:188} INFO - Downloaded AMZN/1771228050.json
[2026-02-17T06:10:40.948+0000] {logging_mixin.py:188} INFO - Downloaded AMZN/1771228061.json
[2026-02-17T06:10:40.967+0000] {logging_mixin.py:188} INFO - Downloaded AMZN/1771228071.json
[2026-02-17T06:10:40.989+0000] {logging_mixin.py:188} INFO - Downloaded AMZN/1771228082.json
[2026-02-17T06:10:41.011+0000] {logging_mixin.py:188} INFO - Downloaded AMZN/1771228093.json
[2026-02-17T06:10:41.048+0000] {logging_mixin.py:188} INFO - Downloaded AMZN/1771228103.json
[2026-02-17T06:10:41.085+0000] {logging_mixin.py:188} INFO - Downloaded AMZN/1771228114.json
[2026-02-17T06:10:41.108+0000] {logging_mixin.py:188} INFO - Downloaded AMZN/1771228124.json
[2026-02-17T06:10:41.140+0000] {logging_mixin.py:188} INFO - Downloaded AMZN/1771228135.json
[2026-02-17T06:10:41.157+0000] {logging_mixin.py:188} INFO - Downloaded AMZN/1771228145.json
[2026-02-17T06:10:41.172+0000] {logging_mixin.py:188} INFO - Downloaded AMZN/1771228155.json
[2026-02-17T06:10:41.215+0000] {logging_mixin.py:188} INFO - Downloaded AMZN/1771228165.json
[2026-02-17T06:10:41.259+0000] {logging_mixin.py:188} INFO - Downloaded AMZN/1771228175.json
[2026-02-17T06:10:41.287+0000] {logging_mixin.py:188} INFO - Downloaded AMZN/1771228185.json
[2026-02-17T06:10:41.324+0000] {logging_mixin.py:188} INFO - Downloaded AMZN/1771228196.json
[2026-02-17T06:10:41.343+0000] {logging_mixin.py:188} INFO - Downloaded AMZN/1771228206.json
[2026-02-17T06:10:41.372+0000] {logging_mixin.py:188} INFO - Downloaded AMZN/1771228217.json
[2026-02-17T06:10:41.389+0000] {logging_mixin.py:188} INFO - Downloaded AMZN/1771228227.json
[2026-02-17T06:10:41.404+0000] {logging_mixin.py:188} INFO - Downloaded AMZN/1771228238.json
[2026-02-17T06:10:41.434+0000] {logging_mixin.py:188} INFO - Downloaded AMZN/1771228248.json
[2026-02-17T06:10:41.466+0000] {logging_mixin.py:188} INFO - Downloaded AMZN/1771228259.json
[2026-02-17T06:10:41.484+0000] {logging_mixin.py:188} INFO - Downloaded AMZN/1771228270.json
[2026-02-17T06:10:41.504+0000] {logging_mixin.py:188} INFO - Downloaded AMZN/1771228281.json
[2026-02-17T06:10:41.531+0000] {logging_mixin.py:188} INFO - Downloaded AMZN/1771228292.json
[2026-02-17T06:10:41.547+0000] {logging_mixin.py:188} INFO - Downloaded AMZN/1771228303.json
[2026-02-17T06:10:41.574+0000] {logging_mixin.py:188} INFO - Downloaded AMZN/1771228313.json
[2026-02-17T06:10:41.593+0000] {logging_mixin.py:188} INFO - Downloaded AMZN/1771228325.json
[2026-02-17T06:10:41.624+0000] {logging_mixin.py:188} INFO - Downloaded AMZN/1771228335.json
[2026-02-17T06:10:41.641+0000] {logging_mixin.py:188} INFO - Downloaded AMZN/1771228345.json
[2026-02-17T06:10:41.671+0000] {logging_mixin.py:188} INFO - Downloaded AMZN/1771228355.json
[2026-02-17T06:10:41.692+0000] {logging_mixin.py:188} INFO - Downloaded AMZN/1771228366.json
[2026-02-17T06:10:41.721+0000] {logging_mixin.py:188} INFO - Downloaded AMZN/1771228377.json
[2026-02-17T06:10:41.743+0000] {logging_mixin.py:188} INFO - Downloaded AMZN/1771228387.json
[2026-02-17T06:10:41.761+0000] {logging_mixin.py:188} INFO - Downloaded AMZN/1771228397.json
[2026-02-17T06:10:41.780+0000] {logging_mixin.py:188} INFO - Downloaded AMZN/1771228408.json
[2026-02-17T06:10:41.810+0000] {logging_mixin.py:188} INFO - Downloaded AMZN/1771228418.json
[2026-02-17T06:10:41.827+0000] {logging_mixin.py:188} INFO - Downloaded AMZN/1771228429.json
[2026-02-17T06:10:41.855+0000] {logging_mixin.py:188} INFO - Downloaded AMZN/1771228440.json
[2026-02-17T06:10:41.875+0000] {logging_mixin.py:188} INFO - Downloaded AMZN/1771228450.json
[2026-02-17T06:10:41.891+0000] {logging_mixin.py:188} INFO - Downloaded AMZN/1771228461.json
[2026-02-17T06:10:41.921+0000] {logging_mixin.py:188} INFO - Downloaded AMZN/1771228471.json
[2026-02-17T06:10:42.005+0000] {logging_mixin.py:188} INFO - Downloaded AMZN/1771228482.json
[2026-02-17T06:10:42.101+0000] {logging_mixin.py:188} INFO - Downloaded AMZN/1771228492.json
[2026-02-17T06:10:42.150+0000] {logging_mixin.py:188} INFO - Downloaded AMZN/1771228503.json
[2026-02-17T06:10:42.182+0000] {logging_mixin.py:188} INFO - Downloaded AMZN/1771228513.json
[2026-02-17T06:10:42.208+0000] {logging_mixin.py:188} INFO - Downloaded AMZN/1771228524.json
[2026-02-17T06:10:42.232+0000] {logging_mixin.py:188} INFO - Downloaded AMZN/1771228535.json
[2026-02-17T06:10:42.254+0000] {logging_mixin.py:188} INFO - Downloaded AMZN/1771228545.json
[2026-02-17T06:10:42.270+0000] {logging_mixin.py:188} INFO - Downloaded AMZN/1771228556.json
[2026-02-17T06:10:42.287+0000] {logging_mixin.py:188} INFO - Downloaded AMZN/1771228566.json
[2026-02-17T06:10:42.303+0000] {logging_mixin.py:188} INFO - Downloaded AMZN/1771228577.json
[2026-02-17T06:10:42.321+0000] {logging_mixin.py:188} INFO - Downloaded AMZN/1771228587.json
[2026-02-17T06:10:42.336+0000] {logging_mixin.py:188} INFO - Downloaded AMZN/1771228598.json
[2026-02-17T06:10:42.362+0000] {logging_mixin.py:188} INFO - Downloaded AMZN/1771228609.json
[2026-02-17T06:10:42.382+0000] {logging_mixin.py:188} INFO - Downloaded AMZN/1771228621.json
[2026-02-17T06:10:42.397+0000] {logging_mixin.py:188} INFO - Downloaded AMZN/1771228632.json
[2026-02-17T06:10:42.410+0000] {logging_mixin.py:188} INFO - Downloaded AMZN/1771228642.json
[2026-02-17T06:10:42.424+0000] {logging_mixin.py:188} INFO - Downloaded AMZN/1771228652.json
[2026-02-17T06:10:42.454+0000] {logging_mixin.py:188} INFO - Downloaded AMZN/1771228663.json
[2026-02-17T06:10:42.477+0000] {logging_mixin.py:188} INFO - Downloaded AMZN/1771228673.json
[2026-02-17T06:10:42.501+0000] {logging_mixin.py:188} INFO - Downloaded AMZN/1771228684.json
[2026-02-17T06:10:42.526+0000] {logging_mixin.py:188} INFO - Downloaded AMZN/1771228695.json
[2026-02-17T06:10:42.556+0000] {logging_mixin.py:188} INFO - Downloaded AMZN/1771228705.json
[2026-02-17T06:10:42.591+0000] {logging_mixin.py:188} INFO - Downloaded AMZN/1771228716.json
[2026-02-17T06:10:42.631+0000] {logging_mixin.py:188} INFO - Downloaded AMZN/1771228727.json
[2026-02-17T06:10:42.687+0000] {logging_mixin.py:188} INFO - Downloaded AMZN/1771228737.json
[2026-02-17T06:10:42.724+0000] {logging_mixin.py:188} INFO - Downloaded AMZN/1771228748.json
[2026-02-17T06:10:42.741+0000] {logging_mixin.py:188} INFO - Downloaded AMZN/1771228758.json
[2026-02-17T06:10:42.761+0000] {logging_mixin.py:188} INFO - Downloaded AMZN/1771228769.json
[2026-02-17T06:10:42.779+0000] {logging_mixin.py:188} INFO - Downloaded AMZN/1771228779.json
[2026-02-17T06:10:42.813+0000] {logging_mixin.py:188} INFO - Downloaded AMZN/1771228790.json
[2026-02-17T06:10:42.857+0000] {logging_mixin.py:188} INFO - Downloaded AMZN/1771228800.json
[2026-02-17T06:10:42.910+0000] {logging_mixin.py:188} INFO - Downloaded AMZN/1771228812.json
[2026-02-17T06:10:42.942+0000] {logging_mixin.py:188} INFO - Downloaded AMZN/1771228823.json
[2026-02-17T06:10:42.956+0000] {logging_mixin.py:188} INFO - Downloaded AMZN/1771228834.json
[2026-02-17T06:10:42.972+0000] {logging_mixin.py:188} INFO - Downloaded AMZN/1771228844.json
[2026-02-17T06:10:42.998+0000] {logging_mixin.py:188} INFO - Downloaded AMZN/1771228856.json
[2026-02-17T06:10:43.021+0000] {logging_mixin.py:188} INFO - Downloaded AMZN/1771228868.json
[2026-02-17T06:10:43.062+0000] {logging_mixin.py:188} INFO - Downloaded AMZN/1771228878.json
[2026-02-17T06:10:43.097+0000] {logging_mixin.py:188} INFO - Downloaded AMZN/1771228891.json
[2026-02-17T06:10:43.116+0000] {logging_mixin.py:188} INFO - Downloaded AMZN/1771228901.json
[2026-02-17T06:10:43.147+0000] {logging_mixin.py:188} INFO - Downloaded AMZN/1771228912.json
[2026-02-17T06:10:43.169+0000] {logging_mixin.py:188} INFO - Downloaded AMZN/1771228925.json
[2026-02-17T06:10:43.198+0000] {logging_mixin.py:188} INFO - Downloaded AMZN/1771228937.json
[2026-02-17T06:10:43.224+0000] {logging_mixin.py:188} INFO - Downloaded AMZN/1771228947.json
[2026-02-17T06:10:43.246+0000] {logging_mixin.py:188} INFO - Downloaded AMZN/1771228958.json
[2026-02-17T06:10:43.270+0000] {logging_mixin.py:188} INFO - Downloaded AMZN/1771228969.json
[2026-02-17T06:10:43.296+0000] {logging_mixin.py:188} INFO - Downloaded AMZN/1771228980.json
[2026-02-17T06:10:43.325+0000] {logging_mixin.py:188} INFO - Downloaded AMZN/1771228991.json
[2026-02-17T06:10:43.359+0000] {logging_mixin.py:188} INFO - Downloaded AMZN/1771229002.json
[2026-02-17T06:10:43.384+0000] {logging_mixin.py:188} INFO - Downloaded AMZN/1771229012.json
[2026-02-17T06:10:43.406+0000] {logging_mixin.py:188} INFO - Downloaded AMZN/1771229023.json
[2026-02-17T06:10:43.424+0000] {logging_mixin.py:188} INFO - Downloaded AMZN/1771229034.json
[2026-02-17T06:10:43.440+0000] {logging_mixin.py:188} INFO - Downloaded AMZN/1771229045.json
[2026-02-17T06:10:43.457+0000] {logging_mixin.py:188} INFO - Downloaded AMZN/1771229055.json
[2026-02-17T06:10:43.474+0000] {logging_mixin.py:188} INFO - Downloaded AMZN/1771229066.json
[2026-02-17T06:10:43.504+0000] {logging_mixin.py:188} INFO - Downloaded AMZN/1771229077.json
[2026-02-17T06:10:43.528+0000] {logging_mixin.py:188} INFO - Downloaded AMZN/1771229089.json
[2026-02-17T06:10:43.552+0000] {logging_mixin.py:188} INFO - Downloaded AMZN/1771229100.json
[2026-02-17T06:10:43.571+0000] {logging_mixin.py:188} INFO - Downloaded AMZN/1771229111.json
[2026-02-17T06:10:43.588+0000] {logging_mixin.py:188} INFO - Downloaded AMZN/1771229122.json
[2026-02-17T06:10:43.605+0000] {logging_mixin.py:188} INFO - Downloaded AMZN/1771229134.json
[2026-02-17T06:10:43.621+0000] {logging_mixin.py:188} INFO - Downloaded AMZN/1771229150.json
[2026-02-17T06:10:43.645+0000] {logging_mixin.py:188} INFO - Downloaded AMZN/1771229161.json
[2026-02-17T06:10:43.675+0000] {logging_mixin.py:188} INFO - Downloaded AMZN/1771229173.json
[2026-02-17T06:10:43.704+0000] {logging_mixin.py:188} INFO - Downloaded AMZN/1771229183.json
[2026-02-17T06:10:43.742+0000] {logging_mixin.py:188} INFO - Downloaded AMZN/1771229194.json
[2026-02-17T06:10:43.792+0000] {logging_mixin.py:188} INFO - Downloaded AMZN/1771229205.json
[2026-02-17T06:10:43.824+0000] {logging_mixin.py:188} INFO - Downloaded AMZN/1771229216.json
[2026-02-17T06:10:43.876+0000] {logging_mixin.py:188} INFO - Downloaded AMZN/1771229227.json
[2026-02-17T06:10:43.903+0000] {logging_mixin.py:188} INFO - Downloaded AMZN/1771229237.json
[2026-02-17T06:10:43.941+0000] {logging_mixin.py:188} INFO - Downloaded AMZN/1771229249.json
[2026-02-17T06:10:43.963+0000] {logging_mixin.py:188} INFO - Downloaded AMZN/1771229260.json
[2026-02-17T06:10:43.983+0000] {logging_mixin.py:188} INFO - Downloaded AMZN/1771229271.json
[2026-02-17T06:10:44.003+0000] {logging_mixin.py:188} INFO - Downloaded AMZN/1771229285.json
[2026-02-17T06:10:44.024+0000] {logging_mixin.py:188} INFO - Downloaded AMZN/1771229296.json
[2026-02-17T06:10:44.062+0000] {logging_mixin.py:188} INFO - Downloaded AMZN/1771229308.json
[2026-02-17T06:10:44.080+0000] {logging_mixin.py:188} INFO - Downloaded AMZN/1771229318.json
[2026-02-17T06:10:44.109+0000] {logging_mixin.py:188} INFO - Downloaded AMZN/1771229329.json
[2026-02-17T06:10:44.136+0000] {logging_mixin.py:188} INFO - Downloaded AMZN/1771308355.json
[2026-02-17T06:10:44.152+0000] {logging_mixin.py:188} INFO - Downloaded AMZN/1771308365.json
[2026-02-17T06:10:44.173+0000] {logging_mixin.py:188} INFO - Downloaded AMZN/1771308375.json
[2026-02-17T06:10:44.202+0000] {logging_mixin.py:188} INFO - Downloaded AMZN/1771308385.json
[2026-02-17T06:10:44.222+0000] {logging_mixin.py:188} INFO - Downloaded AMZN/1771308395.json
[2026-02-17T06:10:44.237+0000] {logging_mixin.py:188} INFO - Downloaded AMZN/1771308405.json
[2026-02-17T06:10:44.253+0000] {logging_mixin.py:188} INFO - Downloaded AMZN/1771308415.json
[2026-02-17T06:10:44.269+0000] {logging_mixin.py:188} INFO - Downloaded AMZN/1771308426.json
[2026-02-17T06:10:44.288+0000] {logging_mixin.py:188} INFO - Downloaded AMZN/1771308436.json
[2026-02-17T06:10:44.310+0000] {logging_mixin.py:188} INFO - Downloaded AMZN/1771308446.json
[2026-02-17T06:10:44.332+0000] {logging_mixin.py:188} INFO - Downloaded AMZN/1771308456.json
[2026-02-17T06:10:44.379+0000] {logging_mixin.py:188} INFO - Downloaded AMZN/1771308466.json
[2026-02-17T06:10:44.411+0000] {logging_mixin.py:188} INFO - Downloaded AMZN/1771308476.json
[2026-02-17T06:10:44.446+0000] {logging_mixin.py:188} INFO - Downloaded AMZN/1771308487.json
[2026-02-17T06:10:44.483+0000] {logging_mixin.py:188} INFO - Downloaded AMZN/1771308497.json
[2026-02-17T06:10:44.510+0000] {logging_mixin.py:188} INFO - Downloaded AMZN/1771308507.json
[2026-02-17T06:10:44.547+0000] {logging_mixin.py:188} INFO - Downloaded AMZN/1771308517.json
[2026-02-17T06:10:44.566+0000] {logging_mixin.py:188} INFO - Downloaded AMZN/1771308527.json
[2026-02-17T06:10:44.581+0000] {logging_mixin.py:188} INFO - Downloaded AMZN/1771308537.json
[2026-02-17T06:10:44.595+0000] {logging_mixin.py:188} INFO - Downloaded AMZN/1771308548.json
[2026-02-17T06:10:44.610+0000] {logging_mixin.py:188} INFO - Downloaded AMZN/1771308557.json
[2026-02-17T06:10:44.644+0000] {logging_mixin.py:188} INFO - Downloaded AMZN/1771308567.json
[2026-02-17T06:10:44.663+0000] {logging_mixin.py:188} INFO - Downloaded AMZN/1771308578.json
[2026-02-17T06:10:44.680+0000] {logging_mixin.py:188} INFO - Downloaded AMZN/1771308587.json
[2026-02-17T06:10:44.697+0000] {logging_mixin.py:188} INFO - Downloaded AMZN/1771308598.json
[2026-02-17T06:10:44.718+0000] {logging_mixin.py:188} INFO - Downloaded AMZN/1771308608.json
[2026-02-17T06:10:44.743+0000] {logging_mixin.py:188} INFO - Downloaded AMZN/1771308618.json
[2026-02-17T06:10:44.764+0000] {logging_mixin.py:188} INFO - Downloaded AMZN/1771308629.json
[2026-02-17T06:10:44.786+0000] {logging_mixin.py:188} INFO - Downloaded GOOGL/1771221450.json
[2026-02-17T06:10:44.809+0000] {logging_mixin.py:188} INFO - Downloaded GOOGL/1771221462.json
[2026-02-17T06:10:44.830+0000] {logging_mixin.py:188} INFO - Downloaded GOOGL/1771221475.json
[2026-02-17T06:10:44.866+0000] {logging_mixin.py:188} INFO - Downloaded GOOGL/1771221488.json
[2026-02-17T06:10:44.892+0000] {logging_mixin.py:188} INFO - Downloaded GOOGL/1771221500.json
[2026-02-17T06:10:44.925+0000] {logging_mixin.py:188} INFO - Downloaded GOOGL/1771221512.json
[2026-02-17T06:10:44.958+0000] {logging_mixin.py:188} INFO - Downloaded GOOGL/1771221525.json
[2026-02-17T06:10:44.987+0000] {logging_mixin.py:188} INFO - Downloaded GOOGL/1771221537.json
[2026-02-17T06:10:45.012+0000] {logging_mixin.py:188} INFO - Downloaded GOOGL/1771221549.json
[2026-02-17T06:10:45.057+0000] {logging_mixin.py:188} INFO - Downloaded GOOGL/1771221560.json
[2026-02-17T06:10:45.099+0000] {logging_mixin.py:188} INFO - Downloaded GOOGL/1771221571.json
[2026-02-17T06:10:45.174+0000] {logging_mixin.py:188} INFO - Downloaded GOOGL/1771221583.json
[2026-02-17T06:10:45.239+0000] {logging_mixin.py:188} INFO - Downloaded GOOGL/1771221595.json
[2026-02-17T06:10:45.288+0000] {logging_mixin.py:188} INFO - Downloaded GOOGL/1771221607.json
[2026-02-17T06:10:45.308+0000] {logging_mixin.py:188} INFO - Downloaded GOOGL/1771221619.json
[2026-02-17T06:10:45.345+0000] {logging_mixin.py:188} INFO - Downloaded GOOGL/1771221630.json
[2026-02-17T06:10:45.364+0000] {logging_mixin.py:188} INFO - Downloaded GOOGL/1771221642.json
[2026-02-17T06:10:45.389+0000] {logging_mixin.py:188} INFO - Downloaded GOOGL/1771221653.json
[2026-02-17T06:10:45.416+0000] {logging_mixin.py:188} INFO - Downloaded GOOGL/1771221665.json
[2026-02-17T06:10:45.467+0000] {logging_mixin.py:188} INFO - Downloaded GOOGL/1771221677.json
[2026-02-17T06:10:45.501+0000] {logging_mixin.py:188} INFO - Downloaded GOOGL/1771221689.json
[2026-02-17T06:10:45.547+0000] {logging_mixin.py:188} INFO - Downloaded GOOGL/1771221701.json
[2026-02-17T06:10:45.563+0000] {logging_mixin.py:188} INFO - Downloaded GOOGL/1771221712.json
[2026-02-17T06:10:45.606+0000] {logging_mixin.py:188} INFO - Downloaded GOOGL/1771221724.json
[2026-02-17T06:10:45.665+0000] {logging_mixin.py:188} INFO - Downloaded GOOGL/1771221736.json
[2026-02-17T06:10:45.727+0000] {logging_mixin.py:188} INFO - Downloaded GOOGL/1771221748.json
[2026-02-17T06:10:45.772+0000] {logging_mixin.py:188} INFO - Downloaded GOOGL/1771221760.json
[2026-02-17T06:10:45.806+0000] {logging_mixin.py:188} INFO - Downloaded GOOGL/1771221771.json
[2026-02-17T06:10:45.844+0000] {logging_mixin.py:188} INFO - Downloaded GOOGL/1771221783.json
[2026-02-17T06:10:45.892+0000] {logging_mixin.py:188} INFO - Downloaded GOOGL/1771221799.json
[2026-02-17T06:10:45.954+0000] {logging_mixin.py:188} INFO - Downloaded GOOGL/1771221811.json
[2026-02-17T06:10:45.992+0000] {logging_mixin.py:188} INFO - Downloaded GOOGL/1771221823.json
[2026-02-17T06:10:46.021+0000] {logging_mixin.py:188} INFO - Downloaded GOOGL/1771221835.json
[2026-02-17T06:10:46.067+0000] {logging_mixin.py:188} INFO - Downloaded GOOGL/1771221850.json
[2026-02-17T06:10:46.103+0000] {logging_mixin.py:188} INFO - Downloaded GOOGL/1771221862.json
[2026-02-17T06:10:46.129+0000] {logging_mixin.py:188} INFO - Downloaded GOOGL/1771221874.json
[2026-02-17T06:10:46.153+0000] {logging_mixin.py:188} INFO - Downloaded GOOGL/1771221886.json
[2026-02-17T06:10:46.173+0000] {logging_mixin.py:188} INFO - Downloaded GOOGL/1771221898.json
[2026-02-17T06:10:46.193+0000] {logging_mixin.py:188} INFO - Downloaded GOOGL/1771221910.json
[2026-02-17T06:10:46.217+0000] {logging_mixin.py:188} INFO - Downloaded GOOGL/1771221921.json
[2026-02-17T06:10:46.238+0000] {logging_mixin.py:188} INFO - Downloaded GOOGL/1771221933.json
[2026-02-17T06:10:46.258+0000] {logging_mixin.py:188} INFO - Downloaded GOOGL/1771221945.json
[2026-02-17T06:10:46.331+0000] {logging_mixin.py:188} INFO - Downloaded GOOGL/1771221957.json
[2026-02-17T06:10:46.364+0000] {logging_mixin.py:188} INFO - Downloaded GOOGL/1771221968.json
[2026-02-17T06:10:46.404+0000] {logging_mixin.py:188} INFO - Downloaded GOOGL/1771221980.json
[2026-02-17T06:10:46.424+0000] {logging_mixin.py:188} INFO - Downloaded GOOGL/1771222084.json
[2026-02-17T06:10:46.490+0000] {logging_mixin.py:188} INFO - Downloaded GOOGL/1771222107.json
[2026-02-17T06:10:46.515+0000] {logging_mixin.py:188} INFO - Downloaded GOOGL/1771222119.json
[2026-02-17T06:10:46.535+0000] {logging_mixin.py:188} INFO - Downloaded GOOGL/1771222131.json
[2026-02-17T06:10:46.553+0000] {logging_mixin.py:188} INFO - Downloaded GOOGL/1771222143.json
[2026-02-17T06:10:46.569+0000] {logging_mixin.py:188} INFO - Downloaded GOOGL/1771222156.json
[2026-02-17T06:10:46.589+0000] {logging_mixin.py:188} INFO - Downloaded GOOGL/1771222197.json
[2026-02-17T06:10:46.608+0000] {logging_mixin.py:188} INFO - Downloaded GOOGL/1771222209.json
[2026-02-17T06:10:46.626+0000] {logging_mixin.py:188} INFO - Downloaded GOOGL/1771222221.json
[2026-02-17T06:10:46.642+0000] {logging_mixin.py:188} INFO - Downloaded GOOGL/1771222232.json
[2026-02-17T06:10:46.659+0000] {logging_mixin.py:188} INFO - Downloaded GOOGL/1771222244.json
[2026-02-17T06:10:46.676+0000] {logging_mixin.py:188} INFO - Downloaded GOOGL/1771222255.json
[2026-02-17T06:10:46.696+0000] {logging_mixin.py:188} INFO - Downloaded GOOGL/1771222267.json
[2026-02-17T06:10:46.717+0000] {logging_mixin.py:188} INFO - Downloaded GOOGL/1771222278.json
[2026-02-17T06:10:46.734+0000] {logging_mixin.py:188} INFO - Downloaded GOOGL/1771222290.json
[2026-02-17T06:10:46.754+0000] {logging_mixin.py:188} INFO - Downloaded GOOGL/1771222301.json
[2026-02-17T06:10:46.773+0000] {logging_mixin.py:188} INFO - Downloaded GOOGL/1771222312.json
[2026-02-17T06:10:46.794+0000] {logging_mixin.py:188} INFO - Downloaded GOOGL/1771222323.json
[2026-02-17T06:10:46.826+0000] {logging_mixin.py:188} INFO - Downloaded GOOGL/1771222335.json
[2026-02-17T06:10:46.855+0000] {logging_mixin.py:188} INFO - Downloaded GOOGL/1771222347.json
[2026-02-17T06:10:46.877+0000] {logging_mixin.py:188} INFO - Downloaded GOOGL/1771222358.json
[2026-02-17T06:10:46.910+0000] {logging_mixin.py:188} INFO - Downloaded GOOGL/1771222370.json
[2026-02-17T06:10:46.939+0000] {logging_mixin.py:188} INFO - Downloaded GOOGL/1771222380.json
[2026-02-17T06:10:46.988+0000] {logging_mixin.py:188} INFO - Downloaded GOOGL/1771222392.json
[2026-02-17T06:10:47.012+0000] {logging_mixin.py:188} INFO - Downloaded GOOGL/1771222403.json
[2026-02-17T06:10:47.048+0000] {logging_mixin.py:188} INFO - Downloaded GOOGL/1771222443.json
[2026-02-17T06:10:47.074+0000] {logging_mixin.py:188} INFO - Downloaded GOOGL/1771222455.json
[2026-02-17T06:10:47.096+0000] {logging_mixin.py:188} INFO - Downloaded GOOGL/1771222466.json
[2026-02-17T06:10:47.118+0000] {logging_mixin.py:188} INFO - Downloaded GOOGL/1771222479.json
[2026-02-17T06:10:47.136+0000] {logging_mixin.py:188} INFO - Downloaded GOOGL/1771222523.json
[2026-02-17T06:10:47.155+0000] {logging_mixin.py:188} INFO - Downloaded GOOGL/1771222535.json
[2026-02-17T06:10:47.169+0000] {logging_mixin.py:188} INFO - Downloaded GOOGL/1771222548.json
[2026-02-17T06:10:47.184+0000] {logging_mixin.py:188} INFO - Downloaded GOOGL/1771222561.json
[2026-02-17T06:10:47.215+0000] {logging_mixin.py:188} INFO - Downloaded GOOGL/1771222573.json
[2026-02-17T06:10:47.233+0000] {logging_mixin.py:188} INFO - Downloaded GOOGL/1771222584.json
[2026-02-17T06:10:47.251+0000] {logging_mixin.py:188} INFO - Downloaded GOOGL/1771222596.json
[2026-02-17T06:10:47.272+0000] {logging_mixin.py:188} INFO - Downloaded GOOGL/1771222608.json
[2026-02-17T06:10:47.296+0000] {logging_mixin.py:188} INFO - Downloaded GOOGL/1771222621.json
[2026-02-17T06:10:47.330+0000] {logging_mixin.py:188} INFO - Downloaded GOOGL/1771222634.json
[2026-02-17T06:10:47.410+0000] {logging_mixin.py:188} INFO - Downloaded GOOGL/1771222675.json
[2026-02-17T06:10:47.429+0000] {logging_mixin.py:188} INFO - Downloaded GOOGL/1771222701.json
[2026-02-17T06:10:47.473+0000] {logging_mixin.py:188} INFO - Downloaded GOOGL/1771222713.json
[2026-02-17T06:10:47.522+0000] {logging_mixin.py:188} INFO - Downloaded GOOGL/1771222725.json
[2026-02-17T06:10:47.552+0000] {logging_mixin.py:188} INFO - Downloaded GOOGL/1771222736.json
[2026-02-17T06:10:47.601+0000] {logging_mixin.py:188} INFO - Downloaded GOOGL/1771222748.json
[2026-02-17T06:10:47.629+0000] {logging_mixin.py:188} INFO - Downloaded GOOGL/1771222763.json
[2026-02-17T06:10:47.669+0000] {logging_mixin.py:188} INFO - Downloaded GOOGL/1771222778.json
[2026-02-17T06:10:47.693+0000] {logging_mixin.py:188} INFO - Downloaded GOOGL/1771222796.json
[2026-02-17T06:10:47.719+0000] {logging_mixin.py:188} INFO - Downloaded GOOGL/1771222848.json
[2026-02-17T06:10:47.754+0000] {logging_mixin.py:188} INFO - Downloaded GOOGL/1771222861.json
[2026-02-17T06:10:47.780+0000] {logging_mixin.py:188} INFO - Downloaded GOOGL/1771222872.json
[2026-02-17T06:10:47.800+0000] {logging_mixin.py:188} INFO - Downloaded GOOGL/1771222887.json
[2026-02-17T06:10:47.820+0000] {logging_mixin.py:188} INFO - Downloaded GOOGL/1771222900.json
[2026-02-17T06:10:47.839+0000] {logging_mixin.py:188} INFO - Downloaded GOOGL/1771222915.json
[2026-02-17T06:10:47.854+0000] {logging_mixin.py:188} INFO - Downloaded GOOGL/1771222927.json
[2026-02-17T06:10:47.877+0000] {logging_mixin.py:188} INFO - Downloaded GOOGL/1771222938.json
[2026-02-17T06:10:47.896+0000] {logging_mixin.py:188} INFO - Downloaded GOOGL/1771222958.json
[2026-02-17T06:10:47.912+0000] {logging_mixin.py:188} INFO - Downloaded GOOGL/1771222971.json
[2026-02-17T06:10:47.926+0000] {logging_mixin.py:188} INFO - Downloaded GOOGL/1771222982.json
[2026-02-17T06:10:47.957+0000] {logging_mixin.py:188} INFO - Downloaded GOOGL/1771222992.json
[2026-02-17T06:10:47.976+0000] {logging_mixin.py:188} INFO - Downloaded GOOGL/1771223002.json
[2026-02-17T06:10:48.036+0000] {logging_mixin.py:188} INFO - Downloaded GOOGL/1771223013.json
[2026-02-17T06:10:48.075+0000] {logging_mixin.py:188} INFO - Downloaded GOOGL/1771223023.json
[2026-02-17T06:10:48.099+0000] {logging_mixin.py:188} INFO - Downloaded GOOGL/1771223036.json
[2026-02-17T06:10:48.132+0000] {logging_mixin.py:188} INFO - Downloaded GOOGL/1771223048.json
[2026-02-17T06:10:48.170+0000] {logging_mixin.py:188} INFO - Downloaded GOOGL/1771223060.json
[2026-02-17T06:10:48.198+0000] {logging_mixin.py:188} INFO - Downloaded GOOGL/1771223162.json
[2026-02-17T06:10:48.226+0000] {logging_mixin.py:188} INFO - Downloaded GOOGL/1771223373.json
[2026-02-17T06:10:48.275+0000] {logging_mixin.py:188} INFO - Downloaded GOOGL/1771223385.json
[2026-02-17T06:10:48.309+0000] {logging_mixin.py:188} INFO - Downloaded GOOGL/1771223398.json
[2026-02-17T06:10:48.339+0000] {logging_mixin.py:188} INFO - Downloaded GOOGL/1771223408.json
[2026-02-17T06:10:48.386+0000] {logging_mixin.py:188} INFO - Downloaded GOOGL/1771223420.json
[2026-02-17T06:10:48.427+0000] {logging_mixin.py:188} INFO - Downloaded GOOGL/1771223431.json
[2026-02-17T06:10:48.465+0000] {logging_mixin.py:188} INFO - Downloaded GOOGL/1771223442.json
[2026-02-17T06:10:48.489+0000] {logging_mixin.py:188} INFO - Downloaded GOOGL/1771223452.json
[2026-02-17T06:10:48.512+0000] {logging_mixin.py:188} INFO - Downloaded GOOGL/1771223463.json
[2026-02-17T06:10:48.539+0000] {logging_mixin.py:188} INFO - Downloaded GOOGL/1771223475.json
[2026-02-17T06:10:48.559+0000] {logging_mixin.py:188} INFO - Downloaded GOOGL/1771223487.json
[2026-02-17T06:10:48.577+0000] {logging_mixin.py:188} INFO - Downloaded GOOGL/1771223497.json
[2026-02-17T06:10:48.597+0000] {logging_mixin.py:188} INFO - Downloaded GOOGL/1771223509.json
[2026-02-17T06:10:48.627+0000] {logging_mixin.py:188} INFO - Downloaded GOOGL/1771223520.json
[2026-02-17T06:10:48.647+0000] {logging_mixin.py:188} INFO - Downloaded GOOGL/1771223530.json
[2026-02-17T06:10:48.685+0000] {logging_mixin.py:188} INFO - Downloaded GOOGL/1771223540.json
[2026-02-17T06:10:48.718+0000] {logging_mixin.py:188} INFO - Downloaded GOOGL/1771223551.json
[2026-02-17T06:10:48.748+0000] {logging_mixin.py:188} INFO - Downloaded GOOGL/1771223562.json
[2026-02-17T06:10:48.776+0000] {logging_mixin.py:188} INFO - Downloaded GOOGL/1771223572.json
[2026-02-17T06:10:48.798+0000] {logging_mixin.py:188} INFO - Downloaded GOOGL/1771223584.json
[2026-02-17T06:10:48.826+0000] {logging_mixin.py:188} INFO - Downloaded GOOGL/1771223597.json
[2026-02-17T06:10:48.853+0000] {logging_mixin.py:188} INFO - Downloaded GOOGL/1771223611.json
[2026-02-17T06:10:48.877+0000] {logging_mixin.py:188} INFO - Downloaded GOOGL/1771223622.json
[2026-02-17T06:10:48.901+0000] {logging_mixin.py:188} INFO - Downloaded GOOGL/1771223634.json
[2026-02-17T06:10:48.927+0000] {logging_mixin.py:188} INFO - Downloaded GOOGL/1771223647.json
[2026-02-17T06:10:48.968+0000] {logging_mixin.py:188} INFO - Downloaded GOOGL/1771223658.json
[2026-02-17T06:10:48.991+0000] {logging_mixin.py:188} INFO - Downloaded GOOGL/1771223678.json
[2026-02-17T06:10:49.033+0000] {logging_mixin.py:188} INFO - Downloaded GOOGL/1771223690.json
[2026-02-17T06:10:49.066+0000] {logging_mixin.py:188} INFO - Downloaded GOOGL/1771223702.json
[2026-02-17T06:10:49.092+0000] {logging_mixin.py:188} INFO - Downloaded GOOGL/1771223712.json
[2026-02-17T06:10:49.118+0000] {logging_mixin.py:188} INFO - Downloaded GOOGL/1771223722.json
[2026-02-17T06:10:49.148+0000] {logging_mixin.py:188} INFO - Downloaded GOOGL/1771223733.json
[2026-02-17T06:10:49.172+0000] {logging_mixin.py:188} INFO - Downloaded GOOGL/1771223743.json
[2026-02-17T06:10:49.194+0000] {logging_mixin.py:188} INFO - Downloaded GOOGL/1771223753.json
[2026-02-17T06:10:49.217+0000] {logging_mixin.py:188} INFO - Downloaded GOOGL/1771223765.json
[2026-02-17T06:10:49.240+0000] {logging_mixin.py:188} INFO - Downloaded GOOGL/1771223778.json
[2026-02-17T06:10:49.262+0000] {logging_mixin.py:188} INFO - Downloaded GOOGL/1771223789.json
[2026-02-17T06:10:49.314+0000] {logging_mixin.py:188} INFO - Downloaded GOOGL/1771223802.json
[2026-02-17T06:10:49.375+0000] {logging_mixin.py:188} INFO - Downloaded GOOGL/1771223835.json
[2026-02-17T06:10:49.432+0000] {logging_mixin.py:188} INFO - Downloaded GOOGL/1771223898.json
[2026-02-17T06:10:49.490+0000] {logging_mixin.py:188} INFO - Downloaded GOOGL/1771223935.json
[2026-02-17T06:10:49.515+0000] {logging_mixin.py:188} INFO - Downloaded GOOGL/1771223948.json
[2026-02-17T06:10:49.537+0000] {logging_mixin.py:188} INFO - Downloaded GOOGL/1771223961.json
[2026-02-17T06:10:49.563+0000] {logging_mixin.py:188} INFO - Downloaded GOOGL/1771223975.json
[2026-02-17T06:10:49.613+0000] {logging_mixin.py:188} INFO - Downloaded GOOGL/1771223987.json
[2026-02-17T06:10:49.668+0000] {logging_mixin.py:188} INFO - Downloaded GOOGL/1771223998.json
[2026-02-17T06:10:49.703+0000] {logging_mixin.py:188} INFO - Downloaded GOOGL/1771224009.json
[2026-02-17T06:10:49.733+0000] {logging_mixin.py:188} INFO - Downloaded GOOGL/1771224020.json
[2026-02-17T06:10:49.760+0000] {logging_mixin.py:188} INFO - Downloaded GOOGL/1771224032.json
[2026-02-17T06:10:49.804+0000] {logging_mixin.py:188} INFO - Downloaded GOOGL/1771224043.json
[2026-02-17T06:10:49.836+0000] {logging_mixin.py:188} INFO - Downloaded GOOGL/1771224054.json
[2026-02-17T06:10:49.880+0000] {logging_mixin.py:188} INFO - Downloaded GOOGL/1771224068.json
[2026-02-17T06:10:49.907+0000] {logging_mixin.py:188} INFO - Downloaded GOOGL/1771224080.json
[2026-02-17T06:10:49.953+0000] {logging_mixin.py:188} INFO - Downloaded GOOGL/1771224091.json
[2026-02-17T06:10:49.978+0000] {logging_mixin.py:188} INFO - Downloaded GOOGL/1771224102.json
[2026-02-17T06:10:50.007+0000] {logging_mixin.py:188} INFO - Downloaded GOOGL/1771224113.json
[2026-02-17T06:10:50.052+0000] {logging_mixin.py:188} INFO - Downloaded GOOGL/1771224123.json
[2026-02-17T06:10:50.093+0000] {logging_mixin.py:188} INFO - Downloaded GOOGL/1771224135.json
[2026-02-17T06:10:50.160+0000] {logging_mixin.py:188} INFO - Downloaded GOOGL/1771224145.json
[2026-02-17T06:10:50.195+0000] {logging_mixin.py:188} INFO - Downloaded GOOGL/1771224156.json
[2026-02-17T06:10:50.221+0000] {logging_mixin.py:188} INFO - Downloaded GOOGL/1771224167.json
[2026-02-17T06:10:50.240+0000] {logging_mixin.py:188} INFO - Downloaded GOOGL/1771224178.json
[2026-02-17T06:10:50.260+0000] {logging_mixin.py:188} INFO - Downloaded GOOGL/1771224190.json
[2026-02-17T06:10:50.277+0000] {logging_mixin.py:188} INFO - Downloaded GOOGL/1771224202.json
[2026-02-17T06:10:50.291+0000] {logging_mixin.py:188} INFO - Downloaded GOOGL/1771224214.json
[2026-02-17T06:10:50.318+0000] {logging_mixin.py:188} INFO - Downloaded GOOGL/1771224227.json
[2026-02-17T06:10:50.334+0000] {logging_mixin.py:188} INFO - Downloaded GOOGL/1771224241.json
[2026-02-17T06:10:50.362+0000] {logging_mixin.py:188} INFO - Downloaded GOOGL/1771224254.json
[2026-02-17T06:10:50.379+0000] {logging_mixin.py:188} INFO - Downloaded GOOGL/1771224516.json
[2026-02-17T06:10:50.392+0000] {logging_mixin.py:188} INFO - Downloaded GOOGL/1771224528.json
[2026-02-17T06:10:50.416+0000] {logging_mixin.py:188} INFO - Downloaded GOOGL/1771224542.json
[2026-02-17T06:10:50.432+0000] {logging_mixin.py:188} INFO - Downloaded GOOGL/1771224554.json
[2026-02-17T06:10:50.445+0000] {logging_mixin.py:188} INFO - Downloaded GOOGL/1771224567.json
[2026-02-17T06:10:50.463+0000] {logging_mixin.py:188} INFO - Downloaded GOOGL/1771224580.json
[2026-02-17T06:10:50.480+0000] {logging_mixin.py:188} INFO - Downloaded GOOGL/1771224592.json
[2026-02-17T06:10:50.498+0000] {logging_mixin.py:188} INFO - Downloaded GOOGL/1771224605.json
[2026-02-17T06:10:50.518+0000] {logging_mixin.py:188} INFO - Downloaded GOOGL/1771224615.json
[2026-02-17T06:10:50.537+0000] {logging_mixin.py:188} INFO - Downloaded GOOGL/1771224626.json
[2026-02-17T06:10:50.557+0000] {logging_mixin.py:188} INFO - Downloaded GOOGL/1771224637.json
[2026-02-17T06:10:50.600+0000] {logging_mixin.py:188} INFO - Downloaded GOOGL/1771224658.json
[2026-02-17T06:10:50.621+0000] {logging_mixin.py:188} INFO - Downloaded GOOGL/1771224670.json
[2026-02-17T06:10:50.643+0000] {logging_mixin.py:188} INFO - Downloaded GOOGL/1771224682.json
[2026-02-17T06:10:50.660+0000] {logging_mixin.py:188} INFO - Downloaded GOOGL/1771224695.json
[2026-02-17T06:10:50.674+0000] {logging_mixin.py:188} INFO - Downloaded GOOGL/1771224707.json
[2026-02-17T06:10:50.688+0000] {logging_mixin.py:188} INFO - Downloaded GOOGL/1771224720.json
[2026-02-17T06:10:50.703+0000] {logging_mixin.py:188} INFO - Downloaded GOOGL/1771224733.json
[2026-02-17T06:10:50.720+0000] {logging_mixin.py:188} INFO - Downloaded GOOGL/1771224744.json
[2026-02-17T06:10:50.735+0000] {logging_mixin.py:188} INFO - Downloaded GOOGL/1771224758.json
[2026-02-17T06:10:50.747+0000] {logging_mixin.py:188} INFO - Downloaded GOOGL/1771224772.json
[2026-02-17T06:10:50.763+0000] {logging_mixin.py:188} INFO - Downloaded GOOGL/1771224786.json
[2026-02-17T06:10:50.778+0000] {logging_mixin.py:188} INFO - Downloaded GOOGL/1771224798.json
[2026-02-17T06:10:50.792+0000] {logging_mixin.py:188} INFO - Downloaded GOOGL/1771224811.json
[2026-02-17T06:10:50.806+0000] {logging_mixin.py:188} INFO - Downloaded GOOGL/1771224822.json
[2026-02-17T06:10:50.823+0000] {logging_mixin.py:188} INFO - Downloaded GOOGL/1771224834.json
[2026-02-17T06:10:50.841+0000] {logging_mixin.py:188} INFO - Downloaded GOOGL/1771224846.json
[2026-02-17T06:10:50.856+0000] {logging_mixin.py:188} INFO - Downloaded GOOGL/1771224858.json
[2026-02-17T06:10:50.873+0000] {logging_mixin.py:188} INFO - Downloaded GOOGL/1771224869.json
[2026-02-17T06:10:50.888+0000] {logging_mixin.py:188} INFO - Downloaded GOOGL/1771224880.json
[2026-02-17T06:10:50.902+0000] {logging_mixin.py:188} INFO - Downloaded GOOGL/1771224891.json
[2026-02-17T06:10:50.916+0000] {logging_mixin.py:188} INFO - Downloaded GOOGL/1771224903.json
[2026-02-17T06:10:50.933+0000] {logging_mixin.py:188} INFO - Downloaded GOOGL/1771224913.json
[2026-02-17T06:10:50.955+0000] {logging_mixin.py:188} INFO - Downloaded GOOGL/1771224923.json
[2026-02-17T06:10:50.975+0000] {logging_mixin.py:188} INFO - Downloaded GOOGL/1771224934.json
[2026-02-17T06:10:50.991+0000] {logging_mixin.py:188} INFO - Downloaded GOOGL/1771224945.json
[2026-02-17T06:10:51.009+0000] {logging_mixin.py:188} INFO - Downloaded GOOGL/1771224956.json
[2026-02-17T06:10:51.028+0000] {logging_mixin.py:188} INFO - Downloaded GOOGL/1771224966.json
[2026-02-17T06:10:51.047+0000] {logging_mixin.py:188} INFO - Downloaded GOOGL/1771224978.json
[2026-02-17T06:10:51.078+0000] {logging_mixin.py:188} INFO - Downloaded GOOGL/1771224988.json
[2026-02-17T06:10:51.095+0000] {logging_mixin.py:188} INFO - Downloaded GOOGL/1771224999.json
[2026-02-17T06:10:51.115+0000] {logging_mixin.py:188} INFO - Downloaded GOOGL/1771225011.json
[2026-02-17T06:10:51.134+0000] {logging_mixin.py:188} INFO - Downloaded GOOGL/1771225021.json
[2026-02-17T06:10:51.152+0000] {logging_mixin.py:188} INFO - Downloaded GOOGL/1771225032.json
[2026-02-17T06:10:51.166+0000] {logging_mixin.py:188} INFO - Downloaded GOOGL/1771225044.json
[2026-02-17T06:10:51.180+0000] {logging_mixin.py:188} INFO - Downloaded GOOGL/1771225055.json
[2026-02-17T06:10:51.198+0000] {logging_mixin.py:188} INFO - Downloaded GOOGL/1771225066.json
[2026-02-17T06:10:51.217+0000] {logging_mixin.py:188} INFO - Downloaded GOOGL/1771225077.json
[2026-02-17T06:10:51.234+0000] {logging_mixin.py:188} INFO - Downloaded GOOGL/1771225087.json
[2026-02-17T06:10:51.254+0000] {logging_mixin.py:188} INFO - Downloaded GOOGL/1771225098.json
[2026-02-17T06:10:51.271+0000] {logging_mixin.py:188} INFO - Downloaded GOOGL/1771225109.json
[2026-02-17T06:10:51.292+0000] {logging_mixin.py:188} INFO - Downloaded GOOGL/1771225121.json
[2026-02-17T06:10:51.311+0000] {logging_mixin.py:188} INFO - Downloaded GOOGL/1771225136.json
[2026-02-17T06:10:51.335+0000] {logging_mixin.py:188} INFO - Downloaded GOOGL/1771225147.json
[2026-02-17T06:10:51.360+0000] {logging_mixin.py:188} INFO - Downloaded GOOGL/1771225158.json
[2026-02-17T06:10:51.381+0000] {logging_mixin.py:188} INFO - Downloaded GOOGL/1771225169.json
[2026-02-17T06:10:51.403+0000] {logging_mixin.py:188} INFO - Downloaded GOOGL/1771225190.json
[2026-02-17T06:10:51.422+0000] {logging_mixin.py:188} INFO - Downloaded GOOGL/1771225202.json
[2026-02-17T06:10:51.438+0000] {logging_mixin.py:188} INFO - Downloaded GOOGL/1771225215.json
[2026-02-17T06:10:51.455+0000] {logging_mixin.py:188} INFO - Downloaded GOOGL/1771225227.json
[2026-02-17T06:10:51.472+0000] {logging_mixin.py:188} INFO - Downloaded GOOGL/1771225239.json
[2026-02-17T06:10:51.489+0000] {logging_mixin.py:188} INFO - Downloaded GOOGL/1771225252.json
[2026-02-17T06:10:51.519+0000] {logging_mixin.py:188} INFO - Downloaded GOOGL/1771225262.json
[2026-02-17T06:10:51.554+0000] {logging_mixin.py:188} INFO - Downloaded GOOGL/1771225278.json
[2026-02-17T06:10:51.594+0000] {logging_mixin.py:188} INFO - Downloaded GOOGL/1771225289.json
[2026-02-17T06:10:51.633+0000] {logging_mixin.py:188} INFO - Downloaded GOOGL/1771225300.json
[2026-02-17T06:10:51.666+0000] {logging_mixin.py:188} INFO - Downloaded GOOGL/1771225311.json
[2026-02-17T06:10:51.715+0000] {logging_mixin.py:188} INFO - Downloaded GOOGL/1771225322.json
[2026-02-17T06:10:51.734+0000] {logging_mixin.py:188} INFO - Downloaded GOOGL/1771225334.json
[2026-02-17T06:10:51.797+0000] {logging_mixin.py:188} INFO - Downloaded GOOGL/1771225346.json
[2026-02-17T06:10:51.829+0000] {logging_mixin.py:188} INFO - Downloaded GOOGL/1771225357.json
[2026-02-17T06:10:51.849+0000] {logging_mixin.py:188} INFO - Downloaded GOOGL/1771225370.json
[2026-02-17T06:10:51.879+0000] {logging_mixin.py:188} INFO - Downloaded GOOGL/1771225381.json
[2026-02-17T06:10:51.893+0000] {logging_mixin.py:188} INFO - Downloaded GOOGL/1771225391.json
[2026-02-17T06:10:51.921+0000] {logging_mixin.py:188} INFO - Downloaded GOOGL/1771225402.json
[2026-02-17T06:10:51.948+0000] {logging_mixin.py:188} INFO - Downloaded GOOGL/1771225412.json
[2026-02-17T06:10:51.968+0000] {logging_mixin.py:188} INFO - Downloaded GOOGL/1771225422.json
[2026-02-17T06:10:51.987+0000] {logging_mixin.py:188} INFO - Downloaded GOOGL/1771225435.json
[2026-02-17T06:10:52.007+0000] {logging_mixin.py:188} INFO - Downloaded GOOGL/1771225446.json
[2026-02-17T06:10:52.038+0000] {logging_mixin.py:188} INFO - Downloaded GOOGL/1771225456.json
[2026-02-17T06:10:52.054+0000] {logging_mixin.py:188} INFO - Downloaded GOOGL/1771225467.json
[2026-02-17T06:10:52.070+0000] {logging_mixin.py:188} INFO - Downloaded GOOGL/1771225479.json
[2026-02-17T06:10:52.094+0000] {logging_mixin.py:188} INFO - Downloaded GOOGL/1771225489.json
[2026-02-17T06:10:52.114+0000] {logging_mixin.py:188} INFO - Downloaded GOOGL/1771225500.json
[2026-02-17T06:10:52.131+0000] {logging_mixin.py:188} INFO - Downloaded GOOGL/1771225510.json
[2026-02-17T06:10:52.161+0000] {logging_mixin.py:188} INFO - Downloaded GOOGL/1771225521.json
[2026-02-17T06:10:52.175+0000] {logging_mixin.py:188} INFO - Downloaded GOOGL/1771225532.json
[2026-02-17T06:10:52.193+0000] {logging_mixin.py:188} INFO - Downloaded GOOGL/1771225543.json
[2026-02-17T06:10:52.215+0000] {logging_mixin.py:188} INFO - Downloaded GOOGL/1771225554.json
[2026-02-17T06:10:52.232+0000] {logging_mixin.py:188} INFO - Downloaded GOOGL/1771225565.json
[2026-02-17T06:10:52.248+0000] {logging_mixin.py:188} INFO - Downloaded GOOGL/1771225578.json
[2026-02-17T06:10:52.277+0000] {logging_mixin.py:188} INFO - Downloaded GOOGL/1771225589.json
[2026-02-17T06:10:52.296+0000] {logging_mixin.py:188} INFO - Downloaded GOOGL/1771225600.json
[2026-02-17T06:10:52.317+0000] {logging_mixin.py:188} INFO - Downloaded GOOGL/1771225611.json
[2026-02-17T06:10:52.335+0000] {logging_mixin.py:188} INFO - Downloaded GOOGL/1771225622.json
[2026-02-17T06:10:52.350+0000] {logging_mixin.py:188} INFO - Downloaded GOOGL/1771225633.json
[2026-02-17T06:10:52.380+0000] {logging_mixin.py:188} INFO - Downloaded GOOGL/1771225644.json
[2026-02-17T06:10:52.400+0000] {logging_mixin.py:188} INFO - Downloaded GOOGL/1771225655.json
[2026-02-17T06:10:52.418+0000] {logging_mixin.py:188} INFO - Downloaded GOOGL/1771225666.json
[2026-02-17T06:10:52.434+0000] {logging_mixin.py:188} INFO - Downloaded GOOGL/1771225676.json
[2026-02-17T06:10:52.449+0000] {logging_mixin.py:188} INFO - Downloaded GOOGL/1771225686.json
[2026-02-17T06:10:52.466+0000] {logging_mixin.py:188} INFO - Downloaded GOOGL/1771225697.json
[2026-02-17T06:10:52.483+0000] {logging_mixin.py:188} INFO - Downloaded GOOGL/1771225708.json
[2026-02-17T06:10:52.511+0000] {logging_mixin.py:188} INFO - Downloaded GOOGL/1771225718.json
[2026-02-17T06:10:52.528+0000] {logging_mixin.py:188} INFO - Downloaded GOOGL/1771225730.json
[2026-02-17T06:10:52.543+0000] {logging_mixin.py:188} INFO - Downloaded GOOGL/1771225741.json
[2026-02-17T06:10:52.555+0000] {logging_mixin.py:188} INFO - Downloaded GOOGL/1771225752.json
[2026-02-17T06:10:52.579+0000] {logging_mixin.py:188} INFO - Downloaded GOOGL/1771225762.json
[2026-02-17T06:10:52.595+0000] {logging_mixin.py:188} INFO - Downloaded GOOGL/1771225774.json
[2026-02-17T06:10:52.607+0000] {logging_mixin.py:188} INFO - Downloaded GOOGL/1771225784.json
[2026-02-17T06:10:52.619+0000] {logging_mixin.py:188} INFO - Downloaded GOOGL/1771225795.json
[2026-02-17T06:10:52.632+0000] {logging_mixin.py:188} INFO - Downloaded GOOGL/1771225805.json
[2026-02-17T06:10:52.646+0000] {logging_mixin.py:188} INFO - Downloaded GOOGL/1771225816.json
[2026-02-17T06:10:52.662+0000] {logging_mixin.py:188} INFO - Downloaded GOOGL/1771225827.json
[2026-02-17T06:10:52.678+0000] {logging_mixin.py:188} INFO - Downloaded GOOGL/1771225838.json
[2026-02-17T06:10:52.697+0000] {logging_mixin.py:188} INFO - Downloaded GOOGL/1771225849.json
[2026-02-17T06:10:52.715+0000] {logging_mixin.py:188} INFO - Downloaded GOOGL/1771225861.json
[2026-02-17T06:10:52.750+0000] {logging_mixin.py:188} INFO - Downloaded GOOGL/1771225872.json
[2026-02-17T06:10:52.771+0000] {logging_mixin.py:188} INFO - Downloaded GOOGL/1771225882.json
[2026-02-17T06:10:52.786+0000] {logging_mixin.py:188} INFO - Downloaded GOOGL/1771225893.json
[2026-02-17T06:10:52.808+0000] {logging_mixin.py:188} INFO - Downloaded GOOGL/1771225904.json
[2026-02-17T06:10:52.831+0000] {logging_mixin.py:188} INFO - Downloaded GOOGL/1771225914.json
[2026-02-17T06:10:52.848+0000] {logging_mixin.py:188} INFO - Downloaded GOOGL/1771225925.json
[2026-02-17T06:10:52.863+0000] {logging_mixin.py:188} INFO - Downloaded GOOGL/1771225936.json
[2026-02-17T06:10:52.877+0000] {logging_mixin.py:188} INFO - Downloaded GOOGL/1771225946.json
[2026-02-17T06:10:52.896+0000] {logging_mixin.py:188} INFO - Downloaded GOOGL/1771225956.json
[2026-02-17T06:10:52.918+0000] {logging_mixin.py:188} INFO - Downloaded GOOGL/1771225967.json
[2026-02-17T06:10:52.937+0000] {logging_mixin.py:188} INFO - Downloaded GOOGL/1771225978.json
[2026-02-17T06:10:52.953+0000] {logging_mixin.py:188} INFO - Downloaded GOOGL/1771225988.json
[2026-02-17T06:10:52.982+0000] {logging_mixin.py:188} INFO - Downloaded GOOGL/1771225999.json
[2026-02-17T06:10:52.999+0000] {logging_mixin.py:188} INFO - Downloaded GOOGL/1771226009.json
[2026-02-17T06:10:53.056+0000] {logging_mixin.py:188} INFO - Downloaded GOOGL/1771226020.json
[2026-02-17T06:10:53.107+0000] {logging_mixin.py:188} INFO - Downloaded GOOGL/1771226030.json
[2026-02-17T06:10:53.121+0000] {logging_mixin.py:188} INFO - Downloaded GOOGL/1771226041.json
[2026-02-17T06:10:53.155+0000] {logging_mixin.py:188} INFO - Downloaded GOOGL/1771226052.json
[2026-02-17T06:10:53.180+0000] {logging_mixin.py:188} INFO - Downloaded GOOGL/1771226062.json
[2026-02-17T06:10:53.196+0000] {logging_mixin.py:188} INFO - Downloaded GOOGL/1771226073.json
[2026-02-17T06:10:53.226+0000] {logging_mixin.py:188} INFO - Downloaded GOOGL/1771226084.json
[2026-02-17T06:10:53.240+0000] {logging_mixin.py:188} INFO - Downloaded GOOGL/1771226094.json
[2026-02-17T06:10:53.257+0000] {logging_mixin.py:188} INFO - Downloaded GOOGL/1771226106.json
[2026-02-17T06:10:53.284+0000] {logging_mixin.py:188} INFO - Downloaded GOOGL/1771226117.json
[2026-02-17T06:10:53.305+0000] {logging_mixin.py:188} INFO - Downloaded GOOGL/1771226128.json
[2026-02-17T06:10:53.321+0000] {logging_mixin.py:188} INFO - Downloaded GOOGL/1771226139.json
[2026-02-17T06:10:53.333+0000] {logging_mixin.py:188} INFO - Downloaded GOOGL/1771226150.json
[2026-02-17T06:10:53.346+0000] {logging_mixin.py:188} INFO - Downloaded GOOGL/1771226161.json
[2026-02-17T06:10:53.358+0000] {logging_mixin.py:188} INFO - Downloaded GOOGL/1771226172.json
[2026-02-17T06:10:53.371+0000] {logging_mixin.py:188} INFO - Downloaded GOOGL/1771226182.json
[2026-02-17T06:10:53.396+0000] {logging_mixin.py:188} INFO - Downloaded GOOGL/1771226193.json
[2026-02-17T06:10:53.412+0000] {logging_mixin.py:188} INFO - Downloaded GOOGL/1771226204.json
[2026-02-17T06:10:53.425+0000] {logging_mixin.py:188} INFO - Downloaded GOOGL/1771226216.json
[2026-02-17T06:10:53.452+0000] {logging_mixin.py:188} INFO - Downloaded GOOGL/1771226226.json
[2026-02-17T06:10:53.477+0000] {logging_mixin.py:188} INFO - Downloaded GOOGL/1771226237.json
[2026-02-17T06:10:53.499+0000] {logging_mixin.py:188} INFO - Downloaded GOOGL/1771226247.json
[2026-02-17T06:10:53.523+0000] {logging_mixin.py:188} INFO - Downloaded GOOGL/1771226257.json
[2026-02-17T06:10:53.539+0000] {logging_mixin.py:188} INFO - Downloaded GOOGL/1771226268.json
[2026-02-17T06:10:53.570+0000] {logging_mixin.py:188} INFO - Downloaded GOOGL/1771226279.json
[2026-02-17T06:10:53.594+0000] {logging_mixin.py:188} INFO - Downloaded GOOGL/1771226289.json
[2026-02-17T06:10:53.614+0000] {logging_mixin.py:188} INFO - Downloaded GOOGL/1771226300.json
[2026-02-17T06:10:53.629+0000] {logging_mixin.py:188} INFO - Downloaded GOOGL/1771226312.json
[2026-02-17T06:10:53.662+0000] {logging_mixin.py:188} INFO - Downloaded GOOGL/1771226322.json
[2026-02-17T06:10:53.696+0000] {logging_mixin.py:188} INFO - Downloaded GOOGL/1771226333.json
[2026-02-17T06:10:53.729+0000] {logging_mixin.py:188} INFO - Downloaded GOOGL/1771226344.json
[2026-02-17T06:10:53.741+0000] {logging_mixin.py:188} INFO - Downloaded GOOGL/1771226355.json
[2026-02-17T06:10:53.764+0000] {logging_mixin.py:188} INFO - Downloaded GOOGL/1771226366.json
[2026-02-17T06:10:53.781+0000] {logging_mixin.py:188} INFO - Downloaded GOOGL/1771226377.json
[2026-02-17T06:10:53.804+0000] {logging_mixin.py:188} INFO - Downloaded GOOGL/1771226389.json
[2026-02-17T06:10:53.821+0000] {logging_mixin.py:188} INFO - Downloaded GOOGL/1771226400.json
[2026-02-17T06:10:53.856+0000] {logging_mixin.py:188} INFO - Downloaded GOOGL/1771226411.json
[2026-02-17T06:10:53.898+0000] {logging_mixin.py:188} INFO - Downloaded GOOGL/1771226422.json
[2026-02-17T06:10:53.934+0000] {logging_mixin.py:188} INFO - Downloaded GOOGL/1771226435.json
[2026-02-17T06:10:53.974+0000] {logging_mixin.py:188} INFO - Downloaded GOOGL/1771226445.json
[2026-02-17T06:10:54.012+0000] {logging_mixin.py:188} INFO - Downloaded GOOGL/1771226456.json
[2026-02-17T06:10:54.043+0000] {logging_mixin.py:188} INFO - Downloaded GOOGL/1771226468.json
[2026-02-17T06:10:54.058+0000] {logging_mixin.py:188} INFO - Downloaded GOOGL/1771226480.json
[2026-02-17T06:10:54.089+0000] {logging_mixin.py:188} INFO - Downloaded GOOGL/1771226490.json
[2026-02-17T06:10:54.118+0000] {logging_mixin.py:188} INFO - Downloaded GOOGL/1771226502.json
[2026-02-17T06:10:54.137+0000] {logging_mixin.py:188} INFO - Downloaded GOOGL/1771226513.json
[2026-02-17T06:10:54.165+0000] {logging_mixin.py:188} INFO - Downloaded GOOGL/1771226525.json
[2026-02-17T06:10:54.189+0000] {logging_mixin.py:188} INFO - Downloaded GOOGL/1771226536.json
[2026-02-17T06:10:54.234+0000] {logging_mixin.py:188} INFO - Downloaded GOOGL/1771226547.json
[2026-02-17T06:10:54.252+0000] {logging_mixin.py:188} INFO - Downloaded GOOGL/1771226558.json
[2026-02-17T06:10:54.279+0000] {logging_mixin.py:188} INFO - Downloaded GOOGL/1771226568.json
[2026-02-17T06:10:54.294+0000] {logging_mixin.py:188} INFO - Downloaded GOOGL/1771226579.json
[2026-02-17T06:10:54.313+0000] {logging_mixin.py:188} INFO - Downloaded GOOGL/1771226590.json
[2026-02-17T06:10:54.332+0000] {logging_mixin.py:188} INFO - Downloaded GOOGL/1771226601.json
[2026-02-17T06:10:54.349+0000] {logging_mixin.py:188} INFO - Downloaded GOOGL/1771226614.json
[2026-02-17T06:10:54.377+0000] {logging_mixin.py:188} INFO - Downloaded GOOGL/1771226626.json
[2026-02-17T06:10:54.397+0000] {logging_mixin.py:188} INFO - Downloaded GOOGL/1771226637.json
[2026-02-17T06:10:54.412+0000] {logging_mixin.py:188} INFO - Downloaded GOOGL/1771226648.json
[2026-02-17T06:10:54.424+0000] {logging_mixin.py:188} INFO - Downloaded GOOGL/1771226660.json
[2026-02-17T06:10:54.435+0000] {logging_mixin.py:188} INFO - Downloaded GOOGL/1771226671.json
[2026-02-17T06:10:54.447+0000] {logging_mixin.py:188} INFO - Downloaded GOOGL/1771226682.json
[2026-02-17T06:10:54.472+0000] {logging_mixin.py:188} INFO - Downloaded GOOGL/1771226693.json
[2026-02-17T06:10:54.499+0000] {logging_mixin.py:188} INFO - Downloaded GOOGL/1771226704.json
[2026-02-17T06:10:54.520+0000] {logging_mixin.py:188} INFO - Downloaded GOOGL/1771226714.json
[2026-02-17T06:10:54.544+0000] {logging_mixin.py:188} INFO - Downloaded GOOGL/1771226725.json
[2026-02-17T06:10:54.560+0000] {logging_mixin.py:188} INFO - Downloaded GOOGL/1771226736.json
[2026-02-17T06:10:54.586+0000] {logging_mixin.py:188} INFO - Downloaded GOOGL/1771226747.json
[2026-02-17T06:10:54.601+0000] {logging_mixin.py:188} INFO - Downloaded GOOGL/1771226758.json
[2026-02-17T06:10:54.633+0000] {logging_mixin.py:188} INFO - Downloaded GOOGL/1771226769.json
[2026-02-17T06:10:54.647+0000] {logging_mixin.py:188} INFO - Downloaded GOOGL/1771226780.json
[2026-02-17T06:10:54.659+0000] {logging_mixin.py:188} INFO - Downloaded GOOGL/1771226792.json
[2026-02-17T06:10:54.687+0000] {logging_mixin.py:188} INFO - Downloaded GOOGL/1771226802.json
[2026-02-17T06:10:54.722+0000] {logging_mixin.py:188} INFO - Downloaded GOOGL/1771226816.json
[2026-02-17T06:10:54.746+0000] {logging_mixin.py:188} INFO - Downloaded GOOGL/1771226830.json
[2026-02-17T06:10:54.840+0000] {logging_mixin.py:188} INFO - Downloaded GOOGL/1771226841.json
[2026-02-17T06:10:54.918+0000] {logging_mixin.py:188} INFO - Downloaded GOOGL/1771226853.json
[2026-02-17T06:10:54.940+0000] {logging_mixin.py:188} INFO - Downloaded GOOGL/1771226872.json
[2026-02-17T06:10:54.961+0000] {logging_mixin.py:188} INFO - Downloaded GOOGL/1771226886.json
[2026-02-17T06:10:54.996+0000] {logging_mixin.py:188} INFO - Downloaded GOOGL/1771226899.json
[2026-02-17T06:10:55.029+0000] {logging_mixin.py:188} INFO - Downloaded GOOGL/1771226911.json
[2026-02-17T06:10:55.056+0000] {logging_mixin.py:188} INFO - Downloaded GOOGL/1771226927.json
[2026-02-17T06:10:55.084+0000] {logging_mixin.py:188} INFO - Downloaded GOOGL/1771226940.json
[2026-02-17T06:10:55.129+0000] {logging_mixin.py:188} INFO - Downloaded GOOGL/1771226954.json
[2026-02-17T06:10:55.151+0000] {logging_mixin.py:188} INFO - Downloaded GOOGL/1771226967.json
[2026-02-17T06:10:55.184+0000] {logging_mixin.py:188} INFO - Downloaded GOOGL/1771226978.json
[2026-02-17T06:10:55.223+0000] {logging_mixin.py:188} INFO - Downloaded GOOGL/1771226988.json
[2026-02-17T06:10:55.258+0000] {logging_mixin.py:188} INFO - Downloaded GOOGL/1771227001.json
[2026-02-17T06:10:55.299+0000] {logging_mixin.py:188} INFO - Downloaded GOOGL/1771227011.json
[2026-02-17T06:10:55.345+0000] {logging_mixin.py:188} INFO - Downloaded GOOGL/1771227023.json
[2026-02-17T06:10:55.390+0000] {logging_mixin.py:188} INFO - Downloaded GOOGL/1771227033.json
[2026-02-17T06:10:55.439+0000] {logging_mixin.py:188} INFO - Downloaded GOOGL/1771227043.json
[2026-02-17T06:10:55.468+0000] {logging_mixin.py:188} INFO - Downloaded GOOGL/1771227054.json
[2026-02-17T06:10:55.508+0000] {logging_mixin.py:188} INFO - Downloaded GOOGL/1771227065.json
[2026-02-17T06:10:55.543+0000] {logging_mixin.py:188} INFO - Downloaded GOOGL/1771227076.json
[2026-02-17T06:10:55.582+0000] {logging_mixin.py:188} INFO - Downloaded GOOGL/1771227086.json
[2026-02-17T06:10:55.637+0000] {logging_mixin.py:188} INFO - Downloaded GOOGL/1771227097.json
[2026-02-17T06:10:55.657+0000] {logging_mixin.py:188} INFO - Downloaded GOOGL/1771227108.json
[2026-02-17T06:10:55.700+0000] {logging_mixin.py:188} INFO - Downloaded GOOGL/1771227120.json
[2026-02-17T06:10:55.760+0000] {logging_mixin.py:188} INFO - Downloaded GOOGL/1771227131.json
[2026-02-17T06:10:55.808+0000] {logging_mixin.py:188} INFO - Downloaded GOOGL/1771227143.json
[2026-02-17T06:10:55.850+0000] {logging_mixin.py:188} INFO - Downloaded GOOGL/1771227154.json
[2026-02-17T06:10:55.902+0000] {logging_mixin.py:188} INFO - Downloaded GOOGL/1771227164.json
[2026-02-17T06:10:55.942+0000] {logging_mixin.py:188} INFO - Downloaded GOOGL/1771227179.json
[2026-02-17T06:10:55.971+0000] {logging_mixin.py:188} INFO - Downloaded GOOGL/1771227189.json
[2026-02-17T06:10:56.002+0000] {logging_mixin.py:188} INFO - Downloaded GOOGL/1771227200.json
[2026-02-17T06:10:56.028+0000] {logging_mixin.py:188} INFO - Downloaded GOOGL/1771227212.json
[2026-02-17T06:10:56.073+0000] {logging_mixin.py:188} INFO - Downloaded GOOGL/1771227223.json
[2026-02-17T06:10:56.127+0000] {logging_mixin.py:188} INFO - Downloaded GOOGL/1771227235.json
[2026-02-17T06:10:56.167+0000] {logging_mixin.py:188} INFO - Downloaded GOOGL/1771227247.json
[2026-02-17T06:10:56.178+0000] {logging_mixin.py:188} INFO - Downloaded GOOGL/1771227259.json
[2026-02-17T06:10:56.203+0000] {logging_mixin.py:188} INFO - Downloaded GOOGL/1771227272.json
[2026-02-17T06:10:56.227+0000] {logging_mixin.py:188} INFO - Downloaded GOOGL/1771227283.json
[2026-02-17T06:10:56.286+0000] {logging_mixin.py:188} INFO - Downloaded GOOGL/1771227296.json
[2026-02-17T06:10:56.332+0000] {logging_mixin.py:188} INFO - Downloaded GOOGL/1771227308.json
[2026-02-17T06:10:56.354+0000] {logging_mixin.py:188} INFO - Downloaded GOOGL/1771227319.json
[2026-02-17T06:10:56.376+0000] {logging_mixin.py:188} INFO - Downloaded GOOGL/1771227330.json
[2026-02-17T06:10:56.395+0000] {logging_mixin.py:188} INFO - Downloaded GOOGL/1771227340.json
[2026-02-17T06:10:56.414+0000] {logging_mixin.py:188} INFO - Downloaded GOOGL/1771227352.json
[2026-02-17T06:10:56.436+0000] {logging_mixin.py:188} INFO - Downloaded GOOGL/1771227363.json
[2026-02-17T06:10:56.460+0000] {logging_mixin.py:188} INFO - Downloaded GOOGL/1771227377.json
[2026-02-17T06:10:56.487+0000] {logging_mixin.py:188} INFO - Downloaded GOOGL/1771227388.json
[2026-02-17T06:10:56.511+0000] {logging_mixin.py:188} INFO - Downloaded GOOGL/1771227400.json
[2026-02-17T06:10:56.532+0000] {logging_mixin.py:188} INFO - Downloaded GOOGL/1771227410.json
[2026-02-17T06:10:56.560+0000] {logging_mixin.py:188} INFO - Downloaded GOOGL/1771227422.json
[2026-02-17T06:10:56.574+0000] {logging_mixin.py:188} INFO - Downloaded GOOGL/1771227433.json
[2026-02-17T06:10:56.603+0000] {logging_mixin.py:188} INFO - Downloaded GOOGL/1771227444.json
[2026-02-17T06:10:56.624+0000] {logging_mixin.py:188} INFO - Downloaded GOOGL/1771227454.json
[2026-02-17T06:10:56.653+0000] {logging_mixin.py:188} INFO - Downloaded GOOGL/1771227465.json
[2026-02-17T06:10:56.672+0000] {logging_mixin.py:188} INFO - Downloaded GOOGL/1771227477.json
[2026-02-17T06:10:56.686+0000] {logging_mixin.py:188} INFO - Downloaded GOOGL/1771227488.json
[2026-02-17T06:10:56.714+0000] {logging_mixin.py:188} INFO - Downloaded GOOGL/1771227498.json
[2026-02-17T06:10:56.731+0000] {logging_mixin.py:188} INFO - Downloaded GOOGL/1771227509.json
[2026-02-17T06:10:56.759+0000] {logging_mixin.py:188} INFO - Downloaded GOOGL/1771227520.json
[2026-02-17T06:10:56.784+0000] {logging_mixin.py:188} INFO - Downloaded GOOGL/1771227530.json
[2026-02-17T06:10:56.799+0000] {logging_mixin.py:188} INFO - Downloaded GOOGL/1771227542.json
[2026-02-17T06:10:56.809+0000] {logging_mixin.py:188} INFO - Downloaded GOOGL/1771227553.json
[2026-02-17T06:10:56.834+0000] {logging_mixin.py:188} INFO - Downloaded GOOGL/1771227563.json
[2026-02-17T06:10:56.851+0000] {logging_mixin.py:188} INFO - Downloaded GOOGL/1771227574.json
[2026-02-17T06:10:56.869+0000] {logging_mixin.py:188} INFO - Downloaded GOOGL/1771227584.json
[2026-02-17T06:10:56.886+0000] {logging_mixin.py:188} INFO - Downloaded GOOGL/1771227595.json
[2026-02-17T06:10:56.902+0000] {logging_mixin.py:188} INFO - Downloaded GOOGL/1771227606.json
[2026-02-17T06:10:56.918+0000] {logging_mixin.py:188} INFO - Downloaded GOOGL/1771227617.json
[2026-02-17T06:10:56.934+0000] {logging_mixin.py:188} INFO - Downloaded GOOGL/1771227628.json
[2026-02-17T06:10:56.950+0000] {logging_mixin.py:188} INFO - Downloaded GOOGL/1771227638.json
[2026-02-17T06:10:56.967+0000] {logging_mixin.py:188} INFO - Downloaded GOOGL/1771227649.json
[2026-02-17T06:10:56.987+0000] {logging_mixin.py:188} INFO - Downloaded GOOGL/1771227659.json
[2026-02-17T06:10:57.003+0000] {logging_mixin.py:188} INFO - Downloaded GOOGL/1771227670.json
[2026-02-17T06:10:57.019+0000] {logging_mixin.py:188} INFO - Downloaded GOOGL/1771227681.json
[2026-02-17T06:10:57.045+0000] {logging_mixin.py:188} INFO - Downloaded GOOGL/1771227691.json
[2026-02-17T06:10:57.062+0000] {logging_mixin.py:188} INFO - Downloaded GOOGL/1771227702.json
[2026-02-17T06:10:57.087+0000] {logging_mixin.py:188} INFO - Downloaded GOOGL/1771227713.json
[2026-02-17T06:10:57.120+0000] {logging_mixin.py:188} INFO - Downloaded GOOGL/1771227723.json
[2026-02-17T06:10:57.135+0000] {logging_mixin.py:188} INFO - Downloaded GOOGL/1771227734.json
[2026-02-17T06:10:57.150+0000] {logging_mixin.py:188} INFO - Downloaded GOOGL/1771227744.json
[2026-02-17T06:10:57.175+0000] {logging_mixin.py:188} INFO - Downloaded GOOGL/1771227754.json
[2026-02-17T06:10:57.190+0000] {logging_mixin.py:188} INFO - Downloaded GOOGL/1771227765.json
[2026-02-17T06:10:57.211+0000] {logging_mixin.py:188} INFO - Downloaded GOOGL/1771227776.json
[2026-02-17T06:10:57.226+0000] {logging_mixin.py:188} INFO - Downloaded GOOGL/1771227786.json
[2026-02-17T06:10:57.238+0000] {logging_mixin.py:188} INFO - Downloaded GOOGL/1771227796.json
[2026-02-17T06:10:57.250+0000] {logging_mixin.py:188} INFO - Downloaded GOOGL/1771227806.json
[2026-02-17T06:10:57.263+0000] {logging_mixin.py:188} INFO - Downloaded GOOGL/1771227817.json
[2026-02-17T06:10:57.292+0000] {logging_mixin.py:188} INFO - Downloaded GOOGL/1771227828.json
[2026-02-17T06:10:57.310+0000] {logging_mixin.py:188} INFO - Downloaded GOOGL/1771227839.json
[2026-02-17T06:10:57.336+0000] {logging_mixin.py:188} INFO - Downloaded GOOGL/1771227850.json
[2026-02-17T06:10:57.350+0000] {logging_mixin.py:188} INFO - Downloaded GOOGL/1771227860.json
[2026-02-17T06:10:57.362+0000] {logging_mixin.py:188} INFO - Downloaded GOOGL/1771227871.json
[2026-02-17T06:10:57.373+0000] {logging_mixin.py:188} INFO - Downloaded GOOGL/1771227881.json
[2026-02-17T06:10:57.385+0000] {logging_mixin.py:188} INFO - Downloaded GOOGL/1771227892.json
[2026-02-17T06:10:57.395+0000] {logging_mixin.py:188} INFO - Downloaded GOOGL/1771227902.json
[2026-02-17T06:10:57.420+0000] {logging_mixin.py:188} INFO - Downloaded GOOGL/1771227913.json
[2026-02-17T06:10:57.441+0000] {logging_mixin.py:188} INFO - Downloaded GOOGL/1771227923.json
[2026-02-17T06:10:57.461+0000] {logging_mixin.py:188} INFO - Downloaded GOOGL/1771227933.json
[2026-02-17T06:10:57.483+0000] {logging_mixin.py:188} INFO - Downloaded GOOGL/1771227943.json
[2026-02-17T06:10:57.500+0000] {logging_mixin.py:188} INFO - Downloaded GOOGL/1771227954.json
[2026-02-17T06:10:57.515+0000] {logging_mixin.py:188} INFO - Downloaded GOOGL/1771227964.json
[2026-02-17T06:10:57.545+0000] {logging_mixin.py:188} INFO - Downloaded GOOGL/1771227975.json
[2026-02-17T06:10:57.585+0000] {logging_mixin.py:188} INFO - Downloaded GOOGL/1771227985.json
[2026-02-17T06:10:57.598+0000] {logging_mixin.py:188} INFO - Downloaded GOOGL/1771227996.json
[2026-02-17T06:10:57.612+0000] {logging_mixin.py:188} INFO - Downloaded GOOGL/1771228007.json
[2026-02-17T06:10:57.641+0000] {logging_mixin.py:188} INFO - Downloaded GOOGL/1771228017.json
[2026-02-17T06:10:57.656+0000] {logging_mixin.py:188} INFO - Downloaded GOOGL/1771228028.json
[2026-02-17T06:10:57.680+0000] {logging_mixin.py:188} INFO - Downloaded GOOGL/1771228038.json
[2026-02-17T06:10:57.695+0000] {logging_mixin.py:188} INFO - Downloaded GOOGL/1771228049.json
[2026-02-17T06:10:57.719+0000] {logging_mixin.py:188} INFO - Downloaded GOOGL/1771228060.json
[2026-02-17T06:10:57.741+0000] {logging_mixin.py:188} INFO - Downloaded GOOGL/1771228071.json
[2026-02-17T06:10:57.758+0000] {logging_mixin.py:188} INFO - Downloaded GOOGL/1771228081.json
[2026-02-17T06:10:57.786+0000] {logging_mixin.py:188} INFO - Downloaded GOOGL/1771228092.json
[2026-02-17T06:10:57.821+0000] {logging_mixin.py:188} INFO - Downloaded GOOGL/1771228102.json
[2026-02-17T06:10:57.845+0000] {logging_mixin.py:188} INFO - Downloaded GOOGL/1771228113.json
[2026-02-17T06:10:57.869+0000] {logging_mixin.py:188} INFO - Downloaded GOOGL/1771228123.json
[2026-02-17T06:10:57.962+0000] {logging_mixin.py:188} INFO - Downloaded GOOGL/1771228134.json
[2026-02-17T06:10:58.172+0000] {logging_mixin.py:188} INFO - Downloaded GOOGL/1771228144.json
[2026-02-17T06:10:58.230+0000] {logging_mixin.py:188} INFO - Downloaded GOOGL/1771228154.json
[2026-02-17T06:10:58.365+0000] {logging_mixin.py:188} INFO - Downloaded GOOGL/1771228164.json
[2026-02-17T06:10:58.404+0000] {logging_mixin.py:188} INFO - Downloaded GOOGL/1771228174.json
[2026-02-17T06:10:58.424+0000] {logging_mixin.py:188} INFO - Downloaded GOOGL/1771228185.json
[2026-02-17T06:10:58.444+0000] {logging_mixin.py:188} INFO - Downloaded GOOGL/1771228195.json
[2026-02-17T06:10:58.462+0000] {logging_mixin.py:188} INFO - Downloaded GOOGL/1771228205.json
[2026-02-17T06:10:58.481+0000] {logging_mixin.py:188} INFO - Downloaded GOOGL/1771228216.json
[2026-02-17T06:10:58.530+0000] {logging_mixin.py:188} INFO - Downloaded GOOGL/1771228226.json
[2026-02-17T06:10:58.568+0000] {logging_mixin.py:188} INFO - Downloaded GOOGL/1771228237.json
[2026-02-17T06:10:58.608+0000] {logging_mixin.py:188} INFO - Downloaded GOOGL/1771228247.json
[2026-02-17T06:10:58.635+0000] {logging_mixin.py:188} INFO - Downloaded GOOGL/1771228258.json
[2026-02-17T06:10:58.664+0000] {logging_mixin.py:188} INFO - Downloaded GOOGL/1771228268.json
[2026-02-17T06:10:58.695+0000] {logging_mixin.py:188} INFO - Downloaded GOOGL/1771228281.json
[2026-02-17T06:10:58.723+0000] {logging_mixin.py:188} INFO - Downloaded GOOGL/1771228291.json
[2026-02-17T06:10:58.751+0000] {logging_mixin.py:188} INFO - Downloaded GOOGL/1771228302.json
[2026-02-17T06:10:58.767+0000] {logging_mixin.py:188} INFO - Downloaded GOOGL/1771228313.json
[2026-02-17T06:10:58.798+0000] {logging_mixin.py:188} INFO - Downloaded GOOGL/1771228324.json
[2026-02-17T06:10:58.820+0000] {logging_mixin.py:188} INFO - Downloaded GOOGL/1771228334.json
[2026-02-17T06:10:58.841+0000] {logging_mixin.py:188} INFO - Downloaded GOOGL/1771228344.json
[2026-02-17T06:10:58.874+0000] {logging_mixin.py:188} INFO - Downloaded GOOGL/1771228354.json
[2026-02-17T06:10:58.894+0000] {logging_mixin.py:188} INFO - Downloaded GOOGL/1771228365.json
[2026-02-17T06:10:58.912+0000] {logging_mixin.py:188} INFO - Downloaded GOOGL/1771228376.json
[2026-02-17T06:10:58.933+0000] {logging_mixin.py:188} INFO - Downloaded GOOGL/1771228386.json
[2026-02-17T06:10:58.950+0000] {logging_mixin.py:188} INFO - Downloaded GOOGL/1771228397.json
[2026-02-17T06:10:58.974+0000] {logging_mixin.py:188} INFO - Downloaded GOOGL/1771228407.json
[2026-02-17T06:10:58.994+0000] {logging_mixin.py:188} INFO - Downloaded GOOGL/1771228418.json
[2026-02-17T06:10:59.015+0000] {logging_mixin.py:188} INFO - Downloaded GOOGL/1771228428.json
[2026-02-17T06:10:59.041+0000] {logging_mixin.py:188} INFO - Downloaded GOOGL/1771228439.json
[2026-02-17T06:10:59.067+0000] {logging_mixin.py:188} INFO - Downloaded GOOGL/1771228449.json
[2026-02-17T06:10:59.088+0000] {logging_mixin.py:188} INFO - Downloaded GOOGL/1771228460.json
[2026-02-17T06:10:59.124+0000] {logging_mixin.py:188} INFO - Downloaded GOOGL/1771228470.json
[2026-02-17T06:10:59.147+0000] {logging_mixin.py:188} INFO - Downloaded GOOGL/1771228481.json
[2026-02-17T06:10:59.179+0000] {logging_mixin.py:188} INFO - Downloaded GOOGL/1771228492.json
[2026-02-17T06:10:59.211+0000] {logging_mixin.py:188} INFO - Downloaded GOOGL/1771228502.json
[2026-02-17T06:10:59.263+0000] {logging_mixin.py:188} INFO - Downloaded GOOGL/1771228512.json
[2026-02-17T06:10:59.308+0000] {logging_mixin.py:188} INFO - Downloaded GOOGL/1771228523.json
[2026-02-17T06:10:59.362+0000] {logging_mixin.py:188} INFO - Downloaded GOOGL/1771228534.json
[2026-02-17T06:10:59.385+0000] {logging_mixin.py:188} INFO - Downloaded GOOGL/1771228544.json
[2026-02-17T06:10:59.407+0000] {logging_mixin.py:188} INFO - Downloaded GOOGL/1771228555.json
[2026-02-17T06:10:59.430+0000] {logging_mixin.py:188} INFO - Downloaded GOOGL/1771228565.json
[2026-02-17T06:10:59.479+0000] {logging_mixin.py:188} INFO - Downloaded GOOGL/1771228576.json
[2026-02-17T06:10:59.510+0000] {logging_mixin.py:188} INFO - Downloaded GOOGL/1771228587.json
[2026-02-17T06:10:59.532+0000] {logging_mixin.py:188} INFO - Downloaded GOOGL/1771228597.json
[2026-02-17T06:10:59.558+0000] {logging_mixin.py:188} INFO - Downloaded GOOGL/1771228609.json
[2026-02-17T06:10:59.583+0000] {logging_mixin.py:188} INFO - Downloaded GOOGL/1771228620.json
[2026-02-17T06:10:59.607+0000] {logging_mixin.py:188} INFO - Downloaded GOOGL/1771228631.json
[2026-02-17T06:10:59.634+0000] {logging_mixin.py:188} INFO - Downloaded GOOGL/1771228641.json
[2026-02-17T06:10:59.655+0000] {logging_mixin.py:188} INFO - Downloaded GOOGL/1771228651.json
[2026-02-17T06:10:59.676+0000] {logging_mixin.py:188} INFO - Downloaded GOOGL/1771228662.json
[2026-02-17T06:10:59.696+0000] {logging_mixin.py:188} INFO - Downloaded GOOGL/1771228672.json
[2026-02-17T06:10:59.728+0000] {logging_mixin.py:188} INFO - Downloaded GOOGL/1771228683.json
[2026-02-17T06:10:59.746+0000] {logging_mixin.py:188} INFO - Downloaded GOOGL/1771228694.json
[2026-02-17T06:10:59.770+0000] {logging_mixin.py:188} INFO - Downloaded GOOGL/1771228704.json
[2026-02-17T06:10:59.794+0000] {logging_mixin.py:188} INFO - Downloaded GOOGL/1771228715.json
[2026-02-17T06:10:59.813+0000] {logging_mixin.py:188} INFO - Downloaded GOOGL/1771228726.json
[2026-02-17T06:10:59.833+0000] {logging_mixin.py:188} INFO - Downloaded GOOGL/1771228736.json
[2026-02-17T06:10:59.851+0000] {logging_mixin.py:188} INFO - Downloaded GOOGL/1771228747.json
[2026-02-17T06:10:59.869+0000] {logging_mixin.py:188} INFO - Downloaded GOOGL/1771228757.json
[2026-02-17T06:10:59.889+0000] {logging_mixin.py:188} INFO - Downloaded GOOGL/1771228768.json
[2026-02-17T06:10:59.908+0000] {logging_mixin.py:188} INFO - Downloaded GOOGL/1771228778.json
[2026-02-17T06:10:59.925+0000] {logging_mixin.py:188} INFO - Downloaded GOOGL/1771228789.json
[2026-02-17T06:10:59.943+0000] {logging_mixin.py:188} INFO - Downloaded GOOGL/1771228799.json
[2026-02-17T06:10:59.962+0000] {logging_mixin.py:188} INFO - Downloaded GOOGL/1771228811.json
[2026-02-17T06:11:00.005+0000] {logging_mixin.py:188} INFO - Downloaded GOOGL/1771228822.json
[2026-02-17T06:11:00.046+0000] {logging_mixin.py:188} INFO - Downloaded GOOGL/1771228833.json
[2026-02-17T06:11:00.087+0000] {logging_mixin.py:188} INFO - Downloaded GOOGL/1771228844.json
[2026-02-17T06:11:00.120+0000] {logging_mixin.py:188} INFO - Downloaded GOOGL/1771228854.json
[2026-02-17T06:11:00.162+0000] {logging_mixin.py:188} INFO - Downloaded GOOGL/1771228867.json
[2026-02-17T06:11:00.189+0000] {logging_mixin.py:188} INFO - Downloaded GOOGL/1771228878.json
[2026-02-17T06:11:00.221+0000] {logging_mixin.py:188} INFO - Downloaded GOOGL/1771228888.json
[2026-02-17T06:11:00.240+0000] {logging_mixin.py:188} INFO - Downloaded GOOGL/1771228900.json
[2026-02-17T06:11:00.262+0000] {logging_mixin.py:188} INFO - Downloaded GOOGL/1771228911.json
[2026-02-17T06:11:00.278+0000] {logging_mixin.py:188} INFO - Downloaded GOOGL/1771228923.json
[2026-02-17T06:11:00.293+0000] {logging_mixin.py:188} INFO - Downloaded GOOGL/1771228936.json
[2026-02-17T06:11:00.309+0000] {logging_mixin.py:188} INFO - Downloaded GOOGL/1771228947.json
[2026-02-17T06:11:00.323+0000] {logging_mixin.py:188} INFO - Downloaded GOOGL/1771228957.json
[2026-02-17T06:11:00.354+0000] {logging_mixin.py:188} INFO - Downloaded GOOGL/1771228968.json
[2026-02-17T06:11:00.375+0000] {logging_mixin.py:188} INFO - Downloaded GOOGL/1771228979.json
[2026-02-17T06:11:00.390+0000] {logging_mixin.py:188} INFO - Downloaded GOOGL/1771228990.json
[2026-02-17T06:11:00.407+0000] {logging_mixin.py:188} INFO - Downloaded GOOGL/1771229001.json
[2026-02-17T06:11:00.422+0000] {logging_mixin.py:188} INFO - Downloaded GOOGL/1771229012.json
[2026-02-17T06:11:00.437+0000] {logging_mixin.py:188} INFO - Downloaded GOOGL/1771229022.json
[2026-02-17T06:11:00.471+0000] {logging_mixin.py:188} INFO - Downloaded GOOGL/1771229033.json
[2026-02-17T06:11:00.501+0000] {logging_mixin.py:188} INFO - Downloaded GOOGL/1771229044.json
[2026-02-17T06:11:00.543+0000] {logging_mixin.py:188} INFO - Downloaded GOOGL/1771229054.json
[2026-02-17T06:11:00.561+0000] {logging_mixin.py:188} INFO - Downloaded GOOGL/1771229065.json
[2026-02-17T06:11:00.590+0000] {logging_mixin.py:188} INFO - Downloaded GOOGL/1771229076.json
[2026-02-17T06:11:00.605+0000] {logging_mixin.py:188} INFO - Downloaded GOOGL/1771229087.json
[2026-02-17T06:11:00.621+0000] {logging_mixin.py:188} INFO - Downloaded GOOGL/1771229099.json
[2026-02-17T06:11:00.649+0000] {logging_mixin.py:188} INFO - Downloaded GOOGL/1771229110.json
[2026-02-17T06:11:00.664+0000] {logging_mixin.py:188} INFO - Downloaded GOOGL/1771229121.json
[2026-02-17T06:11:00.687+0000] {logging_mixin.py:188} INFO - Downloaded GOOGL/1771229133.json
[2026-02-17T06:11:00.704+0000] {logging_mixin.py:188} INFO - Downloaded GOOGL/1771229149.json
[2026-02-17T06:11:00.717+0000] {logging_mixin.py:188} INFO - Downloaded GOOGL/1771229160.json
[2026-02-17T06:11:00.732+0000] {logging_mixin.py:188} INFO - Downloaded GOOGL/1771229172.json
[2026-02-17T06:11:00.745+0000] {logging_mixin.py:188} INFO - Downloaded GOOGL/1771229182.json
[2026-02-17T06:11:00.758+0000] {logging_mixin.py:188} INFO - Downloaded GOOGL/1771229193.json
[2026-02-17T06:11:00.773+0000] {logging_mixin.py:188} INFO - Downloaded GOOGL/1771229204.json
[2026-02-17T06:11:00.789+0000] {logging_mixin.py:188} INFO - Downloaded GOOGL/1771229215.json
[2026-02-17T06:11:00.804+0000] {logging_mixin.py:188} INFO - Downloaded GOOGL/1771229225.json
[2026-02-17T06:11:00.817+0000] {logging_mixin.py:188} INFO - Downloaded GOOGL/1771229236.json
[2026-02-17T06:11:00.831+0000] {logging_mixin.py:188} INFO - Downloaded GOOGL/1771229248.json
[2026-02-17T06:11:00.846+0000] {logging_mixin.py:188} INFO - Downloaded GOOGL/1771229259.json
[2026-02-17T06:11:00.859+0000] {logging_mixin.py:188} INFO - Downloaded GOOGL/1771229270.json
[2026-02-17T06:11:00.874+0000] {logging_mixin.py:188} INFO - Downloaded GOOGL/1771229284.json
[2026-02-17T06:11:00.889+0000] {logging_mixin.py:188} INFO - Downloaded GOOGL/1771229295.json
[2026-02-17T06:11:00.904+0000] {logging_mixin.py:188} INFO - Downloaded GOOGL/1771229307.json
[2026-02-17T06:11:00.917+0000] {logging_mixin.py:188} INFO - Downloaded GOOGL/1771229317.json
[2026-02-17T06:11:00.932+0000] {logging_mixin.py:188} INFO - Downloaded GOOGL/1771229328.json
[2026-02-17T06:11:00.945+0000] {logging_mixin.py:188} INFO - Downloaded GOOGL/1771308354.json
[2026-02-17T06:11:00.961+0000] {logging_mixin.py:188} INFO - Downloaded GOOGL/1771308364.json
[2026-02-17T06:11:00.975+0000] {logging_mixin.py:188} INFO - Downloaded GOOGL/1771308374.json
[2026-02-17T06:11:01.003+0000] {logging_mixin.py:188} INFO - Downloaded GOOGL/1771308384.json
[2026-02-17T06:11:01.028+0000] {logging_mixin.py:188} INFO - Downloaded GOOGL/1771308394.json
[2026-02-17T06:11:01.040+0000] {logging_mixin.py:188} INFO - Downloaded GOOGL/1771308404.json
[2026-02-17T06:11:01.053+0000] {logging_mixin.py:188} INFO - Downloaded GOOGL/1771308415.json
[2026-02-17T06:11:01.064+0000] {logging_mixin.py:188} INFO - Downloaded GOOGL/1771308424.json
[2026-02-17T06:11:01.076+0000] {logging_mixin.py:188} INFO - Downloaded GOOGL/1771308435.json
[2026-02-17T06:11:01.107+0000] {logging_mixin.py:188} INFO - Downloaded GOOGL/1771308445.json
[2026-02-17T06:11:01.125+0000] {logging_mixin.py:188} INFO - Downloaded GOOGL/1771308455.json
[2026-02-17T06:11:01.144+0000] {logging_mixin.py:188} INFO - Downloaded GOOGL/1771308465.json
[2026-02-17T06:11:01.164+0000] {logging_mixin.py:188} INFO - Downloaded GOOGL/1771308476.json
[2026-02-17T06:11:01.186+0000] {logging_mixin.py:188} INFO - Downloaded GOOGL/1771308486.json
[2026-02-17T06:11:01.207+0000] {logging_mixin.py:188} INFO - Downloaded GOOGL/1771308496.json
[2026-02-17T06:11:01.223+0000] {logging_mixin.py:188} INFO - Downloaded GOOGL/1771308506.json
[2026-02-17T06:11:01.240+0000] {logging_mixin.py:188} INFO - Downloaded GOOGL/1771308516.json
[2026-02-17T06:11:01.255+0000] {logging_mixin.py:188} INFO - Downloaded GOOGL/1771308526.json
[2026-02-17T06:11:01.270+0000] {logging_mixin.py:188} INFO - Downloaded GOOGL/1771308537.json
[2026-02-17T06:11:01.287+0000] {logging_mixin.py:188} INFO - Downloaded GOOGL/1771308547.json
[2026-02-17T06:11:01.305+0000] {logging_mixin.py:188} INFO - Downloaded GOOGL/1771308557.json
[2026-02-17T06:11:01.319+0000] {logging_mixin.py:188} INFO - Downloaded GOOGL/1771308567.json
[2026-02-17T06:11:01.334+0000] {logging_mixin.py:188} INFO - Downloaded GOOGL/1771308577.json
[2026-02-17T06:11:01.353+0000] {logging_mixin.py:188} INFO - Downloaded GOOGL/1771308587.json
[2026-02-17T06:11:01.368+0000] {logging_mixin.py:188} INFO - Downloaded GOOGL/1771308597.json
[2026-02-17T06:11:01.385+0000] {logging_mixin.py:188} INFO - Downloaded GOOGL/1771308607.json
[2026-02-17T06:11:01.403+0000] {logging_mixin.py:188} INFO - Downloaded GOOGL/1771308618.json
[2026-02-17T06:11:01.417+0000] {logging_mixin.py:188} INFO - Downloaded GOOGL/1771308628.json
[2026-02-17T06:11:01.438+0000] {logging_mixin.py:188} INFO - Downloaded MSFT/1771221448.json
[2026-02-17T06:11:01.456+0000] {logging_mixin.py:188} INFO - Downloaded MSFT/1771221460.json
[2026-02-17T06:11:01.476+0000] {logging_mixin.py:188} INFO - Downloaded MSFT/1771221472.json
[2026-02-17T06:11:01.509+0000] {logging_mixin.py:188} INFO - Downloaded MSFT/1771221484.json
[2026-02-17T06:11:01.522+0000] {logging_mixin.py:188} INFO - Downloaded MSFT/1771221497.json
[2026-02-17T06:11:01.535+0000] {logging_mixin.py:188} INFO - Downloaded MSFT/1771221509.json
[2026-02-17T06:11:01.549+0000] {logging_mixin.py:188} INFO - Downloaded MSFT/1771221523.json
[2026-02-17T06:11:01.566+0000] {logging_mixin.py:188} INFO - Downloaded MSFT/1771221534.json
[2026-02-17T06:11:01.596+0000] {logging_mixin.py:188} INFO - Downloaded MSFT/1771221546.json
[2026-02-17T06:11:01.617+0000] {logging_mixin.py:188} INFO - Downloaded MSFT/1771221558.json
[2026-02-17T06:11:01.644+0000] {logging_mixin.py:188} INFO - Downloaded MSFT/1771221569.json
[2026-02-17T06:11:01.657+0000] {logging_mixin.py:188} INFO - Downloaded MSFT/1771221581.json
[2026-02-17T06:11:01.683+0000] {logging_mixin.py:188} INFO - Downloaded MSFT/1771221593.json
[2026-02-17T06:11:01.699+0000] {logging_mixin.py:188} INFO - Downloaded MSFT/1771221604.json
[2026-02-17T06:11:01.727+0000] {logging_mixin.py:188} INFO - Downloaded MSFT/1771221616.json
[2026-02-17T06:11:01.742+0000] {logging_mixin.py:188} INFO - Downloaded MSFT/1771221628.json
[2026-02-17T06:11:01.756+0000] {logging_mixin.py:188} INFO - Downloaded MSFT/1771221640.json
[2026-02-17T06:11:01.770+0000] {logging_mixin.py:188} INFO - Downloaded MSFT/1771221651.json
[2026-02-17T06:11:01.795+0000] {logging_mixin.py:188} INFO - Downloaded MSFT/1771221663.json
[2026-02-17T06:11:01.813+0000] {logging_mixin.py:188} INFO - Downloaded MSFT/1771221675.json
[2026-02-17T06:11:01.841+0000] {logging_mixin.py:188} INFO - Downloaded MSFT/1771221687.json
[2026-02-17T06:11:01.859+0000] {logging_mixin.py:188} INFO - Downloaded MSFT/1771221698.json
[2026-02-17T06:11:01.882+0000] {logging_mixin.py:188} INFO - Downloaded MSFT/1771221710.json
[2026-02-17T06:11:01.898+0000] {logging_mixin.py:188} INFO - Downloaded MSFT/1771221722.json
[2026-02-17T06:11:01.913+0000] {logging_mixin.py:188} INFO - Downloaded MSFT/1771221734.json
[2026-02-17T06:11:01.928+0000] {logging_mixin.py:188} INFO - Downloaded MSFT/1771221746.json
[2026-02-17T06:11:01.942+0000] {logging_mixin.py:188} INFO - Downloaded MSFT/1771221758.json
[2026-02-17T06:11:01.957+0000] {logging_mixin.py:188} INFO - Downloaded MSFT/1771221769.json
[2026-02-17T06:11:01.973+0000] {logging_mixin.py:188} INFO - Downloaded MSFT/1771221781.json
[2026-02-17T06:11:01.995+0000] {logging_mixin.py:188} INFO - Downloaded MSFT/1771221797.json
[2026-02-17T06:11:02.015+0000] {logging_mixin.py:188} INFO - Downloaded MSFT/1771221808.json
[2026-02-17T06:11:02.037+0000] {logging_mixin.py:188} INFO - Downloaded MSFT/1771221821.json
[2026-02-17T06:11:02.058+0000] {logging_mixin.py:188} INFO - Downloaded MSFT/1771221832.json
[2026-02-17T06:11:02.090+0000] {logging_mixin.py:188} INFO - Downloaded MSFT/1771221848.json
[2026-02-17T06:11:02.111+0000] {logging_mixin.py:188} INFO - Downloaded MSFT/1771221859.json
[2026-02-17T06:11:02.128+0000] {logging_mixin.py:188} INFO - Downloaded MSFT/1771221872.json
[2026-02-17T06:11:02.142+0000] {logging_mixin.py:188} INFO - Downloaded MSFT/1771221884.json
[2026-02-17T06:11:02.158+0000] {logging_mixin.py:188} INFO - Downloaded MSFT/1771221896.json
[2026-02-17T06:11:02.173+0000] {logging_mixin.py:188} INFO - Downloaded MSFT/1771221907.json
[2026-02-17T06:11:02.193+0000] {logging_mixin.py:188} INFO - Downloaded MSFT/1771221919.json
[2026-02-17T06:11:02.208+0000] {logging_mixin.py:188} INFO - Downloaded MSFT/1771221931.json
[2026-02-17T06:11:02.226+0000] {logging_mixin.py:188} INFO - Downloaded MSFT/1771221942.json
[2026-02-17T06:11:02.242+0000] {logging_mixin.py:188} INFO - Downloaded MSFT/1771221954.json
[2026-02-17T06:11:02.261+0000] {logging_mixin.py:188} INFO - Downloaded MSFT/1771221966.json
[2026-02-17T06:11:02.275+0000] {logging_mixin.py:188} INFO - Downloaded MSFT/1771221978.json
[2026-02-17T06:11:02.291+0000] {logging_mixin.py:188} INFO - Downloaded MSFT/1771222021.json
[2026-02-17T06:11:02.307+0000] {logging_mixin.py:188} INFO - Downloaded MSFT/1771222105.json
[2026-02-17T06:11:02.324+0000] {logging_mixin.py:188} INFO - Downloaded MSFT/1771222117.json
[2026-02-17T06:11:02.340+0000] {logging_mixin.py:188} INFO - Downloaded MSFT/1771222128.json
[2026-02-17T06:11:02.358+0000] {logging_mixin.py:188} INFO - Downloaded MSFT/1771222140.json
[2026-02-17T06:11:02.373+0000] {logging_mixin.py:188} INFO - Downloaded MSFT/1771222153.json
[2026-02-17T06:11:02.388+0000] {logging_mixin.py:188} INFO - Downloaded MSFT/1771222195.json
[2026-02-17T06:11:02.403+0000] {logging_mixin.py:188} INFO - Downloaded MSFT/1771222207.json
[2026-02-17T06:11:02.419+0000] {logging_mixin.py:188} INFO - Downloaded MSFT/1771222218.json
[2026-02-17T06:11:02.436+0000] {logging_mixin.py:188} INFO - Downloaded MSFT/1771222230.json
[2026-02-17T06:11:02.454+0000] {logging_mixin.py:188} INFO - Downloaded MSFT/1771222242.json
[2026-02-17T06:11:02.474+0000] {logging_mixin.py:188} INFO - Downloaded MSFT/1771222253.json
[2026-02-17T06:11:02.493+0000] {logging_mixin.py:188} INFO - Downloaded MSFT/1771222264.json
[2026-02-17T06:11:02.513+0000] {logging_mixin.py:188} INFO - Downloaded MSFT/1771222276.json
[2026-02-17T06:11:02.527+0000] {logging_mixin.py:188} INFO - Downloaded MSFT/1771222287.json
[2026-02-17T06:11:02.538+0000] {logging_mixin.py:188} INFO - Downloaded MSFT/1771222299.json
[2026-02-17T06:11:02.549+0000] {logging_mixin.py:188} INFO - Downloaded MSFT/1771222310.json
[2026-02-17T06:11:02.560+0000] {logging_mixin.py:188} INFO - Downloaded MSFT/1771222321.json
[2026-02-17T06:11:02.572+0000] {logging_mixin.py:188} INFO - Downloaded MSFT/1771222333.json
[2026-02-17T06:11:02.595+0000] {logging_mixin.py:188} INFO - Downloaded MSFT/1771222345.json
[2026-02-17T06:11:02.616+0000] {logging_mixin.py:188} INFO - Downloaded MSFT/1771222356.json
[2026-02-17T06:11:02.639+0000] {logging_mixin.py:188} INFO - Downloaded MSFT/1771222368.json
[2026-02-17T06:11:02.661+0000] {logging_mixin.py:188} INFO - Downloaded MSFT/1771222378.json
[2026-02-17T06:11:02.679+0000] {logging_mixin.py:188} INFO - Downloaded MSFT/1771222389.json
[2026-02-17T06:11:02.700+0000] {logging_mixin.py:188} INFO - Downloaded MSFT/1771222401.json
[2026-02-17T06:11:02.721+0000] {logging_mixin.py:188} INFO - Downloaded MSFT/1771222413.json
[2026-02-17T06:11:02.753+0000] {logging_mixin.py:188} INFO - Downloaded MSFT/1771222452.json
[2026-02-17T06:11:02.776+0000] {logging_mixin.py:188} INFO - Downloaded MSFT/1771222464.json
[2026-02-17T06:11:02.805+0000] {logging_mixin.py:188} INFO - Downloaded MSFT/1771222477.json
[2026-02-17T06:11:02.824+0000] {logging_mixin.py:188} INFO - Downloaded MSFT/1771222519.json
[2026-02-17T06:11:02.852+0000] {logging_mixin.py:188} INFO - Downloaded MSFT/1771222533.json
[2026-02-17T06:11:02.878+0000] {logging_mixin.py:188} INFO - Downloaded MSFT/1771222546.json
[2026-02-17T06:11:02.899+0000] {logging_mixin.py:188} INFO - Downloaded MSFT/1771222559.json
[2026-02-17T06:11:02.915+0000] {logging_mixin.py:188} INFO - Downloaded MSFT/1771222570.json
[2026-02-17T06:11:02.929+0000] {logging_mixin.py:188} INFO - Downloaded MSFT/1771222582.json
[2026-02-17T06:11:02.958+0000] {logging_mixin.py:188} INFO - Downloaded MSFT/1771222594.json
[2026-02-17T06:11:02.974+0000] {logging_mixin.py:188} INFO - Downloaded MSFT/1771222606.json
[2026-02-17T06:11:03.328+0000] {logging_mixin.py:188} INFO - Downloaded MSFT/1771222618.json
[2026-02-17T06:11:03.354+0000] {logging_mixin.py:188} INFO - Downloaded MSFT/1771222631.json
[2026-02-17T06:11:03.368+0000] {logging_mixin.py:188} INFO - Downloaded MSFT/1771222648.json
[2026-02-17T06:11:03.393+0000] {logging_mixin.py:188} INFO - Downloaded MSFT/1771222697.json
[2026-02-17T06:11:03.410+0000] {logging_mixin.py:188} INFO - Downloaded MSFT/1771222711.json
[2026-02-17T06:11:03.422+0000] {logging_mixin.py:188} INFO - Downloaded MSFT/1771222723.json
[2026-02-17T06:11:03.451+0000] {logging_mixin.py:188} INFO - Downloaded MSFT/1771222734.json
[2026-02-17T06:11:03.466+0000] {logging_mixin.py:188} INFO - Downloaded MSFT/1771222746.json
[2026-02-17T06:11:03.495+0000] {logging_mixin.py:188} INFO - Downloaded MSFT/1771222758.json
[2026-02-17T06:11:03.512+0000] {logging_mixin.py:188} INFO - Downloaded MSFT/1771222774.json
[2026-02-17T06:11:03.537+0000] {logging_mixin.py:188} INFO - Downloaded MSFT/1771222791.json
[2026-02-17T06:11:03.574+0000] {logging_mixin.py:188} INFO - Downloaded MSFT/1771222831.json
[2026-02-17T06:11:03.704+0000] {logging_mixin.py:188} INFO - Downloaded MSFT/1771222858.json
[2026-02-17T06:11:03.721+0000] {logging_mixin.py:188} INFO - Downloaded MSFT/1771222870.json
[2026-02-17T06:11:03.735+0000] {logging_mixin.py:188} INFO - Downloaded MSFT/1771222884.json
[2026-02-17T06:11:03.749+0000] {logging_mixin.py:188} INFO - Downloaded MSFT/1771222897.json
[2026-02-17T06:11:03.765+0000] {logging_mixin.py:188} INFO - Downloaded MSFT/1771222911.json
[2026-02-17T06:11:03.778+0000] {logging_mixin.py:188} INFO - Downloaded MSFT/1771222924.json
[2026-02-17T06:11:03.795+0000] {logging_mixin.py:188} INFO - Downloaded MSFT/1771222936.json
[2026-02-17T06:11:03.813+0000] {logging_mixin.py:188} INFO - Downloaded MSFT/1771222955.json
[2026-02-17T06:11:03.826+0000] {logging_mixin.py:188} INFO - Downloaded MSFT/1771222969.json
[2026-02-17T06:11:03.840+0000] {logging_mixin.py:188} INFO - Downloaded MSFT/1771222980.json
[2026-02-17T06:11:03.873+0000] {logging_mixin.py:188} INFO - Downloaded MSFT/1771222990.json
[2026-02-17T06:11:03.888+0000] {logging_mixin.py:188} INFO - Downloaded MSFT/1771223001.json
[2026-02-17T06:11:03.902+0000] {logging_mixin.py:188} INFO - Downloaded MSFT/1771223011.json
[2026-02-17T06:11:03.918+0000] {logging_mixin.py:188} INFO - Downloaded MSFT/1771223022.json
[2026-02-17T06:11:03.934+0000] {logging_mixin.py:188} INFO - Downloaded MSFT/1771223033.json
[2026-02-17T06:11:03.951+0000] {logging_mixin.py:188} INFO - Downloaded MSFT/1771223045.json
[2026-02-17T06:11:03.979+0000] {logging_mixin.py:188} INFO - Downloaded MSFT/1771223059.json
[2026-02-17T06:11:04.006+0000] {logging_mixin.py:188} INFO - Downloaded MSFT/1771223100.json
[2026-02-17T06:11:04.041+0000] {logging_mixin.py:188} INFO - Downloaded MSFT/1771223321.json
[2026-02-17T06:11:04.064+0000] {logging_mixin.py:188} INFO - Downloaded MSFT/1771223383.json
[2026-02-17T06:11:04.080+0000] {logging_mixin.py:188} INFO - Downloaded MSFT/1771223395.json
[2026-02-17T06:11:04.105+0000] {logging_mixin.py:188} INFO - Downloaded MSFT/1771223407.json
[2026-02-17T06:11:04.137+0000] {logging_mixin.py:188} INFO - Downloaded MSFT/1771223418.json
[2026-02-17T06:11:04.155+0000] {logging_mixin.py:188} INFO - Downloaded MSFT/1771223430.json
[2026-02-17T06:11:04.187+0000] {logging_mixin.py:188} INFO - Downloaded MSFT/1771223440.json
[2026-02-17T06:11:04.206+0000] {logging_mixin.py:188} INFO - Downloaded MSFT/1771223450.json
[2026-02-17T06:11:04.220+0000] {logging_mixin.py:188} INFO - Downloaded MSFT/1771223461.json
[2026-02-17T06:11:04.243+0000] {logging_mixin.py:188} INFO - Downloaded MSFT/1771223472.json
[2026-02-17T06:11:04.259+0000] {logging_mixin.py:188} INFO - Downloaded MSFT/1771223485.json
[2026-02-17T06:11:04.287+0000] {logging_mixin.py:188} INFO - Downloaded MSFT/1771223495.json
[2026-02-17T06:11:04.305+0000] {logging_mixin.py:188} INFO - Downloaded MSFT/1771223506.json
[2026-02-17T06:11:04.325+0000] {logging_mixin.py:188} INFO - Downloaded MSFT/1771223518.json
[2026-02-17T06:11:04.342+0000] {logging_mixin.py:188} INFO - Downloaded MSFT/1771223528.json
[2026-02-17T06:11:04.375+0000] {logging_mixin.py:188} INFO - Downloaded MSFT/1771223538.json
[2026-02-17T06:11:04.394+0000] {logging_mixin.py:188} INFO - Downloaded MSFT/1771223549.json
[2026-02-17T06:11:04.428+0000] {logging_mixin.py:188} INFO - Downloaded MSFT/1771223560.json
[2026-02-17T06:11:04.445+0000] {logging_mixin.py:188} INFO - Downloaded MSFT/1771223570.json
[2026-02-17T06:11:04.471+0000] {logging_mixin.py:188} INFO - Downloaded MSFT/1771223581.json
[2026-02-17T06:11:04.485+0000] {logging_mixin.py:188} INFO - Downloaded MSFT/1771223594.json
[2026-02-17T06:11:04.498+0000] {logging_mixin.py:188} INFO - Downloaded MSFT/1771223609.json
[2026-02-17T06:11:04.510+0000] {logging_mixin.py:188} INFO - Downloaded MSFT/1771223621.json
[2026-02-17T06:11:04.524+0000] {logging_mixin.py:188} INFO - Downloaded MSFT/1771223632.json
[2026-02-17T06:11:04.535+0000] {logging_mixin.py:188} INFO - Downloaded MSFT/1771223644.json
[2026-02-17T06:11:04.547+0000] {logging_mixin.py:188} INFO - Downloaded MSFT/1771223656.json
[2026-02-17T06:11:04.560+0000] {logging_mixin.py:188} INFO - Downloaded MSFT/1771223675.json
[2026-02-17T06:11:04.572+0000] {logging_mixin.py:188} INFO - Downloaded MSFT/1771223687.json
[2026-02-17T06:11:04.585+0000] {logging_mixin.py:188} INFO - Downloaded MSFT/1771223700.json
[2026-02-17T06:11:04.596+0000] {logging_mixin.py:188} INFO - Downloaded MSFT/1771223711.json
[2026-02-17T06:11:04.624+0000] {logging_mixin.py:188} INFO - Downloaded MSFT/1771223721.json
[2026-02-17T06:11:04.647+0000] {logging_mixin.py:188} INFO - Downloaded MSFT/1771223731.json
[2026-02-17T06:11:04.679+0000] {logging_mixin.py:188} INFO - Downloaded MSFT/1771223741.json
[2026-02-17T06:11:04.702+0000] {logging_mixin.py:188} INFO - Downloaded MSFT/1771223752.json
[2026-02-17T06:11:04.737+0000] {logging_mixin.py:188} INFO - Downloaded MSFT/1771223764.json
[2026-02-17T06:11:04.767+0000] {logging_mixin.py:188} INFO - Downloaded MSFT/1771223776.json
[2026-02-17T06:11:04.802+0000] {logging_mixin.py:188} INFO - Downloaded MSFT/1771223787.json
[2026-02-17T06:11:04.837+0000] {logging_mixin.py:188} INFO - Downloaded MSFT/1771223799.json
[2026-02-17T06:11:04.855+0000] {logging_mixin.py:188} INFO - Downloaded MSFT/1771223814.json
[2026-02-17T06:11:04.891+0000] {logging_mixin.py:188} INFO - Downloaded MSFT/1771223868.json
[2026-02-17T06:11:04.926+0000] {logging_mixin.py:188} INFO - Downloaded MSFT/1771223932.json
[2026-02-17T06:11:04.966+0000] {logging_mixin.py:188} INFO - Downloaded MSFT/1771223945.json
[2026-02-17T06:11:05.007+0000] {logging_mixin.py:188} INFO - Downloaded MSFT/1771223959.json
[2026-02-17T06:11:05.077+0000] {logging_mixin.py:188} INFO - Downloaded MSFT/1771223972.json
[2026-02-17T06:11:05.156+0000] {logging_mixin.py:188} INFO - Downloaded MSFT/1771223985.json
[2026-02-17T06:11:05.181+0000] {logging_mixin.py:188} INFO - Downloaded MSFT/1771223997.json
[2026-02-17T06:11:05.230+0000] {logging_mixin.py:188} INFO - Downloaded MSFT/1771224007.json
[2026-02-17T06:11:05.273+0000] {logging_mixin.py:188} INFO - Downloaded MSFT/1771224018.json
[2026-02-17T06:11:05.314+0000] {logging_mixin.py:188} INFO - Downloaded MSFT/1771224030.json
[2026-02-17T06:11:05.353+0000] {logging_mixin.py:188} INFO - Downloaded MSFT/1771224041.json
[2026-02-17T06:11:05.421+0000] {logging_mixin.py:188} INFO - Downloaded MSFT/1771224052.json
[2026-02-17T06:11:05.470+0000] {logging_mixin.py:188} INFO - Downloaded MSFT/1771224065.json
[2026-02-17T06:11:05.534+0000] {logging_mixin.py:188} INFO - Downloaded MSFT/1771224078.json
[2026-02-17T06:11:05.566+0000] {logging_mixin.py:188} INFO - Downloaded MSFT/1771224089.json
[2026-02-17T06:11:05.588+0000] {logging_mixin.py:188} INFO - Downloaded MSFT/1771224100.json
[2026-02-17T06:11:05.615+0000] {logging_mixin.py:188} INFO - Downloaded MSFT/1771224111.json
[2026-02-17T06:11:05.631+0000] {logging_mixin.py:188} INFO - Downloaded MSFT/1771224122.json
[2026-02-17T06:11:05.665+0000] {logging_mixin.py:188} INFO - Downloaded MSFT/1771224133.json
[2026-02-17T06:11:05.683+0000] {logging_mixin.py:188} INFO - Downloaded MSFT/1771224144.json
[2026-02-17T06:11:05.726+0000] {logging_mixin.py:188} INFO - Downloaded MSFT/1771224154.json
[2026-02-17T06:11:05.777+0000] {logging_mixin.py:188} INFO - Downloaded MSFT/1771224165.json
[2026-02-17T06:11:05.819+0000] {logging_mixin.py:188} INFO - Downloaded MSFT/1771224176.json
[2026-02-17T06:11:05.862+0000] {logging_mixin.py:188} INFO - Downloaded MSFT/1771224188.json
[2026-02-17T06:11:05.896+0000] {logging_mixin.py:188} INFO - Downloaded MSFT/1771224199.json
[2026-02-17T06:11:05.932+0000] {logging_mixin.py:188} INFO - Downloaded MSFT/1771224212.json
[2026-02-17T06:11:05.986+0000] {logging_mixin.py:188} INFO - Downloaded MSFT/1771224224.json
[2026-02-17T06:11:06.025+0000] {logging_mixin.py:188} INFO - Downloaded MSFT/1771224238.json
[2026-02-17T06:11:06.067+0000] {logging_mixin.py:188} INFO - Downloaded MSFT/1771224252.json
[2026-02-17T06:11:06.088+0000] {logging_mixin.py:188} INFO - Downloaded MSFT/1771224513.json
[2026-02-17T06:11:06.107+0000] {logging_mixin.py:188} INFO - Downloaded MSFT/1771224526.json
[2026-02-17T06:11:06.136+0000] {logging_mixin.py:188} INFO - Downloaded MSFT/1771224539.json
[2026-02-17T06:11:06.163+0000] {logging_mixin.py:188} INFO - Downloaded MSFT/1771224552.json
[2026-02-17T06:11:06.178+0000] {logging_mixin.py:188} INFO - Downloaded MSFT/1771224565.json
[2026-02-17T06:11:06.207+0000] {logging_mixin.py:188} INFO - Downloaded MSFT/1771224577.json
[2026-02-17T06:11:06.232+0000] {logging_mixin.py:188} INFO - Downloaded MSFT/1771224589.json
[2026-02-17T06:11:06.256+0000] {logging_mixin.py:188} INFO - Downloaded MSFT/1771224602.json
[2026-02-17T06:11:06.269+0000] {logging_mixin.py:188} INFO - Downloaded MSFT/1771224613.json
[2026-02-17T06:11:06.295+0000] {logging_mixin.py:188} INFO - Downloaded MSFT/1771224624.json
[2026-02-17T06:11:06.308+0000] {logging_mixin.py:188} INFO - Downloaded MSFT/1771224635.json
[2026-02-17T06:11:06.321+0000] {logging_mixin.py:188} INFO - Downloaded MSFT/1771224648.json
[2026-02-17T06:11:06.335+0000] {logging_mixin.py:188} INFO - Downloaded MSFT/1771224668.json
[2026-02-17T06:11:06.347+0000] {logging_mixin.py:188} INFO - Downloaded MSFT/1771224679.json
[2026-02-17T06:11:06.361+0000] {logging_mixin.py:188} INFO - Downloaded MSFT/1771224692.json
[2026-02-17T06:11:06.375+0000] {logging_mixin.py:188} INFO - Downloaded MSFT/1771224705.json
[2026-02-17T06:11:06.389+0000] {logging_mixin.py:188} INFO - Downloaded MSFT/1771224717.json
[2026-02-17T06:11:06.405+0000] {logging_mixin.py:188} INFO - Downloaded MSFT/1771224730.json
[2026-02-17T06:11:06.459+0000] {logging_mixin.py:188} INFO - Downloaded MSFT/1771224742.json
[2026-02-17T06:11:06.625+0000] {logging_mixin.py:188} INFO - Downloaded MSFT/1771224754.json
[2026-02-17T06:11:06.684+0000] {logging_mixin.py:188} INFO - Downloaded MSFT/1771224769.json
[2026-02-17T06:11:06.717+0000] {logging_mixin.py:188} INFO - Downloaded MSFT/1771224782.json
[2026-02-17T06:11:06.749+0000] {logging_mixin.py:188} INFO - Downloaded MSFT/1771224796.json
[2026-02-17T06:11:06.769+0000] {logging_mixin.py:188} INFO - Downloaded MSFT/1771224808.json
[2026-02-17T06:11:06.783+0000] {logging_mixin.py:188} INFO - Downloaded MSFT/1771224820.json
[2026-02-17T06:11:06.795+0000] {logging_mixin.py:188} INFO - Downloaded MSFT/1771224832.json
[2026-02-17T06:11:06.817+0000] {logging_mixin.py:188} INFO - Downloaded MSFT/1771224843.json
[2026-02-17T06:11:06.833+0000] {logging_mixin.py:188} INFO - Downloaded MSFT/1771224856.json
[2026-02-17T06:11:06.844+0000] {logging_mixin.py:188} INFO - Downloaded MSFT/1771224867.json
[2026-02-17T06:11:06.872+0000] {logging_mixin.py:188} INFO - Downloaded MSFT/1771224879.json
[2026-02-17T06:11:06.889+0000] {logging_mixin.py:188} INFO - Downloaded MSFT/1771224889.json
[2026-02-17T06:11:06.913+0000] {logging_mixin.py:188} INFO - Downloaded MSFT/1771224901.json
[2026-02-17T06:11:06.934+0000] {logging_mixin.py:188} INFO - Downloaded MSFT/1771224911.json
[2026-02-17T06:11:06.955+0000] {logging_mixin.py:188} INFO - Downloaded MSFT/1771224922.json
[2026-02-17T06:11:06.974+0000] {logging_mixin.py:188} INFO - Downloaded MSFT/1771224932.json
[2026-02-17T06:11:06.997+0000] {logging_mixin.py:188} INFO - Downloaded MSFT/1771224943.json
[2026-02-17T06:11:07.022+0000] {logging_mixin.py:188} INFO - Downloaded MSFT/1771224954.json
[2026-02-17T06:11:07.044+0000] {logging_mixin.py:188} INFO - Downloaded MSFT/1771224964.json
[2026-02-17T06:11:07.058+0000] {logging_mixin.py:188} INFO - Downloaded MSFT/1771224975.json
[2026-02-17T06:11:07.086+0000] {logging_mixin.py:188} INFO - Downloaded MSFT/1771224986.json
[2026-02-17T06:11:07.101+0000] {logging_mixin.py:188} INFO - Downloaded MSFT/1771224997.json
[2026-02-17T06:11:07.130+0000] {logging_mixin.py:188} INFO - Downloaded MSFT/1771225009.json
[2026-02-17T06:11:07.160+0000] {logging_mixin.py:188} INFO - Downloaded MSFT/1771225019.json
[2026-02-17T06:11:07.175+0000] {logging_mixin.py:188} INFO - Downloaded MSFT/1771225030.json
[2026-02-17T06:11:07.209+0000] {logging_mixin.py:188} INFO - Downloaded MSFT/1771225042.json
[2026-02-17T06:11:07.226+0000] {logging_mixin.py:188} INFO - Downloaded MSFT/1771225053.json
[2026-02-17T06:11:07.243+0000] {logging_mixin.py:188} INFO - Downloaded MSFT/1771225063.json
[2026-02-17T06:11:07.274+0000] {logging_mixin.py:188} INFO - Downloaded MSFT/1771225075.json
[2026-02-17T06:11:07.291+0000] {logging_mixin.py:188} INFO - Downloaded MSFT/1771225086.json
[2026-02-17T06:11:07.307+0000] {logging_mixin.py:188} INFO - Downloaded MSFT/1771225096.json
[2026-02-17T06:11:07.336+0000] {logging_mixin.py:188} INFO - Downloaded MSFT/1771225107.json
[2026-02-17T06:11:07.358+0000] {logging_mixin.py:188} INFO - Downloaded MSFT/1771225118.json
[2026-02-17T06:11:07.379+0000] {logging_mixin.py:188} INFO - Downloaded MSFT/1771225132.json
[2026-02-17T06:11:07.398+0000] {logging_mixin.py:188} INFO - Downloaded MSFT/1771225145.json
[2026-02-17T06:11:07.414+0000] {logging_mixin.py:188} INFO - Downloaded MSFT/1771225156.json
[2026-02-17T06:11:07.441+0000] {logging_mixin.py:188} INFO - Downloaded MSFT/1771225167.json
[2026-02-17T06:11:07.456+0000] {logging_mixin.py:188} INFO - Downloaded MSFT/1771225178.json
[2026-02-17T06:11:07.483+0000] {logging_mixin.py:188} INFO - Downloaded MSFT/1771225200.json
[2026-02-17T06:11:07.513+0000] {logging_mixin.py:188} INFO - Downloaded MSFT/1771225212.json
[2026-02-17T06:11:07.557+0000] {logging_mixin.py:188} INFO - Downloaded MSFT/1771225224.json
[2026-02-17T06:11:07.591+0000] {logging_mixin.py:188} INFO - Downloaded MSFT/1771225237.json
[2026-02-17T06:11:07.616+0000] {logging_mixin.py:188} INFO - Downloaded MSFT/1771225249.json
[2026-02-17T06:11:07.633+0000] {logging_mixin.py:188} INFO - Downloaded MSFT/1771225261.json
[2026-02-17T06:11:07.645+0000] {logging_mixin.py:188} INFO - Downloaded MSFT/1771225275.json
[2026-02-17T06:11:07.678+0000] {logging_mixin.py:188} INFO - Downloaded MSFT/1771225287.json
[2026-02-17T06:11:07.700+0000] {logging_mixin.py:188} INFO - Downloaded MSFT/1771225298.json
[2026-02-17T06:11:07.723+0000] {logging_mixin.py:188} INFO - Downloaded MSFT/1771225309.json
[2026-02-17T06:11:07.754+0000] {logging_mixin.py:188} INFO - Downloaded MSFT/1771225320.json
[2026-02-17T06:11:07.888+0000] {logging_mixin.py:188} INFO - Downloaded MSFT/1771225332.json
[2026-02-17T06:11:07.945+0000] {logging_mixin.py:188} INFO - Downloaded MSFT/1771225343.json
[2026-02-17T06:11:07.980+0000] {logging_mixin.py:188} INFO - Downloaded MSFT/1771225355.json
[2026-02-17T06:11:08.009+0000] {logging_mixin.py:188} INFO - Downloaded MSFT/1771225368.json
[2026-02-17T06:11:08.026+0000] {logging_mixin.py:188} INFO - Downloaded MSFT/1771225378.json
[2026-02-17T06:11:08.056+0000] {logging_mixin.py:188} INFO - Downloaded MSFT/1771225389.json
[2026-02-17T06:11:08.094+0000] {logging_mixin.py:188} INFO - Downloaded MSFT/1771225400.json
[2026-02-17T06:11:08.139+0000] {logging_mixin.py:188} INFO - Downloaded MSFT/1771225410.json
[2026-02-17T06:11:08.182+0000] {logging_mixin.py:188} INFO - Downloaded MSFT/1771225421.json
[2026-02-17T06:11:08.217+0000] {logging_mixin.py:188} INFO - Downloaded MSFT/1771225433.json
[2026-02-17T06:11:08.232+0000] {logging_mixin.py:188} INFO - Downloaded MSFT/1771225444.json
[2026-02-17T06:11:08.263+0000] {logging_mixin.py:188} INFO - Downloaded MSFT/1771225454.json
[2026-02-17T06:11:08.282+0000] {logging_mixin.py:188} INFO - Downloaded MSFT/1771225465.json
[2026-02-17T06:11:08.293+0000] {logging_mixin.py:188} INFO - Downloaded MSFT/1771225476.json
[2026-02-17T06:11:08.305+0000] {logging_mixin.py:188} INFO - Downloaded MSFT/1771225487.json
[2026-02-17T06:11:08.335+0000] {logging_mixin.py:188} INFO - Downloaded MSFT/1771225498.json
[2026-02-17T06:11:08.359+0000] {logging_mixin.py:188} INFO - Downloaded MSFT/1771225508.json
[2026-02-17T06:11:08.372+0000] {logging_mixin.py:188} INFO - Downloaded MSFT/1771225519.json
[2026-02-17T06:11:08.408+0000] {logging_mixin.py:188} INFO - Downloaded MSFT/1771225530.json
[2026-02-17T06:11:08.442+0000] {logging_mixin.py:188} INFO - Downloaded MSFT/1771225541.json
[2026-02-17T06:11:08.462+0000] {logging_mixin.py:188} INFO - Downloaded MSFT/1771225552.json
[2026-02-17T06:11:08.479+0000] {logging_mixin.py:188} INFO - Downloaded MSFT/1771225564.json
[2026-02-17T06:11:08.497+0000] {logging_mixin.py:188} INFO - Downloaded MSFT/1771225576.json
[2026-02-17T06:11:08.514+0000] {logging_mixin.py:188} INFO - Downloaded MSFT/1771225587.json
[2026-02-17T06:11:08.533+0000] {logging_mixin.py:188} INFO - Downloaded MSFT/1771225598.json
[2026-02-17T06:11:08.559+0000] {logging_mixin.py:188} INFO - Downloaded MSFT/1771225609.json
[2026-02-17T06:11:08.576+0000] {logging_mixin.py:188} INFO - Downloaded MSFT/1771225620.json
[2026-02-17T06:11:08.604+0000] {logging_mixin.py:188} INFO - Downloaded MSFT/1771225631.json
[2026-02-17T06:11:08.623+0000] {logging_mixin.py:188} INFO - Downloaded MSFT/1771225642.json
[2026-02-17T06:11:08.650+0000] {logging_mixin.py:188} INFO - Downloaded MSFT/1771225653.json
[2026-02-17T06:11:08.688+0000] {logging_mixin.py:188} INFO - Downloaded MSFT/1771225664.json
[2026-02-17T06:11:08.702+0000] {logging_mixin.py:188} INFO - Downloaded MSFT/1771225674.json
[2026-02-17T06:11:08.738+0000] {logging_mixin.py:188} INFO - Downloaded MSFT/1771225685.json
[2026-02-17T06:11:08.756+0000] {logging_mixin.py:188} INFO - Downloaded MSFT/1771225695.json
[2026-02-17T06:11:08.771+0000] {logging_mixin.py:188} INFO - Downloaded MSFT/1771225706.json
[2026-02-17T06:11:08.799+0000] {logging_mixin.py:188} INFO - Downloaded MSFT/1771225716.json
[2026-02-17T06:11:08.843+0000] {logging_mixin.py:188} INFO - Downloaded MSFT/1771225728.json
[2026-02-17T06:11:08.867+0000] {logging_mixin.py:188} INFO - Downloaded MSFT/1771225739.json
[2026-02-17T06:11:08.889+0000] {logging_mixin.py:188} INFO - Downloaded MSFT/1771225750.json
[2026-02-17T06:11:08.911+0000] {logging_mixin.py:188} INFO - Downloaded MSFT/1771225760.json
[2026-02-17T06:11:08.928+0000] {logging_mixin.py:188} INFO - Downloaded MSFT/1771225771.json
[2026-02-17T06:11:08.944+0000] {logging_mixin.py:188} INFO - Downloaded MSFT/1771225782.json
[2026-02-17T06:11:08.980+0000] {logging_mixin.py:188} INFO - Downloaded MSFT/1771225792.json
[2026-02-17T06:11:08.999+0000] {logging_mixin.py:188} INFO - Downloaded MSFT/1771225803.json
[2026-02-17T06:11:09.018+0000] {logging_mixin.py:188} INFO - Downloaded MSFT/1771225814.json
[2026-02-17T06:11:09.049+0000] {logging_mixin.py:188} INFO - Downloaded MSFT/1771225825.json
[2026-02-17T06:11:09.103+0000] {logging_mixin.py:188} INFO - Downloaded MSFT/1771225836.json
[2026-02-17T06:11:09.139+0000] {logging_mixin.py:188} INFO - Downloaded MSFT/1771225847.json
[2026-02-17T06:11:09.180+0000] {logging_mixin.py:188} INFO - Downloaded MSFT/1771225858.json
[2026-02-17T06:11:09.233+0000] {logging_mixin.py:188} INFO - Downloaded MSFT/1771225870.json
[2026-02-17T06:11:09.282+0000] {logging_mixin.py:188} INFO - Downloaded MSFT/1771225880.json
[2026-02-17T06:11:09.320+0000] {logging_mixin.py:188} INFO - Downloaded MSFT/1771225891.json
[2026-02-17T06:11:09.333+0000] {logging_mixin.py:188} INFO - Downloaded MSFT/1771225902.json
[2026-02-17T06:11:09.346+0000] {logging_mixin.py:188} INFO - Downloaded MSFT/1771225912.json
[2026-02-17T06:11:09.371+0000] {logging_mixin.py:188} INFO - Downloaded MSFT/1771225923.json
[2026-02-17T06:11:09.385+0000] {logging_mixin.py:188} INFO - Downloaded MSFT/1771225934.json
[2026-02-17T06:11:09.409+0000] {logging_mixin.py:188} INFO - Downloaded MSFT/1771225944.json
[2026-02-17T06:11:09.430+0000] {logging_mixin.py:188} INFO - Downloaded MSFT/1771225955.json
[2026-02-17T06:11:09.464+0000] {logging_mixin.py:188} INFO - Downloaded MSFT/1771225965.json
[2026-02-17T06:11:09.481+0000] {logging_mixin.py:188} INFO - Downloaded MSFT/1771225976.json
[2026-02-17T06:11:09.505+0000] {logging_mixin.py:188} INFO - Downloaded MSFT/1771225986.json
[2026-02-17T06:11:09.525+0000] {logging_mixin.py:188} INFO - Downloaded MSFT/1771225997.json
[2026-02-17T06:11:09.546+0000] {logging_mixin.py:188} INFO - Downloaded MSFT/1771226008.json
[2026-02-17T06:11:09.561+0000] {logging_mixin.py:188} INFO - Downloaded MSFT/1771226018.json
[2026-02-17T06:11:09.577+0000] {logging_mixin.py:188} INFO - Downloaded MSFT/1771226029.json
[2026-02-17T06:11:09.590+0000] {logging_mixin.py:188} INFO - Downloaded MSFT/1771226039.json
[2026-02-17T06:11:09.637+0000] {logging_mixin.py:188} INFO - Downloaded MSFT/1771226050.json
[2026-02-17T06:11:09.669+0000] {logging_mixin.py:188} INFO - Downloaded MSFT/1771226060.json
[2026-02-17T06:11:09.699+0000] {logging_mixin.py:188} INFO - Downloaded MSFT/1771226071.json
[2026-02-17T06:11:09.733+0000] {logging_mixin.py:188} INFO - Downloaded MSFT/1771226082.json
[2026-02-17T06:11:09.756+0000] {logging_mixin.py:188} INFO - Downloaded MSFT/1771226092.json
[2026-02-17T06:11:09.773+0000] {logging_mixin.py:188} INFO - Downloaded MSFT/1771226104.json
[2026-02-17T06:11:09.794+0000] {logging_mixin.py:188} INFO - Downloaded MSFT/1771226115.json
[2026-02-17T06:11:09.823+0000] {logging_mixin.py:188} INFO - Downloaded MSFT/1771226126.json
[2026-02-17T06:11:09.839+0000] {logging_mixin.py:188} INFO - Downloaded MSFT/1771226137.json
[2026-02-17T06:11:09.865+0000] {logging_mixin.py:188} INFO - Downloaded MSFT/1771226149.json
[2026-02-17T06:11:09.881+0000] {logging_mixin.py:188} INFO - Downloaded MSFT/1771226159.json
[2026-02-17T06:11:09.909+0000] {logging_mixin.py:188} INFO - Downloaded MSFT/1771226170.json
[2026-02-17T06:11:09.940+0000] {logging_mixin.py:188} INFO - Downloaded MSFT/1771226181.json
[2026-02-17T06:11:09.956+0000] {logging_mixin.py:188} INFO - Downloaded MSFT/1771226191.json
[2026-02-17T06:11:09.987+0000] {logging_mixin.py:188} INFO - Downloaded MSFT/1771226202.json
[2026-02-17T06:11:10.003+0000] {logging_mixin.py:188} INFO - Downloaded MSFT/1771226214.json
[2026-02-17T06:11:10.041+0000] {logging_mixin.py:188} INFO - Downloaded MSFT/1771226225.json
[2026-02-17T06:11:10.077+0000] {logging_mixin.py:188} INFO - Downloaded MSFT/1771226235.json
[2026-02-17T06:11:10.111+0000] {logging_mixin.py:188} INFO - Downloaded MSFT/1771226245.json
[2026-02-17T06:11:10.145+0000] {logging_mixin.py:188} INFO - Downloaded MSFT/1771226255.json
[2026-02-17T06:11:10.177+0000] {logging_mixin.py:188} INFO - Downloaded MSFT/1771226266.json
[2026-02-17T06:11:10.203+0000] {logging_mixin.py:188} INFO - Downloaded MSFT/1771226277.json
[2026-02-17T06:11:10.229+0000] {logging_mixin.py:188} INFO - Downloaded MSFT/1771226287.json
[2026-02-17T06:11:10.258+0000] {logging_mixin.py:188} INFO - Downloaded MSFT/1771226298.json
[2026-02-17T06:11:10.292+0000] {logging_mixin.py:188} INFO - Downloaded MSFT/1771226310.json
[2026-02-17T06:11:10.309+0000] {logging_mixin.py:188} INFO - Downloaded MSFT/1771226320.json
[2026-02-17T06:11:10.336+0000] {logging_mixin.py:188} INFO - Downloaded MSFT/1771226331.json
[2026-02-17T06:11:10.357+0000] {logging_mixin.py:188} INFO - Downloaded MSFT/1771226342.json
[2026-02-17T06:11:10.377+0000] {logging_mixin.py:188} INFO - Downloaded MSFT/1771226353.json
[2026-02-17T06:11:10.398+0000] {logging_mixin.py:188} INFO - Downloaded MSFT/1771226364.json
[2026-02-17T06:11:10.426+0000] {logging_mixin.py:188} INFO - Downloaded MSFT/1771226375.json
[2026-02-17T06:11:10.464+0000] {logging_mixin.py:188} INFO - Downloaded MSFT/1771226386.json
[2026-02-17T06:11:10.483+0000] {logging_mixin.py:188} INFO - Downloaded MSFT/1771226398.json
[2026-02-17T06:11:10.511+0000] {logging_mixin.py:188} INFO - Downloaded MSFT/1771226409.json
[2026-02-17T06:11:10.542+0000] {logging_mixin.py:188} INFO - Downloaded MSFT/1771226420.json
[2026-02-17T06:11:10.557+0000] {logging_mixin.py:188} INFO - Downloaded MSFT/1771226432.json
[2026-02-17T06:11:10.585+0000] {logging_mixin.py:188} INFO - Downloaded MSFT/1771226443.json
[2026-02-17T06:11:10.602+0000] {logging_mixin.py:188} INFO - Downloaded MSFT/1771226454.json
[2026-02-17T06:11:10.616+0000] {logging_mixin.py:188} INFO - Downloaded MSFT/1771226466.json
[2026-02-17T06:11:10.640+0000] {logging_mixin.py:188} INFO - Downloaded MSFT/1771226478.json
[2026-02-17T06:11:10.675+0000] {logging_mixin.py:188} INFO - Downloaded MSFT/1771226489.json
[2026-02-17T06:11:10.699+0000] {logging_mixin.py:188} INFO - Downloaded MSFT/1771226499.json
[2026-02-17T06:11:10.711+0000] {logging_mixin.py:188} INFO - Downloaded MSFT/1771226510.json
[2026-02-17T06:11:10.725+0000] {logging_mixin.py:188} INFO - Downloaded MSFT/1771226522.json
[2026-02-17T06:11:10.751+0000] {logging_mixin.py:188} INFO - Downloaded MSFT/1771226534.json
[2026-02-17T06:11:10.767+0000] {logging_mixin.py:188} INFO - Downloaded MSFT/1771226545.json
[2026-02-17T06:11:10.782+0000] {logging_mixin.py:188} INFO - Downloaded MSFT/1771226556.json
[2026-02-17T06:11:10.800+0000] {logging_mixin.py:188} INFO - Downloaded MSFT/1771226566.json
[2026-02-17T06:11:10.833+0000] {logging_mixin.py:188} INFO - Downloaded MSFT/1771226577.json
[2026-02-17T06:11:10.867+0000] {logging_mixin.py:188} INFO - Downloaded MSFT/1771226588.json
[2026-02-17T06:11:10.882+0000] {logging_mixin.py:188} INFO - Downloaded MSFT/1771226599.json
[2026-02-17T06:11:10.895+0000] {logging_mixin.py:188} INFO - Downloaded MSFT/1771226611.json
[2026-02-17T06:11:10.926+0000] {logging_mixin.py:188} INFO - Downloaded MSFT/1771226624.json
[2026-02-17T06:11:10.944+0000] {logging_mixin.py:188} INFO - Downloaded MSFT/1771226635.json
[2026-02-17T06:11:10.959+0000] {logging_mixin.py:188} INFO - Downloaded MSFT/1771226646.json
[2026-02-17T06:11:10.975+0000] {logging_mixin.py:188} INFO - Downloaded MSFT/1771226657.json
[2026-02-17T06:11:10.991+0000] {logging_mixin.py:188} INFO - Downloaded MSFT/1771226669.json
[2026-02-17T06:11:11.004+0000] {logging_mixin.py:188} INFO - Downloaded MSFT/1771226680.json
[2026-02-17T06:11:11.034+0000] {logging_mixin.py:188} INFO - Downloaded MSFT/1771226691.json
[2026-02-17T06:11:11.073+0000] {logging_mixin.py:188} INFO - Downloaded MSFT/1771226702.json
[2026-02-17T06:11:11.106+0000] {logging_mixin.py:188} INFO - Downloaded MSFT/1771226713.json
[2026-02-17T06:11:11.136+0000] {logging_mixin.py:188} INFO - Downloaded MSFT/1771226724.json
[2026-02-17T06:11:11.177+0000] {logging_mixin.py:188} INFO - Downloaded MSFT/1771226734.json
[2026-02-17T06:11:11.214+0000] {logging_mixin.py:188} INFO - Downloaded MSFT/1771226745.json
[2026-02-17T06:11:11.251+0000] {logging_mixin.py:188} INFO - Downloaded MSFT/1771226756.json
[2026-02-17T06:11:11.291+0000] {logging_mixin.py:188} INFO - Downloaded MSFT/1771226767.json
[2026-02-17T06:11:11.334+0000] {logging_mixin.py:188} INFO - Downloaded MSFT/1771226778.json
[2026-02-17T06:11:11.377+0000] {logging_mixin.py:188} INFO - Downloaded MSFT/1771226790.json
[2026-02-17T06:11:11.409+0000] {logging_mixin.py:188} INFO - Downloaded MSFT/1771226800.json
[2026-02-17T06:11:11.452+0000] {logging_mixin.py:188} INFO - Downloaded MSFT/1771226812.json
[2026-02-17T06:11:11.503+0000] {logging_mixin.py:188} INFO - Downloaded MSFT/1771226826.json
[2026-02-17T06:11:11.581+0000] {logging_mixin.py:188} INFO - Downloaded MSFT/1771226840.json
[2026-02-17T06:11:11.679+0000] {logging_mixin.py:188} INFO - Downloaded MSFT/1771226851.json
[2026-02-17T06:11:11.747+0000] {logging_mixin.py:188} INFO - Downloaded MSFT/1771226863.json
[2026-02-17T06:11:11.794+0000] {logging_mixin.py:188} INFO - Downloaded MSFT/1771226882.json
[2026-02-17T06:11:11.863+0000] {logging_mixin.py:188} INFO - Downloaded MSFT/1771226897.json
[2026-02-17T06:11:11.897+0000] {logging_mixin.py:188} INFO - Downloaded MSFT/1771226909.json
[2026-02-17T06:11:11.929+0000] {logging_mixin.py:188} INFO - Downloaded MSFT/1771226925.json
[2026-02-17T06:11:11.965+0000] {logging_mixin.py:188} INFO - Downloaded MSFT/1771226937.json
[2026-02-17T06:11:11.984+0000] {logging_mixin.py:188} INFO - Downloaded MSFT/1771226951.json
[2026-02-17T06:11:12.014+0000] {logging_mixin.py:188} INFO - Downloaded MSFT/1771226965.json
[2026-02-17T06:11:12.045+0000] {logging_mixin.py:188} INFO - Downloaded MSFT/1771226976.json
[2026-02-17T06:11:12.089+0000] {logging_mixin.py:188} INFO - Downloaded MSFT/1771226986.json
[2026-02-17T06:11:12.118+0000] {logging_mixin.py:188} INFO - Downloaded MSFT/1771226999.json
[2026-02-17T06:11:12.155+0000] {logging_mixin.py:188} INFO - Downloaded MSFT/1771227009.json
[2026-02-17T06:11:12.199+0000] {logging_mixin.py:188} INFO - Downloaded MSFT/1771227021.json
[2026-02-17T06:11:12.226+0000] {logging_mixin.py:188} INFO - Downloaded MSFT/1771227031.json
[2026-02-17T06:11:12.281+0000] {logging_mixin.py:188} INFO - Downloaded MSFT/1771227042.json
[2026-02-17T06:11:12.319+0000] {logging_mixin.py:188} INFO - Downloaded MSFT/1771227052.json
[2026-02-17T06:11:12.363+0000] {logging_mixin.py:188} INFO - Downloaded MSFT/1771227063.json
[2026-02-17T06:11:12.392+0000] {logging_mixin.py:188} INFO - Downloaded MSFT/1771227073.json
[2026-02-17T06:11:12.408+0000] {logging_mixin.py:188} INFO - Downloaded MSFT/1771227084.json
[2026-02-17T06:11:12.439+0000] {logging_mixin.py:188} INFO - Downloaded MSFT/1771227095.json
[2026-02-17T06:11:12.473+0000] {logging_mixin.py:188} INFO - Downloaded MSFT/1771227106.json
[2026-02-17T06:11:12.492+0000] {logging_mixin.py:188} INFO - Downloaded MSFT/1771227118.json
[2026-02-17T06:11:12.524+0000] {logging_mixin.py:188} INFO - Downloaded MSFT/1771227129.json
[2026-02-17T06:11:12.561+0000] {logging_mixin.py:188} INFO - Downloaded MSFT/1771227141.json
[2026-02-17T06:11:12.604+0000] {logging_mixin.py:188} INFO - Downloaded MSFT/1771227152.json
[2026-02-17T06:11:12.619+0000] {logging_mixin.py:188} INFO - Downloaded MSFT/1771227162.json
[2026-02-17T06:11:12.635+0000] {logging_mixin.py:188} INFO - Downloaded MSFT/1771227175.json
[2026-02-17T06:11:12.665+0000] {logging_mixin.py:188} INFO - Downloaded MSFT/1771227187.json
[2026-02-17T06:11:12.684+0000] {logging_mixin.py:188} INFO - Downloaded MSFT/1771227198.json
[2026-02-17T06:11:12.710+0000] {logging_mixin.py:188} INFO - Downloaded MSFT/1771227209.json
[2026-02-17T06:11:12.727+0000] {logging_mixin.py:188} INFO - Downloaded MSFT/1771227221.json
[2026-02-17T06:11:12.753+0000] {logging_mixin.py:188} INFO - Downloaded MSFT/1771227232.json
[2026-02-17T06:11:12.772+0000] {logging_mixin.py:188} INFO - Downloaded MSFT/1771227244.json
[2026-02-17T06:11:12.800+0000] {logging_mixin.py:188} INFO - Downloaded MSFT/1771227256.json
[2026-02-17T06:11:12.830+0000] {logging_mixin.py:188} INFO - Downloaded MSFT/1771227268.json
[2026-02-17T06:11:12.850+0000] {logging_mixin.py:188} INFO - Downloaded MSFT/1771227281.json
[2026-02-17T06:11:12.866+0000] {logging_mixin.py:188} INFO - Downloaded MSFT/1771227294.json
[2026-02-17T06:11:12.884+0000] {logging_mixin.py:188} INFO - Downloaded MSFT/1771227306.json
[2026-02-17T06:11:12.911+0000] {logging_mixin.py:188} INFO - Downloaded MSFT/1771227317.json
[2026-02-17T06:11:12.929+0000] {logging_mixin.py:188} INFO - Downloaded MSFT/1771227328.json
[2026-02-17T06:11:12.988+0000] {logging_mixin.py:188} INFO - Downloaded MSFT/1771227339.json
[2026-02-17T06:11:13.012+0000] {logging_mixin.py:188} INFO - Downloaded MSFT/1771227349.json
[2026-02-17T06:11:13.054+0000] {logging_mixin.py:188} INFO - Downloaded MSFT/1771227362.json
[2026-02-17T06:11:13.114+0000] {logging_mixin.py:188} INFO - Downloaded MSFT/1771227375.json
[2026-02-17T06:11:13.148+0000] {logging_mixin.py:188} INFO - Downloaded MSFT/1771227386.json
[2026-02-17T06:11:13.179+0000] {logging_mixin.py:188} INFO - Downloaded MSFT/1771227398.json
[2026-02-17T06:11:13.195+0000] {logging_mixin.py:188} INFO - Downloaded MSFT/1771227408.json
[2026-02-17T06:11:13.232+0000] {logging_mixin.py:188} INFO - Downloaded MSFT/1771227420.json
[2026-02-17T06:11:13.282+0000] {logging_mixin.py:188} INFO - Downloaded MSFT/1771227431.json
[2026-02-17T06:11:13.300+0000] {logging_mixin.py:188} INFO - Downloaded MSFT/1771227442.json
[2026-02-17T06:11:13.316+0000] {logging_mixin.py:188} INFO - Downloaded MSFT/1771227453.json
[2026-02-17T06:11:13.331+0000] {logging_mixin.py:188} INFO - Downloaded MSFT/1771227463.json
[2026-02-17T06:11:13.349+0000] {logging_mixin.py:188} INFO - Downloaded MSFT/1771227475.json
[2026-02-17T06:11:13.374+0000] {logging_mixin.py:188} INFO - Downloaded MSFT/1771227486.json
[2026-02-17T06:11:13.390+0000] {logging_mixin.py:188} INFO - Downloaded MSFT/1771227496.json
[2026-02-17T06:11:13.425+0000] {logging_mixin.py:188} INFO - Downloaded MSFT/1771227507.json
[2026-02-17T06:11:13.448+0000] {logging_mixin.py:188} INFO - Downloaded MSFT/1771227518.json
[2026-02-17T06:11:13.474+0000] {logging_mixin.py:188} INFO - Downloaded MSFT/1771227529.json
[2026-02-17T06:11:13.500+0000] {logging_mixin.py:188} INFO - Downloaded MSFT/1771227539.json
[2026-02-17T06:11:13.525+0000] {logging_mixin.py:188} INFO - Downloaded MSFT/1771227551.json
[2026-02-17T06:11:13.542+0000] {logging_mixin.py:188} INFO - Downloaded MSFT/1771227562.json
[2026-02-17T06:11:13.563+0000] {logging_mixin.py:188} INFO - Downloaded MSFT/1771227572.json
[2026-02-17T06:11:13.582+0000] {logging_mixin.py:188} INFO - Downloaded MSFT/1771227583.json
[2026-02-17T06:11:13.601+0000] {logging_mixin.py:188} INFO - Downloaded MSFT/1771227593.json
[2026-02-17T06:11:13.620+0000] {logging_mixin.py:188} INFO - Downloaded MSFT/1771227604.json
[2026-02-17T06:11:13.637+0000] {logging_mixin.py:188} INFO - Downloaded MSFT/1771227615.json
[2026-02-17T06:11:13.676+0000] {logging_mixin.py:188} INFO - Downloaded MSFT/1771227626.json
[2026-02-17T06:11:13.709+0000] {logging_mixin.py:188} INFO - Downloaded MSFT/1771227637.json
[2026-02-17T06:11:13.731+0000] {logging_mixin.py:188} INFO - Downloaded MSFT/1771227647.json
[2026-02-17T06:11:13.755+0000] {logging_mixin.py:188} INFO - Downloaded MSFT/1771227658.json
[2026-02-17T06:11:13.776+0000] {logging_mixin.py:188} INFO - Downloaded MSFT/1771227668.json
[2026-02-17T06:11:13.795+0000] {logging_mixin.py:188} INFO - Downloaded MSFT/1771227679.json
[2026-02-17T06:11:13.844+0000] {logging_mixin.py:188} INFO - Downloaded MSFT/1771227689.json
[2026-02-17T06:11:13.871+0000] {logging_mixin.py:188} INFO - Downloaded MSFT/1771227700.json
[2026-02-17T06:11:13.899+0000] {logging_mixin.py:188} INFO - Downloaded MSFT/1771227710.json
[2026-02-17T06:11:13.921+0000] {logging_mixin.py:188} INFO - Downloaded MSFT/1771227721.json
[2026-02-17T06:11:13.939+0000] {logging_mixin.py:188} INFO - Downloaded MSFT/1771227732.json
[2026-02-17T06:11:13.954+0000] {logging_mixin.py:188} INFO - Downloaded MSFT/1771227743.json
[2026-02-17T06:11:13.967+0000] {logging_mixin.py:188} INFO - Downloaded MSFT/1771227753.json
[2026-02-17T06:11:13.985+0000] {logging_mixin.py:188} INFO - Downloaded MSFT/1771227763.json
[2026-02-17T06:11:14.007+0000] {logging_mixin.py:188} INFO - Downloaded MSFT/1771227774.json
[2026-02-17T06:11:14.023+0000] {logging_mixin.py:188} INFO - Downloaded MSFT/1771227784.json
[2026-02-17T06:11:14.056+0000] {logging_mixin.py:188} INFO - Downloaded MSFT/1771227795.json
[2026-02-17T06:11:14.083+0000] {logging_mixin.py:188} INFO - Downloaded MSFT/1771227805.json
[2026-02-17T06:11:14.108+0000] {logging_mixin.py:188} INFO - Downloaded MSFT/1771227815.json
[2026-02-17T06:11:14.134+0000] {logging_mixin.py:188} INFO - Downloaded MSFT/1771227826.json
[2026-02-17T06:11:14.157+0000] {logging_mixin.py:188} INFO - Downloaded MSFT/1771227837.json
[2026-02-17T06:11:14.190+0000] {logging_mixin.py:188} INFO - Downloaded MSFT/1771227848.json
[2026-02-17T06:11:14.256+0000] {logging_mixin.py:188} INFO - Downloaded MSFT/1771227859.json
[2026-02-17T06:11:14.279+0000] {logging_mixin.py:188} INFO - Downloaded MSFT/1771227869.json
[2026-02-17T06:11:14.313+0000] {logging_mixin.py:188} INFO - Downloaded MSFT/1771227880.json
[2026-02-17T06:11:14.342+0000] {logging_mixin.py:188} INFO - Downloaded MSFT/1771227890.json
[2026-02-17T06:11:14.372+0000] {logging_mixin.py:188} INFO - Downloaded MSFT/1771227900.json
[2026-02-17T06:11:14.409+0000] {logging_mixin.py:188} INFO - Downloaded MSFT/1771227911.json
[2026-02-17T06:11:14.441+0000] {logging_mixin.py:188} INFO - Downloaded MSFT/1771227921.json
[2026-02-17T06:11:14.476+0000] {logging_mixin.py:188} INFO - Downloaded MSFT/1771227931.json
[2026-02-17T06:11:14.511+0000] {logging_mixin.py:188} INFO - Downloaded MSFT/1771227942.json
[2026-02-17T06:11:14.527+0000] {logging_mixin.py:188} INFO - Downloaded MSFT/1771227952.json
[2026-02-17T06:11:14.558+0000] {logging_mixin.py:188} INFO - Downloaded MSFT/1771227962.json
[2026-02-17T06:11:14.599+0000] {logging_mixin.py:188} INFO - Downloaded MSFT/1771227973.json
[2026-02-17T06:11:14.630+0000] {logging_mixin.py:188} INFO - Downloaded MSFT/1771227983.json
[2026-02-17T06:11:14.647+0000] {logging_mixin.py:188} INFO - Downloaded MSFT/1771227994.json
[2026-02-17T06:11:14.661+0000] {logging_mixin.py:188} INFO - Downloaded MSFT/1771228005.json
[2026-02-17T06:11:14.698+0000] {logging_mixin.py:188} INFO - Downloaded MSFT/1771228015.json
[2026-02-17T06:11:14.714+0000] {logging_mixin.py:188} INFO - Downloaded MSFT/1771228026.json
[2026-02-17T06:11:14.743+0000] {logging_mixin.py:188} INFO - Downloaded MSFT/1771228036.json
[2026-02-17T06:11:14.765+0000] {logging_mixin.py:188} INFO - Downloaded MSFT/1771228047.json
[2026-02-17T06:11:14.778+0000] {logging_mixin.py:188} INFO - Downloaded MSFT/1771228058.json
[2026-02-17T06:11:14.795+0000] {logging_mixin.py:188} INFO - Downloaded MSFT/1771228069.json
[2026-02-17T06:11:14.811+0000] {logging_mixin.py:188} INFO - Downloaded MSFT/1771228079.json
[2026-02-17T06:11:14.827+0000] {logging_mixin.py:188} INFO - Downloaded MSFT/1771228090.json
[2026-02-17T06:11:14.855+0000] {logging_mixin.py:188} INFO - Downloaded MSFT/1771228101.json
[2026-02-17T06:11:14.887+0000] {logging_mixin.py:188} INFO - Downloaded MSFT/1771228111.json
[2026-02-17T06:11:15.486+0000] {logging_mixin.py:188} INFO - Downloaded MSFT/1771228122.json
[2026-02-17T06:11:15.520+0000] {logging_mixin.py:188} INFO - Downloaded MSFT/1771228132.json
[2026-02-17T06:11:15.562+0000] {logging_mixin.py:188} INFO - Downloaded MSFT/1771228142.json
[2026-02-17T06:11:15.679+0000] {logging_mixin.py:188} INFO - Downloaded MSFT/1771228153.json
[2026-02-17T06:11:15.744+0000] {logging_mixin.py:188} INFO - Downloaded MSFT/1771228162.json
[2026-02-17T06:11:15.781+0000] {logging_mixin.py:188} INFO - Downloaded MSFT/1771228173.json
[2026-02-17T06:11:15.834+0000] {logging_mixin.py:188} INFO - Downloaded MSFT/1771228183.json
[2026-02-17T06:11:15.925+0000] {logging_mixin.py:188} INFO - Downloaded MSFT/1771228193.json
[2026-02-17T06:11:15.975+0000] {logging_mixin.py:188} INFO - Downloaded MSFT/1771228204.json
[2026-02-17T06:11:15.995+0000] {logging_mixin.py:188} INFO - Downloaded MSFT/1771228214.json
[2026-02-17T06:11:16.054+0000] {logging_mixin.py:188} INFO - Downloaded MSFT/1771228225.json
[2026-02-17T06:11:16.148+0000] {logging_mixin.py:188} INFO - Downloaded MSFT/1771228235.json
[2026-02-17T06:11:16.189+0000] {logging_mixin.py:188} INFO - Downloaded MSFT/1771228246.json
[2026-02-17T06:11:16.230+0000] {logging_mixin.py:188} INFO - Downloaded MSFT/1771228256.json
[2026-02-17T06:11:16.259+0000] {logging_mixin.py:188} INFO - Downloaded MSFT/1771228267.json
[2026-02-17T06:11:16.301+0000] {logging_mixin.py:188} INFO - Downloaded MSFT/1771228279.json
[2026-02-17T06:11:16.367+0000] {logging_mixin.py:188} INFO - Downloaded MSFT/1771228289.json
[2026-02-17T06:11:16.399+0000] {logging_mixin.py:188} INFO - Downloaded MSFT/1771228300.json
[2026-02-17T06:11:16.441+0000] {logging_mixin.py:188} INFO - Downloaded MSFT/1771228310.json
[2026-02-17T06:11:16.481+0000] {logging_mixin.py:188} INFO - Downloaded MSFT/1771228322.json
[2026-02-17T06:11:16.524+0000] {logging_mixin.py:188} INFO - Downloaded MSFT/1771228332.json
[2026-02-17T06:11:16.557+0000] {logging_mixin.py:188} INFO - Downloaded MSFT/1771228343.json
[2026-02-17T06:11:16.669+0000] {logging_mixin.py:188} INFO - Downloaded MSFT/1771228353.json
[2026-02-17T06:11:16.700+0000] {logging_mixin.py:188} INFO - Downloaded MSFT/1771228363.json
[2026-02-17T06:11:16.714+0000] {logging_mixin.py:188} INFO - Downloaded MSFT/1771228374.json
[2026-02-17T06:11:16.746+0000] {logging_mixin.py:188} INFO - Downloaded MSFT/1771228384.json
[2026-02-17T06:11:16.760+0000] {logging_mixin.py:188} INFO - Downloaded MSFT/1771228394.json
[2026-02-17T06:11:16.797+0000] {logging_mixin.py:188} INFO - Downloaded MSFT/1771228405.json
[2026-02-17T06:11:16.844+0000] {logging_mixin.py:188} INFO - Downloaded MSFT/1771228416.json
[2026-02-17T06:11:16.889+0000] {logging_mixin.py:188} INFO - Downloaded MSFT/1771228426.json
[2026-02-17T06:11:16.926+0000] {logging_mixin.py:188} INFO - Downloaded MSFT/1771228437.json
[2026-02-17T06:11:16.966+0000] {logging_mixin.py:188} INFO - Downloaded MSFT/1771228448.json
[2026-02-17T06:11:16.984+0000] {logging_mixin.py:188} INFO - Downloaded MSFT/1771228458.json
[2026-02-17T06:11:17.021+0000] {logging_mixin.py:188} INFO - Downloaded MSFT/1771228468.json
[2026-02-17T06:11:17.045+0000] {logging_mixin.py:188} INFO - Downloaded MSFT/1771228479.json
[2026-02-17T06:11:17.089+0000] {logging_mixin.py:188} INFO - Downloaded MSFT/1771228490.json
[2026-02-17T06:11:17.118+0000] {logging_mixin.py:188} INFO - Downloaded MSFT/1771228500.json
[2026-02-17T06:11:17.143+0000] {logging_mixin.py:188} INFO - Downloaded MSFT/1771228511.json
[2026-02-17T06:11:17.175+0000] {logging_mixin.py:188} INFO - Downloaded MSFT/1771228521.json
[2026-02-17T06:11:17.189+0000] {logging_mixin.py:188} INFO - Downloaded MSFT/1771228532.json
[2026-02-17T06:11:17.221+0000] {logging_mixin.py:188} INFO - Downloaded MSFT/1771228542.json
[2026-02-17T06:11:17.234+0000] {logging_mixin.py:188} INFO - Downloaded MSFT/1771228553.json
[2026-02-17T06:11:17.255+0000] {logging_mixin.py:188} INFO - Downloaded MSFT/1771228563.json
[2026-02-17T06:11:17.281+0000] {logging_mixin.py:188} INFO - Downloaded MSFT/1771228574.json
[2026-02-17T06:11:17.354+0000] {logging_mixin.py:188} INFO - Downloaded MSFT/1771228585.json
[2026-02-17T06:11:17.395+0000] {logging_mixin.py:188} INFO - Downloaded MSFT/1771228595.json
[2026-02-17T06:11:17.420+0000] {logging_mixin.py:188} INFO - Downloaded MSFT/1771228606.json
[2026-02-17T06:11:17.463+0000] {logging_mixin.py:188} INFO - Downloaded MSFT/1771228618.json
[2026-02-17T06:11:17.549+0000] {logging_mixin.py:188} INFO - Downloaded MSFT/1771228629.json
[2026-02-17T06:11:17.565+0000] {logging_mixin.py:188} INFO - Downloaded MSFT/1771228639.json
[2026-02-17T06:11:17.584+0000] {logging_mixin.py:188} INFO - Downloaded MSFT/1771228650.json
[2026-02-17T06:11:17.636+0000] {logging_mixin.py:188} INFO - Downloaded MSFT/1771228660.json
[2026-02-17T06:11:17.694+0000] {logging_mixin.py:188} INFO - Downloaded MSFT/1771228671.json
[2026-02-17T06:11:17.719+0000] {logging_mixin.py:188} INFO - Downloaded MSFT/1771228681.json
[2026-02-17T06:11:17.749+0000] {logging_mixin.py:188} INFO - Downloaded MSFT/1771228692.json
[2026-02-17T06:11:17.772+0000] {logging_mixin.py:188} INFO - Downloaded MSFT/1771228703.json
[2026-02-17T06:11:17.811+0000] {logging_mixin.py:188} INFO - Downloaded MSFT/1771228713.json
[2026-02-17T06:11:17.853+0000] {logging_mixin.py:188} INFO - Downloaded MSFT/1771228724.json
[2026-02-17T06:11:17.883+0000] {logging_mixin.py:188} INFO - Downloaded MSFT/1771228734.json
[2026-02-17T06:11:17.916+0000] {logging_mixin.py:188} INFO - Downloaded MSFT/1771228745.json
[2026-02-17T06:11:17.931+0000] {logging_mixin.py:188} INFO - Downloaded MSFT/1771228755.json
[2026-02-17T06:11:17.945+0000] {logging_mixin.py:188} INFO - Downloaded MSFT/1771228766.json
[2026-02-17T06:11:17.976+0000] {logging_mixin.py:188} INFO - Downloaded MSFT/1771228777.json
[2026-02-17T06:11:17.999+0000] {logging_mixin.py:188} INFO - Downloaded MSFT/1771228787.json
[2026-02-17T06:11:18.018+0000] {logging_mixin.py:188} INFO - Downloaded MSFT/1771228797.json
[2026-02-17T06:11:18.033+0000] {logging_mixin.py:188} INFO - Downloaded MSFT/1771228808.json
[2026-02-17T06:11:18.058+0000] {logging_mixin.py:188} INFO - Downloaded MSFT/1771228820.json
[2026-02-17T06:11:18.092+0000] {logging_mixin.py:188} INFO - Downloaded MSFT/1771228831.json
[2026-02-17T06:11:18.134+0000] {logging_mixin.py:188} INFO - Downloaded MSFT/1771228842.json
[2026-02-17T06:11:18.149+0000] {logging_mixin.py:188} INFO - Downloaded MSFT/1771228852.json
[2026-02-17T06:11:18.296+0000] {logging_mixin.py:188} INFO - Downloaded MSFT/1771228864.json
[2026-02-17T06:11:18.322+0000] {logging_mixin.py:188} INFO - Downloaded MSFT/1771228876.json
[2026-02-17T06:11:18.356+0000] {logging_mixin.py:188} INFO - Downloaded MSFT/1771228886.json
[2026-02-17T06:11:18.406+0000] {logging_mixin.py:188} INFO - Downloaded MSFT/1771228899.json
[2026-02-17T06:11:18.428+0000] {logging_mixin.py:188} INFO - Downloaded MSFT/1771228909.json
[2026-02-17T06:11:18.507+0000] {logging_mixin.py:188} INFO - Downloaded MSFT/1771228920.json
[2026-02-17T06:11:18.534+0000] {logging_mixin.py:188} INFO - Downloaded MSFT/1771228934.json
[2026-02-17T06:11:18.563+0000] {logging_mixin.py:188} INFO - Downloaded MSFT/1771228945.json
[2026-02-17T06:11:18.628+0000] {logging_mixin.py:188} INFO - Downloaded MSFT/1771228955.json
[2026-02-17T06:11:18.690+0000] {logging_mixin.py:188} INFO - Downloaded MSFT/1771228966.json
[2026-02-17T06:11:18.711+0000] {logging_mixin.py:188} INFO - Downloaded MSFT/1771228977.json
[2026-02-17T06:11:18.737+0000] {logging_mixin.py:188} INFO - Downloaded MSFT/1771228988.json
[2026-02-17T06:11:18.806+0000] {logging_mixin.py:188} INFO - Downloaded MSFT/1771228999.json
[2026-02-17T06:11:18.833+0000] {logging_mixin.py:188} INFO - Downloaded MSFT/1771229010.json
[2026-02-17T06:11:18.855+0000] {logging_mixin.py:188} INFO - Downloaded MSFT/1771229021.json
[2026-02-17T06:11:18.875+0000] {logging_mixin.py:188} INFO - Downloaded MSFT/1771229031.json
[2026-02-17T06:11:18.903+0000] {logging_mixin.py:188} INFO - Downloaded MSFT/1771229042.json
[2026-02-17T06:11:18.955+0000] {logging_mixin.py:188} INFO - Downloaded MSFT/1771229053.json
[2026-02-17T06:11:18.991+0000] {logging_mixin.py:188} INFO - Downloaded MSFT/1771229063.json
[2026-02-17T06:11:19.541+0000] {logging_mixin.py:188} INFO - Downloaded MSFT/1771229074.json
[2026-02-17T06:11:19.585+0000] {logging_mixin.py:188} INFO - Downloaded MSFT/1771229085.json
[2026-02-17T06:11:19.614+0000] {logging_mixin.py:188} INFO - Downloaded MSFT/1771229097.json
[2026-02-17T06:11:19.641+0000] {logging_mixin.py:188} INFO - Downloaded MSFT/1771229108.json
[2026-02-17T06:11:19.688+0000] {logging_mixin.py:188} INFO - Downloaded MSFT/1771229119.json
[2026-02-17T06:11:19.715+0000] {logging_mixin.py:188} INFO - Downloaded MSFT/1771229130.json
[2026-02-17T06:11:19.734+0000] {logging_mixin.py:188} INFO - Downloaded MSFT/1771229144.json
[2026-02-17T06:11:19.759+0000] {logging_mixin.py:188} INFO - Downloaded MSFT/1771229159.json
[2026-02-17T06:11:19.780+0000] {logging_mixin.py:188} INFO - Downloaded MSFT/1771229169.json
[2026-02-17T06:11:19.800+0000] {logging_mixin.py:188} INFO - Downloaded MSFT/1771229181.json
[2026-02-17T06:11:19.823+0000] {logging_mixin.py:188} INFO - Downloaded MSFT/1771229191.json
[2026-02-17T06:11:19.844+0000] {logging_mixin.py:188} INFO - Downloaded MSFT/1771229202.json
[2026-02-17T06:11:19.865+0000] {logging_mixin.py:188} INFO - Downloaded MSFT/1771229213.json
[2026-02-17T06:11:19.889+0000] {logging_mixin.py:188} INFO - Downloaded MSFT/1771229224.json
[2026-02-17T06:11:19.912+0000] {logging_mixin.py:188} INFO - Downloaded MSFT/1771229235.json
[2026-02-17T06:11:19.934+0000] {logging_mixin.py:188} INFO - Downloaded MSFT/1771229246.json
[2026-02-17T06:11:19.955+0000] {logging_mixin.py:188} INFO - Downloaded MSFT/1771229257.json
[2026-02-17T06:11:19.976+0000] {logging_mixin.py:188} INFO - Downloaded MSFT/1771229268.json
[2026-02-17T06:11:19.998+0000] {logging_mixin.py:188} INFO - Downloaded MSFT/1771229281.json
[2026-02-17T06:11:20.022+0000] {logging_mixin.py:188} INFO - Downloaded MSFT/1771229293.json
[2026-02-17T06:11:20.042+0000] {logging_mixin.py:188} INFO - Downloaded MSFT/1771229305.json
[2026-02-17T06:11:20.069+0000] {logging_mixin.py:188} INFO - Downloaded MSFT/1771229316.json
[2026-02-17T06:11:20.093+0000] {logging_mixin.py:188} INFO - Downloaded MSFT/1771229326.json
[2026-02-17T06:11:20.119+0000] {logging_mixin.py:188} INFO - Downloaded MSFT/1771308352.json
[2026-02-17T06:11:20.139+0000] {logging_mixin.py:188} INFO - Downloaded MSFT/1771308362.json
[2026-02-17T06:11:20.160+0000] {logging_mixin.py:188} INFO - Downloaded MSFT/1771308373.json
[2026-02-17T06:11:20.180+0000] {logging_mixin.py:188} INFO - Downloaded MSFT/1771308382.json
[2026-02-17T06:11:20.204+0000] {logging_mixin.py:188} INFO - Downloaded MSFT/1771308393.json
[2026-02-17T06:11:20.234+0000] {logging_mixin.py:188} INFO - Downloaded MSFT/1771308403.json
[2026-02-17T06:11:20.261+0000] {logging_mixin.py:188} INFO - Downloaded MSFT/1771308413.json
[2026-02-17T06:11:20.284+0000] {logging_mixin.py:188} INFO - Downloaded MSFT/1771308423.json
[2026-02-17T06:11:20.321+0000] {logging_mixin.py:188} INFO - Downloaded MSFT/1771308434.json
[2026-02-17T06:11:20.344+0000] {logging_mixin.py:188} INFO - Downloaded MSFT/1771308443.json
[2026-02-17T06:11:20.390+0000] {logging_mixin.py:188} INFO - Downloaded MSFT/1771308454.json
[2026-02-17T06:11:20.416+0000] {logging_mixin.py:188} INFO - Downloaded MSFT/1771308463.json
[2026-02-17T06:11:20.431+0000] {logging_mixin.py:188} INFO - Downloaded MSFT/1771308474.json
[2026-02-17T06:11:20.456+0000] {logging_mixin.py:188} INFO - Downloaded MSFT/1771308484.json
[2026-02-17T06:11:20.478+0000] {logging_mixin.py:188} INFO - Downloaded MSFT/1771308494.json
[2026-02-17T06:11:20.498+0000] {logging_mixin.py:188} INFO - Downloaded MSFT/1771308504.json
[2026-02-17T06:11:20.526+0000] {logging_mixin.py:188} INFO - Downloaded MSFT/1771308515.json
[2026-02-17T06:11:20.548+0000] {logging_mixin.py:188} INFO - Downloaded MSFT/1771308525.json
[2026-02-17T06:11:20.569+0000] {logging_mixin.py:188} INFO - Downloaded MSFT/1771308535.json
[2026-02-17T06:11:20.591+0000] {logging_mixin.py:188} INFO - Downloaded MSFT/1771308545.json
[2026-02-17T06:11:20.613+0000] {logging_mixin.py:188} INFO - Downloaded MSFT/1771308555.json
[2026-02-17T06:11:20.637+0000] {logging_mixin.py:188} INFO - Downloaded MSFT/1771308565.json
[2026-02-17T06:11:20.713+0000] {logging_mixin.py:188} INFO - Downloaded MSFT/1771308575.json
[2026-02-17T06:11:20.737+0000] {logging_mixin.py:188} INFO - Downloaded MSFT/1771308585.json
[2026-02-17T06:11:20.779+0000] {logging_mixin.py:188} INFO - Downloaded MSFT/1771308595.json
[2026-02-17T06:11:20.809+0000] {logging_mixin.py:188} INFO - Downloaded MSFT/1771308606.json
[2026-02-17T06:11:20.889+0000] {logging_mixin.py:188} INFO - Downloaded MSFT/1771308616.json
[2026-02-17T06:11:20.921+0000] {logging_mixin.py:188} INFO - Downloaded MSFT/1771308627.json
[2026-02-17T06:11:20.958+0000] {logging_mixin.py:188} INFO - Downloaded TSLA/1771221449.json
[2026-02-17T06:11:21.007+0000] {logging_mixin.py:188} INFO - Downloaded TSLA/1771221461.json
[2026-02-17T06:11:21.071+0000] {logging_mixin.py:188} INFO - Downloaded TSLA/1771221473.json
[2026-02-17T06:11:21.100+0000] {logging_mixin.py:188} INFO - Downloaded TSLA/1771221485.json
[2026-02-17T06:11:21.131+0000] {logging_mixin.py:188} INFO - Downloaded TSLA/1771221498.json
[2026-02-17T06:11:21.171+0000] {logging_mixin.py:188} INFO - Downloaded TSLA/1771221511.json
[2026-02-17T06:11:21.207+0000] {logging_mixin.py:188} INFO - Downloaded TSLA/1771221524.json
[2026-02-17T06:11:21.229+0000] {logging_mixin.py:188} INFO - Downloaded TSLA/1771221535.json
[2026-02-17T06:11:21.265+0000] {logging_mixin.py:188} INFO - Downloaded TSLA/1771221547.json
[2026-02-17T06:11:21.293+0000] {logging_mixin.py:188} INFO - Downloaded TSLA/1771221559.json
[2026-02-17T06:11:21.310+0000] {logging_mixin.py:188} INFO - Downloaded TSLA/1771221570.json
[2026-02-17T06:11:21.344+0000] {logging_mixin.py:188} INFO - Downloaded TSLA/1771221582.json
[2026-02-17T06:11:21.380+0000] {logging_mixin.py:188} INFO - Downloaded TSLA/1771221594.json
[2026-02-17T06:11:21.406+0000] {logging_mixin.py:188} INFO - Downloaded TSLA/1771221605.json
[2026-02-17T06:11:21.424+0000] {logging_mixin.py:188} INFO - Downloaded TSLA/1771221617.json
[2026-02-17T06:11:21.454+0000] {logging_mixin.py:188} INFO - Downloaded TSLA/1771221629.json
[2026-02-17T06:11:21.497+0000] {logging_mixin.py:188} INFO - Downloaded TSLA/1771221641.json
[2026-02-17T06:11:21.540+0000] {logging_mixin.py:188} INFO - Downloaded TSLA/1771221652.json
[2026-02-17T06:11:21.564+0000] {logging_mixin.py:188} INFO - Downloaded TSLA/1771221664.json
[2026-02-17T06:11:21.596+0000] {logging_mixin.py:188} INFO - Downloaded TSLA/1771221676.json
[2026-02-17T06:11:21.616+0000] {logging_mixin.py:188} INFO - Downloaded TSLA/1771221688.json
[2026-02-17T06:11:21.648+0000] {logging_mixin.py:188} INFO - Downloaded TSLA/1771221700.json
[2026-02-17T06:11:21.721+0000] {logging_mixin.py:188} INFO - Downloaded TSLA/1771221711.json
[2026-02-17T06:11:21.742+0000] {logging_mixin.py:188} INFO - Downloaded TSLA/1771221723.json
[2026-02-17T06:11:21.758+0000] {logging_mixin.py:188} INFO - Downloaded TSLA/1771221735.json
[2026-02-17T06:11:21.784+0000] {logging_mixin.py:188} INFO - Downloaded TSLA/1771221747.json
[2026-02-17T06:11:21.813+0000] {logging_mixin.py:188} INFO - Downloaded TSLA/1771221759.json
[2026-02-17T06:11:21.837+0000] {logging_mixin.py:188} INFO - Downloaded TSLA/1771221770.json
[2026-02-17T06:11:21.854+0000] {logging_mixin.py:188} INFO - Downloaded TSLA/1771221782.json
[2026-02-17T06:11:21.882+0000] {logging_mixin.py:188} INFO - Downloaded TSLA/1771221798.json
[2026-02-17T06:11:21.900+0000] {logging_mixin.py:188} INFO - Downloaded TSLA/1771221810.json
[2026-02-17T06:11:21.922+0000] {logging_mixin.py:188} INFO - Downloaded TSLA/1771221822.json
[2026-02-17T06:11:21.943+0000] {logging_mixin.py:188} INFO - Downloaded TSLA/1771221834.json
[2026-02-17T06:11:21.957+0000] {logging_mixin.py:188} INFO - Downloaded TSLA/1771221849.json
[2026-02-17T06:11:21.990+0000] {logging_mixin.py:188} INFO - Downloaded TSLA/1771221861.json
[2026-02-17T06:11:22.019+0000] {logging_mixin.py:188} INFO - Downloaded TSLA/1771221873.json
[2026-02-17T06:11:22.042+0000] {logging_mixin.py:188} INFO - Downloaded TSLA/1771221885.json
[2026-02-17T06:11:22.057+0000] {logging_mixin.py:188} INFO - Downloaded TSLA/1771221897.json
[2026-02-17T06:11:22.085+0000] {logging_mixin.py:188} INFO - Downloaded TSLA/1771221908.json
[2026-02-17T06:11:22.104+0000] {logging_mixin.py:188} INFO - Downloaded TSLA/1771221920.json
[2026-02-17T06:11:22.133+0000] {logging_mixin.py:188} INFO - Downloaded TSLA/1771221932.json
[2026-02-17T06:11:22.172+0000] {logging_mixin.py:188} INFO - Downloaded TSLA/1771221943.json
[2026-02-17T06:11:22.208+0000] {logging_mixin.py:188} INFO - Downloaded TSLA/1771221955.json
[2026-02-17T06:11:22.247+0000] {logging_mixin.py:188} INFO - Downloaded TSLA/1771221967.json
[2026-02-17T06:11:22.283+0000] {logging_mixin.py:188} INFO - Downloaded TSLA/1771221979.json
[2026-02-17T06:11:22.310+0000] {logging_mixin.py:188} INFO - Downloaded TSLA/1771222053.json
[2026-02-17T06:11:22.340+0000] {logging_mixin.py:188} INFO - Downloaded TSLA/1771222106.json
[2026-02-17T06:11:22.356+0000] {logging_mixin.py:188} INFO - Downloaded TSLA/1771222118.json
[2026-02-17T06:11:22.383+0000] {logging_mixin.py:188} INFO - Downloaded TSLA/1771222129.json
[2026-02-17T06:11:22.408+0000] {logging_mixin.py:188} INFO - Downloaded TSLA/1771222142.json
[2026-02-17T06:11:22.426+0000] {logging_mixin.py:188} INFO - Downloaded TSLA/1771222154.json
[2026-02-17T06:11:22.438+0000] {logging_mixin.py:188} INFO - Downloaded TSLA/1771222196.json
[2026-02-17T06:11:22.466+0000] {logging_mixin.py:188} INFO - Downloaded TSLA/1771222208.json
[2026-02-17T06:11:22.488+0000] {logging_mixin.py:188} INFO - Downloaded TSLA/1771222220.json
[2026-02-17T06:11:22.511+0000] {logging_mixin.py:188} INFO - Downloaded TSLA/1771222231.json
[2026-02-17T06:11:22.531+0000] {logging_mixin.py:188} INFO - Downloaded TSLA/1771222243.json
[2026-02-17T06:11:22.551+0000] {logging_mixin.py:188} INFO - Downloaded TSLA/1771222254.json
[2026-02-17T06:11:22.603+0000] {logging_mixin.py:188} INFO - Downloaded TSLA/1771222266.json
[2026-02-17T06:11:22.658+0000] {logging_mixin.py:188} INFO - Downloaded TSLA/1771222277.json
[2026-02-17T06:11:22.687+0000] {logging_mixin.py:188} INFO - Downloaded TSLA/1771222289.json
[2026-02-17T06:11:22.749+0000] {logging_mixin.py:188} INFO - Downloaded TSLA/1771222300.json
[2026-02-17T06:11:22.802+0000] {logging_mixin.py:188} INFO - Downloaded TSLA/1771222311.json
[2026-02-17T06:11:22.843+0000] {logging_mixin.py:188} INFO - Downloaded TSLA/1771222322.json
[2026-02-17T06:11:22.901+0000] {logging_mixin.py:188} INFO - Downloaded TSLA/1771222334.json
[2026-02-17T06:11:22.947+0000] {logging_mixin.py:188} INFO - Downloaded TSLA/1771222346.json
[2026-02-17T06:11:22.990+0000] {logging_mixin.py:188} INFO - Downloaded TSLA/1771222357.json
[2026-02-17T06:11:23.050+0000] {logging_mixin.py:188} INFO - Downloaded TSLA/1771222369.json
[2026-02-17T06:11:23.096+0000] {logging_mixin.py:188} INFO - Downloaded TSLA/1771222379.json
[2026-02-17T06:11:23.130+0000] {logging_mixin.py:188} INFO - Downloaded TSLA/1771222390.json
[2026-02-17T06:11:23.157+0000] {logging_mixin.py:188} INFO - Downloaded TSLA/1771222402.json
[2026-02-17T06:11:23.181+0000] {logging_mixin.py:188} INFO - Downloaded TSLA/1771222414.json
[2026-02-17T06:11:23.217+0000] {logging_mixin.py:188} INFO - Downloaded TSLA/1771222454.json
[2026-02-17T06:11:23.249+0000] {logging_mixin.py:188} INFO - Downloaded TSLA/1771222465.json
[2026-02-17T06:11:23.263+0000] {logging_mixin.py:188} INFO - Downloaded TSLA/1771222478.json
[2026-02-17T06:11:23.278+0000] {logging_mixin.py:188} INFO - Downloaded TSLA/1771222522.json
[2026-02-17T06:11:23.294+0000] {logging_mixin.py:188} INFO - Downloaded TSLA/1771222534.json
[2026-02-17T06:11:23.307+0000] {logging_mixin.py:188} INFO - Downloaded TSLA/1771222547.json
[2026-02-17T06:11:23.340+0000] {logging_mixin.py:188} INFO - Downloaded TSLA/1771222560.json
[2026-02-17T06:11:23.358+0000] {logging_mixin.py:188} INFO - Downloaded TSLA/1771222572.json
[2026-02-17T06:11:23.380+0000] {logging_mixin.py:188} INFO - Downloaded TSLA/1771222583.json
[2026-02-17T06:11:23.398+0000] {logging_mixin.py:188} INFO - Downloaded TSLA/1771222595.json
[2026-02-17T06:11:23.415+0000] {logging_mixin.py:188} INFO - Downloaded TSLA/1771222607.json
[2026-02-17T06:11:23.430+0000] {logging_mixin.py:188} INFO - Downloaded TSLA/1771222619.json
[2026-02-17T06:11:23.447+0000] {logging_mixin.py:188} INFO - Downloaded TSLA/1771222633.json
[2026-02-17T06:11:23.465+0000] {logging_mixin.py:188} INFO - Downloaded TSLA/1771222658.json
[2026-02-17T06:11:23.484+0000] {logging_mixin.py:188} INFO - Downloaded TSLA/1771222698.json
[2026-02-17T06:11:23.499+0000] {logging_mixin.py:188} INFO - Downloaded TSLA/1771222712.json
[2026-02-17T06:11:23.525+0000] {logging_mixin.py:188} INFO - Downloaded TSLA/1771222724.json
[2026-02-17T06:11:23.545+0000] {logging_mixin.py:188} INFO - Downloaded TSLA/1771222735.json
[2026-02-17T06:11:23.580+0000] {logging_mixin.py:188} INFO - Downloaded TSLA/1771222747.json
[2026-02-17T06:11:23.604+0000] {logging_mixin.py:188} INFO - Downloaded TSLA/1771222759.json
[2026-02-17T06:11:23.634+0000] {logging_mixin.py:188} INFO - Downloaded TSLA/1771222776.json
[2026-02-17T06:11:23.655+0000] {logging_mixin.py:188} INFO - Downloaded TSLA/1771222792.json
[2026-02-17T06:11:23.670+0000] {logging_mixin.py:188} INFO - Downloaded TSLA/1771222847.json
[2026-02-17T06:11:23.688+0000] {logging_mixin.py:188} INFO - Downloaded TSLA/1771222860.json
[2026-02-17T06:11:23.705+0000] {logging_mixin.py:188} INFO - Downloaded TSLA/1771222871.json
[2026-02-17T06:11:23.720+0000] {logging_mixin.py:188} INFO - Downloaded TSLA/1771222885.json
[2026-02-17T06:11:23.734+0000] {logging_mixin.py:188} INFO - Downloaded TSLA/1771222899.json
[2026-02-17T06:11:23.775+0000] {logging_mixin.py:188} INFO - Downloaded TSLA/1771222912.json
[2026-02-17T06:11:23.802+0000] {logging_mixin.py:188} INFO - Downloaded TSLA/1771222925.json
[2026-02-17T06:11:23.826+0000] {logging_mixin.py:188} INFO - Downloaded TSLA/1771222937.json
[2026-02-17T06:11:23.858+0000] {logging_mixin.py:188} INFO - Downloaded TSLA/1771222956.json
[2026-02-17T06:11:23.876+0000] {logging_mixin.py:188} INFO - Downloaded TSLA/1771222970.json
[2026-02-17T06:11:23.904+0000] {logging_mixin.py:188} INFO - Downloaded TSLA/1771222981.json
[2026-02-17T06:11:23.925+0000] {logging_mixin.py:188} INFO - Downloaded TSLA/1771222991.json
[2026-02-17T06:11:23.961+0000] {logging_mixin.py:188} INFO - Downloaded TSLA/1771223001.json
[2026-02-17T06:11:24.005+0000] {logging_mixin.py:188} INFO - Downloaded TSLA/1771223012.json
[2026-02-17T06:11:24.047+0000] {logging_mixin.py:188} INFO - Downloaded TSLA/1771223023.json
[2026-02-17T06:11:24.071+0000] {logging_mixin.py:188} INFO - Downloaded TSLA/1771223035.json
[2026-02-17T06:11:24.102+0000] {logging_mixin.py:188} INFO - Downloaded TSLA/1771223047.json
[2026-02-17T06:11:24.133+0000] {logging_mixin.py:188} INFO - Downloaded TSLA/1771223059.json
[2026-02-17T06:11:24.160+0000] {logging_mixin.py:188} INFO - Downloaded TSLA/1771223131.json
[2026-02-17T06:11:24.174+0000] {logging_mixin.py:188} INFO - Downloaded TSLA/1771223352.json
[2026-02-17T06:11:24.189+0000] {logging_mixin.py:188} INFO - Downloaded TSLA/1771223384.json
[2026-02-17T06:11:24.229+0000] {logging_mixin.py:188} INFO - Downloaded TSLA/1771223396.json
[2026-02-17T06:11:24.247+0000] {logging_mixin.py:188} INFO - Downloaded TSLA/1771223408.json
[2026-02-17T06:11:24.266+0000] {logging_mixin.py:188} INFO - Downloaded TSLA/1771223419.json
[2026-02-17T06:11:24.300+0000] {logging_mixin.py:188} INFO - Downloaded TSLA/1771223430.json
[2026-02-17T06:11:24.323+0000] {logging_mixin.py:188} INFO - Downloaded TSLA/1771223441.json
[2026-02-17T06:11:24.339+0000] {logging_mixin.py:188} INFO - Downloaded TSLA/1771223451.json
[2026-02-17T06:11:24.352+0000] {logging_mixin.py:188} INFO - Downloaded TSLA/1771223462.json
[2026-02-17T06:11:24.386+0000] {logging_mixin.py:188} INFO - Downloaded TSLA/1771223473.json
[2026-02-17T06:11:24.404+0000] {logging_mixin.py:188} INFO - Downloaded TSLA/1771223486.json
[2026-02-17T06:11:24.418+0000] {logging_mixin.py:188} INFO - Downloaded TSLA/1771223496.json
[2026-02-17T06:11:24.315+0000] {logging_mixin.py:188} INFO - Downloaded TSLA/1771223508.json
[2026-02-17T06:11:24.335+0000] {logging_mixin.py:188} INFO - Downloaded TSLA/1771223518.json
[2026-02-17T06:11:24.384+0000] {logging_mixin.py:188} INFO - Downloaded TSLA/1771223529.json
[2026-02-17T06:11:24.426+0000] {logging_mixin.py:188} INFO - Downloaded TSLA/1771223539.json
[2026-02-17T06:11:24.442+0000] {logging_mixin.py:188} INFO - Downloaded TSLA/1771223550.json
[2026-02-17T06:11:24.461+0000] {logging_mixin.py:188} INFO - Downloaded TSLA/1771223561.json
[2026-02-17T06:11:24.478+0000] {logging_mixin.py:188} INFO - Downloaded TSLA/1771223571.json
[2026-02-17T06:11:24.510+0000] {logging_mixin.py:188} INFO - Downloaded TSLA/1771223583.json
[2026-02-17T06:11:24.536+0000] {logging_mixin.py:188} INFO - Downloaded TSLA/1771223595.json
[2026-02-17T06:11:24.564+0000] {logging_mixin.py:188} INFO - Downloaded TSLA/1771223609.json
[2026-02-17T06:11:24.588+0000] {logging_mixin.py:188} INFO - Downloaded TSLA/1771223621.json
[2026-02-17T06:11:24.627+0000] {logging_mixin.py:188} INFO - Downloaded TSLA/1771223633.json
[2026-02-17T06:11:24.650+0000] {logging_mixin.py:188} INFO - Downloaded TSLA/1771223645.json
[2026-02-17T06:11:24.671+0000] {logging_mixin.py:188} INFO - Downloaded TSLA/1771223657.json
[2026-02-17T06:11:24.704+0000] {logging_mixin.py:188} INFO - Downloaded TSLA/1771223677.json
[2026-02-17T06:11:24.734+0000] {logging_mixin.py:188} INFO - Downloaded TSLA/1771223689.json
[2026-02-17T06:11:24.769+0000] {logging_mixin.py:188} INFO - Downloaded TSLA/1771223701.json
[2026-02-17T06:11:24.803+0000] {logging_mixin.py:188} INFO - Downloaded TSLA/1771223711.json
[2026-02-17T06:11:24.852+0000] {logging_mixin.py:188} INFO - Downloaded TSLA/1771223722.json
[2026-02-17T06:11:24.880+0000] {logging_mixin.py:188} INFO - Downloaded TSLA/1771223732.json
[2026-02-17T06:11:24.913+0000] {logging_mixin.py:188} INFO - Downloaded TSLA/1771223742.json
[2026-02-17T06:11:24.947+0000] {logging_mixin.py:188} INFO - Downloaded TSLA/1771223753.json
[2026-02-17T06:11:24.964+0000] {logging_mixin.py:188} INFO - Downloaded TSLA/1771223765.json
[2026-02-17T06:11:24.991+0000] {logging_mixin.py:188} INFO - Downloaded TSLA/1771223777.json
[2026-02-17T06:11:25.037+0000] {logging_mixin.py:188} INFO - Downloaded TSLA/1771223788.json
[2026-02-17T06:11:25.146+0000] {logging_mixin.py:188} INFO - Downloaded TSLA/1771223800.json
[2026-02-17T06:11:25.200+0000] {logging_mixin.py:188} INFO - Downloaded TSLA/1771223821.json
[2026-02-17T06:11:25.262+0000] {logging_mixin.py:188} INFO - Downloaded TSLA/1771223878.json
[2026-02-17T06:11:25.310+0000] {logging_mixin.py:188} INFO - Downloaded TSLA/1771223933.json
[2026-02-17T06:11:25.383+0000] {logging_mixin.py:188} INFO - Downloaded TSLA/1771223947.json
[2026-02-17T06:11:25.508+0000] {logging_mixin.py:188} INFO - Downloaded TSLA/1771223960.json
[2026-02-17T06:11:25.524+0000] {logging_mixin.py:188} INFO - Downloaded TSLA/1771223973.json
[2026-02-17T06:11:25.550+0000] {logging_mixin.py:188} INFO - Downloaded TSLA/1771223986.json
[2026-02-17T06:11:25.562+0000] {logging_mixin.py:188} INFO - Downloaded TSLA/1771223998.json
[2026-02-17T06:11:25.588+0000] {logging_mixin.py:188} INFO - Downloaded TSLA/1771224008.json
[2026-02-17T06:11:25.612+0000] {logging_mixin.py:188} INFO - Downloaded TSLA/1771224019.json
[2026-02-17T06:11:25.635+0000] {logging_mixin.py:188} INFO - Downloaded TSLA/1771224031.json
[2026-02-17T06:11:26.086+0000] {logging_mixin.py:188} INFO - Downloaded TSLA/1771224042.json
[2026-02-17T06:11:26.120+0000] {logging_mixin.py:188} INFO - Downloaded TSLA/1771224053.json
[2026-02-17T06:11:26.145+0000] {logging_mixin.py:188} INFO - Downloaded TSLA/1771224066.json
[2026-02-17T06:11:26.172+0000] {logging_mixin.py:188} INFO - Downloaded TSLA/1771224079.json
[2026-02-17T06:11:26.186+0000] {logging_mixin.py:188} INFO - Downloaded TSLA/1771224090.json
[2026-02-17T06:11:26.198+0000] {logging_mixin.py:188} INFO - Downloaded TSLA/1771224101.json
[2026-02-17T06:11:26.219+0000] {logging_mixin.py:188} INFO - Downloaded TSLA/1771224112.json
[2026-02-17T06:11:26.233+0000] {logging_mixin.py:188} INFO - Downloaded TSLA/1771224123.json
[2026-02-17T06:11:26.257+0000] {logging_mixin.py:188} INFO - Downloaded TSLA/1771224134.json
[2026-02-17T06:11:26.835+0000] {logging_mixin.py:188} INFO - Downloaded TSLA/1771224145.json
[2026-02-17T06:11:27.711+0000] {logging_mixin.py:188} INFO - Downloaded TSLA/1771224155.json
[2026-02-17T06:11:28.153+0000] {logging_mixin.py:188} INFO - Downloaded TSLA/1771224166.json
[2026-02-17T06:11:29.191+0000] {logging_mixin.py:188} INFO - Downloaded TSLA/1771224177.json
[2026-02-17T06:11:29.217+0000] {logging_mixin.py:188} INFO - Downloaded TSLA/1771224189.json
[2026-02-17T06:11:29.782+0000] {logging_mixin.py:188} INFO - Downloaded TSLA/1771224201.json
[2026-02-17T06:11:29.988+0000] {logging_mixin.py:188} INFO - Downloaded TSLA/1771224213.json
[2026-02-17T06:11:30.021+0000] {logging_mixin.py:188} INFO - Downloaded TSLA/1771224225.json
[2026-02-17T06:11:30.162+0000] {logging_mixin.py:188} INFO - Downloaded TSLA/1771224240.json
[2026-02-17T06:11:30.291+0000] {logging_mixin.py:188} INFO - Downloaded TSLA/1771224253.json
[2026-02-17T06:11:30.428+0000] {logging_mixin.py:188} INFO - Downloaded TSLA/1771224514.json
[2026-02-17T06:11:30.446+0000] {logging_mixin.py:188} INFO - Downloaded TSLA/1771224528.json
[2026-02-17T06:11:30.634+0000] {logging_mixin.py:188} INFO - Downloaded TSLA/1771224541.json
[2026-02-17T06:11:31.274+0000] {logging_mixin.py:188} INFO - Downloaded TSLA/1771224553.json
[2026-02-17T06:11:31.955+0000] {logging_mixin.py:188} INFO - Downloaded TSLA/1771224566.json
[2026-02-17T06:11:31.977+0000] {logging_mixin.py:188} INFO - Downloaded TSLA/1771224578.json
[2026-02-17T06:11:31.991+0000] {logging_mixin.py:188} INFO - Downloaded TSLA/1771224591.json
[2026-02-17T06:11:32.081+0000] {logging_mixin.py:188} INFO - Downloaded TSLA/1771224604.json
[2026-02-17T06:11:32.094+0000] {logging_mixin.py:188} INFO - Downloaded TSLA/1771224614.json
[2026-02-17T06:11:32.119+0000] {logging_mixin.py:188} INFO - Downloaded TSLA/1771224625.json
[2026-02-17T06:11:32.138+0000] {logging_mixin.py:188} INFO - Downloaded TSLA/1771224636.json
[2026-02-17T06:11:32.351+0000] {logging_mixin.py:188} INFO - Downloaded TSLA/1771224649.json
[2026-02-17T06:11:32.452+0000] {logging_mixin.py:188} INFO - Downloaded TSLA/1771224669.json
[2026-02-17T06:11:33.018+0000] {logging_mixin.py:188} INFO - Downloaded TSLA/1771224680.json
[2026-02-17T06:11:33.052+0000] {logging_mixin.py:188} INFO - Downloaded TSLA/1771224693.json
[2026-02-17T06:11:33.087+0000] {logging_mixin.py:188} INFO - Downloaded TSLA/1771224706.json
[2026-02-17T06:11:33.574+0000] {logging_mixin.py:188} INFO - Downloaded TSLA/1771224719.json
[2026-02-17T06:11:33.598+0000] {logging_mixin.py:188} INFO - Downloaded TSLA/1771224731.json
[2026-02-17T06:11:33.630+0000] {logging_mixin.py:188} INFO - Downloaded TSLA/1771224744.json
[2026-02-17T06:11:33.654+0000] {logging_mixin.py:188} INFO - Downloaded TSLA/1771224755.json
[2026-02-17T06:11:33.684+0000] {logging_mixin.py:188} INFO - Downloaded TSLA/1771224770.json
[2026-02-17T06:11:33.714+0000] {logging_mixin.py:188} INFO - Downloaded TSLA/1771224784.json
[2026-02-17T06:11:33.746+0000] {logging_mixin.py:188} INFO - Downloaded TSLA/1771224797.json
[2026-02-17T06:11:33.765+0000] {logging_mixin.py:188} INFO - Downloaded TSLA/1771224809.json
[2026-02-17T06:11:33.787+0000] {logging_mixin.py:188} INFO - Downloaded TSLA/1771224821.json
[2026-02-17T06:11:33.804+0000] {logging_mixin.py:188} INFO - Downloaded TSLA/1771224833.json
[2026-02-17T06:11:33.816+0000] {logging_mixin.py:188} INFO - Downloaded TSLA/1771224845.json
[2026-02-17T06:11:33.849+0000] {logging_mixin.py:188} INFO - Downloaded TSLA/1771224857.json
[2026-02-17T06:11:33.863+0000] {logging_mixin.py:188} INFO - Downloaded TSLA/1771224868.json
[2026-02-17T06:11:33.891+0000] {logging_mixin.py:188} INFO - Downloaded TSLA/1771224879.json
[2026-02-17T06:11:33.908+0000] {logging_mixin.py:188} INFO - Downloaded TSLA/1771224890.json
[2026-02-17T06:11:33.938+0000] {logging_mixin.py:188} INFO - Downloaded TSLA/1771224902.json
[2026-02-17T06:11:33.953+0000] {logging_mixin.py:188} INFO - Downloaded TSLA/1771224912.json
[2026-02-17T06:11:33.966+0000] {logging_mixin.py:188} INFO - Downloaded TSLA/1771224922.json
[2026-02-17T06:11:33.978+0000] {logging_mixin.py:188} INFO - Downloaded TSLA/1771224933.json
[2026-02-17T06:11:34.002+0000] {logging_mixin.py:188} INFO - Downloaded TSLA/1771224944.json
[2026-02-17T06:11:34.022+0000] {logging_mixin.py:188} INFO - Downloaded TSLA/1771224955.json
[2026-02-17T06:11:34.044+0000] {logging_mixin.py:188} INFO - Downloaded TSLA/1771224965.json
[2026-02-17T06:11:34.066+0000] {logging_mixin.py:188} INFO - Downloaded TSLA/1771224976.json
[2026-02-17T06:11:34.079+0000] {logging_mixin.py:188} INFO - Downloaded TSLA/1771224987.json
[2026-02-17T06:11:34.109+0000] {logging_mixin.py:188} INFO - Downloaded TSLA/1771224998.json
[2026-02-17T06:11:34.129+0000] {logging_mixin.py:188} INFO - Downloaded TSLA/1771225010.json
[2026-02-17T06:11:34.178+0000] {logging_mixin.py:188} INFO - Downloaded TSLA/1771225020.json
[2026-02-17T06:11:34.246+0000] {logging_mixin.py:188} INFO - Downloaded TSLA/1771225031.json
[2026-02-17T06:11:34.295+0000] {logging_mixin.py:188} INFO - Downloaded TSLA/1771225043.json
[2026-02-17T06:11:34.368+0000] {logging_mixin.py:188} INFO - Downloaded TSLA/1771225054.json
[2026-02-17T06:11:34.398+0000] {logging_mixin.py:188} INFO - Downloaded TSLA/1771225065.json
[2026-02-17T06:11:34.436+0000] {logging_mixin.py:188} INFO - Downloaded TSLA/1771225076.json
[2026-02-17T06:11:34.480+0000] {logging_mixin.py:188} INFO - Downloaded TSLA/1771225087.json
[2026-02-17T06:11:34.513+0000] {logging_mixin.py:188} INFO - Downloaded TSLA/1771225097.json
[2026-02-17T06:11:34.571+0000] {logging_mixin.py:188} INFO - Downloaded TSLA/1771225108.json
[2026-02-17T06:11:34.615+0000] {logging_mixin.py:188} INFO - Downloaded TSLA/1771225120.json
[2026-02-17T06:11:34.642+0000] {logging_mixin.py:188} INFO - Downloaded TSLA/1771225134.json
[2026-02-17T06:11:34.748+0000] {logging_mixin.py:188} INFO - Downloaded TSLA/1771225146.json
[2026-02-17T06:11:34.790+0000] {logging_mixin.py:188} INFO - Downloaded TSLA/1771225157.json
[2026-02-17T06:11:34.818+0000] {logging_mixin.py:188} INFO - Downloaded TSLA/1771225168.json
[2026-02-17T06:11:34.900+0000] {logging_mixin.py:188} INFO - Downloaded TSLA/1771225189.json
[2026-02-17T06:11:34.931+0000] {logging_mixin.py:188} INFO - Downloaded TSLA/1771225201.json
[2026-02-17T06:11:34.954+0000] {logging_mixin.py:188} INFO - Downloaded TSLA/1771225214.json
[2026-02-17T06:11:34.982+0000] {logging_mixin.py:188} INFO - Downloaded TSLA/1771225226.json
[2026-02-17T06:11:35.004+0000] {logging_mixin.py:188} INFO - Downloaded TSLA/1771225238.json
[2026-02-17T06:11:35.017+0000] {logging_mixin.py:188} INFO - Downloaded TSLA/1771225250.json
[2026-02-17T06:11:35.031+0000] {logging_mixin.py:188} INFO - Downloaded TSLA/1771225262.json
[2026-02-17T06:11:35.064+0000] {logging_mixin.py:188} INFO - Downloaded TSLA/1771225276.json
[2026-02-17T06:11:35.122+0000] {logging_mixin.py:188} INFO - Downloaded TSLA/1771225288.json
[2026-02-17T06:11:35.143+0000] {logging_mixin.py:188} INFO - Downloaded TSLA/1771225299.json
[2026-02-17T06:11:35.157+0000] {logging_mixin.py:188} INFO - Downloaded TSLA/1771225310.json
[2026-02-17T06:11:35.185+0000] {logging_mixin.py:188} INFO - Downloaded TSLA/1771225321.json
[2026-02-17T06:11:35.218+0000] {logging_mixin.py:188} INFO - Downloaded TSLA/1771225333.json
[2026-02-17T06:11:35.241+0000] {logging_mixin.py:188} INFO - Downloaded TSLA/1771225344.json
[2026-02-17T06:11:35.259+0000] {logging_mixin.py:188} INFO - Downloaded TSLA/1771225356.json
[2026-02-17T06:11:35.309+0000] {logging_mixin.py:188} INFO - Downloaded TSLA/1771225369.json
[2026-02-17T06:11:35.378+0000] {logging_mixin.py:188} INFO - Downloaded TSLA/1771225380.json
[2026-02-17T06:11:35.425+0000] {logging_mixin.py:188} INFO - Downloaded TSLA/1771225390.json
[2026-02-17T06:11:35.462+0000] {logging_mixin.py:188} INFO - Downloaded TSLA/1771225401.json
[2026-02-17T06:11:35.500+0000] {logging_mixin.py:188} INFO - Downloaded TSLA/1771225411.json
[2026-02-17T06:11:35.536+0000] {logging_mixin.py:188} INFO - Downloaded TSLA/1771225422.json
[2026-02-17T06:11:35.550+0000] {logging_mixin.py:188} INFO - Downloaded TSLA/1771225434.json
[2026-02-17T06:11:35.561+0000] {logging_mixin.py:188} INFO - Downloaded TSLA/1771225445.json
[2026-02-17T06:11:35.590+0000] {logging_mixin.py:188} INFO - Downloaded TSLA/1771225455.json
[2026-02-17T06:11:35.609+0000] {logging_mixin.py:188} INFO - Downloaded TSLA/1771225466.json
[2026-02-17T06:11:35.628+0000] {logging_mixin.py:188} INFO - Downloaded TSLA/1771225478.json
[2026-02-17T06:11:35.650+0000] {logging_mixin.py:188} INFO - Downloaded TSLA/1771225488.json
[2026-02-17T06:11:35.679+0000] {logging_mixin.py:188} INFO - Downloaded TSLA/1771225499.json
[2026-02-17T06:11:35.703+0000] {logging_mixin.py:188} INFO - Downloaded TSLA/1771225509.json
[2026-02-17T06:11:35.720+0000] {logging_mixin.py:188} INFO - Downloaded TSLA/1771225520.json
[2026-02-17T06:11:35.736+0000] {logging_mixin.py:188} INFO - Downloaded TSLA/1771225531.json
[2026-02-17T06:11:35.775+0000] {logging_mixin.py:188} INFO - Downloaded TSLA/1771225542.json
[2026-02-17T06:11:35.795+0000] {logging_mixin.py:188} INFO - Downloaded TSLA/1771225553.json
[2026-02-17T06:11:35.826+0000] {logging_mixin.py:188} INFO - Downloaded TSLA/1771225565.json
[2026-02-17T06:11:35.843+0000] {logging_mixin.py:188} INFO - Downloaded TSLA/1771225577.json
[2026-02-17T06:11:35.858+0000] {logging_mixin.py:188} INFO - Downloaded TSLA/1771225588.json
[2026-02-17T06:11:35.871+0000] {logging_mixin.py:188} INFO - Downloaded TSLA/1771225599.json
[2026-02-17T06:11:35.899+0000] {logging_mixin.py:188} INFO - Downloaded TSLA/1771225610.json
[2026-02-17T06:11:35.914+0000] {logging_mixin.py:188} INFO - Downloaded TSLA/1771225621.json
[2026-02-17T06:11:35.927+0000] {logging_mixin.py:188} INFO - Downloaded TSLA/1771225632.json
[2026-02-17T06:11:35.943+0000] {logging_mixin.py:188} INFO - Downloaded TSLA/1771225643.json
[2026-02-17T06:11:35.955+0000] {logging_mixin.py:188} INFO - Downloaded TSLA/1771225654.json
[2026-02-17T06:11:35.970+0000] {logging_mixin.py:188} INFO - Downloaded TSLA/1771225665.json
[2026-02-17T06:11:35.982+0000] {logging_mixin.py:188} INFO - Downloaded TSLA/1771225675.json
[2026-02-17T06:11:35.995+0000] {logging_mixin.py:188} INFO - Downloaded TSLA/1771225685.json
[2026-02-17T06:11:36.008+0000] {logging_mixin.py:188} INFO - Downloaded TSLA/1771225696.json
[2026-02-17T06:11:36.022+0000] {logging_mixin.py:188} INFO - Downloaded TSLA/1771225707.json
[2026-02-17T06:11:36.035+0000] {logging_mixin.py:188} INFO - Downloaded TSLA/1771225717.json
[2026-02-17T06:11:36.049+0000] {logging_mixin.py:188} INFO - Downloaded TSLA/1771225729.json
[2026-02-17T06:11:36.064+0000] {logging_mixin.py:188} INFO - Downloaded TSLA/1771225740.json
[2026-02-17T06:11:36.082+0000] {logging_mixin.py:188} INFO - Downloaded TSLA/1771225751.json
[2026-02-17T06:11:36.094+0000] {logging_mixin.py:188} INFO - Downloaded TSLA/1771225761.json
[2026-02-17T06:11:36.109+0000] {logging_mixin.py:188} INFO - Downloaded TSLA/1771225773.json
[2026-02-17T06:11:36.123+0000] {logging_mixin.py:188} INFO - Downloaded TSLA/1771225783.json
[2026-02-17T06:11:36.135+0000] {logging_mixin.py:188} INFO - Downloaded TSLA/1771225793.json
[2026-02-17T06:11:36.177+0000] {logging_mixin.py:188} INFO - Downloaded TSLA/1771225804.json
[2026-02-17T06:11:36.212+0000] {logging_mixin.py:188} INFO - Downloaded TSLA/1771225815.json
[2026-02-17T06:11:36.233+0000] {logging_mixin.py:188} INFO - Downloaded TSLA/1771225826.json
[2026-02-17T06:11:36.250+0000] {logging_mixin.py:188} INFO - Downloaded TSLA/1771225837.json
[2026-02-17T06:11:36.266+0000] {logging_mixin.py:188} INFO - Downloaded TSLA/1771225848.json
[2026-02-17T06:11:36.285+0000] {logging_mixin.py:188} INFO - Downloaded TSLA/1771225860.json
[2026-02-17T06:11:36.305+0000] {logging_mixin.py:188} INFO - Downloaded TSLA/1771225871.json
[2026-02-17T06:11:36.328+0000] {logging_mixin.py:188} INFO - Downloaded TSLA/1771225881.json
[2026-02-17T06:11:36.343+0000] {logging_mixin.py:188} INFO - Downloaded TSLA/1771225892.json
[2026-02-17T06:11:36.373+0000] {logging_mixin.py:188} INFO - Downloaded TSLA/1771225903.json
[2026-02-17T06:11:36.391+0000] {logging_mixin.py:188} INFO - Downloaded TSLA/1771225913.json
[2026-02-17T06:11:36.404+0000] {logging_mixin.py:188} INFO - Downloaded TSLA/1771225924.json
[2026-02-17T06:11:36.422+0000] {logging_mixin.py:188} INFO - Downloaded TSLA/1771225935.json
[2026-02-17T06:11:36.440+0000] {logging_mixin.py:188} INFO - Downloaded TSLA/1771225945.json
[2026-02-17T06:11:36.461+0000] {logging_mixin.py:188} INFO - Downloaded TSLA/1771225955.json
[2026-02-17T06:11:36.483+0000] {logging_mixin.py:188} INFO - Downloaded TSLA/1771225966.json
[2026-02-17T06:11:36.500+0000] {logging_mixin.py:188} INFO - Downloaded TSLA/1771225977.json
[2026-02-17T06:11:36.516+0000] {logging_mixin.py:188} INFO - Downloaded TSLA/1771225987.json
[2026-02-17T06:11:36.531+0000] {logging_mixin.py:188} INFO - Downloaded TSLA/1771225998.json
[2026-02-17T06:11:36.544+0000] {logging_mixin.py:188} INFO - Downloaded TSLA/1771226009.json
[2026-02-17T06:11:36.559+0000] {logging_mixin.py:188} INFO - Downloaded TSLA/1771226019.json
[2026-02-17T06:11:36.590+0000] {logging_mixin.py:188} INFO - Downloaded TSLA/1771226030.json
[2026-02-17T06:11:36.612+0000] {logging_mixin.py:188} INFO - Downloaded TSLA/1771226040.json
[2026-02-17T06:11:36.635+0000] {logging_mixin.py:188} INFO - Downloaded TSLA/1771226051.json
[2026-02-17T06:11:36.652+0000] {logging_mixin.py:188} INFO - Downloaded TSLA/1771226061.json
[2026-02-17T06:11:36.668+0000] {logging_mixin.py:188} INFO - Downloaded TSLA/1771226072.json
[2026-02-17T06:11:36.684+0000] {logging_mixin.py:188} INFO - Downloaded TSLA/1771226083.json
[2026-02-17T06:11:36.713+0000] {logging_mixin.py:188} INFO - Downloaded TSLA/1771226093.json
[2026-02-17T06:11:36.729+0000] {logging_mixin.py:188} INFO - Downloaded TSLA/1771226105.json
[2026-02-17T06:11:36.747+0000] {logging_mixin.py:188} INFO - Downloaded TSLA/1771226116.json
[2026-02-17T06:11:36.772+0000] {logging_mixin.py:188} INFO - Downloaded TSLA/1771226127.json
[2026-02-17T06:11:36.790+0000] {logging_mixin.py:188} INFO - Downloaded TSLA/1771226138.json
[2026-02-17T06:11:36.808+0000] {logging_mixin.py:188} INFO - Downloaded TSLA/1771226149.json
[2026-02-17T06:11:36.823+0000] {logging_mixin.py:188} INFO - Downloaded TSLA/1771226160.json
[2026-02-17T06:11:36.842+0000] {logging_mixin.py:188} INFO - Downloaded TSLA/1771226171.json
[2026-02-17T06:11:36.863+0000] {logging_mixin.py:188} INFO - Downloaded TSLA/1771226182.json
[2026-02-17T06:11:36.881+0000] {logging_mixin.py:188} INFO - Downloaded TSLA/1771226192.json
[2026-02-17T06:11:36.896+0000] {logging_mixin.py:188} INFO - Downloaded TSLA/1771226203.json
[2026-02-17T06:11:36.913+0000] {logging_mixin.py:188} INFO - Downloaded TSLA/1771226215.json
[2026-02-17T06:11:36.962+0000] {logging_mixin.py:188} INFO - Downloaded TSLA/1771226225.json
[2026-02-17T06:11:36.997+0000] {logging_mixin.py:188} INFO - Downloaded TSLA/1771226236.json
[2026-02-17T06:11:37.016+0000] {logging_mixin.py:188} INFO - Downloaded TSLA/1771226246.json
[2026-02-17T06:11:37.035+0000] {logging_mixin.py:188} INFO - Downloaded TSLA/1771226256.json
[2026-02-17T06:11:37.052+0000] {logging_mixin.py:188} INFO - Downloaded TSLA/1771226267.json
[2026-02-17T06:11:37.072+0000] {logging_mixin.py:188} INFO - Downloaded TSLA/1771226278.json
[2026-02-17T06:11:37.091+0000] {logging_mixin.py:188} INFO - Downloaded TSLA/1771226288.json
[2026-02-17T06:11:37.117+0000] {logging_mixin.py:188} INFO - Downloaded TSLA/1771226299.json
[2026-02-17T06:11:37.140+0000] {logging_mixin.py:188} INFO - Downloaded TSLA/1771226311.json
[2026-02-17T06:11:37.154+0000] {logging_mixin.py:188} INFO - Downloaded TSLA/1771226321.json
[2026-02-17T06:11:37.169+0000] {logging_mixin.py:188} INFO - Downloaded TSLA/1771226332.json
[2026-02-17T06:11:37.181+0000] {logging_mixin.py:188} INFO - Downloaded TSLA/1771226343.json
[2026-02-17T06:11:37.210+0000] {logging_mixin.py:188} INFO - Downloaded TSLA/1771226354.json
[2026-02-17T06:11:37.239+0000] {logging_mixin.py:188} INFO - Downloaded TSLA/1771226365.json
[2026-02-17T06:11:37.259+0000] {logging_mixin.py:188} INFO - Downloaded TSLA/1771226376.json
[2026-02-17T06:11:37.288+0000] {logging_mixin.py:188} INFO - Downloaded TSLA/1771226388.json
[2026-02-17T06:11:37.312+0000] {logging_mixin.py:188} INFO - Downloaded TSLA/1771226399.json
[2026-02-17T06:11:37.332+0000] {logging_mixin.py:188} INFO - Downloaded TSLA/1771226410.json
[2026-02-17T06:11:37.347+0000] {logging_mixin.py:188} INFO - Downloaded TSLA/1771226421.json
[2026-02-17T06:11:37.360+0000] {logging_mixin.py:188} INFO - Downloaded TSLA/1771226433.json
[2026-02-17T06:11:37.374+0000] {logging_mixin.py:188} INFO - Downloaded TSLA/1771226444.json
[2026-02-17T06:11:37.392+0000] {logging_mixin.py:188} INFO - Downloaded TSLA/1771226455.json
[2026-02-17T06:11:37.407+0000] {logging_mixin.py:188} INFO - Downloaded TSLA/1771226467.json
[2026-02-17T06:11:37.422+0000] {logging_mixin.py:188} INFO - Downloaded TSLA/1771226479.json
[2026-02-17T06:11:37.437+0000] {logging_mixin.py:188} INFO - Downloaded TSLA/1771226489.json
[2026-02-17T06:11:37.468+0000] {logging_mixin.py:188} INFO - Downloaded TSLA/1771226501.json
[2026-02-17T06:11:37.491+0000] {logging_mixin.py:188} INFO - Downloaded TSLA/1771226512.json
[2026-02-17T06:11:37.508+0000] {logging_mixin.py:188} INFO - Downloaded TSLA/1771226524.json
[2026-02-17T06:11:37.524+0000] {logging_mixin.py:188} INFO - Downloaded TSLA/1771226535.json
[2026-02-17T06:11:37.554+0000] {logging_mixin.py:188} INFO - Downloaded TSLA/1771226546.json
[2026-02-17T06:11:37.574+0000] {logging_mixin.py:188} INFO - Downloaded TSLA/1771226557.json
[2026-02-17T06:11:37.612+0000] {logging_mixin.py:188} INFO - Downloaded TSLA/1771226567.json
[2026-02-17T06:11:37.626+0000] {logging_mixin.py:188} INFO - Downloaded TSLA/1771226578.json
[2026-02-17T06:11:37.658+0000] {logging_mixin.py:188} INFO - Downloaded TSLA/1771226589.json
[2026-02-17T06:11:37.675+0000] {logging_mixin.py:188} INFO - Downloaded TSLA/1771226600.json
[2026-02-17T06:11:37.690+0000] {logging_mixin.py:188} INFO - Downloaded TSLA/1771226612.json
[2026-02-17T06:11:37.720+0000] {logging_mixin.py:188} INFO - Downloaded TSLA/1771226625.json
[2026-02-17T06:11:37.736+0000] {logging_mixin.py:188} INFO - Downloaded TSLA/1771226636.json
[2026-02-17T06:11:37.767+0000] {logging_mixin.py:188} INFO - Downloaded TSLA/1771226647.json
[2026-02-17T06:11:37.786+0000] {logging_mixin.py:188} INFO - Downloaded TSLA/1771226659.json
[2026-02-17T06:11:37.801+0000] {logging_mixin.py:188} INFO - Downloaded TSLA/1771226670.json
[2026-02-17T06:11:37.828+0000] {logging_mixin.py:188} INFO - Downloaded TSLA/1771226681.json
[2026-02-17T06:11:37.847+0000] {logging_mixin.py:188} INFO - Downloaded TSLA/1771226692.json
[2026-02-17T06:11:37.879+0000] {logging_mixin.py:188} INFO - Downloaded TSLA/1771226703.json
[2026-02-17T06:11:37.894+0000] {logging_mixin.py:188} INFO - Downloaded TSLA/1771226714.json
[2026-02-17T06:11:37.921+0000] {logging_mixin.py:188} INFO - Downloaded TSLA/1771226725.json
[2026-02-17T06:11:37.950+0000] {logging_mixin.py:188} INFO - Downloaded TSLA/1771226735.json
[2026-02-17T06:11:37.971+0000] {logging_mixin.py:188} INFO - Downloaded TSLA/1771226746.json
[2026-02-17T06:11:38.000+0000] {logging_mixin.py:188} INFO - Downloaded TSLA/1771226757.json
[2026-02-17T06:11:38.017+0000] {logging_mixin.py:188} INFO - Downloaded TSLA/1771226768.json
[2026-02-17T06:11:38.040+0000] {logging_mixin.py:188} INFO - Downloaded TSLA/1771226779.json
[2026-02-17T06:11:38.070+0000] {logging_mixin.py:188} INFO - Downloaded TSLA/1771226791.json
[2026-02-17T06:11:38.087+0000] {logging_mixin.py:188} INFO - Downloaded TSLA/1771226801.json
[2026-02-17T06:11:38.103+0000] {logging_mixin.py:188} INFO - Downloaded TSLA/1771226814.json
[2026-02-17T06:11:38.132+0000] {logging_mixin.py:188} INFO - Downloaded TSLA/1771226829.json
[2026-02-17T06:11:38.165+0000] {logging_mixin.py:188} INFO - Downloaded TSLA/1771226841.json
[2026-02-17T06:11:38.201+0000] {logging_mixin.py:188} INFO - Downloaded TSLA/1771226852.json
[2026-02-17T06:11:38.220+0000] {logging_mixin.py:188} INFO - Downloaded TSLA/1771226869.json
[2026-02-17T06:11:38.242+0000] {logging_mixin.py:188} INFO - Downloaded TSLA/1771226883.json
[2026-02-17T06:11:38.261+0000] {logging_mixin.py:188} INFO - Downloaded TSLA/1771226898.json
[2026-02-17T06:11:38.275+0000] {logging_mixin.py:188} INFO - Downloaded TSLA/1771226910.json
[2026-02-17T06:11:38.300+0000] {logging_mixin.py:188} INFO - Downloaded TSLA/1771226926.json
[2026-02-17T06:11:38.313+0000] {logging_mixin.py:188} INFO - Downloaded TSLA/1771226938.json
[2026-02-17T06:11:38.329+0000] {logging_mixin.py:188} INFO - Downloaded TSLA/1771226953.json
[2026-02-17T06:11:38.348+0000] {logging_mixin.py:188} INFO - Downloaded TSLA/1771226966.json
[2026-02-17T06:11:38.366+0000] {logging_mixin.py:188} INFO - Downloaded TSLA/1771226977.json
[2026-02-17T06:11:38.383+0000] {logging_mixin.py:188} INFO - Downloaded TSLA/1771226987.json
[2026-02-17T06:11:38.400+0000] {logging_mixin.py:188} INFO - Downloaded TSLA/1771227000.json
[2026-02-17T06:11:38.414+0000] {logging_mixin.py:188} INFO - Downloaded TSLA/1771227010.json
[2026-02-17T06:11:38.433+0000] {logging_mixin.py:188} INFO - Downloaded TSLA/1771227022.json
[2026-02-17T06:11:38.450+0000] {logging_mixin.py:188} INFO - Downloaded TSLA/1771227032.json
[2026-02-17T06:11:38.468+0000] {logging_mixin.py:188} INFO - Downloaded TSLA/1771227042.json
[2026-02-17T06:11:38.483+0000] {logging_mixin.py:188} INFO - Downloaded TSLA/1771227053.json
[2026-02-17T06:11:38.496+0000] {logging_mixin.py:188} INFO - Downloaded TSLA/1771227064.json
[2026-02-17T06:11:38.525+0000] {logging_mixin.py:188} INFO - Downloaded TSLA/1771227074.json
[2026-02-17T06:11:38.555+0000] {logging_mixin.py:188} INFO - Downloaded TSLA/1771227085.json
[2026-02-17T06:11:38.571+0000] {logging_mixin.py:188} INFO - Downloaded TSLA/1771227096.json
[2026-02-17T06:11:38.597+0000] {logging_mixin.py:188} INFO - Downloaded TSLA/1771227107.json
[2026-02-17T06:11:38.611+0000] {logging_mixin.py:188} INFO - Downloaded TSLA/1771227119.json
[2026-02-17T06:11:38.634+0000] {logging_mixin.py:188} INFO - Downloaded TSLA/1771227130.json
[2026-02-17T06:11:38.650+0000] {logging_mixin.py:188} INFO - Downloaded TSLA/1771227142.json
[2026-02-17T06:11:38.663+0000] {logging_mixin.py:188} INFO - Downloaded TSLA/1771227153.json
[2026-02-17T06:11:38.676+0000] {logging_mixin.py:188} INFO - Downloaded TSLA/1771227163.json
[2026-02-17T06:11:38.703+0000] {logging_mixin.py:188} INFO - Downloaded TSLA/1771227177.json
[2026-02-17T06:11:38.715+0000] {logging_mixin.py:188} INFO - Downloaded TSLA/1771227188.json
[2026-02-17T06:11:38.730+0000] {logging_mixin.py:188} INFO - Downloaded TSLA/1771227199.json
[2026-02-17T06:11:38.759+0000] {logging_mixin.py:188} INFO - Downloaded TSLA/1771227211.json
[2026-02-17T06:11:38.781+0000] {logging_mixin.py:188} INFO - Downloaded TSLA/1771227222.json
[2026-02-17T06:11:38.801+0000] {logging_mixin.py:188} INFO - Downloaded TSLA/1771227233.json
[2026-02-17T06:11:38.821+0000] {logging_mixin.py:188} INFO - Downloaded TSLA/1771227246.json
[2026-02-17T06:11:38.843+0000] {logging_mixin.py:188} INFO - Downloaded TSLA/1771227257.json
[2026-02-17T06:11:38.872+0000] {logging_mixin.py:188} INFO - Downloaded TSLA/1771227271.json
[2026-02-17T06:11:38.892+0000] {logging_mixin.py:188} INFO - Downloaded TSLA/1771227282.json
[2026-02-17T06:11:38.912+0000] {logging_mixin.py:188} INFO - Downloaded TSLA/1771227295.json
[2026-02-17T06:11:38.932+0000] {logging_mixin.py:188} INFO - Downloaded TSLA/1771227307.json
[2026-02-17T06:11:38.950+0000] {logging_mixin.py:188} INFO - Downloaded TSLA/1771227318.json
[2026-02-17T06:11:38.970+0000] {logging_mixin.py:188} INFO - Downloaded TSLA/1771227329.json
[2026-02-17T06:11:38.989+0000] {logging_mixin.py:188} INFO - Downloaded TSLA/1771227340.json
[2026-02-17T06:11:39.008+0000] {logging_mixin.py:188} INFO - Downloaded TSLA/1771227350.json
[2026-02-17T06:11:39.027+0000] {logging_mixin.py:188} INFO - Downloaded TSLA/1771227363.json
[2026-02-17T06:11:39.050+0000] {logging_mixin.py:188} INFO - Downloaded TSLA/1771227376.json
[2026-02-17T06:11:39.071+0000] {logging_mixin.py:188} INFO - Downloaded TSLA/1771227387.json
[2026-02-17T06:11:39.090+0000] {logging_mixin.py:188} INFO - Downloaded TSLA/1771227399.json
[2026-02-17T06:11:39.113+0000] {logging_mixin.py:188} INFO - Downloaded TSLA/1771227409.json
[2026-02-17T06:11:39.131+0000] {logging_mixin.py:188} INFO - Downloaded TSLA/1771227421.json
[2026-02-17T06:11:39.150+0000] {logging_mixin.py:188} INFO - Downloaded TSLA/1771227432.json
[2026-02-17T06:11:39.168+0000] {logging_mixin.py:188} INFO - Downloaded TSLA/1771227443.json
[2026-02-17T06:11:39.189+0000] {logging_mixin.py:188} INFO - Downloaded TSLA/1771227453.json
[2026-02-17T06:11:39.207+0000] {logging_mixin.py:188} INFO - Downloaded TSLA/1771227464.json
[2026-02-17T06:11:39.226+0000] {logging_mixin.py:188} INFO - Downloaded TSLA/1771227476.json
[2026-02-17T06:11:39.249+0000] {logging_mixin.py:188} INFO - Downloaded TSLA/1771227487.json
[2026-02-17T06:11:39.276+0000] {logging_mixin.py:188} INFO - Downloaded TSLA/1771227498.json
[2026-02-17T06:11:39.374+0000] {logging_mixin.py:188} INFO - Downloaded TSLA/1771227508.json
[2026-02-17T06:11:39.388+0000] {logging_mixin.py:188} INFO - Downloaded TSLA/1771227519.json
[2026-02-17T06:11:39.416+0000] {logging_mixin.py:188} INFO - Downloaded TSLA/1771227529.json
[2026-02-17T06:11:39.429+0000] {logging_mixin.py:188} INFO - Downloaded TSLA/1771227540.json
[2026-02-17T06:11:39.458+0000] {logging_mixin.py:188} INFO - Downloaded TSLA/1771227552.json
[2026-02-17T06:11:39.470+0000] {logging_mixin.py:188} INFO - Downloaded TSLA/1771227562.json
[2026-02-17T06:11:39.481+0000] {logging_mixin.py:188} INFO - Downloaded TSLA/1771227573.json
[2026-02-17T06:11:39.502+0000] {logging_mixin.py:188} INFO - Downloaded TSLA/1771227584.json
[2026-02-17T06:11:39.522+0000] {logging_mixin.py:188} INFO - Downloaded TSLA/1771227594.json
[2026-02-17T06:11:39.541+0000] {logging_mixin.py:188} INFO - Downloaded TSLA/1771227605.json
[2026-02-17T06:11:39.560+0000] {logging_mixin.py:188} INFO - Downloaded TSLA/1771227616.json
[2026-02-17T06:11:39.579+0000] {logging_mixin.py:188} INFO - Downloaded TSLA/1771227627.json
[2026-02-17T06:11:39.597+0000] {logging_mixin.py:188} INFO - Downloaded TSLA/1771227637.json
[2026-02-17T06:11:39.619+0000] {logging_mixin.py:188} INFO - Downloaded TSLA/1771227648.json
[2026-02-17T06:11:39.642+0000] {logging_mixin.py:188} INFO - Downloaded TSLA/1771227658.json
[2026-02-17T06:11:39.672+0000] {logging_mixin.py:188} INFO - Downloaded TSLA/1771227669.json
[2026-02-17T06:11:39.692+0000] {logging_mixin.py:188} INFO - Downloaded TSLA/1771227680.json
[2026-02-17T06:11:39.714+0000] {logging_mixin.py:188} INFO - Downloaded TSLA/1771227690.json
[2026-02-17T06:11:39.732+0000] {logging_mixin.py:188} INFO - Downloaded TSLA/1771227701.json
[2026-02-17T06:11:39.747+0000] {logging_mixin.py:188} INFO - Downloaded TSLA/1771227711.json
[2026-02-17T06:11:39.765+0000] {logging_mixin.py:188} INFO - Downloaded TSLA/1771227723.json
[2026-02-17T06:11:39.780+0000] {logging_mixin.py:188} INFO - Downloaded TSLA/1771227733.json
[2026-02-17T06:11:39.797+0000] {logging_mixin.py:188} INFO - Downloaded TSLA/1771227743.json
[2026-02-17T06:11:39.814+0000] {logging_mixin.py:188} INFO - Downloaded TSLA/1771227754.json
[2026-02-17T06:11:39.828+0000] {logging_mixin.py:188} INFO - Downloaded TSLA/1771227764.json
[2026-02-17T06:11:39.845+0000] {logging_mixin.py:188} INFO - Downloaded TSLA/1771227775.json
[2026-02-17T06:11:39.860+0000] {logging_mixin.py:188} INFO - Downloaded TSLA/1771227785.json
[2026-02-17T06:11:39.875+0000] {logging_mixin.py:188} INFO - Downloaded TSLA/1771227795.json
[2026-02-17T06:11:39.890+0000] {logging_mixin.py:188} INFO - Downloaded TSLA/1771227806.json
[2026-02-17T06:11:39.906+0000] {logging_mixin.py:188} INFO - Downloaded TSLA/1771227816.json
[2026-02-17T06:11:39.921+0000] {logging_mixin.py:188} INFO - Downloaded TSLA/1771227827.json
[2026-02-17T06:11:39.938+0000] {logging_mixin.py:188} INFO - Downloaded TSLA/1771227838.json
[2026-02-17T06:11:39.954+0000] {logging_mixin.py:188} INFO - Downloaded TSLA/1771227849.json
[2026-02-17T06:11:39.970+0000] {logging_mixin.py:188} INFO - Downloaded TSLA/1771227859.json
[2026-02-17T06:11:39.985+0000] {logging_mixin.py:188} INFO - Downloaded TSLA/1771227870.json
[2026-02-17T06:11:40.001+0000] {logging_mixin.py:188} INFO - Downloaded TSLA/1771227881.json
[2026-02-17T06:11:40.015+0000] {logging_mixin.py:188} INFO - Downloaded TSLA/1771227891.json
[2026-02-17T06:11:40.031+0000] {logging_mixin.py:188} INFO - Downloaded TSLA/1771227901.json
[2026-02-17T06:11:40.046+0000] {logging_mixin.py:188} INFO - Downloaded TSLA/1771227912.json
[2026-02-17T06:11:40.061+0000] {logging_mixin.py:188} INFO - Downloaded TSLA/1771227922.json
[2026-02-17T06:11:40.076+0000] {logging_mixin.py:188} INFO - Downloaded TSLA/1771227932.json
[2026-02-17T06:11:40.090+0000] {logging_mixin.py:188} INFO - Downloaded TSLA/1771227943.json
[2026-02-17T06:11:40.106+0000] {logging_mixin.py:188} INFO - Downloaded TSLA/1771227953.json
[2026-02-17T06:11:40.121+0000] {logging_mixin.py:188} INFO - Downloaded TSLA/1771227963.json
[2026-02-17T06:11:40.139+0000] {logging_mixin.py:188} INFO - Downloaded TSLA/1771227974.json
[2026-02-17T06:11:40.154+0000] {logging_mixin.py:188} INFO - Downloaded TSLA/1771227984.json
[2026-02-17T06:11:40.171+0000] {logging_mixin.py:188} INFO - Downloaded TSLA/1771227995.json
[2026-02-17T06:11:40.185+0000] {logging_mixin.py:188} INFO - Downloaded TSLA/1771228006.json
[2026-02-17T06:11:40.199+0000] {logging_mixin.py:188} INFO - Downloaded TSLA/1771228017.json
[2026-02-17T06:11:40.214+0000] {logging_mixin.py:188} INFO - Downloaded TSLA/1771228027.json
[2026-02-17T06:11:40.230+0000] {logging_mixin.py:188} INFO - Downloaded TSLA/1771228037.json
[2026-02-17T06:11:40.244+0000] {logging_mixin.py:188} INFO - Downloaded TSLA/1771228048.json
[2026-02-17T06:11:40.260+0000] {logging_mixin.py:188} INFO - Downloaded TSLA/1771228059.json
[2026-02-17T06:11:40.276+0000] {logging_mixin.py:188} INFO - Downloaded TSLA/1771228070.json
[2026-02-17T06:11:40.291+0000] {logging_mixin.py:188} INFO - Downloaded TSLA/1771228080.json
[2026-02-17T06:11:40.306+0000] {logging_mixin.py:188} INFO - Downloaded TSLA/1771228091.json
[2026-02-17T06:11:40.320+0000] {logging_mixin.py:188} INFO - Downloaded TSLA/1771228101.json
[2026-02-17T06:11:40.338+0000] {logging_mixin.py:188} INFO - Downloaded TSLA/1771228112.json
[2026-02-17T06:11:40.352+0000] {logging_mixin.py:188} INFO - Downloaded TSLA/1771228122.json
[2026-02-17T06:11:40.369+0000] {logging_mixin.py:188} INFO - Downloaded TSLA/1771228133.json
[2026-02-17T06:11:40.384+0000] {logging_mixin.py:188} INFO - Downloaded TSLA/1771228143.json
[2026-02-17T06:11:40.402+0000] {logging_mixin.py:188} INFO - Downloaded TSLA/1771228153.json
[2026-02-17T06:11:40.425+0000] {logging_mixin.py:188} INFO - Downloaded TSLA/1771228163.json
[2026-02-17T06:11:40.445+0000] {logging_mixin.py:188} INFO - Downloaded TSLA/1771228174.json
[2026-02-17T06:11:40.471+0000] {logging_mixin.py:188} INFO - Downloaded TSLA/1771228184.json
[2026-02-17T06:11:40.524+0000] {logging_mixin.py:188} INFO - Downloaded TSLA/1771228194.json
[2026-02-17T06:11:40.575+0000] {logging_mixin.py:188} INFO - Downloaded TSLA/1771228204.json
[2026-02-17T06:11:40.600+0000] {logging_mixin.py:188} INFO - Downloaded TSLA/1771228215.json
[2026-02-17T06:11:40.645+0000] {logging_mixin.py:188} INFO - Downloaded TSLA/1771228225.json
[2026-02-17T06:11:40.687+0000] {logging_mixin.py:188} INFO - Downloaded TSLA/1771228236.json
[2026-02-17T06:11:40.728+0000] {logging_mixin.py:188} INFO - Downloaded TSLA/1771228247.json
[2026-02-17T06:11:40.762+0000] {logging_mixin.py:188} INFO - Downloaded TSLA/1771228257.json
[2026-02-17T06:11:40.795+0000] {logging_mixin.py:188} INFO - Downloaded TSLA/1771228268.json
[2026-02-17T06:11:40.829+0000] {logging_mixin.py:188} INFO - Downloaded TSLA/1771228280.json
[2026-02-17T06:11:40.870+0000] {logging_mixin.py:188} INFO - Downloaded TSLA/1771228290.json
[2026-02-17T06:11:40.895+0000] {logging_mixin.py:188} INFO - Downloaded TSLA/1771228301.json
[2026-02-17T06:11:40.914+0000] {logging_mixin.py:188} INFO - Downloaded TSLA/1771228311.json
[2026-02-17T06:11:40.941+0000] {logging_mixin.py:188} INFO - Downloaded TSLA/1771228323.json
[2026-02-17T06:11:40.964+0000] {logging_mixin.py:188} INFO - Downloaded TSLA/1771228333.json
[2026-02-17T06:11:40.982+0000] {logging_mixin.py:188} INFO - Downloaded TSLA/1771228343.json
[2026-02-17T06:11:41.002+0000] {logging_mixin.py:188} INFO - Downloaded TSLA/1771228354.json
[2026-02-17T06:11:41.038+0000] {logging_mixin.py:188} INFO - Downloaded TSLA/1771228364.json
[2026-02-17T06:11:41.058+0000] {logging_mixin.py:188} INFO - Downloaded TSLA/1771228375.json
[2026-02-17T06:11:41.088+0000] {logging_mixin.py:188} INFO - Downloaded TSLA/1771228385.json
[2026-02-17T06:11:41.114+0000] {logging_mixin.py:188} INFO - Downloaded TSLA/1771228395.json
[2026-02-17T06:11:41.149+0000] {logging_mixin.py:188} INFO - Downloaded TSLA/1771228406.json
[2026-02-17T06:11:41.185+0000] {logging_mixin.py:188} INFO - Downloaded TSLA/1771228417.json
[2026-02-17T06:11:41.220+0000] {logging_mixin.py:188} INFO - Downloaded TSLA/1771228428.json
[2026-02-17T06:11:41.278+0000] {logging_mixin.py:188} INFO - Downloaded TSLA/1771228438.json
[2026-02-17T06:11:41.292+0000] {logging_mixin.py:188} INFO - Downloaded TSLA/1771228449.json
[2026-02-17T06:11:41.303+0000] {logging_mixin.py:188} INFO - Downloaded TSLA/1771228459.json
[2026-02-17T06:11:41.333+0000] {logging_mixin.py:188} INFO - Downloaded TSLA/1771228469.json
[2026-02-17T06:11:41.347+0000] {logging_mixin.py:188} INFO - Downloaded TSLA/1771228480.json
[2026-02-17T06:11:41.362+0000] {logging_mixin.py:188} INFO - Downloaded TSLA/1771228491.json
[2026-02-17T06:11:41.374+0000] {logging_mixin.py:188} INFO - Downloaded TSLA/1771228501.json
[2026-02-17T06:11:41.385+0000] {logging_mixin.py:188} INFO - Downloaded TSLA/1771228511.json
[2026-02-17T06:11:41.396+0000] {logging_mixin.py:188} INFO - Downloaded TSLA/1771228522.json
[2026-02-17T06:11:41.407+0000] {logging_mixin.py:188} INFO - Downloaded TSLA/1771228533.json
[2026-02-17T06:11:41.419+0000] {logging_mixin.py:188} INFO - Downloaded TSLA/1771228543.json
[2026-02-17T06:11:41.432+0000] {logging_mixin.py:188} INFO - Downloaded TSLA/1771228554.json
[2026-02-17T06:11:41.445+0000] {logging_mixin.py:188} INFO - Downloaded TSLA/1771228564.json
[2026-02-17T06:11:41.457+0000] {logging_mixin.py:188} INFO - Downloaded TSLA/1771228575.json
[2026-02-17T06:11:41.468+0000] {logging_mixin.py:188} INFO - Downloaded TSLA/1771228586.json
[2026-02-17T06:11:41.482+0000] {logging_mixin.py:188} INFO - Downloaded TSLA/1771228596.json
[2026-02-17T06:11:41.494+0000] {logging_mixin.py:188} INFO - Downloaded TSLA/1771228607.json
[2026-02-17T06:11:41.505+0000] {logging_mixin.py:188} INFO - Downloaded TSLA/1771228619.json
[2026-02-17T06:11:41.516+0000] {logging_mixin.py:188} INFO - Downloaded TSLA/1771228630.json
[2026-02-17T06:11:41.529+0000] {logging_mixin.py:188} INFO - Downloaded TSLA/1771228640.json
[2026-02-17T06:11:41.546+0000] {logging_mixin.py:188} INFO - Downloaded TSLA/1771228650.json
[2026-02-17T06:11:41.573+0000] {logging_mixin.py:188} INFO - Downloaded TSLA/1771228661.json
[2026-02-17T06:11:41.607+0000] {logging_mixin.py:188} INFO - Downloaded TSLA/1771228671.json
[2026-02-17T06:11:41.625+0000] {logging_mixin.py:188} INFO - Downloaded TSLA/1771228682.json
[2026-02-17T06:11:41.639+0000] {logging_mixin.py:188} INFO - Downloaded TSLA/1771228693.json
[2026-02-17T06:11:41.651+0000] {logging_mixin.py:188} INFO - Downloaded TSLA/1771228703.json
[2026-02-17T06:11:41.661+0000] {logging_mixin.py:188} INFO - Downloaded TSLA/1771228714.json
[2026-02-17T06:11:41.672+0000] {logging_mixin.py:188} INFO - Downloaded TSLA/1771228725.json
[2026-02-17T06:11:41.683+0000] {logging_mixin.py:188} INFO - Downloaded TSLA/1771228735.json
[2026-02-17T06:11:41.696+0000] {logging_mixin.py:188} INFO - Downloaded TSLA/1771228746.json
[2026-02-17T06:11:41.710+0000] {logging_mixin.py:188} INFO - Downloaded TSLA/1771228756.json
[2026-02-17T06:11:41.723+0000] {logging_mixin.py:188} INFO - Downloaded TSLA/1771228767.json
[2026-02-17T06:11:41.737+0000] {logging_mixin.py:188} INFO - Downloaded TSLA/1771228778.json
[2026-02-17T06:11:41.753+0000] {logging_mixin.py:188} INFO - Downloaded TSLA/1771228788.json
[2026-02-17T06:11:41.767+0000] {logging_mixin.py:188} INFO - Downloaded TSLA/1771228799.json
[2026-02-17T06:11:41.779+0000] {logging_mixin.py:188} INFO - Downloaded TSLA/1771228809.json
[2026-02-17T06:11:41.809+0000] {logging_mixin.py:188} INFO - Downloaded TSLA/1771228821.json
[2026-02-17T06:11:41.829+0000] {logging_mixin.py:188} INFO - Downloaded TSLA/1771228832.json
[2026-02-17T06:11:41.858+0000] {logging_mixin.py:188} INFO - Downloaded TSLA/1771228843.json
[2026-02-17T06:11:41.873+0000] {logging_mixin.py:188} INFO - Downloaded TSLA/1771228853.json
[2026-02-17T06:11:41.884+0000] {logging_mixin.py:188} INFO - Downloaded TSLA/1771228866.json
[2026-02-17T06:11:41.896+0000] {logging_mixin.py:188} INFO - Downloaded TSLA/1771228877.json
[2026-02-17T06:11:41.907+0000] {logging_mixin.py:188} INFO - Downloaded TSLA/1771228887.json
[2026-02-17T06:11:41.918+0000] {logging_mixin.py:188} INFO - Downloaded TSLA/1771228899.json
[2026-02-17T06:11:41.946+0000] {logging_mixin.py:188} INFO - Downloaded TSLA/1771228910.json
[2026-02-17T06:11:41.967+0000] {logging_mixin.py:188} INFO - Downloaded TSLA/1771228922.json
[2026-02-17T06:11:41.989+0000] {logging_mixin.py:188} INFO - Downloaded TSLA/1771228935.json
[2026-02-17T06:11:42.010+0000] {logging_mixin.py:188} INFO - Downloaded TSLA/1771228946.json
[2026-02-17T06:11:42.032+0000] {logging_mixin.py:188} INFO - Downloaded TSLA/1771228956.json
[2026-02-17T06:11:42.050+0000] {logging_mixin.py:188} INFO - Downloaded TSLA/1771228967.json
[2026-02-17T06:11:42.069+0000] {logging_mixin.py:188} INFO - Downloaded TSLA/1771228978.json
[2026-02-17T06:11:42.088+0000] {logging_mixin.py:188} INFO - Downloaded TSLA/1771228989.json
[2026-02-17T06:11:42.111+0000] {logging_mixin.py:188} INFO - Downloaded TSLA/1771229000.json
[2026-02-17T06:11:42.131+0000] {logging_mixin.py:188} INFO - Downloaded TSLA/1771229011.json
[2026-02-17T06:11:42.155+0000] {logging_mixin.py:188} INFO - Downloaded TSLA/1771229021.json
[2026-02-17T06:11:42.178+0000] {logging_mixin.py:188} INFO - Downloaded TSLA/1771229032.json
[2026-02-17T06:11:42.195+0000] {logging_mixin.py:188} INFO - Downloaded TSLA/1771229043.json
[2026-02-17T06:11:42.205+0000] {logging_mixin.py:188} INFO - Downloaded TSLA/1771229054.json
[2026-02-17T06:11:42.218+0000] {logging_mixin.py:188} INFO - Downloaded TSLA/1771229064.json
[2026-02-17T06:11:42.229+0000] {logging_mixin.py:188} INFO - Downloaded TSLA/1771229075.json
[2026-02-17T06:11:42.244+0000] {logging_mixin.py:188} INFO - Downloaded TSLA/1771229086.json
[2026-02-17T06:11:42.273+0000] {logging_mixin.py:188} INFO - Downloaded TSLA/1771229098.json
[2026-02-17T06:11:42.286+0000] {logging_mixin.py:188} INFO - Downloaded TSLA/1771229109.json
[2026-02-17T06:11:42.297+0000] {logging_mixin.py:188} INFO - Downloaded TSLA/1771229120.json
[2026-02-17T06:11:42.308+0000] {logging_mixin.py:188} INFO - Downloaded TSLA/1771229131.json
[2026-02-17T06:11:42.320+0000] {logging_mixin.py:188} INFO - Downloaded TSLA/1771229146.json
[2026-02-17T06:11:42.331+0000] {logging_mixin.py:188} INFO - Downloaded TSLA/1771229160.json
[2026-02-17T06:11:42.342+0000] {logging_mixin.py:188} INFO - Downloaded TSLA/1771229171.json
[2026-02-17T06:11:42.353+0000] {logging_mixin.py:188} INFO - Downloaded TSLA/1771229182.json
[2026-02-17T06:11:42.364+0000] {logging_mixin.py:188} INFO - Downloaded TSLA/1771229192.json
[2026-02-17T06:11:42.376+0000] {logging_mixin.py:188} INFO - Downloaded TSLA/1771229203.json
[2026-02-17T06:11:42.388+0000] {logging_mixin.py:188} INFO - Downloaded TSLA/1771229213.json
[2026-02-17T06:11:42.400+0000] {logging_mixin.py:188} INFO - Downloaded TSLA/1771229224.json
[2026-02-17T06:11:42.412+0000] {logging_mixin.py:188} INFO - Downloaded TSLA/1771229236.json
[2026-02-17T06:11:42.422+0000] {logging_mixin.py:188} INFO - Downloaded TSLA/1771229247.json
[2026-02-17T06:11:42.434+0000] {logging_mixin.py:188} INFO - Downloaded TSLA/1771229258.json
[2026-02-17T06:11:42.445+0000] {logging_mixin.py:188} INFO - Downloaded TSLA/1771229269.json
[2026-02-17T06:11:42.457+0000] {logging_mixin.py:188} INFO - Downloaded TSLA/1771229282.json
[2026-02-17T06:11:42.468+0000] {logging_mixin.py:188} INFO - Downloaded TSLA/1771229294.json
[2026-02-17T06:11:42.481+0000] {logging_mixin.py:188} INFO - Downloaded TSLA/1771229306.json
[2026-02-17T06:11:42.509+0000] {logging_mixin.py:188} INFO - Downloaded TSLA/1771229316.json
[2026-02-17T06:11:42.530+0000] {logging_mixin.py:188} INFO - Downloaded TSLA/1771229327.json
[2026-02-17T06:11:42.550+0000] {logging_mixin.py:188} INFO - Downloaded TSLA/1771308353.json
[2026-02-17T06:11:42.570+0000] {logging_mixin.py:188} INFO - Downloaded TSLA/1771308363.json
[2026-02-17T06:11:42.590+0000] {logging_mixin.py:188} INFO - Downloaded TSLA/1771308373.json
[2026-02-17T06:11:42.613+0000] {logging_mixin.py:188} INFO - Downloaded TSLA/1771308383.json
[2026-02-17T06:11:42.634+0000] {logging_mixin.py:188} INFO - Downloaded TSLA/1771308394.json
[2026-02-17T06:11:42.653+0000] {logging_mixin.py:188} INFO - Downloaded TSLA/1771308404.json
[2026-02-17T06:11:42.676+0000] {logging_mixin.py:188} INFO - Downloaded TSLA/1771308414.json
[2026-02-17T06:11:42.698+0000] {logging_mixin.py:188} INFO - Downloaded TSLA/1771308424.json
[2026-02-17T06:11:42.718+0000] {logging_mixin.py:188} INFO - Downloaded TSLA/1771308434.json
[2026-02-17T06:11:42.743+0000] {logging_mixin.py:188} INFO - Downloaded TSLA/1771308444.json
[2026-02-17T06:11:42.779+0000] {logging_mixin.py:188} INFO - Downloaded TSLA/1771308454.json
[2026-02-17T06:11:42.799+0000] {logging_mixin.py:188} INFO - Downloaded TSLA/1771308464.json
[2026-02-17T06:11:42.815+0000] {logging_mixin.py:188} INFO - Downloaded TSLA/1771308475.json
[2026-02-17T06:11:42.833+0000] {logging_mixin.py:188} INFO - Downloaded TSLA/1771308485.json
[2026-02-17T06:11:42.855+0000] {logging_mixin.py:188} INFO - Downloaded TSLA/1771308495.json
[2026-02-17T06:11:42.890+0000] {logging_mixin.py:188} INFO - Downloaded TSLA/1771308505.json
[2026-02-17T06:11:42.912+0000] {logging_mixin.py:188} INFO - Downloaded TSLA/1771308516.json
[2026-02-17T06:11:42.931+0000] {logging_mixin.py:188} INFO - Downloaded TSLA/1771308526.json
[2026-02-17T06:11:42.948+0000] {logging_mixin.py:188} INFO - Downloaded TSLA/1771308536.json
[2026-02-17T06:11:42.964+0000] {logging_mixin.py:188} INFO - Downloaded TSLA/1771308546.json
[2026-02-17T06:11:42.995+0000] {logging_mixin.py:188} INFO - Downloaded TSLA/1771308556.json
[2026-02-17T06:11:43.031+0000] {logging_mixin.py:188} INFO - Downloaded TSLA/1771308566.json
[2026-02-17T06:11:43.058+0000] {logging_mixin.py:188} INFO - Downloaded TSLA/1771308576.json
[2026-02-17T06:11:43.073+0000] {logging_mixin.py:188} INFO - Downloaded TSLA/1771308586.json
[2026-02-17T06:11:43.097+0000] {logging_mixin.py:188} INFO - Downloaded TSLA/1771308596.json
[2026-02-17T06:11:43.111+0000] {logging_mixin.py:188} INFO - Downloaded TSLA/1771308606.json
[2026-02-17T06:11:43.124+0000] {logging_mixin.py:188} INFO - Downloaded TSLA/1771308617.json
[2026-02-17T06:11:43.139+0000] {logging_mixin.py:188} INFO - Downloaded TSLA/1771308627.json
[2026-02-17T06:11:43.144+0000] {python.py:237} INFO - Done. Returned value was: ['/opt/***/data/minio/AAPL/1771221446.json', '/opt/***/data/minio/AAPL/1771221459.json', '/opt/***/data/minio/AAPL/1771221471.json', '/opt/***/data/minio/AAPL/1771221483.json', '/opt/***/data/minio/AAPL/1771221496.json', '/opt/***/data/minio/AAPL/1771221508.json', '/opt/***/data/minio/AAPL/1771221522.json', '/opt/***/data/minio/AAPL/1771221533.json', '/opt/***/data/minio/AAPL/1771221545.json', '/opt/***/data/minio/AAPL/1771221557.json', '/opt/***/data/minio/AAPL/1771221568.json', '/opt/***/data/minio/AAPL/1771221580.json', '/opt/***/data/minio/AAPL/1771221592.json', '/opt/***/data/minio/AAPL/1771221603.json', '/opt/***/data/minio/AAPL/1771221615.json', '/opt/***/data/minio/AAPL/1771221627.json', '/opt/***/data/minio/AAPL/1771221639.json', '/opt/***/data/minio/AAPL/1771221650.json', '/opt/***/data/minio/AAPL/1771221661.json', '/opt/***/data/minio/AAPL/1771221673.json', '/opt/***/data/minio/AAPL/1771221686.json', '/opt/***/data/minio/AAPL/1771221698.json', '/opt/***/data/minio/AAPL/1771221709.json', '/opt/***/data/minio/AAPL/1771221720.json', '/opt/***/data/minio/AAPL/1771221733.json', '/opt/***/data/minio/AAPL/1771221744.json', '/opt/***/data/minio/AAPL/1771221757.json', '/opt/***/data/minio/AAPL/1771221768.json', '/opt/***/data/minio/AAPL/1771221779.json', '/opt/***/data/minio/AAPL/1771221792.json', '/opt/***/data/minio/AAPL/1771221807.json', '/opt/***/data/minio/AAPL/1771221820.json', '/opt/***/data/minio/AAPL/1771221831.json', '/opt/***/data/minio/AAPL/1771221843.json', '/opt/***/data/minio/AAPL/1771221858.json', '/opt/***/data/minio/AAPL/1771221871.json', '/opt/***/data/minio/AAPL/1771221883.json', '/opt/***/data/minio/AAPL/1771221895.json', '/opt/***/data/minio/AAPL/1771221906.json', '/opt/***/data/minio/AAPL/1771221918.json', '/opt/***/data/minio/AAPL/1771221930.json', '/opt/***/data/minio/AAPL/1771221941.json', '/opt/***/data/minio/AAPL/1771221953.json', '/opt/***/data/minio/AAPL/1771221965.json', '/opt/***/data/minio/AAPL/1771221976.json', '/opt/***/data/minio/AAPL/1771221988.json', '/opt/***/data/minio/AAPL/1771222104.json', '/opt/***/data/minio/AAPL/1771222116.json', '/opt/***/data/minio/AAPL/1771222127.json', '/opt/***/data/minio/AAPL/1771222139.json', '/opt/***/data/minio/AAPL/1771222151.json', '/opt/***/data/minio/AAPL/1771222164.json', '/opt/***/data/minio/AAPL/1771222205.json', '/opt/***/data/minio/AAPL/1771222217.json', '/opt/***/data/minio/AAPL/1771222230.json', '/opt/***/data/minio/AAPL/1771222241.json', '/opt/***/data/minio/AAPL/1771222252.json', '/opt/***/data/minio/AAPL/1771222263.json', '/opt/***/data/minio/AAPL/1771222275.json', '/opt/***/data/minio/AAPL/1771222286.json', '/opt/***/data/minio/AAPL/1771222298.json', '/opt/***/data/minio/AAPL/1771222309.json', '/opt/***/data/minio/AAPL/1771222320.json', '/opt/***/data/minio/AAPL/1771222331.json', '/opt/***/data/minio/AAPL/1771222344.json', '/opt/***/data/minio/AAPL/1771222355.json', '/opt/***/data/minio/AAPL/1771222367.json', '/opt/***/data/minio/AAPL/1771222377.json', '/opt/***/data/minio/AAPL/1771222388.json', '/opt/***/data/minio/AAPL/1771222400.json', '/opt/***/data/minio/AAPL/1771222412.json', '/opt/***/data/minio/AAPL/1771222451.json', '/opt/***/data/minio/AAPL/1771222463.json', '/opt/***/data/minio/AAPL/1771222476.json', '/opt/***/data/minio/AAPL/1771222487.json', '/opt/***/data/minio/AAPL/1771222532.json', '/opt/***/data/minio/AAPL/1771222545.json', '/opt/***/data/minio/AAPL/1771222557.json', '/opt/***/data/minio/AAPL/1771222569.json', '/opt/***/data/minio/AAPL/1771222581.json', '/opt/***/data/minio/AAPL/1771222592.json', '/opt/***/data/minio/AAPL/1771222604.json', '/opt/***/data/minio/AAPL/1771222617.json', '/opt/***/data/minio/AAPL/1771222630.json', '/opt/***/data/minio/AAPL/1771222645.json', '/opt/***/data/minio/AAPL/1771222694.json', '/opt/***/data/minio/AAPL/1771222710.json', '/opt/***/data/minio/AAPL/1771222721.json', '/opt/***/data/minio/AAPL/1771222733.json', '/opt/***/data/minio/AAPL/1771222745.json', '/opt/***/data/minio/AAPL/1771222756.json', '/opt/***/data/minio/AAPL/1771222772.json', '/opt/***/data/minio/AAPL/1771222788.json', '/opt/***/data/minio/AAPL/1771222810.json', '/opt/***/data/minio/AAPL/1771222857.json', '/opt/***/data/minio/AAPL/1771222869.json', '/opt/***/data/minio/AAPL/1771222881.json', '/opt/***/data/minio/AAPL/1771222895.json', '/opt/***/data/minio/AAPL/1771222909.json', '/opt/***/data/minio/AAPL/1771222923.json', '/opt/***/data/minio/AAPL/1771222935.json', '/opt/***/data/minio/AAPL/1771222953.json', '/opt/***/data/minio/AAPL/1771222968.json', '/opt/***/data/minio/AAPL/1771222979.json', '/opt/***/data/minio/AAPL/1771222989.json', '/opt/***/data/minio/AAPL/1771223000.json', '/opt/***/data/minio/AAPL/1771223010.json', '/opt/***/data/minio/AAPL/1771223021.json', '/opt/***/data/minio/AAPL/1771223032.json', '/opt/***/data/minio/AAPL/1771223044.json', '/opt/***/data/minio/AAPL/1771223058.json', '/opt/***/data/minio/AAPL/1771223068.json', '/opt/***/data/minio/AAPL/1771223290.json', '/opt/***/data/minio/AAPL/1771223381.json', '/opt/***/data/minio/AAPL/1771223394.json', '/opt/***/data/minio/AAPL/1771223405.json', '/opt/***/data/minio/AAPL/1771223417.json', '/opt/***/data/minio/AAPL/1771223429.json', '/opt/***/data/minio/AAPL/1771223439.json', '/opt/***/data/minio/AAPL/1771223449.json', '/opt/***/data/minio/AAPL/1771223460.json', '/opt/***/data/minio/AAPL/1771223471.json', '/opt/***/data/minio/AAPL/1771223484.json', '/opt/***/data/minio/AAPL/1771223494.json', '/opt/***/data/minio/AAPL/1771223505.json', '/opt/***/data/minio/AAPL/1771223516.json', '/opt/***/data/minio/AAPL/1771223527.json', '/opt/***/data/minio/AAPL/1771223538.json', '/opt/***/data/minio/AAPL/1771223548.json', '/opt/***/data/minio/AAPL/1771223559.json', '/opt/***/data/minio/AAPL/1771223569.json', '/opt/***/data/minio/AAPL/1771223580.json', '/opt/***/data/minio/AAPL/1771223593.json', '/opt/***/data/minio/AAPL/1771223607.json', '/opt/***/data/minio/AAPL/1771223620.json', '/opt/***/data/minio/AAPL/1771223630.json', '/opt/***/data/minio/AAPL/1771223642.json', '/opt/***/data/minio/AAPL/1771223655.json', '/opt/***/data/minio/AAPL/1771223674.json', '/opt/***/data/minio/AAPL/1771223686.json', '/opt/***/data/minio/AAPL/1771223699.json', '/opt/***/data/minio/AAPL/1771223710.json', '/opt/***/data/minio/AAPL/1771223720.json', '/opt/***/data/minio/AAPL/1771223730.json', '/opt/***/data/minio/AAPL/1771223741.json', '/opt/***/data/minio/AAPL/1771223751.json', '/opt/***/data/minio/AAPL/1771223761.json', '/opt/***/data/minio/AAPL/1771223775.json', '/opt/***/data/minio/AAPL/1771223786.json', '/opt/***/data/minio/AAPL/1771223798.json', '/opt/***/data/minio/AAPL/1771223811.json', '/opt/***/data/minio/AAPL/1771223856.json', '/opt/***/data/minio/AAPL/1771223931.json', '/opt/***/data/minio/AAPL/1771223944.json', '/opt/***/data/minio/AAPL/1771223957.json', '/opt/***/data/minio/AAPL/1771223970.json', '/opt/***/data/minio/AAPL/1771223984.json', '/opt/***/data/minio/AAPL/1771223996.json', '/opt/***/data/minio/AAPL/1771224006.json', '/opt/***/data/minio/AAPL/1771224017.json', '/opt/***/data/minio/AAPL/1771224029.json', '/opt/***/data/minio/AAPL/1771224040.json', '/opt/***/data/minio/AAPL/1771224051.json', '/opt/***/data/minio/AAPL/1771224062.json', '/opt/***/data/minio/AAPL/1771224077.json', '/opt/***/data/minio/AAPL/1771224088.json', '/opt/***/data/minio/AAPL/1771224099.json', '/opt/***/data/minio/AAPL/1771224110.json', '/opt/***/data/minio/AAPL/1771224121.json', '/opt/***/data/minio/AAPL/1771224132.json', '/opt/***/data/minio/AAPL/1771224143.json', '/opt/***/data/minio/AAPL/1771224153.json', '/opt/***/data/minio/AAPL/1771224164.json', '/opt/***/data/minio/AAPL/1771224175.json', '/opt/***/data/minio/AAPL/1771224187.json', '/opt/***/data/minio/AAPL/1771224198.json', '/opt/***/data/minio/AAPL/1771224211.json', '/opt/***/data/minio/AAPL/1771224222.json', '/opt/***/data/minio/AAPL/1771224236.json', '/opt/***/data/minio/AAPL/1771224250.json', '/opt/***/data/minio/AAPL/1771224263.json', '/opt/***/data/minio/AAPL/1771224485.json', '/opt/***/data/minio/AAPL/1771224524.json', '/opt/***/data/minio/AAPL/1771224537.json', '/opt/***/data/minio/AAPL/1771224551.json', '/opt/***/data/minio/AAPL/1771224562.json', '/opt/***/data/minio/AAPL/1771224575.json', '/opt/***/data/minio/AAPL/1771224588.json', '/opt/***/data/minio/AAPL/1771224601.json', '/opt/***/data/minio/AAPL/1771224612.json', '/opt/***/data/minio/AAPL/1771224623.json', '/opt/***/data/minio/AAPL/1771224634.json', '/opt/***/data/minio/AAPL/1771224647.json', '/opt/***/data/minio/AAPL/1771224667.json', '/opt/***/data/minio/AAPL/1771224678.json', '/opt/***/data/minio/AAPL/1771224690.json', '/opt/***/data/minio/AAPL/1771224704.json', '/opt/***/data/minio/AAPL/1771224716.json', '/opt/***/data/minio/AAPL/1771224729.json', '/opt/***/data/minio/AAPL/1771224741.json', '/opt/***/data/minio/AAPL/1771224754.json', '/opt/***/data/minio/AAPL/1771224768.json', '/opt/***/data/minio/AAPL/1771224781.json', '/opt/***/data/minio/AAPL/1771224794.json', '/opt/***/data/minio/AAPL/1771224807.json', '/opt/***/data/minio/AAPL/1771224819.json', '/opt/***/data/minio/AAPL/1771224831.json', '/opt/***/data/minio/AAPL/1771224842.json', '/opt/***/data/minio/AAPL/1771224855.json', '/opt/***/data/minio/AAPL/1771224866.json', '/opt/***/data/minio/AAPL/1771224877.json', '/opt/***/data/minio/AAPL/1771224888.json', '/opt/***/data/minio/AAPL/1771224900.json', '/opt/***/data/minio/AAPL/1771224910.json', '/opt/***/data/minio/AAPL/1771224921.json', '/opt/***/data/minio/AAPL/1771224931.json', '/opt/***/data/minio/AAPL/1771224942.json', '/opt/***/data/minio/AAPL/1771224953.json', '/opt/***/data/minio/AAPL/1771224963.json', '/opt/***/data/minio/AAPL/1771224974.json', '/opt/***/data/minio/AAPL/1771224985.json', '/opt/***/data/minio/AAPL/1771224996.json', '/opt/***/data/minio/AAPL/1771225007.json', '/opt/***/data/minio/AAPL/1771225019.json', '/opt/***/data/minio/AAPL/1771225029.json', '/opt/***/data/minio/AAPL/1771225041.json', '/opt/***/data/minio/AAPL/1771225052.json', '/opt/***/data/minio/AAPL/1771225062.json', '/opt/***/data/minio/AAPL/1771225074.json', '/opt/***/data/minio/AAPL/1771225085.json', '/opt/***/data/minio/AAPL/1771225095.json', '/opt/***/data/minio/AAPL/1771225106.json', '/opt/***/data/minio/AAPL/1771225117.json', '/opt/***/data/minio/AAPL/1771225130.json', '/opt/***/data/minio/AAPL/1771225144.json', '/opt/***/data/minio/AAPL/1771225155.json', '/opt/***/data/minio/AAPL/1771225166.json', '/opt/***/data/minio/AAPL/1771225177.json', '/opt/***/data/minio/AAPL/1771225198.json', '/opt/***/data/minio/AAPL/1771225211.json', '/opt/***/data/minio/AAPL/1771225223.json', '/opt/***/data/minio/AAPL/1771225236.json', '/opt/***/data/minio/AAPL/1771225248.json', '/opt/***/data/minio/AAPL/1771225260.json', '/opt/***/data/minio/AAPL/1771225271.json', '/opt/***/data/minio/AAPL/1771225286.json', '/opt/***/data/minio/AAPL/1771225297.json', '/opt/***/data/minio/AAPL/1771225308.json', '/opt/***/data/minio/AAPL/1771225319.json', '/opt/***/data/minio/AAPL/1771225330.json', '/opt/***/data/minio/AAPL/1771225342.json', '/opt/***/data/minio/AAPL/1771225354.json', '/opt/***/data/minio/AAPL/1771225367.json', '/opt/***/data/minio/AAPL/1771225378.json', '/opt/***/data/minio/AAPL/1771225388.json', '/opt/***/data/minio/AAPL/1771225399.json', '/opt/***/data/minio/AAPL/1771225409.json', '/opt/***/data/minio/AAPL/1771225420.json', '/opt/***/data/minio/AAPL/1771225431.json', '/opt/***/data/minio/AAPL/1771225443.json', '/opt/***/data/minio/AAPL/1771225454.json', '/opt/***/data/minio/AAPL/1771225464.json', '/opt/***/data/minio/AAPL/1771225474.json', '/opt/***/data/minio/AAPL/1771225486.json', '/opt/***/data/minio/AAPL/1771225497.json', '/opt/***/data/minio/AAPL/1771225507.json', '/opt/***/data/minio/AAPL/1771225518.json', '/opt/***/data/minio/AAPL/1771225528.json', '/opt/***/data/minio/AAPL/1771225540.json', '/opt/***/data/minio/AAPL/1771225551.json', '/opt/***/data/minio/AAPL/1771225563.json', '/opt/***/data/minio/AAPL/1771225576.json', '/opt/***/data/minio/AAPL/1771225586.json', '/opt/***/data/minio/AAPL/1771225597.json', '/opt/***/data/minio/AAPL/1771225609.json', '/opt/***/data/minio/AAPL/1771225619.json', '/opt/***/data/minio/AAPL/1771225630.json', '/opt/***/data/minio/AAPL/1771225641.json', '/opt/***/data/minio/AAPL/1771225652.json', '/opt/***/data/minio/AAPL/1771225663.json', '/opt/***/data/minio/AAPL/1771225673.json', '/opt/***/data/minio/AAPL/1771225684.json', '/opt/***/data/minio/AAPL/1771225694.json', '/opt/***/data/minio/AAPL/1771225705.json', '/opt/***/data/minio/AAPL/1771225715.json', '/opt/***/data/minio/AAPL/1771225726.json', '/opt/***/data/minio/AAPL/1771225737.json', '/opt/***/data/minio/AAPL/1771225749.json', '/opt/***/data/minio/AAPL/1771225760.json', '/opt/***/data/minio/AAPL/1771225770.json', '/opt/***/data/minio/AAPL/1771225782.json', '/opt/***/data/minio/AAPL/1771225792.json', '/opt/***/data/minio/AAPL/1771225802.json', '/opt/***/data/minio/AAPL/1771225813.json', '/opt/***/data/minio/AAPL/1771225824.json', '/opt/***/data/minio/AAPL/1771225835.json', '/opt/***/data/minio/AAPL/1771225846.json', '/opt/***/data/minio/AAPL/1771225857.json', '/opt/***/data/minio/AAPL/1771225869.json', '/opt/***/data/minio/AAPL/1771225879.json', '/opt/***/data/minio/AAPL/1771225890.json', '/opt/***/data/minio/AAPL/1771225901.json', '/opt/***/data/minio/AAPL/1771225911.json', '/opt/***/data/minio/AAPL/1771225922.json', '/opt/***/data/minio/AAPL/1771225933.json', '/opt/***/data/minio/AAPL/1771225943.json', '/opt/***/data/minio/AAPL/1771225954.json', '/opt/***/data/minio/AAPL/1771225964.json', '/opt/***/data/minio/AAPL/1771225975.json', '/opt/***/data/minio/AAPL/1771225985.json', '/opt/***/data/minio/AAPL/1771225996.json', '/opt/***/data/minio/AAPL/1771226007.json', '/opt/***/data/minio/AAPL/1771226017.json', '/opt/***/data/minio/AAPL/1771226028.json', '/opt/***/data/minio/AAPL/1771226038.json', '/opt/***/data/minio/AAPL/1771226049.json', '/opt/***/data/minio/AAPL/1771226059.json', '/opt/***/data/minio/AAPL/1771226070.json', '/opt/***/data/minio/AAPL/1771226081.json', '/opt/***/data/minio/AAPL/1771226092.json', '/opt/***/data/minio/AAPL/1771226103.json', '/opt/***/data/minio/AAPL/1771226114.json', '/opt/***/data/minio/AAPL/1771226125.json', '/opt/***/data/minio/AAPL/1771226136.json', '/opt/***/data/minio/AAPL/1771226148.json', '/opt/***/data/minio/AAPL/1771226158.json', '/opt/***/data/minio/AAPL/1771226169.json', '/opt/***/data/minio/AAPL/1771226180.json', '/opt/***/data/minio/AAPL/1771226190.json', '/opt/***/data/minio/AAPL/1771226202.json', '/opt/***/data/minio/AAPL/1771226213.json', '/opt/***/data/minio/AAPL/1771226224.json', '/opt/***/data/minio/AAPL/1771226234.json', '/opt/***/data/minio/AAPL/1771226244.json', '/opt/***/data/minio/AAPL/1771226254.json', '/opt/***/data/minio/AAPL/1771226265.json', '/opt/***/data/minio/AAPL/1771226276.json', '/opt/***/data/minio/AAPL/1771226287.json', '/opt/***/data/minio/AAPL/1771226297.json', '/opt/***/data/minio/AAPL/1771226309.json', '/opt/***/data/minio/AAPL/1771226320.json', '/opt/***/data/minio/AAPL/1771226330.json', '/opt/***/data/minio/AAPL/1771226341.json', '/opt/***/data/minio/AAPL/1771226352.json', '/opt/***/data/minio/AAPL/1771226363.json', '/opt/***/data/minio/AAPL/1771226374.json', '/opt/***/data/minio/AAPL/1771226385.json', '/opt/***/data/minio/AAPL/1771226397.json', '/opt/***/data/minio/AAPL/1771226408.json', '/opt/***/data/minio/AAPL/1771226418.json', '/opt/***/data/minio/AAPL/1771226431.json', '/opt/***/data/minio/AAPL/1771226443.json', '/opt/***/data/minio/AAPL/1771226453.json', '/opt/***/data/minio/AAPL/1771226465.json', '/opt/***/data/minio/AAPL/1771226477.json', '/opt/***/data/minio/AAPL/1771226488.json', '/opt/***/data/minio/AAPL/1771226498.json', '/opt/***/data/minio/AAPL/1771226510.json', '/opt/***/data/minio/AAPL/1771226521.json', '/opt/***/data/minio/AAPL/1771226533.json', '/opt/***/data/minio/AAPL/1771226544.json', '/opt/***/data/minio/AAPL/1771226555.json', '/opt/***/data/minio/AAPL/1771226566.json', '/opt/***/data/minio/AAPL/1771226576.json', '/opt/***/data/minio/AAPL/1771226587.json', '/opt/***/data/minio/AAPL/1771226598.json', '/opt/***/data/minio/AAPL/1771226609.json', '/opt/***/data/minio/AAPL/1771226623.json', '/opt/***/data/minio/AAPL/1771226634.json', '/opt/***/data/minio/AAPL/1771226645.json', '/opt/***/data/minio/AAPL/1771226656.json', '/opt/***/data/minio/AAPL/1771226668.json', '/opt/***/data/minio/AAPL/1771226679.json', '/opt/***/data/minio/AAPL/1771226690.json', '/opt/***/data/minio/AAPL/1771226701.json', '/opt/***/data/minio/AAPL/1771226712.json', '/opt/***/data/minio/AAPL/1771226723.json', '/opt/***/data/minio/AAPL/1771226733.json', '/opt/***/data/minio/AAPL/1771226744.json', '/opt/***/data/minio/AAPL/1771226755.json', '/opt/***/data/minio/AAPL/1771226766.json', '/opt/***/data/minio/AAPL/1771226777.json', '/opt/***/data/minio/AAPL/1771226788.json', '/opt/***/data/minio/AAPL/1771226799.json', '/opt/***/data/minio/AAPL/1771226811.json', '/opt/***/data/minio/AAPL/1771226825.json', '/opt/***/data/minio/AAPL/1771226838.json', '/opt/***/data/minio/AAPL/1771226850.json', '/opt/***/data/minio/AAPL/1771226862.json', '/opt/***/data/minio/AAPL/1771226881.json', '/opt/***/data/minio/AAPL/1771226896.json', '/opt/***/data/minio/AAPL/1771226908.json', '/opt/***/data/minio/AAPL/1771226923.json', '/opt/***/data/minio/AAPL/1771226935.json', '/opt/***/data/minio/AAPL/1771226950.json', '/opt/***/data/minio/AAPL/1771226964.json', '/opt/***/data/minio/AAPL/1771226975.json', '/opt/***/data/minio/AAPL/1771226986.json', '/opt/***/data/minio/AAPL/1771226998.json', '/opt/***/data/minio/AAPL/1771227009.json', '/opt/***/data/minio/AAPL/1771227020.json', '/opt/***/data/minio/AAPL/1771227030.json', '/opt/***/data/minio/AAPL/1771227041.json', '/opt/***/data/minio/AAPL/1771227051.json', '/opt/***/data/minio/AAPL/1771227062.json', '/opt/***/data/minio/AAPL/1771227073.json', '/opt/***/data/minio/AAPL/1771227083.json', '/opt/***/data/minio/AAPL/1771227094.json', '/opt/***/data/minio/AAPL/1771227105.json', '/opt/***/data/minio/AAPL/1771227117.json', '/opt/***/data/minio/AAPL/1771227129.json', '/opt/***/data/minio/AAPL/1771227140.json', '/opt/***/data/minio/AAPL/1771227151.json', '/opt/***/data/minio/AAPL/1771227161.json', '/opt/***/data/minio/AAPL/1771227172.json', '/opt/***/data/minio/AAPL/1771227187.json', '/opt/***/data/minio/AAPL/1771227197.json', '/opt/***/data/minio/AAPL/1771227208.json', '/opt/***/data/minio/AAPL/1771227220.json', '/opt/***/data/minio/AAPL/1771227231.json', '/opt/***/data/minio/AAPL/1771227243.json', '/opt/***/data/minio/AAPL/1771227255.json', '/opt/***/data/minio/AAPL/1771227267.json', '/opt/***/data/minio/AAPL/1771227280.json', '/opt/***/data/minio/AAPL/1771227293.json', '/opt/***/data/minio/AAPL/1771227304.json', '/opt/***/data/minio/AAPL/1771227316.json', '/opt/***/data/minio/AAPL/1771227327.json', '/opt/***/data/minio/AAPL/1771227338.json', '/opt/***/data/minio/AAPL/1771227348.json', '/opt/***/data/minio/AAPL/1771227361.json', '/opt/***/data/minio/AAPL/1771227373.json', '/opt/***/data/minio/AAPL/1771227385.json', '/opt/***/data/minio/AAPL/1771227397.json', '/opt/***/data/minio/AAPL/1771227408.json', '/opt/***/data/minio/AAPL/1771227418.json', '/opt/***/data/minio/AAPL/1771227430.json', '/opt/***/data/minio/AAPL/1771227441.json', '/opt/***/data/minio/AAPL/1771227452.json', '/opt/***/data/minio/AAPL/1771227462.json', '/opt/***/data/minio/AAPL/1771227474.json', '/opt/***/data/minio/AAPL/1771227485.json', '/opt/***/data/minio/AAPL/1771227496.json', '/opt/***/data/minio/AAPL/1771227506.json', '/opt/***/data/minio/AAPL/1771227517.json', '/opt/***/data/minio/AAPL/1771227528.json', '/opt/***/data/minio/AAPL/1771227538.json', '/opt/***/data/minio/AAPL/1771227550.json', '/opt/***/data/minio/AAPL/1771227561.json', '/opt/***/data/minio/AAPL/1771227571.json', '/opt/***/data/minio/AAPL/1771227582.json', '/opt/***/data/minio/AAPL/1771227592.json', '/opt/***/data/minio/AAPL/1771227603.json', '/opt/***/data/minio/AAPL/1771227614.json', '/opt/***/data/minio/AAPL/1771227625.json', '/opt/***/data/minio/AAPL/1771227636.json', '/opt/***/data/minio/AAPL/1771227646.json', '/opt/***/data/minio/AAPL/1771227657.json', '/opt/***/data/minio/AAPL/1771227667.json', '/opt/***/data/minio/AAPL/1771227678.json', '/opt/***/data/minio/AAPL/1771227688.json', '/opt/***/data/minio/AAPL/1771227699.json', '/opt/***/data/minio/AAPL/1771227709.json', '/opt/***/data/minio/AAPL/1771227720.json', '/opt/***/data/minio/AAPL/1771227731.json', '/opt/***/data/minio/AAPL/1771227742.json', '/opt/***/data/minio/AAPL/1771227752.json', '/opt/***/data/minio/AAPL/1771227762.json', '/opt/***/data/minio/AAPL/1771227773.json', '/opt/***/data/minio/AAPL/1771227783.json', '/opt/***/data/minio/AAPL/1771227794.json', '/opt/***/data/minio/AAPL/1771227804.json', '/opt/***/data/minio/AAPL/1771227814.json', '/opt/***/data/minio/AAPL/1771227825.json', '/opt/***/data/minio/AAPL/1771227836.json', '/opt/***/data/minio/AAPL/1771227847.json', '/opt/***/data/minio/AAPL/1771227858.json', '/opt/***/data/minio/AAPL/1771227869.json', '/opt/***/data/minio/AAPL/1771227879.json', '/opt/***/data/minio/AAPL/1771227889.json', '/opt/***/data/minio/AAPL/1771227899.json', '/opt/***/data/minio/AAPL/1771227910.json', '/opt/***/data/minio/AAPL/1771227920.json', '/opt/***/data/minio/AAPL/1771227931.json', '/opt/***/data/minio/AAPL/1771227941.json', '/opt/***/data/minio/AAPL/1771227951.json', '/opt/***/data/minio/AAPL/1771227962.json', '/opt/***/data/minio/AAPL/1771227972.json', '/opt/***/data/minio/AAPL/1771227983.json', '/opt/***/data/minio/AAPL/1771227993.json', '/opt/***/data/minio/AAPL/1771228003.json', '/opt/***/data/minio/AAPL/1771228015.json', '/opt/***/data/minio/AAPL/1771228025.json', '/opt/***/data/minio/AAPL/1771228035.json', '/opt/***/data/minio/AAPL/1771228046.json', '/opt/***/data/minio/AAPL/1771228057.json', '/opt/***/data/minio/AAPL/1771228068.json', '/opt/***/data/minio/AAPL/1771228078.json', '/opt/***/data/minio/AAPL/1771228089.json', '/opt/***/data/minio/AAPL/1771228100.json', '/opt/***/data/minio/AAPL/1771228110.json', '/opt/***/data/minio/AAPL/1771228121.json', '/opt/***/data/minio/AAPL/1771228131.json', '/opt/***/data/minio/AAPL/1771228141.json', '/opt/***/data/minio/AAPL/1771228152.json', '/opt/***/data/minio/AAPL/1771228162.json', '/opt/***/data/minio/AAPL/1771228172.json', '/opt/***/data/minio/AAPL/1771228182.json', '/opt/***/data/minio/AAPL/1771228192.json', '/opt/***/data/minio/AAPL/1771228203.json', '/opt/***/data/minio/AAPL/1771228213.json', '/opt/***/data/minio/AAPL/1771228224.json', '/opt/***/data/minio/AAPL/1771228234.json', '/opt/***/data/minio/AAPL/1771228245.json', '/opt/***/data/minio/AAPL/1771228255.json', '/opt/***/data/minio/AAPL/1771228266.json', '/opt/***/data/minio/AAPL/1771228278.json', '/opt/***/data/minio/AAPL/1771228288.json', '/opt/***/data/minio/AAPL/1771228299.json', '/opt/***/data/minio/AAPL/1771228310.json', '/opt/***/data/minio/AAPL/1771228321.json', '/opt/***/data/minio/AAPL/1771228331.json', '/opt/***/data/minio/AAPL/1771228342.json', '/opt/***/data/minio/AAPL/1771228352.json', '/opt/***/data/minio/AAPL/1771228362.json', '/opt/***/data/minio/AAPL/1771228373.json', '/opt/***/data/minio/AAPL/1771228383.json', '/opt/***/data/minio/AAPL/1771228394.json', '/opt/***/data/minio/AAPL/1771228404.json', '/opt/***/data/minio/AAPL/1771228415.json', '/opt/***/data/minio/AAPL/1771228425.json', '/opt/***/data/minio/AAPL/1771228436.json', '/opt/***/data/minio/AAPL/1771228447.json', '/opt/***/data/minio/AAPL/1771228457.json', '/opt/***/data/minio/AAPL/1771228467.json', '/opt/***/data/minio/AAPL/1771228478.json', '/opt/***/data/minio/AAPL/1771228489.json', '/opt/***/data/minio/AAPL/1771228499.json', '/opt/***/data/minio/AAPL/1771228509.json', '/opt/***/data/minio/AAPL/1771228520.json', '/opt/***/data/minio/AAPL/1771228531.json', '/opt/***/data/minio/AAPL/1771228542.json', '/opt/***/data/minio/AAPL/1771228552.json', '/opt/***/data/minio/AAPL/1771228562.json', '/opt/***/data/minio/AAPL/1771228573.json', '/opt/***/data/minio/AAPL/1771228584.json', '/opt/***/data/minio/AAPL/1771228594.json', '/opt/***/data/minio/AAPL/1771228605.json', '/opt/***/data/minio/AAPL/1771228617.json', '/opt/***/data/minio/AAPL/1771228628.json', '/opt/***/data/minio/AAPL/1771228639.json', '/opt/***/data/minio/AAPL/1771228649.json', '/opt/***/data/minio/AAPL/1771228659.json', '/opt/***/data/minio/AAPL/1771228670.json', '/opt/***/data/minio/AAPL/1771228680.json', '/opt/***/data/minio/AAPL/1771228691.json', '/opt/***/data/minio/AAPL/1771228702.json', '/opt/***/data/minio/AAPL/1771228712.json', '/opt/***/data/minio/AAPL/1771228723.json', '/opt/***/data/minio/AAPL/1771228734.json', '/opt/***/data/minio/AAPL/1771228744.json', '/opt/***/data/minio/AAPL/1771228754.json', '/opt/***/data/minio/AAPL/1771228765.json', '/opt/***/data/minio/AAPL/1771228776.json', '/opt/***/data/minio/AAPL/1771228786.json', '/opt/***/data/minio/AAPL/1771228797.json', '/opt/***/data/minio/AAPL/1771228808.json', '/opt/***/data/minio/AAPL/1771228818.json', '/opt/***/data/minio/AAPL/1771228830.json', '/opt/***/data/minio/AAPL/1771228841.json', '/opt/***/data/minio/AAPL/1771228851.json', '/opt/***/data/minio/AAPL/1771228863.json', '/opt/***/data/minio/AAPL/1771228875.json', '/opt/***/data/minio/AAPL/1771228885.json', '/opt/***/data/minio/AAPL/1771228898.json', '/opt/***/data/minio/AAPL/1771228909.json', '/opt/***/data/minio/AAPL/1771228919.json', '/opt/***/data/minio/AAPL/1771228932.json', '/opt/***/data/minio/AAPL/1771228944.json', '/opt/***/data/minio/AAPL/1771228954.json', '/opt/***/data/minio/AAPL/1771228965.json', '/opt/***/data/minio/AAPL/1771228976.json', '/opt/***/data/minio/AAPL/1771228987.json', '/opt/***/data/minio/AAPL/1771228998.json', '/opt/***/data/minio/AAPL/1771229009.json', '/opt/***/data/minio/AAPL/1771229019.json', '/opt/***/data/minio/AAPL/1771229030.json', '/opt/***/data/minio/AAPL/1771229041.json', '/opt/***/data/minio/AAPL/1771229052.json', '/opt/***/data/minio/AAPL/1771229062.json', '/opt/***/data/minio/AAPL/1771229073.json', '/opt/***/data/minio/AAPL/1771229084.json', '/opt/***/data/minio/AAPL/1771229096.json', '/opt/***/data/minio/AAPL/1771229107.json', '/opt/***/data/minio/AAPL/1771229118.json', '/opt/***/data/minio/AAPL/1771229129.json', '/opt/***/data/minio/AAPL/1771229141.json', '/opt/***/data/minio/AAPL/1771229157.json', '/opt/***/data/minio/AAPL/1771229168.json', '/opt/***/data/minio/AAPL/1771229180.json', '/opt/***/data/minio/AAPL/1771229190.json', '/opt/***/data/minio/AAPL/1771229201.json', '/opt/***/data/minio/AAPL/1771229212.json', '/opt/***/data/minio/AAPL/1771229223.json', '/opt/***/data/minio/AAPL/1771229234.json', '/opt/***/data/minio/AAPL/1771229245.json', '/opt/***/data/minio/AAPL/1771229256.json', '/opt/***/data/minio/AAPL/1771229267.json', '/opt/***/data/minio/AAPL/1771229279.json', '/opt/***/data/minio/AAPL/1771229292.json', '/opt/***/data/minio/AAPL/1771229304.json', '/opt/***/data/minio/AAPL/1771229314.json', '/opt/***/data/minio/AAPL/1771229325.json', '/opt/***/data/minio/AAPL/1771308351.json', '/opt/***/data/minio/AAPL/1771308362.json', '/opt/***/data/minio/AAPL/1771308372.json', '/opt/***/data/minio/AAPL/1771308382.json', '/opt/***/data/minio/AAPL/1771308392.json', '/opt/***/data/minio/AAPL/1771308402.json', '/opt/***/data/minio/AAPL/1771308412.json', '/opt/***/data/minio/AAPL/1771308422.json', '/opt/***/data/minio/AAPL/1771308433.json', '/opt/***/data/minio/AAPL/1771308442.json', '/opt/***/data/minio/AAPL/1771308453.json', '/opt/***/data/minio/AAPL/1771308463.json', '/opt/***/data/minio/AAPL/1771308473.json', '/opt/***/data/minio/AAPL/1771308483.json', '/opt/***/data/minio/AAPL/1771308493.json', '/opt/***/data/minio/AAPL/1771308503.json', '/opt/***/data/minio/AAPL/1771308514.json', '/opt/***/data/minio/AAPL/1771308524.json', '/opt/***/data/minio/AAPL/1771308534.json', '/opt/***/data/minio/AAPL/1771308544.json', '/opt/***/data/minio/AAPL/1771308554.json', '/opt/***/data/minio/AAPL/1771308564.json', '/opt/***/data/minio/AAPL/1771308574.json', '/opt/***/data/minio/AAPL/1771308584.json', '/opt/***/data/minio/AAPL/1771308594.json', '/opt/***/data/minio/AMZN/1771221451.json', '/opt/***/data/minio/AMZN/1771221463.json', '/opt/***/data/minio/AMZN/1771221476.json', '/opt/***/data/minio/AMZN/1771221489.json', '/opt/***/data/minio/AMZN/1771221501.json', '/opt/***/data/minio/AMZN/1771221513.json', '/opt/***/data/minio/AMZN/1771221526.json', '/opt/***/data/minio/AMZN/1771221538.json', '/opt/***/data/minio/AMZN/1771221550.json', '/opt/***/data/minio/AMZN/1771221561.json', '/opt/***/data/minio/AMZN/1771221573.json', '/opt/***/data/minio/AMZN/1771221585.json', '/opt/***/data/minio/AMZN/1771221596.json', '/opt/***/data/minio/AMZN/1771221608.json', '/opt/***/data/minio/AMZN/1771221620.json', '/opt/***/data/minio/AMZN/1771221631.json', '/opt/***/data/minio/AMZN/1771221643.json', '/opt/***/data/minio/AMZN/1771221654.json', '/opt/***/data/minio/AMZN/1771221666.json', '/opt/***/data/minio/AMZN/1771221678.json', '/opt/***/data/minio/AMZN/1771221690.json', '/opt/***/data/minio/AMZN/1771221702.json', '/opt/***/data/minio/AMZN/1771221713.json', '/opt/***/data/minio/AMZN/1771221726.json', '/opt/***/data/minio/AMZN/1771221737.json', '/opt/***/data/minio/AMZN/1771221750.json', '/opt/***/data/minio/AMZN/1771221761.json', '/opt/***/data/minio/AMZN/1771221772.json', '/opt/***/data/minio/AMZN/1771221784.json', '/opt/***/data/minio/AMZN/1771221800.json', '/opt/***/data/minio/AMZN/1771221812.json', '/opt/***/data/minio/AMZN/1771221824.json', '/opt/***/data/minio/AMZN/1771221836.json', '/opt/***/data/minio/AMZN/1771221851.json', '/opt/***/data/minio/AMZN/1771221864.json', '/opt/***/data/minio/AMZN/1771221875.json', '/opt/***/data/minio/AMZN/1771221887.json', '/opt/***/data/minio/AMZN/1771221899.json', '/opt/***/data/minio/AMZN/1771221911.json', '/opt/***/data/minio/AMZN/1771221923.json', '/opt/***/data/minio/AMZN/1771221934.json', '/opt/***/data/minio/AMZN/1771221946.json', '/opt/***/data/minio/AMZN/1771221957.json', '/opt/***/data/minio/AMZN/1771221969.json', '/opt/***/data/minio/AMZN/1771221981.json', '/opt/***/data/minio/AMZN/1771222097.json', '/opt/***/data/minio/AMZN/1771222108.json', '/opt/***/data/minio/AMZN/1771222120.json', '/opt/***/data/minio/AMZN/1771222132.json', '/opt/***/data/minio/AMZN/1771222144.json', '/opt/***/data/minio/AMZN/1771222157.json', '/opt/***/data/minio/AMZN/1771222198.json', '/opt/***/data/minio/AMZN/1771222210.json', '/opt/***/data/minio/AMZN/1771222223.json', '/opt/***/data/minio/AMZN/1771222233.json', '/opt/***/data/minio/AMZN/1771222245.json', '/opt/***/data/minio/AMZN/1771222256.json', '/opt/***/data/minio/AMZN/1771222268.json', '/opt/***/data/minio/AMZN/1771222279.json', '/opt/***/data/minio/AMZN/1771222291.json', '/opt/***/data/minio/AMZN/1771222302.json', '/opt/***/data/minio/AMZN/1771222313.json', '/opt/***/data/minio/AMZN/1771222324.json', '/opt/***/data/minio/AMZN/1771222336.json', '/opt/***/data/minio/AMZN/1771222348.json', '/opt/***/data/minio/AMZN/1771222359.json', '/opt/***/data/minio/AMZN/1771222370.json', '/opt/***/data/minio/AMZN/1771222381.json', '/opt/***/data/minio/AMZN/1771222393.json', '/opt/***/data/minio/AMZN/1771222404.json', '/opt/***/data/minio/AMZN/1771222444.json', '/opt/***/data/minio/AMZN/1771222456.json', '/opt/***/data/minio/AMZN/1771222467.json', '/opt/***/data/minio/AMZN/1771222480.json', '/opt/***/data/minio/AMZN/1771222525.json', '/opt/***/data/minio/AMZN/1771222537.json', '/opt/***/data/minio/AMZN/1771222550.json', '/opt/***/data/minio/AMZN/1771222562.json', '/opt/***/data/minio/AMZN/1771222574.json', '/opt/***/data/minio/AMZN/1771222585.json', '/opt/***/data/minio/AMZN/1771222597.json', '/opt/***/data/minio/AMZN/1771222610.json', '/opt/***/data/minio/AMZN/1771222623.json', '/opt/***/data/minio/AMZN/1771222636.json', '/opt/***/data/minio/AMZN/1771222686.json', '/opt/***/data/minio/AMZN/1771222702.json', '/opt/***/data/minio/AMZN/1771222714.json', '/opt/***/data/minio/AMZN/1771222726.json', '/opt/***/data/minio/AMZN/1771222738.json', '/opt/***/data/minio/AMZN/1771222749.json', '/opt/***/data/minio/AMZN/1771222765.json', '/opt/***/data/minio/AMZN/1771222780.json', '/opt/***/data/minio/AMZN/1771222802.json', '/opt/***/data/minio/AMZN/1771222850.json', '/opt/***/data/minio/AMZN/1771222862.json', '/opt/***/data/minio/AMZN/1771222873.json', '/opt/***/data/minio/AMZN/1771222888.json', '/opt/***/data/minio/AMZN/1771222901.json', '/opt/***/data/minio/AMZN/1771222916.json', '/opt/***/data/minio/AMZN/1771222928.json', '/opt/***/data/minio/AMZN/1771222939.json', '/opt/***/data/minio/AMZN/1771222960.json', '/opt/***/data/minio/AMZN/1771222972.json', '/opt/***/data/minio/AMZN/1771222982.json', '/opt/***/data/minio/AMZN/1771222993.json', '/opt/***/data/minio/AMZN/1771223003.json', '/opt/***/data/minio/AMZN/1771223014.json', '/opt/***/data/minio/AMZN/1771223025.json', '/opt/***/data/minio/AMZN/1771223037.json', '/opt/***/data/minio/AMZN/1771223050.json', '/opt/***/data/minio/AMZN/1771223061.json', '/opt/***/data/minio/AMZN/1771223195.json', '/opt/***/data/minio/AMZN/1771223374.json', '/opt/***/data/minio/AMZN/1771223387.json', '/opt/***/data/minio/AMZN/1771223398.json', '/opt/***/data/minio/AMZN/1771223410.json', '/opt/***/data/minio/AMZN/1771223421.json', '/opt/***/data/minio/AMZN/1771223432.json', '/opt/***/data/minio/AMZN/1771223443.json', '/opt/***/data/minio/AMZN/1771223453.json', '/opt/***/data/minio/AMZN/1771223464.json', '/opt/***/data/minio/AMZN/1771223477.json', '/opt/***/data/minio/AMZN/1771223487.json', '/opt/***/data/minio/AMZN/1771223498.json', '/opt/***/data/minio/AMZN/1771223509.json', '/opt/***/data/minio/AMZN/1771223521.json', '/opt/***/data/minio/AMZN/1771223531.json', '/opt/***/data/minio/AMZN/1771223541.json', '/opt/***/data/minio/AMZN/1771223552.json', '/opt/***/data/minio/AMZN/1771223562.json', '/opt/***/data/minio/AMZN/1771223573.json', '/opt/***/data/minio/AMZN/1771223586.json', '/opt/***/data/minio/AMZN/1771223599.json', '/opt/***/data/minio/AMZN/1771223612.json', '/opt/***/data/minio/AMZN/1771223623.json', '/opt/***/data/minio/AMZN/1771223635.json', '/opt/***/data/minio/AMZN/1771223648.json', '/opt/***/data/minio/AMZN/1771223659.json', '/opt/***/data/minio/AMZN/1771223679.json', '/opt/***/data/minio/AMZN/1771223691.json', '/opt/***/data/minio/AMZN/1771223703.json', '/opt/***/data/minio/AMZN/1771223713.json', '/opt/***/data/minio/AMZN/1771223723.json', '/opt/***/data/minio/AMZN/1771223734.json', '/opt/***/data/minio/AMZN/1771223744.json', '/opt/***/data/minio/AMZN/1771223754.json', '/opt/***/data/minio/AMZN/1771223766.json', '/opt/***/data/minio/AMZN/1771223779.json', '/opt/***/data/minio/AMZN/1771223790.json', '/opt/***/data/minio/AMZN/1771223803.json', '/opt/***/data/minio/AMZN/1771223842.json', '/opt/***/data/minio/AMZN/1771223914.json', '/opt/***/data/minio/AMZN/1771223936.json', '/opt/***/data/minio/AMZN/1771223950.json', '/opt/***/data/minio/AMZN/1771223962.json', '/opt/***/data/minio/AMZN/1771223976.json', '/opt/***/data/minio/AMZN/1771223988.json', '/opt/***/data/minio/AMZN/1771223999.json', '/opt/***/data/minio/AMZN/1771224010.json', '/opt/***/data/minio/AMZN/1771224021.json', '/opt/***/data/minio/AMZN/1771224033.json', '/opt/***/data/minio/AMZN/1771224044.json', '/opt/***/data/minio/AMZN/1771224055.json', '/opt/***/data/minio/AMZN/1771224070.json', '/opt/***/data/minio/AMZN/1771224081.json', '/opt/***/data/minio/AMZN/1771224092.json', '/opt/***/data/minio/AMZN/1771224103.json', '/opt/***/data/minio/AMZN/1771224114.json', '/opt/***/data/minio/AMZN/1771224125.json', '/opt/***/data/minio/AMZN/1771224136.json', '/opt/***/data/minio/AMZN/1771224146.json', '/opt/***/data/minio/AMZN/1771224157.json', '/opt/***/data/minio/AMZN/1771224167.json', '/opt/***/data/minio/AMZN/1771224179.json', '/opt/***/data/minio/AMZN/1771224191.json', '/opt/***/data/minio/AMZN/1771224203.json', '/opt/***/data/minio/AMZN/1771224215.json', '/opt/***/data/minio/AMZN/1771224228.json', '/opt/***/data/minio/AMZN/1771224243.json', '/opt/***/data/minio/AMZN/1771224256.json', '/opt/***/data/minio/AMZN/1771224517.json', '/opt/***/data/minio/AMZN/1771224530.json', '/opt/***/data/minio/AMZN/1771224543.json', '/opt/***/data/minio/AMZN/1771224555.json', '/opt/***/data/minio/AMZN/1771224568.json', '/opt/***/data/minio/AMZN/1771224581.json', '/opt/***/data/minio/AMZN/1771224593.json', '/opt/***/data/minio/AMZN/1771224606.json', '/opt/***/data/minio/AMZN/1771224616.json', '/opt/***/data/minio/AMZN/1771224627.json', '/opt/***/data/minio/AMZN/1771224638.json', '/opt/***/data/minio/AMZN/1771224660.json', '/opt/***/data/minio/AMZN/1771224671.json', '/opt/***/data/minio/AMZN/1771224682.json', '/opt/***/data/minio/AMZN/1771224696.json', '/opt/***/data/minio/AMZN/1771224709.json', '/opt/***/data/minio/AMZN/1771224722.json', '/opt/***/data/minio/AMZN/1771224733.json', '/opt/***/data/minio/AMZN/1771224745.json', '/opt/***/data/minio/AMZN/1771224760.json', '/opt/***/data/minio/AMZN/1771224774.json', '/opt/***/data/minio/AMZN/1771224787.json', '/opt/***/data/minio/AMZN/1771224800.json', '/opt/***/data/minio/AMZN/1771224812.json', '/opt/***/data/minio/AMZN/1771224824.json', '/opt/***/data/minio/AMZN/1771224835.json', '/opt/***/data/minio/AMZN/1771224847.json', '/opt/***/data/minio/AMZN/1771224859.json', '/opt/***/data/minio/AMZN/1771224870.json', '/opt/***/data/minio/AMZN/1771224881.json', '/opt/***/data/minio/AMZN/1771224893.json', '/opt/***/data/minio/AMZN/1771224903.json', '/opt/***/data/minio/AMZN/1771224914.json', '/opt/***/data/minio/AMZN/1771224924.json', '/opt/***/data/minio/AMZN/1771224935.json', '/opt/***/data/minio/AMZN/1771224946.json', '/opt/***/data/minio/AMZN/1771224957.json', '/opt/***/data/minio/AMZN/1771224967.json', '/opt/***/data/minio/AMZN/1771224978.json', '/opt/***/data/minio/AMZN/1771224989.json', '/opt/***/data/minio/AMZN/1771225000.json', '/opt/***/data/minio/AMZN/1771225012.json', '/opt/***/data/minio/AMZN/1771225022.json', '/opt/***/data/minio/AMZN/1771225033.json', '/opt/***/data/minio/AMZN/1771225045.json', '/opt/***/data/minio/AMZN/1771225055.json', '/opt/***/data/minio/AMZN/1771225067.json', '/opt/***/data/minio/AMZN/1771225078.json', '/opt/***/data/minio/AMZN/1771225088.json', '/opt/***/data/minio/AMZN/1771225099.json', '/opt/***/data/minio/AMZN/1771225110.json', '/opt/***/data/minio/AMZN/1771225122.json', '/opt/***/data/minio/AMZN/1771225137.json', '/opt/***/data/minio/AMZN/1771225148.json', '/opt/***/data/minio/AMZN/1771225159.json', '/opt/***/data/minio/AMZN/1771225170.json', '/opt/***/data/minio/AMZN/1771225191.json', '/opt/***/data/minio/AMZN/1771225204.json', '/opt/***/data/minio/AMZN/1771225216.json', '/opt/***/data/minio/AMZN/1771225228.json', '/opt/***/data/minio/AMZN/1771225240.json', '/opt/***/data/minio/AMZN/1771225253.json', '/opt/***/data/minio/AMZN/1771225263.json', '/opt/***/data/minio/AMZN/1771225279.json', '/opt/***/data/minio/AMZN/1771225290.json', '/opt/***/data/minio/AMZN/1771225301.json', '/opt/***/data/minio/AMZN/1771225312.json', '/opt/***/data/minio/AMZN/1771225323.json', '/opt/***/data/minio/AMZN/1771225335.json', '/opt/***/data/minio/AMZN/1771225347.json', '/opt/***/data/minio/AMZN/1771225359.json', '/opt/***/data/minio/AMZN/1771225371.json', '/opt/***/data/minio/AMZN/1771225382.json', '/opt/***/data/minio/AMZN/1771225392.json', '/opt/***/data/minio/AMZN/1771225403.json', '/opt/***/data/minio/AMZN/1771225413.json', '/opt/***/data/minio/AMZN/1771225424.json', '/opt/***/data/minio/AMZN/1771225436.json', '/opt/***/data/minio/AMZN/1771225447.json', '/opt/***/data/minio/AMZN/1771225457.json', '/opt/***/data/minio/AMZN/1771225468.json', '/opt/***/data/minio/AMZN/1771225479.json', '/opt/***/data/minio/AMZN/1771225490.json', '/opt/***/data/minio/AMZN/1771225501.json', '/opt/***/data/minio/AMZN/1771225511.json', '/opt/***/data/minio/AMZN/1771225522.json', '/opt/***/data/minio/AMZN/1771225533.json', '/opt/***/data/minio/AMZN/1771225544.json', '/opt/***/data/minio/AMZN/1771225555.json', '/opt/***/data/minio/AMZN/1771225568.json', '/opt/***/data/minio/AMZN/1771225579.json', '/opt/***/data/minio/AMZN/1771225590.json', '/opt/***/data/minio/AMZN/1771225601.json', '/opt/***/data/minio/AMZN/1771225612.json', '/opt/***/data/minio/AMZN/1771225623.json', '/opt/***/data/minio/AMZN/1771225634.json', '/opt/***/data/minio/AMZN/1771225645.json', '/opt/***/data/minio/AMZN/1771225656.json', '/opt/***/data/minio/AMZN/1771225666.json', '/opt/***/data/minio/AMZN/1771225677.json', '/opt/***/data/minio/AMZN/1771225687.json', '/opt/***/data/minio/AMZN/1771225698.json', '/opt/***/data/minio/AMZN/1771225708.json', '/opt/***/data/minio/AMZN/1771225719.json', '/opt/***/data/minio/AMZN/1771225730.json', '/opt/***/data/minio/AMZN/1771225742.json', '/opt/***/data/minio/AMZN/1771225753.json', '/opt/***/data/minio/AMZN/1771225763.json', '/opt/***/data/minio/AMZN/1771225775.json', '/opt/***/data/minio/AMZN/1771225785.json', '/opt/***/data/minio/AMZN/1771225795.json', '/opt/***/data/minio/AMZN/1771225806.json', '/opt/***/data/minio/AMZN/1771225817.json', '/opt/***/data/minio/AMZN/1771225828.json', '/opt/***/data/minio/AMZN/1771225839.json', '/opt/***/data/minio/AMZN/1771225850.json', '/opt/***/data/minio/AMZN/1771225862.json', '/opt/***/data/minio/AMZN/1771225872.json', '/opt/***/data/minio/AMZN/1771225883.json', '/opt/***/data/minio/AMZN/1771225894.json', '/opt/***/data/minio/AMZN/1771225905.json', '/opt/***/data/minio/AMZN/1771225915.json', '/opt/***/data/minio/AMZN/1771225926.json', '/opt/***/data/minio/AMZN/1771225937.json', '/opt/***/data/minio/AMZN/1771225947.json', '/opt/***/data/minio/AMZN/1771225957.json', '/opt/***/data/minio/AMZN/1771225968.json', '/opt/***/data/minio/AMZN/1771225979.json', '/opt/***/data/minio/AMZN/1771225989.json', '/opt/***/data/minio/AMZN/1771226000.json', '/opt/***/data/minio/AMZN/1771226010.json', '/opt/***/data/minio/AMZN/1771226021.json', '/opt/***/data/minio/AMZN/1771226031.json', '/opt/***/data/minio/AMZN/1771226042.json', '/opt/***/data/minio/AMZN/1771226053.json', '/opt/***/data/minio/AMZN/1771226063.json', '/opt/***/data/minio/AMZN/1771226074.json', '/opt/***/data/minio/AMZN/1771226085.json', '/opt/***/data/minio/AMZN/1771226096.json', '/opt/***/data/minio/AMZN/1771226107.json', '/opt/***/data/minio/AMZN/1771226118.json', '/opt/***/data/minio/AMZN/1771226129.json', '/opt/***/data/minio/AMZN/1771226141.json', '/opt/***/data/minio/AMZN/1771226151.json', '/opt/***/data/minio/AMZN/1771226162.json', '/opt/***/data/minio/AMZN/1771226173.json', '/opt/***/data/minio/AMZN/1771226183.json', '/opt/***/data/minio/AMZN/1771226194.json', '/opt/***/data/minio/AMZN/1771226205.json', '/opt/***/data/minio/AMZN/1771226217.json', '/opt/***/data/minio/AMZN/1771226227.json', '/opt/***/data/minio/AMZN/1771226237.json', '/opt/***/data/minio/AMZN/1771226248.json', '/opt/***/data/minio/AMZN/1771226258.json', '/opt/***/data/minio/AMZN/1771226269.json', '/opt/***/data/minio/AMZN/1771226280.json', '/opt/***/data/minio/AMZN/1771226290.json', '/opt/***/data/minio/AMZN/1771226301.json', '/opt/***/data/minio/AMZN/1771226313.json', '/opt/***/data/minio/AMZN/1771226323.json', '/opt/***/data/minio/AMZN/1771226334.json', '/opt/***/data/minio/AMZN/1771226345.json', '/opt/***/data/minio/AMZN/1771226356.json', '/opt/***/data/minio/AMZN/1771226367.json', '/opt/***/data/minio/AMZN/1771226378.json', '/opt/***/data/minio/AMZN/1771226390.json', '/opt/***/data/minio/AMZN/1771226401.json', '/opt/***/data/minio/AMZN/1771226412.json', '/opt/***/data/minio/AMZN/1771226423.json', '/opt/***/data/minio/AMZN/1771226436.json', '/opt/***/data/minio/AMZN/1771226446.json', '/opt/***/data/minio/AMZN/1771226457.json', '/opt/***/data/minio/AMZN/1771226470.json', '/opt/***/data/minio/AMZN/1771226481.json', '/opt/***/data/minio/AMZN/1771226491.json', '/opt/***/data/minio/AMZN/1771226503.json', '/opt/***/data/minio/AMZN/1771226514.json', '/opt/***/data/minio/AMZN/1771226526.json', '/opt/***/data/minio/AMZN/1771226537.json', '/opt/***/data/minio/AMZN/1771226548.json', '/opt/***/data/minio/AMZN/1771226559.json', '/opt/***/data/minio/AMZN/1771226569.json', '/opt/***/data/minio/AMZN/1771226580.json', '/opt/***/data/minio/AMZN/1771226591.json', '/opt/***/data/minio/AMZN/1771226602.json', '/opt/***/data/minio/AMZN/1771226616.json', '/opt/***/data/minio/AMZN/1771226627.json', '/opt/***/data/minio/AMZN/1771226638.json', '/opt/***/data/minio/AMZN/1771226649.json', '/opt/***/data/minio/AMZN/1771226661.json', '/opt/***/data/minio/AMZN/1771226672.json', '/opt/***/data/minio/AMZN/1771226683.json', '/opt/***/data/minio/AMZN/1771226693.json', '/opt/***/data/minio/AMZN/1771226705.json', '/opt/***/data/minio/AMZN/1771226715.json', '/opt/***/data/minio/AMZN/1771226726.json', '/opt/***/data/minio/AMZN/1771226737.json', '/opt/***/data/minio/AMZN/1771226748.json', '/opt/***/data/minio/AMZN/1771226759.json', '/opt/***/data/minio/AMZN/1771226771.json', '/opt/***/data/minio/AMZN/1771226781.json', '/opt/***/data/minio/AMZN/1771226792.json', '/opt/***/data/minio/AMZN/1771226804.json', '/opt/***/data/minio/AMZN/1771226818.json', '/opt/***/data/minio/AMZN/1771226831.json', '/opt/***/data/minio/AMZN/1771226842.json', '/opt/***/data/minio/AMZN/1771226855.json', '/opt/***/data/minio/AMZN/1771226873.json', '/opt/***/data/minio/AMZN/1771226889.json', '/opt/***/data/minio/AMZN/1771226900.json', '/opt/***/data/minio/AMZN/1771226916.json', '/opt/***/data/minio/AMZN/1771226928.json', '/opt/***/data/minio/AMZN/1771226941.json', '/opt/***/data/minio/AMZN/1771226956.json', '/opt/***/data/minio/AMZN/1771226968.json', '/opt/***/data/minio/AMZN/1771226979.json', '/opt/***/data/minio/AMZN/1771226989.json', '/opt/***/data/minio/AMZN/1771227002.json', '/opt/***/data/minio/AMZN/1771227012.json', '/opt/***/data/minio/AMZN/1771227024.json', '/opt/***/data/minio/AMZN/1771227034.json', '/opt/***/data/minio/AMZN/1771227044.json', '/opt/***/data/minio/AMZN/1771227055.json', '/opt/***/data/minio/AMZN/1771227065.json', '/opt/***/data/minio/AMZN/1771227077.json', '/opt/***/data/minio/AMZN/1771227087.json', '/opt/***/data/minio/AMZN/1771227098.json', '/opt/***/data/minio/AMZN/1771227110.json', '/opt/***/data/minio/AMZN/1771227121.json', '/opt/***/data/minio/AMZN/1771227132.json', '/opt/***/data/minio/AMZN/1771227144.json', '/opt/***/data/minio/AMZN/1771227155.json', '/opt/***/data/minio/AMZN/1771227165.json', '/opt/***/data/minio/AMZN/1771227180.json', '/opt/***/data/minio/AMZN/1771227190.json', '/opt/***/data/minio/AMZN/1771227201.json', '/opt/***/data/minio/AMZN/1771227213.json', '/opt/***/data/minio/AMZN/1771227224.json', '/opt/***/data/minio/AMZN/1771227236.json', '/opt/***/data/minio/AMZN/1771227248.json', '/opt/***/data/minio/AMZN/1771227260.json', '/opt/***/data/minio/AMZN/1771227273.json', '/opt/***/data/minio/AMZN/1771227286.json', '/opt/***/data/minio/AMZN/1771227297.json', '/opt/***/data/minio/AMZN/1771227309.json', '/opt/***/data/minio/AMZN/1771227320.json', '/opt/***/data/minio/AMZN/1771227331.json', '/opt/***/data/minio/AMZN/1771227341.json', '/opt/***/data/minio/AMZN/1771227354.json', '/opt/***/data/minio/AMZN/1771227364.json', '/opt/***/data/minio/AMZN/1771227378.json', '/opt/***/data/minio/AMZN/1771227389.json', '/opt/***/data/minio/AMZN/1771227401.json', '/opt/***/data/minio/AMZN/1771227411.json', '/opt/***/data/minio/AMZN/1771227423.json', '/opt/***/data/minio/AMZN/1771227434.json', '/opt/***/data/minio/AMZN/1771227445.json', '/opt/***/data/minio/AMZN/1771227455.json', '/opt/***/data/minio/AMZN/1771227466.json', '/opt/***/data/minio/AMZN/1771227478.json', '/opt/***/data/minio/AMZN/1771227489.json', '/opt/***/data/minio/AMZN/1771227499.json', '/opt/***/data/minio/AMZN/1771227510.json', '/opt/***/data/minio/AMZN/1771227521.json', '/opt/***/data/minio/AMZN/1771227532.json', '/opt/***/data/minio/AMZN/1771227543.json', '/opt/***/data/minio/AMZN/1771227554.json', '/opt/***/data/minio/AMZN/1771227564.json', '/opt/***/data/minio/AMZN/1771227575.json', '/opt/***/data/minio/AMZN/1771227585.json', '/opt/***/data/minio/AMZN/1771227596.json', '/opt/***/data/minio/AMZN/1771227607.json', '/opt/***/data/minio/AMZN/1771227618.json', '/opt/***/data/minio/AMZN/1771227629.json', '/opt/***/data/minio/AMZN/1771227639.json', '/opt/***/data/minio/AMZN/1771227650.json', '/opt/***/data/minio/AMZN/1771227661.json', '/opt/***/data/minio/AMZN/1771227671.json', '/opt/***/data/minio/AMZN/1771227681.json', '/opt/***/data/minio/AMZN/1771227692.json', '/opt/***/data/minio/AMZN/1771227702.json', '/opt/***/data/minio/AMZN/1771227713.json', '/opt/***/data/minio/AMZN/1771227725.json', '/opt/***/data/minio/AMZN/1771227735.json', '/opt/***/data/minio/AMZN/1771227745.json', '/opt/***/data/minio/AMZN/1771227755.json', '/opt/***/data/minio/AMZN/1771227766.json', '/opt/***/data/minio/AMZN/1771227776.json', '/opt/***/data/minio/AMZN/1771227787.json', '/opt/***/data/minio/AMZN/1771227797.json', '/opt/***/data/minio/AMZN/1771227807.json', '/opt/***/data/minio/AMZN/1771227818.json', '/opt/***/data/minio/AMZN/1771227829.json', '/opt/***/data/minio/AMZN/1771227840.json', '/opt/***/data/minio/AMZN/1771227851.json', '/opt/***/data/minio/AMZN/1771227862.json', '/opt/***/data/minio/AMZN/1771227872.json', '/opt/***/data/minio/AMZN/1771227882.json', '/opt/***/data/minio/AMZN/1771227892.json', '/opt/***/data/minio/AMZN/1771227903.json', '/opt/***/data/minio/AMZN/1771227914.json', '/opt/***/data/minio/AMZN/1771227924.json', '/opt/***/data/minio/AMZN/1771227934.json', '/opt/***/data/minio/AMZN/1771227944.json', '/opt/***/data/minio/AMZN/1771227955.json', '/opt/***/data/minio/AMZN/1771227965.json', '/opt/***/data/minio/AMZN/1771227976.json', '/opt/***/data/minio/AMZN/1771227986.json', '/opt/***/data/minio/AMZN/1771227997.json', '/opt/***/data/minio/AMZN/1771228008.json', '/opt/***/data/minio/AMZN/1771228018.json', '/opt/***/data/minio/AMZN/1771228028.json', '/opt/***/data/minio/AMZN/1771228039.json', '/opt/***/data/minio/AMZN/1771228050.json', '/opt/***/data/minio/AMZN/1771228061.json', '/opt/***/data/minio/AMZN/1771228071.json', '/opt/***/data/minio/AMZN/1771228082.json', '/opt/***/data/minio/AMZN/1771228093.json', '/opt/***/data/minio/AMZN/1771228103.json', '/opt/***/data/minio/AMZN/1771228114.json', '/opt/***/data/minio/AMZN/1771228124.json', '/opt/***/data/minio/AMZN/1771228135.json', '/opt/***/data/minio/AMZN/1771228145.json', '/opt/***/data/minio/AMZN/1771228155.json', '/opt/***/data/minio/AMZN/1771228165.json', '/opt/***/data/minio/AMZN/1771228175.json', '/opt/***/data/minio/AMZN/1771228185.json', '/opt/***/data/minio/AMZN/1771228196.json', '/opt/***/data/minio/AMZN/1771228206.json', '/opt/***/data/minio/AMZN/1771228217.json', '/opt/***/data/minio/AMZN/1771228227.json', '/opt/***/data/minio/AMZN/1771228238.json', '/opt/***/data/minio/AMZN/1771228248.json', '/opt/***/data/minio/AMZN/1771228259.json', '/opt/***/data/minio/AMZN/1771228270.json', '/opt/***/data/minio/AMZN/1771228281.json', '/opt/***/data/minio/AMZN/1771228292.json', '/opt/***/data/minio/AMZN/1771228303.json', '/opt/***/data/minio/AMZN/1771228313.json', '/opt/***/data/minio/AMZN/1771228325.json', '/opt/***/data/minio/AMZN/1771228335.json', '/opt/***/data/minio/AMZN/1771228345.json', '/opt/***/data/minio/AMZN/1771228355.json', '/opt/***/data/minio/AMZN/1771228366.json', '/opt/***/data/minio/AMZN/1771228377.json', '/opt/***/data/minio/AMZN/1771228387.json', '/opt/***/data/minio/AMZN/1771228397.json', '/opt/***/data/minio/AMZN/1771228408.json', '/opt/***/data/minio/AMZN/1771228418.json', '/opt/***/data/minio/AMZN/1771228429.json', '/opt/***/data/minio/AMZN/1771228440.json', '/opt/***/data/minio/AMZN/1771228450.json', '/opt/***/data/minio/AMZN/1771228461.json', '/opt/***/data/minio/AMZN/1771228471.json', '/opt/***/data/minio/AMZN/1771228482.json', '/opt/***/data/minio/AMZN/1771228492.json', '/opt/***/data/minio/AMZN/1771228503.json', '/opt/***/data/minio/AMZN/1771228513.json', '/opt/***/data/minio/AMZN/1771228524.json', '/opt/***/data/minio/AMZN/1771228535.json', '/opt/***/data/minio/AMZN/1771228545.json', '/opt/***/data/minio/AMZN/1771228556.json', '/opt/***/data/minio/AMZN/1771228566.json', '/opt/***/data/minio/AMZN/1771228577.json', '/opt/***/data/minio/AMZN/1771228587.json', '/opt/***/data/minio/AMZN/1771228598.json', '/opt/***/data/minio/AMZN/1771228609.json', '/opt/***/data/minio/AMZN/1771228621.json', '/opt/***/data/minio/AMZN/1771228632.json', '/opt/***/data/minio/AMZN/1771228642.json', '/opt/***/data/minio/AMZN/1771228652.json', '/opt/***/data/minio/AMZN/1771228663.json', '/opt/***/data/minio/AMZN/1771228673.json', '/opt/***/data/minio/AMZN/1771228684.json', '/opt/***/data/minio/AMZN/1771228695.json', '/opt/***/data/minio/AMZN/1771228705.json', '/opt/***/data/minio/AMZN/1771228716.json', '/opt/***/data/minio/AMZN/1771228727.json', '/opt/***/data/minio/AMZN/1771228737.json', '/opt/***/data/minio/AMZN/1771228748.json', '/opt/***/data/minio/AMZN/1771228758.json', '/opt/***/data/minio/AMZN/1771228769.json', '/opt/***/data/minio/AMZN/1771228779.json', '/opt/***/data/minio/AMZN/1771228790.json', '/opt/***/data/minio/AMZN/1771228800.json', '/opt/***/data/minio/AMZN/1771228812.json', '/opt/***/data/minio/AMZN/1771228823.json', '/opt/***/data/minio/AMZN/1771228834.json', '/opt/***/data/minio/AMZN/1771228844.json', '/opt/***/data/minio/AMZN/1771228856.json', '/opt/***/data/minio/AMZN/1771228868.json', '/opt/***/data/minio/AMZN/1771228878.json', '/opt/***/data/minio/AMZN/1771228891.json', '/opt/***/data/minio/AMZN/1771228901.json', '/opt/***/data/minio/AMZN/1771228912.json', '/opt/***/data/minio/AMZN/1771228925.json', '/opt/***/data/minio/AMZN/1771228937.json', '/opt/***/data/minio/AMZN/1771228947.json', '/opt/***/data/minio/AMZN/1771228958.json', '/opt/***/data/minio/AMZN/1771228969.json', '/opt/***/data/minio/AMZN/1771228980.json', '/opt/***/data/minio/AMZN/1771228991.json', '/opt/***/data/minio/AMZN/1771229002.json', '/opt/***/data/minio/AMZN/1771229012.json', '/opt/***/data/minio/AMZN/1771229023.json', '/opt/***/data/minio/AMZN/1771229034.json', '/opt/***/data/minio/AMZN/1771229045.json', '/opt/***/data/minio/AMZN/1771229055.json', '/opt/***/data/minio/AMZN/1771229066.json', '/opt/***/data/minio/AMZN/1771229077.json', '/opt/***/data/minio/AMZN/1771229089.json', '/opt/***/data/minio/AMZN/1771229100.json', '/opt/***/data/minio/AMZN/1771229111.json', '/opt/***/data/minio/AMZN/1771229122.json', '/opt/***/data/minio/AMZN/1771229134.json', '/opt/***/data/minio/AMZN/1771229150.json', '/opt/***/data/minio/AMZN/1771229161.json', '/opt/***/data/minio/AMZN/1771229173.json', '/opt/***/data/minio/AMZN/1771229183.json', '/opt/***/data/minio/AMZN/1771229194.json', '/opt/***/data/minio/AMZN/1771229205.json', '/opt/***/data/minio/AMZN/1771229216.json', '/opt/***/data/minio/AMZN/1771229227.json', '/opt/***/data/minio/AMZN/1771229237.json', '/opt/***/data/minio/AMZN/1771229249.json', '/opt/***/data/minio/AMZN/1771229260.json', '/opt/***/data/minio/AMZN/1771229271.json', '/opt/***/data/minio/AMZN/1771229285.json', '/opt/***/data/minio/AMZN/1771229296.json', '/opt/***/data/minio/AMZN/1771229308.json', '/opt/***/data/minio/AMZN/1771229318.json', '/opt/***/data/minio/AMZN/1771229329.json', '/opt/***/data/minio/AMZN/1771308355.json', '/opt/***/data/minio/AMZN/1771308365.json', '/opt/***/data/minio/AMZN/1771308375.json', '/opt/***/data/minio/AMZN/1771308385.json', '/opt/***/data/minio/AMZN/1771308395.json', '/opt/***/data/minio/AMZN/1771308405.json', '/opt/***/data/minio/AMZN/1771308415.json', '/opt/***/data/minio/AMZN/1771308426.json', '/opt/***/data/minio/AMZN/1771308436.json', '/opt/***/data/minio/AMZN/1771308446.json', '/opt/***/data/minio/AMZN/1771308456.json', '/opt/***/data/minio/AMZN/1771308466.json', '/opt/***/data/minio/AMZN/1771308476.json', '/opt/***/data/minio/AMZN/1771308487.json', '/opt/***/data/minio/AMZN/1771308497.json', '/opt/***/data/minio/AMZN/1771308507.json', '/opt/***/data/minio/AMZN/1771308517.json', '/opt/***/data/minio/AMZN/1771308527.json', '/opt/***/data/minio/AMZN/1771308537.json', '/opt/***/data/minio/AMZN/1771308548.json', '/opt/***/data/minio/AMZN/1771308557.json', '/opt/***/data/minio/AMZN/1771308567.json', '/opt/***/data/minio/AMZN/1771308578.json', '/opt/***/data/minio/AMZN/1771308587.json', '/opt/***/data/minio/AMZN/1771308598.json', '/opt/***/data/minio/AMZN/1771308608.json', '/opt/***/data/minio/AMZN/1771308618.json', '/opt/***/data/minio/AMZN/1771308629.json', '/opt/***/data/minio/GOOGL/1771221450.json', '/opt/***/data/minio/GOOGL/1771221462.json', '/opt/***/data/minio/GOOGL/1771221475.json', '/opt/***/data/minio/GOOGL/1771221488.json', '/opt/***/data/minio/GOOGL/1771221500.json', '/opt/***/data/minio/GOOGL/1771221512.json', '/opt/***/data/minio/GOOGL/1771221525.json', '/opt/***/data/minio/GOOGL/1771221537.json', '/opt/***/data/minio/GOOGL/1771221549.json', '/opt/***/data/minio/GOOGL/1771221560.json', '/opt/***/data/minio/GOOGL/1771221571.json', '/opt/***/data/minio/GOOGL/1771221583.json', '/opt/***/data/minio/GOOGL/1771221595.json', '/opt/***/data/minio/GOOGL/1771221607.json', '/opt/***/data/minio/GOOGL/1771221619.json', '/opt/***/data/minio/GOOGL/1771221630.json', '/opt/***/data/minio/GOOGL/1771221642.json', '/opt/***/data/minio/GOOGL/1771221653.json', '/opt/***/data/minio/GOOGL/1771221665.json', '/opt/***/data/minio/GOOGL/1771221677.json', '/opt/***/data/minio/GOOGL/1771221689.json', '/opt/***/data/minio/GOOGL/1771221701.json', '/opt/***/data/minio/GOOGL/1771221712.json', '/opt/***/data/minio/GOOGL/1771221724.json', '/opt/***/data/minio/GOOGL/1771221736.json', '/opt/***/data/minio/GOOGL/1771221748.json', '/opt/***/data/minio/GOOGL/1771221760.json', '/opt/***/data/minio/GOOGL/1771221771.json', '/opt/***/data/minio/GOOGL/1771221783.json', '/opt/***/data/minio/GOOGL/1771221799.json', '/opt/***/data/minio/GOOGL/1771221811.json', '/opt/***/data/minio/GOOGL/1771221823.json', '/opt/***/data/minio/GOOGL/1771221835.json', '/opt/***/data/minio/GOOGL/1771221850.json', '/opt/***/data/minio/GOOGL/1771221862.json', '/opt/***/data/minio/GOOGL/1771221874.json', '/opt/***/data/minio/GOOGL/1771221886.json', '/opt/***/data/minio/GOOGL/1771221898.json', '/opt/***/data/minio/GOOGL/1771221910.json', '/opt/***/data/minio/GOOGL/1771221921.json', '/opt/***/data/minio/GOOGL/1771221933.json', '/opt/***/data/minio/GOOGL/1771221945.json', '/opt/***/data/minio/GOOGL/1771221957.json', '/opt/***/data/minio/GOOGL/1771221968.json', '/opt/***/data/minio/GOOGL/1771221980.json', '/opt/***/data/minio/GOOGL/1771222084.json', '/opt/***/data/minio/GOOGL/1771222107.json', '/opt/***/data/minio/GOOGL/1771222119.json', '/opt/***/data/minio/GOOGL/1771222131.json', '/opt/***/data/minio/GOOGL/1771222143.json', '/opt/***/data/minio/GOOGL/1771222156.json', '/opt/***/data/minio/GOOGL/1771222197.json', '/opt/***/data/minio/GOOGL/1771222209.json', '/opt/***/data/minio/GOOGL/1771222221.json', '/opt/***/data/minio/GOOGL/1771222232.json', '/opt/***/data/minio/GOOGL/1771222244.json', '/opt/***/data/minio/GOOGL/1771222255.json', '/opt/***/data/minio/GOOGL/1771222267.json', '/opt/***/data/minio/GOOGL/1771222278.json', '/opt/***/data/minio/GOOGL/1771222290.json', '/opt/***/data/minio/GOOGL/1771222301.json', '/opt/***/data/minio/GOOGL/1771222312.json', '/opt/***/data/minio/GOOGL/1771222323.json', '/opt/***/data/minio/GOOGL/1771222335.json', '/opt/***/data/minio/GOOGL/1771222347.json', '/opt/***/data/minio/GOOGL/1771222358.json', '/opt/***/data/minio/GOOGL/1771222370.json', '/opt/***/data/minio/GOOGL/1771222380.json', '/opt/***/data/minio/GOOGL/1771222392.json', '/opt/***/data/minio/GOOGL/1771222403.json', '/opt/***/data/minio/GOOGL/1771222443.json', '/opt/***/data/minio/GOOGL/1771222455.json', '/opt/***/data/minio/GOOGL/1771222466.json', '/opt/***/data/minio/GOOGL/1771222479.json', '/opt/***/data/minio/GOOGL/1771222523.json', '/opt/***/data/minio/GOOGL/1771222535.json', '/opt/***/data/minio/GOOGL/1771222548.json', '/opt/***/data/minio/GOOGL/1771222561.json', '/opt/***/data/minio/GOOGL/1771222573.json', '/opt/***/data/minio/GOOGL/1771222584.json', '/opt/***/data/minio/GOOGL/1771222596.json', '/opt/***/data/minio/GOOGL/1771222608.json', '/opt/***/data/minio/GOOGL/1771222621.json', '/opt/***/data/minio/GOOGL/1771222634.json', '/opt/***/data/minio/GOOGL/1771222675.json', '/opt/***/data/minio/GOOGL/1771222701.json', '/opt/***/data/minio/GOOGL/1771222713.json', '/opt/***/data/minio/GOOGL/1771222725.json', '/opt/***/data/minio/GOOGL/1771222736.json', '/opt/***/data/minio/GOOGL/1771222748.json', '/opt/***/data/minio/GOOGL/1771222763.json', '/opt/***/data/minio/GOOGL/1771222778.json', '/opt/***/data/minio/GOOGL/1771222796.json', '/opt/***/data/minio/GOOGL/1771222848.json', '/opt/***/data/minio/GOOGL/1771222861.json', '/opt/***/data/minio/GOOGL/1771222872.json', '/opt/***/data/minio/GOOGL/1771222887.json', '/opt/***/data/minio/GOOGL/1771222900.json', '/opt/***/data/minio/GOOGL/1771222915.json', '/opt/***/data/minio/GOOGL/1771222927.json', '/opt/***/data/minio/GOOGL/1771222938.json', '/opt/***/data/minio/GOOGL/1771222958.json', '/opt/***/data/minio/GOOGL/1771222971.json', '/opt/***/data/minio/GOOGL/1771222982.json', '/opt/***/data/minio/GOOGL/1771222992.json', '/opt/***/data/minio/GOOGL/1771223002.json', '/opt/***/data/minio/GOOGL/1771223013.json', '/opt/***/data/minio/GOOGL/1771223023.json', '/opt/***/data/minio/GOOGL/1771223036.json', '/opt/***/data/minio/GOOGL/1771223048.json', '/opt/***/data/minio/GOOGL/1771223060.json', '/opt/***/data/minio/GOOGL/1771223162.json', '/opt/***/data/minio/GOOGL/1771223373.json', '/opt/***/data/minio/GOOGL/1771223385.json', '/opt/***/data/minio/GOOGL/1771223398.json', '/opt/***/data/minio/GOOGL/1771223408.json', '/opt/***/data/minio/GOOGL/1771223420.json', '/opt/***/data/minio/GOOGL/1771223431.json', '/opt/***/data/minio/GOOGL/1771223442.json', '/opt/***/data/minio/GOOGL/1771223452.json', '/opt/***/data/minio/GOOGL/1771223463.json', '/opt/***/data/minio/GOOGL/1771223475.json', '/opt/***/data/minio/GOOGL/1771223487.json', '/opt/***/data/minio/GOOGL/1771223497.json', '/opt/***/data/minio/GOOGL/1771223509.json', '/opt/***/data/minio/GOOGL/1771223520.json', '/opt/***/data/minio/GOOGL/1771223530.json', '/opt/***/data/minio/GOOGL/1771223540.json', '/opt/***/data/minio/GOOGL/1771223551.json', '/opt/***/data/minio/GOOGL/1771223562.json', '/opt/***/data/minio/GOOGL/1771223572.json', '/opt/***/data/minio/GOOGL/1771223584.json', '/opt/***/data/minio/GOOGL/1771223597.json', '/opt/***/data/minio/GOOGL/1771223611.json', '/opt/***/data/minio/GOOGL/1771223622.json', '/opt/***/data/minio/GOOGL/1771223634.json', '/opt/***/data/minio/GOOGL/1771223647.json', '/opt/***/data/minio/GOOGL/1771223658.json', '/opt/***/data/minio/GOOGL/1771223678.json', '/opt/***/data/minio/GOOGL/1771223690.json', '/opt/***/data/minio/GOOGL/1771223702.json', '/opt/***/data/minio/GOOGL/1771223712.json', '/opt/***/data/minio/GOOGL/1771223722.json', '/opt/***/data/minio/GOOGL/1771223733.json', '/opt/***/data/minio/GOOGL/1771223743.json', '/opt/***/data/minio/GOOGL/1771223753.json', '/opt/***/data/minio/GOOGL/1771223765.json', '/opt/***/data/minio/GOOGL/1771223778.json', '/opt/***/data/minio/GOOGL/1771223789.json', '/opt/***/data/minio/GOOGL/1771223802.json', '/opt/***/data/minio/GOOGL/1771223835.json', '/opt/***/data/minio/GOOGL/1771223898.json', '/opt/***/data/minio/GOOGL/1771223935.json', '/opt/***/data/minio/GOOGL/1771223948.json', '/opt/***/data/minio/GOOGL/1771223961.json', '/opt/***/data/minio/GOOGL/1771223975.json', '/opt/***/data/minio/GOOGL/1771223987.json', '/opt/***/data/minio/GOOGL/1771223998.json', '/opt/***/data/minio/GOOGL/1771224009.json', '/opt/***/data/minio/GOOGL/1771224020.json', '/opt/***/data/minio/GOOGL/1771224032.json', '/opt/***/data/minio/GOOGL/1771224043.json', '/opt/***/data/minio/GOOGL/1771224054.json', '/opt/***/data/minio/GOOGL/1771224068.json', '/opt/***/data/minio/GOOGL/1771224080.json', '/opt/***/data/minio/GOOGL/1771224091.json', '/opt/***/data/minio/GOOGL/1771224102.json', '/opt/***/data/minio/GOOGL/1771224113.json', '/opt/***/data/minio/GOOGL/1771224123.json', '/opt/***/data/minio/GOOGL/1771224135.json', '/opt/***/data/minio/GOOGL/1771224145.json', '/opt/***/data/minio/GOOGL/1771224156.json', '/opt/***/data/minio/GOOGL/1771224167.json', '/opt/***/data/minio/GOOGL/1771224178.json', '/opt/***/data/minio/GOOGL/1771224190.json', '/opt/***/data/minio/GOOGL/1771224202.json', '/opt/***/data/minio/GOOGL/1771224214.json', '/opt/***/data/minio/GOOGL/1771224227.json', '/opt/***/data/minio/GOOGL/1771224241.json', '/opt/***/data/minio/GOOGL/1771224254.json', '/opt/***/data/minio/GOOGL/1771224516.json', '/opt/***/data/minio/GOOGL/1771224528.json', '/opt/***/data/minio/GOOGL/1771224542.json', '/opt/***/data/minio/GOOGL/1771224554.json', '/opt/***/data/minio/GOOGL/1771224567.json', '/opt/***/data/minio/GOOGL/1771224580.json', '/opt/***/data/minio/GOOGL/1771224592.json', '/opt/***/data/minio/GOOGL/1771224605.json', '/opt/***/data/minio/GOOGL/1771224615.json', '/opt/***/data/minio/GOOGL/1771224626.json', '/opt/***/data/minio/GOOGL/1771224637.json', '/opt/***/data/minio/GOOGL/1771224658.json', '/opt/***/data/minio/GOOGL/1771224670.json', '/opt/***/data/minio/GOOGL/1771224682.json', '/opt/***/data/minio/GOOGL/1771224695.json', '/opt/***/data/minio/GOOGL/1771224707.json', '/opt/***/data/minio/GOOGL/1771224720.json', '/opt/***/data/minio/GOOGL/1771224733.json', '/opt/***/data/minio/GOOGL/1771224744.json', '/opt/***/data/minio/GOOGL/1771224758.json', '/opt/***/data/minio/GOOGL/1771224772.json', '/opt/***/data/minio/GOOGL/1771224786.json', '/opt/***/data/minio/GOOGL/1771224798.json', '/opt/***/data/minio/GOOGL/1771224811.json', '/opt/***/data/minio/GOOGL/1771224822.json', '/opt/***/data/minio/GOOGL/1771224834.json', '/opt/***/data/minio/GOOGL/1771224846.json', '/opt/***/data/minio/GOOGL/1771224858.json', '/opt/***/data/minio/GOOGL/1771224869.json', '/opt/***/data/minio/GOOGL/1771224880.json', '/opt/***/data/minio/GOOGL/1771224891.json', '/opt/***/data/minio/GOOGL/1771224903.json', '/opt/***/data/minio/GOOGL/1771224913.json', '/opt/***/data/minio/GOOGL/1771224923.json', '/opt/***/data/minio/GOOGL/1771224934.json', '/opt/***/data/minio/GOOGL/1771224945.json', '/opt/***/data/minio/GOOGL/1771224956.json', '/opt/***/data/minio/GOOGL/1771224966.json', '/opt/***/data/minio/GOOGL/1771224978.json', '/opt/***/data/minio/GOOGL/1771224988.json', '/opt/***/data/minio/GOOGL/1771224999.json', '/opt/***/data/minio/GOOGL/1771225011.json', '/opt/***/data/minio/GOOGL/1771225021.json', '/opt/***/data/minio/GOOGL/1771225032.json', '/opt/***/data/minio/GOOGL/1771225044.json', '/opt/***/data/minio/GOOGL/1771225055.json', '/opt/***/data/minio/GOOGL/1771225066.json', '/opt/***/data/minio/GOOGL/1771225077.json', '/opt/***/data/minio/GOOGL/1771225087.json', '/opt/***/data/minio/GOOGL/1771225098.json', '/opt/***/data/minio/GOOGL/1771225109.json', '/opt/***/data/minio/GOOGL/1771225121.json', '/opt/***/data/minio/GOOGL/1771225136.json', '/opt/***/data/minio/GOOGL/1771225147.json', '/opt/***/data/minio/GOOGL/1771225158.json', '/opt/***/data/minio/GOOGL/1771225169.json', '/opt/***/data/minio/GOOGL/1771225190.json', '/opt/***/data/minio/GOOGL/1771225202.json', '/opt/***/data/minio/GOOGL/1771225215.json', '/opt/***/data/minio/GOOGL/1771225227.json', '/opt/***/data/minio/GOOGL/1771225239.json', '/opt/***/data/minio/GOOGL/1771225252.json', '/opt/***/data/minio/GOOGL/1771225262.json', '/opt/***/data/minio/GOOGL/1771225278.json', '/opt/***/data/minio/GOOGL/1771225289.json', '/opt/***/data/minio/GOOGL/1771225300.json', '/opt/***/data/minio/GOOGL/1771225311.json', '/opt/***/data/minio/GOOGL/1771225322.json', '/opt/***/data/minio/GOOGL/1771225334.json', '/opt/***/data/minio/GOOGL/1771225346.json', '/opt/***/data/minio/GOOGL/1771225357.json', '/opt/***/data/minio/GOOGL/1771225370.json', '/opt/***/data/minio/GOOGL/1771225381.json', '/opt/***/data/minio/GOOGL/1771225391.json', '/opt/***/data/minio/GOOGL/1771225402.json', '/opt/***/data/minio/GOOGL/1771225412.json', '/opt/***/data/minio/GOOGL/1771225422.json', '/opt/***/data/minio/GOOGL/1771225435.json', '/opt/***/data/minio/GOOGL/1771225446.json', '/opt/***/data/minio/GOOGL/1771225456.json', '/opt/***/data/minio/GOOGL/1771225467.json', '/opt/***/data/minio/GOOGL/1771225479.json', '/opt/***/data/minio/GOOGL/1771225489.json', '/opt/***/data/minio/GOOGL/1771225500.json', '/opt/***/data/minio/GOOGL/1771225510.json', '/opt/***/data/minio/GOOGL/1771225521.json', '/opt/***/data/minio/GOOGL/1771225532.json', '/opt/***/data/minio/GOOGL/1771225543.json', '/opt/***/data/minio/GOOGL/1771225554.json', '/opt/***/data/minio/GOOGL/1771225565.json', '/opt/***/data/minio/GOOGL/1771225578.json', '/opt/***/data/minio/GOOGL/1771225589.json', '/opt/***/data/minio/GOOGL/1771225600.json', '/opt/***/data/minio/GOOGL/1771225611.json', '/opt/***/data/minio/GOOGL/1771225622.json', '/opt/***/data/minio/GOOGL/1771225633.json', '/opt/***/data/minio/GOOGL/1771225644.json', '/opt/***/data/minio/GOOGL/1771225655.json', '/opt/***/data/minio/GOOGL/1771225666.json', '/opt/***/data/minio/GOOGL/1771225676.json', '/opt/***/data/minio/GOOGL/1771225686.json', '/opt/***/data/minio/GOOGL/1771225697.json', '/opt/***/data/minio/GOOGL/1771225708.json', '/opt/***/data/minio/GOOGL/1771225718.json', '/opt/***/data/minio/GOOGL/1771225730.json', '/opt/***/data/minio/GOOGL/1771225741.json', '/opt/***/data/minio/GOOGL/1771225752.json', '/opt/***/data/minio/GOOGL/1771225762.json', '/opt/***/data/minio/GOOGL/1771225774.json', '/opt/***/data/minio/GOOGL/1771225784.json', '/opt/***/data/minio/GOOGL/1771225795.json', '/opt/***/data/minio/GOOGL/1771225805.json', '/opt/***/data/minio/GOOGL/1771225816.json', '/opt/***/data/minio/GOOGL/1771225827.json', '/opt/***/data/minio/GOOGL/1771225838.json', '/opt/***/data/minio/GOOGL/1771225849.json', '/opt/***/data/minio/GOOGL/1771225861.json', '/opt/***/data/minio/GOOGL/1771225872.json', '/opt/***/data/minio/GOOGL/1771225882.json', '/opt/***/data/minio/GOOGL/1771225893.json', '/opt/***/data/minio/GOOGL/1771225904.json', '/opt/***/data/minio/GOOGL/1771225914.json', '/opt/***/data/minio/GOOGL/1771225925.json', '/opt/***/data/minio/GOOGL/1771225936.json', '/opt/***/data/minio/GOOGL/1771225946.json', '/opt/***/data/minio/GOOGL/1771225956.json', '/opt/***/data/minio/GOOGL/1771225967.json', '/opt/***/data/minio/GOOGL/1771225978.json', '/opt/***/data/minio/GOOGL/1771225988.json', '/opt/***/data/minio/GOOGL/1771225999.json', '/opt/***/data/minio/GOOGL/1771226009.json', '/opt/***/data/minio/GOOGL/1771226020.json', '/opt/***/data/minio/GOOGL/1771226030.json', '/opt/***/data/minio/GOOGL/1771226041.json', '/opt/***/data/minio/GOOGL/1771226052.json', '/opt/***/data/minio/GOOGL/1771226062.json', '/opt/***/data/minio/GOOGL/1771226073.json', '/opt/***/data/minio/GOOGL/1771226084.json', '/opt/***/data/minio/GOOGL/1771226094.json', '/opt/***/data/minio/GOOGL/1771226106.json', '/opt/***/data/minio/GOOGL/1771226117.json', '/opt/***/data/minio/GOOGL/1771226128.json', '/opt/***/data/minio/GOOGL/1771226139.json', '/opt/***/data/minio/GOOGL/1771226150.json', '/opt/***/data/minio/GOOGL/1771226161.json', '/opt/***/data/minio/GOOGL/1771226172.json', '/opt/***/data/minio/GOOGL/1771226182.json', '/opt/***/data/minio/GOOGL/1771226193.json', '/opt/***/data/minio/GOOGL/1771226204.json', '/opt/***/data/minio/GOOGL/1771226216.json', '/opt/***/data/minio/GOOGL/1771226226.json', '/opt/***/data/minio/GOOGL/1771226237.json', '/opt/***/data/minio/GOOGL/1771226247.json', '/opt/***/data/minio/GOOGL/1771226257.json', '/opt/***/data/minio/GOOGL/1771226268.json', '/opt/***/data/minio/GOOGL/1771226279.json', '/opt/***/data/minio/GOOGL/1771226289.json', '/opt/***/data/minio/GOOGL/1771226300.json', '/opt/***/data/minio/GOOGL/1771226312.json', '/opt/***/data/minio/GOOGL/1771226322.json', '/opt/***/data/minio/GOOGL/1771226333.json', '/opt/***/data/minio/GOOGL/1771226344.json', '/opt/***/data/minio/GOOGL/1771226355.json', '/opt/***/data/minio/GOOGL/1771226366.json', '/opt/***/data/minio/GOOGL/1771226377.json', '/opt/***/data/minio/GOOGL/1771226389.json', '/opt/***/data/minio/GOOGL/1771226400.json', '/opt/***/data/minio/GOOGL/1771226411.json', '/opt/***/data/minio/GOOGL/1771226422.json', '/opt/***/data/minio/GOOGL/1771226435.json', '/opt/***/data/minio/GOOGL/1771226445.json', '/opt/***/data/minio/GOOGL/1771226456.json', '/opt/***/data/minio/GOOGL/1771226468.json', '/opt/***/data/minio/GOOGL/1771226480.json', '/opt/***/data/minio/GOOGL/1771226490.json', '/opt/***/data/minio/GOOGL/1771226502.json', '/opt/***/data/minio/GOOGL/1771226513.json', '/opt/***/data/minio/GOOGL/1771226525.json', '/opt/***/data/minio/GOOGL/1771226536.json', '/opt/***/data/minio/GOOGL/1771226547.json', '/opt/***/data/minio/GOOGL/1771226558.json', '/opt/***/data/minio/GOOGL/1771226568.json', '/opt/***/data/minio/GOOGL/1771226579.json', '/opt/***/data/minio/GOOGL/1771226590.json', '/opt/***/data/minio/GOOGL/1771226601.json', '/opt/***/data/minio/GOOGL/1771226614.json', '/opt/***/data/minio/GOOGL/1771226626.json', '/opt/***/data/minio/GOOGL/1771226637.json', '/opt/***/data/minio/GOOGL/1771226648.json', '/opt/***/data/minio/GOOGL/1771226660.json', '/opt/***/data/minio/GOOGL/1771226671.json', '/opt/***/data/minio/GOOGL/1771226682.json', '/opt/***/data/minio/GOOGL/1771226693.json', '/opt/***/data/minio/GOOGL/1771226704.json', '/opt/***/data/minio/GOOGL/1771226714.json', '/opt/***/data/minio/GOOGL/1771226725.json', '/opt/***/data/minio/GOOGL/1771226736.json', '/opt/***/data/minio/GOOGL/1771226747.json', '/opt/***/data/minio/GOOGL/1771226758.json', '/opt/***/data/minio/GOOGL/1771226769.json', '/opt/***/data/minio/GOOGL/1771226780.json', '/opt/***/data/minio/GOOGL/1771226792.json', '/opt/***/data/minio/GOOGL/1771226802.json', '/opt/***/data/minio/GOOGL/1771226816.json', '/opt/***/data/minio/GOOGL/1771226830.json', '/opt/***/data/minio/GOOGL/1771226841.json', '/opt/***/data/minio/GOOGL/1771226853.json', '/opt/***/data/minio/GOOGL/1771226872.json', '/opt/***/data/minio/GOOGL/1771226886.json', '/opt/***/data/minio/GOOGL/1771226899.json', '/opt/***/data/minio/GOOGL/1771226911.json', '/opt/***/data/minio/GOOGL/1771226927.json', '/opt/***/data/minio/GOOGL/1771226940.json', '/opt/***/data/minio/GOOGL/1771226954.json', '/opt/***/data/minio/GOOGL/1771226967.json', '/opt/***/data/minio/GOOGL/1771226978.json', '/opt/***/data/minio/GOOGL/1771226988.json', '/opt/***/data/minio/GOOGL/1771227001.json', '/opt/***/data/minio/GOOGL/1771227011.json', '/opt/***/data/minio/GOOGL/1771227023.json', '/opt/***/data/minio/GOOGL/1771227033.json', '/opt/***/data/minio/GOOGL/1771227043.json', '/opt/***/data/minio/GOOGL/1771227054.json', '/opt/***/data/minio/GOOGL/1771227065.json', '/opt/***/data/minio/GOOGL/1771227076.json', '/opt/***/data/minio/GOOGL/1771227086.json', '/opt/***/data/minio/GOOGL/1771227097.json', '/opt/***/data/minio/GOOGL/1771227108.json', '/opt/***/data/minio/GOOGL/1771227120.json', '/opt/***/data/minio/GOOGL/1771227131.json', '/opt/***/data/minio/GOOGL/1771227143.json', '/opt/***/data/minio/GOOGL/1771227154.json', '/opt/***/data/minio/GOOGL/1771227164.json', '/opt/***/data/minio/GOOGL/1771227179.json', '/opt/***/data/minio/GOOGL/1771227189.json', '/opt/***/data/minio/GOOGL/1771227200.json', '/opt/***/data/minio/GOOGL/1771227212.json', '/opt/***/data/minio/GOOGL/1771227223.json', '/opt/***/data/minio/GOOGL/1771227235.json', '/opt/***/data/minio/GOOGL/1771227247.json', '/opt/***/data/minio/GOOGL/1771227259.json', '/opt/***/data/minio/GOOGL/1771227272.json', '/opt/***/data/minio/GOOGL/1771227283.json', '/opt/***/data/minio/GOOGL/1771227296.json', '/opt/***/data/minio/GOOGL/1771227308.json', '/opt/***/data/minio/GOOGL/1771227319.json', '/opt/***/data/minio/GOOGL/1771227330.json', '/opt/***/data/minio/GOOGL/1771227340.json', '/opt/***/data/minio/GOOGL/1771227352.json', '/opt/***/data/minio/GOOGL/1771227363.json', '/opt/***/data/minio/GOOGL/1771227377.json', '/opt/***/data/minio/GOOGL/1771227388.json', '/opt/***/data/minio/GOOGL/1771227400.json', '/opt/***/data/minio/GOOGL/1771227410.json', '/opt/***/data/minio/GOOGL/1771227422.json', '/opt/***/data/minio/GOOGL/1771227433.json', '/opt/***/data/minio/GOOGL/1771227444.json', '/opt/***/data/minio/GOOGL/1771227454.json', '/opt/***/data/minio/GOOGL/1771227465.json', '/opt/***/data/minio/GOOGL/1771227477.json', '/opt/***/data/minio/GOOGL/1771227488.json', '/opt/***/data/minio/GOOGL/1771227498.json', '/opt/***/data/minio/GOOGL/1771227509.json', '/opt/***/data/minio/GOOGL/1771227520.json', '/opt/***/data/minio/GOOGL/1771227530.json', '/opt/***/data/minio/GOOGL/1771227542.json', '/opt/***/data/minio/GOOGL/1771227553.json', '/opt/***/data/minio/GOOGL/1771227563.json', '/opt/***/data/minio/GOOGL/1771227574.json', '/opt/***/data/minio/GOOGL/1771227584.json', '/opt/***/data/minio/GOOGL/1771227595.json', '/opt/***/data/minio/GOOGL/1771227606.json', '/opt/***/data/minio/GOOGL/1771227617.json', '/opt/***/data/minio/GOOGL/1771227628.json', '/opt/***/data/minio/GOOGL/1771227638.json', '/opt/***/data/minio/GOOGL/1771227649.json', '/opt/***/data/minio/GOOGL/1771227659.json', '/opt/***/data/minio/GOOGL/1771227670.json', '/opt/***/data/minio/GOOGL/1771227681.json', '/opt/***/data/minio/GOOGL/1771227691.json', '/opt/***/data/minio/GOOGL/1771227702.json', '/opt/***/data/minio/GOOGL/1771227713.json', '/opt/***/data/minio/GOOGL/1771227723.json', '/opt/***/data/minio/GOOGL/1771227734.json', '/opt/***/data/minio/GOOGL/1771227744.json', '/opt/***/data/minio/GOOGL/1771227754.json', '/opt/***/data/minio/GOOGL/1771227765.json', '/opt/***/data/minio/GOOGL/1771227776.json', '/opt/***/data/minio/GOOGL/1771227786.json', '/opt/***/data/minio/GOOGL/1771227796.json', '/opt/***/data/minio/GOOGL/1771227806.json', '/opt/***/data/minio/GOOGL/1771227817.json', '/opt/***/data/minio/GOOGL/1771227828.json', '/opt/***/data/minio/GOOGL/1771227839.json', '/opt/***/data/minio/GOOGL/1771227850.json', '/opt/***/data/minio/GOOGL/1771227860.json', '/opt/***/data/minio/GOOGL/1771227871.json', '/opt/***/data/minio/GOOGL/1771227881.json', '/opt/***/data/minio/GOOGL/1771227892.json', '/opt/***/data/minio/GOOGL/1771227902.json', '/opt/***/data/minio/GOOGL/1771227913.json', '/opt/***/data/minio/GOOGL/1771227923.json', '/opt/***/data/minio/GOOGL/1771227933.json', '/opt/***/data/minio/GOOGL/1771227943.json', '/opt/***/data/minio/GOOGL/1771227954.json', '/opt/***/data/minio/GOOGL/1771227964.json', '/opt/***/data/minio/GOOGL/1771227975.json', '/opt/***/data/minio/GOOGL/1771227985.json', '/opt/***/data/minio/GOOGL/1771227996.json', '/opt/***/data/minio/GOOGL/1771228007.json', '/opt/***/data/minio/GOOGL/1771228017.json', '/opt/***/data/minio/GOOGL/1771228028.json', '/opt/***/data/minio/GOOGL/1771228038.json', '/opt/***/data/minio/GOOGL/1771228049.json', '/opt/***/data/minio/GOOGL/1771228060.json', '/opt/***/data/minio/GOOGL/1771228071.json', '/opt/***/data/minio/GOOGL/1771228081.json', '/opt/***/data/minio/GOOGL/1771228092.json', '/opt/***/data/minio/GOOGL/1771228102.json', '/opt/***/data/minio/GOOGL/1771228113.json', '/opt/***/data/minio/GOOGL/1771228123.json', '/opt/***/data/minio/GOOGL/1771228134.json', '/opt/***/data/minio/GOOGL/1771228144.json', '/opt/***/data/minio/GOOGL/1771228154.json', '/opt/***/data/minio/GOOGL/1771228164.json', '/opt/***/data/minio/GOOGL/1771228174.json', '/opt/***/data/minio/GOOGL/1771228185.json', '/opt/***/data/minio/GOOGL/1771228195.json', '/opt/***/data/minio/GOOGL/1771228205.json', '/opt/***/data/minio/GOOGL/1771228216.json', '/opt/***/data/minio/GOOGL/1771228226.json', '/opt/***/data/minio/GOOGL/1771228237.json', '/opt/***/data/minio/GOOGL/1771228247.json', '/opt/***/data/minio/GOOGL/1771228258.json', '/opt/***/data/minio/GOOGL/1771228268.json', '/opt/***/data/minio/GOOGL/1771228281.json', '/opt/***/data/minio/GOOGL/1771228291.json', '/opt/***/data/minio/GOOGL/1771228302.json', '/opt/***/data/minio/GOOGL/1771228313.json', '/opt/***/data/minio/GOOGL/1771228324.json', '/opt/***/data/minio/GOOGL/1771228334.json', '/opt/***/data/minio/GOOGL/1771228344.json', '/opt/***/data/minio/GOOGL/1771228354.json', '/opt/***/data/minio/GOOGL/1771228365.json', '/opt/***/data/minio/GOOGL/1771228376.json', '/opt/***/data/minio/GOOGL/1771228386.json', '/opt/***/data/minio/GOOGL/1771228397.json', '/opt/***/data/minio/GOOGL/1771228407.json', '/opt/***/data/minio/GOOGL/1771228418.json', '/opt/***/data/minio/GOOGL/1771228428.json', '/opt/***/data/minio/GOOGL/1771228439.json', '/opt/***/data/minio/GOOGL/1771228449.json', '/opt/***/data/minio/GOOGL/1771228460.json', '/opt/***/data/minio/GOOGL/1771228470.json', '/opt/***/data/minio/GOOGL/1771228481.json', '/opt/***/data/minio/GOOGL/1771228492.json', '/opt/***/data/minio/GOOGL/1771228502.json', '/opt/***/data/minio/GOOGL/1771228512.json', '/opt/***/data/minio/GOOGL/1771228523.json', '/opt/***/data/minio/GOOGL/1771228534.json', '/opt/***/data/minio/GOOGL/1771228544.json', '/opt/***/data/minio/GOOGL/1771228555.json', '/opt/***/data/minio/GOOGL/1771228565.json', '/opt/***/data/minio/GOOGL/1771228576.json', '/opt/***/data/minio/GOOGL/1771228587.json', '/opt/***/data/minio/GOOGL/1771228597.json', '/opt/***/data/minio/GOOGL/1771228609.json', '/opt/***/data/minio/GOOGL/1771228620.json', '/opt/***/data/minio/GOOGL/1771228631.json', '/opt/***/data/minio/GOOGL/1771228641.json', '/opt/***/data/minio/GOOGL/1771228651.json', '/opt/***/data/minio/GOOGL/1771228662.json', '/opt/***/data/minio/GOOGL/1771228672.json', '/opt/***/data/minio/GOOGL/1771228683.json', '/opt/***/data/minio/GOOGL/1771228694.json', '/opt/***/data/minio/GOOGL/1771228704.json', '/opt/***/data/minio/GOOGL/1771228715.json', '/opt/***/data/minio/GOOGL/1771228726.json', '/opt/***/data/minio/GOOGL/1771228736.json', '/opt/***/data/minio/GOOGL/1771228747.json', '/opt/***/data/minio/GOOGL/1771228757.json', '/opt/***/data/minio/GOOGL/1771228768.json', '/opt/***/data/minio/GOOGL/1771228778.json', '/opt/***/data/minio/GOOGL/1771228789.json', '/opt/***/data/minio/GOOGL/1771228799.json', '/opt/***/data/minio/GOOGL/1771228811.json', '/opt/***/data/minio/GOOGL/1771228822.json', '/opt/***/data/minio/GOOGL/1771228833.json', '/opt/***/data/minio/GOOGL/1771228844.json', '/opt/***/data/minio/GOOGL/1771228854.json', '/opt/***/data/minio/GOOGL/1771228867.json', '/opt/***/data/minio/GOOGL/1771228878.json', '/opt/***/data/minio/GOOGL/1771228888.json', '/opt/***/data/minio/GOOGL/1771228900.json', '/opt/***/data/minio/GOOGL/1771228911.json', '/opt/***/data/minio/GOOGL/1771228923.json', '/opt/***/data/minio/GOOGL/1771228936.json', '/opt/***/data/minio/GOOGL/1771228947.json', '/opt/***/data/minio/GOOGL/1771228957.json', '/opt/***/data/minio/GOOGL/1771228968.json', '/opt/***/data/minio/GOOGL/1771228979.json', '/opt/***/data/minio/GOOGL/1771228990.json', '/opt/***/data/minio/GOOGL/1771229001.json', '/opt/***/data/minio/GOOGL/1771229012.json', '/opt/***/data/minio/GOOGL/1771229022.json', '/opt/***/data/minio/GOOGL/1771229033.json', '/opt/***/data/minio/GOOGL/1771229044.json', '/opt/***/data/minio/GOOGL/1771229054.json', '/opt/***/data/minio/GOOGL/1771229065.json', '/opt/***/data/minio/GOOGL/1771229076.json', '/opt/***/data/minio/GOOGL/1771229087.json', '/opt/***/data/minio/GOOGL/1771229099.json', '/opt/***/data/minio/GOOGL/1771229110.json', '/opt/***/data/minio/GOOGL/1771229121.json', '/opt/***/data/minio/GOOGL/1771229133.json', '/opt/***/data/minio/GOOGL/1771229149.json', '/opt/***/data/minio/GOOGL/1771229160.json', '/opt/***/data/minio/GOOGL/1771229172.json', '/opt/***/data/minio/GOOGL/1771229182.json', '/opt/***/data/minio/GOOGL/1771229193.json', '/opt/***/data/minio/GOOGL/1771229204.json', '/opt/***/data/minio/GOOGL/1771229215.json', '/opt/***/data/minio/GOOGL/1771229225.json', '/opt/***/data/minio/GOOGL/1771229236.json', '/opt/***/data/minio/GOOGL/1771229248.json', '/opt/***/data/minio/GOOGL/1771229259.json', '/opt/***/data/minio/GOOGL/1771229270.json', '/opt/***/data/minio/GOOGL/1771229284.json', '/opt/***/data/minio/GOOGL/1771229295.json', '/opt/***/data/minio/GOOGL/1771229307.json', '/opt/***/data/minio/GOOGL/1771229317.json', '/opt/***/data/minio/GOOGL/1771229328.json', '/opt/***/data/minio/GOOGL/1771308354.json', '/opt/***/data/minio/GOOGL/1771308364.json', '/opt/***/data/minio/GOOGL/1771308374.json', '/opt/***/data/minio/GOOGL/1771308384.json', '/opt/***/data/minio/GOOGL/1771308394.json', '/opt/***/data/minio/GOOGL/1771308404.json', '/opt/***/data/minio/GOOGL/1771308415.json', '/opt/***/data/minio/GOOGL/1771308424.json', '/opt/***/data/minio/GOOGL/1771308435.json', '/opt/***/data/minio/GOOGL/1771308445.json', '/opt/***/data/minio/GOOGL/1771308455.json', '/opt/***/data/minio/GOOGL/1771308465.json', '/opt/***/data/minio/GOOGL/1771308476.json', '/opt/***/data/minio/GOOGL/1771308486.json', '/opt/***/data/minio/GOOGL/1771308496.json', '/opt/***/data/minio/GOOGL/1771308506.json', '/opt/***/data/minio/GOOGL/1771308516.json', '/opt/***/data/minio/GOOGL/1771308526.json', '/opt/***/data/minio/GOOGL/1771308537.json', '/opt/***/data/minio/GOOGL/1771308547.json', '/opt/***/data/minio/GOOGL/1771308557.json', '/opt/***/data/minio/GOOGL/1771308567.json', '/opt/***/data/minio/GOOGL/1771308577.json', '/opt/***/data/minio/GOOGL/1771308587.json', '/opt/***/data/minio/GOOGL/1771308597.json', '/opt/***/data/minio/GOOGL/1771308607.json', '/opt/***/data/minio/GOOGL/1771308618.json', '/opt/***/data/minio/GOOGL/1771308628.json', '/opt/***/data/minio/MSFT/1771221448.json', '/opt/***/data/minio/MSFT/1771221460.json', '/opt/***/data/minio/MSFT/1771221472.json', '/opt/***/data/minio/MSFT/1771221484.json', '/opt/***/data/minio/MSFT/1771221497.json', '/opt/***/data/minio/MSFT/1771221509.json', '/opt/***/data/minio/MSFT/1771221523.json', '/opt/***/data/minio/MSFT/1771221534.json', '/opt/***/data/minio/MSFT/1771221546.json', '/opt/***/data/minio/MSFT/1771221558.json', '/opt/***/data/minio/MSFT/1771221569.json', '/opt/***/data/minio/MSFT/1771221581.json', '/opt/***/data/minio/MSFT/1771221593.json', '/opt/***/data/minio/MSFT/1771221604.json', '/opt/***/data/minio/MSFT/1771221616.json', '/opt/***/data/minio/MSFT/1771221628.json', '/opt/***/data/minio/MSFT/1771221640.json', '/opt/***/data/minio/MSFT/1771221651.json', '/opt/***/data/minio/MSFT/1771221663.json', '/opt/***/data/minio/MSFT/1771221675.json', '/opt/***/data/minio/MSFT/1771221687.json', '/opt/***/data/minio/MSFT/1771221698.json', '/opt/***/data/minio/MSFT/1771221710.json', '/opt/***/data/minio/MSFT/1771221722.json', '/opt/***/data/minio/MSFT/1771221734.json', '/opt/***/data/minio/MSFT/1771221746.json', '/opt/***/data/minio/MSFT/1771221758.json', '/opt/***/data/minio/MSFT/1771221769.json', '/opt/***/data/minio/MSFT/1771221781.json', '/opt/***/data/minio/MSFT/1771221797.json', '/opt/***/data/minio/MSFT/1771221808.json', '/opt/***/data/minio/MSFT/1771221821.json', '/opt/***/data/minio/MSFT/1771221832.json', '/opt/***/data/minio/MSFT/1771221848.json', '/opt/***/data/minio/MSFT/1771221859.json', '/opt/***/data/minio/MSFT/1771221872.json', '/opt/***/data/minio/MSFT/1771221884.json', '/opt/***/data/minio/MSFT/1771221896.json', '/opt/***/data/minio/MSFT/1771221907.json', '/opt/***/data/minio/MSFT/1771221919.json', '/opt/***/data/minio/MSFT/1771221931.json', '/opt/***/data/minio/MSFT/1771221942.json', '/opt/***/data/minio/MSFT/1771221954.json', '/opt/***/data/minio/MSFT/1771221966.json', '/opt/***/data/minio/MSFT/1771221978.json', '/opt/***/data/minio/MSFT/1771222021.json', '/opt/***/data/minio/MSFT/1771222105.json', '/opt/***/data/minio/MSFT/1771222117.json', '/opt/***/data/minio/MSFT/1771222128.json', '/opt/***/data/minio/MSFT/1771222140.json', '/opt/***/data/minio/MSFT/1771222153.json', '/opt/***/data/minio/MSFT/1771222195.json', '/opt/***/data/minio/MSFT/1771222207.json', '/opt/***/data/minio/MSFT/1771222218.json', '/opt/***/data/minio/MSFT/1771222230.json', '/opt/***/data/minio/MSFT/1771222242.json', '/opt/***/data/minio/MSFT/1771222253.json', '/opt/***/data/minio/MSFT/1771222264.json', '/opt/***/data/minio/MSFT/1771222276.json', '/opt/***/data/minio/MSFT/1771222287.json', '/opt/***/data/minio/MSFT/1771222299.json', '/opt/***/data/minio/MSFT/1771222310.json', '/opt/***/data/minio/MSFT/1771222321.json', '/opt/***/data/minio/MSFT/1771222333.json', '/opt/***/data/minio/MSFT/1771222345.json', '/opt/***/data/minio/MSFT/1771222356.json', '/opt/***/data/minio/MSFT/1771222368.json', '/opt/***/data/minio/MSFT/1771222378.json', '/opt/***/data/minio/MSFT/1771222389.json', '/opt/***/data/minio/MSFT/1771222401.json', '/opt/***/data/minio/MSFT/1771222413.json', '/opt/***/data/minio/MSFT/1771222452.json', '/opt/***/data/minio/MSFT/1771222464.json', '/opt/***/data/minio/MSFT/1771222477.json', '/opt/***/data/minio/MSFT/1771222519.json', '/opt/***/data/minio/MSFT/1771222533.json', '/opt/***/data/minio/MSFT/1771222546.json', '/opt/***/data/minio/MSFT/1771222559.json', '/opt/***/data/minio/MSFT/1771222570.json', '/opt/***/data/minio/MSFT/1771222582.json', '/opt/***/data/minio/MSFT/1771222594.json', '/opt/***/data/minio/MSFT/1771222606.json', '/opt/***/data/minio/MSFT/1771222618.json', '/opt/***/data/minio/MSFT/1771222631.json', '/opt/***/data/minio/MSFT/1771222648.json', '/opt/***/data/minio/MSFT/1771222697.json', '/opt/***/data/minio/MSFT/1771222711.json', '/opt/***/data/minio/MSFT/1771222723.json', '/opt/***/data/minio/MSFT/1771222734.json', '/opt/***/data/minio/MSFT/1771222746.json', '/opt/***/data/minio/MSFT/1771222758.json', '/opt/***/data/minio/MSFT/1771222774.json', '/opt/***/data/minio/MSFT/1771222791.json', '/opt/***/data/minio/MSFT/1771222831.json', '/opt/***/data/minio/MSFT/1771222858.json', '/opt/***/data/minio/MSFT/1771222870.json', '/opt/***/data/minio/MSFT/1771222884.json', '/opt/***/data/minio/MSFT/1771222897.json', '/opt/***/data/minio/MSFT/1771222911.json', '/opt/***/data/minio/MSFT/1771222924.json', '/opt/***/data/minio/MSFT/1771222936.json', '/opt/***/data/minio/MSFT/1771222955.json', '/opt/***/data/minio/MSFT/1771222969.json', '/opt/***/data/minio/MSFT/1771222980.json', '/opt/***/data/minio/MSFT/1771222990.json', '/opt/***/data/minio/MSFT/1771223001.json', '/opt/***/data/minio/MSFT/1771223011.json', '/opt/***/data/minio/MSFT/1771223022.json', '/opt/***/data/minio/MSFT/1771223033.json', '/opt/***/data/minio/MSFT/1771223045.json', '/opt/***/data/minio/MSFT/1771223059.json', '/opt/***/data/minio/MSFT/1771223100.json', '/opt/***/data/minio/MSFT/1771223321.json', '/opt/***/data/minio/MSFT/1771223383.json', '/opt/***/data/minio/MSFT/1771223395.json', '/opt/***/data/minio/MSFT/1771223407.json', '/opt/***/data/minio/MSFT/1771223418.json', '/opt/***/data/minio/MSFT/1771223430.json', '/opt/***/data/minio/MSFT/1771223440.json', '/opt/***/data/minio/MSFT/1771223450.json', '/opt/***/data/minio/MSFT/1771223461.json', '/opt/***/data/minio/MSFT/1771223472.json', '/opt/***/data/minio/MSFT/1771223485.json', '/opt/***/data/minio/MSFT/1771223495.json', '/opt/***/data/minio/MSFT/1771223506.json', '/opt/***/data/minio/MSFT/1771223518.json', '/opt/***/data/minio/MSFT/1771223528.json', '/opt/***/data/minio/MSFT/1771223538.json', '/opt/***/data/minio/MSFT/1771223549.json', '/opt/***/data/minio/MSFT/1771223560.json', '/opt/***/data/minio/MSFT/1771223570.json', '/opt/***/data/minio/MSFT/1771223581.json', '/opt/***/data/minio/MSFT/1771223594.json', '/opt/***/data/minio/MSFT/1771223609.json', '/opt/***/data/minio/MSFT/1771223621.json', '/opt/***/data/minio/MSFT/1771223632.json', '/opt/***/data/minio/MSFT/1771223644.json', '/opt/***/data/minio/MSFT/1771223656.json', '/opt/***/data/minio/MSFT/1771223675.json', '/opt/***/data/minio/MSFT/1771223687.json', '/opt/***/data/minio/MSFT/1771223700.json', '/opt/***/data/minio/MSFT/1771223711.json', '/opt/***/data/minio/MSFT/1771223721.json', '/opt/***/data/minio/MSFT/1771223731.json', '/opt/***/data/minio/MSFT/1771223741.json', '/opt/***/data/minio/MSFT/1771223752.json', '/opt/***/data/minio/MSFT/1771223764.json', '/opt/***/data/minio/MSFT/1771223776.json', '/opt/***/data/minio/MSFT/1771223787.json', '/opt/***/data/minio/MSFT/1771223799.json', '/opt/***/data/minio/MSFT/1771223814.json', '/opt/***/data/minio/MSFT/1771223868.json', '/opt/***/data/minio/MSFT/1771223932.json', '/opt/***/data/minio/MSFT/1771223945.json', '/opt/***/data/minio/MSFT/1771223959.json', '/opt/***/data/minio/MSFT/1771223972.json', '/opt/***/data/minio/MSFT/1771223985.json', '/opt/***/data/minio/MSFT/1771223997.json', '/opt/***/data/minio/MSFT/1771224007.json', '/opt/***/data/minio/MSFT/1771224018.json', '/opt/***/data/minio/MSFT/1771224030.json', '/opt/***/data/minio/MSFT/1771224041.json', '/opt/***/data/minio/MSFT/1771224052.json', '/opt/***/data/minio/MSFT/1771224065.json', '/opt/***/data/minio/MSFT/1771224078.json', '/opt/***/data/minio/MSFT/1771224089.json', '/opt/***/data/minio/MSFT/1771224100.json', '/opt/***/data/minio/MSFT/1771224111.json', '/opt/***/data/minio/MSFT/1771224122.json', '/opt/***/data/minio/MSFT/1771224133.json', '/opt/***/data/minio/MSFT/1771224144.json', '/opt/***/data/minio/MSFT/1771224154.json', '/opt/***/data/minio/MSFT/1771224165.json', '/opt/***/data/minio/MSFT/1771224176.json', '/opt/***/data/minio/MSFT/1771224188.json', '/opt/***/data/minio/MSFT/1771224199.json', '/opt/***/data/minio/MSFT/1771224212.json', '/opt/***/data/minio/MSFT/1771224224.json', '/opt/***/data/minio/MSFT/1771224238.json', '/opt/***/data/minio/MSFT/1771224252.json', '/opt/***/data/minio/MSFT/1771224513.json', '/opt/***/data/minio/MSFT/1771224526.json', '/opt/***/data/minio/MSFT/1771224539.json', '/opt/***/data/minio/MSFT/1771224552.json', '/opt/***/data/minio/MSFT/1771224565.json', '/opt/***/data/minio/MSFT/1771224577.json', '/opt/***/data/minio/MSFT/1771224589.json', '/opt/***/data/minio/MSFT/1771224602.json', '/opt/***/data/minio/MSFT/1771224613.json', '/opt/***/data/minio/MSFT/1771224624.json', '/opt/***/data/minio/MSFT/1771224635.json', '/opt/***/data/minio/MSFT/1771224648.json', '/opt/***/data/minio/MSFT/1771224668.json', '/opt/***/data/minio/MSFT/1771224679.json', '/opt/***/data/minio/MSFT/1771224692.json', '/opt/***/data/minio/MSFT/1771224705.json', '/opt/***/data/minio/MSFT/1771224717.json', '/opt/***/data/minio/MSFT/1771224730.json', '/opt/***/data/minio/MSFT/1771224742.json', '/opt/***/data/minio/MSFT/1771224754.json', '/opt/***/data/minio/MSFT/1771224769.json', '/opt/***/data/minio/MSFT/1771224782.json', '/opt/***/data/minio/MSFT/1771224796.json', '/opt/***/data/minio/MSFT/1771224808.json', '/opt/***/data/minio/MSFT/1771224820.json', '/opt/***/data/minio/MSFT/1771224832.json', '/opt/***/data/minio/MSFT/1771224843.json', '/opt/***/data/minio/MSFT/1771224856.json', '/opt/***/data/minio/MSFT/1771224867.json', '/opt/***/data/minio/MSFT/1771224879.json', '/opt/***/data/minio/MSFT/1771224889.json', '/opt/***/data/minio/MSFT/1771224901.json', '/opt/***/data/minio/MSFT/1771224911.json', '/opt/***/data/minio/MSFT/1771224922.json', '/opt/***/data/minio/MSFT/1771224932.json', '/opt/***/data/minio/MSFT/1771224943.json', '/opt/***/data/minio/MSFT/1771224954.json', '/opt/***/data/minio/MSFT/1771224964.json', '/opt/***/data/minio/MSFT/1771224975.json', '/opt/***/data/minio/MSFT/1771224986.json', '/opt/***/data/minio/MSFT/1771224997.json', '/opt/***/data/minio/MSFT/1771225009.json', '/opt/***/data/minio/MSFT/1771225019.json', '/opt/***/data/minio/MSFT/1771225030.json', '/opt/***/data/minio/MSFT/1771225042.json', '/opt/***/data/minio/MSFT/1771225053.json', '/opt/***/data/minio/MSFT/1771225063.json', '/opt/***/data/minio/MSFT/1771225075.json', '/opt/***/data/minio/MSFT/1771225086.json', '/opt/***/data/minio/MSFT/1771225096.json', '/opt/***/data/minio/MSFT/1771225107.json', '/opt/***/data/minio/MSFT/1771225118.json', '/opt/***/data/minio/MSFT/1771225132.json', '/opt/***/data/minio/MSFT/1771225145.json', '/opt/***/data/minio/MSFT/1771225156.json', '/opt/***/data/minio/MSFT/1771225167.json', '/opt/***/data/minio/MSFT/1771225178.json', '/opt/***/data/minio/MSFT/1771225200.json', '/opt/***/data/minio/MSFT/1771225212.json', '/opt/***/data/minio/MSFT/1771225224.json', '/opt/***/data/minio/MSFT/1771225237.json', '/opt/***/data/minio/MSFT/1771225249.json', '/opt/***/data/minio/MSFT/1771225261.json', '/opt/***/data/minio/MSFT/1771225275.json', '/opt/***/data/minio/MSFT/1771225287.json', '/opt/***/data/minio/MSFT/1771225298.json', '/opt/***/data/minio/MSFT/1771225309.json', '/opt/***/data/minio/MSFT/1771225320.json', '/opt/***/data/minio/MSFT/1771225332.json', '/opt/***/data/minio/MSFT/1771225343.json', '/opt/***/data/minio/MSFT/1771225355.json', '/opt/***/data/minio/MSFT/1771225368.json', '/opt/***/data/minio/MSFT/1771225378.json', '/opt/***/data/minio/MSFT/1771225389.json', '/opt/***/data/minio/MSFT/1771225400.json', '/opt/***/data/minio/MSFT/1771225410.json', '/opt/***/data/minio/MSFT/1771225421.json', '/opt/***/data/minio/MSFT/1771225433.json', '/opt/***/data/minio/MSFT/1771225444.json', '/opt/***/data/minio/MSFT/1771225454.json', '/opt/***/data/minio/MSFT/1771225465.json', '/opt/***/data/minio/MSFT/1771225476.json', '/opt/***/data/minio/MSFT/1771225487.json', '/opt/***/data/minio/MSFT/1771225498.json', '/opt/***/data/minio/MSFT/1771225508.json', '/opt/***/data/minio/MSFT/1771225519.json', '/opt/***/data/minio/MSFT/1771225530.json', '/opt/***/data/minio/MSFT/1771225541.json', '/opt/***/data/minio/MSFT/1771225552.json', '/opt/***/data/minio/MSFT/1771225564.json', '/opt/***/data/minio/MSFT/1771225576.json', '/opt/***/data/minio/MSFT/1771225587.json', '/opt/***/data/minio/MSFT/1771225598.json', '/opt/***/data/minio/MSFT/1771225609.json', '/opt/***/data/minio/MSFT/1771225620.json', '/opt/***/data/minio/MSFT/1771225631.json', '/opt/***/data/minio/MSFT/1771225642.json', '/opt/***/data/minio/MSFT/1771225653.json', '/opt/***/data/minio/MSFT/1771225664.json', '/opt/***/data/minio/MSFT/1771225674.json', '/opt/***/data/minio/MSFT/1771225685.json', '/opt/***/data/minio/MSFT/1771225695.json', '/opt/***/data/minio/MSFT/1771225706.json', '/opt/***/data/minio/MSFT/1771225716.json', '/opt/***/data/minio/MSFT/1771225728.json', '/opt/***/data/minio/MSFT/1771225739.json', '/opt/***/data/minio/MSFT/1771225750.json', '/opt/***/data/minio/MSFT/1771225760.json', '/opt/***/data/minio/MSFT/1771225771.json', '/opt/***/data/minio/MSFT/1771225782.json', '/opt/***/data/minio/MSFT/1771225792.json', '/opt/***/data/minio/MSFT/1771225803.json', '/opt/***/data/minio/MSFT/1771225814.json', '/opt/***/data/minio/MSFT/1771225825.json', '/opt/***/data/minio/MSFT/1771225836.json', '/opt/***/data/minio/MSFT/1771225847.json', '/opt/***/data/minio/MSFT/1771225858.json', '/opt/***/data/minio/MSFT/1771225870.json', '/opt/***/data/minio/MSFT/1771225880.json', '/opt/***/data/minio/MSFT/1771225891.json', '/opt/***/data/minio/MSFT/1771225902.json', '/opt/***/data/minio/MSFT/1771225912.json', '/opt/***/data/minio/MSFT/1771225923.json', '/opt/***/data/minio/MSFT/1771225934.json', '/opt/***/data/minio/MSFT/1771225944.json', '/opt/***/data/minio/MSFT/1771225955.json', '/opt/***/data/minio/MSFT/1771225965.json', '/opt/***/data/minio/MSFT/1771225976.json', '/opt/***/data/minio/MSFT/1771225986.json', '/opt/***/data/minio/MSFT/1771225997.json', '/opt/***/data/minio/MSFT/1771226008.json', '/opt/***/data/minio/MSFT/1771226018.json', '/opt/***/data/minio/MSFT/1771226029.json', '/opt/***/data/minio/MSFT/1771226039.json', '/opt/***/data/minio/MSFT/1771226050.json', '/opt/***/data/minio/MSFT/1771226060.json', '/opt/***/data/minio/MSFT/1771226071.json', '/opt/***/data/minio/MSFT/1771226082.json', '/opt/***/data/minio/MSFT/1771226092.json', '/opt/***/data/minio/MSFT/1771226104.json', '/opt/***/data/minio/MSFT/1771226115.json', '/opt/***/data/minio/MSFT/1771226126.json', '/opt/***/data/minio/MSFT/1771226137.json', '/opt/***/data/minio/MSFT/1771226149.json', '/opt/***/data/minio/MSFT/1771226159.json', '/opt/***/data/minio/MSFT/1771226170.json', '/opt/***/data/minio/MSFT/1771226181.json', '/opt/***/data/minio/MSFT/1771226191.json', '/opt/***/data/minio/MSFT/1771226202.json', '/opt/***/data/minio/MSFT/1771226214.json', '/opt/***/data/minio/MSFT/1771226225.json', '/opt/***/data/minio/MSFT/1771226235.json', '/opt/***/data/minio/MSFT/1771226245.json', '/opt/***/data/minio/MSFT/1771226255.json', '/opt/***/data/minio/MSFT/1771226266.json', '/opt/***/data/minio/MSFT/1771226277.json', '/opt/***/data/minio/MSFT/1771226287.json', '/opt/***/data/minio/MSFT/1771226298.json', '/opt/***/data/minio/MSFT/1771226310.json', '/opt/***/data/minio/MSFT/1771226320.json', '/opt/***/data/minio/MSFT/1771226331.json', '/opt/***/data/minio/MSFT/1771226342.json', '/opt/***/data/minio/MSFT/1771226353.json', '/opt/***/data/minio/MSFT/1771226364.json', '/opt/***/data/minio/MSFT/1771226375.json', '/opt/***/data/minio/MSFT/1771226386.json', '/opt/***/data/minio/MSFT/1771226398.json', '/opt/***/data/minio/MSFT/1771226409.json', '/opt/***/data/minio/MSFT/1771226420.json', '/opt/***/data/minio/MSFT/1771226432.json', '/opt/***/data/minio/MSFT/1771226443.json', '/opt/***/data/minio/MSFT/1771226454.json', '/opt/***/data/minio/MSFT/1771226466.json', '/opt/***/data/minio/MSFT/1771226478.json', '/opt/***/data/minio/MSFT/1771226489.json', '/opt/***/data/minio/MSFT/1771226499.json', '/opt/***/data/minio/MSFT/1771226510.json', '/opt/***/data/minio/MSFT/1771226522.json', '/opt/***/data/minio/MSFT/1771226534.json', '/opt/***/data/minio/MSFT/1771226545.json', '/opt/***/data/minio/MSFT/1771226556.json', '/opt/***/data/minio/MSFT/1771226566.json', '/opt/***/data/minio/MSFT/1771226577.json', '/opt/***/data/minio/MSFT/1771226588.json', '/opt/***/data/minio/MSFT/1771226599.json', '/opt/***/data/minio/MSFT/1771226611.json', '/opt/***/data/minio/MSFT/1771226624.json', '/opt/***/data/minio/MSFT/1771226635.json', '/opt/***/data/minio/MSFT/1771226646.json', '/opt/***/data/minio/MSFT/1771226657.json', '/opt/***/data/minio/MSFT/1771226669.json', '/opt/***/data/minio/MSFT/1771226680.json', '/opt/***/data/minio/MSFT/1771226691.json', '/opt/***/data/minio/MSFT/1771226702.json', '/opt/***/data/minio/MSFT/1771226713.json', '/opt/***/data/minio/MSFT/1771226724.json', '/opt/***/data/minio/MSFT/1771226734.json', '/opt/***/data/minio/MSFT/1771226745.json', '/opt/***/data/minio/MSFT/1771226756.json', '/opt/***/data/minio/MSFT/1771226767.json', '/opt/***/data/minio/MSFT/1771226778.json', '/opt/***/data/minio/MSFT/1771226790.json', '/opt/***/data/minio/MSFT/1771226800.json', '/opt/***/data/minio/MSFT/1771226812.json', '/opt/***/data/minio/MSFT/1771226826.json', '/opt/***/data/minio/MSFT/1771226840.json', '/opt/***/data/minio/MSFT/1771226851.json', '/opt/***/data/minio/MSFT/1771226863.json', '/opt/***/data/minio/MSFT/1771226882.json', '/opt/***/data/minio/MSFT/1771226897.json', '/opt/***/data/minio/MSFT/1771226909.json', '/opt/***/data/minio/MSFT/1771226925.json', '/opt/***/data/minio/MSFT/1771226937.json', '/opt/***/data/minio/MSFT/1771226951.json', '/opt/***/data/minio/MSFT/1771226965.json', '/opt/***/data/minio/MSFT/1771226976.json', '/opt/***/data/minio/MSFT/1771226986.json', '/opt/***/data/minio/MSFT/1771226999.json', '/opt/***/data/minio/MSFT/1771227009.json', '/opt/***/data/minio/MSFT/1771227021.json', '/opt/***/data/minio/MSFT/1771227031.json', '/opt/***/data/minio/MSFT/1771227042.json', '/opt/***/data/minio/MSFT/1771227052.json', '/opt/***/data/minio/MSFT/1771227063.json', '/opt/***/data/minio/MSFT/1771227073.json', '/opt/***/data/minio/MSFT/1771227084.json', '/opt/***/data/minio/MSFT/1771227095.json', '/opt/***/data/minio/MSFT/1771227106.json', '/opt/***/data/minio/MSFT/1771227118.json', '/opt/***/data/minio/MSFT/1771227129.json', '/opt/***/data/minio/MSFT/1771227141.json', '/opt/***/data/minio/MSFT/1771227152.json', '/opt/***/data/minio/MSFT/1771227162.json', '/opt/***/data/minio/MSFT/1771227175.json', '/opt/***/data/minio/MSFT/1771227187.json', '/opt/***/data/minio/MSFT/1771227198.json', '/opt/***/data/minio/MSFT/1771227209.json', '/opt/***/data/minio/MSFT/1771227221.json', '/opt/***/data/minio/MSFT/1771227232.json', '/opt/***/data/minio/MSFT/1771227244.json', '/opt/***/data/minio/MSFT/1771227256.json', '/opt/***/data/minio/MSFT/1771227268.json', '/opt/***/data/minio/MSFT/1771227281.json', '/opt/***/data/minio/MSFT/1771227294.json', '/opt/***/data/minio/MSFT/1771227306.json', '/opt/***/data/minio/MSFT/1771227317.json', '/opt/***/data/minio/MSFT/1771227328.json', '/opt/***/data/minio/MSFT/1771227339.json', '/opt/***/data/minio/MSFT/1771227349.json', '/opt/***/data/minio/MSFT/1771227362.json', '/opt/***/data/minio/MSFT/1771227375.json', '/opt/***/data/minio/MSFT/1771227386.json', '/opt/***/data/minio/MSFT/1771227398.json', '/opt/***/data/minio/MSFT/1771227408.json', '/opt/***/data/minio/MSFT/1771227420.json', '/opt/***/data/minio/MSFT/1771227431.json', '/opt/***/data/minio/MSFT/1771227442.json', '/opt/***/data/minio/MSFT/1771227453.json', '/opt/***/data/minio/MSFT/1771227463.json', '/opt/***/data/minio/MSFT/1771227475.json', '/opt/***/data/minio/MSFT/1771227486.json', '/opt/***/data/minio/MSFT/1771227496.json', '/opt/***/data/minio/MSFT/1771227507.json', '/opt/***/data/minio/MSFT/1771227518.json', '/opt/***/data/minio/MSFT/1771227529.json', '/opt/***/data/minio/MSFT/1771227539.json', '/opt/***/data/minio/MSFT/1771227551.json', '/opt/***/data/minio/MSFT/1771227562.json', '/opt/***/data/minio/MSFT/1771227572.json', '/opt/***/data/minio/MSFT/1771227583.json', '/opt/***/data/minio/MSFT/1771227593.json', '/opt/***/data/minio/MSFT/1771227604.json', '/opt/***/data/minio/MSFT/1771227615.json', '/opt/***/data/minio/MSFT/1771227626.json', '/opt/***/data/minio/MSFT/1771227637.json', '/opt/***/data/minio/MSFT/1771227647.json', '/opt/***/data/minio/MSFT/1771227658.json', '/opt/***/data/minio/MSFT/1771227668.json', '/opt/***/data/minio/MSFT/1771227679.json', '/opt/***/data/minio/MSFT/1771227689.json', '/opt/***/data/minio/MSFT/1771227700.json', '/opt/***/data/minio/MSFT/1771227710.json', '/opt/***/data/minio/MSFT/1771227721.json', '/opt/***/data/minio/MSFT/1771227732.json', '/opt/***/data/minio/MSFT/1771227743.json', '/opt/***/data/minio/MSFT/1771227753.json', '/opt/***/data/minio/MSFT/1771227763.json', '/opt/***/data/minio/MSFT/1771227774.json', '/opt/***/data/minio/MSFT/1771227784.json', '/opt/***/data/minio/MSFT/1771227795.json', '/opt/***/data/minio/MSFT/1771227805.json', '/opt/***/data/minio/MSFT/1771227815.json', '/opt/***/data/minio/MSFT/1771227826.json', '/opt/***/data/minio/MSFT/1771227837.json', '/opt/***/data/minio/MSFT/1771227848.json', '/opt/***/data/minio/MSFT/1771227859.json', '/opt/***/data/minio/MSFT/1771227869.json', '/opt/***/data/minio/MSFT/1771227880.json', '/opt/***/data/minio/MSFT/1771227890.json', '/opt/***/data/minio/MSFT/1771227900.json', '/opt/***/data/minio/MSFT/1771227911.json', '/opt/***/data/minio/MSFT/1771227921.json', '/opt/***/data/minio/MSFT/1771227931.json', '/opt/***/data/minio/MSFT/1771227942.json', '/opt/***/data/minio/MSFT/1771227952.json', '/opt/***/data/minio/MSFT/1771227962.json', '/opt/***/data/minio/MSFT/1771227973.json', '/opt/***/data/minio/MSFT/1771227983.json', '/opt/***/data/minio/MSFT/1771227994.json', '/opt/***/data/minio/MSFT/1771228005.json', '/opt/***/data/minio/MSFT/1771228015.json', '/opt/***/data/minio/MSFT/1771228026.json', '/opt/***/data/minio/MSFT/1771228036.json', '/opt/***/data/minio/MSFT/1771228047.json', '/opt/***/data/minio/MSFT/1771228058.json', '/opt/***/data/minio/MSFT/1771228069.json', '/opt/***/data/minio/MSFT/1771228079.json', '/opt/***/data/minio/MSFT/1771228090.json', '/opt/***/data/minio/MSFT/1771228101.json', '/opt/***/data/minio/MSFT/1771228111.json', '/opt/***/data/minio/MSFT/1771228122.json', '/opt/***/data/minio/MSFT/1771228132.json', '/opt/***/data/minio/MSFT/1771228142.json', '/opt/***/data/minio/MSFT/1771228153.json', '/opt/***/data/minio/MSFT/1771228162.json', '/opt/***/data/minio/MSFT/1771228173.json', '/opt/***/data/minio/MSFT/1771228183.json', '/opt/***/data/minio/MSFT/1771228193.json', '/opt/***/data/minio/MSFT/1771228204.json', '/opt/***/data/minio/MSFT/1771228214.json', '/opt/***/data/minio/MSFT/1771228225.json', '/opt/***/data/minio/MSFT/1771228235.json', '/opt/***/data/minio/MSFT/1771228246.json', '/opt/***/data/minio/MSFT/1771228256.json', '/opt/***/data/minio/MSFT/1771228267.json', '/opt/***/data/minio/MSFT/1771228279.json', '/opt/***/data/minio/MSFT/1771228289.json', '/opt/***/data/minio/MSFT/1771228300.json', '/opt/***/data/minio/MSFT/1771228310.json', '/opt/***/data/minio/MSFT/1771228322.json', '/opt/***/data/minio/MSFT/1771228332.json', '/opt/***/data/minio/MSFT/1771228343.json', '/opt/***/data/minio/MSFT/1771228353.json', '/opt/***/data/minio/MSFT/1771228363.json', '/opt/***/data/minio/MSFT/1771228374.json', '/opt/***/data/minio/MSFT/1771228384.json', '/opt/***/data/minio/MSFT/1771228394.json', '/opt/***/data/minio/MSFT/1771228405.json', '/opt/***/data/minio/MSFT/1771228416.json', '/opt/***/data/minio/MSFT/1771228426.json', '/opt/***/data/minio/MSFT/1771228437.json', '/opt/***/data/minio/MSFT/1771228448.json', '/opt/***/data/minio/MSFT/1771228458.json', '/opt/***/data/minio/MSFT/1771228468.json', '/opt/***/data/minio/MSFT/1771228479.json', '/opt/***/data/minio/MSFT/1771228490.json', '/opt/***/data/minio/MSFT/1771228500.json', '/opt/***/data/minio/MSFT/1771228511.json', '/opt/***/data/minio/MSFT/1771228521.json', '/opt/***/data/minio/MSFT/1771228532.json', '/opt/***/data/minio/MSFT/1771228542.json', '/opt/***/data/minio/MSFT/1771228553.json', '/opt/***/data/minio/MSFT/1771228563.json', '/opt/***/data/minio/MSFT/1771228574.json', '/opt/***/data/minio/MSFT/1771228585.json', '/opt/***/data/minio/MSFT/1771228595.json', '/opt/***/data/minio/MSFT/1771228606.json', '/opt/***/data/minio/MSFT/1771228618.json', '/opt/***/data/minio/MSFT/1771228629.json', '/opt/***/data/minio/MSFT/1771228639.json', '/opt/***/data/minio/MSFT/1771228650.json', '/opt/***/data/minio/MSFT/1771228660.json', '/opt/***/data/minio/MSFT/1771228671.json', '/opt/***/data/minio/MSFT/1771228681.json', '/opt/***/data/minio/MSFT/1771228692.json', '/opt/***/data/minio/MSFT/1771228703.json', '/opt/***/data/minio/MSFT/1771228713.json', '/opt/***/data/minio/MSFT/1771228724.json', '/opt/***/data/minio/MSFT/1771228734.json', '/opt/***/data/minio/MSFT/1771228745.json', '/opt/***/data/minio/MSFT/1771228755.json', '/opt/***/data/minio/MSFT/1771228766.json', '/opt/***/data/minio/MSFT/1771228777.json', '/opt/***/data/minio/MSFT/1771228787.json', '/opt/***/data/minio/MSFT/1771228797.json', '/opt/***/data/minio/MSFT/1771228808.json', '/opt/***/data/minio/MSFT/1771228820.json', '/opt/***/data/minio/MSFT/1771228831.json', '/opt/***/data/minio/MSFT/1771228842.json', '/opt/***/data/minio/MSFT/1771228852.json', '/opt/***/data/minio/MSFT/1771228864.json', '/opt/***/data/minio/MSFT/1771228876.json', '/opt/***/data/minio/MSFT/1771228886.json', '/opt/***/data/minio/MSFT/1771228899.json', '/opt/***/data/minio/MSFT/1771228909.json', '/opt/***/data/minio/MSFT/1771228920.json', '/opt/***/data/minio/MSFT/1771228934.json', '/opt/***/data/minio/MSFT/1771228945.json', '/opt/***/data/minio/MSFT/1771228955.json', '/opt/***/data/minio/MSFT/1771228966.json', '/opt/***/data/minio/MSFT/1771228977.json', '/opt/***/data/minio/MSFT/1771228988.json', '/opt/***/data/minio/MSFT/1771228999.json', '/opt/***/data/minio/MSFT/1771229010.json', '/opt/***/data/minio/MSFT/1771229021.json', '/opt/***/data/minio/MSFT/1771229031.json', '/opt/***/data/minio/MSFT/1771229042.json', '/opt/***/data/minio/MSFT/1771229053.json', '/opt/***/data/minio/MSFT/1771229063.json', '/opt/***/data/minio/MSFT/1771229074.json', '/opt/***/data/minio/MSFT/1771229085.json', '/opt/***/data/minio/MSFT/1771229097.json', '/opt/***/data/minio/MSFT/1771229108.json', '/opt/***/data/minio/MSFT/1771229119.json', '/opt/***/data/minio/MSFT/1771229130.json', '/opt/***/data/minio/MSFT/1771229144.json', '/opt/***/data/minio/MSFT/1771229159.json', '/opt/***/data/minio/MSFT/1771229169.json', '/opt/***/data/minio/MSFT/1771229181.json', '/opt/***/data/minio/MSFT/1771229191.json', '/opt/***/data/minio/MSFT/1771229202.json', '/opt/***/data/minio/MSFT/1771229213.json', '/opt/***/data/minio/MSFT/1771229224.json', '/opt/***/data/minio/MSFT/1771229235.json', '/opt/***/data/minio/MSFT/1771229246.json', '/opt/***/data/minio/MSFT/1771229257.json', '/opt/***/data/minio/MSFT/1771229268.json', '/opt/***/data/minio/MSFT/1771229281.json', '/opt/***/data/minio/MSFT/1771229293.json', '/opt/***/data/minio/MSFT/1771229305.json', '/opt/***/data/minio/MSFT/1771229316.json', '/opt/***/data/minio/MSFT/1771229326.json', '/opt/***/data/minio/MSFT/1771308352.json', '/opt/***/data/minio/MSFT/1771308362.json', '/opt/***/data/minio/MSFT/1771308373.json', '/opt/***/data/minio/MSFT/1771308382.json', '/opt/***/data/minio/MSFT/1771308393.json', '/opt/***/data/minio/MSFT/1771308403.json', '/opt/***/data/minio/MSFT/1771308413.json', '/opt/***/data/minio/MSFT/1771308423.json', '/opt/***/data/minio/MSFT/1771308434.json', '/opt/***/data/minio/MSFT/1771308443.json', '/opt/***/data/minio/MSFT/1771308454.json', '/opt/***/data/minio/MSFT/1771308463.json', '/opt/***/data/minio/MSFT/1771308474.json', '/opt/***/data/minio/MSFT/1771308484.json', '/opt/***/data/minio/MSFT/1771308494.json', '/opt/***/data/minio/MSFT/1771308504.json', '/opt/***/data/minio/MSFT/1771308515.json', '/opt/***/data/minio/MSFT/1771308525.json', '/opt/***/data/minio/MSFT/1771308535.json', '/opt/***/data/minio/MSFT/1771308545.json', '/opt/***/data/minio/MSFT/1771308555.json', '/opt/***/data/minio/MSFT/1771308565.json', '/opt/***/data/minio/MSFT/1771308575.json', '/opt/***/data/minio/MSFT/1771308585.json', '/opt/***/data/minio/MSFT/1771308595.json', '/opt/***/data/minio/MSFT/1771308606.json', '/opt/***/data/minio/MSFT/1771308616.json', '/opt/***/data/minio/MSFT/1771308627.json', '/opt/***/data/minio/TSLA/1771221449.json', '/opt/***/data/minio/TSLA/1771221461.json', '/opt/***/data/minio/TSLA/1771221473.json', '/opt/***/data/minio/TSLA/1771221485.json', '/opt/***/data/minio/TSLA/1771221498.json', '/opt/***/data/minio/TSLA/1771221511.json', '/opt/***/data/minio/TSLA/1771221524.json', '/opt/***/data/minio/TSLA/1771221535.json', '/opt/***/data/minio/TSLA/1771221547.json', '/opt/***/data/minio/TSLA/1771221559.json', '/opt/***/data/minio/TSLA/1771221570.json', '/opt/***/data/minio/TSLA/1771221582.json', '/opt/***/data/minio/TSLA/1771221594.json', '/opt/***/data/minio/TSLA/1771221605.json', '/opt/***/data/minio/TSLA/1771221617.json', '/opt/***/data/minio/TSLA/1771221629.json', '/opt/***/data/minio/TSLA/1771221641.json', '/opt/***/data/minio/TSLA/1771221652.json', '/opt/***/data/minio/TSLA/1771221664.json', '/opt/***/data/minio/TSLA/1771221676.json', '/opt/***/data/minio/TSLA/1771221688.json', '/opt/***/data/minio/TSLA/1771221700.json', '/opt/***/data/minio/TSLA/1771221711.json', '/opt/***/data/minio/TSLA/1771221723.json', '/opt/***/data/minio/TSLA/1771221735.json', '/opt/***/data/minio/TSLA/1771221747.json', '/opt/***/data/minio/TSLA/1771221759.json', '/opt/***/data/minio/TSLA/1771221770.json', '/opt/***/data/minio/TSLA/1771221782.json', '/opt/***/data/minio/TSLA/1771221798.json', '/opt/***/data/minio/TSLA/1771221810.json', '/opt/***/data/minio/TSLA/1771221822.json', '/opt/***/data/minio/TSLA/1771221834.json', '/opt/***/data/minio/TSLA/1771221849.json', '/opt/***/data/minio/TSLA/1771221861.json', '/opt/***/data/minio/TSLA/1771221873.json', '/opt/***/data/minio/TSLA/1771221885.json', '/opt/***/data/minio/TSLA/1771221897.json', '/opt/***/data/minio/TSLA/1771221908.json', '/opt/***/data/minio/TSLA/1771221920.json', '/opt/***/data/minio/TSLA/1771221932.json', '/opt/***/data/minio/TSLA/1771221943.json', '/opt/***/data/minio/TSLA/1771221955.json', '/opt/***/data/minio/TSLA/1771221967.json', '/opt/***/data/minio/TSLA/1771221979.json', '/opt/***/data/minio/TSLA/1771222053.json', '/opt/***/data/minio/TSLA/1771222106.json', '/opt/***/data/minio/TSLA/1771222118.json', '/opt/***/data/minio/TSLA/1771222129.json', '/opt/***/data/minio/TSLA/1771222142.json', '/opt/***/data/minio/TSLA/1771222154.json', '/opt/***/data/minio/TSLA/1771222196.json', '/opt/***/data/minio/TSLA/1771222208.json', '/opt/***/data/minio/TSLA/1771222220.json', '/opt/***/data/minio/TSLA/1771222231.json', '/opt/***/data/minio/TSLA/1771222243.json', '/opt/***/data/minio/TSLA/1771222254.json', '/opt/***/data/minio/TSLA/1771222266.json', '/opt/***/data/minio/TSLA/1771222277.json', '/opt/***/data/minio/TSLA/1771222289.json', '/opt/***/data/minio/TSLA/1771222300.json', '/opt/***/data/minio/TSLA/1771222311.json', '/opt/***/data/minio/TSLA/1771222322.json', '/opt/***/data/minio/TSLA/1771222334.json', '/opt/***/data/minio/TSLA/1771222346.json', '/opt/***/data/minio/TSLA/1771222357.json', '/opt/***/data/minio/TSLA/1771222369.json', '/opt/***/data/minio/TSLA/1771222379.json', '/opt/***/data/minio/TSLA/1771222390.json', '/opt/***/data/minio/TSLA/1771222402.json', '/opt/***/data/minio/TSLA/1771222414.json', '/opt/***/data/minio/TSLA/1771222454.json', '/opt/***/data/minio/TSLA/1771222465.json', '/opt/***/data/minio/TSLA/1771222478.json', '/opt/***/data/minio/TSLA/1771222522.json', '/opt/***/data/minio/TSLA/1771222534.json', '/opt/***/data/minio/TSLA/1771222547.json', '/opt/***/data/minio/TSLA/1771222560.json', '/opt/***/data/minio/TSLA/1771222572.json', '/opt/***/data/minio/TSLA/1771222583.json', '/opt/***/data/minio/TSLA/1771222595.json', '/opt/***/data/minio/TSLA/1771222607.json', '/opt/***/data/minio/TSLA/1771222619.json', '/opt/***/data/minio/TSLA/1771222633.json', '/opt/***/data/minio/TSLA/1771222658.json', '/opt/***/data/minio/TSLA/1771222698.json', '/opt/***/data/minio/TSLA/1771222712.json', '/opt/***/data/minio/TSLA/1771222724.json', '/opt/***/data/minio/TSLA/1771222735.json', '/opt/***/data/minio/TSLA/1771222747.json', '/opt/***/data/minio/TSLA/1771222759.json', '/opt/***/data/minio/TSLA/1771222776.json', '/opt/***/data/minio/TSLA/1771222792.json', '/opt/***/data/minio/TSLA/1771222847.json', '/opt/***/data/minio/TSLA/1771222860.json', '/opt/***/data/minio/TSLA/1771222871.json', '/opt/***/data/minio/TSLA/1771222885.json', '/opt/***/data/minio/TSLA/1771222899.json', '/opt/***/data/minio/TSLA/1771222912.json', '/opt/***/data/minio/TSLA/1771222925.json', '/opt/***/data/minio/TSLA/1771222937.json', '/opt/***/data/minio/TSLA/1771222956.json', '/opt/***/data/minio/TSLA/1771222970.json', '/opt/***/data/minio/TSLA/1771222981.json', '/opt/***/data/minio/TSLA/1771222991.json', '/opt/***/data/minio/TSLA/1771223001.json', '/opt/***/data/minio/TSLA/1771223012.json', '/opt/***/data/minio/TSLA/1771223023.json', '/opt/***/data/minio/TSLA/1771223035.json', '/opt/***/data/minio/TSLA/1771223047.json', '/opt/***/data/minio/TSLA/1771223059.json', '/opt/***/data/minio/TSLA/1771223131.json', '/opt/***/data/minio/TSLA/1771223352.json', '/opt/***/data/minio/TSLA/1771223384.json', '/opt/***/data/minio/TSLA/1771223396.json', '/opt/***/data/minio/TSLA/1771223408.json', '/opt/***/data/minio/TSLA/1771223419.json', '/opt/***/data/minio/TSLA/1771223430.json', '/opt/***/data/minio/TSLA/1771223441.json', '/opt/***/data/minio/TSLA/1771223451.json', '/opt/***/data/minio/TSLA/1771223462.json', '/opt/***/data/minio/TSLA/1771223473.json', '/opt/***/data/minio/TSLA/1771223486.json', '/opt/***/data/minio/TSLA/1771223496.json', '/opt/***/data/minio/TSLA/1771223508.json', '/opt/***/data/minio/TSLA/1771223518.json', '/opt/***/data/minio/TSLA/1771223529.json', '/opt/***/data/minio/TSLA/1771223539.json', '/opt/***/data/minio/TSLA/1771223550.json', '/opt/***/data/minio/TSLA/1771223561.json', '/opt/***/data/minio/TSLA/1771223571.json', '/opt/***/data/minio/TSLA/1771223583.json', '/opt/***/data/minio/TSLA/1771223595.json', '/opt/***/data/minio/TSLA/1771223609.json', '/opt/***/data/minio/TSLA/1771223621.json', '/opt/***/data/minio/TSLA/1771223633.json', '/opt/***/data/minio/TSLA/1771223645.json', '/opt/***/data/minio/TSLA/1771223657.json', '/opt/***/data/minio/TSLA/1771223677.json', '/opt/***/data/minio/TSLA/1771223689.json', '/opt/***/data/minio/TSLA/1771223701.json', '/opt/***/data/minio/TSLA/1771223711.json', '/opt/***/data/minio/TSLA/1771223722.json', '/opt/***/data/minio/TSLA/1771223732.json', '/opt/***/data/minio/TSLA/1771223742.json', '/opt/***/data/minio/TSLA/1771223753.json', '/opt/***/data/minio/TSLA/1771223765.json', '/opt/***/data/minio/TSLA/1771223777.json', '/opt/***/data/minio/TSLA/1771223788.json', '/opt/***/data/minio/TSLA/1771223800.json', '/opt/***/data/minio/TSLA/1771223821.json', '/opt/***/data/minio/TSLA/1771223878.json', '/opt/***/data/minio/TSLA/1771223933.json', '/opt/***/data/minio/TSLA/1771223947.json', '/opt/***/data/minio/TSLA/1771223960.json', '/opt/***/data/minio/TSLA/1771223973.json', '/opt/***/data/minio/TSLA/1771223986.json', '/opt/***/data/minio/TSLA/1771223998.json', '/opt/***/data/minio/TSLA/1771224008.json', '/opt/***/data/minio/TSLA/1771224019.json', '/opt/***/data/minio/TSLA/1771224031.json', '/opt/***/data/minio/TSLA/1771224042.json', '/opt/***/data/minio/TSLA/1771224053.json', '/opt/***/data/minio/TSLA/1771224066.json', '/opt/***/data/minio/TSLA/1771224079.json', '/opt/***/data/minio/TSLA/1771224090.json', '/opt/***/data/minio/TSLA/1771224101.json', '/opt/***/data/minio/TSLA/1771224112.json', '/opt/***/data/minio/TSLA/1771224123.json', '/opt/***/data/minio/TSLA/1771224134.json', '/opt/***/data/minio/TSLA/1771224145.json', '/opt/***/data/minio/TSLA/1771224155.json', '/opt/***/data/minio/TSLA/1771224166.json', '/opt/***/data/minio/TSLA/1771224177.json', '/opt/***/data/minio/TSLA/1771224189.json', '/opt/***/data/minio/TSLA/1771224201.json', '/opt/***/data/minio/TSLA/1771224213.json', '/opt/***/data/minio/TSLA/1771224225.json', '/opt/***/data/minio/TSLA/1771224240.json', '/opt/***/data/minio/TSLA/1771224253.json', '/opt/***/data/minio/TSLA/1771224514.json', '/opt/***/data/minio/TSLA/1771224528.json', '/opt/***/data/minio/TSLA/1771224541.json', '/opt/***/data/minio/TSLA/1771224553.json', '/opt/***/data/minio/TSLA/1771224566.json', '/opt/***/data/minio/TSLA/1771224578.json', '/opt/***/data/minio/TSLA/1771224591.json', '/opt/***/data/minio/TSLA/1771224604.json', '/opt/***/data/minio/TSLA/1771224614.json', '/opt/***/data/minio/TSLA/1771224625.json', '/opt/***/data/minio/TSLA/1771224636.json', '/opt/***/data/minio/TSLA/1771224649.json', '/opt/***/data/minio/TSLA/1771224669.json', '/opt/***/data/minio/TSLA/1771224680.json', '/opt/***/data/minio/TSLA/1771224693.json', '/opt/***/data/minio/TSLA/1771224706.json', '/opt/***/data/minio/TSLA/1771224719.json', '/opt/***/data/minio/TSLA/1771224731.json', '/opt/***/data/minio/TSLA/1771224744.json', '/opt/***/data/minio/TSLA/1771224755.json', '/opt/***/data/minio/TSLA/1771224770.json', '/opt/***/data/minio/TSLA/1771224784.json', '/opt/***/data/minio/TSLA/1771224797.json', '/opt/***/data/minio/TSLA/1771224809.json', '/opt/***/data/minio/TSLA/1771224821.json', '/opt/***/data/minio/TSLA/1771224833.json', '/opt/***/data/minio/TSLA/1771224845.json', '/opt/***/data/minio/TSLA/1771224857.json', '/opt/***/data/minio/TSLA/1771224868.json', '/opt/***/data/minio/TSLA/1771224879.json', '/opt/***/data/minio/TSLA/1771224890.json', '/opt/***/data/minio/TSLA/1771224902.json', '/opt/***/data/minio/TSLA/1771224912.json', '/opt/***/data/minio/TSLA/1771224922.json', '/opt/***/data/minio/TSLA/1771224933.json', '/opt/***/data/minio/TSLA/1771224944.json', '/opt/***/data/minio/TSLA/1771224955.json', '/opt/***/data/minio/TSLA/1771224965.json', '/opt/***/data/minio/TSLA/1771224976.json', '/opt/***/data/minio/TSLA/1771224987.json', '/opt/***/data/minio/TSLA/1771224998.json', '/opt/***/data/minio/TSLA/1771225010.json', '/opt/***/data/minio/TSLA/1771225020.json', '/opt/***/data/minio/TSLA/1771225031.json', '/opt/***/data/minio/TSLA/1771225043.json', '/opt/***/data/minio/TSLA/1771225054.json', '/opt/***/data/minio/TSLA/1771225065.json', '/opt/***/data/minio/TSLA/1771225076.json', '/opt/***/data/minio/TSLA/1771225087.json', '/opt/***/data/minio/TSLA/1771225097.json', '/opt/***/data/minio/TSLA/1771225108.json', '/opt/***/data/minio/TSLA/1771225120.json', '/opt/***/data/minio/TSLA/1771225134.json', '/opt/***/data/minio/TSLA/1771225146.json', '/opt/***/data/minio/TSLA/1771225157.json', '/opt/***/data/minio/TSLA/1771225168.json', '/opt/***/data/minio/TSLA/1771225189.json', '/opt/***/data/minio/TSLA/1771225201.json', '/opt/***/data/minio/TSLA/1771225214.json', '/opt/***/data/minio/TSLA/1771225226.json', '/opt/***/data/minio/TSLA/1771225238.json', '/opt/***/data/minio/TSLA/1771225250.json', '/opt/***/data/minio/TSLA/1771225262.json', '/opt/***/data/minio/TSLA/1771225276.json', '/opt/***/data/minio/TSLA/1771225288.json', '/opt/***/data/minio/TSLA/1771225299.json', '/opt/***/data/minio/TSLA/1771225310.json', '/opt/***/data/minio/TSLA/1771225321.json', '/opt/***/data/minio/TSLA/1771225333.json', '/opt/***/data/minio/TSLA/1771225344.json', '/opt/***/data/minio/TSLA/1771225356.json', '/opt/***/data/minio/TSLA/1771225369.json', '/opt/***/data/minio/TSLA/1771225380.json', '/opt/***/data/minio/TSLA/1771225390.json', '/opt/***/data/minio/TSLA/1771225401.json', '/opt/***/data/minio/TSLA/1771225411.json', '/opt/***/data/minio/TSLA/1771225422.json', '/opt/***/data/minio/TSLA/1771225434.json', '/opt/***/data/minio/TSLA/1771225445.json', '/opt/***/data/minio/TSLA/1771225455.json', '/opt/***/data/minio/TSLA/1771225466.json', '/opt/***/data/minio/TSLA/1771225478.json', '/opt/***/data/minio/TSLA/1771225488.json', '/opt/***/data/minio/TSLA/1771225499.json', '/opt/***/data/minio/TSLA/1771225509.json', '/opt/***/data/minio/TSLA/1771225520.json', '/opt/***/data/minio/TSLA/1771225531.json', '/opt/***/data/minio/TSLA/1771225542.json', '/opt/***/data/minio/TSLA/1771225553.json', '/opt/***/data/minio/TSLA/1771225565.json', '/opt/***/data/minio/TSLA/1771225577.json', '/opt/***/data/minio/TSLA/1771225588.json', '/opt/***/data/minio/TSLA/1771225599.json', '/opt/***/data/minio/TSLA/1771225610.json', '/opt/***/data/minio/TSLA/1771225621.json', '/opt/***/data/minio/TSLA/1771225632.json', '/opt/***/data/minio/TSLA/1771225643.json', '/opt/***/data/minio/TSLA/1771225654.json', '/opt/***/data/minio/TSLA/1771225665.json', '/opt/***/data/minio/TSLA/1771225675.json', '/opt/***/data/minio/TSLA/1771225685.json', '/opt/***/data/minio/TSLA/1771225696.json', '/opt/***/data/minio/TSLA/1771225707.json', '/opt/***/data/minio/TSLA/1771225717.json', '/opt/***/data/minio/TSLA/1771225729.json', '/opt/***/data/minio/TSLA/1771225740.json', '/opt/***/data/minio/TSLA/1771225751.json', '/opt/***/data/minio/TSLA/1771225761.json', '/opt/***/data/minio/TSLA/1771225773.json', '/opt/***/data/minio/TSLA/1771225783.json', '/opt/***/data/minio/TSLA/1771225793.json', '/opt/***/data/minio/TSLA/1771225804.json', '/opt/***/data/minio/TSLA/1771225815.json', '/opt/***/data/minio/TSLA/1771225826.json', '/opt/***/data/minio/TSLA/1771225837.json', '/opt/***/data/minio/TSLA/1771225848.json', '/opt/***/data/minio/TSLA/1771225860.json', '/opt/***/data/minio/TSLA/1771225871.json', '/opt/***/data/minio/TSLA/1771225881.json', '/opt/***/data/minio/TSLA/1771225892.json', '/opt/***/data/minio/TSLA/1771225903.json', '/opt/***/data/minio/TSLA/1771225913.json', '/opt/***/data/minio/TSLA/1771225924.json', '/opt/***/data/minio/TSLA/1771225935.json', '/opt/***/data/minio/TSLA/1771225945.json', '/opt/***/data/minio/TSLA/1771225955.json', '/opt/***/data/minio/TSLA/1771225966.json', '/opt/***/data/minio/TSLA/1771225977.json', '/opt/***/data/minio/TSLA/1771225987.json', '/opt/***/data/minio/TSLA/1771225998.json', '/opt/***/data/minio/TSLA/1771226009.json', '/opt/***/data/minio/TSLA/1771226019.json', '/opt/***/data/minio/TSLA/1771226030.json', '/opt/***/data/minio/TSLA/1771226040.json', '/opt/***/data/minio/TSLA/1771226051.json', '/opt/***/data/minio/TSLA/1771226061.json', '/opt/***/data/minio/TSLA/1771226072.json', '/opt/***/data/minio/TSLA/1771226083.json', '/opt/***/data/minio/TSLA/1771226093.json', '/opt/***/data/minio/TSLA/1771226105.json', '/opt/***/data/minio/TSLA/1771226116.json', '/opt/***/data/minio/TSLA/1771226127.json', '/opt/***/data/minio/TSLA/1771226138.json', '/opt/***/data/minio/TSLA/1771226149.json', '/opt/***/data/minio/TSLA/1771226160.json', '/opt/***/data/minio/TSLA/1771226171.json', '/opt/***/data/minio/TSLA/1771226182.json', '/opt/***/data/minio/TSLA/1771226192.json', '/opt/***/data/minio/TSLA/1771226203.json', '/opt/***/data/minio/TSLA/1771226215.json', '/opt/***/data/minio/TSLA/1771226225.json', '/opt/***/data/minio/TSLA/1771226236.json', '/opt/***/data/minio/TSLA/1771226246.json', '/opt/***/data/minio/TSLA/1771226256.json', '/opt/***/data/minio/TSLA/1771226267.json', '/opt/***/data/minio/TSLA/1771226278.json', '/opt/***/data/minio/TSLA/1771226288.json', '/opt/***/data/minio/TSLA/1771226299.json', '/opt/***/data/minio/TSLA/1771226311.json', '/opt/***/data/minio/TSLA/1771226321.json', '/opt/***/data/minio/TSLA/1771226332.json', '/opt/***/data/minio/TSLA/1771226343.json', '/opt/***/data/minio/TSLA/1771226354.json', '/opt/***/data/minio/TSLA/1771226365.json', '/opt/***/data/minio/TSLA/1771226376.json', '/opt/***/data/minio/TSLA/1771226388.json', '/opt/***/data/minio/TSLA/1771226399.json', '/opt/***/data/minio/TSLA/1771226410.json', '/opt/***/data/minio/TSLA/1771226421.json', '/opt/***/data/minio/TSLA/1771226433.json', '/opt/***/data/minio/TSLA/1771226444.json', '/opt/***/data/minio/TSLA/1771226455.json', '/opt/***/data/minio/TSLA/1771226467.json', '/opt/***/data/minio/TSLA/1771226479.json', '/opt/***/data/minio/TSLA/1771226489.json', '/opt/***/data/minio/TSLA/1771226501.json', '/opt/***/data/minio/TSLA/1771226512.json', '/opt/***/data/minio/TSLA/1771226524.json', '/opt/***/data/minio/TSLA/1771226535.json', '/opt/***/data/minio/TSLA/1771226546.json', '/opt/***/data/minio/TSLA/1771226557.json', '/opt/***/data/minio/TSLA/1771226567.json', '/opt/***/data/minio/TSLA/1771226578.json', '/opt/***/data/minio/TSLA/1771226589.json', '/opt/***/data/minio/TSLA/1771226600.json', '/opt/***/data/minio/TSLA/1771226612.json', '/opt/***/data/minio/TSLA/1771226625.json', '/opt/***/data/minio/TSLA/1771226636.json', '/opt/***/data/minio/TSLA/1771226647.json', '/opt/***/data/minio/TSLA/1771226659.json', '/opt/***/data/minio/TSLA/1771226670.json', '/opt/***/data/minio/TSLA/1771226681.json', '/opt/***/data/minio/TSLA/1771226692.json', '/opt/***/data/minio/TSLA/1771226703.json', '/opt/***/data/minio/TSLA/1771226714.json', '/opt/***/data/minio/TSLA/1771226725.json', '/opt/***/data/minio/TSLA/1771226735.json', '/opt/***/data/minio/TSLA/1771226746.json', '/opt/***/data/minio/TSLA/1771226757.json', '/opt/***/data/minio/TSLA/1771226768.json', '/opt/***/data/minio/TSLA/1771226779.json', '/opt/***/data/minio/TSLA/1771226791.json', '/opt/***/data/minio/TSLA/1771226801.json', '/opt/***/data/minio/TSLA/1771226814.json', '/opt/***/data/minio/TSLA/1771226829.json', '/opt/***/data/minio/TSLA/1771226841.json', '/opt/***/data/minio/TSLA/1771226852.json', '/opt/***/data/minio/TSLA/1771226869.json', '/opt/***/data/minio/TSLA/1771226883.json', '/opt/***/data/minio/TSLA/1771226898.json', '/opt/***/data/minio/TSLA/1771226910.json', '/opt/***/data/minio/TSLA/1771226926.json', '/opt/***/data/minio/TSLA/1771226938.json', '/opt/***/data/minio/TSLA/1771226953.json', '/opt/***/data/minio/TSLA/1771226966.json', '/opt/***/data/minio/TSLA/1771226977.json', '/opt/***/data/minio/TSLA/1771226987.json', '/opt/***/data/minio/TSLA/1771227000.json', '/opt/***/data/minio/TSLA/1771227010.json', '/opt/***/data/minio/TSLA/1771227022.json', '/opt/***/data/minio/TSLA/1771227032.json', '/opt/***/data/minio/TSLA/1771227042.json', '/opt/***/data/minio/TSLA/1771227053.json', '/opt/***/data/minio/TSLA/1771227064.json', '/opt/***/data/minio/TSLA/1771227074.json', '/opt/***/data/minio/TSLA/1771227085.json', '/opt/***/data/minio/TSLA/1771227096.json', '/opt/***/data/minio/TSLA/1771227107.json', '/opt/***/data/minio/TSLA/1771227119.json', '/opt/***/data/minio/TSLA/1771227130.json', '/opt/***/data/minio/TSLA/1771227142.json', '/opt/***/data/minio/TSLA/1771227153.json', '/opt/***/data/minio/TSLA/1771227163.json', '/opt/***/data/minio/TSLA/1771227177.json', '/opt/***/data/minio/TSLA/1771227188.json', '/opt/***/data/minio/TSLA/1771227199.json', '/opt/***/data/minio/TSLA/1771227211.json', '/opt/***/data/minio/TSLA/1771227222.json', '/opt/***/data/minio/TSLA/1771227233.json', '/opt/***/data/minio/TSLA/1771227246.json', '/opt/***/data/minio/TSLA/1771227257.json', '/opt/***/data/minio/TSLA/1771227271.json', '/opt/***/data/minio/TSLA/1771227282.json', '/opt/***/data/minio/TSLA/1771227295.json', '/opt/***/data/minio/TSLA/1771227307.json', '/opt/***/data/minio/TSLA/1771227318.json', '/opt/***/data/minio/TSLA/1771227329.json', '/opt/***/data/minio/TSLA/1771227340.json', '/opt/***/data/minio/TSLA/1771227350.json', '/opt/***/data/minio/TSLA/1771227363.json', '/opt/***/data/minio/TSLA/1771227376.json', '/opt/***/data/minio/TSLA/1771227387.json', '/opt/***/data/minio/TSLA/1771227399.json', '/opt/***/data/minio/TSLA/1771227409.json', '/opt/***/data/minio/TSLA/1771227421.json', '/opt/***/data/minio/TSLA/1771227432.json', '/opt/***/data/minio/TSLA/1771227443.json', '/opt/***/data/minio/TSLA/1771227453.json', '/opt/***/data/minio/TSLA/1771227464.json', '/opt/***/data/minio/TSLA/1771227476.json', '/opt/***/data/minio/TSLA/1771227487.json', '/opt/***/data/minio/TSLA/1771227498.json', '/opt/***/data/minio/TSLA/1771227508.json', '/opt/***/data/minio/TSLA/1771227519.json', '/opt/***/data/minio/TSLA/1771227529.json', '/opt/***/data/minio/TSLA/1771227540.json', '/opt/***/data/minio/TSLA/1771227552.json', '/opt/***/data/minio/TSLA/1771227562.json', '/opt/***/data/minio/TSLA/1771227573.json', '/opt/***/data/minio/TSLA/1771227584.json', '/opt/***/data/minio/TSLA/1771227594.json', '/opt/***/data/minio/TSLA/1771227605.json', '/opt/***/data/minio/TSLA/1771227616.json', '/opt/***/data/minio/TSLA/1771227627.json', '/opt/***/data/minio/TSLA/1771227637.json', '/opt/***/data/minio/TSLA/1771227648.json', '/opt/***/data/minio/TSLA/1771227658.json', '/opt/***/data/minio/TSLA/1771227669.json', '/opt/***/data/minio/TSLA/1771227680.json', '/opt/***/data/minio/TSLA/1771227690.json', '/opt/***/data/minio/TSLA/1771227701.json', '/opt/***/data/minio/TSLA/1771227711.json', '/opt/***/data/minio/TSLA/1771227723.json', '/opt/***/data/minio/TSLA/1771227733.json', '/opt/***/data/minio/TSLA/1771227743.json', '/opt/***/data/minio/TSLA/1771227754.json', '/opt/***/data/minio/TSLA/1771227764.json', '/opt/***/data/minio/TSLA/1771227775.json', '/opt/***/data/minio/TSLA/1771227785.json', '/opt/***/data/minio/TSLA/1771227795.json', '/opt/***/data/minio/TSLA/1771227806.json', '/opt/***/data/minio/TSLA/1771227816.json', '/opt/***/data/minio/TSLA/1771227827.json', '/opt/***/data/minio/TSLA/1771227838.json', '/opt/***/data/minio/TSLA/1771227849.json', '/opt/***/data/minio/TSLA/1771227859.json', '/opt/***/data/minio/TSLA/1771227870.json', '/opt/***/data/minio/TSLA/1771227881.json', '/opt/***/data/minio/TSLA/1771227891.json', '/opt/***/data/minio/TSLA/1771227901.json', '/opt/***/data/minio/TSLA/1771227912.json', '/opt/***/data/minio/TSLA/1771227922.json', '/opt/***/data/minio/TSLA/1771227932.json', '/opt/***/data/minio/TSLA/1771227943.json', '/opt/***/data/minio/TSLA/1771227953.json', '/opt/***/data/minio/TSLA/1771227963.json', '/opt/***/data/minio/TSLA/1771227974.json', '/opt/***/data/minio/TSLA/1771227984.json', '/opt/***/data/minio/TSLA/1771227995.json', '/opt/***/data/minio/TSLA/1771228006.json', '/opt/***/data/minio/TSLA/1771228017.json', '/opt/***/data/minio/TSLA/1771228027.json', '/opt/***/data/minio/TSLA/1771228037.json', '/opt/***/data/minio/TSLA/1771228048.json', '/opt/***/data/minio/TSLA/1771228059.json', '/opt/***/data/minio/TSLA/1771228070.json', '/opt/***/data/minio/TSLA/1771228080.json', '/opt/***/data/minio/TSLA/1771228091.json', '/opt/***/data/minio/TSLA/1771228101.json', '/opt/***/data/minio/TSLA/1771228112.json', '/opt/***/data/minio/TSLA/1771228122.json', '/opt/***/data/minio/TSLA/1771228133.json', '/opt/***/data/minio/TSLA/1771228143.json', '/opt/***/data/minio/TSLA/1771228153.json', '/opt/***/data/minio/TSLA/1771228163.json', '/opt/***/data/minio/TSLA/1771228174.json', '/opt/***/data/minio/TSLA/1771228184.json', '/opt/***/data/minio/TSLA/1771228194.json', '/opt/***/data/minio/TSLA/1771228204.json', '/opt/***/data/minio/TSLA/1771228215.json', '/opt/***/data/minio/TSLA/1771228225.json', '/opt/***/data/minio/TSLA/1771228236.json', '/opt/***/data/minio/TSLA/1771228247.json', '/opt/***/data/minio/TSLA/1771228257.json', '/opt/***/data/minio/TSLA/1771228268.json', '/opt/***/data/minio/TSLA/1771228280.json', '/opt/***/data/minio/TSLA/1771228290.json', '/opt/***/data/minio/TSLA/1771228301.json', '/opt/***/data/minio/TSLA/1771228311.json', '/opt/***/data/minio/TSLA/1771228323.json', '/opt/***/data/minio/TSLA/1771228333.json', '/opt/***/data/minio/TSLA/1771228343.json', '/opt/***/data/minio/TSLA/1771228354.json', '/opt/***/data/minio/TSLA/1771228364.json', '/opt/***/data/minio/TSLA/1771228375.json', '/opt/***/data/minio/TSLA/1771228385.json', '/opt/***/data/minio/TSLA/1771228395.json', '/opt/***/data/minio/TSLA/1771228406.json', '/opt/***/data/minio/TSLA/1771228417.json', '/opt/***/data/minio/TSLA/1771228428.json', '/opt/***/data/minio/TSLA/1771228438.json', '/opt/***/data/minio/TSLA/1771228449.json', '/opt/***/data/minio/TSLA/1771228459.json', '/opt/***/data/minio/TSLA/1771228469.json', '/opt/***/data/minio/TSLA/1771228480.json', '/opt/***/data/minio/TSLA/1771228491.json', '/opt/***/data/minio/TSLA/1771228501.json', '/opt/***/data/minio/TSLA/1771228511.json', '/opt/***/data/minio/TSLA/1771228522.json', '/opt/***/data/minio/TSLA/1771228533.json', '/opt/***/data/minio/TSLA/1771228543.json', '/opt/***/data/minio/TSLA/1771228554.json', '/opt/***/data/minio/TSLA/1771228564.json', '/opt/***/data/minio/TSLA/1771228575.json', '/opt/***/data/minio/TSLA/1771228586.json', '/opt/***/data/minio/TSLA/1771228596.json', '/opt/***/data/minio/TSLA/1771228607.json', '/opt/***/data/minio/TSLA/1771228619.json', '/opt/***/data/minio/TSLA/1771228630.json', '/opt/***/data/minio/TSLA/1771228640.json', '/opt/***/data/minio/TSLA/1771228650.json', '/opt/***/data/minio/TSLA/1771228661.json', '/opt/***/data/minio/TSLA/1771228671.json', '/opt/***/data/minio/TSLA/1771228682.json', '/opt/***/data/minio/TSLA/1771228693.json', '/opt/***/data/minio/TSLA/1771228703.json', '/opt/***/data/minio/TSLA/1771228714.json', '/opt/***/data/minio/TSLA/1771228725.json', '/opt/***/data/minio/TSLA/1771228735.json', '/opt/***/data/minio/TSLA/1771228746.json', '/opt/***/data/minio/TSLA/1771228756.json', '/opt/***/data/minio/TSLA/1771228767.json', '/opt/***/data/minio/TSLA/1771228778.json', '/opt/***/data/minio/TSLA/1771228788.json', '/opt/***/data/minio/TSLA/1771228799.json', '/opt/***/data/minio/TSLA/1771228809.json', '/opt/***/data/minio/TSLA/1771228821.json', '/opt/***/data/minio/TSLA/1771228832.json', '/opt/***/data/minio/TSLA/1771228843.json', '/opt/***/data/minio/TSLA/1771228853.json', '/opt/***/data/minio/TSLA/1771228866.json', '/opt/***/data/minio/TSLA/1771228877.json', '/opt/***/data/minio/TSLA/1771228887.json', '/opt/***/data/minio/TSLA/1771228899.json', '/opt/***/data/minio/TSLA/1771228910.json', '/opt/***/data/minio/TSLA/1771228922.json', '/opt/***/data/minio/TSLA/1771228935.json', '/opt/***/data/minio/TSLA/1771228946.json', '/opt/***/data/minio/TSLA/1771228956.json', '/opt/***/data/minio/TSLA/1771228967.json', '/opt/***/data/minio/TSLA/1771228978.json', '/opt/***/data/minio/TSLA/1771228989.json', '/opt/***/data/minio/TSLA/1771229000.json', '/opt/***/data/minio/TSLA/1771229011.json', '/opt/***/data/minio/TSLA/1771229021.json', '/opt/***/data/minio/TSLA/1771229032.json', '/opt/***/data/minio/TSLA/1771229043.json', '/opt/***/data/minio/TSLA/1771229054.json', '/opt/***/data/minio/TSLA/1771229064.json', '/opt/***/data/minio/TSLA/1771229075.json', '/opt/***/data/minio/TSLA/1771229086.json', '/opt/***/data/minio/TSLA/1771229098.json', '/opt/***/data/minio/TSLA/1771229109.json', '/opt/***/data/minio/TSLA/1771229120.json', '/opt/***/data/minio/TSLA/1771229131.json', '/opt/***/data/minio/TSLA/1771229146.json', '/opt/***/data/minio/TSLA/1771229160.json', '/opt/***/data/minio/TSLA/1771229171.json', '/opt/***/data/minio/TSLA/1771229182.json', '/opt/***/data/minio/TSLA/1771229192.json', '/opt/***/data/minio/TSLA/1771229203.json', '/opt/***/data/minio/TSLA/1771229213.json', '/opt/***/data/minio/TSLA/1771229224.json', '/opt/***/data/minio/TSLA/1771229236.json', '/opt/***/data/minio/TSLA/1771229247.json', '/opt/***/data/minio/TSLA/1771229258.json', '/opt/***/data/minio/TSLA/1771229269.json', '/opt/***/data/minio/TSLA/1771229282.json', '/opt/***/data/minio/TSLA/1771229294.json', '/opt/***/data/minio/TSLA/1771229306.json', '/opt/***/data/minio/TSLA/1771229316.json', '/opt/***/data/minio/TSLA/1771229327.json', '/opt/***/data/minio/TSLA/1771308353.json', '/opt/***/data/minio/TSLA/1771308363.json', '/opt/***/data/minio/TSLA/1771308373.json', '/opt/***/data/minio/TSLA/1771308383.json', '/opt/***/data/minio/TSLA/1771308394.json', '/opt/***/data/minio/TSLA/1771308404.json', '/opt/***/data/minio/TSLA/1771308414.json', '/opt/***/data/minio/TSLA/1771308424.json', '/opt/***/data/minio/TSLA/1771308434.json', '/opt/***/data/minio/TSLA/1771308444.json', '/opt/***/data/minio/TSLA/1771308454.json', '/opt/***/data/minio/TSLA/1771308464.json', '/opt/***/data/minio/TSLA/1771308475.json', '/opt/***/data/minio/TSLA/1771308485.json', '/opt/***/data/minio/TSLA/1771308495.json', '/opt/***/data/minio/TSLA/1771308505.json', '/opt/***/data/minio/TSLA/1771308516.json', '/opt/***/data/minio/TSLA/1771308526.json', '/opt/***/data/minio/TSLA/1771308536.json', '/opt/***/data/minio/TSLA/1771308546.json', '/opt/***/data/minio/TSLA/1771308556.json', '/opt/***/data/minio/TSLA/1771308566.json', '/opt/***/data/minio/TSLA/1771308576.json', '/opt/***/data/minio/TSLA/1771308586.json', '/opt/***/data/minio/TSLA/1771308596.json', '/opt/***/data/minio/TSLA/1771308606.json', '/opt/***/data/minio/TSLA/1771308617.json', '/opt/***/data/minio/TSLA/1771308627.json']
[2026-02-17T06:11:43.207+0000] {taskinstance.py:441} INFO - ::group::Post task execution logs
[2026-02-17T06:11:43.333+0000] {taskinstance.py:1206} INFO - Marking task as SUCCESS. dag_id=minio_to_snowflake, task_id=download_minio, run_id=scheduled__2026-02-17T06:05:00+00:00, execution_date=20260217T060500, start_date=20260217T061003, end_date=20260217T061143
[2026-02-17T06:11:43.439+0000] {local_task_job_runner.py:243} INFO - Task exited with return code 0
[2026-02-17T06:11:43.598+0000] {taskinstance.py:3503} INFO - 1 downstream tasks scheduled from follow-on schedule check
[2026-02-17T06:11:43.604+0000] {local_task_job_runner.py:222} INFO - ::endgroup::
