[2026-02-17T11:55:06.417+0000] {local_task_job_runner.py:120} INFO - ::group::Pre task execution logs
[2026-02-17T11:55:06.562+0000] {taskinstance.py:2076} INFO - Dependencies all met for dep_context=non-requeueable deps ti=<TaskInstance: minio_to_snowflake.download_minio scheduled__2026-02-17T11:50:00+00:00 [queued]>
[2026-02-17T11:55:06.613+0000] {taskinstance.py:2076} INFO - Dependencies all met for dep_context=requeueable deps ti=<TaskInstance: minio_to_snowflake.download_minio scheduled__2026-02-17T11:50:00+00:00 [queued]>
[2026-02-17T11:55:06.617+0000] {taskinstance.py:2306} INFO - Starting attempt 1 of 2
[2026-02-17T11:55:06.703+0000] {taskinstance.py:2330} INFO - Executing <Task(PythonOperator): download_minio> on 2026-02-17 11:50:00+00:00
[2026-02-17T11:55:06.751+0000] {logging_mixin.py:188} WARNING - /home/***/.local/lib/python3.12/site-packages/***/task/task_runner/standard_task_runner.py:62 DeprecationWarning: This process (pid=46835) is multi-threaded, use of fork() may lead to deadlocks in the child.
[2026-02-17T11:55:06.760+0000] {standard_task_runner.py:64} INFO - Started process 46900 to run task
[2026-02-17T11:55:06.750+0000] {standard_task_runner.py:90} INFO - Running: ['***', 'tasks', 'run', 'minio_to_snowflake', 'download_minio', 'scheduled__2026-02-17T11:50:00+00:00', '--job-id', '1550', '--raw', '--subdir', 'DAGS_FOLDER/minio_to_snowflake.py', '--cfg-path', '/tmp/tmp17gpqwb7']
[2026-02-17T11:55:06.763+0000] {standard_task_runner.py:91} INFO - Job 1550: Subtask download_minio
[2026-02-17T11:55:07.102+0000] {task_command.py:426} INFO - Running <TaskInstance: minio_to_snowflake.download_minio scheduled__2026-02-17T11:50:00+00:00 [running]> on host bc06947cd9a6
[2026-02-17T11:55:07.801+0000] {taskinstance.py:2648} INFO - Exporting env vars: AIRFLOW_CTX_DAG_OWNER='***' AIRFLOW_CTX_DAG_ID='minio_to_snowflake' AIRFLOW_CTX_TASK_ID='download_minio' AIRFLOW_CTX_EXECUTION_DATE='2026-02-17T11:50:00+00:00' AIRFLOW_CTX_TRY_NUMBER='1' AIRFLOW_CTX_DAG_RUN_ID='scheduled__2026-02-17T11:50:00+00:00'
[2026-02-17T11:55:07.810+0000] {taskinstance.py:430} INFO - ::endgroup::
[2026-02-17T11:55:14.027+0000] {logging_mixin.py:188} INFO - Downloaded AAPL/1771324930.json
[2026-02-17T11:55:14.063+0000] {logging_mixin.py:188} INFO - Downloaded AAPL/1771324943.json
[2026-02-17T11:55:14.089+0000] {logging_mixin.py:188} INFO - Downloaded AAPL/1771324953.json
[2026-02-17T11:55:14.114+0000] {logging_mixin.py:188} INFO - Downloaded AAPL/1771324964.json
[2026-02-17T11:55:14.137+0000] {logging_mixin.py:188} INFO - Downloaded AAPL/1771324974.json
[2026-02-17T11:55:14.160+0000] {logging_mixin.py:188} INFO - Downloaded AAPL/1771324985.json
[2026-02-17T11:55:14.192+0000] {logging_mixin.py:188} INFO - Downloaded AAPL/1771324996.json
[2026-02-17T11:55:14.222+0000] {logging_mixin.py:188} INFO - Downloaded AAPL/1771325007.json
[2026-02-17T11:55:14.253+0000] {logging_mixin.py:188} INFO - Downloaded AAPL/1771325017.json
[2026-02-17T11:55:14.280+0000] {logging_mixin.py:188} INFO - Downloaded AAPL/1771325028.json
[2026-02-17T11:55:14.310+0000] {logging_mixin.py:188} INFO - Downloaded AAPL/1771325039.json
[2026-02-17T11:55:14.345+0000] {logging_mixin.py:188} INFO - Downloaded AAPL/1771325049.json
[2026-02-17T11:55:14.372+0000] {logging_mixin.py:188} INFO - Downloaded AAPL/1771325059.json
[2026-02-17T11:55:14.406+0000] {logging_mixin.py:188} INFO - Downloaded AAPL/1771325069.json
[2026-02-17T11:55:14.453+0000] {logging_mixin.py:188} INFO - Downloaded AAPL/1771325080.json
[2026-02-17T11:55:14.493+0000] {logging_mixin.py:188} INFO - Downloaded AAPL/1771325090.json
[2026-02-17T11:55:14.557+0000] {logging_mixin.py:188} INFO - Downloaded AAPL/1771325101.json
[2026-02-17T11:55:14.593+0000] {logging_mixin.py:188} INFO - Downloaded AAPL/1771325112.json
[2026-02-17T11:55:14.663+0000] {logging_mixin.py:188} INFO - Downloaded AAPL/1771325122.json
[2026-02-17T11:55:14.701+0000] {logging_mixin.py:188} INFO - Downloaded AAPL/1771325132.json
[2026-02-17T11:55:14.735+0000] {logging_mixin.py:188} INFO - Downloaded AAPL/1771325143.json
[2026-02-17T11:55:14.773+0000] {logging_mixin.py:188} INFO - Downloaded AAPL/1771325153.json
[2026-02-17T11:55:14.806+0000] {logging_mixin.py:188} INFO - Downloaded AAPL/1771325163.json
[2026-02-17T11:55:14.835+0000] {logging_mixin.py:188} INFO - Downloaded AAPL/1771325174.json
[2026-02-17T11:55:14.880+0000] {logging_mixin.py:188} INFO - Downloaded AAPL/1771325184.json
[2026-02-17T11:55:14.909+0000] {logging_mixin.py:188} INFO - Downloaded AAPL/1771325195.json
[2026-02-17T11:55:14.941+0000] {logging_mixin.py:188} INFO - Downloaded AAPL/1771325205.json
[2026-02-17T11:55:14.973+0000] {logging_mixin.py:188} INFO - Downloaded AAPL/1771325215.json
[2026-02-17T11:55:15.015+0000] {logging_mixin.py:188} INFO - Downloaded AAPL/1771325226.json
[2026-02-17T11:55:15.058+0000] {logging_mixin.py:188} INFO - Downloaded AAPL/1771325236.json
[2026-02-17T11:55:15.089+0000] {logging_mixin.py:188} INFO - Downloaded AAPL/1771325247.json
[2026-02-17T11:55:15.126+0000] {logging_mixin.py:188} INFO - Downloaded AAPL/1771325257.json
[2026-02-17T11:55:15.172+0000] {logging_mixin.py:188} INFO - Downloaded AAPL/1771325269.json
[2026-02-17T11:55:15.208+0000] {logging_mixin.py:188} INFO - Downloaded AAPL/1771325279.json
[2026-02-17T11:55:15.245+0000] {logging_mixin.py:188} INFO - Downloaded AAPL/1771325289.json
[2026-02-17T11:55:15.278+0000] {logging_mixin.py:188} INFO - Downloaded AAPL/1771325300.json
[2026-02-17T11:55:15.310+0000] {logging_mixin.py:188} INFO - Downloaded AAPL/1771325334.json
[2026-02-17T11:55:15.346+0000] {logging_mixin.py:188} INFO - Downloaded AAPL/1771325344.json
[2026-02-17T11:55:15.379+0000] {logging_mixin.py:188} INFO - Downloaded AAPL/1771325354.json
[2026-02-17T11:55:15.420+0000] {logging_mixin.py:188} INFO - Downloaded AAPL/1771325365.json
[2026-02-17T11:55:15.469+0000] {logging_mixin.py:188} INFO - Downloaded AAPL/1771325375.json
[2026-02-17T11:55:15.519+0000] {logging_mixin.py:188} INFO - Downloaded AAPL/1771325385.json
[2026-02-17T11:55:15.566+0000] {logging_mixin.py:188} INFO - Downloaded AAPL/1771325396.json
[2026-02-17T11:55:15.612+0000] {logging_mixin.py:188} INFO - Downloaded AAPL/1771325408.json
[2026-02-17T11:55:15.668+0000] {logging_mixin.py:188} INFO - Downloaded AAPL/1771325419.json
[2026-02-17T11:55:15.733+0000] {logging_mixin.py:188} INFO - Downloaded AAPL/1771325431.json
[2026-02-17T11:55:15.787+0000] {logging_mixin.py:188} INFO - Downloaded AAPL/1771325442.json
[2026-02-17T11:55:15.832+0000] {logging_mixin.py:188} INFO - Downloaded AAPL/1771325454.json
[2026-02-17T11:55:15.867+0000] {logging_mixin.py:188} INFO - Downloaded AAPL/1771325464.json
[2026-02-17T11:55:15.914+0000] {logging_mixin.py:188} INFO - Downloaded AAPL/1771325474.json
[2026-02-17T11:55:15.947+0000] {logging_mixin.py:188} INFO - Downloaded AAPL/1771325485.json
[2026-02-17T11:55:15.984+0000] {logging_mixin.py:188} INFO - Downloaded AAPL/1771325496.json
[2026-02-17T11:55:16.022+0000] {logging_mixin.py:188} INFO - Downloaded AAPL/1771325507.json
[2026-02-17T11:55:16.050+0000] {logging_mixin.py:188} INFO - Downloaded AAPL/1771325517.json
[2026-02-17T11:55:16.079+0000] {logging_mixin.py:188} INFO - Downloaded AAPL/1771325528.json
[2026-02-17T11:55:16.107+0000] {logging_mixin.py:188} INFO - Downloaded AAPL/1771325539.json
[2026-02-17T11:55:16.140+0000] {logging_mixin.py:188} INFO - Downloaded AAPL/1771325549.json
[2026-02-17T11:55:16.176+0000] {logging_mixin.py:188} INFO - Downloaded AAPL/1771325559.json
[2026-02-17T11:55:16.207+0000] {logging_mixin.py:188} INFO - Downloaded AAPL/1771325569.json
[2026-02-17T11:55:16.236+0000] {logging_mixin.py:188} INFO - Downloaded AAPL/1771325580.json
[2026-02-17T11:55:16.267+0000] {logging_mixin.py:188} INFO - Downloaded AAPL/1771325590.json
[2026-02-17T11:55:16.306+0000] {logging_mixin.py:188} INFO - Downloaded AAPL/1771325600.json
[2026-02-17T11:55:16.366+0000] {logging_mixin.py:188} INFO - Downloaded AAPL/1771325612.json
[2026-02-17T11:55:16.424+0000] {logging_mixin.py:188} INFO - Downloaded AAPL/1771325623.json
[2026-02-17T11:55:16.494+0000] {logging_mixin.py:188} INFO - Downloaded AAPL/1771325633.json
[2026-02-17T11:55:16.647+0000] {logging_mixin.py:188} INFO - Downloaded AAPL/1771325644.json
[2026-02-17T11:55:16.724+0000] {logging_mixin.py:188} INFO - Downloaded AAPL/1771325655.json
[2026-02-17T11:55:16.783+0000] {logging_mixin.py:188} INFO - Downloaded AAPL/1771325666.json
[2026-02-17T11:55:16.823+0000] {logging_mixin.py:188} INFO - Downloaded AAPL/1771325676.json
[2026-02-17T11:55:16.876+0000] {logging_mixin.py:188} INFO - Downloaded AAPL/1771325686.json
[2026-02-17T11:55:16.946+0000] {logging_mixin.py:188} INFO - Downloaded AAPL/1771325697.json
[2026-02-17T11:55:16.986+0000] {logging_mixin.py:188} INFO - Downloaded AAPL/1771325708.json
[2026-02-17T11:55:17.058+0000] {logging_mixin.py:188} INFO - Downloaded AAPL/1771325718.json
[2026-02-17T11:55:17.113+0000] {logging_mixin.py:188} INFO - Downloaded AAPL/1771325729.json
[2026-02-17T11:55:17.179+0000] {logging_mixin.py:188} INFO - Downloaded AAPL/1771325739.json
[2026-02-17T11:55:17.228+0000] {logging_mixin.py:188} INFO - Downloaded AAPL/1771325750.json
[2026-02-17T11:55:17.284+0000] {logging_mixin.py:188} INFO - Downloaded AAPL/1771325761.json
[2026-02-17T11:55:17.367+0000] {logging_mixin.py:188} INFO - Downloaded AAPL/1771325776.json
[2026-02-17T11:55:17.433+0000] {logging_mixin.py:188} INFO - Downloaded AAPL/1771325787.json
[2026-02-17T11:55:17.519+0000] {logging_mixin.py:188} INFO - Downloaded AAPL/1771325800.json
[2026-02-17T11:55:17.575+0000] {logging_mixin.py:188} INFO - Downloaded AAPL/1771325810.json
[2026-02-17T11:55:17.669+0000] {logging_mixin.py:188} INFO - Downloaded AAPL/1771325820.json
[2026-02-17T11:55:17.735+0000] {logging_mixin.py:188} INFO - Downloaded AAPL/1771325831.json
[2026-02-17T11:55:17.808+0000] {logging_mixin.py:188} INFO - Downloaded AAPL/1771325841.json
[2026-02-17T11:55:17.875+0000] {logging_mixin.py:188} INFO - Downloaded AAPL/1771325851.json
[2026-02-17T11:55:17.942+0000] {logging_mixin.py:188} INFO - Downloaded AAPL/1771325863.json
[2026-02-17T11:55:17.991+0000] {logging_mixin.py:188} INFO - Downloaded AAPL/1771325874.json
[2026-02-17T11:55:18.045+0000] {logging_mixin.py:188} INFO - Downloaded AAPL/1771325885.json
[2026-02-17T11:55:18.096+0000] {logging_mixin.py:188} INFO - Downloaded AAPL/1771325898.json
[2026-02-17T11:55:18.175+0000] {logging_mixin.py:188} INFO - Downloaded AAPL/1771325910.json
[2026-02-17T11:55:18.232+0000] {logging_mixin.py:188} INFO - Downloaded AAPL/1771325921.json
[2026-02-17T11:55:18.282+0000] {logging_mixin.py:188} INFO - Downloaded AAPL/1771325932.json
[2026-02-17T11:55:18.319+0000] {logging_mixin.py:188} INFO - Downloaded AAPL/1771325944.json
[2026-02-17T11:55:18.364+0000] {logging_mixin.py:188} INFO - Downloaded AAPL/1771325955.json
[2026-02-17T11:55:18.401+0000] {logging_mixin.py:188} INFO - Downloaded AAPL/1771325969.json
[2026-02-17T11:55:18.446+0000] {logging_mixin.py:188} INFO - Downloaded AAPL/1771325980.json
[2026-02-17T11:55:18.475+0000] {logging_mixin.py:188} INFO - Downloaded AAPL/1771325991.json
[2026-02-17T11:55:18.504+0000] {logging_mixin.py:188} INFO - Downloaded AAPL/1771326002.json
[2026-02-17T11:55:18.543+0000] {logging_mixin.py:188} INFO - Downloaded AAPL/1771326012.json
[2026-02-17T11:55:18.576+0000] {logging_mixin.py:188} INFO - Downloaded AAPL/1771326023.json
[2026-02-17T11:55:18.617+0000] {logging_mixin.py:188} INFO - Downloaded AAPL/1771326034.json
[2026-02-17T11:55:18.646+0000] {logging_mixin.py:188} INFO - Downloaded AAPL/1771326044.json
[2026-02-17T11:55:18.678+0000] {logging_mixin.py:188} INFO - Downloaded AAPL/1771326054.json
[2026-02-17T11:55:18.727+0000] {logging_mixin.py:188} INFO - Downloaded AAPL/1771326064.json
[2026-02-17T11:55:18.759+0000] {logging_mixin.py:188} INFO - Downloaded AAPL/1771326074.json
[2026-02-17T11:55:18.797+0000] {logging_mixin.py:188} INFO - Downloaded AAPL/1771326084.json
[2026-02-17T11:55:18.830+0000] {logging_mixin.py:188} INFO - Downloaded AAPL/1771326095.json
[2026-02-17T11:55:18.853+0000] {logging_mixin.py:188} INFO - Downloaded AAPL/1771326108.json
[2026-02-17T11:55:18.888+0000] {logging_mixin.py:188} INFO - Downloaded AAPL/1771326121.json
[2026-02-17T11:55:18.916+0000] {logging_mixin.py:188} INFO - Downloaded AAPL/1771326135.json
[2026-02-17T11:55:18.951+0000] {logging_mixin.py:188} INFO - Downloaded AAPL/1771326145.json
[2026-02-17T11:55:18.980+0000] {logging_mixin.py:188} INFO - Downloaded AAPL/1771326157.json
[2026-02-17T11:55:19.007+0000] {logging_mixin.py:188} INFO - Downloaded AAPL/1771326168.json
[2026-02-17T11:55:19.031+0000] {logging_mixin.py:188} INFO - Downloaded AAPL/1771326180.json
[2026-02-17T11:55:19.053+0000] {logging_mixin.py:188} INFO - Downloaded AAPL/1771326190.json
[2026-02-17T11:55:19.092+0000] {logging_mixin.py:188} INFO - Downloaded AAPL/1771326201.json
[2026-02-17T11:55:19.134+0000] {logging_mixin.py:188} INFO - Downloaded AAPL/1771326211.json
[2026-02-17T11:55:19.168+0000] {logging_mixin.py:188} INFO - Downloaded AAPL/1771326221.json
[2026-02-17T11:55:19.212+0000] {logging_mixin.py:188} INFO - Downloaded AAPL/1771326231.json
[2026-02-17T11:55:19.243+0000] {logging_mixin.py:188} INFO - Downloaded AAPL/1771326241.json
[2026-02-17T11:55:19.289+0000] {logging_mixin.py:188} INFO - Downloaded AAPL/1771326252.json
[2026-02-17T11:55:19.315+0000] {logging_mixin.py:188} INFO - Downloaded AAPL/1771326262.json
[2026-02-17T11:55:19.343+0000] {logging_mixin.py:188} INFO - Downloaded AAPL/1771326272.json
[2026-02-17T11:55:19.374+0000] {logging_mixin.py:188} INFO - Downloaded AAPL/1771326282.json
[2026-02-17T11:55:19.395+0000] {logging_mixin.py:188} INFO - Downloaded AAPL/1771326293.json
[2026-02-17T11:55:19.418+0000] {logging_mixin.py:188} INFO - Downloaded AAPL/1771326309.json
[2026-02-17T11:55:19.440+0000] {logging_mixin.py:188} INFO - Downloaded AAPL/1771326320.json
[2026-02-17T11:55:19.459+0000] {logging_mixin.py:188} INFO - Downloaded AAPL/1771326331.json
[2026-02-17T11:55:19.477+0000] {logging_mixin.py:188} INFO - Downloaded AAPL/1771326347.json
[2026-02-17T11:55:19.497+0000] {logging_mixin.py:188} INFO - Downloaded AAPL/1771326358.json
[2026-02-17T11:55:19.519+0000] {logging_mixin.py:188} INFO - Downloaded AAPL/1771326370.json
[2026-02-17T11:55:19.538+0000] {logging_mixin.py:188} INFO - Downloaded AAPL/1771326381.json
[2026-02-17T11:55:19.559+0000] {logging_mixin.py:188} INFO - Downloaded AAPL/1771326391.json
[2026-02-17T11:55:19.584+0000] {logging_mixin.py:188} INFO - Downloaded AAPL/1771326402.json
[2026-02-17T11:55:19.613+0000] {logging_mixin.py:188} INFO - Downloaded AAPL/1771326412.json
[2026-02-17T11:55:19.639+0000] {logging_mixin.py:188} INFO - Downloaded AAPL/1771326422.json
[2026-02-17T11:55:19.660+0000] {logging_mixin.py:188} INFO - Downloaded AAPL/1771326433.json
[2026-02-17T11:55:19.679+0000] {logging_mixin.py:188} INFO - Downloaded AAPL/1771326443.json
[2026-02-17T11:55:19.699+0000] {logging_mixin.py:188} INFO - Downloaded AAPL/1771326452.json
[2026-02-17T11:55:19.722+0000] {logging_mixin.py:188} INFO - Downloaded AAPL/1771326463.json
[2026-02-17T11:55:19.747+0000] {logging_mixin.py:188} INFO - Downloaded AAPL/1771326473.json
[2026-02-17T11:55:19.765+0000] {logging_mixin.py:188} INFO - Downloaded AAPL/1771326483.json
[2026-02-17T11:55:19.787+0000] {logging_mixin.py:188} INFO - Downloaded AAPL/1771326493.json
[2026-02-17T11:55:19.810+0000] {logging_mixin.py:188} INFO - Downloaded AAPL/1771326504.json
[2026-02-17T11:55:19.838+0000] {logging_mixin.py:188} INFO - Downloaded AAPL/1771326514.json
[2026-02-17T11:55:19.860+0000] {logging_mixin.py:188} INFO - Downloaded AAPL/1771326525.json
[2026-02-17T11:55:19.881+0000] {logging_mixin.py:188} INFO - Downloaded AAPL/1771326535.json
[2026-02-17T11:55:19.907+0000] {logging_mixin.py:188} INFO - Downloaded AAPL/1771326545.json
[2026-02-17T11:55:19.928+0000] {logging_mixin.py:188} INFO - Downloaded AAPL/1771326555.json
[2026-02-17T11:55:19.946+0000] {logging_mixin.py:188} INFO - Downloaded AAPL/1771326566.json
[2026-02-17T11:55:19.968+0000] {logging_mixin.py:188} INFO - Downloaded AAPL/1771326576.json
[2026-02-17T11:55:19.990+0000] {logging_mixin.py:188} INFO - Downloaded AAPL/1771326585.json
[2026-02-17T11:55:20.010+0000] {logging_mixin.py:188} INFO - Downloaded AAPL/1771326595.json
[2026-02-17T11:55:20.031+0000] {logging_mixin.py:188} INFO - Downloaded AAPL/1771326605.json
[2026-02-17T11:55:20.054+0000] {logging_mixin.py:188} INFO - Downloaded AAPL/1771326615.json
[2026-02-17T11:55:20.073+0000] {logging_mixin.py:188} INFO - Downloaded AAPL/1771326626.json
[2026-02-17T11:55:20.098+0000] {logging_mixin.py:188} INFO - Downloaded AAPL/1771326636.json
[2026-02-17T11:55:20.119+0000] {logging_mixin.py:188} INFO - Downloaded AAPL/1771326646.json
[2026-02-17T11:55:20.144+0000] {logging_mixin.py:188} INFO - Downloaded AAPL/1771326656.json
[2026-02-17T11:55:20.165+0000] {logging_mixin.py:188} INFO - Downloaded AAPL/1771326666.json
[2026-02-17T11:55:20.189+0000] {logging_mixin.py:188} INFO - Downloaded AAPL/1771326677.json
[2026-02-17T11:55:20.208+0000] {logging_mixin.py:188} INFO - Downloaded AAPL/1771326687.json
[2026-02-17T11:55:20.238+0000] {logging_mixin.py:188} INFO - Downloaded AAPL/1771326697.json
[2026-02-17T11:55:20.273+0000] {logging_mixin.py:188} INFO - Downloaded AAPL/1771326708.json
[2026-02-17T11:55:20.300+0000] {logging_mixin.py:188} INFO - Downloaded AAPL/1771326718.json
[2026-02-17T11:55:20.319+0000] {logging_mixin.py:188} INFO - Downloaded AAPL/1771326728.json
[2026-02-17T11:55:20.340+0000] {logging_mixin.py:188} INFO - Downloaded AAPL/1771326738.json
[2026-02-17T11:55:20.365+0000] {logging_mixin.py:188} INFO - Downloaded AAPL/1771326748.json
[2026-02-17T11:55:20.387+0000] {logging_mixin.py:188} INFO - Downloaded AAPL/1771326759.json
[2026-02-17T11:55:20.409+0000] {logging_mixin.py:188} INFO - Downloaded AAPL/1771326769.json
[2026-02-17T11:55:20.441+0000] {logging_mixin.py:188} INFO - Downloaded AAPL/1771326779.json
[2026-02-17T11:55:20.468+0000] {logging_mixin.py:188} INFO - Downloaded AAPL/1771326789.json
[2026-02-17T11:55:20.492+0000] {logging_mixin.py:188} INFO - Downloaded AAPL/1771326799.json
[2026-02-17T11:55:20.525+0000] {logging_mixin.py:188} INFO - Downloaded AAPL/1771326810.json
[2026-02-17T11:55:20.549+0000] {logging_mixin.py:188} INFO - Downloaded AAPL/1771326820.json
[2026-02-17T11:55:20.574+0000] {logging_mixin.py:188} INFO - Downloaded AAPL/1771326830.json
[2026-02-17T11:55:20.598+0000] {logging_mixin.py:188} INFO - Downloaded AAPL/1771326840.json
[2026-02-17T11:55:20.622+0000] {logging_mixin.py:188} INFO - Downloaded AAPL/1771326850.json
[2026-02-17T11:55:20.642+0000] {logging_mixin.py:188} INFO - Downloaded AAPL/1771326860.json
[2026-02-17T11:55:20.663+0000] {logging_mixin.py:188} INFO - Downloaded AAPL/1771326870.json
[2026-02-17T11:55:20.683+0000] {logging_mixin.py:188} INFO - Downloaded AAPL/1771326881.json
[2026-02-17T11:55:20.707+0000] {logging_mixin.py:188} INFO - Downloaded AAPL/1771326891.json
[2026-02-17T11:55:20.725+0000] {logging_mixin.py:188} INFO - Downloaded AAPL/1771326902.json
[2026-02-17T11:55:20.744+0000] {logging_mixin.py:188} INFO - Downloaded AAPL/1771326912.json
[2026-02-17T11:55:20.765+0000] {logging_mixin.py:188} INFO - Downloaded AAPL/1771326923.json
[2026-02-17T11:55:20.793+0000] {logging_mixin.py:188} INFO - Downloaded AAPL/1771326934.json
[2026-02-17T11:55:20.816+0000] {logging_mixin.py:188} INFO - Downloaded AAPL/1771326944.json
[2026-02-17T11:55:20.839+0000] {logging_mixin.py:188} INFO - Downloaded AAPL/1771326955.json
[2026-02-17T11:55:20.860+0000] {logging_mixin.py:188} INFO - Downloaded AAPL/1771326966.json
[2026-02-17T11:55:20.887+0000] {logging_mixin.py:188} INFO - Downloaded AAPL/1771326976.json
[2026-02-17T11:55:20.913+0000] {logging_mixin.py:188} INFO - Downloaded AAPL/1771326986.json
[2026-02-17T11:55:20.935+0000] {logging_mixin.py:188} INFO - Downloaded AAPL/1771326997.json
[2026-02-17T11:55:20.962+0000] {logging_mixin.py:188} INFO - Downloaded AAPL/1771327008.json
[2026-02-17T11:55:20.987+0000] {logging_mixin.py:188} INFO - Downloaded AAPL/1771327018.json
[2026-02-17T11:55:21.009+0000] {logging_mixin.py:188} INFO - Downloaded AAPL/1771327029.json
[2026-02-17T11:55:21.034+0000] {logging_mixin.py:188} INFO - Downloaded AAPL/1771327039.json
[2026-02-17T11:55:21.056+0000] {logging_mixin.py:188} INFO - Downloaded AAPL/1771327049.json
[2026-02-17T11:55:21.075+0000] {logging_mixin.py:188} INFO - Downloaded AAPL/1771327059.json
[2026-02-17T11:55:21.101+0000] {logging_mixin.py:188} INFO - Downloaded AAPL/1771327080.json
[2026-02-17T11:55:21.119+0000] {logging_mixin.py:188} INFO - Downloaded AAPL/1771327098.json
[2026-02-17T11:55:21.138+0000] {logging_mixin.py:188} INFO - Downloaded AAPL/1771327113.json
[2026-02-17T11:55:21.158+0000] {logging_mixin.py:188} INFO - Downloaded AAPL/1771327127.json
[2026-02-17T11:55:21.184+0000] {logging_mixin.py:188} INFO - Downloaded AAPL/1771327138.json
[2026-02-17T11:55:21.204+0000] {logging_mixin.py:188} INFO - Downloaded AAPL/1771327148.json
[2026-02-17T11:55:21.227+0000] {logging_mixin.py:188} INFO - Downloaded AAPL/1771327158.json
[2026-02-17T11:55:21.252+0000] {logging_mixin.py:188} INFO - Downloaded AAPL/1771327168.json
[2026-02-17T11:55:21.275+0000] {logging_mixin.py:188} INFO - Downloaded AAPL/1771327178.json
[2026-02-17T11:55:21.297+0000] {logging_mixin.py:188} INFO - Downloaded AAPL/1771327189.json
[2026-02-17T11:55:21.320+0000] {logging_mixin.py:188} INFO - Downloaded AAPL/1771327198.json
[2026-02-17T11:55:21.346+0000] {logging_mixin.py:188} INFO - Downloaded AAPL/1771327209.json
[2026-02-17T11:55:21.368+0000] {logging_mixin.py:188} INFO - Downloaded AAPL/1771327220.json
[2026-02-17T11:55:21.397+0000] {logging_mixin.py:188} INFO - Downloaded AAPL/1771327230.json
[2026-02-17T11:55:21.422+0000] {logging_mixin.py:188} INFO - Downloaded AAPL/1771327241.json
[2026-02-17T11:55:21.449+0000] {logging_mixin.py:188} INFO - Downloaded AAPL/1771327252.json
[2026-02-17T11:55:21.476+0000] {logging_mixin.py:188} INFO - Downloaded AAPL/1771327262.json
[2026-02-17T11:55:21.503+0000] {logging_mixin.py:188} INFO - Downloaded AAPL/1771327272.json
[2026-02-17T11:55:21.531+0000] {logging_mixin.py:188} INFO - Downloaded AAPL/1771327282.json
[2026-02-17T11:55:21.569+0000] {logging_mixin.py:188} INFO - Downloaded AAPL/1771327292.json
[2026-02-17T11:55:21.618+0000] {logging_mixin.py:188} INFO - Downloaded AAPL/1771327303.json
[2026-02-17T11:55:21.672+0000] {logging_mixin.py:188} INFO - Downloaded AAPL/1771327313.json
[2026-02-17T11:55:21.739+0000] {logging_mixin.py:188} INFO - Downloaded AAPL/1771327324.json
[2026-02-17T11:55:21.812+0000] {logging_mixin.py:188} INFO - Downloaded AAPL/1771327334.json
[2026-02-17T11:55:21.859+0000] {logging_mixin.py:188} INFO - Downloaded AAPL/1771327344.json
[2026-02-17T11:55:21.896+0000] {logging_mixin.py:188} INFO - Downloaded AAPL/1771327354.json
[2026-02-17T11:55:21.928+0000] {logging_mixin.py:188} INFO - Downloaded AAPL/1771327364.json
[2026-02-17T11:55:21.961+0000] {logging_mixin.py:188} INFO - Downloaded AAPL/1771327374.json
[2026-02-17T11:55:22.004+0000] {logging_mixin.py:188} INFO - Downloaded AAPL/1771327384.json
[2026-02-17T11:55:22.041+0000] {logging_mixin.py:188} INFO - Downloaded AAPL/1771327395.json
[2026-02-17T11:55:22.098+0000] {logging_mixin.py:188} INFO - Downloaded AAPL/1771327406.json
[2026-02-17T11:55:22.139+0000] {logging_mixin.py:188} INFO - Downloaded AAPL/1771327417.json
[2026-02-17T11:55:22.167+0000] {logging_mixin.py:188} INFO - Downloaded AAPL/1771327427.json
[2026-02-17T11:55:22.206+0000] {logging_mixin.py:188} INFO - Downloaded AAPL/1771327437.json
[2026-02-17T11:55:22.253+0000] {logging_mixin.py:188} INFO - Downloaded AAPL/1771327447.json
[2026-02-17T11:55:22.304+0000] {logging_mixin.py:188} INFO - Downloaded AAPL/1771327457.json
[2026-02-17T11:55:22.330+0000] {logging_mixin.py:188} INFO - Downloaded AAPL/1771327468.json
[2026-02-17T11:55:22.352+0000] {logging_mixin.py:188} INFO - Downloaded AAPL/1771327479.json
[2026-02-17T11:55:22.378+0000] {logging_mixin.py:188} INFO - Downloaded AAPL/1771327489.json
[2026-02-17T11:55:22.398+0000] {logging_mixin.py:188} INFO - Downloaded AAPL/1771327499.json
[2026-02-17T11:55:22.419+0000] {logging_mixin.py:188} INFO - Downloaded AAPL/1771327511.json
[2026-02-17T11:55:22.441+0000] {logging_mixin.py:188} INFO - Downloaded AAPL/1771327521.json
[2026-02-17T11:55:22.465+0000] {logging_mixin.py:188} INFO - Downloaded AAPL/1771327531.json
[2026-02-17T11:55:22.485+0000] {logging_mixin.py:188} INFO - Downloaded AAPL/1771327542.json
[2026-02-17T11:55:22.512+0000] {logging_mixin.py:188} INFO - Downloaded AAPL/1771327552.json
[2026-02-17T11:55:22.533+0000] {logging_mixin.py:188} INFO - Downloaded AAPL/1771327562.json
[2026-02-17T11:55:22.557+0000] {logging_mixin.py:188} INFO - Downloaded AAPL/1771327573.json
[2026-02-17T11:55:22.577+0000] {logging_mixin.py:188} INFO - Downloaded AAPL/1771327585.json
[2026-02-17T11:55:22.610+0000] {logging_mixin.py:188} INFO - Downloaded AAPL/1771327597.json
[2026-02-17T11:55:22.634+0000] {logging_mixin.py:188} INFO - Downloaded AAPL/1771327607.json
[2026-02-17T11:55:22.655+0000] {logging_mixin.py:188} INFO - Downloaded AAPL/1771327617.json
[2026-02-17T11:55:22.679+0000] {logging_mixin.py:188} INFO - Downloaded AAPL/1771327627.json
[2026-02-17T11:55:22.704+0000] {logging_mixin.py:188} INFO - Downloaded AAPL/1771327638.json
[2026-02-17T11:55:22.729+0000] {logging_mixin.py:188} INFO - Downloaded AAPL/1771327648.json
[2026-02-17T11:55:22.756+0000] {logging_mixin.py:188} INFO - Downloaded AAPL/1771327658.json
[2026-02-17T11:55:22.778+0000] {logging_mixin.py:188} INFO - Downloaded AAPL/1771327668.json
[2026-02-17T11:55:22.798+0000] {logging_mixin.py:188} INFO - Downloaded AAPL/1771327679.json
[2026-02-17T11:55:22.820+0000] {logging_mixin.py:188} INFO - Downloaded AAPL/1771327689.json
[2026-02-17T11:55:22.840+0000] {logging_mixin.py:188} INFO - Downloaded AAPL/1771327699.json
[2026-02-17T11:55:22.861+0000] {logging_mixin.py:188} INFO - Downloaded AAPL/1771327710.json
[2026-02-17T11:55:22.887+0000] {logging_mixin.py:188} INFO - Downloaded AAPL/1771327720.json
[2026-02-17T11:55:22.908+0000] {logging_mixin.py:188} INFO - Downloaded AAPL/1771327730.json
[2026-02-17T11:55:22.930+0000] {logging_mixin.py:188} INFO - Downloaded AAPL/1771327740.json
[2026-02-17T11:55:22.949+0000] {logging_mixin.py:188} INFO - Downloaded AAPL/1771327750.json
[2026-02-17T11:55:22.968+0000] {logging_mixin.py:188} INFO - Downloaded AAPL/1771327761.json
[2026-02-17T11:55:22.990+0000] {logging_mixin.py:188} INFO - Downloaded AAPL/1771327771.json
[2026-02-17T11:55:23.016+0000] {logging_mixin.py:188} INFO - Downloaded AAPL/1771327782.json
[2026-02-17T11:55:23.047+0000] {logging_mixin.py:188} INFO - Downloaded AAPL/1771327792.json
[2026-02-17T11:55:23.073+0000] {logging_mixin.py:188} INFO - Downloaded AAPL/1771327803.json
[2026-02-17T11:55:23.106+0000] {logging_mixin.py:188} INFO - Downloaded AAPL/1771327813.json
[2026-02-17T11:55:23.151+0000] {logging_mixin.py:188} INFO - Downloaded AAPL/1771327823.json
[2026-02-17T11:55:23.204+0000] {logging_mixin.py:188} INFO - Downloaded AAPL/1771327834.json
[2026-02-17T11:55:23.236+0000] {logging_mixin.py:188} INFO - Downloaded AAPL/1771327844.json
[2026-02-17T11:55:23.261+0000] {logging_mixin.py:188} INFO - Downloaded AAPL/1771327854.json
[2026-02-17T11:55:23.284+0000] {logging_mixin.py:188} INFO - Downloaded AAPL/1771327865.json
[2026-02-17T11:55:23.304+0000] {logging_mixin.py:188} INFO - Downloaded AAPL/1771327876.json
[2026-02-17T11:55:23.323+0000] {logging_mixin.py:188} INFO - Downloaded AAPL/1771327887.json
[2026-02-17T11:55:23.342+0000] {logging_mixin.py:188} INFO - Downloaded AAPL/1771327897.json
[2026-02-17T11:55:23.363+0000] {logging_mixin.py:188} INFO - Downloaded AAPL/1771327907.json
[2026-02-17T11:55:23.386+0000] {logging_mixin.py:188} INFO - Downloaded AAPL/1771327918.json
[2026-02-17T11:55:23.410+0000] {logging_mixin.py:188} INFO - Downloaded AAPL/1771327928.json
[2026-02-17T11:55:23.435+0000] {logging_mixin.py:188} INFO - Downloaded AAPL/1771327938.json
[2026-02-17T11:55:23.457+0000] {logging_mixin.py:188} INFO - Downloaded AAPL/1771327949.json
[2026-02-17T11:55:23.479+0000] {logging_mixin.py:188} INFO - Downloaded AAPL/1771327959.json
[2026-02-17T11:55:23.499+0000] {logging_mixin.py:188} INFO - Downloaded AAPL/1771327969.json
[2026-02-17T11:55:23.526+0000] {logging_mixin.py:188} INFO - Downloaded AAPL/1771327980.json
[2026-02-17T11:55:23.549+0000] {logging_mixin.py:188} INFO - Downloaded AAPL/1771327990.json
[2026-02-17T11:55:23.572+0000] {logging_mixin.py:188} INFO - Downloaded AAPL/1771328000.json
[2026-02-17T11:55:23.593+0000] {logging_mixin.py:188} INFO - Downloaded AAPL/1771328010.json
[2026-02-17T11:55:23.618+0000] {logging_mixin.py:188} INFO - Downloaded AAPL/1771328020.json
[2026-02-17T11:55:23.638+0000] {logging_mixin.py:188} INFO - Downloaded AAPL/1771328030.json
[2026-02-17T11:55:23.659+0000] {logging_mixin.py:188} INFO - Downloaded AAPL/1771328040.json
[2026-02-17T11:55:23.679+0000] {logging_mixin.py:188} INFO - Downloaded AAPL/1771328051.json
[2026-02-17T11:55:23.701+0000] {logging_mixin.py:188} INFO - Downloaded AAPL/1771328061.json
[2026-02-17T11:55:23.725+0000] {logging_mixin.py:188} INFO - Downloaded AAPL/1771328071.json
[2026-02-17T11:55:23.746+0000] {logging_mixin.py:188} INFO - Downloaded AAPL/1771328081.json
[2026-02-17T11:55:23.766+0000] {logging_mixin.py:188} INFO - Downloaded AAPL/1771328092.json
[2026-02-17T11:55:23.785+0000] {logging_mixin.py:188} INFO - Downloaded AAPL/1771328103.json
[2026-02-17T11:55:23.804+0000] {logging_mixin.py:188} INFO - Downloaded AAPL/1771328116.json
[2026-02-17T11:55:23.823+0000] {logging_mixin.py:188} INFO - Downloaded AAPL/1771328127.json
[2026-02-17T11:55:23.845+0000] {logging_mixin.py:188} INFO - Downloaded AAPL/1771328138.json
[2026-02-17T11:55:23.874+0000] {logging_mixin.py:188} INFO - Downloaded AAPL/1771328150.json
[2026-02-17T11:55:23.899+0000] {logging_mixin.py:188} INFO - Downloaded AAPL/1771328161.json
[2026-02-17T11:55:23.920+0000] {logging_mixin.py:188} INFO - Downloaded AAPL/1771328172.json
[2026-02-17T11:55:23.940+0000] {logging_mixin.py:188} INFO - Downloaded AAPL/1771328210.json
[2026-02-17T11:55:23.959+0000] {logging_mixin.py:188} INFO - Downloaded AAPL/1771328220.json
[2026-02-17T11:55:23.976+0000] {logging_mixin.py:188} INFO - Downloaded AAPL/1771328230.json
[2026-02-17T11:55:23.996+0000] {logging_mixin.py:188} INFO - Downloaded AAPL/1771328240.json
[2026-02-17T11:55:24.026+0000] {logging_mixin.py:188} INFO - Downloaded AAPL/1771328251.json
[2026-02-17T11:55:24.052+0000] {logging_mixin.py:188} INFO - Downloaded AAPL/1771328261.json
[2026-02-17T11:55:24.076+0000] {logging_mixin.py:188} INFO - Downloaded AAPL/1771328272.json
[2026-02-17T11:55:24.101+0000] {logging_mixin.py:188} INFO - Downloaded AAPL/1771328283.json
[2026-02-17T11:55:24.127+0000] {logging_mixin.py:188} INFO - Downloaded AAPL/1771328293.json
[2026-02-17T11:55:24.153+0000] {logging_mixin.py:188} INFO - Downloaded AAPL/1771328304.json
[2026-02-17T11:55:24.192+0000] {logging_mixin.py:188} INFO - Downloaded AAPL/1771328314.json
[2026-02-17T11:55:24.250+0000] {logging_mixin.py:188} INFO - Downloaded AAPL/1771328324.json
[2026-02-17T11:55:24.306+0000] {logging_mixin.py:188} INFO - Downloaded AAPL/1771328334.json
[2026-02-17T11:55:24.345+0000] {logging_mixin.py:188} INFO - Downloaded AAPL/1771328345.json
[2026-02-17T11:55:24.376+0000] {logging_mixin.py:188} INFO - Downloaded AAPL/1771328355.json
[2026-02-17T11:55:24.411+0000] {logging_mixin.py:188} INFO - Downloaded AAPL/1771328369.json
[2026-02-17T11:55:24.439+0000] {logging_mixin.py:188} INFO - Downloaded AAPL/1771328384.json
[2026-02-17T11:55:24.467+0000] {logging_mixin.py:188} INFO - Downloaded AAPL/1771328396.json
[2026-02-17T11:55:24.496+0000] {logging_mixin.py:188} INFO - Downloaded AAPL/1771328406.json
[2026-02-17T11:55:24.527+0000] {logging_mixin.py:188} INFO - Downloaded AAPL/1771328417.json
[2026-02-17T11:55:24.558+0000] {logging_mixin.py:188} INFO - Downloaded AAPL/1771328428.json
[2026-02-17T11:55:24.599+0000] {logging_mixin.py:188} INFO - Downloaded AAPL/1771328518.json
[2026-02-17T11:55:24.848+0000] {logging_mixin.py:188} INFO - Downloaded AAPL/1771328528.json
[2026-02-17T11:55:24.895+0000] {logging_mixin.py:188} INFO - Downloaded AAPL/1771328538.json
[2026-02-17T11:55:24.938+0000] {logging_mixin.py:188} INFO - Downloaded AAPL/1771328728.json
[2026-02-17T11:55:25.018+0000] {logging_mixin.py:188} INFO - Downloaded AAPL/1771328738.json
[2026-02-17T11:55:25.068+0000] {logging_mixin.py:188} INFO - Downloaded AAPL/1771328749.json
[2026-02-17T11:55:25.115+0000] {logging_mixin.py:188} INFO - Downloaded AAPL/1771328759.json
[2026-02-17T11:55:25.147+0000] {logging_mixin.py:188} INFO - Downloaded AAPL/1771328771.json
[2026-02-17T11:55:25.176+0000] {logging_mixin.py:188} INFO - Downloaded AAPL/1771328781.json
[2026-02-17T11:55:25.203+0000] {logging_mixin.py:188} INFO - Downloaded AAPL/1771328791.json
[2026-02-17T11:55:25.230+0000] {logging_mixin.py:188} INFO - Downloaded AAPL/1771328801.json
[2026-02-17T11:55:25.271+0000] {logging_mixin.py:188} INFO - Downloaded AAPL/1771328811.json
[2026-02-17T11:55:25.304+0000] {logging_mixin.py:188} INFO - Downloaded AAPL/1771328822.json
[2026-02-17T11:55:25.331+0000] {logging_mixin.py:188} INFO - Downloaded AAPL/1771328832.json
[2026-02-17T11:55:25.356+0000] {logging_mixin.py:188} INFO - Downloaded AAPL/1771328843.json
[2026-02-17T11:55:25.378+0000] {logging_mixin.py:188} INFO - Downloaded AAPL/1771328853.json
[2026-02-17T11:55:25.401+0000] {logging_mixin.py:188} INFO - Downloaded AAPL/1771328865.json
[2026-02-17T11:55:25.431+0000] {logging_mixin.py:188} INFO - Downloaded AAPL/1771328876.json
[2026-02-17T11:55:25.458+0000] {logging_mixin.py:188} INFO - Downloaded AAPL/1771328887.json
[2026-02-17T11:55:25.490+0000] {logging_mixin.py:188} INFO - Downloaded AAPL/1771328898.json
[2026-02-17T11:55:25.529+0000] {logging_mixin.py:188} INFO - Downloaded AAPL/1771328908.json
[2026-02-17T11:55:25.561+0000] {logging_mixin.py:188} INFO - Downloaded AAPL/1771328938.json
[2026-02-17T11:55:25.596+0000] {logging_mixin.py:188} INFO - Downloaded AAPL/1771328948.json
[2026-02-17T11:55:25.655+0000] {logging_mixin.py:188} INFO - Downloaded AAPL/1771328959.json
[2026-02-17T11:55:25.696+0000] {logging_mixin.py:188} INFO - Downloaded AAPL/1771328969.json
[2026-02-17T11:55:25.743+0000] {logging_mixin.py:188} INFO - Downloaded AAPL/1771328984.json
[2026-02-17T11:55:25.796+0000] {logging_mixin.py:188} INFO - Downloaded AAPL/1771328995.json
[2026-02-17T11:55:25.851+0000] {logging_mixin.py:188} INFO - Downloaded AAPL/1771329005.json
[2026-02-17T11:55:25.909+0000] {logging_mixin.py:188} INFO - Downloaded AAPL/1771329016.json
[2026-02-17T11:55:25.954+0000] {logging_mixin.py:188} INFO - Downloaded AAPL/1771329029.json
[2026-02-17T11:55:25.997+0000] {logging_mixin.py:188} INFO - Downloaded AAPL/1771329040.json
[2026-02-17T11:55:26.032+0000] {logging_mixin.py:188} INFO - Downloaded AAPL/1771329051.json
[2026-02-17T11:55:26.069+0000] {logging_mixin.py:188} INFO - Downloaded AAPL/1771329093.json
[2026-02-17T11:55:26.105+0000] {logging_mixin.py:188} INFO - Downloaded AAPL/1771329104.json
[2026-02-17T11:55:26.139+0000] {logging_mixin.py:188} INFO - Downloaded AAPL/1771329115.json
[2026-02-17T11:55:26.167+0000] {logging_mixin.py:188} INFO - Downloaded AAPL/1771329142.json
[2026-02-17T11:55:26.196+0000] {logging_mixin.py:188} INFO - Downloaded AAPL/1771329153.json
[2026-02-17T11:55:26.231+0000] {logging_mixin.py:188} INFO - Downloaded AAPL/1771329164.json
[2026-02-17T11:55:26.275+0000] {logging_mixin.py:188} INFO - Downloaded AAPL/1771329176.json
[2026-02-17T11:55:26.305+0000] {logging_mixin.py:188} INFO - Downloaded AAPL/1771329187.json
[2026-02-17T11:55:26.336+0000] {logging_mixin.py:188} INFO - Downloaded AAPL/1771329198.json
[2026-02-17T11:55:26.364+0000] {logging_mixin.py:188} INFO - Downloaded AAPL/1771329210.json
[2026-02-17T11:55:26.405+0000] {logging_mixin.py:188} INFO - Downloaded AAPL/1771329220.json
[2026-02-17T11:55:26.442+0000] {logging_mixin.py:188} INFO - Downloaded AAPL/1771329231.json
[2026-02-17T11:55:26.466+0000] {logging_mixin.py:188} INFO - Downloaded AAPL/1771329241.json
[2026-02-17T11:55:26.493+0000] {logging_mixin.py:188} INFO - Downloaded AAPL/1771329251.json
[2026-02-17T11:55:26.535+0000] {logging_mixin.py:188} INFO - Downloaded AAPL/1771329262.json
[2026-02-17T11:55:26.578+0000] {logging_mixin.py:188} INFO - Downloaded AAPL/1771329272.json
[2026-02-17T11:55:26.651+0000] {logging_mixin.py:188} INFO - Downloaded AAPL/1771329283.json
[2026-02-17T11:55:26.689+0000] {logging_mixin.py:188} INFO - Downloaded AAPL/1771329293.json
[2026-02-17T11:55:26.735+0000] {logging_mixin.py:188} INFO - Downloaded AAPL/1771329303.json
[2026-02-17T11:55:26.770+0000] {logging_mixin.py:188} INFO - Downloaded AMZN/1771324936.json
[2026-02-17T11:55:26.809+0000] {logging_mixin.py:188} INFO - Downloaded AMZN/1771324946.json
[2026-02-17T11:55:26.849+0000] {logging_mixin.py:188} INFO - Downloaded AMZN/1771324957.json
[2026-02-17T11:55:26.889+0000] {logging_mixin.py:188} INFO - Downloaded AMZN/1771324968.json
[2026-02-17T11:55:26.926+0000] {logging_mixin.py:188} INFO - Downloaded AMZN/1771324978.json
[2026-02-17T11:55:26.982+0000] {logging_mixin.py:188} INFO - Downloaded AMZN/1771324989.json
[2026-02-17T11:55:27.025+0000] {logging_mixin.py:188} INFO - Downloaded AMZN/1771325000.json
[2026-02-17T11:55:27.093+0000] {logging_mixin.py:188} INFO - Downloaded AMZN/1771325010.json
[2026-02-17T11:55:27.137+0000] {logging_mixin.py:188} INFO - Downloaded AMZN/1771325021.json
[2026-02-17T11:55:27.170+0000] {logging_mixin.py:188} INFO - Downloaded AMZN/1771325032.json
[2026-02-17T11:55:27.209+0000] {logging_mixin.py:188} INFO - Downloaded AMZN/1771325042.json
[2026-02-17T11:55:27.237+0000] {logging_mixin.py:188} INFO - Downloaded AMZN/1771325052.json
[2026-02-17T11:55:27.279+0000] {logging_mixin.py:188} INFO - Downloaded AMZN/1771325063.json
[2026-02-17T11:55:27.303+0000] {logging_mixin.py:188} INFO - Downloaded AMZN/1771325073.json
[2026-02-17T11:55:27.321+0000] {logging_mixin.py:188} INFO - Downloaded AMZN/1771325083.json
[2026-02-17T11:55:27.341+0000] {logging_mixin.py:188} INFO - Downloaded AMZN/1771325094.json
[2026-02-17T11:55:27.361+0000] {logging_mixin.py:188} INFO - Downloaded AMZN/1771325105.json
[2026-02-17T11:55:27.385+0000] {logging_mixin.py:188} INFO - Downloaded AMZN/1771325115.json
[2026-02-17T11:55:27.408+0000] {logging_mixin.py:188} INFO - Downloaded AMZN/1771325125.json
[2026-02-17T11:55:27.432+0000] {logging_mixin.py:188} INFO - Downloaded AMZN/1771325136.json
[2026-02-17T11:55:27.456+0000] {logging_mixin.py:188} INFO - Downloaded AMZN/1771325146.json
[2026-02-17T11:55:27.481+0000] {logging_mixin.py:188} INFO - Downloaded AMZN/1771325156.json
[2026-02-17T11:55:27.508+0000] {logging_mixin.py:188} INFO - Downloaded AMZN/1771325167.json
[2026-02-17T11:55:27.534+0000] {logging_mixin.py:188} INFO - Downloaded AMZN/1771325177.json
[2026-02-17T11:55:27.560+0000] {logging_mixin.py:188} INFO - Downloaded AMZN/1771325188.json
[2026-02-17T11:55:27.586+0000] {logging_mixin.py:188} INFO - Downloaded AMZN/1771325198.json
[2026-02-17T11:55:27.616+0000] {logging_mixin.py:188} INFO - Downloaded AMZN/1771325209.json
[2026-02-17T11:55:27.643+0000] {logging_mixin.py:188} INFO - Downloaded AMZN/1771325219.json
[2026-02-17T11:55:27.666+0000] {logging_mixin.py:188} INFO - Downloaded AMZN/1771325229.json
[2026-02-17T11:55:27.692+0000] {logging_mixin.py:188} INFO - Downloaded AMZN/1771325240.json
[2026-02-17T11:55:27.712+0000] {logging_mixin.py:188} INFO - Downloaded AMZN/1771325250.json
[2026-02-17T11:55:27.740+0000] {logging_mixin.py:188} INFO - Downloaded AMZN/1771325262.json
[2026-02-17T11:55:27.762+0000] {logging_mixin.py:188} INFO - Downloaded AMZN/1771325272.json
[2026-02-17T11:55:27.800+0000] {logging_mixin.py:188} INFO - Downloaded AMZN/1771325283.json
[2026-02-17T11:55:27.822+0000] {logging_mixin.py:188} INFO - Downloaded AMZN/1771325293.json
[2026-02-17T11:55:27.842+0000] {logging_mixin.py:188} INFO - Downloaded AMZN/1771325337.json
[2026-02-17T11:55:27.861+0000] {logging_mixin.py:188} INFO - Downloaded AMZN/1771325347.json
[2026-02-17T11:55:27.879+0000] {logging_mixin.py:188} INFO - Downloaded AMZN/1771325358.json
[2026-02-17T11:55:27.899+0000] {logging_mixin.py:188} INFO - Downloaded AMZN/1771325368.json
[2026-02-17T11:55:27.922+0000] {logging_mixin.py:188} INFO - Downloaded AMZN/1771325378.json
[2026-02-17T11:55:27.941+0000] {logging_mixin.py:188} INFO - Downloaded AMZN/1771325389.json
[2026-02-17T11:55:27.960+0000] {logging_mixin.py:188} INFO - Downloaded AMZN/1771325401.json
[2026-02-17T11:55:27.981+0000] {logging_mixin.py:188} INFO - Downloaded AMZN/1771325412.json
[2026-02-17T11:55:27.999+0000] {logging_mixin.py:188} INFO - Downloaded AMZN/1771325424.json
[2026-02-17T11:55:28.022+0000] {logging_mixin.py:188} INFO - Downloaded AMZN/1771325435.json
[2026-02-17T11:55:28.045+0000] {logging_mixin.py:188} INFO - Downloaded AMZN/1771325447.json
[2026-02-17T11:55:28.067+0000] {logging_mixin.py:188} INFO - Downloaded AMZN/1771325457.json
[2026-02-17T11:55:28.097+0000] {logging_mixin.py:188} INFO - Downloaded AMZN/1771325468.json
[2026-02-17T11:55:28.118+0000] {logging_mixin.py:188} INFO - Downloaded AMZN/1771325477.json
[2026-02-17T11:55:28.138+0000] {logging_mixin.py:188} INFO - Downloaded AMZN/1771325489.json
[2026-02-17T11:55:28.160+0000] {logging_mixin.py:188} INFO - Downloaded AMZN/1771325500.json
[2026-02-17T11:55:28.181+0000] {logging_mixin.py:188} INFO - Downloaded AMZN/1771325510.json
[2026-02-17T11:55:28.201+0000] {logging_mixin.py:188} INFO - Downloaded AMZN/1771325521.json
[2026-02-17T11:55:28.226+0000] {logging_mixin.py:188} INFO - Downloaded AMZN/1771325532.json
[2026-02-17T11:55:28.248+0000] {logging_mixin.py:188} INFO - Downloaded AMZN/1771325542.json
[2026-02-17T11:55:28.267+0000] {logging_mixin.py:188} INFO - Downloaded AMZN/1771325552.json
[2026-02-17T11:55:28.286+0000] {logging_mixin.py:188} INFO - Downloaded AMZN/1771325562.json
[2026-02-17T11:55:28.309+0000] {logging_mixin.py:188} INFO - Downloaded AMZN/1771325573.json
[2026-02-17T11:55:28.335+0000] {logging_mixin.py:188} INFO - Downloaded AMZN/1771325583.json
[2026-02-17T11:55:28.365+0000] {logging_mixin.py:188} INFO - Downloaded AMZN/1771325593.json
[2026-02-17T11:55:28.395+0000] {logging_mixin.py:188} INFO - Downloaded AMZN/1771325605.json
[2026-02-17T11:55:28.418+0000] {logging_mixin.py:188} INFO - Downloaded AMZN/1771325616.json
[2026-02-17T11:55:28.444+0000] {logging_mixin.py:188} INFO - Downloaded AMZN/1771325626.json
[2026-02-17T11:55:28.464+0000] {logging_mixin.py:188} INFO - Downloaded AMZN/1771325637.json
[2026-02-17T11:55:28.490+0000] {logging_mixin.py:188} INFO - Downloaded AMZN/1771325648.json
[2026-02-17T11:55:28.519+0000] {logging_mixin.py:188} INFO - Downloaded AMZN/1771325659.json
[2026-02-17T11:55:28.547+0000] {logging_mixin.py:188} INFO - Downloaded AMZN/1771325669.json
[2026-02-17T11:55:28.572+0000] {logging_mixin.py:188} INFO - Downloaded AMZN/1771325679.json
[2026-02-17T11:55:28.596+0000] {logging_mixin.py:188} INFO - Downloaded AMZN/1771325691.json
[2026-02-17T11:55:28.631+0000] {logging_mixin.py:188} INFO - Downloaded AMZN/1771325701.json
[2026-02-17T11:55:28.656+0000] {logging_mixin.py:188} INFO - Downloaded AMZN/1771325711.json
[2026-02-17T11:55:28.678+0000] {logging_mixin.py:188} INFO - Downloaded AMZN/1771325722.json
[2026-02-17T11:55:28.699+0000] {logging_mixin.py:188} INFO - Downloaded AMZN/1771325732.json
[2026-02-17T11:55:28.724+0000] {logging_mixin.py:188} INFO - Downloaded AMZN/1771325743.json
[2026-02-17T11:55:28.744+0000] {logging_mixin.py:188} INFO - Downloaded AMZN/1771325753.json
[2026-02-17T11:55:28.766+0000] {logging_mixin.py:188} INFO - Downloaded AMZN/1771325769.json
[2026-02-17T11:55:28.793+0000] {logging_mixin.py:188} INFO - Downloaded AMZN/1771325780.json
[2026-02-17T11:55:28.814+0000] {logging_mixin.py:188} INFO - Downloaded AMZN/1771325792.json
[2026-02-17T11:55:28.839+0000] {logging_mixin.py:188} INFO - Downloaded AMZN/1771325803.json
[2026-02-17T11:55:28.862+0000] {logging_mixin.py:188} INFO - Downloaded AMZN/1771325813.json
[2026-02-17T11:55:28.882+0000] {logging_mixin.py:188} INFO - Downloaded AMZN/1771325824.json
[2026-02-17T11:55:28.900+0000] {logging_mixin.py:188} INFO - Downloaded AMZN/1771325834.json
[2026-02-17T11:55:28.921+0000] {logging_mixin.py:188} INFO - Downloaded AMZN/1771325844.json
[2026-02-17T11:55:28.946+0000] {logging_mixin.py:188} INFO - Downloaded AMZN/1771325857.json
[2026-02-17T11:55:28.966+0000] {logging_mixin.py:188} INFO - Downloaded AMZN/1771325867.json
[2026-02-17T11:55:28.985+0000] {logging_mixin.py:188} INFO - Downloaded AMZN/1771325878.json
[2026-02-17T11:55:29.005+0000] {logging_mixin.py:188} INFO - Downloaded AMZN/1771325891.json
[2026-02-17T11:55:29.027+0000] {logging_mixin.py:188} INFO - Downloaded AMZN/1771325902.json
[2026-02-17T11:55:29.047+0000] {logging_mixin.py:188} INFO - Downloaded AMZN/1771325914.json
[2026-02-17T11:55:29.070+0000] {logging_mixin.py:188} INFO - Downloaded AMZN/1771325925.json
[2026-02-17T11:55:29.095+0000] {logging_mixin.py:188} INFO - Downloaded AMZN/1771325937.json
[2026-02-17T11:55:29.127+0000] {logging_mixin.py:188} INFO - Downloaded AMZN/1771325948.json
[2026-02-17T11:55:29.177+0000] {logging_mixin.py:188} INFO - Downloaded AMZN/1771325962.json
[2026-02-17T11:55:29.205+0000] {logging_mixin.py:188} INFO - Downloaded AMZN/1771325973.json
[2026-02-17T11:55:29.231+0000] {logging_mixin.py:188} INFO - Downloaded AMZN/1771325984.json
[2026-02-17T11:55:29.256+0000] {logging_mixin.py:188} INFO - Downloaded AMZN/1771325995.json
[2026-02-17T11:55:29.277+0000] {logging_mixin.py:188} INFO - Downloaded AMZN/1771326005.json
[2026-02-17T11:55:29.296+0000] {logging_mixin.py:188} INFO - Downloaded AMZN/1771326016.json
[2026-02-17T11:55:29.314+0000] {logging_mixin.py:188} INFO - Downloaded AMZN/1771326027.json
[2026-02-17T11:55:29.333+0000] {logging_mixin.py:188} INFO - Downloaded AMZN/1771326037.json
[2026-02-17T11:55:29.354+0000] {logging_mixin.py:188} INFO - Downloaded AMZN/1771326047.json
[2026-02-17T11:55:29.377+0000] {logging_mixin.py:188} INFO - Downloaded AMZN/1771326058.json
[2026-02-17T11:55:29.397+0000] {logging_mixin.py:188} INFO - Downloaded AMZN/1771326067.json
[2026-02-17T11:55:29.416+0000] {logging_mixin.py:188} INFO - Downloaded AMZN/1771326077.json
[2026-02-17T11:55:29.438+0000] {logging_mixin.py:188} INFO - Downloaded AMZN/1771326087.json
[2026-02-17T11:55:29.458+0000] {logging_mixin.py:188} INFO - Downloaded AMZN/1771326101.json
[2026-02-17T11:55:29.477+0000] {logging_mixin.py:188} INFO - Downloaded AMZN/1771326115.json
[2026-02-17T11:55:29.498+0000] {logging_mixin.py:188} INFO - Downloaded AMZN/1771326128.json
[2026-02-17T11:55:29.521+0000] {logging_mixin.py:188} INFO - Downloaded AMZN/1771326139.json
[2026-02-17T11:55:29.540+0000] {logging_mixin.py:188} INFO - Downloaded AMZN/1771326151.json
[2026-02-17T11:55:29.562+0000] {logging_mixin.py:188} INFO - Downloaded AMZN/1771326161.json
[2026-02-17T11:55:29.585+0000] {logging_mixin.py:188} INFO - Downloaded AMZN/1771326173.json
[2026-02-17T11:55:29.615+0000] {logging_mixin.py:188} INFO - Downloaded AMZN/1771326183.json
[2026-02-17T11:55:29.649+0000] {logging_mixin.py:188} INFO - Downloaded AMZN/1771326194.json
[2026-02-17T11:55:29.686+0000] {logging_mixin.py:188} INFO - Downloaded AMZN/1771326204.json
[2026-02-17T11:55:29.728+0000] {logging_mixin.py:188} INFO - Downloaded AMZN/1771326215.json
[2026-02-17T11:55:29.752+0000] {logging_mixin.py:188} INFO - Downloaded AMZN/1771326225.json
[2026-02-17T11:55:29.779+0000] {logging_mixin.py:188} INFO - Downloaded AMZN/1771326235.json
[2026-02-17T11:55:29.804+0000] {logging_mixin.py:188} INFO - Downloaded AMZN/1771326245.json
[2026-02-17T11:55:29.827+0000] {logging_mixin.py:188} INFO - Downloaded AMZN/1771326255.json
[2026-02-17T11:55:29.847+0000] {logging_mixin.py:188} INFO - Downloaded AMZN/1771326265.json
[2026-02-17T11:55:29.866+0000] {logging_mixin.py:188} INFO - Downloaded AMZN/1771326275.json
[2026-02-17T11:55:29.888+0000] {logging_mixin.py:188} INFO - Downloaded AMZN/1771326286.json
[2026-02-17T11:55:29.911+0000] {logging_mixin.py:188} INFO - Downloaded AMZN/1771326301.json
[2026-02-17T11:55:29.929+0000] {logging_mixin.py:188} INFO - Downloaded AMZN/1771326314.json
[2026-02-17T11:55:29.947+0000] {logging_mixin.py:188} INFO - Downloaded AMZN/1771326324.json
[2026-02-17T11:55:29.971+0000] {logging_mixin.py:188} INFO - Downloaded AMZN/1771326335.json
[2026-02-17T11:55:29.996+0000] {logging_mixin.py:188} INFO - Downloaded AMZN/1771326351.json
[2026-02-17T11:55:30.021+0000] {logging_mixin.py:188} INFO - Downloaded AMZN/1771326362.json
[2026-02-17T11:55:30.045+0000] {logging_mixin.py:188} INFO - Downloaded AMZN/1771326374.json
[2026-02-17T11:55:30.068+0000] {logging_mixin.py:188} INFO - Downloaded AMZN/1771326384.json
[2026-02-17T11:55:30.091+0000] {logging_mixin.py:188} INFO - Downloaded AMZN/1771326395.json
[2026-02-17T11:55:30.114+0000] {logging_mixin.py:188} INFO - Downloaded AMZN/1771326405.json
[2026-02-17T11:55:30.138+0000] {logging_mixin.py:188} INFO - Downloaded AMZN/1771326415.json
[2026-02-17T11:55:30.160+0000] {logging_mixin.py:188} INFO - Downloaded AMZN/1771326425.json
[2026-02-17T11:55:30.189+0000] {logging_mixin.py:188} INFO - Downloaded AMZN/1771326436.json
[2026-02-17T11:55:30.223+0000] {logging_mixin.py:188} INFO - Downloaded AMZN/1771326446.json
[2026-02-17T11:55:30.252+0000] {logging_mixin.py:188} INFO - Downloaded AMZN/1771326456.json
[2026-02-17T11:55:30.279+0000] {logging_mixin.py:188} INFO - Downloaded AMZN/1771326466.json
[2026-02-17T11:55:30.311+0000] {logging_mixin.py:188} INFO - Downloaded AMZN/1771326476.json
[2026-02-17T11:55:30.337+0000] {logging_mixin.py:188} INFO - Downloaded AMZN/1771326486.json
[2026-02-17T11:55:30.361+0000] {logging_mixin.py:188} INFO - Downloaded AMZN/1771326497.json
[2026-02-17T11:55:30.386+0000] {logging_mixin.py:188} INFO - Downloaded AMZN/1771326508.json
[2026-02-17T11:55:30.414+0000] {logging_mixin.py:188} INFO - Downloaded AMZN/1771326518.json
[2026-02-17T11:55:30.439+0000] {logging_mixin.py:188} INFO - Downloaded AMZN/1771326528.json
[2026-02-17T11:55:30.462+0000] {logging_mixin.py:188} INFO - Downloaded AMZN/1771326538.json
[2026-02-17T11:55:30.484+0000] {logging_mixin.py:188} INFO - Downloaded AMZN/1771326548.json
[2026-02-17T11:55:30.513+0000] {logging_mixin.py:188} INFO - Downloaded AMZN/1771326559.json
[2026-02-17T11:55:30.532+0000] {logging_mixin.py:188} INFO - Downloaded AMZN/1771326569.json
[2026-02-17T11:55:30.562+0000] {logging_mixin.py:188} INFO - Downloaded AMZN/1771326578.json
[2026-02-17T11:55:30.586+0000] {logging_mixin.py:188} INFO - Downloaded AMZN/1771326588.json
[2026-02-17T11:55:30.610+0000] {logging_mixin.py:188} INFO - Downloaded AMZN/1771326599.json
[2026-02-17T11:55:30.633+0000] {logging_mixin.py:188} INFO - Downloaded AMZN/1771326609.json
[2026-02-17T11:55:30.653+0000] {logging_mixin.py:188} INFO - Downloaded AMZN/1771326619.json
[2026-02-17T11:55:30.672+0000] {logging_mixin.py:188} INFO - Downloaded AMZN/1771326629.json
[2026-02-17T11:55:30.694+0000] {logging_mixin.py:188} INFO - Downloaded AMZN/1771326639.json
[2026-02-17T11:55:30.717+0000] {logging_mixin.py:188} INFO - Downloaded AMZN/1771326650.json
[2026-02-17T11:55:30.743+0000] {logging_mixin.py:188} INFO - Downloaded AMZN/1771326659.json
[2026-02-17T11:55:30.771+0000] {logging_mixin.py:188} INFO - Downloaded AMZN/1771326670.json
[2026-02-17T11:55:30.795+0000] {logging_mixin.py:188} INFO - Downloaded AMZN/1771326680.json
[2026-02-17T11:55:30.816+0000] {logging_mixin.py:188} INFO - Downloaded AMZN/1771326690.json
[2026-02-17T11:55:30.843+0000] {logging_mixin.py:188} INFO - Downloaded AMZN/1771326701.json
[2026-02-17T11:55:30.878+0000] {logging_mixin.py:188} INFO - Downloaded AMZN/1771326711.json
[2026-02-17T11:55:30.911+0000] {logging_mixin.py:188} INFO - Downloaded AMZN/1771326721.json
[2026-02-17T11:55:30.945+0000] {logging_mixin.py:188} INFO - Downloaded AMZN/1771326731.json
[2026-02-17T11:55:30.975+0000] {logging_mixin.py:188} INFO - Downloaded AMZN/1771326741.json
[2026-02-17T11:55:31.016+0000] {logging_mixin.py:188} INFO - Downloaded AMZN/1771326752.json
[2026-02-17T11:55:31.047+0000] {logging_mixin.py:188} INFO - Downloaded AMZN/1771326762.json
[2026-02-17T11:55:31.075+0000] {logging_mixin.py:188} INFO - Downloaded AMZN/1771326772.json
[2026-02-17T11:55:31.102+0000] {logging_mixin.py:188} INFO - Downloaded AMZN/1771326782.json
[2026-02-17T11:55:31.133+0000] {logging_mixin.py:188} INFO - Downloaded AMZN/1771326793.json
[2026-02-17T11:55:31.179+0000] {logging_mixin.py:188} INFO - Downloaded AMZN/1771326802.json
[2026-02-17T11:55:31.221+0000] {logging_mixin.py:188} INFO - Downloaded AMZN/1771326813.json
[2026-02-17T11:55:31.261+0000] {logging_mixin.py:188} INFO - Downloaded AMZN/1771326823.json
[2026-02-17T11:55:31.317+0000] {logging_mixin.py:188} INFO - Downloaded AMZN/1771326834.json
[2026-02-17T11:55:31.358+0000] {logging_mixin.py:188} INFO - Downloaded AMZN/1771326844.json
[2026-02-17T11:55:31.405+0000] {logging_mixin.py:188} INFO - Downloaded AMZN/1771326854.json
[2026-02-17T11:55:31.457+0000] {logging_mixin.py:188} INFO - Downloaded AMZN/1771326863.json
[2026-02-17T11:55:31.486+0000] {logging_mixin.py:188} INFO - Downloaded AMZN/1771326874.json
[2026-02-17T11:55:31.526+0000] {logging_mixin.py:188} INFO - Downloaded AMZN/1771326884.json
[2026-02-17T11:55:31.579+0000] {logging_mixin.py:188} INFO - Downloaded AMZN/1771326895.json
[2026-02-17T11:55:31.623+0000] {logging_mixin.py:188} INFO - Downloaded AMZN/1771326905.json
[2026-02-17T11:55:31.671+0000] {logging_mixin.py:188} INFO - Downloaded AMZN/1771326916.json
[2026-02-17T11:55:31.716+0000] {logging_mixin.py:188} INFO - Downloaded AMZN/1771326927.json
[2026-02-17T11:55:31.762+0000] {logging_mixin.py:188} INFO - Downloaded AMZN/1771326937.json
[2026-02-17T11:55:31.817+0000] {logging_mixin.py:188} INFO - Downloaded AMZN/1771326948.json
[2026-02-17T11:55:31.874+0000] {logging_mixin.py:188} INFO - Downloaded AMZN/1771326959.json
[2026-02-17T11:55:31.929+0000] {logging_mixin.py:188} INFO - Downloaded AMZN/1771326969.json
[2026-02-17T11:55:31.969+0000] {logging_mixin.py:188} INFO - Downloaded AMZN/1771326980.json
[2026-02-17T11:55:32.014+0000] {logging_mixin.py:188} INFO - Downloaded AMZN/1771326990.json
[2026-02-17T11:55:32.067+0000] {logging_mixin.py:188} INFO - Downloaded AMZN/1771327001.json
[2026-02-17T11:55:32.105+0000] {logging_mixin.py:188} INFO - Downloaded AMZN/1771327011.json
[2026-02-17T11:55:32.169+0000] {logging_mixin.py:188} INFO - Downloaded AMZN/1771327022.json
[2026-02-17T11:55:32.243+0000] {logging_mixin.py:188} INFO - Downloaded AMZN/1771327032.json
[2026-02-17T11:55:32.335+0000] {logging_mixin.py:188} INFO - Downloaded AMZN/1771327043.json
[2026-02-17T11:55:32.379+0000] {logging_mixin.py:188} INFO - Downloaded AMZN/1771327053.json
[2026-02-17T11:55:32.424+0000] {logging_mixin.py:188} INFO - Downloaded AMZN/1771327071.json
[2026-02-17T11:55:32.472+0000] {logging_mixin.py:188} INFO - Downloaded AMZN/1771327090.json
[2026-02-17T11:55:32.521+0000] {logging_mixin.py:188} INFO - Downloaded AMZN/1771327105.json
[2026-02-17T11:55:32.586+0000] {logging_mixin.py:188} INFO - Downloaded AMZN/1771327119.json
[2026-02-17T11:55:32.631+0000] {logging_mixin.py:188} INFO - Downloaded AMZN/1771327131.json
[2026-02-17T11:55:32.676+0000] {logging_mixin.py:188} INFO - Downloaded AMZN/1771327141.json
[2026-02-17T11:55:32.708+0000] {logging_mixin.py:188} INFO - Downloaded AMZN/1771327151.json
[2026-02-17T11:55:32.747+0000] {logging_mixin.py:188} INFO - Downloaded AMZN/1771327162.json
[2026-02-17T11:55:32.776+0000] {logging_mixin.py:188} INFO - Downloaded AMZN/1771327172.json
[2026-02-17T11:55:32.806+0000] {logging_mixin.py:188} INFO - Downloaded AMZN/1771327182.json
[2026-02-17T11:55:32.833+0000] {logging_mixin.py:188} INFO - Downloaded AMZN/1771327192.json
[2026-02-17T11:55:32.861+0000] {logging_mixin.py:188} INFO - Downloaded AMZN/1771327202.json
[2026-02-17T11:55:32.892+0000] {logging_mixin.py:188} INFO - Downloaded AMZN/1771327213.json
[2026-02-17T11:55:32.919+0000] {logging_mixin.py:188} INFO - Downloaded AMZN/1771327224.json
[2026-02-17T11:55:32.958+0000] {logging_mixin.py:188} INFO - Downloaded AMZN/1771327234.json
[2026-02-17T11:55:32.985+0000] {logging_mixin.py:188} INFO - Downloaded AMZN/1771327245.json
[2026-02-17T11:55:33.018+0000] {logging_mixin.py:188} INFO - Downloaded AMZN/1771327255.json
[2026-02-17T11:55:33.066+0000] {logging_mixin.py:188} INFO - Downloaded AMZN/1771327265.json
[2026-02-17T11:55:33.090+0000] {logging_mixin.py:188} INFO - Downloaded AMZN/1771327276.json
[2026-02-17T11:55:33.119+0000] {logging_mixin.py:188} INFO - Downloaded AMZN/1771327285.json
[2026-02-17T11:55:33.143+0000] {logging_mixin.py:188} INFO - Downloaded AMZN/1771327296.json
[2026-02-17T11:55:33.180+0000] {logging_mixin.py:188} INFO - Downloaded AMZN/1771327306.json
[2026-02-17T11:55:33.223+0000] {logging_mixin.py:188} INFO - Downloaded AMZN/1771327317.json
[2026-02-17T11:55:33.259+0000] {logging_mixin.py:188} INFO - Downloaded AMZN/1771327327.json
[2026-02-17T11:55:33.287+0000] {logging_mixin.py:188} INFO - Downloaded AMZN/1771327337.json
[2026-02-17T11:55:33.316+0000] {logging_mixin.py:188} INFO - Downloaded AMZN/1771327347.json
[2026-02-17T11:55:33.349+0000] {logging_mixin.py:188} INFO - Downloaded AMZN/1771327357.json
[2026-02-17T11:55:33.377+0000] {logging_mixin.py:188} INFO - Downloaded AMZN/1771327367.json
[2026-02-17T11:55:33.406+0000] {logging_mixin.py:188} INFO - Downloaded AMZN/1771327378.json
[2026-02-17T11:55:33.439+0000] {logging_mixin.py:188} INFO - Downloaded AMZN/1771327388.json
[2026-02-17T11:55:33.482+0000] {logging_mixin.py:188} INFO - Downloaded AMZN/1771327398.json
[2026-02-17T11:55:33.536+0000] {logging_mixin.py:188} INFO - Downloaded AMZN/1771327410.json
[2026-02-17T11:55:33.568+0000] {logging_mixin.py:188} INFO - Downloaded AMZN/1771327420.json
[2026-02-17T11:55:33.604+0000] {logging_mixin.py:188} INFO - Downloaded AMZN/1771327430.json
[2026-02-17T11:55:33.664+0000] {logging_mixin.py:188} INFO - Downloaded AMZN/1771327441.json
[2026-02-17T11:55:33.734+0000] {logging_mixin.py:188} INFO - Downloaded AMZN/1771327450.json
[2026-02-17T11:55:33.764+0000] {logging_mixin.py:188} INFO - Downloaded AMZN/1771327461.json
[2026-02-17T11:55:33.825+0000] {logging_mixin.py:188} INFO - Downloaded AMZN/1771327472.json
[2026-02-17T11:55:33.847+0000] {logging_mixin.py:188} INFO - Downloaded AMZN/1771327482.json
[2026-02-17T11:55:33.869+0000] {logging_mixin.py:188} INFO - Downloaded AMZN/1771327492.json
[2026-02-17T11:55:33.891+0000] {logging_mixin.py:188} INFO - Downloaded AMZN/1771327504.json
[2026-02-17T11:55:33.923+0000] {logging_mixin.py:188} INFO - Downloaded AMZN/1771327514.json
[2026-02-17T11:55:33.952+0000] {logging_mixin.py:188} INFO - Downloaded AMZN/1771327524.json
[2026-02-17T11:55:33.981+0000] {logging_mixin.py:188} INFO - Downloaded AMZN/1771327535.json
[2026-02-17T11:55:34.018+0000] {logging_mixin.py:188} INFO - Downloaded AMZN/1771327545.json
[2026-02-17T11:55:34.051+0000] {logging_mixin.py:188} INFO - Downloaded AMZN/1771327555.json
[2026-02-17T11:55:34.090+0000] {logging_mixin.py:188} INFO - Downloaded AMZN/1771327566.json
[2026-02-17T11:55:34.131+0000] {logging_mixin.py:188} INFO - Downloaded AMZN/1771327578.json
[2026-02-17T11:55:34.163+0000] {logging_mixin.py:188} INFO - Downloaded AMZN/1771327590.json
[2026-02-17T11:55:34.204+0000] {logging_mixin.py:188} INFO - Downloaded AMZN/1771327600.json
[2026-02-17T11:55:34.229+0000] {logging_mixin.py:188} INFO - Downloaded AMZN/1771327610.json
[2026-02-17T11:55:34.251+0000] {logging_mixin.py:188} INFO - Downloaded AMZN/1771327621.json
[2026-02-17T11:55:34.280+0000] {logging_mixin.py:188} INFO - Downloaded AMZN/1771327631.json
[2026-02-17T11:55:34.313+0000] {logging_mixin.py:188} INFO - Downloaded AMZN/1771327641.json
[2026-02-17T11:55:34.348+0000] {logging_mixin.py:188} INFO - Downloaded AMZN/1771327651.json
[2026-02-17T11:55:34.374+0000] {logging_mixin.py:188} INFO - Downloaded AMZN/1771327661.json
[2026-02-17T11:55:34.400+0000] {logging_mixin.py:188} INFO - Downloaded AMZN/1771327672.json
[2026-02-17T11:55:34.437+0000] {logging_mixin.py:188} INFO - Downloaded AMZN/1771327682.json
[2026-02-17T11:55:34.467+0000] {logging_mixin.py:188} INFO - Downloaded AMZN/1771327692.json
[2026-02-17T11:55:34.494+0000] {logging_mixin.py:188} INFO - Downloaded AMZN/1771327703.json
[2026-02-17T11:55:34.527+0000] {logging_mixin.py:188} INFO - Downloaded AMZN/1771327713.json
[2026-02-17T11:55:34.552+0000] {logging_mixin.py:188} INFO - Downloaded AMZN/1771327723.json
[2026-02-17T11:55:34.581+0000] {logging_mixin.py:188} INFO - Downloaded AMZN/1771327733.json
[2026-02-17T11:55:34.628+0000] {logging_mixin.py:188} INFO - Downloaded AMZN/1771327743.json
[2026-02-17T11:55:34.673+0000] {logging_mixin.py:188} INFO - Downloaded AMZN/1771327754.json
[2026-02-17T11:55:34.704+0000] {logging_mixin.py:188} INFO - Downloaded AMZN/1771327764.json
[2026-02-17T11:55:34.748+0000] {logging_mixin.py:188} INFO - Downloaded AMZN/1771327774.json
[2026-02-17T11:55:34.895+0000] {logging_mixin.py:188} INFO - Downloaded AMZN/1771327786.json
[2026-02-17T11:55:34.934+0000] {logging_mixin.py:188} INFO - Downloaded AMZN/1771327795.json
[2026-02-17T11:55:34.982+0000] {logging_mixin.py:188} INFO - Downloaded AMZN/1771327806.json
[2026-02-17T11:55:35.014+0000] {logging_mixin.py:188} INFO - Downloaded AMZN/1771327816.json
[2026-02-17T11:55:35.053+0000] {logging_mixin.py:188} INFO - Downloaded AMZN/1771327827.json
[2026-02-17T11:55:35.084+0000] {logging_mixin.py:188} INFO - Downloaded AMZN/1771327837.json
[2026-02-17T11:55:35.107+0000] {logging_mixin.py:188} INFO - Downloaded AMZN/1771327847.json
[2026-02-17T11:55:38.521+0000] {logging_mixin.py:188} INFO - Downloaded AMZN/1771327858.json
[2026-02-17T11:55:38.547+0000] {logging_mixin.py:188} INFO - Downloaded AMZN/1771327869.json
[2026-02-17T11:55:38.592+0000] {logging_mixin.py:188} INFO - Downloaded AMZN/1771327879.json
[2026-02-17T11:55:38.639+0000] {logging_mixin.py:188} INFO - Downloaded AMZN/1771327890.json
[2026-02-17T11:55:38.730+0000] {logging_mixin.py:188} INFO - Downloaded AMZN/1771327900.json
[2026-02-17T11:55:38.827+0000] {logging_mixin.py:188} INFO - Downloaded AMZN/1771327911.json
[2026-02-17T11:55:38.881+0000] {logging_mixin.py:188} INFO - Downloaded AMZN/1771327921.json
[2026-02-17T11:55:38.922+0000] {logging_mixin.py:188} INFO - Downloaded AMZN/1771327931.json
[2026-02-17T11:55:38.997+0000] {logging_mixin.py:188} INFO - Downloaded AMZN/1771327942.json
[2026-02-17T11:55:39.079+0000] {logging_mixin.py:188} INFO - Downloaded AMZN/1771327952.json
[2026-02-17T11:55:39.107+0000] {logging_mixin.py:188} INFO - Downloaded AMZN/1771327962.json
[2026-02-17T11:55:39.140+0000] {logging_mixin.py:188} INFO - Downloaded AMZN/1771327973.json
[2026-02-17T11:55:39.170+0000] {logging_mixin.py:188} INFO - Downloaded AMZN/1771327983.json
[2026-02-17T11:55:39.221+0000] {logging_mixin.py:188} INFO - Downloaded AMZN/1771327993.json
[2026-02-17T11:55:39.252+0000] {logging_mixin.py:188} INFO - Downloaded AMZN/1771328004.json
[2026-02-17T11:55:39.283+0000] {logging_mixin.py:188} INFO - Downloaded AMZN/1771328013.json
[2026-02-17T11:55:39.310+0000] {logging_mixin.py:188} INFO - Downloaded AMZN/1771328023.json
[2026-02-17T11:55:39.339+0000] {logging_mixin.py:188} INFO - Downloaded AMZN/1771328033.json
[2026-02-17T11:55:39.387+0000] {logging_mixin.py:188} INFO - Downloaded AMZN/1771328044.json
[2026-02-17T11:55:39.449+0000] {logging_mixin.py:188} INFO - Downloaded AMZN/1771328054.json
[2026-02-17T11:55:39.506+0000] {logging_mixin.py:188} INFO - Downloaded AMZN/1771328064.json
[2026-02-17T11:55:39.533+0000] {logging_mixin.py:188} INFO - Downloaded AMZN/1771328074.json
[2026-02-17T11:55:39.570+0000] {logging_mixin.py:188} INFO - Downloaded AMZN/1771328085.json
[2026-02-17T11:55:39.636+0000] {logging_mixin.py:188} INFO - Downloaded AMZN/1771328096.json
[2026-02-17T11:55:39.679+0000] {logging_mixin.py:188} INFO - Downloaded AMZN/1771328109.json
[2026-02-17T11:55:39.713+0000] {logging_mixin.py:188} INFO - Downloaded AMZN/1771328120.json
[2026-02-17T11:55:39.749+0000] {logging_mixin.py:188} INFO - Downloaded AMZN/1771328131.json
[2026-02-17T11:55:39.777+0000] {logging_mixin.py:188} INFO - Downloaded AMZN/1771328143.json
[2026-02-17T11:55:39.808+0000] {logging_mixin.py:188} INFO - Downloaded AMZN/1771328153.json
[2026-02-17T11:55:39.842+0000] {logging_mixin.py:188} INFO - Downloaded AMZN/1771328165.json
[2026-02-17T11:55:39.870+0000] {logging_mixin.py:188} INFO - Downloaded AMZN/1771328203.json
[2026-02-17T11:55:39.906+0000] {logging_mixin.py:188} INFO - Downloaded AMZN/1771328213.json
[2026-02-17T11:55:39.943+0000] {logging_mixin.py:188} INFO - Downloaded AMZN/1771328223.json
[2026-02-17T11:55:39.988+0000] {logging_mixin.py:188} INFO - Downloaded AMZN/1771328234.json
[2026-02-17T11:55:40.050+0000] {logging_mixin.py:188} INFO - Downloaded AMZN/1771328244.json
[2026-02-17T11:55:40.099+0000] {logging_mixin.py:188} INFO - Downloaded AMZN/1771328254.json
[2026-02-17T11:55:40.131+0000] {logging_mixin.py:188} INFO - Downloaded AMZN/1771328265.json
[2026-02-17T11:55:40.166+0000] {logging_mixin.py:188} INFO - Downloaded AMZN/1771328276.json
[2026-02-17T11:55:40.194+0000] {logging_mixin.py:188} INFO - Downloaded AMZN/1771328287.json
[2026-02-17T11:55:40.228+0000] {logging_mixin.py:188} INFO - Downloaded AMZN/1771328297.json
[2026-02-17T11:55:40.256+0000] {logging_mixin.py:188} INFO - Downloaded AMZN/1771328307.json
[2026-02-17T11:55:40.284+0000] {logging_mixin.py:188} INFO - Downloaded AMZN/1771328317.json
[2026-02-17T11:55:40.329+0000] {logging_mixin.py:188} INFO - Downloaded AMZN/1771328328.json
[2026-02-17T11:55:40.358+0000] {logging_mixin.py:188} INFO - Downloaded AMZN/1771328338.json
[2026-02-17T11:55:40.381+0000] {logging_mixin.py:188} INFO - Downloaded AMZN/1771328348.json
[2026-02-17T11:55:40.432+0000] {logging_mixin.py:188} INFO - Downloaded AMZN/1771328361.json
[2026-02-17T11:55:40.461+0000] {logging_mixin.py:188} INFO - Downloaded AMZN/1771328376.json
[2026-02-17T11:55:40.492+0000] {logging_mixin.py:188} INFO - Downloaded AMZN/1771328389.json
[2026-02-17T11:55:40.518+0000] {logging_mixin.py:188} INFO - Downloaded AMZN/1771328399.json
[2026-02-17T11:55:40.542+0000] {logging_mixin.py:188} INFO - Downloaded AMZN/1771328410.json
[2026-02-17T11:55:40.604+0000] {logging_mixin.py:188} INFO - Downloaded AMZN/1771328421.json
[2026-02-17T11:55:40.643+0000] {logging_mixin.py:188} INFO - Downloaded AMZN/1771328495.json
[2026-02-17T11:55:40.669+0000] {logging_mixin.py:188} INFO - Downloaded AMZN/1771328521.json
[2026-02-17T11:55:40.704+0000] {logging_mixin.py:188} INFO - Downloaded AMZN/1771328531.json
[2026-02-17T11:55:40.733+0000] {logging_mixin.py:188} INFO - Downloaded AMZN/1771328634.json
[2026-02-17T11:55:40.762+0000] {logging_mixin.py:188} INFO - Downloaded AMZN/1771328731.json
[2026-02-17T11:55:40.784+0000] {logging_mixin.py:188} INFO - Downloaded AMZN/1771328742.json
[2026-02-17T11:55:40.817+0000] {logging_mixin.py:188} INFO - Downloaded AMZN/1771328752.json
[2026-02-17T11:55:40.837+0000] {logging_mixin.py:188} INFO - Downloaded AMZN/1771328764.json
[2026-02-17T11:55:40.866+0000] {logging_mixin.py:188} INFO - Downloaded AMZN/1771328774.json
[2026-02-17T11:55:40.898+0000] {logging_mixin.py:188} INFO - Downloaded AMZN/1771328784.json
[2026-02-17T11:55:40.924+0000] {logging_mixin.py:188} INFO - Downloaded AMZN/1771328794.json
[2026-02-17T11:55:40.968+0000] {logging_mixin.py:188} INFO - Downloaded AMZN/1771328804.json
[2026-02-17T11:55:40.993+0000] {logging_mixin.py:188} INFO - Downloaded AMZN/1771328815.json
[2026-02-17T11:55:41.031+0000] {logging_mixin.py:188} INFO - Downloaded AMZN/1771328825.json
[2026-02-17T11:55:41.055+0000] {logging_mixin.py:188} INFO - Downloaded AMZN/1771328836.json
[2026-02-17T11:55:41.076+0000] {logging_mixin.py:188} INFO - Downloaded AMZN/1771328846.json
[2026-02-17T11:55:41.100+0000] {logging_mixin.py:188} INFO - Downloaded AMZN/1771328858.json
[2026-02-17T11:55:41.125+0000] {logging_mixin.py:188} INFO - Downloaded AMZN/1771328869.json
[2026-02-17T11:55:41.156+0000] {logging_mixin.py:188} INFO - Downloaded AMZN/1771328880.json
[2026-02-17T11:55:41.195+0000] {logging_mixin.py:188} INFO - Downloaded AMZN/1771328891.json
[2026-02-17T11:55:41.230+0000] {logging_mixin.py:188} INFO - Downloaded AMZN/1771328901.json
[2026-02-17T11:55:41.264+0000] {logging_mixin.py:188} INFO - Downloaded AMZN/1771328931.json
[2026-02-17T11:55:41.292+0000] {logging_mixin.py:188} INFO - Downloaded AMZN/1771328942.json
[2026-02-17T11:55:41.342+0000] {logging_mixin.py:188} INFO - Downloaded AMZN/1771328952.json
[2026-02-17T11:55:41.383+0000] {logging_mixin.py:188} INFO - Downloaded AMZN/1771328962.json
[2026-02-17T11:55:41.429+0000] {logging_mixin.py:188} INFO - Downloaded AMZN/1771328977.json
[2026-02-17T11:55:41.472+0000] {logging_mixin.py:188} INFO - Downloaded AMZN/1771328988.json
[2026-02-17T11:55:41.585+0000] {logging_mixin.py:188} INFO - Downloaded AMZN/1771328998.json
[2026-02-17T11:55:41.688+0000] {logging_mixin.py:188} INFO - Downloaded AMZN/1771329009.json
[2026-02-17T11:55:41.773+0000] {logging_mixin.py:188} INFO - Downloaded AMZN/1771329022.json
[2026-02-17T11:55:42.098+0000] {logging_mixin.py:188} INFO - Downloaded AMZN/1771329033.json
[2026-02-17T11:55:42.155+0000] {logging_mixin.py:188} INFO - Downloaded AMZN/1771329044.json
[2026-02-17T11:55:42.245+0000] {logging_mixin.py:188} INFO - Downloaded AMZN/1771329086.json
[2026-02-17T11:55:42.285+0000] {logging_mixin.py:188} INFO - Downloaded AMZN/1771329097.json
[2026-02-17T11:55:42.322+0000] {logging_mixin.py:188} INFO - Downloaded AMZN/1771329108.json
[2026-02-17T11:55:42.381+0000] {logging_mixin.py:188} INFO - Downloaded AMZN/1771329134.json
[2026-02-17T11:55:42.436+0000] {logging_mixin.py:188} INFO - Downloaded AMZN/1771329146.json
[2026-02-17T11:55:42.471+0000] {logging_mixin.py:188} INFO - Downloaded AMZN/1771329157.json
[2026-02-17T11:55:42.506+0000] {logging_mixin.py:188} INFO - Downloaded AMZN/1771329169.json
[2026-02-17T11:55:42.549+0000] {logging_mixin.py:188} INFO - Downloaded AMZN/1771329180.json
[2026-02-17T11:55:42.614+0000] {logging_mixin.py:188} INFO - Downloaded AMZN/1771329191.json
[2026-02-17T11:55:42.682+0000] {logging_mixin.py:188} INFO - Downloaded AMZN/1771329203.json
[2026-02-17T11:55:42.739+0000] {logging_mixin.py:188} INFO - Downloaded AMZN/1771329214.json
[2026-02-17T11:55:42.801+0000] {logging_mixin.py:188} INFO - Downloaded AMZN/1771329224.json
[2026-02-17T11:55:42.843+0000] {logging_mixin.py:188} INFO - Downloaded AMZN/1771329234.json
[2026-02-17T11:55:42.868+0000] {logging_mixin.py:188} INFO - Downloaded AMZN/1771329245.json
[2026-02-17T11:55:42.896+0000] {logging_mixin.py:188} INFO - Downloaded AMZN/1771329255.json
[2026-02-17T11:55:42.921+0000] {logging_mixin.py:188} INFO - Downloaded AMZN/1771329266.json
[2026-02-17T11:55:42.955+0000] {logging_mixin.py:188} INFO - Downloaded AMZN/1771329276.json
[2026-02-17T11:55:42.990+0000] {logging_mixin.py:188} INFO - Downloaded AMZN/1771329286.json
[2026-02-17T11:55:43.015+0000] {logging_mixin.py:188} INFO - Downloaded AMZN/1771329296.json
[2026-02-17T11:55:43.044+0000] {logging_mixin.py:188} INFO - Downloaded AMZN/1771329306.json
[2026-02-17T11:55:43.102+0000] {logging_mixin.py:188} INFO - Downloaded GOOGL/1771324934.json
[2026-02-17T11:55:43.140+0000] {logging_mixin.py:188} INFO - Downloaded GOOGL/1771324945.json
[2026-02-17T11:55:43.173+0000] {logging_mixin.py:188} INFO - Downloaded GOOGL/1771324955.json
[2026-02-17T11:55:43.196+0000] {logging_mixin.py:188} INFO - Downloaded GOOGL/1771324965.json
[2026-02-17T11:55:43.220+0000] {logging_mixin.py:188} INFO - Downloaded GOOGL/1771324976.json
[2026-02-17T11:55:43.244+0000] {logging_mixin.py:188} INFO - Downloaded GOOGL/1771324987.json
[2026-02-17T11:55:43.275+0000] {logging_mixin.py:188} INFO - Downloaded GOOGL/1771324998.json
[2026-02-17T11:55:43.301+0000] {logging_mixin.py:188} INFO - Downloaded GOOGL/1771325008.json
[2026-02-17T11:55:43.323+0000] {logging_mixin.py:188} INFO - Downloaded GOOGL/1771325019.json
[2026-02-17T11:55:43.349+0000] {logging_mixin.py:188} INFO - Downloaded GOOGL/1771325030.json
[2026-02-17T11:55:43.380+0000] {logging_mixin.py:188} INFO - Downloaded GOOGL/1771325040.json
[2026-02-17T11:55:43.417+0000] {logging_mixin.py:188} INFO - Downloaded GOOGL/1771325050.json
[2026-02-17T11:55:43.444+0000] {logging_mixin.py:188} INFO - Downloaded GOOGL/1771325061.json
[2026-02-17T11:55:43.471+0000] {logging_mixin.py:188} INFO - Downloaded GOOGL/1771325071.json
[2026-02-17T11:55:43.492+0000] {logging_mixin.py:188} INFO - Downloaded GOOGL/1771325081.json
[2026-02-17T11:55:43.514+0000] {logging_mixin.py:188} INFO - Downloaded GOOGL/1771325092.json
[2026-02-17T11:55:43.537+0000] {logging_mixin.py:188} INFO - Downloaded GOOGL/1771325103.json
[2026-02-17T11:55:43.563+0000] {logging_mixin.py:188} INFO - Downloaded GOOGL/1771325113.json
[2026-02-17T11:55:43.598+0000] {logging_mixin.py:188} INFO - Downloaded GOOGL/1771325123.json
[2026-02-17T11:55:43.624+0000] {logging_mixin.py:188} INFO - Downloaded GOOGL/1771325134.json
[2026-02-17T11:55:43.652+0000] {logging_mixin.py:188} INFO - Downloaded GOOGL/1771325144.json
[2026-02-17T11:55:43.677+0000] {logging_mixin.py:188} INFO - Downloaded GOOGL/1771325155.json
[2026-02-17T11:55:43.700+0000] {logging_mixin.py:188} INFO - Downloaded GOOGL/1771325165.json
[2026-02-17T11:55:43.723+0000] {logging_mixin.py:188} INFO - Downloaded GOOGL/1771325176.json
[2026-02-17T11:55:43.754+0000] {logging_mixin.py:188} INFO - Downloaded GOOGL/1771325186.json
[2026-02-17T11:55:43.779+0000] {logging_mixin.py:188} INFO - Downloaded GOOGL/1771325196.json
[2026-02-17T11:55:43.802+0000] {logging_mixin.py:188} INFO - Downloaded GOOGL/1771325207.json
[2026-02-17T11:55:43.826+0000] {logging_mixin.py:188} INFO - Downloaded GOOGL/1771325217.json
[2026-02-17T11:55:43.852+0000] {logging_mixin.py:188} INFO - Downloaded GOOGL/1771325227.json
[2026-02-17T11:55:43.891+0000] {logging_mixin.py:188} INFO - Downloaded GOOGL/1771325238.json
[2026-02-17T11:55:43.929+0000] {logging_mixin.py:188} INFO - Downloaded GOOGL/1771325249.json
[2026-02-17T11:55:43.959+0000] {logging_mixin.py:188} INFO - Downloaded GOOGL/1771325260.json
[2026-02-17T11:55:43.988+0000] {logging_mixin.py:188} INFO - Downloaded GOOGL/1771325271.json
[2026-02-17T11:55:44.015+0000] {logging_mixin.py:188} INFO - Downloaded GOOGL/1771325281.json
[2026-02-17T11:55:44.042+0000] {logging_mixin.py:188} INFO - Downloaded GOOGL/1771325291.json
[2026-02-17T11:55:44.086+0000] {logging_mixin.py:188} INFO - Downloaded GOOGL/1771325303.json
[2026-02-17T11:55:44.123+0000] {logging_mixin.py:188} INFO - Downloaded GOOGL/1771325336.json
[2026-02-17T11:55:44.148+0000] {logging_mixin.py:188} INFO - Downloaded GOOGL/1771325346.json
[2026-02-17T11:55:44.170+0000] {logging_mixin.py:188} INFO - Downloaded GOOGL/1771325356.json
[2026-02-17T11:55:44.192+0000] {logging_mixin.py:188} INFO - Downloaded GOOGL/1771325366.json
[2026-02-17T11:55:44.217+0000] {logging_mixin.py:188} INFO - Downloaded GOOGL/1771325377.json
[2026-02-17T11:55:44.239+0000] {logging_mixin.py:188} INFO - Downloaded GOOGL/1771325387.json
[2026-02-17T11:55:44.261+0000] {logging_mixin.py:188} INFO - Downloaded GOOGL/1771325399.json
[2026-02-17T11:55:44.282+0000] {logging_mixin.py:188} INFO - Downloaded GOOGL/1771325410.json
[2026-02-17T11:55:44.307+0000] {logging_mixin.py:188} INFO - Downloaded GOOGL/1771325421.json
[2026-02-17T11:55:44.336+0000] {logging_mixin.py:188} INFO - Downloaded GOOGL/1771325433.json
[2026-02-17T11:55:44.362+0000] {logging_mixin.py:188} INFO - Downloaded GOOGL/1771325445.json
[2026-02-17T11:55:44.391+0000] {logging_mixin.py:188} INFO - Downloaded GOOGL/1771325455.json
[2026-02-17T11:55:44.449+0000] {logging_mixin.py:188} INFO - Downloaded GOOGL/1771325466.json
[2026-02-17T11:55:44.490+0000] {logging_mixin.py:188} INFO - Downloaded GOOGL/1771325476.json
[2026-02-17T11:55:44.518+0000] {logging_mixin.py:188} INFO - Downloaded GOOGL/1771325487.json
[2026-02-17T11:55:44.544+0000] {logging_mixin.py:188} INFO - Downloaded GOOGL/1771325498.json
[2026-02-17T11:55:44.572+0000] {logging_mixin.py:188} INFO - Downloaded GOOGL/1771325509.json
[2026-02-17T11:55:44.596+0000] {logging_mixin.py:188} INFO - Downloaded GOOGL/1771325519.json
[2026-02-17T11:55:44.619+0000] {logging_mixin.py:188} INFO - Downloaded GOOGL/1771325530.json
[2026-02-17T11:55:44.645+0000] {logging_mixin.py:188} INFO - Downloaded GOOGL/1771325540.json
[2026-02-17T11:55:44.669+0000] {logging_mixin.py:188} INFO - Downloaded GOOGL/1771325551.json
[2026-02-17T11:55:44.693+0000] {logging_mixin.py:188} INFO - Downloaded GOOGL/1771325561.json
[2026-02-17T11:55:44.714+0000] {logging_mixin.py:188} INFO - Downloaded GOOGL/1771325571.json
[2026-02-17T11:55:44.735+0000] {logging_mixin.py:188} INFO - Downloaded GOOGL/1771325581.json
[2026-02-17T11:55:44.758+0000] {logging_mixin.py:188} INFO - Downloaded GOOGL/1771325591.json
[2026-02-17T11:55:44.786+0000] {logging_mixin.py:188} INFO - Downloaded GOOGL/1771325603.json
[2026-02-17T11:55:44.822+0000] {logging_mixin.py:188} INFO - Downloaded GOOGL/1771325614.json
[2026-02-17T11:55:44.855+0000] {logging_mixin.py:188} INFO - Downloaded GOOGL/1771325624.json
[2026-02-17T11:55:44.894+0000] {logging_mixin.py:188} INFO - Downloaded GOOGL/1771325636.json
[2026-02-17T11:55:44.922+0000] {logging_mixin.py:188} INFO - Downloaded GOOGL/1771325646.json
[2026-02-17T11:55:44.951+0000] {logging_mixin.py:188} INFO - Downloaded GOOGL/1771325657.json
[2026-02-17T11:55:44.985+0000] {logging_mixin.py:188} INFO - Downloaded GOOGL/1771325667.json
[2026-02-17T11:55:45.029+0000] {logging_mixin.py:188} INFO - Downloaded GOOGL/1771325677.json
[2026-02-17T11:55:45.057+0000] {logging_mixin.py:188} INFO - Downloaded GOOGL/1771325688.json
[2026-02-17T11:55:45.087+0000] {logging_mixin.py:188} INFO - Downloaded GOOGL/1771325699.json
[2026-02-17T11:55:45.115+0000] {logging_mixin.py:188} INFO - Downloaded GOOGL/1771325709.json
[2026-02-17T11:55:45.141+0000] {logging_mixin.py:188} INFO - Downloaded GOOGL/1771325720.json
[2026-02-17T11:55:45.176+0000] {logging_mixin.py:188} INFO - Downloaded GOOGL/1771325730.json
[2026-02-17T11:55:45.208+0000] {logging_mixin.py:188} INFO - Downloaded GOOGL/1771325741.json
[2026-02-17T11:55:45.251+0000] {logging_mixin.py:188} INFO - Downloaded GOOGL/1771325752.json
[2026-02-17T11:55:45.287+0000] {logging_mixin.py:188} INFO - Downloaded GOOGL/1771325766.json
[2026-02-17T11:55:45.334+0000] {logging_mixin.py:188} INFO - Downloaded GOOGL/1771325778.json
[2026-02-17T11:55:45.378+0000] {logging_mixin.py:188} INFO - Downloaded GOOGL/1771325790.json
[2026-02-17T11:55:45.424+0000] {logging_mixin.py:188} INFO - Downloaded GOOGL/1771325801.json
[2026-02-17T11:55:45.467+0000] {logging_mixin.py:188} INFO - Downloaded GOOGL/1771325811.json
[2026-02-17T11:55:45.510+0000] {logging_mixin.py:188} INFO - Downloaded GOOGL/1771325822.json
[2026-02-17T11:55:45.546+0000] {logging_mixin.py:188} INFO - Downloaded GOOGL/1771325832.json
[2026-02-17T11:55:45.588+0000] {logging_mixin.py:188} INFO - Downloaded GOOGL/1771325842.json
[2026-02-17T11:55:45.615+0000] {logging_mixin.py:188} INFO - Downloaded GOOGL/1771325855.json
[2026-02-17T11:55:45.652+0000] {logging_mixin.py:188} INFO - Downloaded GOOGL/1771325865.json
[2026-02-17T11:55:45.681+0000] {logging_mixin.py:188} INFO - Downloaded GOOGL/1771325876.json
[2026-02-17T11:55:45.713+0000] {logging_mixin.py:188} INFO - Downloaded GOOGL/1771325888.json
[2026-02-17T11:55:45.739+0000] {logging_mixin.py:188} INFO - Downloaded GOOGL/1771325899.json
[2026-02-17T11:55:45.765+0000] {logging_mixin.py:188} INFO - Downloaded GOOGL/1771325912.json
[2026-02-17T11:55:45.796+0000] {logging_mixin.py:188} INFO - Downloaded GOOGL/1771325923.json
[2026-02-17T11:55:45.830+0000] {logging_mixin.py:188} INFO - Downloaded GOOGL/1771325934.json
[2026-02-17T11:55:45.864+0000] {logging_mixin.py:188} INFO - Downloaded GOOGL/1771325946.json
[2026-02-17T11:55:45.900+0000] {logging_mixin.py:188} INFO - Downloaded GOOGL/1771325959.json
[2026-02-17T11:55:45.923+0000] {logging_mixin.py:188} INFO - Downloaded GOOGL/1771325971.json
[2026-02-17T11:55:45.953+0000] {logging_mixin.py:188} INFO - Downloaded GOOGL/1771325982.json
[2026-02-17T11:55:45.986+0000] {logging_mixin.py:188} INFO - Downloaded GOOGL/1771325993.json
[2026-02-17T11:55:46.013+0000] {logging_mixin.py:188} INFO - Downloaded GOOGL/1771326003.json
[2026-02-17T11:55:46.038+0000] {logging_mixin.py:188} INFO - Downloaded GOOGL/1771326014.json
[2026-02-17T11:55:46.066+0000] {logging_mixin.py:188} INFO - Downloaded GOOGL/1771326025.json
[2026-02-17T11:55:46.101+0000] {logging_mixin.py:188} INFO - Downloaded GOOGL/1771326035.json
[2026-02-17T11:55:46.131+0000] {logging_mixin.py:188} INFO - Downloaded GOOGL/1771326045.json
[2026-02-17T11:55:46.157+0000] {logging_mixin.py:188} INFO - Downloaded GOOGL/1771326056.json
[2026-02-17T11:55:46.187+0000] {logging_mixin.py:188} INFO - Downloaded GOOGL/1771326066.json
[2026-02-17T11:55:46.213+0000] {logging_mixin.py:188} INFO - Downloaded GOOGL/1771326076.json
[2026-02-17T11:55:46.239+0000] {logging_mixin.py:188} INFO - Downloaded GOOGL/1771326086.json
[2026-02-17T11:55:46.266+0000] {logging_mixin.py:188} INFO - Downloaded GOOGL/1771326098.json
[2026-02-17T11:55:46.290+0000] {logging_mixin.py:188} INFO - Downloaded GOOGL/1771326111.json
[2026-02-17T11:55:46.330+0000] {logging_mixin.py:188} INFO - Downloaded GOOGL/1771326125.json
[2026-02-17T11:55:46.359+0000] {logging_mixin.py:188} INFO - Downloaded GOOGL/1771326137.json
[2026-02-17T11:55:46.399+0000] {logging_mixin.py:188} INFO - Downloaded GOOGL/1771326147.json
[2026-02-17T11:55:46.454+0000] {logging_mixin.py:188} INFO - Downloaded GOOGL/1771326159.json
[2026-02-17T11:55:46.493+0000] {logging_mixin.py:188} INFO - Downloaded GOOGL/1771326170.json
[2026-02-17T11:55:46.541+0000] {logging_mixin.py:188} INFO - Downloaded GOOGL/1771326181.json
[2026-02-17T11:55:46.598+0000] {logging_mixin.py:188} INFO - Downloaded GOOGL/1771326192.json
[2026-02-17T11:55:46.667+0000] {logging_mixin.py:188} INFO - Downloaded GOOGL/1771326202.json
[2026-02-17T11:55:46.738+0000] {logging_mixin.py:188} INFO - Downloaded GOOGL/1771326213.json
[2026-02-17T11:55:46.787+0000] {logging_mixin.py:188} INFO - Downloaded GOOGL/1771326223.json
[2026-02-17T11:55:46.834+0000] {logging_mixin.py:188} INFO - Downloaded GOOGL/1771326233.json
[2026-02-17T11:55:46.882+0000] {logging_mixin.py:188} INFO - Downloaded GOOGL/1771326243.json
[2026-02-17T11:55:46.930+0000] {logging_mixin.py:188} INFO - Downloaded GOOGL/1771326253.json
[2026-02-17T11:55:46.982+0000] {logging_mixin.py:188} INFO - Downloaded GOOGL/1771326263.json
[2026-02-17T11:55:47.028+0000] {logging_mixin.py:188} INFO - Downloaded GOOGL/1771326274.json
[2026-02-17T11:55:47.083+0000] {logging_mixin.py:188} INFO - Downloaded GOOGL/1771326284.json
[2026-02-17T11:55:47.155+0000] {logging_mixin.py:188} INFO - Downloaded GOOGL/1771326295.json
[2026-02-17T11:55:47.217+0000] {logging_mixin.py:188} INFO - Downloaded GOOGL/1771326311.json
[2026-02-17T11:55:47.265+0000] {logging_mixin.py:188} INFO - Downloaded GOOGL/1771326322.json
[2026-02-17T11:55:47.319+0000] {logging_mixin.py:188} INFO - Downloaded GOOGL/1771326333.json
[2026-02-17T11:55:47.351+0000] {logging_mixin.py:188} INFO - Downloaded GOOGL/1771326349.json
[2026-02-17T11:55:47.386+0000] {logging_mixin.py:188} INFO - Downloaded GOOGL/1771326360.json
[2026-02-17T11:55:47.416+0000] {logging_mixin.py:188} INFO - Downloaded GOOGL/1771326372.json
[2026-02-17T11:55:47.443+0000] {logging_mixin.py:188} INFO - Downloaded GOOGL/1771326382.json
[2026-02-17T11:55:47.468+0000] {logging_mixin.py:188} INFO - Downloaded GOOGL/1771326393.json
[2026-02-17T11:55:47.510+0000] {logging_mixin.py:188} INFO - Downloaded GOOGL/1771326403.json
[2026-02-17T11:55:47.535+0000] {logging_mixin.py:188} INFO - Downloaded GOOGL/1771326413.json
[2026-02-17T11:55:47.556+0000] {logging_mixin.py:188} INFO - Downloaded GOOGL/1771326424.json
[2026-02-17T11:55:47.585+0000] {logging_mixin.py:188} INFO - Downloaded GOOGL/1771326434.json
[2026-02-17T11:55:47.610+0000] {logging_mixin.py:188} INFO - Downloaded GOOGL/1771326444.json
[2026-02-17T11:55:47.632+0000] {logging_mixin.py:188} INFO - Downloaded GOOGL/1771326454.json
[2026-02-17T11:55:47.655+0000] {logging_mixin.py:188} INFO - Downloaded GOOGL/1771326465.json
[2026-02-17T11:55:47.678+0000] {logging_mixin.py:188} INFO - Downloaded GOOGL/1771326475.json
[2026-02-17T11:55:47.705+0000] {logging_mixin.py:188} INFO - Downloaded GOOGL/1771326485.json
[2026-02-17T11:55:47.726+0000] {logging_mixin.py:188} INFO - Downloaded GOOGL/1771326495.json
[2026-02-17T11:55:47.750+0000] {logging_mixin.py:188} INFO - Downloaded GOOGL/1771326506.json
[2026-02-17T11:55:47.783+0000] {logging_mixin.py:188} INFO - Downloaded GOOGL/1771326516.json
[2026-02-17T11:55:47.810+0000] {logging_mixin.py:188} INFO - Downloaded GOOGL/1771326526.json
[2026-02-17T11:55:47.834+0000] {logging_mixin.py:188} INFO - Downloaded GOOGL/1771326536.json
[2026-02-17T11:55:47.863+0000] {logging_mixin.py:188} INFO - Downloaded GOOGL/1771326547.json
[2026-02-17T11:55:47.887+0000] {logging_mixin.py:188} INFO - Downloaded GOOGL/1771326556.json
[2026-02-17T11:55:47.924+0000] {logging_mixin.py:188} INFO - Downloaded GOOGL/1771326567.json
[2026-02-17T11:55:47.957+0000] {logging_mixin.py:188} INFO - Downloaded GOOGL/1771326577.json
[2026-02-17T11:55:48.004+0000] {logging_mixin.py:188} INFO - Downloaded GOOGL/1771326587.json
[2026-02-17T11:55:48.058+0000] {logging_mixin.py:188} INFO - Downloaded GOOGL/1771326597.json
[2026-02-17T11:55:48.126+0000] {logging_mixin.py:188} INFO - Downloaded GOOGL/1771326607.json
[2026-02-17T11:55:48.164+0000] {logging_mixin.py:188} INFO - Downloaded GOOGL/1771326617.json
[2026-02-17T11:55:48.195+0000] {logging_mixin.py:188} INFO - Downloaded GOOGL/1771326627.json
[2026-02-17T11:55:48.230+0000] {logging_mixin.py:188} INFO - Downloaded GOOGL/1771326638.json
[2026-02-17T11:55:48.264+0000] {logging_mixin.py:188} INFO - Downloaded GOOGL/1771326647.json
[2026-02-17T11:55:48.306+0000] {logging_mixin.py:188} INFO - Downloaded GOOGL/1771326658.json
[2026-02-17T11:55:48.351+0000] {logging_mixin.py:188} INFO - Downloaded GOOGL/1771326668.json
[2026-02-17T11:55:48.381+0000] {logging_mixin.py:188} INFO - Downloaded GOOGL/1771326678.json
[2026-02-17T11:55:48.410+0000] {logging_mixin.py:188} INFO - Downloaded GOOGL/1771326689.json
[2026-02-17T11:55:48.448+0000] {logging_mixin.py:188} INFO - Downloaded GOOGL/1771326699.json
[2026-02-17T11:55:48.482+0000] {logging_mixin.py:188} INFO - Downloaded GOOGL/1771326709.json
[2026-02-17T11:55:48.511+0000] {logging_mixin.py:188} INFO - Downloaded GOOGL/1771326720.json
[2026-02-17T11:55:48.538+0000] {logging_mixin.py:188} INFO - Downloaded GOOGL/1771326730.json
[2026-02-17T11:55:48.570+0000] {logging_mixin.py:188} INFO - Downloaded GOOGL/1771326740.json
[2026-02-17T11:55:48.594+0000] {logging_mixin.py:188} INFO - Downloaded GOOGL/1771326750.json
[2026-02-17T11:55:48.616+0000] {logging_mixin.py:188} INFO - Downloaded GOOGL/1771326760.json
[2026-02-17T11:55:48.640+0000] {logging_mixin.py:188} INFO - Downloaded GOOGL/1771326771.json
[2026-02-17T11:55:48.663+0000] {logging_mixin.py:188} INFO - Downloaded GOOGL/1771326781.json
[2026-02-17T11:55:48.686+0000] {logging_mixin.py:188} INFO - Downloaded GOOGL/1771326791.json
[2026-02-17T11:55:48.711+0000] {logging_mixin.py:188} INFO - Downloaded GOOGL/1771326801.json
[2026-02-17T11:55:48.737+0000] {logging_mixin.py:188} INFO - Downloaded GOOGL/1771326811.json
[2026-02-17T11:55:48.762+0000] {logging_mixin.py:188} INFO - Downloaded GOOGL/1771326821.json
[2026-02-17T11:55:48.798+0000] {logging_mixin.py:188} INFO - Downloaded GOOGL/1771326832.json
[2026-02-17T11:55:48.843+0000] {logging_mixin.py:188} INFO - Downloaded GOOGL/1771326842.json
[2026-02-17T11:55:48.878+0000] {logging_mixin.py:188} INFO - Downloaded GOOGL/1771326852.json
[2026-02-17T11:55:48.906+0000] {logging_mixin.py:188} INFO - Downloaded GOOGL/1771326862.json
[2026-02-17T11:55:48.930+0000] {logging_mixin.py:188} INFO - Downloaded GOOGL/1771326873.json
[2026-02-17T11:55:48.953+0000] {logging_mixin.py:188} INFO - Downloaded GOOGL/1771326883.json
[2026-02-17T11:55:48.977+0000] {logging_mixin.py:188} INFO - Downloaded GOOGL/1771326893.json
[2026-02-17T11:55:49.000+0000] {logging_mixin.py:188} INFO - Downloaded GOOGL/1771326903.json
[2026-02-17T11:55:49.020+0000] {logging_mixin.py:188} INFO - Downloaded GOOGL/1771326914.json
[2026-02-17T11:55:49.039+0000] {logging_mixin.py:188} INFO - Downloaded GOOGL/1771326925.json
[2026-02-17T11:55:49.059+0000] {logging_mixin.py:188} INFO - Downloaded GOOGL/1771326936.json
[2026-02-17T11:55:49.079+0000] {logging_mixin.py:188} INFO - Downloaded GOOGL/1771326947.json
[2026-02-17T11:55:49.099+0000] {logging_mixin.py:188} INFO - Downloaded GOOGL/1771326957.json
[2026-02-17T11:55:49.123+0000] {logging_mixin.py:188} INFO - Downloaded GOOGL/1771326967.json
[2026-02-17T11:55:49.149+0000] {logging_mixin.py:188} INFO - Downloaded GOOGL/1771326978.json
[2026-02-17T11:55:49.171+0000] {logging_mixin.py:188} INFO - Downloaded GOOGL/1771326988.json
[2026-02-17T11:55:49.199+0000] {logging_mixin.py:188} INFO - Downloaded GOOGL/1771326999.json
[2026-02-17T11:55:49.227+0000] {logging_mixin.py:188} INFO - Downloaded GOOGL/1771327010.json
[2026-02-17T11:55:49.265+0000] {logging_mixin.py:188} INFO - Downloaded GOOGL/1771327020.json
[2026-02-17T11:55:49.322+0000] {logging_mixin.py:188} INFO - Downloaded GOOGL/1771327030.json
[2026-02-17T11:55:49.394+0000] {logging_mixin.py:188} INFO - Downloaded GOOGL/1771327041.json
[2026-02-17T11:55:49.440+0000] {logging_mixin.py:188} INFO - Downloaded GOOGL/1771327051.json
[2026-02-17T11:55:49.485+0000] {logging_mixin.py:188} INFO - Downloaded GOOGL/1771327063.json
[2026-02-17T11:55:49.519+0000] {logging_mixin.py:188} INFO - Downloaded GOOGL/1771327086.json
[2026-02-17T11:55:49.546+0000] {logging_mixin.py:188} INFO - Downloaded GOOGL/1771327101.json
[2026-02-17T11:55:49.571+0000] {logging_mixin.py:188} INFO - Downloaded GOOGL/1771327116.json
[2026-02-17T11:55:49.596+0000] {logging_mixin.py:188} INFO - Downloaded GOOGL/1771327129.json
[2026-02-17T11:55:49.619+0000] {logging_mixin.py:188} INFO - Downloaded GOOGL/1771327139.json
[2026-02-17T11:55:49.642+0000] {logging_mixin.py:188} INFO - Downloaded GOOGL/1771327150.json
[2026-02-17T11:55:49.666+0000] {logging_mixin.py:188} INFO - Downloaded GOOGL/1771327160.json
[2026-02-17T11:55:49.687+0000] {logging_mixin.py:188} INFO - Downloaded GOOGL/1771327170.json
[2026-02-17T11:55:49.708+0000] {logging_mixin.py:188} INFO - Downloaded GOOGL/1771327180.json
[2026-02-17T11:55:49.731+0000] {logging_mixin.py:188} INFO - Downloaded GOOGL/1771327190.json
[2026-02-17T11:55:49.752+0000] {logging_mixin.py:188} INFO - Downloaded GOOGL/1771327200.json
[2026-02-17T11:55:49.777+0000] {logging_mixin.py:188} INFO - Downloaded GOOGL/1771327211.json
[2026-02-17T11:55:49.802+0000] {logging_mixin.py:188} INFO - Downloaded GOOGL/1771327222.json
[2026-02-17T11:55:49.824+0000] {logging_mixin.py:188} INFO - Downloaded GOOGL/1771327232.json
[2026-02-17T11:55:49.848+0000] {logging_mixin.py:188} INFO - Downloaded GOOGL/1771327242.json
[2026-02-17T11:55:49.871+0000] {logging_mixin.py:188} INFO - Downloaded GOOGL/1771327254.json
[2026-02-17T11:55:49.892+0000] {logging_mixin.py:188} INFO - Downloaded GOOGL/1771327264.json
[2026-02-17T11:55:49.928+0000] {logging_mixin.py:188} INFO - Downloaded GOOGL/1771327274.json
[2026-02-17T11:55:49.986+0000] {logging_mixin.py:188} INFO - Downloaded GOOGL/1771327284.json
[2026-02-17T11:55:50.024+0000] {logging_mixin.py:188} INFO - Downloaded GOOGL/1771327294.json
[2026-02-17T11:55:50.053+0000] {logging_mixin.py:188} INFO - Downloaded GOOGL/1771327304.json
[2026-02-17T11:55:50.076+0000] {logging_mixin.py:188} INFO - Downloaded GOOGL/1771327315.json
[2026-02-17T11:55:50.098+0000] {logging_mixin.py:188} INFO - Downloaded GOOGL/1771327325.json
[2026-02-17T11:55:50.122+0000] {logging_mixin.py:188} INFO - Downloaded GOOGL/1771327336.json
[2026-02-17T11:55:50.144+0000] {logging_mixin.py:188} INFO - Downloaded GOOGL/1771327346.json
[2026-02-17T11:55:50.168+0000] {logging_mixin.py:188} INFO - Downloaded GOOGL/1771327356.json
[2026-02-17T11:55:50.188+0000] {logging_mixin.py:188} INFO - Downloaded GOOGL/1771327365.json
[2026-02-17T11:55:50.212+0000] {logging_mixin.py:188} INFO - Downloaded GOOGL/1771327375.json
[2026-02-17T11:55:50.238+0000] {logging_mixin.py:188} INFO - Downloaded GOOGL/1771327386.json
[2026-02-17T11:55:50.259+0000] {logging_mixin.py:188} INFO - Downloaded GOOGL/1771327397.json
[2026-02-17T11:55:50.288+0000] {logging_mixin.py:188} INFO - Downloaded GOOGL/1771327408.json
[2026-02-17T11:55:50.314+0000] {logging_mixin.py:188} INFO - Downloaded GOOGL/1771327418.json
[2026-02-17T11:55:50.377+0000] {logging_mixin.py:188} INFO - Downloaded GOOGL/1771327429.json
[2026-02-17T11:55:50.402+0000] {logging_mixin.py:188} INFO - Downloaded GOOGL/1771327439.json
[2026-02-17T11:55:50.427+0000] {logging_mixin.py:188} INFO - Downloaded GOOGL/1771327449.json
[2026-02-17T11:55:50.450+0000] {logging_mixin.py:188} INFO - Downloaded GOOGL/1771327459.json
[2026-02-17T11:55:50.473+0000] {logging_mixin.py:188} INFO - Downloaded GOOGL/1771327470.json
[2026-02-17T11:55:50.497+0000] {logging_mixin.py:188} INFO - Downloaded GOOGL/1771327480.json
[2026-02-17T11:55:50.526+0000] {logging_mixin.py:188} INFO - Downloaded GOOGL/1771327491.json
[2026-02-17T11:55:50.550+0000] {logging_mixin.py:188} INFO - Downloaded GOOGL/1771327501.json
[2026-02-17T11:55:50.591+0000] {logging_mixin.py:188} INFO - Downloaded GOOGL/1771327512.json
[2026-02-17T11:55:50.633+0000] {logging_mixin.py:188} INFO - Downloaded GOOGL/1771327522.json
[2026-02-17T11:55:50.674+0000] {logging_mixin.py:188} INFO - Downloaded GOOGL/1771327533.json
[2026-02-17T11:55:50.711+0000] {logging_mixin.py:188} INFO - Downloaded GOOGL/1771327543.json
[2026-02-17T11:55:50.758+0000] {logging_mixin.py:188} INFO - Downloaded GOOGL/1771327554.json
[2026-02-17T11:55:50.809+0000] {logging_mixin.py:188} INFO - Downloaded GOOGL/1771327564.json
[2026-02-17T11:55:50.859+0000] {logging_mixin.py:188} INFO - Downloaded GOOGL/1771327576.json
[2026-02-17T11:55:50.893+0000] {logging_mixin.py:188} INFO - Downloaded GOOGL/1771327588.json
[2026-02-17T11:55:50.930+0000] {logging_mixin.py:188} INFO - Downloaded GOOGL/1771327599.json
[2026-02-17T11:55:50.965+0000] {logging_mixin.py:188} INFO - Downloaded GOOGL/1771327609.json
[2026-02-17T11:55:50.994+0000] {logging_mixin.py:188} INFO - Downloaded GOOGL/1771327619.json
[2026-02-17T11:55:51.020+0000] {logging_mixin.py:188} INFO - Downloaded GOOGL/1771327629.json
[2026-02-17T11:55:51.048+0000] {logging_mixin.py:188} INFO - Downloaded GOOGL/1771327640.json
[2026-02-17T11:55:51.077+0000] {logging_mixin.py:188} INFO - Downloaded GOOGL/1771327649.json
[2026-02-17T11:55:51.098+0000] {logging_mixin.py:188} INFO - Downloaded GOOGL/1771327660.json
[2026-02-17T11:55:52.728+0000] {logging_mixin.py:188} INFO - Downloaded GOOGL/1771327670.json
[2026-02-17T11:55:52.754+0000] {logging_mixin.py:188} INFO - Downloaded GOOGL/1771327680.json
[2026-02-17T11:55:52.774+0000] {logging_mixin.py:188} INFO - Downloaded GOOGL/1771327691.json
[2026-02-17T11:55:52.795+0000] {logging_mixin.py:188} INFO - Downloaded GOOGL/1771327701.json
[2026-02-17T11:55:52.820+0000] {logging_mixin.py:188} INFO - Downloaded GOOGL/1771327711.json
[2026-02-17T11:55:52.842+0000] {logging_mixin.py:188} INFO - Downloaded GOOGL/1771327721.json
[2026-02-17T11:55:52.871+0000] {logging_mixin.py:188} INFO - Downloaded GOOGL/1771327731.json
[2026-02-17T11:55:52.893+0000] {logging_mixin.py:188} INFO - Downloaded GOOGL/1771327741.json
[2026-02-17T11:55:52.918+0000] {logging_mixin.py:188} INFO - Downloaded GOOGL/1771327752.json
[2026-02-17T11:55:52.940+0000] {logging_mixin.py:188} INFO - Downloaded GOOGL/1771327763.json
[2026-02-17T11:55:52.962+0000] {logging_mixin.py:188} INFO - Downloaded GOOGL/1771327772.json
[2026-02-17T11:55:52.987+0000] {logging_mixin.py:188} INFO - Downloaded GOOGL/1771327784.json
[2026-02-17T11:55:53.012+0000] {logging_mixin.py:188} INFO - Downloaded GOOGL/1771327794.json
[2026-02-17T11:55:53.033+0000] {logging_mixin.py:188} INFO - Downloaded GOOGL/1771327804.json
[2026-02-17T11:55:53.052+0000] {logging_mixin.py:188} INFO - Downloaded GOOGL/1771327814.json
[2026-02-17T11:55:53.076+0000] {logging_mixin.py:188} INFO - Downloaded GOOGL/1771327824.json
[2026-02-17T11:55:53.103+0000] {logging_mixin.py:188} INFO - Downloaded GOOGL/1771327835.json
[2026-02-17T11:55:53.135+0000] {logging_mixin.py:188} INFO - Downloaded GOOGL/1771327846.json
[2026-02-17T11:55:53.162+0000] {logging_mixin.py:188} INFO - Downloaded GOOGL/1771327856.json
[2026-02-17T11:55:53.182+0000] {logging_mixin.py:188} INFO - Downloaded GOOGL/1771327867.json
[2026-02-17T11:55:53.207+0000] {logging_mixin.py:188} INFO - Downloaded GOOGL/1771327878.json
[2026-02-17T11:55:53.234+0000] {logging_mixin.py:188} INFO - Downloaded GOOGL/1771327889.json
[2026-02-17T11:55:53.270+0000] {logging_mixin.py:188} INFO - Downloaded GOOGL/1771327899.json
[2026-02-17T11:55:53.312+0000] {logging_mixin.py:188} INFO - Downloaded GOOGL/1771327909.json
[2026-02-17T11:55:53.358+0000] {logging_mixin.py:188} INFO - Downloaded GOOGL/1771327919.json
[2026-02-17T11:55:53.415+0000] {logging_mixin.py:188} INFO - Downloaded GOOGL/1771327929.json
[2026-02-17T11:55:53.458+0000] {logging_mixin.py:188} INFO - Downloaded GOOGL/1771327940.json
[2026-02-17T11:55:53.513+0000] {logging_mixin.py:188} INFO - Downloaded GOOGL/1771327950.json
[2026-02-17T11:55:53.550+0000] {logging_mixin.py:188} INFO - Downloaded GOOGL/1771327960.json
[2026-02-17T11:55:53.608+0000] {logging_mixin.py:188} INFO - Downloaded GOOGL/1771327971.json
[2026-02-17T11:55:53.665+0000] {logging_mixin.py:188} INFO - Downloaded GOOGL/1771327981.json
[2026-02-17T11:55:53.702+0000] {logging_mixin.py:188} INFO - Downloaded GOOGL/1771327991.json
[2026-02-17T11:55:53.772+0000] {logging_mixin.py:188} INFO - Downloaded GOOGL/1771328002.json
[2026-02-17T11:55:53.812+0000] {logging_mixin.py:188} INFO - Downloaded GOOGL/1771328012.json
[2026-02-17T11:55:53.851+0000] {logging_mixin.py:188} INFO - Downloaded GOOGL/1771328022.json
[2026-02-17T11:55:53.876+0000] {logging_mixin.py:188} INFO - Downloaded GOOGL/1771328032.json
[2026-02-17T11:55:53.899+0000] {logging_mixin.py:188} INFO - Downloaded GOOGL/1771328042.json
[2026-02-17T11:55:53.925+0000] {logging_mixin.py:188} INFO - Downloaded GOOGL/1771328053.json
[2026-02-17T11:55:54.250+0000] {logging_mixin.py:188} INFO - Downloaded GOOGL/1771328063.json
[2026-02-17T11:55:54.320+0000] {logging_mixin.py:188} INFO - Downloaded GOOGL/1771328073.json
[2026-02-17T11:55:54.386+0000] {logging_mixin.py:188} INFO - Downloaded GOOGL/1771328083.json
[2026-02-17T11:55:54.439+0000] {logging_mixin.py:188} INFO - Downloaded GOOGL/1771328094.json
[2026-02-17T11:55:54.487+0000] {logging_mixin.py:188} INFO - Downloaded GOOGL/1771328107.json
[2026-02-17T11:55:54.542+0000] {logging_mixin.py:188} INFO - Downloaded GOOGL/1771328118.json
[2026-02-17T11:55:54.605+0000] {logging_mixin.py:188} INFO - Downloaded GOOGL/1771328129.json
[2026-02-17T11:55:54.653+0000] {logging_mixin.py:188} INFO - Downloaded GOOGL/1771328141.json
[2026-02-17T11:55:54.694+0000] {logging_mixin.py:188} INFO - Downloaded GOOGL/1771328151.json
[2026-02-17T11:55:54.745+0000] {logging_mixin.py:188} INFO - Downloaded GOOGL/1771328163.json
[2026-02-17T11:55:54.794+0000] {logging_mixin.py:188} INFO - Downloaded GOOGL/1771328187.json
[2026-02-17T11:55:54.837+0000] {logging_mixin.py:188} INFO - Downloaded GOOGL/1771328211.json
[2026-02-17T11:55:54.883+0000] {logging_mixin.py:188} INFO - Downloaded GOOGL/1771328221.json
[2026-02-17T11:55:54.925+0000] {logging_mixin.py:188} INFO - Downloaded GOOGL/1771328232.json
[2026-02-17T11:55:54.974+0000] {logging_mixin.py:188} INFO - Downloaded GOOGL/1771328242.json
[2026-02-17T11:55:55.042+0000] {logging_mixin.py:188} INFO - Downloaded GOOGL/1771328253.json
[2026-02-17T11:55:55.097+0000] {logging_mixin.py:188} INFO - Downloaded GOOGL/1771328263.json
[2026-02-17T11:55:55.153+0000] {logging_mixin.py:188} INFO - Downloaded GOOGL/1771328273.json
[2026-02-17T11:55:55.206+0000] {logging_mixin.py:188} INFO - Downloaded GOOGL/1771328285.json
[2026-02-17T11:55:55.244+0000] {logging_mixin.py:188} INFO - Downloaded GOOGL/1771328295.json
[2026-02-17T11:55:55.277+0000] {logging_mixin.py:188} INFO - Downloaded GOOGL/1771328305.json
[2026-02-17T11:55:55.326+0000] {logging_mixin.py:188} INFO - Downloaded GOOGL/1771328316.json
[2026-02-17T11:55:55.357+0000] {logging_mixin.py:188} INFO - Downloaded GOOGL/1771328326.json
[2026-02-17T11:55:55.395+0000] {logging_mixin.py:188} INFO - Downloaded GOOGL/1771328336.json
[2026-02-17T11:55:55.435+0000] {logging_mixin.py:188} INFO - Downloaded GOOGL/1771328346.json
[2026-02-17T11:55:55.467+0000] {logging_mixin.py:188} INFO - Downloaded GOOGL/1771328359.json
[2026-02-17T11:55:55.514+0000] {logging_mixin.py:188} INFO - Downloaded GOOGL/1771328375.json
[2026-02-17T11:55:55.553+0000] {logging_mixin.py:188} INFO - Downloaded GOOGL/1771328387.json
[2026-02-17T11:55:55.578+0000] {logging_mixin.py:188} INFO - Downloaded GOOGL/1771328398.json
[2026-02-17T11:55:55.612+0000] {logging_mixin.py:188} INFO - Downloaded GOOGL/1771328408.json
[2026-02-17T11:55:55.638+0000] {logging_mixin.py:188} INFO - Downloaded GOOGL/1771328419.json
[2026-02-17T11:55:55.663+0000] {logging_mixin.py:188} INFO - Downloaded GOOGL/1771328457.json
[2026-02-17T11:55:55.692+0000] {logging_mixin.py:188} INFO - Downloaded GOOGL/1771328519.json
[2026-02-17T11:55:55.721+0000] {logging_mixin.py:188} INFO - Downloaded GOOGL/1771328530.json
[2026-02-17T11:55:55.750+0000] {logging_mixin.py:188} INFO - Downloaded GOOGL/1771328572.json
[2026-02-17T11:55:55.777+0000] {logging_mixin.py:188} INFO - Downloaded GOOGL/1771328729.json
[2026-02-17T11:55:55.803+0000] {logging_mixin.py:188} INFO - Downloaded GOOGL/1771328741.json
[2026-02-17T11:55:55.830+0000] {logging_mixin.py:188} INFO - Downloaded GOOGL/1771328751.json
[2026-02-17T11:55:55.860+0000] {logging_mixin.py:188} INFO - Downloaded GOOGL/1771328761.json
[2026-02-17T11:55:55.896+0000] {logging_mixin.py:188} INFO - Downloaded GOOGL/1771328772.json
[2026-02-17T11:55:55.928+0000] {logging_mixin.py:188} INFO - Downloaded GOOGL/1771328782.json
[2026-02-17T11:55:55.967+0000] {logging_mixin.py:188} INFO - Downloaded GOOGL/1771328793.json
[2026-02-17T11:55:56.005+0000] {logging_mixin.py:188} INFO - Downloaded GOOGL/1771328803.json
[2026-02-17T11:55:56.061+0000] {logging_mixin.py:188} INFO - Downloaded GOOGL/1771328813.json
[2026-02-17T11:55:56.146+0000] {logging_mixin.py:188} INFO - Downloaded GOOGL/1771328823.json
[2026-02-17T11:55:56.179+0000] {logging_mixin.py:188} INFO - Downloaded GOOGL/1771328834.json
[2026-02-17T11:55:56.214+0000] {logging_mixin.py:188} INFO - Downloaded GOOGL/1771328845.json
[2026-02-17T11:55:56.252+0000] {logging_mixin.py:188} INFO - Downloaded GOOGL/1771328855.json
[2026-02-17T11:55:56.280+0000] {logging_mixin.py:188} INFO - Downloaded GOOGL/1771328867.json
[2026-02-17T11:55:56.307+0000] {logging_mixin.py:188} INFO - Downloaded GOOGL/1771328878.json
[2026-02-17T11:55:56.340+0000] {logging_mixin.py:188} INFO - Downloaded GOOGL/1771328889.json
[2026-02-17T11:55:56.363+0000] {logging_mixin.py:188} INFO - Downloaded GOOGL/1771328900.json
[2026-02-17T11:55:56.393+0000] {logging_mixin.py:188} INFO - Downloaded GOOGL/1771328930.json
[2026-02-17T11:55:56.418+0000] {logging_mixin.py:188} INFO - Downloaded GOOGL/1771328940.json
[2026-02-17T11:55:56.448+0000] {logging_mixin.py:188} INFO - Downloaded GOOGL/1771328950.json
[2026-02-17T11:55:56.479+0000] {logging_mixin.py:188} INFO - Downloaded GOOGL/1771328961.json
[2026-02-17T11:55:56.529+0000] {logging_mixin.py:188} INFO - Downloaded GOOGL/1771328976.json
[2026-02-17T11:55:56.577+0000] {logging_mixin.py:188} INFO - Downloaded GOOGL/1771328986.json
[2026-02-17T11:55:56.644+0000] {logging_mixin.py:188} INFO - Downloaded GOOGL/1771328996.json
[2026-02-17T11:55:56.706+0000] {logging_mixin.py:188} INFO - Downloaded GOOGL/1771329007.json
[2026-02-17T11:55:56.758+0000] {logging_mixin.py:188} INFO - Downloaded GOOGL/1771329021.json
[2026-02-17T11:55:56.833+0000] {logging_mixin.py:188} INFO - Downloaded GOOGL/1771329031.json
[2026-02-17T11:55:56.889+0000] {logging_mixin.py:188} INFO - Downloaded GOOGL/1771329042.json
[2026-02-17T11:55:56.938+0000] {logging_mixin.py:188} INFO - Downloaded GOOGL/1771329084.json
[2026-02-17T11:55:56.983+0000] {logging_mixin.py:188} INFO - Downloaded GOOGL/1771329095.json
[2026-02-17T11:55:57.047+0000] {logging_mixin.py:188} INFO - Downloaded GOOGL/1771329106.json
[2026-02-17T11:55:57.108+0000] {logging_mixin.py:188} INFO - Downloaded GOOGL/1771329133.json
[2026-02-17T11:55:57.179+0000] {logging_mixin.py:188} INFO - Downloaded GOOGL/1771329144.json
[2026-02-17T11:55:57.216+0000] {logging_mixin.py:188} INFO - Downloaded GOOGL/1771329155.json
[2026-02-17T11:55:57.259+0000] {logging_mixin.py:188} INFO - Downloaded GOOGL/1771329166.json
[2026-02-17T11:55:57.297+0000] {logging_mixin.py:188} INFO - Downloaded GOOGL/1771329178.json
[2026-02-17T11:55:57.324+0000] {logging_mixin.py:188} INFO - Downloaded GOOGL/1771329189.json
[2026-02-17T11:55:57.352+0000] {logging_mixin.py:188} INFO - Downloaded GOOGL/1771329200.json
[2026-02-17T11:55:57.380+0000] {logging_mixin.py:188} INFO - Downloaded GOOGL/1771329212.json
[2026-02-17T11:55:57.414+0000] {logging_mixin.py:188} INFO - Downloaded GOOGL/1771329222.json
[2026-02-17T11:55:57.453+0000] {logging_mixin.py:188} INFO - Downloaded GOOGL/1771329233.json
[2026-02-17T11:55:57.482+0000] {logging_mixin.py:188} INFO - Downloaded GOOGL/1771329243.json
[2026-02-17T11:55:57.516+0000] {logging_mixin.py:188} INFO - Downloaded GOOGL/1771329253.json
[2026-02-17T11:55:57.556+0000] {logging_mixin.py:188} INFO - Downloaded GOOGL/1771329264.json
[2026-02-17T11:55:57.593+0000] {logging_mixin.py:188} INFO - Downloaded GOOGL/1771329274.json
[2026-02-17T11:55:57.637+0000] {logging_mixin.py:188} INFO - Downloaded GOOGL/1771329284.json
[2026-02-17T11:55:57.671+0000] {logging_mixin.py:188} INFO - Downloaded GOOGL/1771329294.json
[2026-02-17T11:55:57.709+0000] {logging_mixin.py:188} INFO - Downloaded GOOGL/1771329304.json
[2026-02-17T11:55:57.749+0000] {logging_mixin.py:188} INFO - Downloaded GOOGL/1771329315.json
[2026-02-17T11:55:57.778+0000] {logging_mixin.py:188} INFO - Downloaded GOOGL/1771329325.json
[2026-02-17T11:55:57.801+0000] {logging_mixin.py:188} INFO - Downloaded GOOGL/1771329336.json
[2026-02-17T11:55:57.825+0000] {logging_mixin.py:188} INFO - Downloaded GOOGL/1771329346.json
[2026-02-17T11:55:57.851+0000] {logging_mixin.py:188} INFO - Downloaded MSFT/1771324933.json
[2026-02-17T11:55:57.875+0000] {logging_mixin.py:188} INFO - Downloaded MSFT/1771324944.json
[2026-02-17T11:55:57.897+0000] {logging_mixin.py:188} INFO - Downloaded MSFT/1771324954.json
[2026-02-17T11:55:57.919+0000] {logging_mixin.py:188} INFO - Downloaded MSFT/1771324965.json
[2026-02-17T11:55:57.940+0000] {logging_mixin.py:188} INFO - Downloaded MSFT/1771324975.json
[2026-02-17T11:55:57.966+0000] {logging_mixin.py:188} INFO - Downloaded MSFT/1771324986.json
[2026-02-17T11:55:57.992+0000] {logging_mixin.py:188} INFO - Downloaded MSFT/1771324997.json
[2026-02-17T11:55:58.020+0000] {logging_mixin.py:188} INFO - Downloaded MSFT/1771325008.json
[2026-02-17T11:55:58.047+0000] {logging_mixin.py:188} INFO - Downloaded MSFT/1771325018.json
[2026-02-17T11:55:58.073+0000] {logging_mixin.py:188} INFO - Downloaded MSFT/1771325029.json
[2026-02-17T11:55:58.101+0000] {logging_mixin.py:188} INFO - Downloaded MSFT/1771325039.json
[2026-02-17T11:55:58.127+0000] {logging_mixin.py:188} INFO - Downloaded MSFT/1771325050.json
[2026-02-17T11:55:58.148+0000] {logging_mixin.py:188} INFO - Downloaded MSFT/1771325060.json
[2026-02-17T11:55:58.167+0000] {logging_mixin.py:188} INFO - Downloaded MSFT/1771325070.json
[2026-02-17T11:55:58.189+0000] {logging_mixin.py:188} INFO - Downloaded MSFT/1771325080.json
[2026-02-17T11:55:58.217+0000] {logging_mixin.py:188} INFO - Downloaded MSFT/1771325091.json
[2026-02-17T11:55:58.242+0000] {logging_mixin.py:188} INFO - Downloaded MSFT/1771325102.json
[2026-02-17T11:55:58.283+0000] {logging_mixin.py:188} INFO - Downloaded MSFT/1771325113.json
[2026-02-17T11:55:58.308+0000] {logging_mixin.py:188} INFO - Downloaded MSFT/1771325123.json
[2026-02-17T11:55:58.335+0000] {logging_mixin.py:188} INFO - Downloaded MSFT/1771325133.json
[2026-02-17T11:55:58.355+0000] {logging_mixin.py:188} INFO - Downloaded MSFT/1771325143.json
[2026-02-17T11:55:58.377+0000] {logging_mixin.py:188} INFO - Downloaded MSFT/1771325154.json
[2026-02-17T11:55:58.401+0000] {logging_mixin.py:188} INFO - Downloaded MSFT/1771325164.json
[2026-02-17T11:55:58.424+0000] {logging_mixin.py:188} INFO - Downloaded MSFT/1771325175.json
[2026-02-17T11:55:58.449+0000] {logging_mixin.py:188} INFO - Downloaded MSFT/1771325185.json
[2026-02-17T11:55:58.477+0000] {logging_mixin.py:188} INFO - Downloaded MSFT/1771325195.json
[2026-02-17T11:55:58.501+0000] {logging_mixin.py:188} INFO - Downloaded MSFT/1771325206.json
[2026-02-17T11:55:58.532+0000] {logging_mixin.py:188} INFO - Downloaded MSFT/1771325216.json
[2026-02-17T11:55:58.560+0000] {logging_mixin.py:188} INFO - Downloaded MSFT/1771325226.json
[2026-02-17T11:55:58.585+0000] {logging_mixin.py:188} INFO - Downloaded MSFT/1771325237.json
[2026-02-17T11:55:58.611+0000] {logging_mixin.py:188} INFO - Downloaded MSFT/1771325248.json
[2026-02-17T11:55:58.638+0000] {logging_mixin.py:188} INFO - Downloaded MSFT/1771325258.json
[2026-02-17T11:55:58.664+0000] {logging_mixin.py:188} INFO - Downloaded MSFT/1771325270.json
[2026-02-17T11:55:58.690+0000] {logging_mixin.py:188} INFO - Downloaded MSFT/1771325280.json
[2026-02-17T11:55:58.721+0000] {logging_mixin.py:188} INFO - Downloaded MSFT/1771325290.json
[2026-02-17T11:55:58.755+0000] {logging_mixin.py:188} INFO - Downloaded MSFT/1771325301.json
[2026-02-17T11:55:58.806+0000] {logging_mixin.py:188} INFO - Downloaded MSFT/1771325335.json
[2026-02-17T11:55:58.836+0000] {logging_mixin.py:188} INFO - Downloaded MSFT/1771325345.json
[2026-02-17T11:55:58.866+0000] {logging_mixin.py:188} INFO - Downloaded MSFT/1771325355.json
[2026-02-17T11:55:58.891+0000] {logging_mixin.py:188} INFO - Downloaded MSFT/1771325366.json
[2026-02-17T11:55:58.916+0000] {logging_mixin.py:188} INFO - Downloaded MSFT/1771325376.json
[2026-02-17T11:55:58.941+0000] {logging_mixin.py:188} INFO - Downloaded MSFT/1771325386.json
[2026-02-17T11:55:58.960+0000] {logging_mixin.py:188} INFO - Downloaded MSFT/1771325398.json
[2026-02-17T11:55:58.987+0000] {logging_mixin.py:188} INFO - Downloaded MSFT/1771325409.json
[2026-02-17T11:55:59.017+0000] {logging_mixin.py:188} INFO - Downloaded MSFT/1771325420.json
[2026-02-17T11:55:59.041+0000] {logging_mixin.py:188} INFO - Downloaded MSFT/1771325432.json
[2026-02-17T11:55:59.065+0000] {logging_mixin.py:188} INFO - Downloaded MSFT/1771325444.json
[2026-02-17T11:55:59.089+0000] {logging_mixin.py:188} INFO - Downloaded MSFT/1771325455.json
[2026-02-17T11:55:59.115+0000] {logging_mixin.py:188} INFO - Downloaded MSFT/1771325465.json
[2026-02-17T11:55:59.140+0000] {logging_mixin.py:188} INFO - Downloaded MSFT/1771325475.json
[2026-02-17T11:55:59.170+0000] {logging_mixin.py:188} INFO - Downloaded MSFT/1771325486.json
[2026-02-17T11:55:59.196+0000] {logging_mixin.py:188} INFO - Downloaded MSFT/1771325497.json
[2026-02-17T11:55:59.220+0000] {logging_mixin.py:188} INFO - Downloaded MSFT/1771325508.json
[2026-02-17T11:55:59.243+0000] {logging_mixin.py:188} INFO - Downloaded MSFT/1771325518.json
[2026-02-17T11:55:59.270+0000] {logging_mixin.py:188} INFO - Downloaded MSFT/1771325529.json
[2026-02-17T11:55:59.315+0000] {logging_mixin.py:188} INFO - Downloaded MSFT/1771325539.json
[2026-02-17T11:55:59.352+0000] {logging_mixin.py:188} INFO - Downloaded MSFT/1771325550.json
[2026-02-17T11:55:59.376+0000] {logging_mixin.py:188} INFO - Downloaded MSFT/1771325560.json
[2026-02-17T11:55:59.400+0000] {logging_mixin.py:188} INFO - Downloaded MSFT/1771325570.json
[2026-02-17T11:55:59.424+0000] {logging_mixin.py:188} INFO - Downloaded MSFT/1771325580.json
[2026-02-17T11:55:59.443+0000] {logging_mixin.py:188} INFO - Downloaded MSFT/1771325590.json
[2026-02-17T11:55:59.461+0000] {logging_mixin.py:188} INFO - Downloaded MSFT/1771325601.json
[2026-02-17T11:55:59.482+0000] {logging_mixin.py:188} INFO - Downloaded MSFT/1771325613.json
[2026-02-17T11:55:59.511+0000] {logging_mixin.py:188} INFO - Downloaded MSFT/1771325624.json
[2026-02-17T11:55:59.533+0000] {logging_mixin.py:188} INFO - Downloaded MSFT/1771325634.json
[2026-02-17T11:55:59.554+0000] {logging_mixin.py:188} INFO - Downloaded MSFT/1771325645.json
[2026-02-17T11:55:59.572+0000] {logging_mixin.py:188} INFO - Downloaded MSFT/1771325656.json
[2026-02-17T11:55:59.599+0000] {logging_mixin.py:188} INFO - Downloaded MSFT/1771325666.json
[2026-02-17T11:55:59.626+0000] {logging_mixin.py:188} INFO - Downloaded MSFT/1771325677.json
[2026-02-17T11:55:59.648+0000] {logging_mixin.py:188} INFO - Downloaded MSFT/1771325687.json
[2026-02-17T11:55:59.692+0000] {logging_mixin.py:188} INFO - Downloaded MSFT/1771325698.json
[2026-02-17T11:55:59.713+0000] {logging_mixin.py:188} INFO - Downloaded MSFT/1771325708.json
[2026-02-17T11:55:59.734+0000] {logging_mixin.py:188} INFO - Downloaded MSFT/1771325719.json
[2026-02-17T11:55:59.758+0000] {logging_mixin.py:188} INFO - Downloaded MSFT/1771325730.json
[2026-02-17T11:55:59.783+0000] {logging_mixin.py:188} INFO - Downloaded MSFT/1771325740.json
[2026-02-17T11:55:59.811+0000] {logging_mixin.py:188} INFO - Downloaded MSFT/1771325751.json
[2026-02-17T11:55:59.831+0000] {logging_mixin.py:188} INFO - Downloaded MSFT/1771325777.json
[2026-02-17T11:55:59.860+0000] {logging_mixin.py:188} INFO - Downloaded MSFT/1771325788.json
[2026-02-17T11:55:59.891+0000] {logging_mixin.py:188} INFO - Downloaded MSFT/1771325801.json
[2026-02-17T11:55:59.917+0000] {logging_mixin.py:188} INFO - Downloaded MSFT/1771325811.json
[2026-02-17T11:55:59.947+0000] {logging_mixin.py:188} INFO - Downloaded MSFT/1771325821.json
[2026-02-17T11:55:59.973+0000] {logging_mixin.py:188} INFO - Downloaded MSFT/1771325831.json
[2026-02-17T11:56:00.269+0000] {logging_mixin.py:188} INFO - Downloaded MSFT/1771325841.json
[2026-02-17T11:56:00.325+0000] {logging_mixin.py:188} INFO - Downloaded MSFT/1771325853.json
[2026-02-17T11:56:00.416+0000] {logging_mixin.py:188} INFO - Downloaded MSFT/1771325864.json
[2026-02-17T11:56:00.454+0000] {logging_mixin.py:188} INFO - Downloaded MSFT/1771325875.json
[2026-02-17T11:56:00.484+0000] {logging_mixin.py:188} INFO - Downloaded MSFT/1771325887.json
[2026-02-17T11:56:00.507+0000] {logging_mixin.py:188} INFO - Downloaded MSFT/1771325899.json
[2026-02-17T11:56:00.529+0000] {logging_mixin.py:188} INFO - Downloaded MSFT/1771325911.json
[2026-02-17T11:56:00.552+0000] {logging_mixin.py:188} INFO - Downloaded MSFT/1771325922.json
[2026-02-17T11:56:00.581+0000] {logging_mixin.py:188} INFO - Downloaded MSFT/1771325933.json
[2026-02-17T11:56:00.606+0000] {logging_mixin.py:188} INFO - Downloaded MSFT/1771325945.json
[2026-02-17T11:56:00.627+0000] {logging_mixin.py:188} INFO - Downloaded MSFT/1771325956.json
[2026-02-17T11:56:00.646+0000] {logging_mixin.py:188} INFO - Downloaded MSFT/1771325970.json
[2026-02-17T11:56:00.667+0000] {logging_mixin.py:188} INFO - Downloaded MSFT/1771325981.json
[2026-02-17T11:56:00.687+0000] {logging_mixin.py:188} INFO - Downloaded MSFT/1771325992.json
[2026-02-17T11:56:00.709+0000] {logging_mixin.py:188} INFO - Downloaded MSFT/1771326003.json
[2026-02-17T11:56:00.729+0000] {logging_mixin.py:188} INFO - Downloaded MSFT/1771326013.json
[2026-02-17T11:56:00.756+0000] {logging_mixin.py:188} INFO - Downloaded MSFT/1771326024.json
[2026-02-17T11:56:00.780+0000] {logging_mixin.py:188} INFO - Downloaded MSFT/1771326035.json
[2026-02-17T11:56:00.802+0000] {logging_mixin.py:188} INFO - Downloaded MSFT/1771326045.json
[2026-02-17T11:56:00.826+0000] {logging_mixin.py:188} INFO - Downloaded MSFT/1771326055.json
[2026-02-17T11:56:00.853+0000] {logging_mixin.py:188} INFO - Downloaded MSFT/1771326065.json
[2026-02-17T11:56:00.878+0000] {logging_mixin.py:188} INFO - Downloaded MSFT/1771326075.json
[2026-02-17T11:56:00.906+0000] {logging_mixin.py:188} INFO - Downloaded MSFT/1771326085.json
[2026-02-17T11:56:00.930+0000] {logging_mixin.py:188} INFO - Downloaded MSFT/1771326096.json
[2026-02-17T11:56:00.959+0000] {logging_mixin.py:188} INFO - Downloaded MSFT/1771326108.json
[2026-02-17T11:56:00.999+0000] {logging_mixin.py:188} INFO - Downloaded MSFT/1771326123.json
[2026-02-17T11:56:01.033+0000] {logging_mixin.py:188} INFO - Downloaded MSFT/1771326136.json
[2026-02-17T11:56:01.053+0000] {logging_mixin.py:188} INFO - Downloaded MSFT/1771326146.json
[2026-02-17T11:56:01.076+0000] {logging_mixin.py:188} INFO - Downloaded MSFT/1771326158.json
[2026-02-17T11:56:01.102+0000] {logging_mixin.py:188} INFO - Downloaded MSFT/1771326169.json
[2026-02-17T11:56:01.126+0000] {logging_mixin.py:188} INFO - Downloaded MSFT/1771326180.json
[2026-02-17T11:56:01.149+0000] {logging_mixin.py:188} INFO - Downloaded MSFT/1771326191.json
[2026-02-17T11:56:01.171+0000] {logging_mixin.py:188} INFO - Downloaded MSFT/1771326202.json
[2026-02-17T11:56:01.198+0000] {logging_mixin.py:188} INFO - Downloaded MSFT/1771326212.json
[2026-02-17T11:56:01.225+0000] {logging_mixin.py:188} INFO - Downloaded MSFT/1771326222.json
[2026-02-17T11:56:01.250+0000] {logging_mixin.py:188} INFO - Downloaded MSFT/1771326232.json
[2026-02-17T11:56:01.280+0000] {logging_mixin.py:188} INFO - Downloaded MSFT/1771326243.json
[2026-02-17T11:56:01.305+0000] {logging_mixin.py:188} INFO - Downloaded MSFT/1771326252.json
[2026-02-17T11:56:01.333+0000] {logging_mixin.py:188} INFO - Downloaded MSFT/1771326263.json
[2026-02-17T11:56:01.359+0000] {logging_mixin.py:188} INFO - Downloaded MSFT/1771326273.json
[2026-02-17T11:56:01.382+0000] {logging_mixin.py:188} INFO - Downloaded MSFT/1771326283.json
[2026-02-17T11:56:01.422+0000] {logging_mixin.py:188} INFO - Downloaded MSFT/1771326294.json
[2026-02-17T11:56:01.455+0000] {logging_mixin.py:188} INFO - Downloaded MSFT/1771326310.json
[2026-02-17T11:56:01.482+0000] {logging_mixin.py:188} INFO - Downloaded MSFT/1771326321.json
[2026-02-17T11:56:01.528+0000] {logging_mixin.py:188} INFO - Downloaded MSFT/1771326332.json
[2026-02-17T11:56:01.568+0000] {logging_mixin.py:188} INFO - Downloaded MSFT/1771326348.json
[2026-02-17T11:56:01.617+0000] {logging_mixin.py:188} INFO - Downloaded MSFT/1771326359.json
[2026-02-17T11:56:01.662+0000] {logging_mixin.py:188} INFO - Downloaded MSFT/1771326371.json
[2026-02-17T11:56:01.709+0000] {logging_mixin.py:188} INFO - Downloaded MSFT/1771326382.json
[2026-02-17T11:56:01.750+0000] {logging_mixin.py:188} INFO - Downloaded MSFT/1771326392.json
[2026-02-17T11:56:01.802+0000] {logging_mixin.py:188} INFO - Downloaded MSFT/1771326402.json
[2026-02-17T11:56:01.843+0000] {logging_mixin.py:188} INFO - Downloaded MSFT/1771326412.json
[2026-02-17T11:56:01.887+0000] {logging_mixin.py:188} INFO - Downloaded MSFT/1771326423.json
[2026-02-17T11:56:01.933+0000] {logging_mixin.py:188} INFO - Downloaded MSFT/1771326433.json
[2026-02-17T11:56:01.968+0000] {logging_mixin.py:188} INFO - Downloaded MSFT/1771326443.json
[2026-02-17T11:56:02.007+0000] {logging_mixin.py:188} INFO - Downloaded MSFT/1771326453.json
[2026-02-17T11:56:02.053+0000] {logging_mixin.py:188} INFO - Downloaded MSFT/1771326464.json
[2026-02-17T11:56:02.093+0000] {logging_mixin.py:188} INFO - Downloaded MSFT/1771326474.json
[2026-02-17T11:56:02.133+0000] {logging_mixin.py:188} INFO - Downloaded MSFT/1771326484.json
[2026-02-17T11:56:02.181+0000] {logging_mixin.py:188} INFO - Downloaded MSFT/1771326494.json
[2026-02-17T11:56:02.214+0000] {logging_mixin.py:188} INFO - Downloaded MSFT/1771326505.json
[2026-02-17T11:56:02.246+0000] {logging_mixin.py:188} INFO - Downloaded MSFT/1771326515.json
[2026-02-17T11:56:02.295+0000] {logging_mixin.py:188} INFO - Downloaded MSFT/1771326526.json
[2026-02-17T11:56:02.343+0000] {logging_mixin.py:188} INFO - Downloaded MSFT/1771326535.json
[2026-02-17T11:56:02.364+0000] {logging_mixin.py:188} INFO - Downloaded MSFT/1771326546.json
[2026-02-17T11:56:02.386+0000] {logging_mixin.py:188} INFO - Downloaded MSFT/1771326556.json
[2026-02-17T11:56:02.406+0000] {logging_mixin.py:188} INFO - Downloaded MSFT/1771326567.json
[2026-02-17T11:56:02.425+0000] {logging_mixin.py:188} INFO - Downloaded MSFT/1771326576.json
[2026-02-17T11:56:02.443+0000] {logging_mixin.py:188} INFO - Downloaded MSFT/1771326586.json
[2026-02-17T11:56:02.461+0000] {logging_mixin.py:188} INFO - Downloaded MSFT/1771326596.json
[2026-02-17T11:56:02.481+0000] {logging_mixin.py:188} INFO - Downloaded MSFT/1771326606.json
[2026-02-17T11:56:02.500+0000] {logging_mixin.py:188} INFO - Downloaded MSFT/1771326616.json
[2026-02-17T11:56:02.527+0000] {logging_mixin.py:188} INFO - Downloaded MSFT/1771326627.json
[2026-02-17T11:56:02.548+0000] {logging_mixin.py:188} INFO - Downloaded MSFT/1771326637.json
[2026-02-17T11:56:02.567+0000] {logging_mixin.py:188} INFO - Downloaded MSFT/1771326647.json
[2026-02-17T11:56:02.588+0000] {logging_mixin.py:188} INFO - Downloaded MSFT/1771326657.json
[2026-02-17T11:56:02.614+0000] {logging_mixin.py:188} INFO - Downloaded MSFT/1771326667.json
[2026-02-17T11:56:02.641+0000] {logging_mixin.py:188} INFO - Downloaded MSFT/1771326678.json
[2026-02-17T11:56:02.664+0000] {logging_mixin.py:188} INFO - Downloaded MSFT/1771326688.json
[2026-02-17T11:56:02.683+0000] {logging_mixin.py:188} INFO - Downloaded MSFT/1771326698.json
[2026-02-17T11:56:02.702+0000] {logging_mixin.py:188} INFO - Downloaded MSFT/1771326708.json
[2026-02-17T11:56:02.723+0000] {logging_mixin.py:188} INFO - Downloaded MSFT/1771326719.json
[2026-02-17T11:56:02.743+0000] {logging_mixin.py:188} INFO - Downloaded MSFT/1771326729.json
[2026-02-17T11:56:02.765+0000] {logging_mixin.py:188} INFO - Downloaded MSFT/1771326739.json
[2026-02-17T11:56:02.785+0000] {logging_mixin.py:188} INFO - Downloaded MSFT/1771326749.json
[2026-02-17T11:56:02.812+0000] {logging_mixin.py:188} INFO - Downloaded MSFT/1771326759.json
[2026-02-17T11:56:02.834+0000] {logging_mixin.py:188} INFO - Downloaded MSFT/1771326770.json
[2026-02-17T11:56:02.855+0000] {logging_mixin.py:188} INFO - Downloaded MSFT/1771326780.json
[2026-02-17T11:56:02.874+0000] {logging_mixin.py:188} INFO - Downloaded MSFT/1771326790.json
[2026-02-17T11:56:02.902+0000] {logging_mixin.py:188} INFO - Downloaded MSFT/1771326800.json
[2026-02-17T11:56:02.930+0000] {logging_mixin.py:188} INFO - Downloaded MSFT/1771326810.json
[2026-02-17T11:56:02.957+0000] {logging_mixin.py:188} INFO - Downloaded MSFT/1771326820.json
[2026-02-17T11:56:02.980+0000] {logging_mixin.py:188} INFO - Downloaded MSFT/1771326831.json
[2026-02-17T11:56:03.002+0000] {logging_mixin.py:188} INFO - Downloaded MSFT/1771326841.json
[2026-02-17T11:56:03.031+0000] {logging_mixin.py:188} INFO - Downloaded MSFT/1771326851.json
[2026-02-17T11:56:03.063+0000] {logging_mixin.py:188} INFO - Downloaded MSFT/1771326861.json
[2026-02-17T11:56:03.092+0000] {logging_mixin.py:188} INFO - Downloaded MSFT/1771326871.json
[2026-02-17T11:56:03.120+0000] {logging_mixin.py:188} INFO - Downloaded MSFT/1771326882.json
[2026-02-17T11:56:03.148+0000] {logging_mixin.py:188} INFO - Downloaded MSFT/1771326892.json
[2026-02-17T11:56:03.179+0000] {logging_mixin.py:188} INFO - Downloaded MSFT/1771326902.json
[2026-02-17T11:56:03.207+0000] {logging_mixin.py:188} INFO - Downloaded MSFT/1771326913.json
[2026-02-17T11:56:03.229+0000] {logging_mixin.py:188} INFO - Downloaded MSFT/1771326924.json
[2026-02-17T11:56:03.248+0000] {logging_mixin.py:188} INFO - Downloaded MSFT/1771326935.json
[2026-02-17T11:56:03.269+0000] {logging_mixin.py:188} INFO - Downloaded MSFT/1771326946.json
[2026-02-17T11:56:03.289+0000] {logging_mixin.py:188} INFO - Downloaded MSFT/1771326956.json
[2026-02-17T11:56:03.311+0000] {logging_mixin.py:188} INFO - Downloaded MSFT/1771326966.json
[2026-02-17T11:56:03.331+0000] {logging_mixin.py:188} INFO - Downloaded MSFT/1771326977.json
[2026-02-17T11:56:03.357+0000] {logging_mixin.py:188} INFO - Downloaded MSFT/1771326987.json
[2026-02-17T11:56:03.383+0000] {logging_mixin.py:188} INFO - Downloaded MSFT/1771326997.json
[2026-02-17T11:56:03.407+0000] {logging_mixin.py:188} INFO - Downloaded MSFT/1771327009.json
[2026-02-17T11:56:03.426+0000] {logging_mixin.py:188} INFO - Downloaded MSFT/1771327019.json
[2026-02-17T11:56:03.445+0000] {logging_mixin.py:188} INFO - Downloaded MSFT/1771327029.json
[2026-02-17T11:56:03.465+0000] {logging_mixin.py:188} INFO - Downloaded MSFT/1771327040.json
[2026-02-17T11:56:03.494+0000] {logging_mixin.py:188} INFO - Downloaded MSFT/1771327050.json
[2026-02-17T11:56:03.524+0000] {logging_mixin.py:188} INFO - Downloaded MSFT/1771327060.json
[2026-02-17T11:56:03.546+0000] {logging_mixin.py:188} INFO - Downloaded MSFT/1771327083.json
[2026-02-17T11:56:03.565+0000] {logging_mixin.py:188} INFO - Downloaded MSFT/1771327099.json
[2026-02-17T11:56:03.585+0000] {logging_mixin.py:188} INFO - Downloaded MSFT/1771327115.json
[2026-02-17T11:56:03.607+0000] {logging_mixin.py:188} INFO - Downloaded MSFT/1771327128.json
[2026-02-17T11:56:03.637+0000] {logging_mixin.py:188} INFO - Downloaded MSFT/1771327139.json
[2026-02-17T11:56:03.659+0000] {logging_mixin.py:188} INFO - Downloaded MSFT/1771327149.json
[2026-02-17T11:56:03.685+0000] {logging_mixin.py:188} INFO - Downloaded MSFT/1771327159.json
[2026-02-17T11:56:03.704+0000] {logging_mixin.py:188} INFO - Downloaded MSFT/1771327169.json
[2026-02-17T11:56:03.738+0000] {logging_mixin.py:188} INFO - Downloaded MSFT/1771327179.json
[2026-02-17T11:56:03.767+0000] {logging_mixin.py:188} INFO - Downloaded MSFT/1771327189.json
[2026-02-17T11:56:03.793+0000] {logging_mixin.py:188} INFO - Downloaded MSFT/1771327199.json
[2026-02-17T11:56:03.813+0000] {logging_mixin.py:188} INFO - Downloaded MSFT/1771327210.json
[2026-02-17T11:56:03.834+0000] {logging_mixin.py:188} INFO - Downloaded MSFT/1771327221.json
[2026-02-17T11:56:03.856+0000] {logging_mixin.py:188} INFO - Downloaded MSFT/1771327231.json
[2026-02-17T11:56:03.879+0000] {logging_mixin.py:188} INFO - Downloaded MSFT/1771327241.json
[2026-02-17T11:56:03.902+0000] {logging_mixin.py:188} INFO - Downloaded MSFT/1771327253.json
[2026-02-17T11:56:03.928+0000] {logging_mixin.py:188} INFO - Downloaded MSFT/1771327263.json
[2026-02-17T11:56:03.949+0000] {logging_mixin.py:188} INFO - Downloaded MSFT/1771327273.json
[2026-02-17T11:56:03.971+0000] {logging_mixin.py:188} INFO - Downloaded MSFT/1771327283.json
[2026-02-17T11:56:03.996+0000] {logging_mixin.py:188} INFO - Downloaded MSFT/1771327293.json
[2026-02-17T11:56:04.024+0000] {logging_mixin.py:188} INFO - Downloaded MSFT/1771327303.json
[2026-02-17T11:56:04.054+0000] {logging_mixin.py:188} INFO - Downloaded MSFT/1771327314.json
[2026-02-17T11:56:04.081+0000] {logging_mixin.py:188} INFO - Downloaded MSFT/1771327324.json
[2026-02-17T11:56:04.106+0000] {logging_mixin.py:188} INFO - Downloaded MSFT/1771327335.json
[2026-02-17T11:56:04.132+0000] {logging_mixin.py:188} INFO - Downloaded MSFT/1771327345.json
[2026-02-17T11:56:04.157+0000] {logging_mixin.py:188} INFO - Downloaded MSFT/1771327355.json
[2026-02-17T11:56:04.185+0000] {logging_mixin.py:188} INFO - Downloaded MSFT/1771327365.json
[2026-02-17T11:56:04.249+0000] {logging_mixin.py:188} INFO - Downloaded MSFT/1771327375.json
[2026-02-17T11:56:04.279+0000] {logging_mixin.py:188} INFO - Downloaded MSFT/1771327385.json
[2026-02-17T11:56:04.303+0000] {logging_mixin.py:188} INFO - Downloaded MSFT/1771327396.json
[2026-02-17T11:56:04.333+0000] {logging_mixin.py:188} INFO - Downloaded MSFT/1771327407.json
[2026-02-17T11:56:04.361+0000] {logging_mixin.py:188} INFO - Downloaded MSFT/1771327418.json
[2026-02-17T11:56:04.385+0000] {logging_mixin.py:188} INFO - Downloaded MSFT/1771327428.json
[2026-02-17T11:56:04.413+0000] {logging_mixin.py:188} INFO - Downloaded MSFT/1771327438.json
[2026-02-17T11:56:04.440+0000] {logging_mixin.py:188} INFO - Downloaded MSFT/1771327448.json
[2026-02-17T11:56:04.464+0000] {logging_mixin.py:188} INFO - Downloaded MSFT/1771327458.json
[2026-02-17T11:56:04.494+0000] {logging_mixin.py:188} INFO - Downloaded MSFT/1771327469.json
[2026-02-17T11:56:04.526+0000] {logging_mixin.py:188} INFO - Downloaded MSFT/1771327479.json
[2026-02-17T11:56:04.556+0000] {logging_mixin.py:188} INFO - Downloaded MSFT/1771327490.json
[2026-02-17T11:56:04.583+0000] {logging_mixin.py:188} INFO - Downloaded MSFT/1771327500.json
[2026-02-17T11:56:04.609+0000] {logging_mixin.py:188} INFO - Downloaded MSFT/1771327511.json
[2026-02-17T11:56:04.634+0000] {logging_mixin.py:188} INFO - Downloaded MSFT/1771327522.json
[2026-02-17T11:56:04.661+0000] {logging_mixin.py:188} INFO - Downloaded MSFT/1771327532.json
[2026-02-17T11:56:04.692+0000] {logging_mixin.py:188} INFO - Downloaded MSFT/1771327542.json
[2026-02-17T11:56:04.721+0000] {logging_mixin.py:188} INFO - Downloaded MSFT/1771327553.json
[2026-02-17T11:56:04.756+0000] {logging_mixin.py:188} INFO - Downloaded MSFT/1771327563.json
[2026-02-17T11:56:04.790+0000] {logging_mixin.py:188} INFO - Downloaded MSFT/1771327575.json
[2026-02-17T11:56:04.825+0000] {logging_mixin.py:188} INFO - Downloaded MSFT/1771327587.json
[2026-02-17T11:56:04.848+0000] {logging_mixin.py:188} INFO - Downloaded MSFT/1771327598.json
[2026-02-17T11:56:04.873+0000] {logging_mixin.py:188} INFO - Downloaded MSFT/1771327608.json
[2026-02-17T11:56:04.898+0000] {logging_mixin.py:188} INFO - Downloaded MSFT/1771327618.json
[2026-02-17T11:56:04.919+0000] {logging_mixin.py:188} INFO - Downloaded MSFT/1771327629.json
[2026-02-17T11:56:04.941+0000] {logging_mixin.py:188} INFO - Downloaded MSFT/1771327639.json
[2026-02-17T11:56:04.966+0000] {logging_mixin.py:188} INFO - Downloaded MSFT/1771327649.json
[2026-02-17T11:56:04.988+0000] {logging_mixin.py:188} INFO - Downloaded MSFT/1771327659.json
[2026-02-17T11:56:05.012+0000] {logging_mixin.py:188} INFO - Downloaded MSFT/1771327669.json
[2026-02-17T11:56:05.036+0000] {logging_mixin.py:188} INFO - Downloaded MSFT/1771327679.json
[2026-02-17T11:56:05.061+0000] {logging_mixin.py:188} INFO - Downloaded MSFT/1771327690.json
[2026-02-17T11:56:05.083+0000] {logging_mixin.py:188} INFO - Downloaded MSFT/1771327700.json
[2026-02-17T11:56:05.106+0000] {logging_mixin.py:188} INFO - Downloaded MSFT/1771327710.json
[2026-02-17T11:56:05.132+0000] {logging_mixin.py:188} INFO - Downloaded MSFT/1771327720.json
[2026-02-17T11:56:05.158+0000] {logging_mixin.py:188} INFO - Downloaded MSFT/1771327730.json
[2026-02-17T11:56:05.183+0000] {logging_mixin.py:188} INFO - Downloaded MSFT/1771327741.json
[2026-02-17T11:56:05.207+0000] {logging_mixin.py:188} INFO - Downloaded MSFT/1771327751.json
[2026-02-17T11:56:05.228+0000] {logging_mixin.py:188} INFO - Downloaded MSFT/1771327762.json
[2026-02-17T11:56:05.257+0000] {logging_mixin.py:188} INFO - Downloaded MSFT/1771327772.json
[2026-02-17T11:56:05.289+0000] {logging_mixin.py:188} INFO - Downloaded MSFT/1771327783.json
[2026-02-17T11:56:05.325+0000] {logging_mixin.py:188} INFO - Downloaded MSFT/1771327793.json
[2026-02-17T11:56:05.355+0000] {logging_mixin.py:188} INFO - Downloaded MSFT/1771327803.json
[2026-02-17T11:56:05.385+0000] {logging_mixin.py:188} INFO - Downloaded MSFT/1771327814.json
[2026-02-17T11:56:05.433+0000] {logging_mixin.py:188} INFO - Downloaded MSFT/1771327824.json
[2026-02-17T11:56:05.466+0000] {logging_mixin.py:188} INFO - Downloaded MSFT/1771327834.json
[2026-02-17T11:56:05.499+0000] {logging_mixin.py:188} INFO - Downloaded MSFT/1771327845.json
[2026-02-17T11:56:05.567+0000] {logging_mixin.py:188} INFO - Downloaded MSFT/1771327855.json
[2026-02-17T11:56:05.592+0000] {logging_mixin.py:188} INFO - Downloaded MSFT/1771327866.json
[2026-02-17T11:56:05.628+0000] {logging_mixin.py:188} INFO - Downloaded MSFT/1771327877.json
[2026-02-17T11:56:05.658+0000] {logging_mixin.py:188} INFO - Downloaded MSFT/1771327888.json
[2026-02-17T11:56:05.688+0000] {logging_mixin.py:188} INFO - Downloaded MSFT/1771327898.json
[2026-02-17T11:56:05.719+0000] {logging_mixin.py:188} INFO - Downloaded MSFT/1771327908.json
[2026-02-17T11:56:05.749+0000] {logging_mixin.py:188} INFO - Downloaded MSFT/1771327919.json
[2026-02-17T11:56:05.775+0000] {logging_mixin.py:188} INFO - Downloaded MSFT/1771327929.json
[2026-02-17T11:56:05.801+0000] {logging_mixin.py:188} INFO - Downloaded MSFT/1771327939.json
[2026-02-17T11:56:05.828+0000] {logging_mixin.py:188} INFO - Downloaded MSFT/1771327949.json
[2026-02-17T11:56:05.860+0000] {logging_mixin.py:188} INFO - Downloaded MSFT/1771327959.json
[2026-02-17T11:56:05.891+0000] {logging_mixin.py:188} INFO - Downloaded MSFT/1771327970.json
[2026-02-17T11:56:05.929+0000] {logging_mixin.py:188} INFO - Downloaded MSFT/1771327980.json
[2026-02-17T11:56:05.955+0000] {logging_mixin.py:188} INFO - Downloaded MSFT/1771327991.json
[2026-02-17T11:56:05.987+0000] {logging_mixin.py:188} INFO - Downloaded MSFT/1771328001.json
[2026-02-17T11:56:06.012+0000] {logging_mixin.py:188} INFO - Downloaded MSFT/1771328011.json
[2026-02-17T11:56:06.035+0000] {logging_mixin.py:188} INFO - Downloaded MSFT/1771328021.json
[2026-02-17T11:56:06.063+0000] {logging_mixin.py:188} INFO - Downloaded MSFT/1771328031.json
[2026-02-17T11:56:06.093+0000] {logging_mixin.py:188} INFO - Downloaded MSFT/1771328041.json
[2026-02-17T11:56:06.137+0000] {logging_mixin.py:188} INFO - Downloaded MSFT/1771328052.json
[2026-02-17T11:56:06.174+0000] {logging_mixin.py:188} INFO - Downloaded MSFT/1771328062.json
[2026-02-17T11:56:06.202+0000] {logging_mixin.py:188} INFO - Downloaded MSFT/1771328072.json
[2026-02-17T11:56:06.231+0000] {logging_mixin.py:188} INFO - Downloaded MSFT/1771328082.json
[2026-02-17T11:56:06.258+0000] {logging_mixin.py:188} INFO - Downloaded MSFT/1771328093.json
[2026-02-17T11:56:06.284+0000] {logging_mixin.py:188} INFO - Downloaded MSFT/1771328105.json
[2026-02-17T11:56:06.318+0000] {logging_mixin.py:188} INFO - Downloaded MSFT/1771328117.json
[2026-02-17T11:56:06.353+0000] {logging_mixin.py:188} INFO - Downloaded MSFT/1771328128.json
[2026-02-17T11:56:06.379+0000] {logging_mixin.py:188} INFO - Downloaded MSFT/1771328139.json
[2026-02-17T11:56:06.407+0000] {logging_mixin.py:188} INFO - Downloaded MSFT/1771328151.json
[2026-02-17T11:56:06.439+0000] {logging_mixin.py:188} INFO - Downloaded MSFT/1771328162.json
[2026-02-17T11:56:06.471+0000] {logging_mixin.py:188} INFO - Downloaded MSFT/1771328186.json
[2026-02-17T11:56:06.502+0000] {logging_mixin.py:188} INFO - Downloaded MSFT/1771328210.json
[2026-02-17T11:56:06.535+0000] {logging_mixin.py:188} INFO - Downloaded MSFT/1771328221.json
[2026-02-17T11:56:06.574+0000] {logging_mixin.py:188} INFO - Downloaded MSFT/1771328231.json
[2026-02-17T11:56:06.611+0000] {logging_mixin.py:188} INFO - Downloaded MSFT/1771328241.json
[2026-02-17T11:56:06.668+0000] {logging_mixin.py:188} INFO - Downloaded MSFT/1771328252.json
[2026-02-17T11:56:06.717+0000] {logging_mixin.py:188} INFO - Downloaded MSFT/1771328262.json
[2026-02-17T11:56:06.777+0000] {logging_mixin.py:188} INFO - Downloaded MSFT/1771328273.json
[2026-02-17T11:56:06.823+0000] {logging_mixin.py:188} INFO - Downloaded MSFT/1771328284.json
[2026-02-17T11:56:06.870+0000] {logging_mixin.py:188} INFO - Downloaded MSFT/1771328294.json
[2026-02-17T11:56:06.941+0000] {logging_mixin.py:188} INFO - Downloaded MSFT/1771328305.json
[2026-02-17T11:56:07.017+0000] {logging_mixin.py:188} INFO - Downloaded MSFT/1771328315.json
[2026-02-17T11:56:07.077+0000] {logging_mixin.py:188} INFO - Downloaded MSFT/1771328325.json
[2026-02-17T11:56:07.153+0000] {logging_mixin.py:188} INFO - Downloaded MSFT/1771328335.json
[2026-02-17T11:56:07.190+0000] {logging_mixin.py:188} INFO - Downloaded MSFT/1771328346.json
[2026-02-17T11:56:07.264+0000] {logging_mixin.py:188} INFO - Downloaded MSFT/1771328358.json
[2026-02-17T11:56:07.330+0000] {logging_mixin.py:188} INFO - Downloaded MSFT/1771328374.json
[2026-02-17T11:56:07.384+0000] {logging_mixin.py:188} INFO - Downloaded MSFT/1771328385.json
[2026-02-17T11:56:07.423+0000] {logging_mixin.py:188} INFO - Downloaded MSFT/1771328397.json
[2026-02-17T11:56:07.447+0000] {logging_mixin.py:188} INFO - Downloaded MSFT/1771328408.json
[2026-02-17T11:56:07.486+0000] {logging_mixin.py:188} INFO - Downloaded MSFT/1771328418.json
[2026-02-17T11:56:07.546+0000] {logging_mixin.py:188} INFO - Downloaded MSFT/1771328436.json
[2026-02-17T11:56:07.613+0000] {logging_mixin.py:188} INFO - Downloaded MSFT/1771328518.json
[2026-02-17T11:56:07.671+0000] {logging_mixin.py:188} INFO - Downloaded MSFT/1771328529.json
[2026-02-17T11:56:07.715+0000] {logging_mixin.py:188} INFO - Downloaded MSFT/1771328540.json
[2026-02-17T11:56:07.748+0000] {logging_mixin.py:188} INFO - Downloaded MSFT/1771328728.json
[2026-02-17T11:56:07.773+0000] {logging_mixin.py:188} INFO - Downloaded MSFT/1771328740.json
[2026-02-17T11:56:07.799+0000] {logging_mixin.py:188} INFO - Downloaded MSFT/1771328750.json
[2026-02-17T11:56:07.826+0000] {logging_mixin.py:188} INFO - Downloaded MSFT/1771328760.json
[2026-02-17T11:56:07.851+0000] {logging_mixin.py:188} INFO - Downloaded MSFT/1771328771.json
[2026-02-17T11:56:07.874+0000] {logging_mixin.py:188} INFO - Downloaded MSFT/1771328782.json
[2026-02-17T11:56:07.894+0000] {logging_mixin.py:188} INFO - Downloaded MSFT/1771328792.json
[2026-02-17T11:56:07.915+0000] {logging_mixin.py:188} INFO - Downloaded MSFT/1771328802.json
[2026-02-17T11:56:07.935+0000] {logging_mixin.py:188} INFO - Downloaded MSFT/1771328812.json
[2026-02-17T11:56:07.960+0000] {logging_mixin.py:188} INFO - Downloaded MSFT/1771328822.json
[2026-02-17T11:56:07.987+0000] {logging_mixin.py:188} INFO - Downloaded MSFT/1771328833.json
[2026-02-17T11:56:08.017+0000] {logging_mixin.py:188} INFO - Downloaded MSFT/1771328844.json
[2026-02-17T11:56:08.040+0000] {logging_mixin.py:188} INFO - Downloaded MSFT/1771328854.json
[2026-02-17T11:56:08.069+0000] {logging_mixin.py:188} INFO - Downloaded MSFT/1771328866.json
[2026-02-17T11:56:08.096+0000] {logging_mixin.py:188} INFO - Downloaded MSFT/1771328877.json
[2026-02-17T11:56:08.124+0000] {logging_mixin.py:188} INFO - Downloaded MSFT/1771328888.json
[2026-02-17T11:56:08.148+0000] {logging_mixin.py:188} INFO - Downloaded MSFT/1771328899.json
[2026-02-17T11:56:08.174+0000] {logging_mixin.py:188} INFO - Downloaded MSFT/1771328929.json
[2026-02-17T11:56:08.203+0000] {logging_mixin.py:188} INFO - Downloaded MSFT/1771328939.json
[2026-02-17T11:56:08.228+0000] {logging_mixin.py:188} INFO - Downloaded MSFT/1771328949.json
[2026-02-17T11:56:08.254+0000] {logging_mixin.py:188} INFO - Downloaded MSFT/1771328960.json
[2026-02-17T11:56:08.278+0000] {logging_mixin.py:188} INFO - Downloaded MSFT/1771328975.json
[2026-02-17T11:56:08.298+0000] {logging_mixin.py:188} INFO - Downloaded MSFT/1771328985.json
[2026-02-17T11:56:08.318+0000] {logging_mixin.py:188} INFO - Downloaded MSFT/1771328995.json
[2026-02-17T11:56:08.340+0000] {logging_mixin.py:188} INFO - Downloaded MSFT/1771329006.json
[2026-02-17T11:56:08.365+0000] {logging_mixin.py:188} INFO - Downloaded MSFT/1771329020.json
[2026-02-17T11:56:08.400+0000] {logging_mixin.py:188} INFO - Downloaded MSFT/1771329030.json
[2026-02-17T11:56:08.431+0000] {logging_mixin.py:188} INFO - Downloaded MSFT/1771329041.json
[2026-02-17T11:56:08.457+0000] {logging_mixin.py:188} INFO - Downloaded MSFT/1771329082.json
[2026-02-17T11:56:08.480+0000] {logging_mixin.py:188} INFO - Downloaded MSFT/1771329094.json
[2026-02-17T11:56:08.504+0000] {logging_mixin.py:188} INFO - Downloaded MSFT/1771329105.json
[2026-02-17T11:56:08.523+0000] {logging_mixin.py:188} INFO - Downloaded MSFT/1771329131.json
[2026-02-17T11:56:08.543+0000] {logging_mixin.py:188} INFO - Downloaded MSFT/1771329143.json
[2026-02-17T11:56:08.566+0000] {logging_mixin.py:188} INFO - Downloaded MSFT/1771329154.json
[2026-02-17T11:56:08.590+0000] {logging_mixin.py:188} INFO - Downloaded MSFT/1771329165.json
[2026-02-17T11:56:08.618+0000] {logging_mixin.py:188} INFO - Downloaded MSFT/1771329178.json
[2026-02-17T11:56:08.647+0000] {logging_mixin.py:188} INFO - Downloaded MSFT/1771329188.json
[2026-02-17T11:56:08.669+0000] {logging_mixin.py:188} INFO - Downloaded MSFT/1771329199.json
[2026-02-17T11:56:08.695+0000] {logging_mixin.py:188} INFO - Downloaded MSFT/1771329211.json
[2026-02-17T11:56:08.721+0000] {logging_mixin.py:188} INFO - Downloaded MSFT/1771329221.json
[2026-02-17T11:56:08.748+0000] {logging_mixin.py:188} INFO - Downloaded MSFT/1771329232.json
[2026-02-17T11:56:08.768+0000] {logging_mixin.py:188} INFO - Downloaded MSFT/1771329242.json
[2026-02-17T11:56:08.789+0000] {logging_mixin.py:188} INFO - Downloaded MSFT/1771329252.json
[2026-02-17T11:56:08.813+0000] {logging_mixin.py:188} INFO - Downloaded MSFT/1771329263.json
[2026-02-17T11:56:08.837+0000] {logging_mixin.py:188} INFO - Downloaded MSFT/1771329273.json
[2026-02-17T11:56:08.856+0000] {logging_mixin.py:188} INFO - Downloaded MSFT/1771329283.json
[2026-02-17T11:56:08.874+0000] {logging_mixin.py:188} INFO - Downloaded MSFT/1771329293.json
[2026-02-17T11:56:08.893+0000] {logging_mixin.py:188} INFO - Downloaded MSFT/1771329304.json
[2026-02-17T11:56:08.912+0000] {logging_mixin.py:188} INFO - Downloaded MSFT/1771329314.json
[2026-02-17T11:56:08.932+0000] {logging_mixin.py:188} INFO - Downloaded MSFT/1771329324.json
[2026-02-17T11:56:08.950+0000] {logging_mixin.py:188} INFO - Downloaded MSFT/1771329335.json
[2026-02-17T11:56:08.968+0000] {logging_mixin.py:188} INFO - Downloaded MSFT/1771329345.json
[2026-02-17T11:56:08.992+0000] {logging_mixin.py:188} INFO - Downloaded TSLA/1771324935.json
[2026-02-17T11:56:09.015+0000] {logging_mixin.py:188} INFO - Downloaded TSLA/1771324946.json
[2026-02-17T11:56:09.034+0000] {logging_mixin.py:188} INFO - Downloaded TSLA/1771324956.json
[2026-02-17T11:56:09.052+0000] {logging_mixin.py:188} INFO - Downloaded TSLA/1771324967.json
[2026-02-17T11:56:09.075+0000] {logging_mixin.py:188} INFO - Downloaded TSLA/1771324977.json
[2026-02-17T11:56:09.096+0000] {logging_mixin.py:188} INFO - Downloaded TSLA/1771324988.json
[2026-02-17T11:56:09.114+0000] {logging_mixin.py:188} INFO - Downloaded TSLA/1771324999.json
[2026-02-17T11:56:09.135+0000] {logging_mixin.py:188} INFO - Downloaded TSLA/1771325009.json
[2026-02-17T11:56:09.159+0000] {logging_mixin.py:188} INFO - Downloaded TSLA/1771325020.json
[2026-02-17T11:56:09.178+0000] {logging_mixin.py:188} INFO - Downloaded TSLA/1771325030.json
[2026-02-17T11:56:09.197+0000] {logging_mixin.py:188} INFO - Downloaded TSLA/1771325041.json
[2026-02-17T11:56:09.220+0000] {logging_mixin.py:188} INFO - Downloaded TSLA/1771325051.json
[2026-02-17T11:56:09.245+0000] {logging_mixin.py:188} INFO - Downloaded TSLA/1771325062.json
[2026-02-17T11:56:09.269+0000] {logging_mixin.py:188} INFO - Downloaded TSLA/1771325072.json
[2026-02-17T11:56:09.291+0000] {logging_mixin.py:188} INFO - Downloaded TSLA/1771325082.json
[2026-02-17T11:56:09.313+0000] {logging_mixin.py:188} INFO - Downloaded TSLA/1771325093.json
[2026-02-17T11:56:09.335+0000] {logging_mixin.py:188} INFO - Downloaded TSLA/1771325104.json
[2026-02-17T11:56:09.354+0000] {logging_mixin.py:188} INFO - Downloaded TSLA/1771325114.json
[2026-02-17T11:56:09.380+0000] {logging_mixin.py:188} INFO - Downloaded TSLA/1771325124.json
[2026-02-17T11:56:09.404+0000] {logging_mixin.py:188} INFO - Downloaded TSLA/1771325135.json
[2026-02-17T11:56:09.436+0000] {logging_mixin.py:188} INFO - Downloaded TSLA/1771325145.json
[2026-02-17T11:56:09.469+0000] {logging_mixin.py:188} INFO - Downloaded TSLA/1771325156.json
[2026-02-17T11:56:09.490+0000] {logging_mixin.py:188} INFO - Downloaded TSLA/1771325166.json
[2026-02-17T11:56:09.517+0000] {logging_mixin.py:188} INFO - Downloaded TSLA/1771325176.json
[2026-02-17T11:56:09.540+0000] {logging_mixin.py:188} INFO - Downloaded TSLA/1771325187.json
[2026-02-17T11:56:09.568+0000] {logging_mixin.py:188} INFO - Downloaded TSLA/1771325197.json
[2026-02-17T11:56:09.595+0000] {logging_mixin.py:188} INFO - Downloaded TSLA/1771325208.json
[2026-02-17T11:56:09.618+0000] {logging_mixin.py:188} INFO - Downloaded TSLA/1771325218.json
[2026-02-17T11:56:09.639+0000] {logging_mixin.py:188} INFO - Downloaded TSLA/1771325228.json
[2026-02-17T11:56:09.664+0000] {logging_mixin.py:188} INFO - Downloaded TSLA/1771325239.json
[2026-02-17T11:56:09.688+0000] {logging_mixin.py:188} INFO - Downloaded TSLA/1771325249.json
[2026-02-17T11:56:09.706+0000] {logging_mixin.py:188} INFO - Downloaded TSLA/1771325261.json
[2026-02-17T11:56:09.731+0000] {logging_mixin.py:188} INFO - Downloaded TSLA/1771325271.json
[2026-02-17T11:56:09.750+0000] {logging_mixin.py:188} INFO - Downloaded TSLA/1771325282.json
[2026-02-17T11:56:09.774+0000] {logging_mixin.py:188} INFO - Downloaded TSLA/1771325292.json
[2026-02-17T11:56:09.798+0000] {logging_mixin.py:188} INFO - Downloaded TSLA/1771325336.json
[2026-02-17T11:56:09.827+0000] {logging_mixin.py:188} INFO - Downloaded TSLA/1771325347.json
[2026-02-17T11:56:09.849+0000] {logging_mixin.py:188} INFO - Downloaded TSLA/1771325357.json
[2026-02-17T11:56:09.874+0000] {logging_mixin.py:188} INFO - Downloaded TSLA/1771325367.json
[2026-02-17T11:56:09.899+0000] {logging_mixin.py:188} INFO - Downloaded TSLA/1771325377.json
[2026-02-17T11:56:09.924+0000] {logging_mixin.py:188} INFO - Downloaded TSLA/1771325388.json
[2026-02-17T11:56:09.944+0000] {logging_mixin.py:188} INFO - Downloaded TSLA/1771325400.json
[2026-02-17T11:56:09.965+0000] {logging_mixin.py:188} INFO - Downloaded TSLA/1771325411.json
[2026-02-17T11:56:09.987+0000] {logging_mixin.py:188} INFO - Downloaded TSLA/1771325423.json
[2026-02-17T11:56:10.018+0000] {logging_mixin.py:188} INFO - Downloaded TSLA/1771325434.json
[2026-02-17T11:56:10.048+0000] {logging_mixin.py:188} INFO - Downloaded TSLA/1771325446.json
[2026-02-17T11:56:10.070+0000] {logging_mixin.py:188} INFO - Downloaded TSLA/1771325456.json
[2026-02-17T11:56:10.092+0000] {logging_mixin.py:188} INFO - Downloaded TSLA/1771325467.json
[2026-02-17T11:56:10.114+0000] {logging_mixin.py:188} INFO - Downloaded TSLA/1771325477.json
[2026-02-17T11:56:10.137+0000] {logging_mixin.py:188} INFO - Downloaded TSLA/1771325488.json
[2026-02-17T11:56:10.161+0000] {logging_mixin.py:188} INFO - Downloaded TSLA/1771325499.json
[2026-02-17T11:56:10.190+0000] {logging_mixin.py:188} INFO - Downloaded TSLA/1771325509.json
[2026-02-17T11:56:10.218+0000] {logging_mixin.py:188} INFO - Downloaded TSLA/1771325520.json
[2026-02-17T11:56:10.244+0000] {logging_mixin.py:188} INFO - Downloaded TSLA/1771325531.json
[2026-02-17T11:56:10.267+0000] {logging_mixin.py:188} INFO - Downloaded TSLA/1771325541.json
[2026-02-17T11:56:10.290+0000] {logging_mixin.py:188} INFO - Downloaded TSLA/1771325552.json
[2026-02-17T11:56:10.315+0000] {logging_mixin.py:188} INFO - Downloaded TSLA/1771325561.json
[2026-02-17T11:56:10.339+0000] {logging_mixin.py:188} INFO - Downloaded TSLA/1771325572.json
[2026-02-17T11:56:10.359+0000] {logging_mixin.py:188} INFO - Downloaded TSLA/1771325582.json
[2026-02-17T11:56:10.379+0000] {logging_mixin.py:188} INFO - Downloaded TSLA/1771325592.json
[2026-02-17T11:56:10.398+0000] {logging_mixin.py:188} INFO - Downloaded TSLA/1771325604.json
[2026-02-17T11:56:10.418+0000] {logging_mixin.py:188} INFO - Downloaded TSLA/1771325615.json
[2026-02-17T11:56:10.439+0000] {logging_mixin.py:188} INFO - Downloaded TSLA/1771325625.json
[2026-02-17T11:56:10.463+0000] {logging_mixin.py:188} INFO - Downloaded TSLA/1771325637.json
[2026-02-17T11:56:10.487+0000] {logging_mixin.py:188} INFO - Downloaded TSLA/1771325647.json
[2026-02-17T11:56:10.511+0000] {logging_mixin.py:188} INFO - Downloaded TSLA/1771325658.json
[2026-02-17T11:56:10.534+0000] {logging_mixin.py:188} INFO - Downloaded TSLA/1771325668.json
[2026-02-17T11:56:10.555+0000] {logging_mixin.py:188} INFO - Downloaded TSLA/1771325678.json
[2026-02-17T11:56:10.580+0000] {logging_mixin.py:188} INFO - Downloaded TSLA/1771325690.json
[2026-02-17T11:56:10.623+0000] {logging_mixin.py:188} INFO - Downloaded TSLA/1771325700.json
[2026-02-17T11:56:10.654+0000] {logging_mixin.py:188} INFO - Downloaded TSLA/1771325710.json
[2026-02-17T11:56:10.686+0000] {logging_mixin.py:188} INFO - Downloaded TSLA/1771325721.json
[2026-02-17T11:56:10.716+0000] {logging_mixin.py:188} INFO - Downloaded TSLA/1771325731.json
[2026-02-17T11:56:10.737+0000] {logging_mixin.py:188} INFO - Downloaded TSLA/1771325742.json
[2026-02-17T11:56:10.766+0000] {logging_mixin.py:188} INFO - Downloaded TSLA/1771325752.json
[2026-02-17T11:56:10.792+0000] {logging_mixin.py:188} INFO - Downloaded TSLA/1771325767.json
[2026-02-17T11:56:10.814+0000] {logging_mixin.py:188} INFO - Downloaded TSLA/1771325779.json
[2026-02-17T11:56:10.836+0000] {logging_mixin.py:188} INFO - Downloaded TSLA/1771325791.json
[2026-02-17T11:56:10.855+0000] {logging_mixin.py:188} INFO - Downloaded TSLA/1771325802.json
[2026-02-17T11:56:10.875+0000] {logging_mixin.py:188} INFO - Downloaded TSLA/1771325812.json
[2026-02-17T11:56:10.897+0000] {logging_mixin.py:188} INFO - Downloaded TSLA/1771325823.json
[2026-02-17T11:56:10.917+0000] {logging_mixin.py:188} INFO - Downloaded TSLA/1771325833.json
[2026-02-17T11:56:10.937+0000] {logging_mixin.py:188} INFO - Downloaded TSLA/1771325843.json
[2026-02-17T11:56:10.957+0000] {logging_mixin.py:188} INFO - Downloaded TSLA/1771325856.json
[2026-02-17T11:56:10.976+0000] {logging_mixin.py:188} INFO - Downloaded TSLA/1771325866.json
[2026-02-17T11:56:10.997+0000] {logging_mixin.py:188} INFO - Downloaded TSLA/1771325877.json
[2026-02-17T11:56:11.018+0000] {logging_mixin.py:188} INFO - Downloaded TSLA/1771325890.json
[2026-02-17T11:56:11.042+0000] {logging_mixin.py:188} INFO - Downloaded TSLA/1771325900.json
[2026-02-17T11:56:11.064+0000] {logging_mixin.py:188} INFO - Downloaded TSLA/1771325913.json
[2026-02-17T11:56:11.086+0000] {logging_mixin.py:188} INFO - Downloaded TSLA/1771325925.json
[2026-02-17T11:56:11.107+0000] {logging_mixin.py:188} INFO - Downloaded TSLA/1771325936.json
[2026-02-17T11:56:11.127+0000] {logging_mixin.py:188} INFO - Downloaded TSLA/1771325947.json
[2026-02-17T11:56:11.150+0000] {logging_mixin.py:188} INFO - Downloaded TSLA/1771325960.json
[2026-02-17T11:56:11.171+0000] {logging_mixin.py:188} INFO - Downloaded TSLA/1771325972.json
[2026-02-17T11:56:11.189+0000] {logging_mixin.py:188} INFO - Downloaded TSLA/1771325984.json
[2026-02-17T11:56:11.209+0000] {logging_mixin.py:188} INFO - Downloaded TSLA/1771325994.json
[2026-02-17T11:56:11.233+0000] {logging_mixin.py:188} INFO - Downloaded TSLA/1771326004.json
[2026-02-17T11:56:11.254+0000] {logging_mixin.py:188} INFO - Downloaded TSLA/1771326015.json
[2026-02-17T11:56:11.276+0000] {logging_mixin.py:188} INFO - Downloaded TSLA/1771326026.json
[2026-02-17T11:56:11.300+0000] {logging_mixin.py:188} INFO - Downloaded TSLA/1771326036.json
[2026-02-17T11:56:11.326+0000] {logging_mixin.py:188} INFO - Downloaded TSLA/1771326046.json
[2026-02-17T11:56:11.350+0000] {logging_mixin.py:188} INFO - Downloaded TSLA/1771326056.json
[2026-02-17T11:56:11.370+0000] {logging_mixin.py:188} INFO - Downloaded TSLA/1771326066.json
[2026-02-17T11:56:11.394+0000] {logging_mixin.py:188} INFO - Downloaded TSLA/1771326077.json
[2026-02-17T11:56:11.423+0000] {logging_mixin.py:188} INFO - Downloaded TSLA/1771326086.json
[2026-02-17T11:56:11.447+0000] {logging_mixin.py:188} INFO - Downloaded TSLA/1771326100.json
[2026-02-17T11:56:11.472+0000] {logging_mixin.py:188} INFO - Downloaded TSLA/1771326112.json
[2026-02-17T11:56:11.495+0000] {logging_mixin.py:188} INFO - Downloaded TSLA/1771326126.json
[2026-02-17T11:56:11.520+0000] {logging_mixin.py:188} INFO - Downloaded TSLA/1771326138.json
[2026-02-17T11:56:11.542+0000] {logging_mixin.py:188} INFO - Downloaded TSLA/1771326148.json
[2026-02-17T11:56:11.569+0000] {logging_mixin.py:188} INFO - Downloaded TSLA/1771326160.json
[2026-02-17T11:56:11.600+0000] {logging_mixin.py:188} INFO - Downloaded TSLA/1771326171.json
[2026-02-17T11:56:11.652+0000] {logging_mixin.py:188} INFO - Downloaded TSLA/1771326182.json
[2026-02-17T11:56:11.724+0000] {logging_mixin.py:188} INFO - Downloaded TSLA/1771326193.json
[2026-02-17T11:56:11.774+0000] {logging_mixin.py:188} INFO - Downloaded TSLA/1771326204.json
[2026-02-17T11:56:11.820+0000] {logging_mixin.py:188} INFO - Downloaded TSLA/1771326214.json
[2026-02-17T11:56:11.878+0000] {logging_mixin.py:188} INFO - Downloaded TSLA/1771326224.json
[2026-02-17T11:56:11.924+0000] {logging_mixin.py:188} INFO - Downloaded TSLA/1771326234.json
[2026-02-17T11:56:11.974+0000] {logging_mixin.py:188} INFO - Downloaded TSLA/1771326244.json
[2026-02-17T11:56:12.021+0000] {logging_mixin.py:188} INFO - Downloaded TSLA/1771326254.json
[2026-02-17T11:56:12.057+0000] {logging_mixin.py:188} INFO - Downloaded TSLA/1771326264.json
[2026-02-17T11:56:12.098+0000] {logging_mixin.py:188} INFO - Downloaded TSLA/1771326275.json
[2026-02-17T11:56:12.160+0000] {logging_mixin.py:188} INFO - Downloaded TSLA/1771326285.json
[2026-02-17T11:56:12.218+0000] {logging_mixin.py:188} INFO - Downloaded TSLA/1771326299.json
[2026-02-17T11:56:12.253+0000] {logging_mixin.py:188} INFO - Downloaded TSLA/1771326313.json
[2026-02-17T11:56:12.295+0000] {logging_mixin.py:188} INFO - Downloaded TSLA/1771326323.json
[2026-02-17T11:56:12.352+0000] {logging_mixin.py:188} INFO - Downloaded TSLA/1771326334.json
[2026-02-17T11:56:12.400+0000] {logging_mixin.py:188} INFO - Downloaded TSLA/1771326350.json
[2026-02-17T11:56:12.481+0000] {logging_mixin.py:188} INFO - Downloaded TSLA/1771326361.json
[2026-02-17T11:56:12.547+0000] {logging_mixin.py:188} INFO - Downloaded TSLA/1771326373.json
[2026-02-17T11:56:12.580+0000] {logging_mixin.py:188} INFO - Downloaded TSLA/1771326384.json
[2026-02-17T11:56:12.624+0000] {logging_mixin.py:188} INFO - Downloaded TSLA/1771326394.json
[2026-02-17T11:56:12.649+0000] {logging_mixin.py:188} INFO - Downloaded TSLA/1771326404.json
[2026-02-17T11:56:12.671+0000] {logging_mixin.py:188} INFO - Downloaded TSLA/1771326414.json
[2026-02-17T11:56:12.699+0000] {logging_mixin.py:188} INFO - Downloaded TSLA/1771326424.json
[2026-02-17T11:56:12.721+0000] {logging_mixin.py:188} INFO - Downloaded TSLA/1771326435.json
[2026-02-17T11:56:12.747+0000] {logging_mixin.py:188} INFO - Downloaded TSLA/1771326445.json
[2026-02-17T11:56:12.768+0000] {logging_mixin.py:188} INFO - Downloaded TSLA/1771326455.json
[2026-02-17T11:56:12.790+0000] {logging_mixin.py:188} INFO - Downloaded TSLA/1771326466.json
[2026-02-17T11:56:12.812+0000] {logging_mixin.py:188} INFO - Downloaded TSLA/1771326476.json
[2026-02-17T11:56:12.836+0000] {logging_mixin.py:188} INFO - Downloaded TSLA/1771326485.json
[2026-02-17T11:56:12.856+0000] {logging_mixin.py:188} INFO - Downloaded TSLA/1771326496.json
[2026-02-17T11:56:12.877+0000] {logging_mixin.py:188} INFO - Downloaded TSLA/1771326507.json
[2026-02-17T11:56:12.901+0000] {logging_mixin.py:188} INFO - Downloaded TSLA/1771326517.json
[2026-02-17T11:56:12.926+0000] {logging_mixin.py:188} INFO - Downloaded TSLA/1771326527.json
[2026-02-17T11:56:12.945+0000] {logging_mixin.py:188} INFO - Downloaded TSLA/1771326537.json
[2026-02-17T11:56:12.965+0000] {logging_mixin.py:188} INFO - Downloaded TSLA/1771326547.json
[2026-02-17T11:56:12.993+0000] {logging_mixin.py:188} INFO - Downloaded TSLA/1771326558.json
[2026-02-17T11:56:13.019+0000] {logging_mixin.py:188} INFO - Downloaded TSLA/1771326568.json
[2026-02-17T11:56:13.042+0000] {logging_mixin.py:188} INFO - Downloaded TSLA/1771326578.json
[2026-02-17T11:56:13.068+0000] {logging_mixin.py:188} INFO - Downloaded TSLA/1771326587.json
[2026-02-17T11:56:13.090+0000] {logging_mixin.py:188} INFO - Downloaded TSLA/1771326598.json
[2026-02-17T11:56:13.110+0000] {logging_mixin.py:188} INFO - Downloaded TSLA/1771326608.json
[2026-02-17T11:56:13.135+0000] {logging_mixin.py:188} INFO - Downloaded TSLA/1771326618.json
[2026-02-17T11:56:13.155+0000] {logging_mixin.py:188} INFO - Downloaded TSLA/1771326628.json
[2026-02-17T11:56:13.190+0000] {logging_mixin.py:188} INFO - Downloaded TSLA/1771326638.json
[2026-02-17T11:56:13.233+0000] {logging_mixin.py:188} INFO - Downloaded TSLA/1771326648.json
[2026-02-17T11:56:13.258+0000] {logging_mixin.py:188} INFO - Downloaded TSLA/1771326659.json
[2026-02-17T11:56:13.286+0000] {logging_mixin.py:188} INFO - Downloaded TSLA/1771326669.json
[2026-02-17T11:56:13.312+0000] {logging_mixin.py:188} INFO - Downloaded TSLA/1771326679.json
[2026-02-17T11:56:13.339+0000] {logging_mixin.py:188} INFO - Downloaded TSLA/1771326689.json
[2026-02-17T11:56:13.364+0000] {logging_mixin.py:188} INFO - Downloaded TSLA/1771326700.json
[2026-02-17T11:56:13.388+0000] {logging_mixin.py:188} INFO - Downloaded TSLA/1771326710.json
[2026-02-17T11:56:13.411+0000] {logging_mixin.py:188} INFO - Downloaded TSLA/1771326720.json
[2026-02-17T11:56:13.436+0000] {logging_mixin.py:188} INFO - Downloaded TSLA/1771326730.json
[2026-02-17T11:56:13.461+0000] {logging_mixin.py:188} INFO - Downloaded TSLA/1771326740.json
[2026-02-17T11:56:13.481+0000] {logging_mixin.py:188} INFO - Downloaded TSLA/1771326751.json
[2026-02-17T11:56:13.501+0000] {logging_mixin.py:188} INFO - Downloaded TSLA/1771326761.json
[2026-02-17T11:56:13.523+0000] {logging_mixin.py:188} INFO - Downloaded TSLA/1771326771.json
[2026-02-17T11:56:13.551+0000] {logging_mixin.py:188} INFO - Downloaded TSLA/1771326782.json
[2026-02-17T11:56:13.576+0000] {logging_mixin.py:188} INFO - Downloaded TSLA/1771326792.json
[2026-02-17T11:56:13.606+0000] {logging_mixin.py:188} INFO - Downloaded TSLA/1771326802.json
[2026-02-17T11:56:13.632+0000] {logging_mixin.py:188} INFO - Downloaded TSLA/1771326812.json
[2026-02-17T11:56:13.656+0000] {logging_mixin.py:188} INFO - Downloaded TSLA/1771326822.json
[2026-02-17T11:56:13.686+0000] {logging_mixin.py:188} INFO - Downloaded TSLA/1771326833.json
[2026-02-17T11:56:13.714+0000] {logging_mixin.py:188} INFO - Downloaded TSLA/1771326843.json
[2026-02-17T11:56:13.738+0000] {logging_mixin.py:188} INFO - Downloaded TSLA/1771326853.json
[2026-02-17T11:56:13.762+0000] {logging_mixin.py:188} INFO - Downloaded TSLA/1771326863.json
[2026-02-17T11:56:13.783+0000] {logging_mixin.py:188} INFO - Downloaded TSLA/1771326873.json
[2026-02-17T11:56:13.804+0000] {logging_mixin.py:188} INFO - Downloaded TSLA/1771326884.json
[2026-02-17T11:56:13.830+0000] {logging_mixin.py:188} INFO - Downloaded TSLA/1771326894.json
[2026-02-17T11:56:13.859+0000] {logging_mixin.py:188} INFO - Downloaded TSLA/1771326904.json
[2026-02-17T11:56:13.883+0000] {logging_mixin.py:188} INFO - Downloaded TSLA/1771326914.json
[2026-02-17T11:56:13.908+0000] {logging_mixin.py:188} INFO - Downloaded TSLA/1771326926.json
[2026-02-17T11:56:13.930+0000] {logging_mixin.py:188} INFO - Downloaded TSLA/1771326937.json
[2026-02-17T11:56:13.951+0000] {logging_mixin.py:188} INFO - Downloaded TSLA/1771326948.json
[2026-02-17T11:56:13.971+0000] {logging_mixin.py:188} INFO - Downloaded TSLA/1771326958.json
[2026-02-17T11:56:13.992+0000] {logging_mixin.py:188} INFO - Downloaded TSLA/1771326968.json
[2026-02-17T11:56:14.022+0000] {logging_mixin.py:188} INFO - Downloaded TSLA/1771326979.json
[2026-02-17T11:56:14.043+0000] {logging_mixin.py:188} INFO - Downloaded TSLA/1771326989.json
[2026-02-17T11:56:14.062+0000] {logging_mixin.py:188} INFO - Downloaded TSLA/1771327000.json
[2026-02-17T11:56:14.085+0000] {logging_mixin.py:188} INFO - Downloaded TSLA/1771327010.json
[2026-02-17T11:56:14.106+0000] {logging_mixin.py:188} INFO - Downloaded TSLA/1771327021.json
[2026-02-17T11:56:14.129+0000] {logging_mixin.py:188} INFO - Downloaded TSLA/1771327031.json
[2026-02-17T11:56:14.153+0000] {logging_mixin.py:188} INFO - Downloaded TSLA/1771327042.json
[2026-02-17T11:56:14.172+0000] {logging_mixin.py:188} INFO - Downloaded TSLA/1771327052.json
[2026-02-17T11:56:14.193+0000] {logging_mixin.py:188} INFO - Downloaded TSLA/1771327066.json
[2026-02-17T11:56:14.216+0000] {logging_mixin.py:188} INFO - Downloaded TSLA/1771327088.json
[2026-02-17T11:56:14.265+0000] {logging_mixin.py:188} INFO - Downloaded TSLA/1771327103.json
[2026-02-17T11:56:14.314+0000] {logging_mixin.py:188} INFO - Downloaded TSLA/1771327117.json
[2026-02-17T11:56:14.341+0000] {logging_mixin.py:188} INFO - Downloaded TSLA/1771327130.json
[2026-02-17T11:56:14.365+0000] {logging_mixin.py:188} INFO - Downloaded TSLA/1771327140.json
[2026-02-17T11:56:14.388+0000] {logging_mixin.py:188} INFO - Downloaded TSLA/1771327151.json
[2026-02-17T11:56:14.415+0000] {logging_mixin.py:188} INFO - Downloaded TSLA/1771327161.json
[2026-02-17T11:56:14.440+0000] {logging_mixin.py:188} INFO - Downloaded TSLA/1771327171.json
[2026-02-17T11:56:14.466+0000] {logging_mixin.py:188} INFO - Downloaded TSLA/1771327181.json
[2026-02-17T11:56:14.497+0000] {logging_mixin.py:188} INFO - Downloaded TSLA/1771327191.json
[2026-02-17T11:56:14.526+0000] {logging_mixin.py:188} INFO - Downloaded TSLA/1771327201.json
[2026-02-17T11:56:14.557+0000] {logging_mixin.py:188} INFO - Downloaded TSLA/1771327212.json
[2026-02-17T11:56:14.584+0000] {logging_mixin.py:188} INFO - Downloaded TSLA/1771327223.json
[2026-02-17T11:56:14.618+0000] {logging_mixin.py:188} INFO - Downloaded TSLA/1771327233.json
[2026-02-17T11:56:14.646+0000] {logging_mixin.py:188} INFO - Downloaded TSLA/1771327244.json
[2026-02-17T11:56:14.675+0000] {logging_mixin.py:188} INFO - Downloaded TSLA/1771327255.json
[2026-02-17T11:56:14.704+0000] {logging_mixin.py:188} INFO - Downloaded TSLA/1771327265.json
[2026-02-17T11:56:14.727+0000] {logging_mixin.py:188} INFO - Downloaded TSLA/1771327275.json
[2026-02-17T11:56:14.751+0000] {logging_mixin.py:188} INFO - Downloaded TSLA/1771327285.json
[2026-02-17T11:56:14.775+0000] {logging_mixin.py:188} INFO - Downloaded TSLA/1771327295.json
[2026-02-17T11:56:14.799+0000] {logging_mixin.py:188} INFO - Downloaded TSLA/1771327305.json
[2026-02-17T11:56:14.855+0000] {logging_mixin.py:188} INFO - Downloaded TSLA/1771327316.json
[2026-02-17T11:56:14.891+0000] {logging_mixin.py:188} INFO - Downloaded TSLA/1771327326.json
[2026-02-17T11:56:14.926+0000] {logging_mixin.py:188} INFO - Downloaded TSLA/1771327337.json
[2026-02-17T11:56:14.959+0000] {logging_mixin.py:188} INFO - Downloaded TSLA/1771327347.json
[2026-02-17T11:56:14.990+0000] {logging_mixin.py:188} INFO - Downloaded TSLA/1771327357.json
[2026-02-17T11:56:15.024+0000] {logging_mixin.py:188} INFO - Downloaded TSLA/1771327366.json
[2026-02-17T11:56:15.050+0000] {logging_mixin.py:188} INFO - Downloaded TSLA/1771327377.json
[2026-02-17T11:56:15.075+0000] {logging_mixin.py:188} INFO - Downloaded TSLA/1771327387.json
[2026-02-17T11:56:15.106+0000] {logging_mixin.py:188} INFO - Downloaded TSLA/1771327398.json
[2026-02-17T11:56:15.131+0000] {logging_mixin.py:188} INFO - Downloaded TSLA/1771327408.json
[2026-02-17T11:56:15.164+0000] {logging_mixin.py:188} INFO - Downloaded TSLA/1771327419.json
[2026-02-17T11:56:15.188+0000] {logging_mixin.py:188} INFO - Downloaded TSLA/1771327429.json
[2026-02-17T11:56:15.217+0000] {logging_mixin.py:188} INFO - Downloaded TSLA/1771327440.json
[2026-02-17T11:56:15.248+0000] {logging_mixin.py:188} INFO - Downloaded TSLA/1771327450.json
[2026-02-17T11:56:15.276+0000] {logging_mixin.py:188} INFO - Downloaded TSLA/1771327460.json
[2026-02-17T11:56:15.306+0000] {logging_mixin.py:188} INFO - Downloaded TSLA/1771327471.json
[2026-02-17T11:56:15.332+0000] {logging_mixin.py:188} INFO - Downloaded TSLA/1771327481.json
[2026-02-17T11:56:15.358+0000] {logging_mixin.py:188} INFO - Downloaded TSLA/1771327492.json
[2026-02-17T11:56:15.384+0000] {logging_mixin.py:188} INFO - Downloaded TSLA/1771327502.json
[2026-02-17T11:56:15.413+0000] {logging_mixin.py:188} INFO - Downloaded TSLA/1771327513.json
[2026-02-17T11:56:15.442+0000] {logging_mixin.py:188} INFO - Downloaded TSLA/1771327523.json
[2026-02-17T11:56:15.471+0000] {logging_mixin.py:188} INFO - Downloaded TSLA/1771327534.json
[2026-02-17T11:56:15.496+0000] {logging_mixin.py:188} INFO - Downloaded TSLA/1771327544.json
[2026-02-17T11:56:15.522+0000] {logging_mixin.py:188} INFO - Downloaded TSLA/1771327554.json
[2026-02-17T11:56:15.548+0000] {logging_mixin.py:188} INFO - Downloaded TSLA/1771327565.json
[2026-02-17T11:56:15.574+0000] {logging_mixin.py:188} INFO - Downloaded TSLA/1771327577.json
[2026-02-17T11:56:15.603+0000] {logging_mixin.py:188} INFO - Downloaded TSLA/1771327589.json
[2026-02-17T11:56:15.634+0000] {logging_mixin.py:188} INFO - Downloaded TSLA/1771327599.json
[2026-02-17T11:56:15.665+0000] {logging_mixin.py:188} INFO - Downloaded TSLA/1771327610.json
[2026-02-17T11:56:15.701+0000] {logging_mixin.py:188} INFO - Downloaded TSLA/1771327620.json
[2026-02-17T11:56:15.762+0000] {logging_mixin.py:188} INFO - Downloaded TSLA/1771327630.json
[2026-02-17T11:56:16.047+0000] {logging_mixin.py:188} INFO - Downloaded TSLA/1771327640.json
[2026-02-17T11:56:16.133+0000] {logging_mixin.py:188} INFO - Downloaded TSLA/1771327650.json
[2026-02-17T11:56:16.187+0000] {logging_mixin.py:188} INFO - Downloaded TSLA/1771327660.json
[2026-02-17T11:56:16.250+0000] {logging_mixin.py:188} INFO - Downloaded TSLA/1771327670.json
[2026-02-17T11:56:16.295+0000] {logging_mixin.py:188} INFO - Downloaded TSLA/1771327681.json
[2026-02-17T11:56:16.326+0000] {logging_mixin.py:188} INFO - Downloaded TSLA/1771327692.json
[2026-02-17T11:56:16.363+0000] {logging_mixin.py:188} INFO - Downloaded TSLA/1771327702.json
[2026-02-17T11:56:16.393+0000] {logging_mixin.py:188} INFO - Downloaded TSLA/1771327712.json
[2026-02-17T11:56:16.436+0000] {logging_mixin.py:188} INFO - Downloaded TSLA/1771327722.json
[2026-02-17T11:56:16.483+0000] {logging_mixin.py:188} INFO - Downloaded TSLA/1771327732.json
[2026-02-17T11:56:16.530+0000] {logging_mixin.py:188} INFO - Downloaded TSLA/1771327742.json
[2026-02-17T11:56:16.571+0000] {logging_mixin.py:188} INFO - Downloaded TSLA/1771327753.json
[2026-02-17T11:56:16.627+0000] {logging_mixin.py:188} INFO - Downloaded TSLA/1771327763.json
[2026-02-17T11:56:16.655+0000] {logging_mixin.py:188} INFO - Downloaded TSLA/1771327773.json
[2026-02-17T11:56:16.685+0000] {logging_mixin.py:188} INFO - Downloaded TSLA/1771327785.json
[2026-02-17T11:56:16.734+0000] {logging_mixin.py:188} INFO - Downloaded TSLA/1771327795.json
[2026-02-17T11:56:16.785+0000] {logging_mixin.py:188} INFO - Downloaded TSLA/1771327805.json
[2026-02-17T11:56:16.871+0000] {logging_mixin.py:188} INFO - Downloaded TSLA/1771327815.json
[2026-02-17T11:56:16.915+0000] {logging_mixin.py:188} INFO - Downloaded TSLA/1771327825.json
[2026-02-17T11:56:16.956+0000] {logging_mixin.py:188} INFO - Downloaded TSLA/1771327836.json
[2026-02-17T11:56:17.009+0000] {logging_mixin.py:188} INFO - Downloaded TSLA/1771327846.json
[2026-02-17T11:56:17.071+0000] {logging_mixin.py:188} INFO - Downloaded TSLA/1771327857.json
[2026-02-17T11:56:17.110+0000] {logging_mixin.py:188} INFO - Downloaded TSLA/1771327868.json
[2026-02-17T11:56:17.169+0000] {logging_mixin.py:188} INFO - Downloaded TSLA/1771327878.json
[2026-02-17T11:56:17.234+0000] {logging_mixin.py:188} INFO - Downloaded TSLA/1771327890.json
[2026-02-17T11:56:17.284+0000] {logging_mixin.py:188} INFO - Downloaded TSLA/1771327900.json
[2026-02-17T11:56:17.383+0000] {logging_mixin.py:188} INFO - Downloaded TSLA/1771327910.json
[2026-02-17T11:56:17.446+0000] {logging_mixin.py:188} INFO - Downloaded TSLA/1771327920.json
[2026-02-17T11:56:17.534+0000] {logging_mixin.py:188} INFO - Downloaded TSLA/1771327930.json
[2026-02-17T11:56:17.603+0000] {logging_mixin.py:188} INFO - Downloaded TSLA/1771327941.json
[2026-02-17T11:56:17.663+0000] {logging_mixin.py:188} INFO - Downloaded TSLA/1771327951.json
[2026-02-17T11:56:17.733+0000] {logging_mixin.py:188} INFO - Downloaded TSLA/1771327961.json
[2026-02-17T11:56:17.787+0000] {logging_mixin.py:188} INFO - Downloaded TSLA/1771327972.json
[2026-02-17T11:56:17.852+0000] {logging_mixin.py:188} INFO - Downloaded TSLA/1771327982.json
[2026-02-17T11:56:17.917+0000] {logging_mixin.py:188} INFO - Downloaded TSLA/1771327992.json
[2026-02-17T11:56:17.969+0000] {logging_mixin.py:188} INFO - Downloaded TSLA/1771328003.json
[2026-02-17T11:56:18.005+0000] {logging_mixin.py:188} INFO - Downloaded TSLA/1771328012.json
[2026-02-17T11:56:18.039+0000] {logging_mixin.py:188} INFO - Downloaded TSLA/1771328022.json
[2026-02-17T11:56:18.075+0000] {logging_mixin.py:188} INFO - Downloaded TSLA/1771328033.json
[2026-02-17T11:56:18.109+0000] {logging_mixin.py:188} INFO - Downloaded TSLA/1771328043.json
[2026-02-17T11:56:18.146+0000] {logging_mixin.py:188} INFO - Downloaded TSLA/1771328053.json
[2026-02-17T11:56:18.178+0000] {logging_mixin.py:188} INFO - Downloaded TSLA/1771328063.json
[2026-02-17T11:56:18.207+0000] {logging_mixin.py:188} INFO - Downloaded TSLA/1771328074.json
[2026-02-17T11:56:18.229+0000] {logging_mixin.py:188} INFO - Downloaded TSLA/1771328084.json
[2026-02-17T11:56:18.253+0000] {logging_mixin.py:188} INFO - Downloaded TSLA/1771328095.json
[2026-02-17T11:56:18.276+0000] {logging_mixin.py:188} INFO - Downloaded TSLA/1771328108.json
[2026-02-17T11:56:18.298+0000] {logging_mixin.py:188} INFO - Downloaded TSLA/1771328119.json
[2026-02-17T11:56:18.318+0000] {logging_mixin.py:188} INFO - Downloaded TSLA/1771328130.json
[2026-02-17T11:56:18.342+0000] {logging_mixin.py:188} INFO - Downloaded TSLA/1771328142.json
[2026-02-17T11:56:18.363+0000] {logging_mixin.py:188} INFO - Downloaded TSLA/1771328152.json
[2026-02-17T11:56:18.385+0000] {logging_mixin.py:188} INFO - Downloaded TSLA/1771328164.json
[2026-02-17T11:56:18.409+0000] {logging_mixin.py:188} INFO - Downloaded TSLA/1771328192.json
[2026-02-17T11:56:18.438+0000] {logging_mixin.py:188} INFO - Downloaded TSLA/1771328212.json
[2026-02-17T11:56:18.467+0000] {logging_mixin.py:188} INFO - Downloaded TSLA/1771328222.json
[2026-02-17T11:56:18.496+0000] {logging_mixin.py:188} INFO - Downloaded TSLA/1771328233.json
[2026-02-17T11:56:18.525+0000] {logging_mixin.py:188} INFO - Downloaded TSLA/1771328243.json
[2026-02-17T11:56:18.562+0000] {logging_mixin.py:188} INFO - Downloaded TSLA/1771328253.json
[2026-02-17T11:56:18.587+0000] {logging_mixin.py:188} INFO - Downloaded TSLA/1771328264.json
[2026-02-17T11:56:18.626+0000] {logging_mixin.py:188} INFO - Downloaded TSLA/1771328275.json
[2026-02-17T11:56:18.662+0000] {logging_mixin.py:188} INFO - Downloaded TSLA/1771328286.json
[2026-02-17T11:56:18.696+0000] {logging_mixin.py:188} INFO - Downloaded TSLA/1771328296.json
[2026-02-17T11:56:18.727+0000] {logging_mixin.py:188} INFO - Downloaded TSLA/1771328306.json
[2026-02-17T11:56:18.753+0000] {logging_mixin.py:188} INFO - Downloaded TSLA/1771328317.json
[2026-02-17T11:56:18.787+0000] {logging_mixin.py:188} INFO - Downloaded TSLA/1771328327.json
[2026-02-17T11:56:18.823+0000] {logging_mixin.py:188} INFO - Downloaded TSLA/1771328337.json
[2026-02-17T11:56:18.866+0000] {logging_mixin.py:188} INFO - Downloaded TSLA/1771328347.json
[2026-02-17T11:56:18.917+0000] {logging_mixin.py:188} INFO - Downloaded TSLA/1771328360.json
[2026-02-17T11:56:18.958+0000] {logging_mixin.py:188} INFO - Downloaded TSLA/1771328376.json
[2026-02-17T11:56:18.992+0000] {logging_mixin.py:188} INFO - Downloaded TSLA/1771328388.json
[2026-02-17T11:56:19.029+0000] {logging_mixin.py:188} INFO - Downloaded TSLA/1771328398.json
[2026-02-17T11:56:19.061+0000] {logging_mixin.py:188} INFO - Downloaded TSLA/1771328409.json
[2026-02-17T11:56:19.088+0000] {logging_mixin.py:188} INFO - Downloaded TSLA/1771328420.json
[2026-02-17T11:56:19.111+0000] {logging_mixin.py:188} INFO - Downloaded TSLA/1771328463.json
[2026-02-17T11:56:19.143+0000] {logging_mixin.py:188} INFO - Downloaded TSLA/1771328520.json
[2026-02-17T11:56:19.167+0000] {logging_mixin.py:188} INFO - Downloaded TSLA/1771328531.json
[2026-02-17T11:56:19.194+0000] {logging_mixin.py:188} INFO - Downloaded TSLA/1771328603.json
[2026-02-17T11:56:19.221+0000] {logging_mixin.py:188} INFO - Downloaded TSLA/1771328730.json
[2026-02-17T11:56:19.248+0000] {logging_mixin.py:188} INFO - Downloaded TSLA/1771328741.json
[2026-02-17T11:56:19.276+0000] {logging_mixin.py:188} INFO - Downloaded TSLA/1771328751.json
[2026-02-17T11:56:19.308+0000] {logging_mixin.py:188} INFO - Downloaded TSLA/1771328763.json
[2026-02-17T11:56:19.342+0000] {logging_mixin.py:188} INFO - Downloaded TSLA/1771328773.json
[2026-02-17T11:56:19.368+0000] {logging_mixin.py:188} INFO - Downloaded TSLA/1771328783.json
[2026-02-17T11:56:19.398+0000] {logging_mixin.py:188} INFO - Downloaded TSLA/1771328794.json
[2026-02-17T11:56:19.427+0000] {logging_mixin.py:188} INFO - Downloaded TSLA/1771328804.json
[2026-02-17T11:56:19.460+0000] {logging_mixin.py:188} INFO - Downloaded TSLA/1771328814.json
[2026-02-17T11:56:19.486+0000] {logging_mixin.py:188} INFO - Downloaded TSLA/1771328824.json
[2026-02-17T11:56:19.511+0000] {logging_mixin.py:188} INFO - Downloaded TSLA/1771328835.json
[2026-02-17T11:56:19.543+0000] {logging_mixin.py:188} INFO - Downloaded TSLA/1771328845.json
[2026-02-17T11:56:19.578+0000] {logging_mixin.py:188} INFO - Downloaded TSLA/1771328857.json
[2026-02-17T11:56:19.624+0000] {logging_mixin.py:188} INFO - Downloaded TSLA/1771328868.json
[2026-02-17T11:56:19.659+0000] {logging_mixin.py:188} INFO - Downloaded TSLA/1771328879.json
[2026-02-17T11:56:19.689+0000] {logging_mixin.py:188} INFO - Downloaded TSLA/1771328890.json
[2026-02-17T11:56:19.722+0000] {logging_mixin.py:188} INFO - Downloaded TSLA/1771328900.json
[2026-02-17T11:56:19.750+0000] {logging_mixin.py:188} INFO - Downloaded TSLA/1771328930.json
[2026-02-17T11:56:19.786+0000] {logging_mixin.py:188} INFO - Downloaded TSLA/1771328941.json
[2026-02-17T11:56:19.815+0000] {logging_mixin.py:188} INFO - Downloaded TSLA/1771328951.json
[2026-02-17T11:56:19.845+0000] {logging_mixin.py:188} INFO - Downloaded TSLA/1771328962.json
[2026-02-17T11:56:19.874+0000] {logging_mixin.py:188} INFO - Downloaded TSLA/1771328977.json
[2026-02-17T11:56:19.909+0000] {logging_mixin.py:188} INFO - Downloaded TSLA/1771328987.json
[2026-02-17T11:56:19.947+0000] {logging_mixin.py:188} INFO - Downloaded TSLA/1771328997.json
[2026-02-17T11:56:20.018+0000] {logging_mixin.py:188} INFO - Downloaded TSLA/1771329008.json
[2026-02-17T11:56:20.080+0000] {logging_mixin.py:188} INFO - Downloaded TSLA/1771329021.json
[2026-02-17T11:56:20.137+0000] {logging_mixin.py:188} INFO - Downloaded TSLA/1771329032.json
[2026-02-17T11:56:20.191+0000] {logging_mixin.py:188} INFO - Downloaded TSLA/1771329043.json
[2026-02-17T11:56:20.249+0000] {logging_mixin.py:188} INFO - Downloaded TSLA/1771329085.json
[2026-02-17T11:56:20.277+0000] {logging_mixin.py:188} INFO - Downloaded TSLA/1771329096.json
[2026-02-17T11:56:20.308+0000] {logging_mixin.py:188} INFO - Downloaded TSLA/1771329107.json
[2026-02-17T11:56:20.340+0000] {logging_mixin.py:188} INFO - Downloaded TSLA/1771329134.json
[2026-02-17T11:56:20.369+0000] {logging_mixin.py:188} INFO - Downloaded TSLA/1771329145.json
[2026-02-17T11:56:20.408+0000] {logging_mixin.py:188} INFO - Downloaded TSLA/1771329156.json
[2026-02-17T11:56:20.436+0000] {logging_mixin.py:188} INFO - Downloaded TSLA/1771329169.json
[2026-02-17T11:56:20.462+0000] {logging_mixin.py:188} INFO - Downloaded TSLA/1771329179.json
[2026-02-17T11:56:20.487+0000] {logging_mixin.py:188} INFO - Downloaded TSLA/1771329190.json
[2026-02-17T11:56:20.511+0000] {logging_mixin.py:188} INFO - Downloaded TSLA/1771329202.json
[2026-02-17T11:56:20.541+0000] {logging_mixin.py:188} INFO - Downloaded TSLA/1771329213.json
[2026-02-17T11:56:20.574+0000] {logging_mixin.py:188} INFO - Downloaded TSLA/1771329223.json
[2026-02-17T11:56:20.599+0000] {logging_mixin.py:188} INFO - Downloaded TSLA/1771329233.json
[2026-02-17T11:56:20.621+0000] {logging_mixin.py:188} INFO - Downloaded TSLA/1771329244.json
[2026-02-17T11:56:20.642+0000] {logging_mixin.py:188} INFO - Downloaded TSLA/1771329254.json
[2026-02-17T11:56:20.666+0000] {logging_mixin.py:188} INFO - Downloaded TSLA/1771329265.json
[2026-02-17T11:56:20.690+0000] {logging_mixin.py:188} INFO - Downloaded TSLA/1771329275.json
[2026-02-17T11:56:20.717+0000] {logging_mixin.py:188} INFO - Downloaded TSLA/1771329285.json
[2026-02-17T11:56:20.746+0000] {logging_mixin.py:188} INFO - Downloaded TSLA/1771329295.json
[2026-02-17T11:56:20.773+0000] {logging_mixin.py:188} INFO - Downloaded TSLA/1771329305.json
[2026-02-17T11:56:20.797+0000] {logging_mixin.py:188} INFO - Downloaded TSLA/1771329316.json
[2026-02-17T11:56:20.824+0000] {logging_mixin.py:188} INFO - Downloaded TSLA/1771329326.json
[2026-02-17T11:56:20.851+0000] {logging_mixin.py:188} INFO - Downloaded TSLA/1771329336.json
[2026-02-17T11:56:20.880+0000] {logging_mixin.py:188} INFO - Downloaded TSLA/1771329347.json
[2026-02-17T11:56:20.898+0000] {python.py:237} INFO - Done. Returned value was: ['/opt/***/data/minio/AAPL/1771324930.json', '/opt/***/data/minio/AAPL/1771324943.json', '/opt/***/data/minio/AAPL/1771324953.json', '/opt/***/data/minio/AAPL/1771324964.json', '/opt/***/data/minio/AAPL/1771324974.json', '/opt/***/data/minio/AAPL/1771324985.json', '/opt/***/data/minio/AAPL/1771324996.json', '/opt/***/data/minio/AAPL/1771325007.json', '/opt/***/data/minio/AAPL/1771325017.json', '/opt/***/data/minio/AAPL/1771325028.json', '/opt/***/data/minio/AAPL/1771325039.json', '/opt/***/data/minio/AAPL/1771325049.json', '/opt/***/data/minio/AAPL/1771325059.json', '/opt/***/data/minio/AAPL/1771325069.json', '/opt/***/data/minio/AAPL/1771325080.json', '/opt/***/data/minio/AAPL/1771325090.json', '/opt/***/data/minio/AAPL/1771325101.json', '/opt/***/data/minio/AAPL/1771325112.json', '/opt/***/data/minio/AAPL/1771325122.json', '/opt/***/data/minio/AAPL/1771325132.json', '/opt/***/data/minio/AAPL/1771325143.json', '/opt/***/data/minio/AAPL/1771325153.json', '/opt/***/data/minio/AAPL/1771325163.json', '/opt/***/data/minio/AAPL/1771325174.json', '/opt/***/data/minio/AAPL/1771325184.json', '/opt/***/data/minio/AAPL/1771325195.json', '/opt/***/data/minio/AAPL/1771325205.json', '/opt/***/data/minio/AAPL/1771325215.json', '/opt/***/data/minio/AAPL/1771325226.json', '/opt/***/data/minio/AAPL/1771325236.json', '/opt/***/data/minio/AAPL/1771325247.json', '/opt/***/data/minio/AAPL/1771325257.json', '/opt/***/data/minio/AAPL/1771325269.json', '/opt/***/data/minio/AAPL/1771325279.json', '/opt/***/data/minio/AAPL/1771325289.json', '/opt/***/data/minio/AAPL/1771325300.json', '/opt/***/data/minio/AAPL/1771325334.json', '/opt/***/data/minio/AAPL/1771325344.json', '/opt/***/data/minio/AAPL/1771325354.json', '/opt/***/data/minio/AAPL/1771325365.json', '/opt/***/data/minio/AAPL/1771325375.json', '/opt/***/data/minio/AAPL/1771325385.json', '/opt/***/data/minio/AAPL/1771325396.json', '/opt/***/data/minio/AAPL/1771325408.json', '/opt/***/data/minio/AAPL/1771325419.json', '/opt/***/data/minio/AAPL/1771325431.json', '/opt/***/data/minio/AAPL/1771325442.json', '/opt/***/data/minio/AAPL/1771325454.json', '/opt/***/data/minio/AAPL/1771325464.json', '/opt/***/data/minio/AAPL/1771325474.json', '/opt/***/data/minio/AAPL/1771325485.json', '/opt/***/data/minio/AAPL/1771325496.json', '/opt/***/data/minio/AAPL/1771325507.json', '/opt/***/data/minio/AAPL/1771325517.json', '/opt/***/data/minio/AAPL/1771325528.json', '/opt/***/data/minio/AAPL/1771325539.json', '/opt/***/data/minio/AAPL/1771325549.json', '/opt/***/data/minio/AAPL/1771325559.json', '/opt/***/data/minio/AAPL/1771325569.json', '/opt/***/data/minio/AAPL/1771325580.json', '/opt/***/data/minio/AAPL/1771325590.json', '/opt/***/data/minio/AAPL/1771325600.json', '/opt/***/data/minio/AAPL/1771325612.json', '/opt/***/data/minio/AAPL/1771325623.json', '/opt/***/data/minio/AAPL/1771325633.json', '/opt/***/data/minio/AAPL/1771325644.json', '/opt/***/data/minio/AAPL/1771325655.json', '/opt/***/data/minio/AAPL/1771325666.json', '/opt/***/data/minio/AAPL/1771325676.json', '/opt/***/data/minio/AAPL/1771325686.json', '/opt/***/data/minio/AAPL/1771325697.json', '/opt/***/data/minio/AAPL/1771325708.json', '/opt/***/data/minio/AAPL/1771325718.json', '/opt/***/data/minio/AAPL/1771325729.json', '/opt/***/data/minio/AAPL/1771325739.json', '/opt/***/data/minio/AAPL/1771325750.json', '/opt/***/data/minio/AAPL/1771325761.json', '/opt/***/data/minio/AAPL/1771325776.json', '/opt/***/data/minio/AAPL/1771325787.json', '/opt/***/data/minio/AAPL/1771325800.json', '/opt/***/data/minio/AAPL/1771325810.json', '/opt/***/data/minio/AAPL/1771325820.json', '/opt/***/data/minio/AAPL/1771325831.json', '/opt/***/data/minio/AAPL/1771325841.json', '/opt/***/data/minio/AAPL/1771325851.json', '/opt/***/data/minio/AAPL/1771325863.json', '/opt/***/data/minio/AAPL/1771325874.json', '/opt/***/data/minio/AAPL/1771325885.json', '/opt/***/data/minio/AAPL/1771325898.json', '/opt/***/data/minio/AAPL/1771325910.json', '/opt/***/data/minio/AAPL/1771325921.json', '/opt/***/data/minio/AAPL/1771325932.json', '/opt/***/data/minio/AAPL/1771325944.json', '/opt/***/data/minio/AAPL/1771325955.json', '/opt/***/data/minio/AAPL/1771325969.json', '/opt/***/data/minio/AAPL/1771325980.json', '/opt/***/data/minio/AAPL/1771325991.json', '/opt/***/data/minio/AAPL/1771326002.json', '/opt/***/data/minio/AAPL/1771326012.json', '/opt/***/data/minio/AAPL/1771326023.json', '/opt/***/data/minio/AAPL/1771326034.json', '/opt/***/data/minio/AAPL/1771326044.json', '/opt/***/data/minio/AAPL/1771326054.json', '/opt/***/data/minio/AAPL/1771326064.json', '/opt/***/data/minio/AAPL/1771326074.json', '/opt/***/data/minio/AAPL/1771326084.json', '/opt/***/data/minio/AAPL/1771326095.json', '/opt/***/data/minio/AAPL/1771326108.json', '/opt/***/data/minio/AAPL/1771326121.json', '/opt/***/data/minio/AAPL/1771326135.json', '/opt/***/data/minio/AAPL/1771326145.json', '/opt/***/data/minio/AAPL/1771326157.json', '/opt/***/data/minio/AAPL/1771326168.json', '/opt/***/data/minio/AAPL/1771326180.json', '/opt/***/data/minio/AAPL/1771326190.json', '/opt/***/data/minio/AAPL/1771326201.json', '/opt/***/data/minio/AAPL/1771326211.json', '/opt/***/data/minio/AAPL/1771326221.json', '/opt/***/data/minio/AAPL/1771326231.json', '/opt/***/data/minio/AAPL/1771326241.json', '/opt/***/data/minio/AAPL/1771326252.json', '/opt/***/data/minio/AAPL/1771326262.json', '/opt/***/data/minio/AAPL/1771326272.json', '/opt/***/data/minio/AAPL/1771326282.json', '/opt/***/data/minio/AAPL/1771326293.json', '/opt/***/data/minio/AAPL/1771326309.json', '/opt/***/data/minio/AAPL/1771326320.json', '/opt/***/data/minio/AAPL/1771326331.json', '/opt/***/data/minio/AAPL/1771326347.json', '/opt/***/data/minio/AAPL/1771326358.json', '/opt/***/data/minio/AAPL/1771326370.json', '/opt/***/data/minio/AAPL/1771326381.json', '/opt/***/data/minio/AAPL/1771326391.json', '/opt/***/data/minio/AAPL/1771326402.json', '/opt/***/data/minio/AAPL/1771326412.json', '/opt/***/data/minio/AAPL/1771326422.json', '/opt/***/data/minio/AAPL/1771326433.json', '/opt/***/data/minio/AAPL/1771326443.json', '/opt/***/data/minio/AAPL/1771326452.json', '/opt/***/data/minio/AAPL/1771326463.json', '/opt/***/data/minio/AAPL/1771326473.json', '/opt/***/data/minio/AAPL/1771326483.json', '/opt/***/data/minio/AAPL/1771326493.json', '/opt/***/data/minio/AAPL/1771326504.json', '/opt/***/data/minio/AAPL/1771326514.json', '/opt/***/data/minio/AAPL/1771326525.json', '/opt/***/data/minio/AAPL/1771326535.json', '/opt/***/data/minio/AAPL/1771326545.json', '/opt/***/data/minio/AAPL/1771326555.json', '/opt/***/data/minio/AAPL/1771326566.json', '/opt/***/data/minio/AAPL/1771326576.json', '/opt/***/data/minio/AAPL/1771326585.json', '/opt/***/data/minio/AAPL/1771326595.json', '/opt/***/data/minio/AAPL/1771326605.json', '/opt/***/data/minio/AAPL/1771326615.json', '/opt/***/data/minio/AAPL/1771326626.json', '/opt/***/data/minio/AAPL/1771326636.json', '/opt/***/data/minio/AAPL/1771326646.json', '/opt/***/data/minio/AAPL/1771326656.json', '/opt/***/data/minio/AAPL/1771326666.json', '/opt/***/data/minio/AAPL/1771326677.json', '/opt/***/data/minio/AAPL/1771326687.json', '/opt/***/data/minio/AAPL/1771326697.json', '/opt/***/data/minio/AAPL/1771326708.json', '/opt/***/data/minio/AAPL/1771326718.json', '/opt/***/data/minio/AAPL/1771326728.json', '/opt/***/data/minio/AAPL/1771326738.json', '/opt/***/data/minio/AAPL/1771326748.json', '/opt/***/data/minio/AAPL/1771326759.json', '/opt/***/data/minio/AAPL/1771326769.json', '/opt/***/data/minio/AAPL/1771326779.json', '/opt/***/data/minio/AAPL/1771326789.json', '/opt/***/data/minio/AAPL/1771326799.json', '/opt/***/data/minio/AAPL/1771326810.json', '/opt/***/data/minio/AAPL/1771326820.json', '/opt/***/data/minio/AAPL/1771326830.json', '/opt/***/data/minio/AAPL/1771326840.json', '/opt/***/data/minio/AAPL/1771326850.json', '/opt/***/data/minio/AAPL/1771326860.json', '/opt/***/data/minio/AAPL/1771326870.json', '/opt/***/data/minio/AAPL/1771326881.json', '/opt/***/data/minio/AAPL/1771326891.json', '/opt/***/data/minio/AAPL/1771326902.json', '/opt/***/data/minio/AAPL/1771326912.json', '/opt/***/data/minio/AAPL/1771326923.json', '/opt/***/data/minio/AAPL/1771326934.json', '/opt/***/data/minio/AAPL/1771326944.json', '/opt/***/data/minio/AAPL/1771326955.json', '/opt/***/data/minio/AAPL/1771326966.json', '/opt/***/data/minio/AAPL/1771326976.json', '/opt/***/data/minio/AAPL/1771326986.json', '/opt/***/data/minio/AAPL/1771326997.json', '/opt/***/data/minio/AAPL/1771327008.json', '/opt/***/data/minio/AAPL/1771327018.json', '/opt/***/data/minio/AAPL/1771327029.json', '/opt/***/data/minio/AAPL/1771327039.json', '/opt/***/data/minio/AAPL/1771327049.json', '/opt/***/data/minio/AAPL/1771327059.json', '/opt/***/data/minio/AAPL/1771327080.json', '/opt/***/data/minio/AAPL/1771327098.json', '/opt/***/data/minio/AAPL/1771327113.json', '/opt/***/data/minio/AAPL/1771327127.json', '/opt/***/data/minio/AAPL/1771327138.json', '/opt/***/data/minio/AAPL/1771327148.json', '/opt/***/data/minio/AAPL/1771327158.json', '/opt/***/data/minio/AAPL/1771327168.json', '/opt/***/data/minio/AAPL/1771327178.json', '/opt/***/data/minio/AAPL/1771327189.json', '/opt/***/data/minio/AAPL/1771327198.json', '/opt/***/data/minio/AAPL/1771327209.json', '/opt/***/data/minio/AAPL/1771327220.json', '/opt/***/data/minio/AAPL/1771327230.json', '/opt/***/data/minio/AAPL/1771327241.json', '/opt/***/data/minio/AAPL/1771327252.json', '/opt/***/data/minio/AAPL/1771327262.json', '/opt/***/data/minio/AAPL/1771327272.json', '/opt/***/data/minio/AAPL/1771327282.json', '/opt/***/data/minio/AAPL/1771327292.json', '/opt/***/data/minio/AAPL/1771327303.json', '/opt/***/data/minio/AAPL/1771327313.json', '/opt/***/data/minio/AAPL/1771327324.json', '/opt/***/data/minio/AAPL/1771327334.json', '/opt/***/data/minio/AAPL/1771327344.json', '/opt/***/data/minio/AAPL/1771327354.json', '/opt/***/data/minio/AAPL/1771327364.json', '/opt/***/data/minio/AAPL/1771327374.json', '/opt/***/data/minio/AAPL/1771327384.json', '/opt/***/data/minio/AAPL/1771327395.json', '/opt/***/data/minio/AAPL/1771327406.json', '/opt/***/data/minio/AAPL/1771327417.json', '/opt/***/data/minio/AAPL/1771327427.json', '/opt/***/data/minio/AAPL/1771327437.json', '/opt/***/data/minio/AAPL/1771327447.json', '/opt/***/data/minio/AAPL/1771327457.json', '/opt/***/data/minio/AAPL/1771327468.json', '/opt/***/data/minio/AAPL/1771327479.json', '/opt/***/data/minio/AAPL/1771327489.json', '/opt/***/data/minio/AAPL/1771327499.json', '/opt/***/data/minio/AAPL/1771327511.json', '/opt/***/data/minio/AAPL/1771327521.json', '/opt/***/data/minio/AAPL/1771327531.json', '/opt/***/data/minio/AAPL/1771327542.json', '/opt/***/data/minio/AAPL/1771327552.json', '/opt/***/data/minio/AAPL/1771327562.json', '/opt/***/data/minio/AAPL/1771327573.json', '/opt/***/data/minio/AAPL/1771327585.json', '/opt/***/data/minio/AAPL/1771327597.json', '/opt/***/data/minio/AAPL/1771327607.json', '/opt/***/data/minio/AAPL/1771327617.json', '/opt/***/data/minio/AAPL/1771327627.json', '/opt/***/data/minio/AAPL/1771327638.json', '/opt/***/data/minio/AAPL/1771327648.json', '/opt/***/data/minio/AAPL/1771327658.json', '/opt/***/data/minio/AAPL/1771327668.json', '/opt/***/data/minio/AAPL/1771327679.json', '/opt/***/data/minio/AAPL/1771327689.json', '/opt/***/data/minio/AAPL/1771327699.json', '/opt/***/data/minio/AAPL/1771327710.json', '/opt/***/data/minio/AAPL/1771327720.json', '/opt/***/data/minio/AAPL/1771327730.json', '/opt/***/data/minio/AAPL/1771327740.json', '/opt/***/data/minio/AAPL/1771327750.json', '/opt/***/data/minio/AAPL/1771327761.json', '/opt/***/data/minio/AAPL/1771327771.json', '/opt/***/data/minio/AAPL/1771327782.json', '/opt/***/data/minio/AAPL/1771327792.json', '/opt/***/data/minio/AAPL/1771327803.json', '/opt/***/data/minio/AAPL/1771327813.json', '/opt/***/data/minio/AAPL/1771327823.json', '/opt/***/data/minio/AAPL/1771327834.json', '/opt/***/data/minio/AAPL/1771327844.json', '/opt/***/data/minio/AAPL/1771327854.json', '/opt/***/data/minio/AAPL/1771327865.json', '/opt/***/data/minio/AAPL/1771327876.json', '/opt/***/data/minio/AAPL/1771327887.json', '/opt/***/data/minio/AAPL/1771327897.json', '/opt/***/data/minio/AAPL/1771327907.json', '/opt/***/data/minio/AAPL/1771327918.json', '/opt/***/data/minio/AAPL/1771327928.json', '/opt/***/data/minio/AAPL/1771327938.json', '/opt/***/data/minio/AAPL/1771327949.json', '/opt/***/data/minio/AAPL/1771327959.json', '/opt/***/data/minio/AAPL/1771327969.json', '/opt/***/data/minio/AAPL/1771327980.json', '/opt/***/data/minio/AAPL/1771327990.json', '/opt/***/data/minio/AAPL/1771328000.json', '/opt/***/data/minio/AAPL/1771328010.json', '/opt/***/data/minio/AAPL/1771328020.json', '/opt/***/data/minio/AAPL/1771328030.json', '/opt/***/data/minio/AAPL/1771328040.json', '/opt/***/data/minio/AAPL/1771328051.json', '/opt/***/data/minio/AAPL/1771328061.json', '/opt/***/data/minio/AAPL/1771328071.json', '/opt/***/data/minio/AAPL/1771328081.json', '/opt/***/data/minio/AAPL/1771328092.json', '/opt/***/data/minio/AAPL/1771328103.json', '/opt/***/data/minio/AAPL/1771328116.json', '/opt/***/data/minio/AAPL/1771328127.json', '/opt/***/data/minio/AAPL/1771328138.json', '/opt/***/data/minio/AAPL/1771328150.json', '/opt/***/data/minio/AAPL/1771328161.json', '/opt/***/data/minio/AAPL/1771328172.json', '/opt/***/data/minio/AAPL/1771328210.json', '/opt/***/data/minio/AAPL/1771328220.json', '/opt/***/data/minio/AAPL/1771328230.json', '/opt/***/data/minio/AAPL/1771328240.json', '/opt/***/data/minio/AAPL/1771328251.json', '/opt/***/data/minio/AAPL/1771328261.json', '/opt/***/data/minio/AAPL/1771328272.json', '/opt/***/data/minio/AAPL/1771328283.json', '/opt/***/data/minio/AAPL/1771328293.json', '/opt/***/data/minio/AAPL/1771328304.json', '/opt/***/data/minio/AAPL/1771328314.json', '/opt/***/data/minio/AAPL/1771328324.json', '/opt/***/data/minio/AAPL/1771328334.json', '/opt/***/data/minio/AAPL/1771328345.json', '/opt/***/data/minio/AAPL/1771328355.json', '/opt/***/data/minio/AAPL/1771328369.json', '/opt/***/data/minio/AAPL/1771328384.json', '/opt/***/data/minio/AAPL/1771328396.json', '/opt/***/data/minio/AAPL/1771328406.json', '/opt/***/data/minio/AAPL/1771328417.json', '/opt/***/data/minio/AAPL/1771328428.json', '/opt/***/data/minio/AAPL/1771328518.json', '/opt/***/data/minio/AAPL/1771328528.json', '/opt/***/data/minio/AAPL/1771328538.json', '/opt/***/data/minio/AAPL/1771328728.json', '/opt/***/data/minio/AAPL/1771328738.json', '/opt/***/data/minio/AAPL/1771328749.json', '/opt/***/data/minio/AAPL/1771328759.json', '/opt/***/data/minio/AAPL/1771328771.json', '/opt/***/data/minio/AAPL/1771328781.json', '/opt/***/data/minio/AAPL/1771328791.json', '/opt/***/data/minio/AAPL/1771328801.json', '/opt/***/data/minio/AAPL/1771328811.json', '/opt/***/data/minio/AAPL/1771328822.json', '/opt/***/data/minio/AAPL/1771328832.json', '/opt/***/data/minio/AAPL/1771328843.json', '/opt/***/data/minio/AAPL/1771328853.json', '/opt/***/data/minio/AAPL/1771328865.json', '/opt/***/data/minio/AAPL/1771328876.json', '/opt/***/data/minio/AAPL/1771328887.json', '/opt/***/data/minio/AAPL/1771328898.json', '/opt/***/data/minio/AAPL/1771328908.json', '/opt/***/data/minio/AAPL/1771328938.json', '/opt/***/data/minio/AAPL/1771328948.json', '/opt/***/data/minio/AAPL/1771328959.json', '/opt/***/data/minio/AAPL/1771328969.json', '/opt/***/data/minio/AAPL/1771328984.json', '/opt/***/data/minio/AAPL/1771328995.json', '/opt/***/data/minio/AAPL/1771329005.json', '/opt/***/data/minio/AAPL/1771329016.json', '/opt/***/data/minio/AAPL/1771329029.json', '/opt/***/data/minio/AAPL/1771329040.json', '/opt/***/data/minio/AAPL/1771329051.json', '/opt/***/data/minio/AAPL/1771329093.json', '/opt/***/data/minio/AAPL/1771329104.json', '/opt/***/data/minio/AAPL/1771329115.json', '/opt/***/data/minio/AAPL/1771329142.json', '/opt/***/data/minio/AAPL/1771329153.json', '/opt/***/data/minio/AAPL/1771329164.json', '/opt/***/data/minio/AAPL/1771329176.json', '/opt/***/data/minio/AAPL/1771329187.json', '/opt/***/data/minio/AAPL/1771329198.json', '/opt/***/data/minio/AAPL/1771329210.json', '/opt/***/data/minio/AAPL/1771329220.json', '/opt/***/data/minio/AAPL/1771329231.json', '/opt/***/data/minio/AAPL/1771329241.json', '/opt/***/data/minio/AAPL/1771329251.json', '/opt/***/data/minio/AAPL/1771329262.json', '/opt/***/data/minio/AAPL/1771329272.json', '/opt/***/data/minio/AAPL/1771329283.json', '/opt/***/data/minio/AAPL/1771329293.json', '/opt/***/data/minio/AAPL/1771329303.json', '/opt/***/data/minio/AMZN/1771324936.json', '/opt/***/data/minio/AMZN/1771324946.json', '/opt/***/data/minio/AMZN/1771324957.json', '/opt/***/data/minio/AMZN/1771324968.json', '/opt/***/data/minio/AMZN/1771324978.json', '/opt/***/data/minio/AMZN/1771324989.json', '/opt/***/data/minio/AMZN/1771325000.json', '/opt/***/data/minio/AMZN/1771325010.json', '/opt/***/data/minio/AMZN/1771325021.json', '/opt/***/data/minio/AMZN/1771325032.json', '/opt/***/data/minio/AMZN/1771325042.json', '/opt/***/data/minio/AMZN/1771325052.json', '/opt/***/data/minio/AMZN/1771325063.json', '/opt/***/data/minio/AMZN/1771325073.json', '/opt/***/data/minio/AMZN/1771325083.json', '/opt/***/data/minio/AMZN/1771325094.json', '/opt/***/data/minio/AMZN/1771325105.json', '/opt/***/data/minio/AMZN/1771325115.json', '/opt/***/data/minio/AMZN/1771325125.json', '/opt/***/data/minio/AMZN/1771325136.json', '/opt/***/data/minio/AMZN/1771325146.json', '/opt/***/data/minio/AMZN/1771325156.json', '/opt/***/data/minio/AMZN/1771325167.json', '/opt/***/data/minio/AMZN/1771325177.json', '/opt/***/data/minio/AMZN/1771325188.json', '/opt/***/data/minio/AMZN/1771325198.json', '/opt/***/data/minio/AMZN/1771325209.json', '/opt/***/data/minio/AMZN/1771325219.json', '/opt/***/data/minio/AMZN/1771325229.json', '/opt/***/data/minio/AMZN/1771325240.json', '/opt/***/data/minio/AMZN/1771325250.json', '/opt/***/data/minio/AMZN/1771325262.json', '/opt/***/data/minio/AMZN/1771325272.json', '/opt/***/data/minio/AMZN/1771325283.json', '/opt/***/data/minio/AMZN/1771325293.json', '/opt/***/data/minio/AMZN/1771325337.json', '/opt/***/data/minio/AMZN/1771325347.json', '/opt/***/data/minio/AMZN/1771325358.json', '/opt/***/data/minio/AMZN/1771325368.json', '/opt/***/data/minio/AMZN/1771325378.json', '/opt/***/data/minio/AMZN/1771325389.json', '/opt/***/data/minio/AMZN/1771325401.json', '/opt/***/data/minio/AMZN/1771325412.json', '/opt/***/data/minio/AMZN/1771325424.json', '/opt/***/data/minio/AMZN/1771325435.json', '/opt/***/data/minio/AMZN/1771325447.json', '/opt/***/data/minio/AMZN/1771325457.json', '/opt/***/data/minio/AMZN/1771325468.json', '/opt/***/data/minio/AMZN/1771325477.json', '/opt/***/data/minio/AMZN/1771325489.json', '/opt/***/data/minio/AMZN/1771325500.json', '/opt/***/data/minio/AMZN/1771325510.json', '/opt/***/data/minio/AMZN/1771325521.json', '/opt/***/data/minio/AMZN/1771325532.json', '/opt/***/data/minio/AMZN/1771325542.json', '/opt/***/data/minio/AMZN/1771325552.json', '/opt/***/data/minio/AMZN/1771325562.json', '/opt/***/data/minio/AMZN/1771325573.json', '/opt/***/data/minio/AMZN/1771325583.json', '/opt/***/data/minio/AMZN/1771325593.json', '/opt/***/data/minio/AMZN/1771325605.json', '/opt/***/data/minio/AMZN/1771325616.json', '/opt/***/data/minio/AMZN/1771325626.json', '/opt/***/data/minio/AMZN/1771325637.json', '/opt/***/data/minio/AMZN/1771325648.json', '/opt/***/data/minio/AMZN/1771325659.json', '/opt/***/data/minio/AMZN/1771325669.json', '/opt/***/data/minio/AMZN/1771325679.json', '/opt/***/data/minio/AMZN/1771325691.json', '/opt/***/data/minio/AMZN/1771325701.json', '/opt/***/data/minio/AMZN/1771325711.json', '/opt/***/data/minio/AMZN/1771325722.json', '/opt/***/data/minio/AMZN/1771325732.json', '/opt/***/data/minio/AMZN/1771325743.json', '/opt/***/data/minio/AMZN/1771325753.json', '/opt/***/data/minio/AMZN/1771325769.json', '/opt/***/data/minio/AMZN/1771325780.json', '/opt/***/data/minio/AMZN/1771325792.json', '/opt/***/data/minio/AMZN/1771325803.json', '/opt/***/data/minio/AMZN/1771325813.json', '/opt/***/data/minio/AMZN/1771325824.json', '/opt/***/data/minio/AMZN/1771325834.json', '/opt/***/data/minio/AMZN/1771325844.json', '/opt/***/data/minio/AMZN/1771325857.json', '/opt/***/data/minio/AMZN/1771325867.json', '/opt/***/data/minio/AMZN/1771325878.json', '/opt/***/data/minio/AMZN/1771325891.json', '/opt/***/data/minio/AMZN/1771325902.json', '/opt/***/data/minio/AMZN/1771325914.json', '/opt/***/data/minio/AMZN/1771325925.json', '/opt/***/data/minio/AMZN/1771325937.json', '/opt/***/data/minio/AMZN/1771325948.json', '/opt/***/data/minio/AMZN/1771325962.json', '/opt/***/data/minio/AMZN/1771325973.json', '/opt/***/data/minio/AMZN/1771325984.json', '/opt/***/data/minio/AMZN/1771325995.json', '/opt/***/data/minio/AMZN/1771326005.json', '/opt/***/data/minio/AMZN/1771326016.json', '/opt/***/data/minio/AMZN/1771326027.json', '/opt/***/data/minio/AMZN/1771326037.json', '/opt/***/data/minio/AMZN/1771326047.json', '/opt/***/data/minio/AMZN/1771326058.json', '/opt/***/data/minio/AMZN/1771326067.json', '/opt/***/data/minio/AMZN/1771326077.json', '/opt/***/data/minio/AMZN/1771326087.json', '/opt/***/data/minio/AMZN/1771326101.json', '/opt/***/data/minio/AMZN/1771326115.json', '/opt/***/data/minio/AMZN/1771326128.json', '/opt/***/data/minio/AMZN/1771326139.json', '/opt/***/data/minio/AMZN/1771326151.json', '/opt/***/data/minio/AMZN/1771326161.json', '/opt/***/data/minio/AMZN/1771326173.json', '/opt/***/data/minio/AMZN/1771326183.json', '/opt/***/data/minio/AMZN/1771326194.json', '/opt/***/data/minio/AMZN/1771326204.json', '/opt/***/data/minio/AMZN/1771326215.json', '/opt/***/data/minio/AMZN/1771326225.json', '/opt/***/data/minio/AMZN/1771326235.json', '/opt/***/data/minio/AMZN/1771326245.json', '/opt/***/data/minio/AMZN/1771326255.json', '/opt/***/data/minio/AMZN/1771326265.json', '/opt/***/data/minio/AMZN/1771326275.json', '/opt/***/data/minio/AMZN/1771326286.json', '/opt/***/data/minio/AMZN/1771326301.json', '/opt/***/data/minio/AMZN/1771326314.json', '/opt/***/data/minio/AMZN/1771326324.json', '/opt/***/data/minio/AMZN/1771326335.json', '/opt/***/data/minio/AMZN/1771326351.json', '/opt/***/data/minio/AMZN/1771326362.json', '/opt/***/data/minio/AMZN/1771326374.json', '/opt/***/data/minio/AMZN/1771326384.json', '/opt/***/data/minio/AMZN/1771326395.json', '/opt/***/data/minio/AMZN/1771326405.json', '/opt/***/data/minio/AMZN/1771326415.json', '/opt/***/data/minio/AMZN/1771326425.json', '/opt/***/data/minio/AMZN/1771326436.json', '/opt/***/data/minio/AMZN/1771326446.json', '/opt/***/data/minio/AMZN/1771326456.json', '/opt/***/data/minio/AMZN/1771326466.json', '/opt/***/data/minio/AMZN/1771326476.json', '/opt/***/data/minio/AMZN/1771326486.json', '/opt/***/data/minio/AMZN/1771326497.json', '/opt/***/data/minio/AMZN/1771326508.json', '/opt/***/data/minio/AMZN/1771326518.json', '/opt/***/data/minio/AMZN/1771326528.json', '/opt/***/data/minio/AMZN/1771326538.json', '/opt/***/data/minio/AMZN/1771326548.json', '/opt/***/data/minio/AMZN/1771326559.json', '/opt/***/data/minio/AMZN/1771326569.json', '/opt/***/data/minio/AMZN/1771326578.json', '/opt/***/data/minio/AMZN/1771326588.json', '/opt/***/data/minio/AMZN/1771326599.json', '/opt/***/data/minio/AMZN/1771326609.json', '/opt/***/data/minio/AMZN/1771326619.json', '/opt/***/data/minio/AMZN/1771326629.json', '/opt/***/data/minio/AMZN/1771326639.json', '/opt/***/data/minio/AMZN/1771326650.json', '/opt/***/data/minio/AMZN/1771326659.json', '/opt/***/data/minio/AMZN/1771326670.json', '/opt/***/data/minio/AMZN/1771326680.json', '/opt/***/data/minio/AMZN/1771326690.json', '/opt/***/data/minio/AMZN/1771326701.json', '/opt/***/data/minio/AMZN/1771326711.json', '/opt/***/data/minio/AMZN/1771326721.json', '/opt/***/data/minio/AMZN/1771326731.json', '/opt/***/data/minio/AMZN/1771326741.json', '/opt/***/data/minio/AMZN/1771326752.json', '/opt/***/data/minio/AMZN/1771326762.json', '/opt/***/data/minio/AMZN/1771326772.json', '/opt/***/data/minio/AMZN/1771326782.json', '/opt/***/data/minio/AMZN/1771326793.json', '/opt/***/data/minio/AMZN/1771326802.json', '/opt/***/data/minio/AMZN/1771326813.json', '/opt/***/data/minio/AMZN/1771326823.json', '/opt/***/data/minio/AMZN/1771326834.json', '/opt/***/data/minio/AMZN/1771326844.json', '/opt/***/data/minio/AMZN/1771326854.json', '/opt/***/data/minio/AMZN/1771326863.json', '/opt/***/data/minio/AMZN/1771326874.json', '/opt/***/data/minio/AMZN/1771326884.json', '/opt/***/data/minio/AMZN/1771326895.json', '/opt/***/data/minio/AMZN/1771326905.json', '/opt/***/data/minio/AMZN/1771326916.json', '/opt/***/data/minio/AMZN/1771326927.json', '/opt/***/data/minio/AMZN/1771326937.json', '/opt/***/data/minio/AMZN/1771326948.json', '/opt/***/data/minio/AMZN/1771326959.json', '/opt/***/data/minio/AMZN/1771326969.json', '/opt/***/data/minio/AMZN/1771326980.json', '/opt/***/data/minio/AMZN/1771326990.json', '/opt/***/data/minio/AMZN/1771327001.json', '/opt/***/data/minio/AMZN/1771327011.json', '/opt/***/data/minio/AMZN/1771327022.json', '/opt/***/data/minio/AMZN/1771327032.json', '/opt/***/data/minio/AMZN/1771327043.json', '/opt/***/data/minio/AMZN/1771327053.json', '/opt/***/data/minio/AMZN/1771327071.json', '/opt/***/data/minio/AMZN/1771327090.json', '/opt/***/data/minio/AMZN/1771327105.json', '/opt/***/data/minio/AMZN/1771327119.json', '/opt/***/data/minio/AMZN/1771327131.json', '/opt/***/data/minio/AMZN/1771327141.json', '/opt/***/data/minio/AMZN/1771327151.json', '/opt/***/data/minio/AMZN/1771327162.json', '/opt/***/data/minio/AMZN/1771327172.json', '/opt/***/data/minio/AMZN/1771327182.json', '/opt/***/data/minio/AMZN/1771327192.json', '/opt/***/data/minio/AMZN/1771327202.json', '/opt/***/data/minio/AMZN/1771327213.json', '/opt/***/data/minio/AMZN/1771327224.json', '/opt/***/data/minio/AMZN/1771327234.json', '/opt/***/data/minio/AMZN/1771327245.json', '/opt/***/data/minio/AMZN/1771327255.json', '/opt/***/data/minio/AMZN/1771327265.json', '/opt/***/data/minio/AMZN/1771327276.json', '/opt/***/data/minio/AMZN/1771327285.json', '/opt/***/data/minio/AMZN/1771327296.json', '/opt/***/data/minio/AMZN/1771327306.json', '/opt/***/data/minio/AMZN/1771327317.json', '/opt/***/data/minio/AMZN/1771327327.json', '/opt/***/data/minio/AMZN/1771327337.json', '/opt/***/data/minio/AMZN/1771327347.json', '/opt/***/data/minio/AMZN/1771327357.json', '/opt/***/data/minio/AMZN/1771327367.json', '/opt/***/data/minio/AMZN/1771327378.json', '/opt/***/data/minio/AMZN/1771327388.json', '/opt/***/data/minio/AMZN/1771327398.json', '/opt/***/data/minio/AMZN/1771327410.json', '/opt/***/data/minio/AMZN/1771327420.json', '/opt/***/data/minio/AMZN/1771327430.json', '/opt/***/data/minio/AMZN/1771327441.json', '/opt/***/data/minio/AMZN/1771327450.json', '/opt/***/data/minio/AMZN/1771327461.json', '/opt/***/data/minio/AMZN/1771327472.json', '/opt/***/data/minio/AMZN/1771327482.json', '/opt/***/data/minio/AMZN/1771327492.json', '/opt/***/data/minio/AMZN/1771327504.json', '/opt/***/data/minio/AMZN/1771327514.json', '/opt/***/data/minio/AMZN/1771327524.json', '/opt/***/data/minio/AMZN/1771327535.json', '/opt/***/data/minio/AMZN/1771327545.json', '/opt/***/data/minio/AMZN/1771327555.json', '/opt/***/data/minio/AMZN/1771327566.json', '/opt/***/data/minio/AMZN/1771327578.json', '/opt/***/data/minio/AMZN/1771327590.json', '/opt/***/data/minio/AMZN/1771327600.json', '/opt/***/data/minio/AMZN/1771327610.json', '/opt/***/data/minio/AMZN/1771327621.json', '/opt/***/data/minio/AMZN/1771327631.json', '/opt/***/data/minio/AMZN/1771327641.json', '/opt/***/data/minio/AMZN/1771327651.json', '/opt/***/data/minio/AMZN/1771327661.json', '/opt/***/data/minio/AMZN/1771327672.json', '/opt/***/data/minio/AMZN/1771327682.json', '/opt/***/data/minio/AMZN/1771327692.json', '/opt/***/data/minio/AMZN/1771327703.json', '/opt/***/data/minio/AMZN/1771327713.json', '/opt/***/data/minio/AMZN/1771327723.json', '/opt/***/data/minio/AMZN/1771327733.json', '/opt/***/data/minio/AMZN/1771327743.json', '/opt/***/data/minio/AMZN/1771327754.json', '/opt/***/data/minio/AMZN/1771327764.json', '/opt/***/data/minio/AMZN/1771327774.json', '/opt/***/data/minio/AMZN/1771327786.json', '/opt/***/data/minio/AMZN/1771327795.json', '/opt/***/data/minio/AMZN/1771327806.json', '/opt/***/data/minio/AMZN/1771327816.json', '/opt/***/data/minio/AMZN/1771327827.json', '/opt/***/data/minio/AMZN/1771327837.json', '/opt/***/data/minio/AMZN/1771327847.json', '/opt/***/data/minio/AMZN/1771327858.json', '/opt/***/data/minio/AMZN/1771327869.json', '/opt/***/data/minio/AMZN/1771327879.json', '/opt/***/data/minio/AMZN/1771327890.json', '/opt/***/data/minio/AMZN/1771327900.json', '/opt/***/data/minio/AMZN/1771327911.json', '/opt/***/data/minio/AMZN/1771327921.json', '/opt/***/data/minio/AMZN/1771327931.json', '/opt/***/data/minio/AMZN/1771327942.json', '/opt/***/data/minio/AMZN/1771327952.json', '/opt/***/data/minio/AMZN/1771327962.json', '/opt/***/data/minio/AMZN/1771327973.json', '/opt/***/data/minio/AMZN/1771327983.json', '/opt/***/data/minio/AMZN/1771327993.json', '/opt/***/data/minio/AMZN/1771328004.json', '/opt/***/data/minio/AMZN/1771328013.json', '/opt/***/data/minio/AMZN/1771328023.json', '/opt/***/data/minio/AMZN/1771328033.json', '/opt/***/data/minio/AMZN/1771328044.json', '/opt/***/data/minio/AMZN/1771328054.json', '/opt/***/data/minio/AMZN/1771328064.json', '/opt/***/data/minio/AMZN/1771328074.json', '/opt/***/data/minio/AMZN/1771328085.json', '/opt/***/data/minio/AMZN/1771328096.json', '/opt/***/data/minio/AMZN/1771328109.json', '/opt/***/data/minio/AMZN/1771328120.json', '/opt/***/data/minio/AMZN/1771328131.json', '/opt/***/data/minio/AMZN/1771328143.json', '/opt/***/data/minio/AMZN/1771328153.json', '/opt/***/data/minio/AMZN/1771328165.json', '/opt/***/data/minio/AMZN/1771328203.json', '/opt/***/data/minio/AMZN/1771328213.json', '/opt/***/data/minio/AMZN/1771328223.json', '/opt/***/data/minio/AMZN/1771328234.json', '/opt/***/data/minio/AMZN/1771328244.json', '/opt/***/data/minio/AMZN/1771328254.json', '/opt/***/data/minio/AMZN/1771328265.json', '/opt/***/data/minio/AMZN/1771328276.json', '/opt/***/data/minio/AMZN/1771328287.json', '/opt/***/data/minio/AMZN/1771328297.json', '/opt/***/data/minio/AMZN/1771328307.json', '/opt/***/data/minio/AMZN/1771328317.json', '/opt/***/data/minio/AMZN/1771328328.json', '/opt/***/data/minio/AMZN/1771328338.json', '/opt/***/data/minio/AMZN/1771328348.json', '/opt/***/data/minio/AMZN/1771328361.json', '/opt/***/data/minio/AMZN/1771328376.json', '/opt/***/data/minio/AMZN/1771328389.json', '/opt/***/data/minio/AMZN/1771328399.json', '/opt/***/data/minio/AMZN/1771328410.json', '/opt/***/data/minio/AMZN/1771328421.json', '/opt/***/data/minio/AMZN/1771328495.json', '/opt/***/data/minio/AMZN/1771328521.json', '/opt/***/data/minio/AMZN/1771328531.json', '/opt/***/data/minio/AMZN/1771328634.json', '/opt/***/data/minio/AMZN/1771328731.json', '/opt/***/data/minio/AMZN/1771328742.json', '/opt/***/data/minio/AMZN/1771328752.json', '/opt/***/data/minio/AMZN/1771328764.json', '/opt/***/data/minio/AMZN/1771328774.json', '/opt/***/data/minio/AMZN/1771328784.json', '/opt/***/data/minio/AMZN/1771328794.json', '/opt/***/data/minio/AMZN/1771328804.json', '/opt/***/data/minio/AMZN/1771328815.json', '/opt/***/data/minio/AMZN/1771328825.json', '/opt/***/data/minio/AMZN/1771328836.json', '/opt/***/data/minio/AMZN/1771328846.json', '/opt/***/data/minio/AMZN/1771328858.json', '/opt/***/data/minio/AMZN/1771328869.json', '/opt/***/data/minio/AMZN/1771328880.json', '/opt/***/data/minio/AMZN/1771328891.json', '/opt/***/data/minio/AMZN/1771328901.json', '/opt/***/data/minio/AMZN/1771328931.json', '/opt/***/data/minio/AMZN/1771328942.json', '/opt/***/data/minio/AMZN/1771328952.json', '/opt/***/data/minio/AMZN/1771328962.json', '/opt/***/data/minio/AMZN/1771328977.json', '/opt/***/data/minio/AMZN/1771328988.json', '/opt/***/data/minio/AMZN/1771328998.json', '/opt/***/data/minio/AMZN/1771329009.json', '/opt/***/data/minio/AMZN/1771329022.json', '/opt/***/data/minio/AMZN/1771329033.json', '/opt/***/data/minio/AMZN/1771329044.json', '/opt/***/data/minio/AMZN/1771329086.json', '/opt/***/data/minio/AMZN/1771329097.json', '/opt/***/data/minio/AMZN/1771329108.json', '/opt/***/data/minio/AMZN/1771329134.json', '/opt/***/data/minio/AMZN/1771329146.json', '/opt/***/data/minio/AMZN/1771329157.json', '/opt/***/data/minio/AMZN/1771329169.json', '/opt/***/data/minio/AMZN/1771329180.json', '/opt/***/data/minio/AMZN/1771329191.json', '/opt/***/data/minio/AMZN/1771329203.json', '/opt/***/data/minio/AMZN/1771329214.json', '/opt/***/data/minio/AMZN/1771329224.json', '/opt/***/data/minio/AMZN/1771329234.json', '/opt/***/data/minio/AMZN/1771329245.json', '/opt/***/data/minio/AMZN/1771329255.json', '/opt/***/data/minio/AMZN/1771329266.json', '/opt/***/data/minio/AMZN/1771329276.json', '/opt/***/data/minio/AMZN/1771329286.json', '/opt/***/data/minio/AMZN/1771329296.json', '/opt/***/data/minio/AMZN/1771329306.json', '/opt/***/data/minio/GOOGL/1771324934.json', '/opt/***/data/minio/GOOGL/1771324945.json', '/opt/***/data/minio/GOOGL/1771324955.json', '/opt/***/data/minio/GOOGL/1771324965.json', '/opt/***/data/minio/GOOGL/1771324976.json', '/opt/***/data/minio/GOOGL/1771324987.json', '/opt/***/data/minio/GOOGL/1771324998.json', '/opt/***/data/minio/GOOGL/1771325008.json', '/opt/***/data/minio/GOOGL/1771325019.json', '/opt/***/data/minio/GOOGL/1771325030.json', '/opt/***/data/minio/GOOGL/1771325040.json', '/opt/***/data/minio/GOOGL/1771325050.json', '/opt/***/data/minio/GOOGL/1771325061.json', '/opt/***/data/minio/GOOGL/1771325071.json', '/opt/***/data/minio/GOOGL/1771325081.json', '/opt/***/data/minio/GOOGL/1771325092.json', '/opt/***/data/minio/GOOGL/1771325103.json', '/opt/***/data/minio/GOOGL/1771325113.json', '/opt/***/data/minio/GOOGL/1771325123.json', '/opt/***/data/minio/GOOGL/1771325134.json', '/opt/***/data/minio/GOOGL/1771325144.json', '/opt/***/data/minio/GOOGL/1771325155.json', '/opt/***/data/minio/GOOGL/1771325165.json', '/opt/***/data/minio/GOOGL/1771325176.json', '/opt/***/data/minio/GOOGL/1771325186.json', '/opt/***/data/minio/GOOGL/1771325196.json', '/opt/***/data/minio/GOOGL/1771325207.json', '/opt/***/data/minio/GOOGL/1771325217.json', '/opt/***/data/minio/GOOGL/1771325227.json', '/opt/***/data/minio/GOOGL/1771325238.json', '/opt/***/data/minio/GOOGL/1771325249.json', '/opt/***/data/minio/GOOGL/1771325260.json', '/opt/***/data/minio/GOOGL/1771325271.json', '/opt/***/data/minio/GOOGL/1771325281.json', '/opt/***/data/minio/GOOGL/1771325291.json', '/opt/***/data/minio/GOOGL/1771325303.json', '/opt/***/data/minio/GOOGL/1771325336.json', '/opt/***/data/minio/GOOGL/1771325346.json', '/opt/***/data/minio/GOOGL/1771325356.json', '/opt/***/data/minio/GOOGL/1771325366.json', '/opt/***/data/minio/GOOGL/1771325377.json', '/opt/***/data/minio/GOOGL/1771325387.json', '/opt/***/data/minio/GOOGL/1771325399.json', '/opt/***/data/minio/GOOGL/1771325410.json', '/opt/***/data/minio/GOOGL/1771325421.json', '/opt/***/data/minio/GOOGL/1771325433.json', '/opt/***/data/minio/GOOGL/1771325445.json', '/opt/***/data/minio/GOOGL/1771325455.json', '/opt/***/data/minio/GOOGL/1771325466.json', '/opt/***/data/minio/GOOGL/1771325476.json', '/opt/***/data/minio/GOOGL/1771325487.json', '/opt/***/data/minio/GOOGL/1771325498.json', '/opt/***/data/minio/GOOGL/1771325509.json', '/opt/***/data/minio/GOOGL/1771325519.json', '/opt/***/data/minio/GOOGL/1771325530.json', '/opt/***/data/minio/GOOGL/1771325540.json', '/opt/***/data/minio/GOOGL/1771325551.json', '/opt/***/data/minio/GOOGL/1771325561.json', '/opt/***/data/minio/GOOGL/1771325571.json', '/opt/***/data/minio/GOOGL/1771325581.json', '/opt/***/data/minio/GOOGL/1771325591.json', '/opt/***/data/minio/GOOGL/1771325603.json', '/opt/***/data/minio/GOOGL/1771325614.json', '/opt/***/data/minio/GOOGL/1771325624.json', '/opt/***/data/minio/GOOGL/1771325636.json', '/opt/***/data/minio/GOOGL/1771325646.json', '/opt/***/data/minio/GOOGL/1771325657.json', '/opt/***/data/minio/GOOGL/1771325667.json', '/opt/***/data/minio/GOOGL/1771325677.json', '/opt/***/data/minio/GOOGL/1771325688.json', '/opt/***/data/minio/GOOGL/1771325699.json', '/opt/***/data/minio/GOOGL/1771325709.json', '/opt/***/data/minio/GOOGL/1771325720.json', '/opt/***/data/minio/GOOGL/1771325730.json', '/opt/***/data/minio/GOOGL/1771325741.json', '/opt/***/data/minio/GOOGL/1771325752.json', '/opt/***/data/minio/GOOGL/1771325766.json', '/opt/***/data/minio/GOOGL/1771325778.json', '/opt/***/data/minio/GOOGL/1771325790.json', '/opt/***/data/minio/GOOGL/1771325801.json', '/opt/***/data/minio/GOOGL/1771325811.json', '/opt/***/data/minio/GOOGL/1771325822.json', '/opt/***/data/minio/GOOGL/1771325832.json', '/opt/***/data/minio/GOOGL/1771325842.json', '/opt/***/data/minio/GOOGL/1771325855.json', '/opt/***/data/minio/GOOGL/1771325865.json', '/opt/***/data/minio/GOOGL/1771325876.json', '/opt/***/data/minio/GOOGL/1771325888.json', '/opt/***/data/minio/GOOGL/1771325899.json', '/opt/***/data/minio/GOOGL/1771325912.json', '/opt/***/data/minio/GOOGL/1771325923.json', '/opt/***/data/minio/GOOGL/1771325934.json', '/opt/***/data/minio/GOOGL/1771325946.json', '/opt/***/data/minio/GOOGL/1771325959.json', '/opt/***/data/minio/GOOGL/1771325971.json', '/opt/***/data/minio/GOOGL/1771325982.json', '/opt/***/data/minio/GOOGL/1771325993.json', '/opt/***/data/minio/GOOGL/1771326003.json', '/opt/***/data/minio/GOOGL/1771326014.json', '/opt/***/data/minio/GOOGL/1771326025.json', '/opt/***/data/minio/GOOGL/1771326035.json', '/opt/***/data/minio/GOOGL/1771326045.json', '/opt/***/data/minio/GOOGL/1771326056.json', '/opt/***/data/minio/GOOGL/1771326066.json', '/opt/***/data/minio/GOOGL/1771326076.json', '/opt/***/data/minio/GOOGL/1771326086.json', '/opt/***/data/minio/GOOGL/1771326098.json', '/opt/***/data/minio/GOOGL/1771326111.json', '/opt/***/data/minio/GOOGL/1771326125.json', '/opt/***/data/minio/GOOGL/1771326137.json', '/opt/***/data/minio/GOOGL/1771326147.json', '/opt/***/data/minio/GOOGL/1771326159.json', '/opt/***/data/minio/GOOGL/1771326170.json', '/opt/***/data/minio/GOOGL/1771326181.json', '/opt/***/data/minio/GOOGL/1771326192.json', '/opt/***/data/minio/GOOGL/1771326202.json', '/opt/***/data/minio/GOOGL/1771326213.json', '/opt/***/data/minio/GOOGL/1771326223.json', '/opt/***/data/minio/GOOGL/1771326233.json', '/opt/***/data/minio/GOOGL/1771326243.json', '/opt/***/data/minio/GOOGL/1771326253.json', '/opt/***/data/minio/GOOGL/1771326263.json', '/opt/***/data/minio/GOOGL/1771326274.json', '/opt/***/data/minio/GOOGL/1771326284.json', '/opt/***/data/minio/GOOGL/1771326295.json', '/opt/***/data/minio/GOOGL/1771326311.json', '/opt/***/data/minio/GOOGL/1771326322.json', '/opt/***/data/minio/GOOGL/1771326333.json', '/opt/***/data/minio/GOOGL/1771326349.json', '/opt/***/data/minio/GOOGL/1771326360.json', '/opt/***/data/minio/GOOGL/1771326372.json', '/opt/***/data/minio/GOOGL/1771326382.json', '/opt/***/data/minio/GOOGL/1771326393.json', '/opt/***/data/minio/GOOGL/1771326403.json', '/opt/***/data/minio/GOOGL/1771326413.json', '/opt/***/data/minio/GOOGL/1771326424.json', '/opt/***/data/minio/GOOGL/1771326434.json', '/opt/***/data/minio/GOOGL/1771326444.json', '/opt/***/data/minio/GOOGL/1771326454.json', '/opt/***/data/minio/GOOGL/1771326465.json', '/opt/***/data/minio/GOOGL/1771326475.json', '/opt/***/data/minio/GOOGL/1771326485.json', '/opt/***/data/minio/GOOGL/1771326495.json', '/opt/***/data/minio/GOOGL/1771326506.json', '/opt/***/data/minio/GOOGL/1771326516.json', '/opt/***/data/minio/GOOGL/1771326526.json', '/opt/***/data/minio/GOOGL/1771326536.json', '/opt/***/data/minio/GOOGL/1771326547.json', '/opt/***/data/minio/GOOGL/1771326556.json', '/opt/***/data/minio/GOOGL/1771326567.json', '/opt/***/data/minio/GOOGL/1771326577.json', '/opt/***/data/minio/GOOGL/1771326587.json', '/opt/***/data/minio/GOOGL/1771326597.json', '/opt/***/data/minio/GOOGL/1771326607.json', '/opt/***/data/minio/GOOGL/1771326617.json', '/opt/***/data/minio/GOOGL/1771326627.json', '/opt/***/data/minio/GOOGL/1771326638.json', '/opt/***/data/minio/GOOGL/1771326647.json', '/opt/***/data/minio/GOOGL/1771326658.json', '/opt/***/data/minio/GOOGL/1771326668.json', '/opt/***/data/minio/GOOGL/1771326678.json', '/opt/***/data/minio/GOOGL/1771326689.json', '/opt/***/data/minio/GOOGL/1771326699.json', '/opt/***/data/minio/GOOGL/1771326709.json', '/opt/***/data/minio/GOOGL/1771326720.json', '/opt/***/data/minio/GOOGL/1771326730.json', '/opt/***/data/minio/GOOGL/1771326740.json', '/opt/***/data/minio/GOOGL/1771326750.json', '/opt/***/data/minio/GOOGL/1771326760.json', '/opt/***/data/minio/GOOGL/1771326771.json', '/opt/***/data/minio/GOOGL/1771326781.json', '/opt/***/data/minio/GOOGL/1771326791.json', '/opt/***/data/minio/GOOGL/1771326801.json', '/opt/***/data/minio/GOOGL/1771326811.json', '/opt/***/data/minio/GOOGL/1771326821.json', '/opt/***/data/minio/GOOGL/1771326832.json', '/opt/***/data/minio/GOOGL/1771326842.json', '/opt/***/data/minio/GOOGL/1771326852.json', '/opt/***/data/minio/GOOGL/1771326862.json', '/opt/***/data/minio/GOOGL/1771326873.json', '/opt/***/data/minio/GOOGL/1771326883.json', '/opt/***/data/minio/GOOGL/1771326893.json', '/opt/***/data/minio/GOOGL/1771326903.json', '/opt/***/data/minio/GOOGL/1771326914.json', '/opt/***/data/minio/GOOGL/1771326925.json', '/opt/***/data/minio/GOOGL/1771326936.json', '/opt/***/data/minio/GOOGL/1771326947.json', '/opt/***/data/minio/GOOGL/1771326957.json', '/opt/***/data/minio/GOOGL/1771326967.json', '/opt/***/data/minio/GOOGL/1771326978.json', '/opt/***/data/minio/GOOGL/1771326988.json', '/opt/***/data/minio/GOOGL/1771326999.json', '/opt/***/data/minio/GOOGL/1771327010.json', '/opt/***/data/minio/GOOGL/1771327020.json', '/opt/***/data/minio/GOOGL/1771327030.json', '/opt/***/data/minio/GOOGL/1771327041.json', '/opt/***/data/minio/GOOGL/1771327051.json', '/opt/***/data/minio/GOOGL/1771327063.json', '/opt/***/data/minio/GOOGL/1771327086.json', '/opt/***/data/minio/GOOGL/1771327101.json', '/opt/***/data/minio/GOOGL/1771327116.json', '/opt/***/data/minio/GOOGL/1771327129.json', '/opt/***/data/minio/GOOGL/1771327139.json', '/opt/***/data/minio/GOOGL/1771327150.json', '/opt/***/data/minio/GOOGL/1771327160.json', '/opt/***/data/minio/GOOGL/1771327170.json', '/opt/***/data/minio/GOOGL/1771327180.json', '/opt/***/data/minio/GOOGL/1771327190.json', '/opt/***/data/minio/GOOGL/1771327200.json', '/opt/***/data/minio/GOOGL/1771327211.json', '/opt/***/data/minio/GOOGL/1771327222.json', '/opt/***/data/minio/GOOGL/1771327232.json', '/opt/***/data/minio/GOOGL/1771327242.json', '/opt/***/data/minio/GOOGL/1771327254.json', '/opt/***/data/minio/GOOGL/1771327264.json', '/opt/***/data/minio/GOOGL/1771327274.json', '/opt/***/data/minio/GOOGL/1771327284.json', '/opt/***/data/minio/GOOGL/1771327294.json', '/opt/***/data/minio/GOOGL/1771327304.json', '/opt/***/data/minio/GOOGL/1771327315.json', '/opt/***/data/minio/GOOGL/1771327325.json', '/opt/***/data/minio/GOOGL/1771327336.json', '/opt/***/data/minio/GOOGL/1771327346.json', '/opt/***/data/minio/GOOGL/1771327356.json', '/opt/***/data/minio/GOOGL/1771327365.json', '/opt/***/data/minio/GOOGL/1771327375.json', '/opt/***/data/minio/GOOGL/1771327386.json', '/opt/***/data/minio/GOOGL/1771327397.json', '/opt/***/data/minio/GOOGL/1771327408.json', '/opt/***/data/minio/GOOGL/1771327418.json', '/opt/***/data/minio/GOOGL/1771327429.json', '/opt/***/data/minio/GOOGL/1771327439.json', '/opt/***/data/minio/GOOGL/1771327449.json', '/opt/***/data/minio/GOOGL/1771327459.json', '/opt/***/data/minio/GOOGL/1771327470.json', '/opt/***/data/minio/GOOGL/1771327480.json', '/opt/***/data/minio/GOOGL/1771327491.json', '/opt/***/data/minio/GOOGL/1771327501.json', '/opt/***/data/minio/GOOGL/1771327512.json', '/opt/***/data/minio/GOOGL/1771327522.json', '/opt/***/data/minio/GOOGL/1771327533.json', '/opt/***/data/minio/GOOGL/1771327543.json', '/opt/***/data/minio/GOOGL/1771327554.json', '/opt/***/data/minio/GOOGL/1771327564.json', '/opt/***/data/minio/GOOGL/1771327576.json', '/opt/***/data/minio/GOOGL/1771327588.json', '/opt/***/data/minio/GOOGL/1771327599.json', '/opt/***/data/minio/GOOGL/1771327609.json', '/opt/***/data/minio/GOOGL/1771327619.json', '/opt/***/data/minio/GOOGL/1771327629.json', '/opt/***/data/minio/GOOGL/1771327640.json', '/opt/***/data/minio/GOOGL/1771327649.json', '/opt/***/data/minio/GOOGL/1771327660.json', '/opt/***/data/minio/GOOGL/1771327670.json', '/opt/***/data/minio/GOOGL/1771327680.json', '/opt/***/data/minio/GOOGL/1771327691.json', '/opt/***/data/minio/GOOGL/1771327701.json', '/opt/***/data/minio/GOOGL/1771327711.json', '/opt/***/data/minio/GOOGL/1771327721.json', '/opt/***/data/minio/GOOGL/1771327731.json', '/opt/***/data/minio/GOOGL/1771327741.json', '/opt/***/data/minio/GOOGL/1771327752.json', '/opt/***/data/minio/GOOGL/1771327763.json', '/opt/***/data/minio/GOOGL/1771327772.json', '/opt/***/data/minio/GOOGL/1771327784.json', '/opt/***/data/minio/GOOGL/1771327794.json', '/opt/***/data/minio/GOOGL/1771327804.json', '/opt/***/data/minio/GOOGL/1771327814.json', '/opt/***/data/minio/GOOGL/1771327824.json', '/opt/***/data/minio/GOOGL/1771327835.json', '/opt/***/data/minio/GOOGL/1771327846.json', '/opt/***/data/minio/GOOGL/1771327856.json', '/opt/***/data/minio/GOOGL/1771327867.json', '/opt/***/data/minio/GOOGL/1771327878.json', '/opt/***/data/minio/GOOGL/1771327889.json', '/opt/***/data/minio/GOOGL/1771327899.json', '/opt/***/data/minio/GOOGL/1771327909.json', '/opt/***/data/minio/GOOGL/1771327919.json', '/opt/***/data/minio/GOOGL/1771327929.json', '/opt/***/data/minio/GOOGL/1771327940.json', '/opt/***/data/minio/GOOGL/1771327950.json', '/opt/***/data/minio/GOOGL/1771327960.json', '/opt/***/data/minio/GOOGL/1771327971.json', '/opt/***/data/minio/GOOGL/1771327981.json', '/opt/***/data/minio/GOOGL/1771327991.json', '/opt/***/data/minio/GOOGL/1771328002.json', '/opt/***/data/minio/GOOGL/1771328012.json', '/opt/***/data/minio/GOOGL/1771328022.json', '/opt/***/data/minio/GOOGL/1771328032.json', '/opt/***/data/minio/GOOGL/1771328042.json', '/opt/***/data/minio/GOOGL/1771328053.json', '/opt/***/data/minio/GOOGL/1771328063.json', '/opt/***/data/minio/GOOGL/1771328073.json', '/opt/***/data/minio/GOOGL/1771328083.json', '/opt/***/data/minio/GOOGL/1771328094.json', '/opt/***/data/minio/GOOGL/1771328107.json', '/opt/***/data/minio/GOOGL/1771328118.json', '/opt/***/data/minio/GOOGL/1771328129.json', '/opt/***/data/minio/GOOGL/1771328141.json', '/opt/***/data/minio/GOOGL/1771328151.json', '/opt/***/data/minio/GOOGL/1771328163.json', '/opt/***/data/minio/GOOGL/1771328187.json', '/opt/***/data/minio/GOOGL/1771328211.json', '/opt/***/data/minio/GOOGL/1771328221.json', '/opt/***/data/minio/GOOGL/1771328232.json', '/opt/***/data/minio/GOOGL/1771328242.json', '/opt/***/data/minio/GOOGL/1771328253.json', '/opt/***/data/minio/GOOGL/1771328263.json', '/opt/***/data/minio/GOOGL/1771328273.json', '/opt/***/data/minio/GOOGL/1771328285.json', '/opt/***/data/minio/GOOGL/1771328295.json', '/opt/***/data/minio/GOOGL/1771328305.json', '/opt/***/data/minio/GOOGL/1771328316.json', '/opt/***/data/minio/GOOGL/1771328326.json', '/opt/***/data/minio/GOOGL/1771328336.json', '/opt/***/data/minio/GOOGL/1771328346.json', '/opt/***/data/minio/GOOGL/1771328359.json', '/opt/***/data/minio/GOOGL/1771328375.json', '/opt/***/data/minio/GOOGL/1771328387.json', '/opt/***/data/minio/GOOGL/1771328398.json', '/opt/***/data/minio/GOOGL/1771328408.json', '/opt/***/data/minio/GOOGL/1771328419.json', '/opt/***/data/minio/GOOGL/1771328457.json', '/opt/***/data/minio/GOOGL/1771328519.json', '/opt/***/data/minio/GOOGL/1771328530.json', '/opt/***/data/minio/GOOGL/1771328572.json', '/opt/***/data/minio/GOOGL/1771328729.json', '/opt/***/data/minio/GOOGL/1771328741.json', '/opt/***/data/minio/GOOGL/1771328751.json', '/opt/***/data/minio/GOOGL/1771328761.json', '/opt/***/data/minio/GOOGL/1771328772.json', '/opt/***/data/minio/GOOGL/1771328782.json', '/opt/***/data/minio/GOOGL/1771328793.json', '/opt/***/data/minio/GOOGL/1771328803.json', '/opt/***/data/minio/GOOGL/1771328813.json', '/opt/***/data/minio/GOOGL/1771328823.json', '/opt/***/data/minio/GOOGL/1771328834.json', '/opt/***/data/minio/GOOGL/1771328845.json', '/opt/***/data/minio/GOOGL/1771328855.json', '/opt/***/data/minio/GOOGL/1771328867.json', '/opt/***/data/minio/GOOGL/1771328878.json', '/opt/***/data/minio/GOOGL/1771328889.json', '/opt/***/data/minio/GOOGL/1771328900.json', '/opt/***/data/minio/GOOGL/1771328930.json', '/opt/***/data/minio/GOOGL/1771328940.json', '/opt/***/data/minio/GOOGL/1771328950.json', '/opt/***/data/minio/GOOGL/1771328961.json', '/opt/***/data/minio/GOOGL/1771328976.json', '/opt/***/data/minio/GOOGL/1771328986.json', '/opt/***/data/minio/GOOGL/1771328996.json', '/opt/***/data/minio/GOOGL/1771329007.json', '/opt/***/data/minio/GOOGL/1771329021.json', '/opt/***/data/minio/GOOGL/1771329031.json', '/opt/***/data/minio/GOOGL/1771329042.json', '/opt/***/data/minio/GOOGL/1771329084.json', '/opt/***/data/minio/GOOGL/1771329095.json', '/opt/***/data/minio/GOOGL/1771329106.json', '/opt/***/data/minio/GOOGL/1771329133.json', '/opt/***/data/minio/GOOGL/1771329144.json', '/opt/***/data/minio/GOOGL/1771329155.json', '/opt/***/data/minio/GOOGL/1771329166.json', '/opt/***/data/minio/GOOGL/1771329178.json', '/opt/***/data/minio/GOOGL/1771329189.json', '/opt/***/data/minio/GOOGL/1771329200.json', '/opt/***/data/minio/GOOGL/1771329212.json', '/opt/***/data/minio/GOOGL/1771329222.json', '/opt/***/data/minio/GOOGL/1771329233.json', '/opt/***/data/minio/GOOGL/1771329243.json', '/opt/***/data/minio/GOOGL/1771329253.json', '/opt/***/data/minio/GOOGL/1771329264.json', '/opt/***/data/minio/GOOGL/1771329274.json', '/opt/***/data/minio/GOOGL/1771329284.json', '/opt/***/data/minio/GOOGL/1771329294.json', '/opt/***/data/minio/GOOGL/1771329304.json', '/opt/***/data/minio/GOOGL/1771329315.json', '/opt/***/data/minio/GOOGL/1771329325.json', '/opt/***/data/minio/GOOGL/1771329336.json', '/opt/***/data/minio/GOOGL/1771329346.json', '/opt/***/data/minio/MSFT/1771324933.json', '/opt/***/data/minio/MSFT/1771324944.json', '/opt/***/data/minio/MSFT/1771324954.json', '/opt/***/data/minio/MSFT/1771324965.json', '/opt/***/data/minio/MSFT/1771324975.json', '/opt/***/data/minio/MSFT/1771324986.json', '/opt/***/data/minio/MSFT/1771324997.json', '/opt/***/data/minio/MSFT/1771325008.json', '/opt/***/data/minio/MSFT/1771325018.json', '/opt/***/data/minio/MSFT/1771325029.json', '/opt/***/data/minio/MSFT/1771325039.json', '/opt/***/data/minio/MSFT/1771325050.json', '/opt/***/data/minio/MSFT/1771325060.json', '/opt/***/data/minio/MSFT/1771325070.json', '/opt/***/data/minio/MSFT/1771325080.json', '/opt/***/data/minio/MSFT/1771325091.json', '/opt/***/data/minio/MSFT/1771325102.json', '/opt/***/data/minio/MSFT/1771325113.json', '/opt/***/data/minio/MSFT/1771325123.json', '/opt/***/data/minio/MSFT/1771325133.json', '/opt/***/data/minio/MSFT/1771325143.json', '/opt/***/data/minio/MSFT/1771325154.json', '/opt/***/data/minio/MSFT/1771325164.json', '/opt/***/data/minio/MSFT/1771325175.json', '/opt/***/data/minio/MSFT/1771325185.json', '/opt/***/data/minio/MSFT/1771325195.json', '/opt/***/data/minio/MSFT/1771325206.json', '/opt/***/data/minio/MSFT/1771325216.json', '/opt/***/data/minio/MSFT/1771325226.json', '/opt/***/data/minio/MSFT/1771325237.json', '/opt/***/data/minio/MSFT/1771325248.json', '/opt/***/data/minio/MSFT/1771325258.json', '/opt/***/data/minio/MSFT/1771325270.json', '/opt/***/data/minio/MSFT/1771325280.json', '/opt/***/data/minio/MSFT/1771325290.json', '/opt/***/data/minio/MSFT/1771325301.json', '/opt/***/data/minio/MSFT/1771325335.json', '/opt/***/data/minio/MSFT/1771325345.json', '/opt/***/data/minio/MSFT/1771325355.json', '/opt/***/data/minio/MSFT/1771325366.json', '/opt/***/data/minio/MSFT/1771325376.json', '/opt/***/data/minio/MSFT/1771325386.json', '/opt/***/data/minio/MSFT/1771325398.json', '/opt/***/data/minio/MSFT/1771325409.json', '/opt/***/data/minio/MSFT/1771325420.json', '/opt/***/data/minio/MSFT/1771325432.json', '/opt/***/data/minio/MSFT/1771325444.json', '/opt/***/data/minio/MSFT/1771325455.json', '/opt/***/data/minio/MSFT/1771325465.json', '/opt/***/data/minio/MSFT/1771325475.json', '/opt/***/data/minio/MSFT/1771325486.json', '/opt/***/data/minio/MSFT/1771325497.json', '/opt/***/data/minio/MSFT/1771325508.json', '/opt/***/data/minio/MSFT/1771325518.json', '/opt/***/data/minio/MSFT/1771325529.json', '/opt/***/data/minio/MSFT/1771325539.json', '/opt/***/data/minio/MSFT/1771325550.json', '/opt/***/data/minio/MSFT/1771325560.json', '/opt/***/data/minio/MSFT/1771325570.json', '/opt/***/data/minio/MSFT/1771325580.json', '/opt/***/data/minio/MSFT/1771325590.json', '/opt/***/data/minio/MSFT/1771325601.json', '/opt/***/data/minio/MSFT/1771325613.json', '/opt/***/data/minio/MSFT/1771325624.json', '/opt/***/data/minio/MSFT/1771325634.json', '/opt/***/data/minio/MSFT/1771325645.json', '/opt/***/data/minio/MSFT/1771325656.json', '/opt/***/data/minio/MSFT/1771325666.json', '/opt/***/data/minio/MSFT/1771325677.json', '/opt/***/data/minio/MSFT/1771325687.json', '/opt/***/data/minio/MSFT/1771325698.json', '/opt/***/data/minio/MSFT/1771325708.json', '/opt/***/data/minio/MSFT/1771325719.json', '/opt/***/data/minio/MSFT/1771325730.json', '/opt/***/data/minio/MSFT/1771325740.json', '/opt/***/data/minio/MSFT/1771325751.json', '/opt/***/data/minio/MSFT/1771325777.json', '/opt/***/data/minio/MSFT/1771325788.json', '/opt/***/data/minio/MSFT/1771325801.json', '/opt/***/data/minio/MSFT/1771325811.json', '/opt/***/data/minio/MSFT/1771325821.json', '/opt/***/data/minio/MSFT/1771325831.json', '/opt/***/data/minio/MSFT/1771325841.json', '/opt/***/data/minio/MSFT/1771325853.json', '/opt/***/data/minio/MSFT/1771325864.json', '/opt/***/data/minio/MSFT/1771325875.json', '/opt/***/data/minio/MSFT/1771325887.json', '/opt/***/data/minio/MSFT/1771325899.json', '/opt/***/data/minio/MSFT/1771325911.json', '/opt/***/data/minio/MSFT/1771325922.json', '/opt/***/data/minio/MSFT/1771325933.json', '/opt/***/data/minio/MSFT/1771325945.json', '/opt/***/data/minio/MSFT/1771325956.json', '/opt/***/data/minio/MSFT/1771325970.json', '/opt/***/data/minio/MSFT/1771325981.json', '/opt/***/data/minio/MSFT/1771325992.json', '/opt/***/data/minio/MSFT/1771326003.json', '/opt/***/data/minio/MSFT/1771326013.json', '/opt/***/data/minio/MSFT/1771326024.json', '/opt/***/data/minio/MSFT/1771326035.json', '/opt/***/data/minio/MSFT/1771326045.json', '/opt/***/data/minio/MSFT/1771326055.json', '/opt/***/data/minio/MSFT/1771326065.json', '/opt/***/data/minio/MSFT/1771326075.json', '/opt/***/data/minio/MSFT/1771326085.json', '/opt/***/data/minio/MSFT/1771326096.json', '/opt/***/data/minio/MSFT/1771326108.json', '/opt/***/data/minio/MSFT/1771326123.json', '/opt/***/data/minio/MSFT/1771326136.json', '/opt/***/data/minio/MSFT/1771326146.json', '/opt/***/data/minio/MSFT/1771326158.json', '/opt/***/data/minio/MSFT/1771326169.json', '/opt/***/data/minio/MSFT/1771326180.json', '/opt/***/data/minio/MSFT/1771326191.json', '/opt/***/data/minio/MSFT/1771326202.json', '/opt/***/data/minio/MSFT/1771326212.json', '/opt/***/data/minio/MSFT/1771326222.json', '/opt/***/data/minio/MSFT/1771326232.json', '/opt/***/data/minio/MSFT/1771326243.json', '/opt/***/data/minio/MSFT/1771326252.json', '/opt/***/data/minio/MSFT/1771326263.json', '/opt/***/data/minio/MSFT/1771326273.json', '/opt/***/data/minio/MSFT/1771326283.json', '/opt/***/data/minio/MSFT/1771326294.json', '/opt/***/data/minio/MSFT/1771326310.json', '/opt/***/data/minio/MSFT/1771326321.json', '/opt/***/data/minio/MSFT/1771326332.json', '/opt/***/data/minio/MSFT/1771326348.json', '/opt/***/data/minio/MSFT/1771326359.json', '/opt/***/data/minio/MSFT/1771326371.json', '/opt/***/data/minio/MSFT/1771326382.json', '/opt/***/data/minio/MSFT/1771326392.json', '/opt/***/data/minio/MSFT/1771326402.json', '/opt/***/data/minio/MSFT/1771326412.json', '/opt/***/data/minio/MSFT/1771326423.json', '/opt/***/data/minio/MSFT/1771326433.json', '/opt/***/data/minio/MSFT/1771326443.json', '/opt/***/data/minio/MSFT/1771326453.json', '/opt/***/data/minio/MSFT/1771326464.json', '/opt/***/data/minio/MSFT/1771326474.json', '/opt/***/data/minio/MSFT/1771326484.json', '/opt/***/data/minio/MSFT/1771326494.json', '/opt/***/data/minio/MSFT/1771326505.json', '/opt/***/data/minio/MSFT/1771326515.json', '/opt/***/data/minio/MSFT/1771326526.json', '/opt/***/data/minio/MSFT/1771326535.json', '/opt/***/data/minio/MSFT/1771326546.json', '/opt/***/data/minio/MSFT/1771326556.json', '/opt/***/data/minio/MSFT/1771326567.json', '/opt/***/data/minio/MSFT/1771326576.json', '/opt/***/data/minio/MSFT/1771326586.json', '/opt/***/data/minio/MSFT/1771326596.json', '/opt/***/data/minio/MSFT/1771326606.json', '/opt/***/data/minio/MSFT/1771326616.json', '/opt/***/data/minio/MSFT/1771326627.json', '/opt/***/data/minio/MSFT/1771326637.json', '/opt/***/data/minio/MSFT/1771326647.json', '/opt/***/data/minio/MSFT/1771326657.json', '/opt/***/data/minio/MSFT/1771326667.json', '/opt/***/data/minio/MSFT/1771326678.json', '/opt/***/data/minio/MSFT/1771326688.json', '/opt/***/data/minio/MSFT/1771326698.json', '/opt/***/data/minio/MSFT/1771326708.json', '/opt/***/data/minio/MSFT/1771326719.json', '/opt/***/data/minio/MSFT/1771326729.json', '/opt/***/data/minio/MSFT/1771326739.json', '/opt/***/data/minio/MSFT/1771326749.json', '/opt/***/data/minio/MSFT/1771326759.json', '/opt/***/data/minio/MSFT/1771326770.json', '/opt/***/data/minio/MSFT/1771326780.json', '/opt/***/data/minio/MSFT/1771326790.json', '/opt/***/data/minio/MSFT/1771326800.json', '/opt/***/data/minio/MSFT/1771326810.json', '/opt/***/data/minio/MSFT/1771326820.json', '/opt/***/data/minio/MSFT/1771326831.json', '/opt/***/data/minio/MSFT/1771326841.json', '/opt/***/data/minio/MSFT/1771326851.json', '/opt/***/data/minio/MSFT/1771326861.json', '/opt/***/data/minio/MSFT/1771326871.json', '/opt/***/data/minio/MSFT/1771326882.json', '/opt/***/data/minio/MSFT/1771326892.json', '/opt/***/data/minio/MSFT/1771326902.json', '/opt/***/data/minio/MSFT/1771326913.json', '/opt/***/data/minio/MSFT/1771326924.json', '/opt/***/data/minio/MSFT/1771326935.json', '/opt/***/data/minio/MSFT/1771326946.json', '/opt/***/data/minio/MSFT/1771326956.json', '/opt/***/data/minio/MSFT/1771326966.json', '/opt/***/data/minio/MSFT/1771326977.json', '/opt/***/data/minio/MSFT/1771326987.json', '/opt/***/data/minio/MSFT/1771326997.json', '/opt/***/data/minio/MSFT/1771327009.json', '/opt/***/data/minio/MSFT/1771327019.json', '/opt/***/data/minio/MSFT/1771327029.json', '/opt/***/data/minio/MSFT/1771327040.json', '/opt/***/data/minio/MSFT/1771327050.json', '/opt/***/data/minio/MSFT/1771327060.json', '/opt/***/data/minio/MSFT/1771327083.json', '/opt/***/data/minio/MSFT/1771327099.json', '/opt/***/data/minio/MSFT/1771327115.json', '/opt/***/data/minio/MSFT/1771327128.json', '/opt/***/data/minio/MSFT/1771327139.json', '/opt/***/data/minio/MSFT/1771327149.json', '/opt/***/data/minio/MSFT/1771327159.json', '/opt/***/data/minio/MSFT/1771327169.json', '/opt/***/data/minio/MSFT/1771327179.json', '/opt/***/data/minio/MSFT/1771327189.json', '/opt/***/data/minio/MSFT/1771327199.json', '/opt/***/data/minio/MSFT/1771327210.json', '/opt/***/data/minio/MSFT/1771327221.json', '/opt/***/data/minio/MSFT/1771327231.json', '/opt/***/data/minio/MSFT/1771327241.json', '/opt/***/data/minio/MSFT/1771327253.json', '/opt/***/data/minio/MSFT/1771327263.json', '/opt/***/data/minio/MSFT/1771327273.json', '/opt/***/data/minio/MSFT/1771327283.json', '/opt/***/data/minio/MSFT/1771327293.json', '/opt/***/data/minio/MSFT/1771327303.json', '/opt/***/data/minio/MSFT/1771327314.json', '/opt/***/data/minio/MSFT/1771327324.json', '/opt/***/data/minio/MSFT/1771327335.json', '/opt/***/data/minio/MSFT/1771327345.json', '/opt/***/data/minio/MSFT/1771327355.json', '/opt/***/data/minio/MSFT/1771327365.json', '/opt/***/data/minio/MSFT/1771327375.json', '/opt/***/data/minio/MSFT/1771327385.json', '/opt/***/data/minio/MSFT/1771327396.json', '/opt/***/data/minio/MSFT/1771327407.json', '/opt/***/data/minio/MSFT/1771327418.json', '/opt/***/data/minio/MSFT/1771327428.json', '/opt/***/data/minio/MSFT/1771327438.json', '/opt/***/data/minio/MSFT/1771327448.json', '/opt/***/data/minio/MSFT/1771327458.json', '/opt/***/data/minio/MSFT/1771327469.json', '/opt/***/data/minio/MSFT/1771327479.json', '/opt/***/data/minio/MSFT/1771327490.json', '/opt/***/data/minio/MSFT/1771327500.json', '/opt/***/data/minio/MSFT/1771327511.json', '/opt/***/data/minio/MSFT/1771327522.json', '/opt/***/data/minio/MSFT/1771327532.json', '/opt/***/data/minio/MSFT/1771327542.json', '/opt/***/data/minio/MSFT/1771327553.json', '/opt/***/data/minio/MSFT/1771327563.json', '/opt/***/data/minio/MSFT/1771327575.json', '/opt/***/data/minio/MSFT/1771327587.json', '/opt/***/data/minio/MSFT/1771327598.json', '/opt/***/data/minio/MSFT/1771327608.json', '/opt/***/data/minio/MSFT/1771327618.json', '/opt/***/data/minio/MSFT/1771327629.json', '/opt/***/data/minio/MSFT/1771327639.json', '/opt/***/data/minio/MSFT/1771327649.json', '/opt/***/data/minio/MSFT/1771327659.json', '/opt/***/data/minio/MSFT/1771327669.json', '/opt/***/data/minio/MSFT/1771327679.json', '/opt/***/data/minio/MSFT/1771327690.json', '/opt/***/data/minio/MSFT/1771327700.json', '/opt/***/data/minio/MSFT/1771327710.json', '/opt/***/data/minio/MSFT/1771327720.json', '/opt/***/data/minio/MSFT/1771327730.json', '/opt/***/data/minio/MSFT/1771327741.json', '/opt/***/data/minio/MSFT/1771327751.json', '/opt/***/data/minio/MSFT/1771327762.json', '/opt/***/data/minio/MSFT/1771327772.json', '/opt/***/data/minio/MSFT/1771327783.json', '/opt/***/data/minio/MSFT/1771327793.json', '/opt/***/data/minio/MSFT/1771327803.json', '/opt/***/data/minio/MSFT/1771327814.json', '/opt/***/data/minio/MSFT/1771327824.json', '/opt/***/data/minio/MSFT/1771327834.json', '/opt/***/data/minio/MSFT/1771327845.json', '/opt/***/data/minio/MSFT/1771327855.json', '/opt/***/data/minio/MSFT/1771327866.json', '/opt/***/data/minio/MSFT/1771327877.json', '/opt/***/data/minio/MSFT/1771327888.json', '/opt/***/data/minio/MSFT/1771327898.json', '/opt/***/data/minio/MSFT/1771327908.json', '/opt/***/data/minio/MSFT/1771327919.json', '/opt/***/data/minio/MSFT/1771327929.json', '/opt/***/data/minio/MSFT/1771327939.json', '/opt/***/data/minio/MSFT/1771327949.json', '/opt/***/data/minio/MSFT/1771327959.json', '/opt/***/data/minio/MSFT/1771327970.json', '/opt/***/data/minio/MSFT/1771327980.json', '/opt/***/data/minio/MSFT/1771327991.json', '/opt/***/data/minio/MSFT/1771328001.json', '/opt/***/data/minio/MSFT/1771328011.json', '/opt/***/data/minio/MSFT/1771328021.json', '/opt/***/data/minio/MSFT/1771328031.json', '/opt/***/data/minio/MSFT/1771328041.json', '/opt/***/data/minio/MSFT/1771328052.json', '/opt/***/data/minio/MSFT/1771328062.json', '/opt/***/data/minio/MSFT/1771328072.json', '/opt/***/data/minio/MSFT/1771328082.json', '/opt/***/data/minio/MSFT/1771328093.json', '/opt/***/data/minio/MSFT/1771328105.json', '/opt/***/data/minio/MSFT/1771328117.json', '/opt/***/data/minio/MSFT/1771328128.json', '/opt/***/data/minio/MSFT/1771328139.json', '/opt/***/data/minio/MSFT/1771328151.json', '/opt/***/data/minio/MSFT/1771328162.json', '/opt/***/data/minio/MSFT/1771328186.json', '/opt/***/data/minio/MSFT/1771328210.json', '/opt/***/data/minio/MSFT/1771328221.json', '/opt/***/data/minio/MSFT/1771328231.json', '/opt/***/data/minio/MSFT/1771328241.json', '/opt/***/data/minio/MSFT/1771328252.json', '/opt/***/data/minio/MSFT/1771328262.json', '/opt/***/data/minio/MSFT/1771328273.json', '/opt/***/data/minio/MSFT/1771328284.json', '/opt/***/data/minio/MSFT/1771328294.json', '/opt/***/data/minio/MSFT/1771328305.json', '/opt/***/data/minio/MSFT/1771328315.json', '/opt/***/data/minio/MSFT/1771328325.json', '/opt/***/data/minio/MSFT/1771328335.json', '/opt/***/data/minio/MSFT/1771328346.json', '/opt/***/data/minio/MSFT/1771328358.json', '/opt/***/data/minio/MSFT/1771328374.json', '/opt/***/data/minio/MSFT/1771328385.json', '/opt/***/data/minio/MSFT/1771328397.json', '/opt/***/data/minio/MSFT/1771328408.json', '/opt/***/data/minio/MSFT/1771328418.json', '/opt/***/data/minio/MSFT/1771328436.json', '/opt/***/data/minio/MSFT/1771328518.json', '/opt/***/data/minio/MSFT/1771328529.json', '/opt/***/data/minio/MSFT/1771328540.json', '/opt/***/data/minio/MSFT/1771328728.json', '/opt/***/data/minio/MSFT/1771328740.json', '/opt/***/data/minio/MSFT/1771328750.json', '/opt/***/data/minio/MSFT/1771328760.json', '/opt/***/data/minio/MSFT/1771328771.json', '/opt/***/data/minio/MSFT/1771328782.json', '/opt/***/data/minio/MSFT/1771328792.json', '/opt/***/data/minio/MSFT/1771328802.json', '/opt/***/data/minio/MSFT/1771328812.json', '/opt/***/data/minio/MSFT/1771328822.json', '/opt/***/data/minio/MSFT/1771328833.json', '/opt/***/data/minio/MSFT/1771328844.json', '/opt/***/data/minio/MSFT/1771328854.json', '/opt/***/data/minio/MSFT/1771328866.json', '/opt/***/data/minio/MSFT/1771328877.json', '/opt/***/data/minio/MSFT/1771328888.json', '/opt/***/data/minio/MSFT/1771328899.json', '/opt/***/data/minio/MSFT/1771328929.json', '/opt/***/data/minio/MSFT/1771328939.json', '/opt/***/data/minio/MSFT/1771328949.json', '/opt/***/data/minio/MSFT/1771328960.json', '/opt/***/data/minio/MSFT/1771328975.json', '/opt/***/data/minio/MSFT/1771328985.json', '/opt/***/data/minio/MSFT/1771328995.json', '/opt/***/data/minio/MSFT/1771329006.json', '/opt/***/data/minio/MSFT/1771329020.json', '/opt/***/data/minio/MSFT/1771329030.json', '/opt/***/data/minio/MSFT/1771329041.json', '/opt/***/data/minio/MSFT/1771329082.json', '/opt/***/data/minio/MSFT/1771329094.json', '/opt/***/data/minio/MSFT/1771329105.json', '/opt/***/data/minio/MSFT/1771329131.json', '/opt/***/data/minio/MSFT/1771329143.json', '/opt/***/data/minio/MSFT/1771329154.json', '/opt/***/data/minio/MSFT/1771329165.json', '/opt/***/data/minio/MSFT/1771329178.json', '/opt/***/data/minio/MSFT/1771329188.json', '/opt/***/data/minio/MSFT/1771329199.json', '/opt/***/data/minio/MSFT/1771329211.json', '/opt/***/data/minio/MSFT/1771329221.json', '/opt/***/data/minio/MSFT/1771329232.json', '/opt/***/data/minio/MSFT/1771329242.json', '/opt/***/data/minio/MSFT/1771329252.json', '/opt/***/data/minio/MSFT/1771329263.json', '/opt/***/data/minio/MSFT/1771329273.json', '/opt/***/data/minio/MSFT/1771329283.json', '/opt/***/data/minio/MSFT/1771329293.json', '/opt/***/data/minio/MSFT/1771329304.json', '/opt/***/data/minio/MSFT/1771329314.json', '/opt/***/data/minio/MSFT/1771329324.json', '/opt/***/data/minio/MSFT/1771329335.json', '/opt/***/data/minio/MSFT/1771329345.json', '/opt/***/data/minio/TSLA/1771324935.json', '/opt/***/data/minio/TSLA/1771324946.json', '/opt/***/data/minio/TSLA/1771324956.json', '/opt/***/data/minio/TSLA/1771324967.json', '/opt/***/data/minio/TSLA/1771324977.json', '/opt/***/data/minio/TSLA/1771324988.json', '/opt/***/data/minio/TSLA/1771324999.json', '/opt/***/data/minio/TSLA/1771325009.json', '/opt/***/data/minio/TSLA/1771325020.json', '/opt/***/data/minio/TSLA/1771325030.json', '/opt/***/data/minio/TSLA/1771325041.json', '/opt/***/data/minio/TSLA/1771325051.json', '/opt/***/data/minio/TSLA/1771325062.json', '/opt/***/data/minio/TSLA/1771325072.json', '/opt/***/data/minio/TSLA/1771325082.json', '/opt/***/data/minio/TSLA/1771325093.json', '/opt/***/data/minio/TSLA/1771325104.json', '/opt/***/data/minio/TSLA/1771325114.json', '/opt/***/data/minio/TSLA/1771325124.json', '/opt/***/data/minio/TSLA/1771325135.json', '/opt/***/data/minio/TSLA/1771325145.json', '/opt/***/data/minio/TSLA/1771325156.json', '/opt/***/data/minio/TSLA/1771325166.json', '/opt/***/data/minio/TSLA/1771325176.json', '/opt/***/data/minio/TSLA/1771325187.json', '/opt/***/data/minio/TSLA/1771325197.json', '/opt/***/data/minio/TSLA/1771325208.json', '/opt/***/data/minio/TSLA/1771325218.json', '/opt/***/data/minio/TSLA/1771325228.json', '/opt/***/data/minio/TSLA/1771325239.json', '/opt/***/data/minio/TSLA/1771325249.json', '/opt/***/data/minio/TSLA/1771325261.json', '/opt/***/data/minio/TSLA/1771325271.json', '/opt/***/data/minio/TSLA/1771325282.json', '/opt/***/data/minio/TSLA/1771325292.json', '/opt/***/data/minio/TSLA/1771325336.json', '/opt/***/data/minio/TSLA/1771325347.json', '/opt/***/data/minio/TSLA/1771325357.json', '/opt/***/data/minio/TSLA/1771325367.json', '/opt/***/data/minio/TSLA/1771325377.json', '/opt/***/data/minio/TSLA/1771325388.json', '/opt/***/data/minio/TSLA/1771325400.json', '/opt/***/data/minio/TSLA/1771325411.json', '/opt/***/data/minio/TSLA/1771325423.json', '/opt/***/data/minio/TSLA/1771325434.json', '/opt/***/data/minio/TSLA/1771325446.json', '/opt/***/data/minio/TSLA/1771325456.json', '/opt/***/data/minio/TSLA/1771325467.json', '/opt/***/data/minio/TSLA/1771325477.json', '/opt/***/data/minio/TSLA/1771325488.json', '/opt/***/data/minio/TSLA/1771325499.json', '/opt/***/data/minio/TSLA/1771325509.json', '/opt/***/data/minio/TSLA/1771325520.json', '/opt/***/data/minio/TSLA/1771325531.json', '/opt/***/data/minio/TSLA/1771325541.json', '/opt/***/data/minio/TSLA/1771325552.json', '/opt/***/data/minio/TSLA/1771325561.json', '/opt/***/data/minio/TSLA/1771325572.json', '/opt/***/data/minio/TSLA/1771325582.json', '/opt/***/data/minio/TSLA/1771325592.json', '/opt/***/data/minio/TSLA/1771325604.json', '/opt/***/data/minio/TSLA/1771325615.json', '/opt/***/data/minio/TSLA/1771325625.json', '/opt/***/data/minio/TSLA/1771325637.json', '/opt/***/data/minio/TSLA/1771325647.json', '/opt/***/data/minio/TSLA/1771325658.json', '/opt/***/data/minio/TSLA/1771325668.json', '/opt/***/data/minio/TSLA/1771325678.json', '/opt/***/data/minio/TSLA/1771325690.json', '/opt/***/data/minio/TSLA/1771325700.json', '/opt/***/data/minio/TSLA/1771325710.json', '/opt/***/data/minio/TSLA/1771325721.json', '/opt/***/data/minio/TSLA/1771325731.json', '/opt/***/data/minio/TSLA/1771325742.json', '/opt/***/data/minio/TSLA/1771325752.json', '/opt/***/data/minio/TSLA/1771325767.json', '/opt/***/data/minio/TSLA/1771325779.json', '/opt/***/data/minio/TSLA/1771325791.json', '/opt/***/data/minio/TSLA/1771325802.json', '/opt/***/data/minio/TSLA/1771325812.json', '/opt/***/data/minio/TSLA/1771325823.json', '/opt/***/data/minio/TSLA/1771325833.json', '/opt/***/data/minio/TSLA/1771325843.json', '/opt/***/data/minio/TSLA/1771325856.json', '/opt/***/data/minio/TSLA/1771325866.json', '/opt/***/data/minio/TSLA/1771325877.json', '/opt/***/data/minio/TSLA/1771325890.json', '/opt/***/data/minio/TSLA/1771325900.json', '/opt/***/data/minio/TSLA/1771325913.json', '/opt/***/data/minio/TSLA/1771325925.json', '/opt/***/data/minio/TSLA/1771325936.json', '/opt/***/data/minio/TSLA/1771325947.json', '/opt/***/data/minio/TSLA/1771325960.json', '/opt/***/data/minio/TSLA/1771325972.json', '/opt/***/data/minio/TSLA/1771325984.json', '/opt/***/data/minio/TSLA/1771325994.json', '/opt/***/data/minio/TSLA/1771326004.json', '/opt/***/data/minio/TSLA/1771326015.json', '/opt/***/data/minio/TSLA/1771326026.json', '/opt/***/data/minio/TSLA/1771326036.json', '/opt/***/data/minio/TSLA/1771326046.json', '/opt/***/data/minio/TSLA/1771326056.json', '/opt/***/data/minio/TSLA/1771326066.json', '/opt/***/data/minio/TSLA/1771326077.json', '/opt/***/data/minio/TSLA/1771326086.json', '/opt/***/data/minio/TSLA/1771326100.json', '/opt/***/data/minio/TSLA/1771326112.json', '/opt/***/data/minio/TSLA/1771326126.json', '/opt/***/data/minio/TSLA/1771326138.json', '/opt/***/data/minio/TSLA/1771326148.json', '/opt/***/data/minio/TSLA/1771326160.json', '/opt/***/data/minio/TSLA/1771326171.json', '/opt/***/data/minio/TSLA/1771326182.json', '/opt/***/data/minio/TSLA/1771326193.json', '/opt/***/data/minio/TSLA/1771326204.json', '/opt/***/data/minio/TSLA/1771326214.json', '/opt/***/data/minio/TSLA/1771326224.json', '/opt/***/data/minio/TSLA/1771326234.json', '/opt/***/data/minio/TSLA/1771326244.json', '/opt/***/data/minio/TSLA/1771326254.json', '/opt/***/data/minio/TSLA/1771326264.json', '/opt/***/data/minio/TSLA/1771326275.json', '/opt/***/data/minio/TSLA/1771326285.json', '/opt/***/data/minio/TSLA/1771326299.json', '/opt/***/data/minio/TSLA/1771326313.json', '/opt/***/data/minio/TSLA/1771326323.json', '/opt/***/data/minio/TSLA/1771326334.json', '/opt/***/data/minio/TSLA/1771326350.json', '/opt/***/data/minio/TSLA/1771326361.json', '/opt/***/data/minio/TSLA/1771326373.json', '/opt/***/data/minio/TSLA/1771326384.json', '/opt/***/data/minio/TSLA/1771326394.json', '/opt/***/data/minio/TSLA/1771326404.json', '/opt/***/data/minio/TSLA/1771326414.json', '/opt/***/data/minio/TSLA/1771326424.json', '/opt/***/data/minio/TSLA/1771326435.json', '/opt/***/data/minio/TSLA/1771326445.json', '/opt/***/data/minio/TSLA/1771326455.json', '/opt/***/data/minio/TSLA/1771326466.json', '/opt/***/data/minio/TSLA/1771326476.json', '/opt/***/data/minio/TSLA/1771326485.json', '/opt/***/data/minio/TSLA/1771326496.json', '/opt/***/data/minio/TSLA/1771326507.json', '/opt/***/data/minio/TSLA/1771326517.json', '/opt/***/data/minio/TSLA/1771326527.json', '/opt/***/data/minio/TSLA/1771326537.json', '/opt/***/data/minio/TSLA/1771326547.json', '/opt/***/data/minio/TSLA/1771326558.json', '/opt/***/data/minio/TSLA/1771326568.json', '/opt/***/data/minio/TSLA/1771326578.json', '/opt/***/data/minio/TSLA/1771326587.json', '/opt/***/data/minio/TSLA/1771326598.json', '/opt/***/data/minio/TSLA/1771326608.json', '/opt/***/data/minio/TSLA/1771326618.json', '/opt/***/data/minio/TSLA/1771326628.json', '/opt/***/data/minio/TSLA/1771326638.json', '/opt/***/data/minio/TSLA/1771326648.json', '/opt/***/data/minio/TSLA/1771326659.json', '/opt/***/data/minio/TSLA/1771326669.json', '/opt/***/data/minio/TSLA/1771326679.json', '/opt/***/data/minio/TSLA/1771326689.json', '/opt/***/data/minio/TSLA/1771326700.json', '/opt/***/data/minio/TSLA/1771326710.json', '/opt/***/data/minio/TSLA/1771326720.json', '/opt/***/data/minio/TSLA/1771326730.json', '/opt/***/data/minio/TSLA/1771326740.json', '/opt/***/data/minio/TSLA/1771326751.json', '/opt/***/data/minio/TSLA/1771326761.json', '/opt/***/data/minio/TSLA/1771326771.json', '/opt/***/data/minio/TSLA/1771326782.json', '/opt/***/data/minio/TSLA/1771326792.json', '/opt/***/data/minio/TSLA/1771326802.json', '/opt/***/data/minio/TSLA/1771326812.json', '/opt/***/data/minio/TSLA/1771326822.json', '/opt/***/data/minio/TSLA/1771326833.json', '/opt/***/data/minio/TSLA/1771326843.json', '/opt/***/data/minio/TSLA/1771326853.json', '/opt/***/data/minio/TSLA/1771326863.json', '/opt/***/data/minio/TSLA/1771326873.json', '/opt/***/data/minio/TSLA/1771326884.json', '/opt/***/data/minio/TSLA/1771326894.json', '/opt/***/data/minio/TSLA/1771326904.json', '/opt/***/data/minio/TSLA/1771326914.json', '/opt/***/data/minio/TSLA/1771326926.json', '/opt/***/data/minio/TSLA/1771326937.json', '/opt/***/data/minio/TSLA/1771326948.json', '/opt/***/data/minio/TSLA/1771326958.json', '/opt/***/data/minio/TSLA/1771326968.json', '/opt/***/data/minio/TSLA/1771326979.json', '/opt/***/data/minio/TSLA/1771326989.json', '/opt/***/data/minio/TSLA/1771327000.json', '/opt/***/data/minio/TSLA/1771327010.json', '/opt/***/data/minio/TSLA/1771327021.json', '/opt/***/data/minio/TSLA/1771327031.json', '/opt/***/data/minio/TSLA/1771327042.json', '/opt/***/data/minio/TSLA/1771327052.json', '/opt/***/data/minio/TSLA/1771327066.json', '/opt/***/data/minio/TSLA/1771327088.json', '/opt/***/data/minio/TSLA/1771327103.json', '/opt/***/data/minio/TSLA/1771327117.json', '/opt/***/data/minio/TSLA/1771327130.json', '/opt/***/data/minio/TSLA/1771327140.json', '/opt/***/data/minio/TSLA/1771327151.json', '/opt/***/data/minio/TSLA/1771327161.json', '/opt/***/data/minio/TSLA/1771327171.json', '/opt/***/data/minio/TSLA/1771327181.json', '/opt/***/data/minio/TSLA/1771327191.json', '/opt/***/data/minio/TSLA/1771327201.json', '/opt/***/data/minio/TSLA/1771327212.json', '/opt/***/data/minio/TSLA/1771327223.json', '/opt/***/data/minio/TSLA/1771327233.json', '/opt/***/data/minio/TSLA/1771327244.json', '/opt/***/data/minio/TSLA/1771327255.json', '/opt/***/data/minio/TSLA/1771327265.json', '/opt/***/data/minio/TSLA/1771327275.json', '/opt/***/data/minio/TSLA/1771327285.json', '/opt/***/data/minio/TSLA/1771327295.json', '/opt/***/data/minio/TSLA/1771327305.json', '/opt/***/data/minio/TSLA/1771327316.json', '/opt/***/data/minio/TSLA/1771327326.json', '/opt/***/data/minio/TSLA/1771327337.json', '/opt/***/data/minio/TSLA/1771327347.json', '/opt/***/data/minio/TSLA/1771327357.json', '/opt/***/data/minio/TSLA/1771327366.json', '/opt/***/data/minio/TSLA/1771327377.json', '/opt/***/data/minio/TSLA/1771327387.json', '/opt/***/data/minio/TSLA/1771327398.json', '/opt/***/data/minio/TSLA/1771327408.json', '/opt/***/data/minio/TSLA/1771327419.json', '/opt/***/data/minio/TSLA/1771327429.json', '/opt/***/data/minio/TSLA/1771327440.json', '/opt/***/data/minio/TSLA/1771327450.json', '/opt/***/data/minio/TSLA/1771327460.json', '/opt/***/data/minio/TSLA/1771327471.json', '/opt/***/data/minio/TSLA/1771327481.json', '/opt/***/data/minio/TSLA/1771327492.json', '/opt/***/data/minio/TSLA/1771327502.json', '/opt/***/data/minio/TSLA/1771327513.json', '/opt/***/data/minio/TSLA/1771327523.json', '/opt/***/data/minio/TSLA/1771327534.json', '/opt/***/data/minio/TSLA/1771327544.json', '/opt/***/data/minio/TSLA/1771327554.json', '/opt/***/data/minio/TSLA/1771327565.json', '/opt/***/data/minio/TSLA/1771327577.json', '/opt/***/data/minio/TSLA/1771327589.json', '/opt/***/data/minio/TSLA/1771327599.json', '/opt/***/data/minio/TSLA/1771327610.json', '/opt/***/data/minio/TSLA/1771327620.json', '/opt/***/data/minio/TSLA/1771327630.json', '/opt/***/data/minio/TSLA/1771327640.json', '/opt/***/data/minio/TSLA/1771327650.json', '/opt/***/data/minio/TSLA/1771327660.json', '/opt/***/data/minio/TSLA/1771327670.json', '/opt/***/data/minio/TSLA/1771327681.json', '/opt/***/data/minio/TSLA/1771327692.json', '/opt/***/data/minio/TSLA/1771327702.json', '/opt/***/data/minio/TSLA/1771327712.json', '/opt/***/data/minio/TSLA/1771327722.json', '/opt/***/data/minio/TSLA/1771327732.json', '/opt/***/data/minio/TSLA/1771327742.json', '/opt/***/data/minio/TSLA/1771327753.json', '/opt/***/data/minio/TSLA/1771327763.json', '/opt/***/data/minio/TSLA/1771327773.json', '/opt/***/data/minio/TSLA/1771327785.json', '/opt/***/data/minio/TSLA/1771327795.json', '/opt/***/data/minio/TSLA/1771327805.json', '/opt/***/data/minio/TSLA/1771327815.json', '/opt/***/data/minio/TSLA/1771327825.json', '/opt/***/data/minio/TSLA/1771327836.json', '/opt/***/data/minio/TSLA/1771327846.json', '/opt/***/data/minio/TSLA/1771327857.json', '/opt/***/data/minio/TSLA/1771327868.json', '/opt/***/data/minio/TSLA/1771327878.json', '/opt/***/data/minio/TSLA/1771327890.json', '/opt/***/data/minio/TSLA/1771327900.json', '/opt/***/data/minio/TSLA/1771327910.json', '/opt/***/data/minio/TSLA/1771327920.json', '/opt/***/data/minio/TSLA/1771327930.json', '/opt/***/data/minio/TSLA/1771327941.json', '/opt/***/data/minio/TSLA/1771327951.json', '/opt/***/data/minio/TSLA/1771327961.json', '/opt/***/data/minio/TSLA/1771327972.json', '/opt/***/data/minio/TSLA/1771327982.json', '/opt/***/data/minio/TSLA/1771327992.json', '/opt/***/data/minio/TSLA/1771328003.json', '/opt/***/data/minio/TSLA/1771328012.json', '/opt/***/data/minio/TSLA/1771328022.json', '/opt/***/data/minio/TSLA/1771328033.json', '/opt/***/data/minio/TSLA/1771328043.json', '/opt/***/data/minio/TSLA/1771328053.json', '/opt/***/data/minio/TSLA/1771328063.json', '/opt/***/data/minio/TSLA/1771328074.json', '/opt/***/data/minio/TSLA/1771328084.json', '/opt/***/data/minio/TSLA/1771328095.json', '/opt/***/data/minio/TSLA/1771328108.json', '/opt/***/data/minio/TSLA/1771328119.json', '/opt/***/data/minio/TSLA/1771328130.json', '/opt/***/data/minio/TSLA/1771328142.json', '/opt/***/data/minio/TSLA/1771328152.json', '/opt/***/data/minio/TSLA/1771328164.json', '/opt/***/data/minio/TSLA/1771328192.json', '/opt/***/data/minio/TSLA/1771328212.json', '/opt/***/data/minio/TSLA/1771328222.json', '/opt/***/data/minio/TSLA/1771328233.json', '/opt/***/data/minio/TSLA/1771328243.json', '/opt/***/data/minio/TSLA/1771328253.json', '/opt/***/data/minio/TSLA/1771328264.json', '/opt/***/data/minio/TSLA/1771328275.json', '/opt/***/data/minio/TSLA/1771328286.json', '/opt/***/data/minio/TSLA/1771328296.json', '/opt/***/data/minio/TSLA/1771328306.json', '/opt/***/data/minio/TSLA/1771328317.json', '/opt/***/data/minio/TSLA/1771328327.json', '/opt/***/data/minio/TSLA/1771328337.json', '/opt/***/data/minio/TSLA/1771328347.json', '/opt/***/data/minio/TSLA/1771328360.json', '/opt/***/data/minio/TSLA/1771328376.json', '/opt/***/data/minio/TSLA/1771328388.json', '/opt/***/data/minio/TSLA/1771328398.json', '/opt/***/data/minio/TSLA/1771328409.json', '/opt/***/data/minio/TSLA/1771328420.json', '/opt/***/data/minio/TSLA/1771328463.json', '/opt/***/data/minio/TSLA/1771328520.json', '/opt/***/data/minio/TSLA/1771328531.json', '/opt/***/data/minio/TSLA/1771328603.json', '/opt/***/data/minio/TSLA/1771328730.json', '/opt/***/data/minio/TSLA/1771328741.json', '/opt/***/data/minio/TSLA/1771328751.json', '/opt/***/data/minio/TSLA/1771328763.json', '/opt/***/data/minio/TSLA/1771328773.json', '/opt/***/data/minio/TSLA/1771328783.json', '/opt/***/data/minio/TSLA/1771328794.json', '/opt/***/data/minio/TSLA/1771328804.json', '/opt/***/data/minio/TSLA/1771328814.json', '/opt/***/data/minio/TSLA/1771328824.json', '/opt/***/data/minio/TSLA/1771328835.json', '/opt/***/data/minio/TSLA/1771328845.json', '/opt/***/data/minio/TSLA/1771328857.json', '/opt/***/data/minio/TSLA/1771328868.json', '/opt/***/data/minio/TSLA/1771328879.json', '/opt/***/data/minio/TSLA/1771328890.json', '/opt/***/data/minio/TSLA/1771328900.json', '/opt/***/data/minio/TSLA/1771328930.json', '/opt/***/data/minio/TSLA/1771328941.json', '/opt/***/data/minio/TSLA/1771328951.json', '/opt/***/data/minio/TSLA/1771328962.json', '/opt/***/data/minio/TSLA/1771328977.json', '/opt/***/data/minio/TSLA/1771328987.json', '/opt/***/data/minio/TSLA/1771328997.json', '/opt/***/data/minio/TSLA/1771329008.json', '/opt/***/data/minio/TSLA/1771329021.json', '/opt/***/data/minio/TSLA/1771329032.json', '/opt/***/data/minio/TSLA/1771329043.json', '/opt/***/data/minio/TSLA/1771329085.json', '/opt/***/data/minio/TSLA/1771329096.json', '/opt/***/data/minio/TSLA/1771329107.json', '/opt/***/data/minio/TSLA/1771329134.json', '/opt/***/data/minio/TSLA/1771329145.json', '/opt/***/data/minio/TSLA/1771329156.json', '/opt/***/data/minio/TSLA/1771329169.json', '/opt/***/data/minio/TSLA/1771329179.json', '/opt/***/data/minio/TSLA/1771329190.json', '/opt/***/data/minio/TSLA/1771329202.json', '/opt/***/data/minio/TSLA/1771329213.json', '/opt/***/data/minio/TSLA/1771329223.json', '/opt/***/data/minio/TSLA/1771329233.json', '/opt/***/data/minio/TSLA/1771329244.json', '/opt/***/data/minio/TSLA/1771329254.json', '/opt/***/data/minio/TSLA/1771329265.json', '/opt/***/data/minio/TSLA/1771329275.json', '/opt/***/data/minio/TSLA/1771329285.json', '/opt/***/data/minio/TSLA/1771329295.json', '/opt/***/data/minio/TSLA/1771329305.json', '/opt/***/data/minio/TSLA/1771329316.json', '/opt/***/data/minio/TSLA/1771329326.json', '/opt/***/data/minio/TSLA/1771329336.json', '/opt/***/data/minio/TSLA/1771329347.json']
[2026-02-17T11:56:20.990+0000] {taskinstance.py:441} INFO - ::group::Post task execution logs
[2026-02-17T11:56:21.106+0000] {taskinstance.py:1206} INFO - Marking task as SUCCESS. dag_id=minio_to_snowflake, task_id=download_minio, run_id=scheduled__2026-02-17T11:50:00+00:00, execution_date=20260217T115000, start_date=20260217T115506, end_date=20260217T115621
[2026-02-17T11:56:21.223+0000] {local_task_job_runner.py:243} INFO - Task exited with return code 0
[2026-02-17T11:56:21.311+0000] {taskinstance.py:3503} INFO - 1 downstream tasks scheduled from follow-on schedule check
[2026-02-17T11:56:21.317+0000] {local_task_job_runner.py:222} INFO - ::endgroup::
