[2026-02-17T12:35:14.197+0000] {local_task_job_runner.py:120} INFO - ::group::Pre task execution logs
[2026-02-17T12:35:14.702+0000] {taskinstance.py:2076} INFO - Dependencies all met for dep_context=non-requeueable deps ti=<TaskInstance: minio_to_snowflake.download_minio scheduled__2026-02-17T12:30:00+00:00 [queued]>
[2026-02-17T12:35:14.756+0000] {taskinstance.py:2076} INFO - Dependencies all met for dep_context=requeueable deps ti=<TaskInstance: minio_to_snowflake.download_minio scheduled__2026-02-17T12:30:00+00:00 [queued]>
[2026-02-17T12:35:14.759+0000] {taskinstance.py:2306} INFO - Starting attempt 1 of 2
[2026-02-17T12:35:15.086+0000] {taskinstance.py:2330} INFO - Executing <Task(PythonOperator): download_minio> on 2026-02-17 12:30:00+00:00
[2026-02-17T12:35:15.170+0000] {logging_mixin.py:188} WARNING - /home/***/.local/lib/python3.12/site-packages/***/task/task_runner/standard_task_runner.py:62 DeprecationWarning: This process (pid=6559) is multi-threaded, use of fork() may lead to deadlocks in the child.
[2026-02-17T12:35:15.191+0000] {standard_task_runner.py:64} INFO - Started process 6735 to run task
[2026-02-17T12:35:15.181+0000] {standard_task_runner.py:90} INFO - Running: ['***', 'tasks', 'run', 'minio_to_snowflake', 'download_minio', 'scheduled__2026-02-17T12:30:00+00:00', '--job-id', '1565', '--raw', '--subdir', 'DAGS_FOLDER/minio_to_snowflake.py', '--cfg-path', '/tmp/tmpk48n7ph2']
[2026-02-17T12:35:15.208+0000] {standard_task_runner.py:91} INFO - Job 1565: Subtask download_minio
[2026-02-17T12:35:15.895+0000] {task_command.py:426} INFO - Running <TaskInstance: minio_to_snowflake.download_minio scheduled__2026-02-17T12:30:00+00:00 [running]> on host bc06947cd9a6
[2026-02-17T12:35:16.834+0000] {taskinstance.py:2648} INFO - Exporting env vars: AIRFLOW_CTX_DAG_OWNER='***' AIRFLOW_CTX_DAG_ID='minio_to_snowflake' AIRFLOW_CTX_TASK_ID='download_minio' AIRFLOW_CTX_EXECUTION_DATE='2026-02-17T12:30:00+00:00' AIRFLOW_CTX_TRY_NUMBER='1' AIRFLOW_CTX_DAG_RUN_ID='scheduled__2026-02-17T12:30:00+00:00'
[2026-02-17T12:35:16.842+0000] {taskinstance.py:430} INFO - ::endgroup::
[2026-02-17T12:35:29.916+0000] {logging_mixin.py:188} INFO - Downloaded AAPL/1771324930.json
[2026-02-17T12:35:29.959+0000] {logging_mixin.py:188} INFO - Downloaded AAPL/1771324943.json
[2026-02-17T12:35:30.008+0000] {logging_mixin.py:188} INFO - Downloaded AAPL/1771324953.json
[2026-02-17T12:35:30.076+0000] {logging_mixin.py:188} INFO - Downloaded AAPL/1771324964.json
[2026-02-17T12:35:30.179+0000] {logging_mixin.py:188} INFO - Downloaded AAPL/1771324974.json
[2026-02-17T12:35:30.217+0000] {logging_mixin.py:188} INFO - Downloaded AAPL/1771324985.json
[2026-02-17T12:35:30.320+0000] {logging_mixin.py:188} INFO - Downloaded AAPL/1771324996.json
[2026-02-17T12:35:30.407+0000] {logging_mixin.py:188} INFO - Downloaded AAPL/1771325007.json
[2026-02-17T12:35:30.461+0000] {logging_mixin.py:188} INFO - Downloaded AAPL/1771325017.json
[2026-02-17T12:35:30.492+0000] {logging_mixin.py:188} INFO - Downloaded AAPL/1771325028.json
[2026-02-17T12:35:30.540+0000] {logging_mixin.py:188} INFO - Downloaded AAPL/1771325039.json
[2026-02-17T12:35:30.565+0000] {logging_mixin.py:188} INFO - Downloaded AAPL/1771325049.json
[2026-02-17T12:35:30.599+0000] {logging_mixin.py:188} INFO - Downloaded AAPL/1771325059.json
[2026-02-17T12:35:30.628+0000] {logging_mixin.py:188} INFO - Downloaded AAPL/1771325069.json
[2026-02-17T12:35:30.663+0000] {logging_mixin.py:188} INFO - Downloaded AAPL/1771325080.json
[2026-02-17T12:35:30.693+0000] {logging_mixin.py:188} INFO - Downloaded AAPL/1771325090.json
[2026-02-17T12:35:30.726+0000] {logging_mixin.py:188} INFO - Downloaded AAPL/1771325101.json
[2026-02-17T12:35:30.764+0000] {logging_mixin.py:188} INFO - Downloaded AAPL/1771325112.json
[2026-02-17T12:35:30.837+0000] {logging_mixin.py:188} INFO - Downloaded AAPL/1771325122.json
[2026-02-17T12:35:30.874+0000] {logging_mixin.py:188} INFO - Downloaded AAPL/1771325132.json
[2026-02-17T12:35:30.907+0000] {logging_mixin.py:188} INFO - Downloaded AAPL/1771325143.json
[2026-02-17T12:35:30.991+0000] {logging_mixin.py:188} INFO - Downloaded AAPL/1771325153.json
[2026-02-17T12:35:31.038+0000] {logging_mixin.py:188} INFO - Downloaded AAPL/1771325163.json
[2026-02-17T12:35:31.082+0000] {logging_mixin.py:188} INFO - Downloaded AAPL/1771325174.json
[2026-02-17T12:35:31.140+0000] {logging_mixin.py:188} INFO - Downloaded AAPL/1771325184.json
[2026-02-17T12:35:31.181+0000] {logging_mixin.py:188} INFO - Downloaded AAPL/1771325195.json
[2026-02-17T12:35:31.238+0000] {logging_mixin.py:188} INFO - Downloaded AAPL/1771325205.json
[2026-02-17T12:35:31.275+0000] {logging_mixin.py:188} INFO - Downloaded AAPL/1771325215.json
[2026-02-17T12:35:31.317+0000] {logging_mixin.py:188} INFO - Downloaded AAPL/1771325226.json
[2026-02-17T12:35:31.349+0000] {logging_mixin.py:188} INFO - Downloaded AAPL/1771325236.json
[2026-02-17T12:35:31.383+0000] {logging_mixin.py:188} INFO - Downloaded AAPL/1771325247.json
[2026-02-17T12:35:31.421+0000] {logging_mixin.py:188} INFO - Downloaded AAPL/1771325257.json
[2026-02-17T12:35:31.469+0000] {logging_mixin.py:188} INFO - Downloaded AAPL/1771325269.json
[2026-02-17T12:35:31.573+0000] {logging_mixin.py:188} INFO - Downloaded AAPL/1771325279.json
[2026-02-17T12:35:31.691+0000] {logging_mixin.py:188} INFO - Downloaded AAPL/1771325289.json
[2026-02-17T12:35:31.762+0000] {logging_mixin.py:188} INFO - Downloaded AAPL/1771325300.json
[2026-02-17T12:35:31.879+0000] {logging_mixin.py:188} INFO - Downloaded AAPL/1771325334.json
[2026-02-17T12:35:31.918+0000] {logging_mixin.py:188} INFO - Downloaded AAPL/1771325344.json
[2026-02-17T12:35:31.947+0000] {logging_mixin.py:188} INFO - Downloaded AAPL/1771325354.json
[2026-02-17T12:35:31.987+0000] {logging_mixin.py:188} INFO - Downloaded AAPL/1771325365.json
[2026-02-17T12:35:32.051+0000] {logging_mixin.py:188} INFO - Downloaded AAPL/1771325375.json
[2026-02-17T12:35:32.099+0000] {logging_mixin.py:188} INFO - Downloaded AAPL/1771325385.json
[2026-02-17T12:35:32.138+0000] {logging_mixin.py:188} INFO - Downloaded AAPL/1771325396.json
[2026-02-17T12:35:32.181+0000] {logging_mixin.py:188} INFO - Downloaded AAPL/1771325408.json
[2026-02-17T12:35:32.238+0000] {logging_mixin.py:188} INFO - Downloaded AAPL/1771325419.json
[2026-02-17T12:35:32.277+0000] {logging_mixin.py:188} INFO - Downloaded AAPL/1771325431.json
[2026-02-17T12:35:32.329+0000] {logging_mixin.py:188} INFO - Downloaded AAPL/1771325442.json
[2026-02-17T12:35:32.375+0000] {logging_mixin.py:188} INFO - Downloaded AAPL/1771325454.json
[2026-02-17T12:35:32.428+0000] {logging_mixin.py:188} INFO - Downloaded AAPL/1771325464.json
[2026-02-17T12:35:32.485+0000] {logging_mixin.py:188} INFO - Downloaded AAPL/1771325474.json
[2026-02-17T12:35:32.566+0000] {logging_mixin.py:188} INFO - Downloaded AAPL/1771325485.json
[2026-02-17T12:35:32.622+0000] {logging_mixin.py:188} INFO - Downloaded AAPL/1771325496.json
[2026-02-17T12:35:32.686+0000] {logging_mixin.py:188} INFO - Downloaded AAPL/1771325507.json
[2026-02-17T12:35:32.881+0000] {logging_mixin.py:188} INFO - Downloaded AAPL/1771325517.json
[2026-02-17T12:35:32.998+0000] {logging_mixin.py:188} INFO - Downloaded AAPL/1771325528.json
[2026-02-17T12:35:33.088+0000] {logging_mixin.py:188} INFO - Downloaded AAPL/1771325539.json
[2026-02-17T12:35:33.146+0000] {logging_mixin.py:188} INFO - Downloaded AAPL/1771325549.json
[2026-02-17T12:35:33.210+0000] {logging_mixin.py:188} INFO - Downloaded AAPL/1771325559.json
[2026-02-17T12:35:33.301+0000] {logging_mixin.py:188} INFO - Downloaded AAPL/1771325569.json
[2026-02-17T12:35:33.348+0000] {logging_mixin.py:188} INFO - Downloaded AAPL/1771325580.json
[2026-02-17T12:35:33.405+0000] {logging_mixin.py:188} INFO - Downloaded AAPL/1771325590.json
[2026-02-17T12:35:33.449+0000] {logging_mixin.py:188} INFO - Downloaded AAPL/1771325600.json
[2026-02-17T12:35:33.496+0000] {logging_mixin.py:188} INFO - Downloaded AAPL/1771325612.json
[2026-02-17T12:35:33.539+0000] {logging_mixin.py:188} INFO - Downloaded AAPL/1771325623.json
[2026-02-17T12:35:33.580+0000] {logging_mixin.py:188} INFO - Downloaded AAPL/1771325633.json
[2026-02-17T12:35:33.627+0000] {logging_mixin.py:188} INFO - Downloaded AAPL/1771325644.json
[2026-02-17T12:35:33.696+0000] {logging_mixin.py:188} INFO - Downloaded AAPL/1771325655.json
[2026-02-17T12:35:33.755+0000] {logging_mixin.py:188} INFO - Downloaded AAPL/1771325666.json
[2026-02-17T12:35:33.794+0000] {logging_mixin.py:188} INFO - Downloaded AAPL/1771325676.json
[2026-02-17T12:35:33.829+0000] {logging_mixin.py:188} INFO - Downloaded AAPL/1771325686.json
[2026-02-17T12:35:33.861+0000] {logging_mixin.py:188} INFO - Downloaded AAPL/1771325697.json
[2026-02-17T12:35:33.895+0000] {logging_mixin.py:188} INFO - Downloaded AAPL/1771325708.json
[2026-02-17T12:35:33.935+0000] {logging_mixin.py:188} INFO - Downloaded AAPL/1771325718.json
[2026-02-17T12:35:33.966+0000] {logging_mixin.py:188} INFO - Downloaded AAPL/1771325729.json
[2026-02-17T12:35:34.015+0000] {logging_mixin.py:188} INFO - Downloaded AAPL/1771325739.json
[2026-02-17T12:35:34.078+0000] {logging_mixin.py:188} INFO - Downloaded AAPL/1771325750.json
[2026-02-17T12:35:34.118+0000] {logging_mixin.py:188} INFO - Downloaded AAPL/1771325761.json
[2026-02-17T12:35:34.172+0000] {logging_mixin.py:188} INFO - Downloaded AAPL/1771325776.json
[2026-02-17T12:35:34.230+0000] {logging_mixin.py:188} INFO - Downloaded AAPL/1771325787.json
[2026-02-17T12:35:34.289+0000] {logging_mixin.py:188} INFO - Downloaded AAPL/1771325800.json
[2026-02-17T12:35:34.360+0000] {logging_mixin.py:188} INFO - Downloaded AAPL/1771325810.json
[2026-02-17T12:35:34.420+0000] {logging_mixin.py:188} INFO - Downloaded AAPL/1771325820.json
[2026-02-17T12:35:34.473+0000] {logging_mixin.py:188} INFO - Downloaded AAPL/1771325831.json
[2026-02-17T12:35:34.542+0000] {logging_mixin.py:188} INFO - Downloaded AAPL/1771325841.json
[2026-02-17T12:35:34.589+0000] {logging_mixin.py:188} INFO - Downloaded AAPL/1771325851.json
[2026-02-17T12:35:34.652+0000] {logging_mixin.py:188} INFO - Downloaded AAPL/1771325863.json
[2026-02-17T12:35:34.689+0000] {logging_mixin.py:188} INFO - Downloaded AAPL/1771325874.json
[2026-02-17T12:35:34.732+0000] {logging_mixin.py:188} INFO - Downloaded AAPL/1771325885.json
[2026-02-17T12:35:34.778+0000] {logging_mixin.py:188} INFO - Downloaded AAPL/1771325898.json
[2026-02-17T12:35:34.818+0000] {logging_mixin.py:188} INFO - Downloaded AAPL/1771325910.json
[2026-02-17T12:35:34.859+0000] {logging_mixin.py:188} INFO - Downloaded AAPL/1771325921.json
[2026-02-17T12:35:34.925+0000] {logging_mixin.py:188} INFO - Downloaded AAPL/1771325932.json
[2026-02-17T12:35:34.967+0000] {logging_mixin.py:188} INFO - Downloaded AAPL/1771325944.json
[2026-02-17T12:35:35.003+0000] {logging_mixin.py:188} INFO - Downloaded AAPL/1771325955.json
[2026-02-17T12:35:35.077+0000] {logging_mixin.py:188} INFO - Downloaded AAPL/1771325969.json
[2026-02-17T12:35:35.122+0000] {logging_mixin.py:188} INFO - Downloaded AAPL/1771325980.json
[2026-02-17T12:35:35.178+0000] {logging_mixin.py:188} INFO - Downloaded AAPL/1771325991.json
[2026-02-17T12:35:35.257+0000] {logging_mixin.py:188} INFO - Downloaded AAPL/1771326002.json
[2026-02-17T12:35:35.323+0000] {logging_mixin.py:188} INFO - Downloaded AAPL/1771326012.json
[2026-02-17T12:35:35.384+0000] {logging_mixin.py:188} INFO - Downloaded AAPL/1771326023.json
[2026-02-17T12:35:35.480+0000] {logging_mixin.py:188} INFO - Downloaded AAPL/1771326034.json
[2026-02-17T12:35:35.540+0000] {logging_mixin.py:188} INFO - Downloaded AAPL/1771326044.json
[2026-02-17T12:35:35.638+0000] {logging_mixin.py:188} INFO - Downloaded AAPL/1771326054.json
[2026-02-17T12:35:35.726+0000] {logging_mixin.py:188} INFO - Downloaded AAPL/1771326064.json
[2026-02-17T12:35:35.783+0000] {logging_mixin.py:188} INFO - Downloaded AAPL/1771326074.json
[2026-02-17T12:35:35.845+0000] {logging_mixin.py:188} INFO - Downloaded AAPL/1771326084.json
[2026-02-17T12:35:35.945+0000] {logging_mixin.py:188} INFO - Downloaded AAPL/1771326095.json
[2026-02-17T12:35:36.034+0000] {logging_mixin.py:188} INFO - Downloaded AAPL/1771326108.json
[2026-02-17T12:35:36.196+0000] {logging_mixin.py:188} INFO - Downloaded AAPL/1771326121.json
[2026-02-17T12:35:36.275+0000] {logging_mixin.py:188} INFO - Downloaded AAPL/1771326135.json
[2026-02-17T12:35:36.340+0000] {logging_mixin.py:188} INFO - Downloaded AAPL/1771326145.json
[2026-02-17T12:35:36.389+0000] {logging_mixin.py:188} INFO - Downloaded AAPL/1771326157.json
[2026-02-17T12:35:36.446+0000] {logging_mixin.py:188} INFO - Downloaded AAPL/1771326168.json
[2026-02-17T12:35:36.494+0000] {logging_mixin.py:188} INFO - Downloaded AAPL/1771326180.json
[2026-02-17T12:35:36.550+0000] {logging_mixin.py:188} INFO - Downloaded AAPL/1771326190.json
[2026-02-17T12:35:36.674+0000] {logging_mixin.py:188} INFO - Downloaded AAPL/1771326201.json
[2026-02-17T12:35:36.758+0000] {logging_mixin.py:188} INFO - Downloaded AAPL/1771326211.json
[2026-02-17T12:35:36.825+0000] {logging_mixin.py:188} INFO - Downloaded AAPL/1771326221.json
[2026-02-17T12:35:36.873+0000] {logging_mixin.py:188} INFO - Downloaded AAPL/1771326231.json
[2026-02-17T12:35:36.941+0000] {logging_mixin.py:188} INFO - Downloaded AAPL/1771326241.json
[2026-02-17T12:35:36.989+0000] {logging_mixin.py:188} INFO - Downloaded AAPL/1771326252.json
[2026-02-17T12:35:37.057+0000] {logging_mixin.py:188} INFO - Downloaded AAPL/1771326262.json
[2026-02-17T12:35:37.105+0000] {logging_mixin.py:188} INFO - Downloaded AAPL/1771326272.json
[2026-02-17T12:35:37.200+0000] {logging_mixin.py:188} INFO - Downloaded AAPL/1771326282.json
[2026-02-17T12:35:37.243+0000] {logging_mixin.py:188} INFO - Downloaded AAPL/1771326293.json
[2026-02-17T12:35:37.297+0000] {logging_mixin.py:188} INFO - Downloaded AAPL/1771326309.json
[2026-02-17T12:35:37.354+0000] {logging_mixin.py:188} INFO - Downloaded AAPL/1771326320.json
[2026-02-17T12:35:37.409+0000] {logging_mixin.py:188} INFO - Downloaded AAPL/1771326331.json
[2026-02-17T12:35:37.451+0000] {logging_mixin.py:188} INFO - Downloaded AAPL/1771326347.json
[2026-02-17T12:35:37.515+0000] {logging_mixin.py:188} INFO - Downloaded AAPL/1771326358.json
[2026-02-17T12:35:37.564+0000] {logging_mixin.py:188} INFO - Downloaded AAPL/1771326370.json
[2026-02-17T12:35:37.643+0000] {logging_mixin.py:188} INFO - Downloaded AAPL/1771326381.json
[2026-02-17T12:35:37.715+0000] {logging_mixin.py:188} INFO - Downloaded AAPL/1771326391.json
[2026-02-17T12:35:37.770+0000] {logging_mixin.py:188} INFO - Downloaded AAPL/1771326402.json
[2026-02-17T12:35:37.849+0000] {logging_mixin.py:188} INFO - Downloaded AAPL/1771326412.json
[2026-02-17T12:35:37.895+0000] {logging_mixin.py:188} INFO - Downloaded AAPL/1771326422.json
[2026-02-17T12:35:37.932+0000] {logging_mixin.py:188} INFO - Downloaded AAPL/1771326433.json
[2026-02-17T12:35:37.976+0000] {logging_mixin.py:188} INFO - Downloaded AAPL/1771326443.json
[2026-02-17T12:35:38.015+0000] {logging_mixin.py:188} INFO - Downloaded AAPL/1771326452.json
[2026-02-17T12:35:38.063+0000] {logging_mixin.py:188} INFO - Downloaded AAPL/1771326463.json
[2026-02-17T12:35:38.113+0000] {logging_mixin.py:188} INFO - Downloaded AAPL/1771326473.json
[2026-02-17T12:35:38.147+0000] {logging_mixin.py:188} INFO - Downloaded AAPL/1771326483.json
[2026-02-17T12:35:38.183+0000] {logging_mixin.py:188} INFO - Downloaded AAPL/1771326493.json
[2026-02-17T12:35:38.249+0000] {logging_mixin.py:188} INFO - Downloaded AAPL/1771326504.json
[2026-02-17T12:35:38.283+0000] {logging_mixin.py:188} INFO - Downloaded AAPL/1771326514.json
[2026-02-17T12:35:38.342+0000] {logging_mixin.py:188} INFO - Downloaded AAPL/1771326525.json
[2026-02-17T12:35:38.394+0000] {logging_mixin.py:188} INFO - Downloaded AAPL/1771326535.json
[2026-02-17T12:35:38.448+0000] {logging_mixin.py:188} INFO - Downloaded AAPL/1771326545.json
[2026-02-17T12:35:38.501+0000] {logging_mixin.py:188} INFO - Downloaded AAPL/1771326555.json
[2026-02-17T12:35:38.575+0000] {logging_mixin.py:188} INFO - Downloaded AAPL/1771326566.json
[2026-02-17T12:35:38.667+0000] {logging_mixin.py:188} INFO - Downloaded AAPL/1771326576.json
[2026-02-17T12:35:38.747+0000] {logging_mixin.py:188} INFO - Downloaded AAPL/1771326585.json
[2026-02-17T12:35:38.903+0000] {logging_mixin.py:188} INFO - Downloaded AAPL/1771326595.json
[2026-02-17T12:35:39.021+0000] {logging_mixin.py:188} INFO - Downloaded AAPL/1771326605.json
[2026-02-17T12:35:39.097+0000] {logging_mixin.py:188} INFO - Downloaded AAPL/1771326615.json
[2026-02-17T12:35:39.256+0000] {logging_mixin.py:188} INFO - Downloaded AAPL/1771326626.json
[2026-02-17T12:35:39.395+0000] {logging_mixin.py:188} INFO - Downloaded AAPL/1771326636.json
[2026-02-17T12:35:39.496+0000] {logging_mixin.py:188} INFO - Downloaded AAPL/1771326646.json
[2026-02-17T12:35:39.553+0000] {logging_mixin.py:188} INFO - Downloaded AAPL/1771326656.json
[2026-02-17T12:35:39.622+0000] {logging_mixin.py:188} INFO - Downloaded AAPL/1771326666.json
[2026-02-17T12:35:39.680+0000] {logging_mixin.py:188} INFO - Downloaded AAPL/1771326677.json
[2026-02-17T12:35:39.777+0000] {logging_mixin.py:188} INFO - Downloaded AAPL/1771326687.json
[2026-02-17T12:35:39.812+0000] {logging_mixin.py:188} INFO - Downloaded AAPL/1771326697.json
[2026-02-17T12:35:39.859+0000] {logging_mixin.py:188} INFO - Downloaded AAPL/1771326708.json
[2026-02-17T12:35:40.035+0000] {logging_mixin.py:188} INFO - Downloaded AAPL/1771326718.json
[2026-02-17T12:35:40.122+0000] {logging_mixin.py:188} INFO - Downloaded AAPL/1771326728.json
[2026-02-17T12:35:40.380+0000] {logging_mixin.py:188} INFO - Downloaded AAPL/1771326738.json
[2026-02-17T12:35:40.520+0000] {logging_mixin.py:188} INFO - Downloaded AAPL/1771326748.json
[2026-02-17T12:35:40.610+0000] {logging_mixin.py:188} INFO - Downloaded AAPL/1771326759.json
[2026-02-17T12:35:40.694+0000] {logging_mixin.py:188} INFO - Downloaded AAPL/1771326769.json
[2026-02-17T12:35:40.760+0000] {logging_mixin.py:188} INFO - Downloaded AAPL/1771326779.json
[2026-02-17T12:35:40.803+0000] {logging_mixin.py:188} INFO - Downloaded AAPL/1771326789.json
[2026-02-17T12:35:40.873+0000] {logging_mixin.py:188} INFO - Downloaded AAPL/1771326799.json
[2026-02-17T12:35:40.941+0000] {logging_mixin.py:188} INFO - Downloaded AAPL/1771326810.json
[2026-02-17T12:35:40.996+0000] {logging_mixin.py:188} INFO - Downloaded AAPL/1771326820.json
[2026-02-17T12:35:41.071+0000] {logging_mixin.py:188} INFO - Downloaded AAPL/1771326830.json
[2026-02-17T12:35:41.111+0000] {logging_mixin.py:188} INFO - Downloaded AAPL/1771326840.json
[2026-02-17T12:35:41.186+0000] {logging_mixin.py:188} INFO - Downloaded AAPL/1771326850.json
[2026-02-17T12:35:41.269+0000] {logging_mixin.py:188} INFO - Downloaded AAPL/1771326860.json
[2026-02-17T12:35:41.428+0000] {logging_mixin.py:188} INFO - Downloaded AAPL/1771326870.json
[2026-02-17T12:35:41.593+0000] {logging_mixin.py:188} INFO - Downloaded AAPL/1771326881.json
[2026-02-17T12:35:41.690+0000] {logging_mixin.py:188} INFO - Downloaded AAPL/1771326891.json
[2026-02-17T12:35:41.765+0000] {logging_mixin.py:188} INFO - Downloaded AAPL/1771326902.json
[2026-02-17T12:35:41.825+0000] {logging_mixin.py:188} INFO - Downloaded AAPL/1771326912.json
[2026-02-17T12:35:41.896+0000] {logging_mixin.py:188} INFO - Downloaded AAPL/1771326923.json
[2026-02-17T12:35:41.972+0000] {logging_mixin.py:188} INFO - Downloaded AAPL/1771326934.json
[2026-02-17T12:35:42.023+0000] {logging_mixin.py:188} INFO - Downloaded AAPL/1771326944.json
[2026-02-17T12:35:42.073+0000] {logging_mixin.py:188} INFO - Downloaded AAPL/1771326955.json
[2026-02-17T12:35:42.144+0000] {logging_mixin.py:188} INFO - Downloaded AAPL/1771326966.json
[2026-02-17T12:35:42.198+0000] {logging_mixin.py:188} INFO - Downloaded AAPL/1771326976.json
[2026-02-17T12:35:42.238+0000] {logging_mixin.py:188} INFO - Downloaded AAPL/1771326986.json
[2026-02-17T12:35:42.288+0000] {logging_mixin.py:188} INFO - Downloaded AAPL/1771326997.json
[2026-02-17T12:35:42.334+0000] {logging_mixin.py:188} INFO - Downloaded AAPL/1771327008.json
[2026-02-17T12:35:42.386+0000] {logging_mixin.py:188} INFO - Downloaded AAPL/1771327018.json
[2026-02-17T12:35:42.433+0000] {logging_mixin.py:188} INFO - Downloaded AAPL/1771327029.json
[2026-02-17T12:35:42.525+0000] {logging_mixin.py:188} INFO - Downloaded AAPL/1771327039.json
[2026-02-17T12:35:42.650+0000] {logging_mixin.py:188} INFO - Downloaded AAPL/1771327049.json
[2026-02-17T12:35:42.724+0000] {logging_mixin.py:188} INFO - Downloaded AAPL/1771327059.json
[2026-02-17T12:35:42.814+0000] {logging_mixin.py:188} INFO - Downloaded AAPL/1771327080.json
[2026-02-17T12:35:42.883+0000] {logging_mixin.py:188} INFO - Downloaded AAPL/1771327098.json
[2026-02-17T12:35:42.946+0000] {logging_mixin.py:188} INFO - Downloaded AAPL/1771327113.json
[2026-02-17T12:35:43.006+0000] {logging_mixin.py:188} INFO - Downloaded AAPL/1771327127.json
[2026-02-17T12:35:43.064+0000] {logging_mixin.py:188} INFO - Downloaded AAPL/1771327138.json
[2026-02-17T12:35:43.138+0000] {logging_mixin.py:188} INFO - Downloaded AAPL/1771327148.json
[2026-02-17T12:35:43.194+0000] {logging_mixin.py:188} INFO - Downloaded AAPL/1771327158.json
[2026-02-17T12:35:43.252+0000] {logging_mixin.py:188} INFO - Downloaded AAPL/1771327168.json
[2026-02-17T12:35:43.337+0000] {logging_mixin.py:188} INFO - Downloaded AAPL/1771327178.json
[2026-02-17T12:35:43.399+0000] {logging_mixin.py:188} INFO - Downloaded AAPL/1771327189.json
[2026-02-17T12:35:43.450+0000] {logging_mixin.py:188} INFO - Downloaded AAPL/1771327198.json
[2026-02-17T12:35:43.510+0000] {logging_mixin.py:188} INFO - Downloaded AAPL/1771327209.json
[2026-02-17T12:35:43.567+0000] {logging_mixin.py:188} INFO - Downloaded AAPL/1771327220.json
[2026-02-17T12:35:43.634+0000] {logging_mixin.py:188} INFO - Downloaded AAPL/1771327230.json
[2026-02-17T12:35:43.724+0000] {logging_mixin.py:188} INFO - Downloaded AAPL/1771327241.json
[2026-02-17T12:35:43.796+0000] {logging_mixin.py:188} INFO - Downloaded AAPL/1771327252.json
[2026-02-17T12:35:43.848+0000] {logging_mixin.py:188} INFO - Downloaded AAPL/1771327262.json
[2026-02-17T12:35:43.904+0000] {logging_mixin.py:188} INFO - Downloaded AAPL/1771327272.json
[2026-02-17T12:35:43.966+0000] {logging_mixin.py:188} INFO - Downloaded AAPL/1771327282.json
[2026-02-17T12:35:44.020+0000] {logging_mixin.py:188} INFO - Downloaded AAPL/1771327292.json
[2026-02-17T12:35:44.121+0000] {logging_mixin.py:188} INFO - Downloaded AAPL/1771327303.json
[2026-02-17T12:35:44.187+0000] {logging_mixin.py:188} INFO - Downloaded AAPL/1771327313.json
[2026-02-17T12:35:44.242+0000] {logging_mixin.py:188} INFO - Downloaded AAPL/1771327324.json
[2026-02-17T12:35:44.300+0000] {logging_mixin.py:188} INFO - Downloaded AAPL/1771327334.json
[2026-02-17T12:35:44.347+0000] {logging_mixin.py:188} INFO - Downloaded AAPL/1771327344.json
[2026-02-17T12:35:44.400+0000] {logging_mixin.py:188} INFO - Downloaded AAPL/1771327354.json
[2026-02-17T12:35:44.429+0000] {logging_mixin.py:188} INFO - Downloaded AAPL/1771327364.json
[2026-02-17T12:35:44.455+0000] {logging_mixin.py:188} INFO - Downloaded AAPL/1771327374.json
[2026-02-17T12:35:44.490+0000] {logging_mixin.py:188} INFO - Downloaded AAPL/1771327384.json
[2026-02-17T12:35:44.536+0000] {logging_mixin.py:188} INFO - Downloaded AAPL/1771327395.json
[2026-02-17T12:35:44.616+0000] {logging_mixin.py:188} INFO - Downloaded AAPL/1771327406.json
[2026-02-17T12:35:44.676+0000] {logging_mixin.py:188} INFO - Downloaded AAPL/1771327417.json
[2026-02-17T12:35:44.715+0000] {logging_mixin.py:188} INFO - Downloaded AAPL/1771327427.json
[2026-02-17T12:35:44.764+0000] {logging_mixin.py:188} INFO - Downloaded AAPL/1771327437.json
[2026-02-17T12:35:44.813+0000] {logging_mixin.py:188} INFO - Downloaded AAPL/1771327447.json
[2026-02-17T12:35:44.862+0000] {logging_mixin.py:188} INFO - Downloaded AAPL/1771327457.json
[2026-02-17T12:35:44.911+0000] {logging_mixin.py:188} INFO - Downloaded AAPL/1771327468.json
[2026-02-17T12:35:44.966+0000] {logging_mixin.py:188} INFO - Downloaded AAPL/1771327479.json
[2026-02-17T12:35:45.014+0000] {logging_mixin.py:188} INFO - Downloaded AAPL/1771327489.json
[2026-02-17T12:35:45.050+0000] {logging_mixin.py:188} INFO - Downloaded AAPL/1771327499.json
[2026-02-17T12:35:45.106+0000] {logging_mixin.py:188} INFO - Downloaded AAPL/1771327511.json
[2026-02-17T12:35:45.155+0000] {logging_mixin.py:188} INFO - Downloaded AAPL/1771327521.json
[2026-02-17T12:35:45.221+0000] {logging_mixin.py:188} INFO - Downloaded AAPL/1771327531.json
[2026-02-17T12:35:45.293+0000] {logging_mixin.py:188} INFO - Downloaded AAPL/1771327542.json
[2026-02-17T12:35:45.372+0000] {logging_mixin.py:188} INFO - Downloaded AAPL/1771327552.json
[2026-02-17T12:35:45.477+0000] {logging_mixin.py:188} INFO - Downloaded AAPL/1771327562.json
[2026-02-17T12:35:45.561+0000] {logging_mixin.py:188} INFO - Downloaded AAPL/1771327573.json
[2026-02-17T12:35:45.657+0000] {logging_mixin.py:188} INFO - Downloaded AAPL/1771327585.json
[2026-02-17T12:35:45.728+0000] {logging_mixin.py:188} INFO - Downloaded AAPL/1771327597.json
[2026-02-17T12:35:45.809+0000] {logging_mixin.py:188} INFO - Downloaded AAPL/1771327607.json
[2026-02-17T12:35:45.858+0000] {logging_mixin.py:188} INFO - Downloaded AAPL/1771327617.json
[2026-02-17T12:35:45.941+0000] {logging_mixin.py:188} INFO - Downloaded AAPL/1771327627.json
[2026-02-17T12:35:46.017+0000] {logging_mixin.py:188} INFO - Downloaded AAPL/1771327638.json
[2026-02-17T12:35:46.088+0000] {logging_mixin.py:188} INFO - Downloaded AAPL/1771327648.json
[2026-02-17T12:35:46.142+0000] {logging_mixin.py:188} INFO - Downloaded AAPL/1771327658.json
[2026-02-17T12:35:46.174+0000] {logging_mixin.py:188} INFO - Downloaded AAPL/1771327668.json
[2026-02-17T12:35:46.210+0000] {logging_mixin.py:188} INFO - Downloaded AAPL/1771327679.json
[2026-02-17T12:35:46.239+0000] {logging_mixin.py:188} INFO - Downloaded AAPL/1771327689.json
[2026-02-17T12:35:46.264+0000] {logging_mixin.py:188} INFO - Downloaded AAPL/1771327699.json
[2026-02-17T12:35:46.301+0000] {logging_mixin.py:188} INFO - Downloaded AAPL/1771327710.json
[2026-02-17T12:35:46.328+0000] {logging_mixin.py:188} INFO - Downloaded AAPL/1771327720.json
[2026-02-17T12:35:46.354+0000] {logging_mixin.py:188} INFO - Downloaded AAPL/1771327730.json
[2026-02-17T12:35:46.386+0000] {logging_mixin.py:188} INFO - Downloaded AAPL/1771327740.json
[2026-02-17T12:35:46.414+0000] {logging_mixin.py:188} INFO - Downloaded AAPL/1771327750.json
[2026-02-17T12:35:46.443+0000] {logging_mixin.py:188} INFO - Downloaded AAPL/1771327761.json
[2026-02-17T12:35:46.483+0000] {logging_mixin.py:188} INFO - Downloaded AAPL/1771327771.json
[2026-02-17T12:35:46.538+0000] {logging_mixin.py:188} INFO - Downloaded AAPL/1771327782.json
[2026-02-17T12:35:46.570+0000] {logging_mixin.py:188} INFO - Downloaded AAPL/1771327792.json
[2026-02-17T12:35:46.597+0000] {logging_mixin.py:188} INFO - Downloaded AAPL/1771327803.json
[2026-02-17T12:35:46.628+0000] {logging_mixin.py:188} INFO - Downloaded AAPL/1771327813.json
[2026-02-17T12:35:46.658+0000] {logging_mixin.py:188} INFO - Downloaded AAPL/1771327823.json
[2026-02-17T12:35:46.700+0000] {logging_mixin.py:188} INFO - Downloaded AAPL/1771327834.json
[2026-02-17T12:35:46.736+0000] {logging_mixin.py:188} INFO - Downloaded AAPL/1771327844.json
[2026-02-17T12:35:46.766+0000] {logging_mixin.py:188} INFO - Downloaded AAPL/1771327854.json
[2026-02-17T12:35:46.803+0000] {logging_mixin.py:188} INFO - Downloaded AAPL/1771327865.json
[2026-02-17T12:35:46.868+0000] {logging_mixin.py:188} INFO - Downloaded AAPL/1771327876.json
[2026-02-17T12:35:46.909+0000] {logging_mixin.py:188} INFO - Downloaded AAPL/1771327887.json
[2026-02-17T12:35:46.950+0000] {logging_mixin.py:188} INFO - Downloaded AAPL/1771327897.json
[2026-02-17T12:35:46.993+0000] {logging_mixin.py:188} INFO - Downloaded AAPL/1771327907.json
[2026-02-17T12:35:47.043+0000] {logging_mixin.py:188} INFO - Downloaded AAPL/1771327918.json
[2026-02-17T12:35:47.103+0000] {logging_mixin.py:188} INFO - Downloaded AAPL/1771327928.json
[2026-02-17T12:35:47.183+0000] {logging_mixin.py:188} INFO - Downloaded AAPL/1771327938.json
[2026-02-17T12:35:47.223+0000] {logging_mixin.py:188} INFO - Downloaded AAPL/1771327949.json
[2026-02-17T12:35:47.261+0000] {logging_mixin.py:188} INFO - Downloaded AAPL/1771327959.json
[2026-02-17T12:35:47.297+0000] {logging_mixin.py:188} INFO - Downloaded AAPL/1771327969.json
[2026-02-17T12:35:47.337+0000] {logging_mixin.py:188} INFO - Downloaded AAPL/1771327980.json
[2026-02-17T12:35:47.364+0000] {logging_mixin.py:188} INFO - Downloaded AAPL/1771327990.json
[2026-02-17T12:35:47.390+0000] {logging_mixin.py:188} INFO - Downloaded AAPL/1771328000.json
[2026-02-17T12:35:47.415+0000] {logging_mixin.py:188} INFO - Downloaded AAPL/1771328010.json
[2026-02-17T12:35:47.442+0000] {logging_mixin.py:188} INFO - Downloaded AAPL/1771328020.json
[2026-02-17T12:35:47.466+0000] {logging_mixin.py:188} INFO - Downloaded AAPL/1771328030.json
[2026-02-17T12:35:47.498+0000] {logging_mixin.py:188} INFO - Downloaded AAPL/1771328040.json
[2026-02-17T12:35:47.529+0000] {logging_mixin.py:188} INFO - Downloaded AAPL/1771328051.json
[2026-02-17T12:35:47.558+0000] {logging_mixin.py:188} INFO - Downloaded AAPL/1771328061.json
[2026-02-17T12:35:47.584+0000] {logging_mixin.py:188} INFO - Downloaded AAPL/1771328071.json
[2026-02-17T12:35:47.610+0000] {logging_mixin.py:188} INFO - Downloaded AAPL/1771328081.json
[2026-02-17T12:35:47.634+0000] {logging_mixin.py:188} INFO - Downloaded AAPL/1771328092.json
[2026-02-17T12:35:47.658+0000] {logging_mixin.py:188} INFO - Downloaded AAPL/1771328103.json
[2026-02-17T12:35:47.686+0000] {logging_mixin.py:188} INFO - Downloaded AAPL/1771328116.json
[2026-02-17T12:35:47.710+0000] {logging_mixin.py:188} INFO - Downloaded AAPL/1771328127.json
[2026-02-17T12:35:47.732+0000] {logging_mixin.py:188} INFO - Downloaded AAPL/1771328138.json
[2026-02-17T12:35:47.756+0000] {logging_mixin.py:188} INFO - Downloaded AAPL/1771328150.json
[2026-02-17T12:35:47.779+0000] {logging_mixin.py:188} INFO - Downloaded AAPL/1771328161.json
[2026-02-17T12:35:47.799+0000] {logging_mixin.py:188} INFO - Downloaded AAPL/1771328172.json
[2026-02-17T12:35:47.820+0000] {logging_mixin.py:188} INFO - Downloaded AAPL/1771328210.json
[2026-02-17T12:35:47.848+0000] {logging_mixin.py:188} INFO - Downloaded AAPL/1771328220.json
[2026-02-17T12:35:47.868+0000] {logging_mixin.py:188} INFO - Downloaded AAPL/1771328230.json
[2026-02-17T12:35:47.889+0000] {logging_mixin.py:188} INFO - Downloaded AAPL/1771328240.json
[2026-02-17T12:35:47.919+0000] {logging_mixin.py:188} INFO - Downloaded AAPL/1771328251.json
[2026-02-17T12:35:47.948+0000] {logging_mixin.py:188} INFO - Downloaded AAPL/1771328261.json
[2026-02-17T12:35:47.988+0000] {logging_mixin.py:188} INFO - Downloaded AAPL/1771328272.json
[2026-02-17T12:35:48.011+0000] {logging_mixin.py:188} INFO - Downloaded AAPL/1771328283.json
[2026-02-17T12:35:48.033+0000] {logging_mixin.py:188} INFO - Downloaded AAPL/1771328293.json
[2026-02-17T12:35:48.056+0000] {logging_mixin.py:188} INFO - Downloaded AAPL/1771328304.json
[2026-02-17T12:35:48.085+0000] {logging_mixin.py:188} INFO - Downloaded AAPL/1771328314.json
[2026-02-17T12:35:48.110+0000] {logging_mixin.py:188} INFO - Downloaded AAPL/1771328324.json
[2026-02-17T12:35:48.135+0000] {logging_mixin.py:188} INFO - Downloaded AAPL/1771328334.json
[2026-02-17T12:35:48.177+0000] {logging_mixin.py:188} INFO - Downloaded AAPL/1771328345.json
[2026-02-17T12:35:48.232+0000] {logging_mixin.py:188} INFO - Downloaded AAPL/1771328355.json
[2026-02-17T12:35:48.289+0000] {logging_mixin.py:188} INFO - Downloaded AAPL/1771328369.json
[2026-02-17T12:35:48.338+0000] {logging_mixin.py:188} INFO - Downloaded AAPL/1771328384.json
[2026-02-17T12:35:48.379+0000] {logging_mixin.py:188} INFO - Downloaded AAPL/1771328396.json
[2026-02-17T12:35:48.419+0000] {logging_mixin.py:188} INFO - Downloaded AAPL/1771328406.json
[2026-02-17T12:35:48.479+0000] {logging_mixin.py:188} INFO - Downloaded AAPL/1771328417.json
[2026-02-17T12:35:48.522+0000] {logging_mixin.py:188} INFO - Downloaded AAPL/1771328428.json
[2026-02-17T12:35:48.563+0000] {logging_mixin.py:188} INFO - Downloaded AAPL/1771328518.json
[2026-02-17T12:35:48.634+0000] {logging_mixin.py:188} INFO - Downloaded AAPL/1771328528.json
[2026-02-17T12:35:48.709+0000] {logging_mixin.py:188} INFO - Downloaded AAPL/1771328538.json
[2026-02-17T12:35:48.764+0000] {logging_mixin.py:188} INFO - Downloaded AAPL/1771328728.json
[2026-02-17T12:35:48.823+0000] {logging_mixin.py:188} INFO - Downloaded AAPL/1771328738.json
[2026-02-17T12:35:48.922+0000] {logging_mixin.py:188} INFO - Downloaded AAPL/1771328749.json
[2026-02-17T12:35:49.123+0000] {logging_mixin.py:188} INFO - Downloaded AAPL/1771328759.json
[2026-02-17T12:35:49.302+0000] {logging_mixin.py:188} INFO - Downloaded AAPL/1771328771.json
[2026-02-17T12:35:49.419+0000] {logging_mixin.py:188} INFO - Downloaded AAPL/1771328781.json
[2026-02-17T12:35:49.510+0000] {logging_mixin.py:188} INFO - Downloaded AAPL/1771328791.json
[2026-02-17T12:35:49.574+0000] {logging_mixin.py:188} INFO - Downloaded AAPL/1771328801.json
[2026-02-17T12:35:49.651+0000] {logging_mixin.py:188} INFO - Downloaded AAPL/1771328811.json
[2026-02-17T12:35:49.715+0000] {logging_mixin.py:188} INFO - Downloaded AAPL/1771328822.json
[2026-02-17T12:35:49.761+0000] {logging_mixin.py:188} INFO - Downloaded AAPL/1771328832.json
[2026-02-17T12:35:49.797+0000] {logging_mixin.py:188} INFO - Downloaded AAPL/1771328843.json
[2026-02-17T12:35:49.887+0000] {logging_mixin.py:188} INFO - Downloaded AAPL/1771328853.json
[2026-02-17T12:35:49.977+0000] {logging_mixin.py:188} INFO - Downloaded AAPL/1771328865.json
[2026-02-17T12:35:50.022+0000] {logging_mixin.py:188} INFO - Downloaded AAPL/1771328876.json
[2026-02-17T12:35:50.064+0000] {logging_mixin.py:188} INFO - Downloaded AAPL/1771328887.json
[2026-02-17T12:35:50.163+0000] {logging_mixin.py:188} INFO - Downloaded AAPL/1771328898.json
[2026-02-17T12:35:50.207+0000] {logging_mixin.py:188} INFO - Downloaded AAPL/1771328908.json
[2026-02-17T12:35:50.249+0000] {logging_mixin.py:188} INFO - Downloaded AAPL/1771328938.json
[2026-02-17T12:35:50.308+0000] {logging_mixin.py:188} INFO - Downloaded AAPL/1771328948.json
[2026-02-17T12:35:50.357+0000] {logging_mixin.py:188} INFO - Downloaded AAPL/1771328959.json
[2026-02-17T12:35:50.391+0000] {logging_mixin.py:188} INFO - Downloaded AAPL/1771328969.json
[2026-02-17T12:35:50.421+0000] {logging_mixin.py:188} INFO - Downloaded AAPL/1771328984.json
[2026-02-17T12:35:50.451+0000] {logging_mixin.py:188} INFO - Downloaded AAPL/1771328995.json
[2026-02-17T12:35:50.479+0000] {logging_mixin.py:188} INFO - Downloaded AAPL/1771329005.json
[2026-02-17T12:35:50.518+0000] {logging_mixin.py:188} INFO - Downloaded AAPL/1771329016.json
[2026-02-17T12:35:50.567+0000] {logging_mixin.py:188} INFO - Downloaded AAPL/1771329029.json
[2026-02-17T12:35:50.596+0000] {logging_mixin.py:188} INFO - Downloaded AAPL/1771329040.json
[2026-02-17T12:35:50.631+0000] {logging_mixin.py:188} INFO - Downloaded AAPL/1771329051.json
[2026-02-17T12:35:50.655+0000] {logging_mixin.py:188} INFO - Downloaded AAPL/1771329093.json
[2026-02-17T12:35:50.682+0000] {logging_mixin.py:188} INFO - Downloaded AAPL/1771329104.json
[2026-02-17T12:35:50.711+0000] {logging_mixin.py:188} INFO - Downloaded AAPL/1771329115.json
[2026-02-17T12:35:50.740+0000] {logging_mixin.py:188} INFO - Downloaded AAPL/1771329142.json
[2026-02-17T12:35:50.764+0000] {logging_mixin.py:188} INFO - Downloaded AAPL/1771329153.json
[2026-02-17T12:35:50.790+0000] {logging_mixin.py:188} INFO - Downloaded AAPL/1771329164.json
[2026-02-17T12:35:50.819+0000] {logging_mixin.py:188} INFO - Downloaded AAPL/1771329176.json
[2026-02-17T12:35:50.850+0000] {logging_mixin.py:188} INFO - Downloaded AAPL/1771329187.json
[2026-02-17T12:35:50.879+0000] {logging_mixin.py:188} INFO - Downloaded AAPL/1771329198.json
[2026-02-17T12:35:50.904+0000] {logging_mixin.py:188} INFO - Downloaded AAPL/1771329210.json
[2026-02-17T12:35:50.928+0000] {logging_mixin.py:188} INFO - Downloaded AAPL/1771329220.json
[2026-02-17T12:35:50.951+0000] {logging_mixin.py:188} INFO - Downloaded AAPL/1771329231.json
[2026-02-17T12:35:50.978+0000] {logging_mixin.py:188} INFO - Downloaded AAPL/1771329241.json
[2026-02-17T12:35:51.029+0000] {logging_mixin.py:188} INFO - Downloaded AAPL/1771329251.json
[2026-02-17T12:35:51.083+0000] {logging_mixin.py:188} INFO - Downloaded AAPL/1771329262.json
[2026-02-17T12:35:51.126+0000] {logging_mixin.py:188} INFO - Downloaded AAPL/1771329272.json
[2026-02-17T12:35:51.161+0000] {logging_mixin.py:188} INFO - Downloaded AAPL/1771329283.json
[2026-02-17T12:35:51.212+0000] {logging_mixin.py:188} INFO - Downloaded AAPL/1771329293.json
[2026-02-17T12:35:51.253+0000] {logging_mixin.py:188} INFO - Downloaded AAPL/1771329303.json
[2026-02-17T12:35:51.290+0000] {logging_mixin.py:188} INFO - Downloaded AAPL/1771329313.json
[2026-02-17T12:35:51.327+0000] {logging_mixin.py:188} INFO - Downloaded AAPL/1771329324.json
[2026-02-17T12:35:51.354+0000] {logging_mixin.py:188} INFO - Downloaded AAPL/1771329334.json
[2026-02-17T12:35:51.377+0000] {logging_mixin.py:188} INFO - Downloaded AAPL/1771329344.json
[2026-02-17T12:35:51.403+0000] {logging_mixin.py:188} INFO - Downloaded AAPL/1771329354.json
[2026-02-17T12:35:51.429+0000] {logging_mixin.py:188} INFO - Downloaded AAPL/1771329365.json
[2026-02-17T12:35:51.456+0000] {logging_mixin.py:188} INFO - Downloaded AAPL/1771329375.json
[2026-02-17T12:35:51.481+0000] {logging_mixin.py:188} INFO - Downloaded AAPL/1771329386.json
[2026-02-17T12:35:51.504+0000] {logging_mixin.py:188} INFO - Downloaded AAPL/1771329396.json
[2026-02-17T12:35:51.525+0000] {logging_mixin.py:188} INFO - Downloaded AAPL/1771329406.json
[2026-02-17T12:35:51.547+0000] {logging_mixin.py:188} INFO - Downloaded AAPL/1771329416.json
[2026-02-17T12:35:51.597+0000] {logging_mixin.py:188} INFO - Downloaded AAPL/1771329426.json
[2026-02-17T12:35:51.641+0000] {logging_mixin.py:188} INFO - Downloaded AAPL/1771329436.json
[2026-02-17T12:35:51.673+0000] {logging_mixin.py:188} INFO - Downloaded AAPL/1771329445.json
[2026-02-17T12:35:51.724+0000] {logging_mixin.py:188} INFO - Downloaded AAPL/1771329456.json
[2026-02-17T12:35:51.768+0000] {logging_mixin.py:188} INFO - Downloaded AAPL/1771329467.json
[2026-02-17T12:35:51.796+0000] {logging_mixin.py:188} INFO - Downloaded AAPL/1771329477.json
[2026-02-17T12:35:51.828+0000] {logging_mixin.py:188} INFO - Downloaded AAPL/1771329487.json
[2026-02-17T12:35:51.864+0000] {logging_mixin.py:188} INFO - Downloaded AAPL/1771329497.json
[2026-02-17T12:35:51.906+0000] {logging_mixin.py:188} INFO - Downloaded AAPL/1771329509.json
[2026-02-17T12:35:51.955+0000] {logging_mixin.py:188} INFO - Downloaded AAPL/1771329519.json
[2026-02-17T12:35:51.998+0000] {logging_mixin.py:188} INFO - Downloaded AAPL/1771329533.json
[2026-02-17T12:35:52.034+0000] {logging_mixin.py:188} INFO - Downloaded AAPL/1771329548.json
[2026-02-17T12:35:52.077+0000] {logging_mixin.py:188} INFO - Downloaded AAPL/1771329558.json
[2026-02-17T12:35:52.111+0000] {logging_mixin.py:188} INFO - Downloaded AAPL/1771329568.json
[2026-02-17T12:35:52.164+0000] {logging_mixin.py:188} INFO - Downloaded AAPL/1771329578.json
[2026-02-17T12:35:52.244+0000] {logging_mixin.py:188} INFO - Downloaded AAPL/1771329588.json
[2026-02-17T12:35:52.307+0000] {logging_mixin.py:188} INFO - Downloaded AAPL/1771329598.json
[2026-02-17T12:35:52.373+0000] {logging_mixin.py:188} INFO - Downloaded AAPL/1771329610.json
[2026-02-17T12:35:52.460+0000] {logging_mixin.py:188} INFO - Downloaded AAPL/1771329621.json
[2026-02-17T12:35:52.577+0000] {logging_mixin.py:188} INFO - Downloaded AAPL/1771329631.json
[2026-02-17T12:35:52.693+0000] {logging_mixin.py:188} INFO - Downloaded AAPL/1771329644.json
[2026-02-17T12:35:52.760+0000] {logging_mixin.py:188} INFO - Downloaded AAPL/1771329695.json
[2026-02-17T12:35:52.823+0000] {logging_mixin.py:188} INFO - Downloaded AAPL/1771329707.json
[2026-02-17T12:35:52.858+0000] {logging_mixin.py:188} INFO - Downloaded AAPL/1771329718.json
[2026-02-17T12:35:52.924+0000] {logging_mixin.py:188} INFO - Downloaded AAPL/1771329728.json
[2026-02-17T12:35:52.975+0000] {logging_mixin.py:188} INFO - Downloaded AAPL/1771329739.json
[2026-02-17T12:35:53.086+0000] {logging_mixin.py:188} INFO - Downloaded AAPL/1771329749.json
[2026-02-17T12:35:53.382+0000] {logging_mixin.py:188} INFO - Downloaded AAPL/1771329760.json
[2026-02-17T12:35:53.432+0000] {logging_mixin.py:188} INFO - Downloaded AAPL/1771329772.json
[2026-02-17T12:35:53.478+0000] {logging_mixin.py:188} INFO - Downloaded AAPL/1771329783.json
[2026-02-17T12:35:53.539+0000] {logging_mixin.py:188} INFO - Downloaded AAPL/1771329794.json
[2026-02-17T12:35:53.602+0000] {logging_mixin.py:188} INFO - Downloaded AAPL/1771329806.json
[2026-02-17T12:35:53.675+0000] {logging_mixin.py:188} INFO - Downloaded AAPL/1771329817.json
[2026-02-17T12:35:53.734+0000] {logging_mixin.py:188} INFO - Downloaded AAPL/1771329828.json
[2026-02-17T12:35:53.836+0000] {logging_mixin.py:188} INFO - Downloaded AAPL/1771329839.json
[2026-02-17T12:35:53.937+0000] {logging_mixin.py:188} INFO - Downloaded AAPL/1771329851.json
[2026-02-17T12:35:54.008+0000] {logging_mixin.py:188} INFO - Downloaded AAPL/1771329888.json
[2026-02-17T12:35:54.206+0000] {logging_mixin.py:188} INFO - Downloaded AAPL/1771329897.json
[2026-02-17T12:35:54.437+0000] {logging_mixin.py:188} INFO - Downloaded AAPL/1771329908.json
[2026-02-17T12:35:54.534+0000] {logging_mixin.py:188} INFO - Downloaded AAPL/1771329918.json
[2026-02-17T12:35:54.616+0000] {logging_mixin.py:188} INFO - Downloaded AAPL/1771329928.json
[2026-02-17T12:35:54.683+0000] {logging_mixin.py:188} INFO - Downloaded AAPL/1771329939.json
[2026-02-17T12:35:54.738+0000] {logging_mixin.py:188} INFO - Downloaded AAPL/1771329950.json
[2026-02-17T12:35:54.791+0000] {logging_mixin.py:188} INFO - Downloaded AAPL/1771329961.json
[2026-02-17T12:35:54.856+0000] {logging_mixin.py:188} INFO - Downloaded AAPL/1771329971.json
[2026-02-17T12:35:54.908+0000] {logging_mixin.py:188} INFO - Downloaded AAPL/1771329982.json
[2026-02-17T12:35:54.973+0000] {logging_mixin.py:188} INFO - Downloaded AAPL/1771329994.json
[2026-02-17T12:35:55.020+0000] {logging_mixin.py:188} INFO - Downloaded AAPL/1771330004.json
[2026-02-17T12:35:55.112+0000] {logging_mixin.py:188} INFO - Downloaded AAPL/1771330019.json
[2026-02-17T12:35:55.192+0000] {logging_mixin.py:188} INFO - Downloaded AAPL/1771330035.json
[2026-02-17T12:35:55.241+0000] {logging_mixin.py:188} INFO - Downloaded AAPL/1771330046.json
[2026-02-17T12:35:55.368+0000] {logging_mixin.py:188} INFO - Downloaded AAPL/1771330058.json
[2026-02-17T12:35:55.501+0000] {logging_mixin.py:188} INFO - Downloaded AAPL/1771330089.json
[2026-02-17T12:35:55.581+0000] {logging_mixin.py:188} INFO - Downloaded AAPL/1771330101.json
[2026-02-17T12:35:55.710+0000] {logging_mixin.py:188} INFO - Downloaded AAPL/1771330112.json
[2026-02-17T12:35:55.768+0000] {logging_mixin.py:188} INFO - Downloaded AAPL/1771330123.json
[2026-02-17T12:35:55.905+0000] {logging_mixin.py:188} INFO - Downloaded AAPL/1771330135.json
[2026-02-17T12:35:55.965+0000] {logging_mixin.py:188} INFO - Downloaded AAPL/1771330146.json
[2026-02-17T12:35:56.056+0000] {logging_mixin.py:188} INFO - Downloaded AAPL/1771330156.json
[2026-02-17T12:35:56.145+0000] {logging_mixin.py:188} INFO - Downloaded AAPL/1771330167.json
[2026-02-17T12:35:56.225+0000] {logging_mixin.py:188} INFO - Downloaded AAPL/1771330177.json
[2026-02-17T12:35:56.321+0000] {logging_mixin.py:188} INFO - Downloaded AAPL/1771330188.json
[2026-02-17T12:35:56.445+0000] {logging_mixin.py:188} INFO - Downloaded AAPL/1771330198.json
[2026-02-17T12:35:56.497+0000] {logging_mixin.py:188} INFO - Downloaded AAPL/1771330210.json
[2026-02-17T12:35:56.597+0000] {logging_mixin.py:188} INFO - Downloaded AAPL/1771330222.json
[2026-02-17T12:35:56.668+0000] {logging_mixin.py:188} INFO - Downloaded AAPL/1771330233.json
[2026-02-17T12:35:56.752+0000] {logging_mixin.py:188} INFO - Downloaded AAPL/1771330244.json
[2026-02-17T12:35:56.882+0000] {logging_mixin.py:188} INFO - Downloaded AAPL/1771330255.json
[2026-02-17T12:35:56.948+0000] {logging_mixin.py:188} INFO - Downloaded AAPL/1771330265.json
[2026-02-17T12:35:56.995+0000] {logging_mixin.py:188} INFO - Downloaded AAPL/1771330276.json
[2026-02-17T12:35:57.104+0000] {logging_mixin.py:188} INFO - Downloaded AAPL/1771330286.json
[2026-02-17T12:35:57.174+0000] {logging_mixin.py:188} INFO - Downloaded AAPL/1771330297.json
[2026-02-17T12:35:57.246+0000] {logging_mixin.py:188} INFO - Downloaded AAPL/1771330307.json
[2026-02-17T12:35:57.300+0000] {logging_mixin.py:188} INFO - Downloaded AAPL/1771330319.json
[2026-02-17T12:35:57.347+0000] {logging_mixin.py:188} INFO - Downloaded AAPL/1771330330.json
[2026-02-17T12:35:57.416+0000] {logging_mixin.py:188} INFO - Downloaded AAPL/1771330340.json
[2026-02-17T12:35:57.479+0000] {logging_mixin.py:188} INFO - Downloaded AAPL/1771330351.json
[2026-02-17T12:35:57.549+0000] {logging_mixin.py:188} INFO - Downloaded AAPL/1771330361.json
[2026-02-17T12:35:57.627+0000] {logging_mixin.py:188} INFO - Downloaded AAPL/1771330372.json
[2026-02-17T12:35:57.708+0000] {logging_mixin.py:188} INFO - Downloaded AAPL/1771330383.json
[2026-02-17T12:35:57.743+0000] {logging_mixin.py:188} INFO - Downloaded AAPL/1771330394.json
[2026-02-17T12:35:57.808+0000] {logging_mixin.py:188} INFO - Downloaded AAPL/1771330405.json
[2026-02-17T12:35:57.865+0000] {logging_mixin.py:188} INFO - Downloaded AAPL/1771330418.json
[2026-02-17T12:35:57.909+0000] {logging_mixin.py:188} INFO - Downloaded AAPL/1771330428.json
[2026-02-17T12:35:57.959+0000] {logging_mixin.py:188} INFO - Downloaded AAPL/1771330439.json
[2026-02-17T12:35:58.010+0000] {logging_mixin.py:188} INFO - Downloaded AAPL/1771330450.json
[2026-02-17T12:35:58.051+0000] {logging_mixin.py:188} INFO - Downloaded AAPL/1771330460.json
[2026-02-17T12:35:58.087+0000] {logging_mixin.py:188} INFO - Downloaded AAPL/1771330471.json
[2026-02-17T12:35:58.121+0000] {logging_mixin.py:188} INFO - Downloaded AAPL/1771330482.json
[2026-02-17T12:35:58.164+0000] {logging_mixin.py:188} INFO - Downloaded AAPL/1771330492.json
[2026-02-17T12:35:58.197+0000] {logging_mixin.py:188} INFO - Downloaded AAPL/1771330502.json
[2026-02-17T12:35:58.228+0000] {logging_mixin.py:188} INFO - Downloaded AAPL/1771330513.json
[2026-02-17T12:35:58.254+0000] {logging_mixin.py:188} INFO - Downloaded AAPL/1771330523.json
[2026-02-17T12:35:58.279+0000] {logging_mixin.py:188} INFO - Downloaded AAPL/1771330534.json
[2026-02-17T12:35:58.309+0000] {logging_mixin.py:188} INFO - Downloaded AAPL/1771330547.json
[2026-02-17T12:35:58.350+0000] {logging_mixin.py:188} INFO - Downloaded AAPL/1771330557.json
[2026-02-17T12:35:58.388+0000] {logging_mixin.py:188} INFO - Downloaded AAPL/1771330573.json
[2026-02-17T12:35:58.426+0000] {logging_mixin.py:188} INFO - Downloaded AAPL/1771330585.json
[2026-02-17T12:35:58.496+0000] {logging_mixin.py:188} INFO - Downloaded AAPL/1771330597.json
[2026-02-17T12:35:58.548+0000] {logging_mixin.py:188} INFO - Downloaded AAPL/1771330608.json
[2026-02-17T12:35:58.595+0000] {logging_mixin.py:188} INFO - Downloaded AAPL/1771330619.json
[2026-02-17T12:35:58.672+0000] {logging_mixin.py:188} INFO - Downloaded AAPL/1771330630.json
[2026-02-17T12:35:58.720+0000] {logging_mixin.py:188} INFO - Downloaded AAPL/1771330641.json
[2026-02-17T12:35:58.772+0000] {logging_mixin.py:188} INFO - Downloaded AAPL/1771330652.json
[2026-02-17T12:35:58.863+0000] {logging_mixin.py:188} INFO - Downloaded AAPL/1771330663.json
[2026-02-17T12:35:58.983+0000] {logging_mixin.py:188} INFO - Downloaded AAPL/1771330673.json
[2026-02-17T12:35:59.052+0000] {logging_mixin.py:188} INFO - Downloaded AAPL/1771330687.json
[2026-02-17T12:35:59.114+0000] {logging_mixin.py:188} INFO - Downloaded AAPL/1771330698.json
[2026-02-17T12:35:59.176+0000] {logging_mixin.py:188} INFO - Downloaded AAPL/1771330709.json
[2026-02-17T12:35:59.218+0000] {logging_mixin.py:188} INFO - Downloaded AAPL/1771330719.json
[2026-02-17T12:35:59.284+0000] {logging_mixin.py:188} INFO - Downloaded AAPL/1771330733.json
[2026-02-17T12:35:59.345+0000] {logging_mixin.py:188} INFO - Downloaded AAPL/1771330743.json
[2026-02-17T12:35:59.392+0000] {logging_mixin.py:188} INFO - Downloaded AAPL/1771330754.json
[2026-02-17T12:35:59.442+0000] {logging_mixin.py:188} INFO - Downloaded AAPL/1771330764.json
[2026-02-17T12:35:59.513+0000] {logging_mixin.py:188} INFO - Downloaded AAPL/1771330774.json
[2026-02-17T12:35:59.587+0000] {logging_mixin.py:188} INFO - Downloaded AAPL/1771330785.json
[2026-02-17T12:35:59.646+0000] {logging_mixin.py:188} INFO - Downloaded AAPL/1771330795.json
[2026-02-17T12:35:59.698+0000] {logging_mixin.py:188} INFO - Downloaded AAPL/1771330806.json
[2026-02-17T12:35:59.816+0000] {logging_mixin.py:188} INFO - Downloaded AAPL/1771330816.json
[2026-02-17T12:35:59.909+0000] {logging_mixin.py:188} INFO - Downloaded AAPL/1771330827.json
[2026-02-17T12:35:59.986+0000] {logging_mixin.py:188} INFO - Downloaded AAPL/1771330839.json
[2026-02-17T12:36:00.067+0000] {logging_mixin.py:188} INFO - Downloaded AAPL/1771330855.json
[2026-02-17T12:36:00.135+0000] {logging_mixin.py:188} INFO - Downloaded AAPL/1771330869.json
[2026-02-17T12:36:00.210+0000] {logging_mixin.py:188} INFO - Downloaded AAPL/1771330882.json
[2026-02-17T12:36:00.261+0000] {logging_mixin.py:188} INFO - Downloaded AAPL/1771330897.json
[2026-02-17T12:36:00.310+0000] {logging_mixin.py:188} INFO - Downloaded AAPL/1771330907.json
[2026-02-17T12:36:00.370+0000] {logging_mixin.py:188} INFO - Downloaded AAPL/1771330917.json
[2026-02-17T12:36:00.434+0000] {logging_mixin.py:188} INFO - Downloaded AAPL/1771330928.json
[2026-02-17T12:36:00.462+0000] {logging_mixin.py:188} INFO - Downloaded AAPL/1771330938.json
[2026-02-17T12:36:00.498+0000] {logging_mixin.py:188} INFO - Downloaded AAPL/1771330949.json
[2026-02-17T12:36:00.529+0000] {logging_mixin.py:188} INFO - Downloaded AAPL/1771330959.json
[2026-02-17T12:36:00.578+0000] {logging_mixin.py:188} INFO - Downloaded AAPL/1771330971.json
[2026-02-17T12:36:00.607+0000] {logging_mixin.py:188} INFO - Downloaded AAPL/1771330984.json
[2026-02-17T12:36:00.639+0000] {logging_mixin.py:188} INFO - Downloaded AAPL/1771330995.json
[2026-02-17T12:36:00.694+0000] {logging_mixin.py:188} INFO - Downloaded AAPL/1771331005.json
[2026-02-17T12:36:00.760+0000] {logging_mixin.py:188} INFO - Downloaded AAPL/1771331015.json
[2026-02-17T12:36:00.794+0000] {logging_mixin.py:188} INFO - Downloaded AAPL/1771331026.json
[2026-02-17T12:36:00.847+0000] {logging_mixin.py:188} INFO - Downloaded AAPL/1771331036.json
[2026-02-17T12:36:00.912+0000] {logging_mixin.py:188} INFO - Downloaded AAPL/1771331046.json
[2026-02-17T12:36:00.952+0000] {logging_mixin.py:188} INFO - Downloaded AAPL/1771331057.json
[2026-02-17T12:36:00.988+0000] {logging_mixin.py:188} INFO - Downloaded AAPL/1771331068.json
[2026-02-17T12:36:01.047+0000] {logging_mixin.py:188} INFO - Downloaded AAPL/1771331079.json
[2026-02-17T12:36:01.103+0000] {logging_mixin.py:188} INFO - Downloaded AAPL/1771331090.json
[2026-02-17T12:36:01.192+0000] {logging_mixin.py:188} INFO - Downloaded AAPL/1771331100.json
[2026-02-17T12:36:01.278+0000] {logging_mixin.py:188} INFO - Downloaded AAPL/1771331110.json
[2026-02-17T12:36:01.355+0000] {logging_mixin.py:188} INFO - Downloaded AAPL/1771331121.json
[2026-02-17T12:36:01.410+0000] {logging_mixin.py:188} INFO - Downloaded AAPL/1771331131.json
[2026-02-17T12:36:01.469+0000] {logging_mixin.py:188} INFO - Downloaded AAPL/1771331142.json
[2026-02-17T12:36:01.531+0000] {logging_mixin.py:188} INFO - Downloaded AAPL/1771331152.json
[2026-02-17T12:36:01.594+0000] {logging_mixin.py:188} INFO - Downloaded AAPL/1771331162.json
[2026-02-17T12:36:01.655+0000] {logging_mixin.py:188} INFO - Downloaded AAPL/1771331173.json
[2026-02-17T12:36:01.705+0000] {logging_mixin.py:188} INFO - Downloaded AAPL/1771331184.json
[2026-02-17T12:36:01.804+0000] {logging_mixin.py:188} INFO - Downloaded AAPL/1771331194.json
[2026-02-17T12:36:01.861+0000] {logging_mixin.py:188} INFO - Downloaded AAPL/1771331204.json
[2026-02-17T12:36:01.920+0000] {logging_mixin.py:188} INFO - Downloaded AAPL/1771331215.json
[2026-02-17T12:36:01.971+0000] {logging_mixin.py:188} INFO - Downloaded AAPL/1771331227.json
[2026-02-17T12:36:02.041+0000] {logging_mixin.py:188} INFO - Downloaded AAPL/1771331237.json
[2026-02-17T12:36:02.095+0000] {logging_mixin.py:188} INFO - Downloaded AAPL/1771331250.json
[2026-02-17T12:36:02.163+0000] {logging_mixin.py:188} INFO - Downloaded AAPL/1771331261.json
[2026-02-17T12:36:02.226+0000] {logging_mixin.py:188} INFO - Downloaded AAPL/1771331273.json
[2026-02-17T12:36:02.290+0000] {logging_mixin.py:188} INFO - Downloaded AAPL/1771331284.json
[2026-02-17T12:36:02.349+0000] {logging_mixin.py:188} INFO - Downloaded AAPL/1771331295.json
[2026-02-17T12:36:02.399+0000] {logging_mixin.py:188} INFO - Downloaded AAPL/1771331305.json
[2026-02-17T12:36:02.442+0000] {logging_mixin.py:188} INFO - Downloaded AAPL/1771331315.json
[2026-02-17T12:36:02.548+0000] {logging_mixin.py:188} INFO - Downloaded AAPL/1771331325.json
[2026-02-17T12:36:02.616+0000] {logging_mixin.py:188} INFO - Downloaded AAPL/1771331336.json
[2026-02-17T12:36:02.763+0000] {logging_mixin.py:188} INFO - Downloaded AAPL/1771331346.json
[2026-02-17T12:36:02.815+0000] {logging_mixin.py:188} INFO - Downloaded AAPL/1771331356.json
[2026-02-17T12:36:02.874+0000] {logging_mixin.py:188} INFO - Downloaded AAPL/1771331366.json
[2026-02-17T12:36:02.936+0000] {logging_mixin.py:188} INFO - Downloaded AAPL/1771331377.json
[2026-02-17T12:36:03.005+0000] {logging_mixin.py:188} INFO - Downloaded AAPL/1771331387.json
[2026-02-17T12:36:03.096+0000] {logging_mixin.py:188} INFO - Downloaded AAPL/1771331397.json
[2026-02-17T12:36:03.219+0000] {logging_mixin.py:188} INFO - Downloaded AAPL/1771331408.json
[2026-02-17T12:36:03.322+0000] {logging_mixin.py:188} INFO - Downloaded AAPL/1771331418.json
[2026-02-17T12:36:03.420+0000] {logging_mixin.py:188} INFO - Downloaded AAPL/1771331428.json
[2026-02-17T12:36:03.534+0000] {logging_mixin.py:188} INFO - Downloaded AAPL/1771331439.json
[2026-02-17T12:36:03.613+0000] {logging_mixin.py:188} INFO - Downloaded AAPL/1771331449.json
[2026-02-17T12:36:03.686+0000] {logging_mixin.py:188} INFO - Downloaded AAPL/1771331460.json
[2026-02-17T12:36:03.741+0000] {logging_mixin.py:188} INFO - Downloaded AAPL/1771331490.json
[2026-02-17T12:36:03.817+0000] {logging_mixin.py:188} INFO - Downloaded AAPL/1771331501.json
[2026-02-17T12:36:03.895+0000] {logging_mixin.py:188} INFO - Downloaded AAPL/1771331512.json
[2026-02-17T12:36:03.954+0000] {logging_mixin.py:188} INFO - Downloaded AAPL/1771331524.json
[2026-02-17T12:36:03.999+0000] {logging_mixin.py:188} INFO - Downloaded AAPL/1771331536.json
[2026-02-17T12:36:04.051+0000] {logging_mixin.py:188} INFO - Downloaded AAPL/1771331548.json
[2026-02-17T12:36:04.121+0000] {logging_mixin.py:188} INFO - Downloaded AAPL/1771331560.json
[2026-02-17T12:36:04.172+0000] {logging_mixin.py:188} INFO - Downloaded AAPL/1771331570.json
[2026-02-17T12:36:04.222+0000] {logging_mixin.py:188} INFO - Downloaded AAPL/1771331580.json
[2026-02-17T12:36:04.273+0000] {logging_mixin.py:188} INFO - Downloaded AAPL/1771331591.json
[2026-02-17T12:36:04.332+0000] {logging_mixin.py:188} INFO - Downloaded AAPL/1771331603.json
[2026-02-17T12:36:04.390+0000] {logging_mixin.py:188} INFO - Downloaded AAPL/1771331613.json
[2026-02-17T12:36:04.447+0000] {logging_mixin.py:188} INFO - Downloaded AAPL/1771331625.json
[2026-02-17T12:36:04.508+0000] {logging_mixin.py:188} INFO - Downloaded AAPL/1771331636.json
[2026-02-17T12:36:04.547+0000] {logging_mixin.py:188} INFO - Downloaded AAPL/1771331648.json
[2026-02-17T12:36:04.591+0000] {logging_mixin.py:188} INFO - Downloaded AAPL/1771331659.json
[2026-02-17T12:36:04.641+0000] {logging_mixin.py:188} INFO - Downloaded AAPL/1771331669.json
[2026-02-17T12:36:04.701+0000] {logging_mixin.py:188} INFO - Downloaded AAPL/1771331679.json
[2026-02-17T12:36:04.755+0000] {logging_mixin.py:188} INFO - Downloaded AAPL/1771331689.json
[2026-02-17T12:36:04.806+0000] {logging_mixin.py:188} INFO - Downloaded AAPL/1771331699.json
[2026-02-17T12:36:04.861+0000] {logging_mixin.py:188} INFO - Downloaded AAPL/1771331710.json
[2026-02-17T12:36:04.929+0000] {logging_mixin.py:188} INFO - Downloaded AAPL/1771331720.json
[2026-02-17T12:36:05.000+0000] {logging_mixin.py:188} INFO - Downloaded AMZN/1771324936.json
[2026-02-17T12:36:05.067+0000] {logging_mixin.py:188} INFO - Downloaded AMZN/1771324946.json
[2026-02-17T12:36:05.130+0000] {logging_mixin.py:188} INFO - Downloaded AMZN/1771324957.json
[2026-02-17T12:36:05.210+0000] {logging_mixin.py:188} INFO - Downloaded AMZN/1771324968.json
[2026-02-17T12:36:05.272+0000] {logging_mixin.py:188} INFO - Downloaded AMZN/1771324978.json
[2026-02-17T12:36:05.331+0000] {logging_mixin.py:188} INFO - Downloaded AMZN/1771324989.json
[2026-02-17T12:36:05.378+0000] {logging_mixin.py:188} INFO - Downloaded AMZN/1771325000.json
[2026-02-17T12:36:05.466+0000] {logging_mixin.py:188} INFO - Downloaded AMZN/1771325010.json
[2026-02-17T12:36:05.537+0000] {logging_mixin.py:188} INFO - Downloaded AMZN/1771325021.json
[2026-02-17T12:36:05.632+0000] {logging_mixin.py:188} INFO - Downloaded AMZN/1771325032.json
[2026-02-17T12:36:05.709+0000] {logging_mixin.py:188} INFO - Downloaded AMZN/1771325042.json
[2026-02-17T12:36:05.848+0000] {logging_mixin.py:188} INFO - Downloaded AMZN/1771325052.json
[2026-02-17T12:36:05.945+0000] {logging_mixin.py:188} INFO - Downloaded AMZN/1771325063.json
[2026-02-17T12:36:05.999+0000] {logging_mixin.py:188} INFO - Downloaded AMZN/1771325073.json
[2026-02-17T12:36:06.050+0000] {logging_mixin.py:188} INFO - Downloaded AMZN/1771325083.json
[2026-02-17T12:36:06.113+0000] {logging_mixin.py:188} INFO - Downloaded AMZN/1771325094.json
[2026-02-17T12:36:06.172+0000] {logging_mixin.py:188} INFO - Downloaded AMZN/1771325105.json
[2026-02-17T12:36:06.207+0000] {logging_mixin.py:188} INFO - Downloaded AMZN/1771325115.json
[2026-02-17T12:36:06.234+0000] {logging_mixin.py:188} INFO - Downloaded AMZN/1771325125.json
[2026-02-17T12:36:06.260+0000] {logging_mixin.py:188} INFO - Downloaded AMZN/1771325136.json
[2026-02-17T12:36:06.290+0000] {logging_mixin.py:188} INFO - Downloaded AMZN/1771325146.json
[2026-02-17T12:36:06.320+0000] {logging_mixin.py:188} INFO - Downloaded AMZN/1771325156.json
[2026-02-17T12:36:06.352+0000] {logging_mixin.py:188} INFO - Downloaded AMZN/1771325167.json
[2026-02-17T12:36:06.381+0000] {logging_mixin.py:188} INFO - Downloaded AMZN/1771325177.json
[2026-02-17T12:36:06.409+0000] {logging_mixin.py:188} INFO - Downloaded AMZN/1771325188.json
[2026-02-17T12:36:06.442+0000] {logging_mixin.py:188} INFO - Downloaded AMZN/1771325198.json
[2026-02-17T12:36:06.466+0000] {logging_mixin.py:188} INFO - Downloaded AMZN/1771325209.json
[2026-02-17T12:36:06.494+0000] {logging_mixin.py:188} INFO - Downloaded AMZN/1771325219.json
[2026-02-17T12:36:06.516+0000] {logging_mixin.py:188} INFO - Downloaded AMZN/1771325229.json
[2026-02-17T12:36:06.546+0000] {logging_mixin.py:188} INFO - Downloaded AMZN/1771325240.json
[2026-02-17T12:36:06.582+0000] {logging_mixin.py:188} INFO - Downloaded AMZN/1771325250.json
[2026-02-17T12:36:06.638+0000] {logging_mixin.py:188} INFO - Downloaded AMZN/1771325262.json
[2026-02-17T12:36:06.673+0000] {logging_mixin.py:188} INFO - Downloaded AMZN/1771325272.json
[2026-02-17T12:36:06.724+0000] {logging_mixin.py:188} INFO - Downloaded AMZN/1771325283.json
[2026-02-17T12:36:07.013+0000] {logging_mixin.py:188} INFO - Downloaded AMZN/1771325293.json
[2026-02-17T12:36:07.085+0000] {logging_mixin.py:188} INFO - Downloaded AMZN/1771325337.json
[2026-02-17T12:36:07.157+0000] {logging_mixin.py:188} INFO - Downloaded AMZN/1771325347.json
[2026-02-17T12:36:07.214+0000] {logging_mixin.py:188} INFO - Downloaded AMZN/1771325358.json
[2026-02-17T12:36:07.297+0000] {logging_mixin.py:188} INFO - Downloaded AMZN/1771325368.json
[2026-02-17T12:36:07.348+0000] {logging_mixin.py:188} INFO - Downloaded AMZN/1771325378.json
[2026-02-17T12:36:07.394+0000] {logging_mixin.py:188} INFO - Downloaded AMZN/1771325389.json
[2026-02-17T12:36:07.465+0000] {logging_mixin.py:188} INFO - Downloaded AMZN/1771325401.json
[2026-02-17T12:36:07.543+0000] {logging_mixin.py:188} INFO - Downloaded AMZN/1771325412.json
[2026-02-17T12:36:07.596+0000] {logging_mixin.py:188} INFO - Downloaded AMZN/1771325424.json
[2026-02-17T12:36:07.642+0000] {logging_mixin.py:188} INFO - Downloaded AMZN/1771325435.json
[2026-02-17T12:36:07.682+0000] {logging_mixin.py:188} INFO - Downloaded AMZN/1771325447.json
[2026-02-17T12:36:07.726+0000] {logging_mixin.py:188} INFO - Downloaded AMZN/1771325457.json
[2026-02-17T12:36:07.767+0000] {logging_mixin.py:188} INFO - Downloaded AMZN/1771325468.json
[2026-02-17T12:36:07.798+0000] {logging_mixin.py:188} INFO - Downloaded AMZN/1771325477.json
[2026-02-17T12:36:07.835+0000] {logging_mixin.py:188} INFO - Downloaded AMZN/1771325489.json
[2026-02-17T12:36:07.871+0000] {logging_mixin.py:188} INFO - Downloaded AMZN/1771325500.json
[2026-02-17T12:36:07.910+0000] {logging_mixin.py:188} INFO - Downloaded AMZN/1771325510.json
[2026-02-17T12:36:07.947+0000] {logging_mixin.py:188} INFO - Downloaded AMZN/1771325521.json
[2026-02-17T12:36:07.991+0000] {logging_mixin.py:188} INFO - Downloaded AMZN/1771325532.json
[2026-02-17T12:36:08.029+0000] {logging_mixin.py:188} INFO - Downloaded AMZN/1771325542.json
[2026-02-17T12:36:08.070+0000] {logging_mixin.py:188} INFO - Downloaded AMZN/1771325552.json
[2026-02-17T12:36:08.102+0000] {logging_mixin.py:188} INFO - Downloaded AMZN/1771325562.json
[2026-02-17T12:36:08.149+0000] {logging_mixin.py:188} INFO - Downloaded AMZN/1771325573.json
[2026-02-17T12:36:08.197+0000] {logging_mixin.py:188} INFO - Downloaded AMZN/1771325583.json
[2026-02-17T12:36:08.239+0000] {logging_mixin.py:188} INFO - Downloaded AMZN/1771325593.json
[2026-02-17T12:36:08.320+0000] {logging_mixin.py:188} INFO - Downloaded AMZN/1771325605.json
[2026-02-17T12:36:09.674+0000] {logging_mixin.py:188} INFO - Downloaded AMZN/1771325616.json
[2026-02-17T12:36:09.722+0000] {logging_mixin.py:188} INFO - Downloaded AMZN/1771325626.json
[2026-02-17T12:36:09.765+0000] {logging_mixin.py:188} INFO - Downloaded AMZN/1771325637.json
[2026-02-17T12:36:09.813+0000] {logging_mixin.py:188} INFO - Downloaded AMZN/1771325648.json
[2026-02-17T12:36:09.919+0000] {logging_mixin.py:188} INFO - Downloaded AMZN/1771325659.json
[2026-02-17T12:36:10.010+0000] {logging_mixin.py:188} INFO - Downloaded AMZN/1771325669.json
[2026-02-17T12:36:10.105+0000] {logging_mixin.py:188} INFO - Downloaded AMZN/1771325679.json
[2026-02-17T12:36:10.156+0000] {logging_mixin.py:188} INFO - Downloaded AMZN/1771325691.json
[2026-02-17T12:36:10.233+0000] {logging_mixin.py:188} INFO - Downloaded AMZN/1771325701.json
[2026-02-17T12:36:10.265+0000] {logging_mixin.py:188} INFO - Downloaded AMZN/1771325711.json
[2026-02-17T12:36:10.295+0000] {logging_mixin.py:188} INFO - Downloaded AMZN/1771325722.json
[2026-02-17T12:36:10.331+0000] {logging_mixin.py:188} INFO - Downloaded AMZN/1771325732.json
[2026-02-17T12:36:10.373+0000] {logging_mixin.py:188} INFO - Downloaded AMZN/1771325743.json
[2026-02-17T12:36:10.413+0000] {logging_mixin.py:188} INFO - Downloaded AMZN/1771325753.json
[2026-02-17T12:36:10.457+0000] {logging_mixin.py:188} INFO - Downloaded AMZN/1771325769.json
[2026-02-17T12:36:10.494+0000] {logging_mixin.py:188} INFO - Downloaded AMZN/1771325780.json
[2026-02-17T12:36:10.540+0000] {logging_mixin.py:188} INFO - Downloaded AMZN/1771325792.json
[2026-02-17T12:36:10.583+0000] {logging_mixin.py:188} INFO - Downloaded AMZN/1771325803.json
[2026-02-17T12:36:10.574+0000] {logging_mixin.py:188} INFO - Downloaded AMZN/1771325813.json
[2026-02-17T12:36:10.611+0000] {logging_mixin.py:188} INFO - Downloaded AMZN/1771325824.json
[2026-02-17T12:36:10.636+0000] {logging_mixin.py:188} INFO - Downloaded AMZN/1771325834.json
[2026-02-17T12:36:10.661+0000] {logging_mixin.py:188} INFO - Downloaded AMZN/1771325844.json
[2026-02-17T12:36:10.685+0000] {logging_mixin.py:188} INFO - Downloaded AMZN/1771325857.json
[2026-02-17T12:36:10.724+0000] {logging_mixin.py:188} INFO - Downloaded AMZN/1771325867.json
[2026-02-17T12:36:10.748+0000] {logging_mixin.py:188} INFO - Downloaded AMZN/1771325878.json
[2026-02-17T12:36:10.776+0000] {logging_mixin.py:188} INFO - Downloaded AMZN/1771325891.json
[2026-02-17T12:36:10.808+0000] {logging_mixin.py:188} INFO - Downloaded AMZN/1771325902.json
[2026-02-17T12:36:10.835+0000] {logging_mixin.py:188} INFO - Downloaded AMZN/1771325914.json
[2026-02-17T12:36:10.865+0000] {logging_mixin.py:188} INFO - Downloaded AMZN/1771325925.json
[2026-02-17T12:36:10.901+0000] {logging_mixin.py:188} INFO - Downloaded AMZN/1771325937.json
[2026-02-17T12:36:10.930+0000] {logging_mixin.py:188} INFO - Downloaded AMZN/1771325948.json
[2026-02-17T12:36:10.973+0000] {logging_mixin.py:188} INFO - Downloaded AMZN/1771325962.json
[2026-02-17T12:36:11.028+0000] {logging_mixin.py:188} INFO - Downloaded AMZN/1771325973.json
[2026-02-17T12:36:11.075+0000] {logging_mixin.py:188} INFO - Downloaded AMZN/1771325984.json
[2026-02-17T12:36:11.125+0000] {logging_mixin.py:188} INFO - Downloaded AMZN/1771325995.json
[2026-02-17T12:36:11.176+0000] {logging_mixin.py:188} INFO - Downloaded AMZN/1771326005.json
[2026-02-17T12:36:11.217+0000] {logging_mixin.py:188} INFO - Downloaded AMZN/1771326016.json
[2026-02-17T12:36:11.252+0000] {logging_mixin.py:188} INFO - Downloaded AMZN/1771326027.json
[2026-02-17T12:36:11.280+0000] {logging_mixin.py:188} INFO - Downloaded AMZN/1771326037.json
[2026-02-17T12:36:11.308+0000] {logging_mixin.py:188} INFO - Downloaded AMZN/1771326047.json
[2026-02-17T12:36:11.341+0000] {logging_mixin.py:188} INFO - Downloaded AMZN/1771326058.json
[2026-02-17T12:36:11.369+0000] {logging_mixin.py:188} INFO - Downloaded AMZN/1771326067.json
[2026-02-17T12:36:11.395+0000] {logging_mixin.py:188} INFO - Downloaded AMZN/1771326077.json
[2026-02-17T12:36:11.421+0000] {logging_mixin.py:188} INFO - Downloaded AMZN/1771326087.json
[2026-02-17T12:36:11.446+0000] {logging_mixin.py:188} INFO - Downloaded AMZN/1771326101.json
[2026-02-17T12:36:11.482+0000] {logging_mixin.py:188} INFO - Downloaded AMZN/1771326115.json
[2026-02-17T12:36:11.528+0000] {logging_mixin.py:188} INFO - Downloaded AMZN/1771326128.json
[2026-02-17T12:36:11.555+0000] {logging_mixin.py:188} INFO - Downloaded AMZN/1771326139.json
[2026-02-17T12:36:11.585+0000] {logging_mixin.py:188} INFO - Downloaded AMZN/1771326151.json
[2026-02-17T12:36:11.640+0000] {logging_mixin.py:188} INFO - Downloaded AMZN/1771326161.json
[2026-02-17T12:36:11.669+0000] {logging_mixin.py:188} INFO - Downloaded AMZN/1771326173.json
[2026-02-17T12:36:11.721+0000] {logging_mixin.py:188} INFO - Downloaded AMZN/1771326183.json
[2026-02-17T12:36:11.748+0000] {logging_mixin.py:188} INFO - Downloaded AMZN/1771326194.json
[2026-02-17T12:36:11.775+0000] {logging_mixin.py:188} INFO - Downloaded AMZN/1771326204.json
[2026-02-17T12:36:11.819+0000] {logging_mixin.py:188} INFO - Downloaded AMZN/1771326215.json
[2026-02-17T12:36:11.843+0000] {logging_mixin.py:188} INFO - Downloaded AMZN/1771326225.json
[2026-02-17T12:36:11.867+0000] {logging_mixin.py:188} INFO - Downloaded AMZN/1771326235.json
[2026-02-17T12:36:11.894+0000] {logging_mixin.py:188} INFO - Downloaded AMZN/1771326245.json
[2026-02-17T12:36:11.924+0000] {logging_mixin.py:188} INFO - Downloaded AMZN/1771326255.json
[2026-02-17T12:36:11.952+0000] {logging_mixin.py:188} INFO - Downloaded AMZN/1771326265.json
[2026-02-17T12:36:11.986+0000] {logging_mixin.py:188} INFO - Downloaded AMZN/1771326275.json
[2026-02-17T12:36:12.025+0000] {logging_mixin.py:188} INFO - Downloaded AMZN/1771326286.json
[2026-02-17T12:36:12.061+0000] {logging_mixin.py:188} INFO - Downloaded AMZN/1771326301.json
[2026-02-17T12:36:12.090+0000] {logging_mixin.py:188} INFO - Downloaded AMZN/1771326314.json
[2026-02-17T12:36:12.120+0000] {logging_mixin.py:188} INFO - Downloaded AMZN/1771326324.json
[2026-02-17T12:36:12.148+0000] {logging_mixin.py:188} INFO - Downloaded AMZN/1771326335.json
[2026-02-17T12:36:12.182+0000] {logging_mixin.py:188} INFO - Downloaded AMZN/1771326351.json
[2026-02-17T12:36:12.221+0000] {logging_mixin.py:188} INFO - Downloaded AMZN/1771326362.json
[2026-02-17T12:36:12.320+0000] {logging_mixin.py:188} INFO - Downloaded AMZN/1771326374.json
[2026-02-17T12:36:12.356+0000] {logging_mixin.py:188} INFO - Downloaded AMZN/1771326384.json
[2026-02-17T12:36:12.393+0000] {logging_mixin.py:188} INFO - Downloaded AMZN/1771326395.json
[2026-02-17T12:36:12.429+0000] {logging_mixin.py:188} INFO - Downloaded AMZN/1771326405.json
[2026-02-17T12:36:12.469+0000] {logging_mixin.py:188} INFO - Downloaded AMZN/1771326415.json
[2026-02-17T12:36:12.519+0000] {logging_mixin.py:188} INFO - Downloaded AMZN/1771326425.json
[2026-02-17T12:36:12.575+0000] {logging_mixin.py:188} INFO - Downloaded AMZN/1771326436.json
[2026-02-17T12:36:12.644+0000] {logging_mixin.py:188} INFO - Downloaded AMZN/1771326446.json
[2026-02-17T12:36:12.699+0000] {logging_mixin.py:188} INFO - Downloaded AMZN/1771326456.json
[2026-02-17T12:36:12.729+0000] {logging_mixin.py:188} INFO - Downloaded AMZN/1771326466.json
[2026-02-17T12:36:12.754+0000] {logging_mixin.py:188} INFO - Downloaded AMZN/1771326476.json
[2026-02-17T12:36:12.798+0000] {logging_mixin.py:188} INFO - Downloaded AMZN/1771326486.json
[2026-02-17T12:36:12.851+0000] {logging_mixin.py:188} INFO - Downloaded AMZN/1771326497.json
[2026-02-17T12:36:12.880+0000] {logging_mixin.py:188} INFO - Downloaded AMZN/1771326508.json
[2026-02-17T12:36:12.919+0000] {logging_mixin.py:188} INFO - Downloaded AMZN/1771326518.json
[2026-02-17T12:36:12.949+0000] {logging_mixin.py:188} INFO - Downloaded AMZN/1771326528.json
[2026-02-17T12:36:12.982+0000] {logging_mixin.py:188} INFO - Downloaded AMZN/1771326538.json
[2026-02-17T12:36:13.012+0000] {logging_mixin.py:188} INFO - Downloaded AMZN/1771326548.json
[2026-02-17T12:36:13.042+0000] {logging_mixin.py:188} INFO - Downloaded AMZN/1771326559.json
[2026-02-17T12:36:13.066+0000] {logging_mixin.py:188} INFO - Downloaded AMZN/1771326569.json
[2026-02-17T12:36:13.105+0000] {logging_mixin.py:188} INFO - Downloaded AMZN/1771326578.json
[2026-02-17T12:36:13.137+0000] {logging_mixin.py:188} INFO - Downloaded AMZN/1771326588.json
[2026-02-17T12:36:13.173+0000] {logging_mixin.py:188} INFO - Downloaded AMZN/1771326599.json
[2026-02-17T12:36:13.203+0000] {logging_mixin.py:188} INFO - Downloaded AMZN/1771326609.json
[2026-02-17T12:36:13.228+0000] {logging_mixin.py:188} INFO - Downloaded AMZN/1771326619.json
[2026-02-17T12:36:13.261+0000] {logging_mixin.py:188} INFO - Downloaded AMZN/1771326629.json
[2026-02-17T12:36:13.288+0000] {logging_mixin.py:188} INFO - Downloaded AMZN/1771326639.json
[2026-02-17T12:36:13.315+0000] {logging_mixin.py:188} INFO - Downloaded AMZN/1771326650.json
[2026-02-17T12:36:13.344+0000] {logging_mixin.py:188} INFO - Downloaded AMZN/1771326659.json
[2026-02-17T12:36:13.370+0000] {logging_mixin.py:188} INFO - Downloaded AMZN/1771326670.json
[2026-02-17T12:36:13.399+0000] {logging_mixin.py:188} INFO - Downloaded AMZN/1771326680.json
[2026-02-17T12:36:13.426+0000] {logging_mixin.py:188} INFO - Downloaded AMZN/1771326690.json
[2026-02-17T12:36:13.458+0000] {logging_mixin.py:188} INFO - Downloaded AMZN/1771326701.json
[2026-02-17T12:36:13.487+0000] {logging_mixin.py:188} INFO - Downloaded AMZN/1771326711.json
[2026-02-17T12:36:13.520+0000] {logging_mixin.py:188} INFO - Downloaded AMZN/1771326721.json
[2026-02-17T12:36:13.546+0000] {logging_mixin.py:188} INFO - Downloaded AMZN/1771326731.json
[2026-02-17T12:36:13.577+0000] {logging_mixin.py:188} INFO - Downloaded AMZN/1771326741.json
[2026-02-17T12:36:13.617+0000] {logging_mixin.py:188} INFO - Downloaded AMZN/1771326752.json
[2026-02-17T12:36:13.657+0000] {logging_mixin.py:188} INFO - Downloaded AMZN/1771326762.json
[2026-02-17T12:36:13.705+0000] {logging_mixin.py:188} INFO - Downloaded AMZN/1771326772.json
[2026-02-17T12:36:13.764+0000] {logging_mixin.py:188} INFO - Downloaded AMZN/1771326782.json
[2026-02-17T12:36:13.804+0000] {logging_mixin.py:188} INFO - Downloaded AMZN/1771326793.json
[2026-02-17T12:36:13.848+0000] {logging_mixin.py:188} INFO - Downloaded AMZN/1771326802.json
[2026-02-17T12:36:13.899+0000] {logging_mixin.py:188} INFO - Downloaded AMZN/1771326813.json
[2026-02-17T12:36:13.942+0000] {logging_mixin.py:188} INFO - Downloaded AMZN/1771326823.json
[2026-02-17T12:36:13.990+0000] {logging_mixin.py:188} INFO - Downloaded AMZN/1771326834.json
[2026-02-17T12:36:14.056+0000] {logging_mixin.py:188} INFO - Downloaded AMZN/1771326844.json
[2026-02-17T12:36:14.088+0000] {logging_mixin.py:188} INFO - Downloaded AMZN/1771326854.json
[2026-02-17T12:36:14.119+0000] {logging_mixin.py:188} INFO - Downloaded AMZN/1771326863.json
[2026-02-17T12:36:14.156+0000] {logging_mixin.py:188} INFO - Downloaded AMZN/1771326874.json
[2026-02-17T12:36:14.233+0000] {logging_mixin.py:188} INFO - Downloaded AMZN/1771326884.json
[2026-02-17T12:36:14.280+0000] {logging_mixin.py:188} INFO - Downloaded AMZN/1771326895.json
[2026-02-17T12:36:14.323+0000] {logging_mixin.py:188} INFO - Downloaded AMZN/1771326905.json
[2026-02-17T12:36:14.354+0000] {logging_mixin.py:188} INFO - Downloaded AMZN/1771326916.json
[2026-02-17T12:36:14.379+0000] {logging_mixin.py:188} INFO - Downloaded AMZN/1771326927.json
[2026-02-17T12:36:14.401+0000] {logging_mixin.py:188} INFO - Downloaded AMZN/1771326937.json
[2026-02-17T12:36:14.429+0000] {logging_mixin.py:188} INFO - Downloaded AMZN/1771326948.json
[2026-02-17T12:36:14.459+0000] {logging_mixin.py:188} INFO - Downloaded AMZN/1771326959.json
[2026-02-17T12:36:14.482+0000] {logging_mixin.py:188} INFO - Downloaded AMZN/1771326969.json
[2026-02-17T12:36:14.510+0000] {logging_mixin.py:188} INFO - Downloaded AMZN/1771326980.json
[2026-02-17T12:36:14.539+0000] {logging_mixin.py:188} INFO - Downloaded AMZN/1771326990.json
[2026-02-17T12:36:14.563+0000] {logging_mixin.py:188} INFO - Downloaded AMZN/1771327001.json
[2026-02-17T12:36:14.588+0000] {logging_mixin.py:188} INFO - Downloaded AMZN/1771327011.json
[2026-02-17T12:36:14.613+0000] {logging_mixin.py:188} INFO - Downloaded AMZN/1771327022.json
[2026-02-17T12:36:14.636+0000] {logging_mixin.py:188} INFO - Downloaded AMZN/1771327032.json
[2026-02-17T12:36:14.664+0000] {logging_mixin.py:188} INFO - Downloaded AMZN/1771327043.json
[2026-02-17T12:36:14.692+0000] {logging_mixin.py:188} INFO - Downloaded AMZN/1771327053.json
[2026-02-17T12:36:14.730+0000] {logging_mixin.py:188} INFO - Downloaded AMZN/1771327071.json
[2026-02-17T12:36:14.758+0000] {logging_mixin.py:188} INFO - Downloaded AMZN/1771327090.json
[2026-02-17T12:36:14.786+0000] {logging_mixin.py:188} INFO - Downloaded AMZN/1771327105.json
[2026-02-17T12:36:14.820+0000] {logging_mixin.py:188} INFO - Downloaded AMZN/1771327119.json
[2026-02-17T12:36:14.850+0000] {logging_mixin.py:188} INFO - Downloaded AMZN/1771327131.json
[2026-02-17T12:36:14.878+0000] {logging_mixin.py:188} INFO - Downloaded AMZN/1771327141.json
[2026-02-17T12:36:14.909+0000] {logging_mixin.py:188} INFO - Downloaded AMZN/1771327151.json
[2026-02-17T12:36:14.945+0000] {logging_mixin.py:188} INFO - Downloaded AMZN/1771327162.json
[2026-02-17T12:36:15.000+0000] {logging_mixin.py:188} INFO - Downloaded AMZN/1771327172.json
[2026-02-17T12:36:15.043+0000] {logging_mixin.py:188} INFO - Downloaded AMZN/1771327182.json
[2026-02-17T12:36:15.082+0000] {logging_mixin.py:188} INFO - Downloaded AMZN/1771327192.json
[2026-02-17T12:36:15.123+0000] {logging_mixin.py:188} INFO - Downloaded AMZN/1771327202.json
[2026-02-17T12:36:15.163+0000] {logging_mixin.py:188} INFO - Downloaded AMZN/1771327213.json
[2026-02-17T12:36:15.227+0000] {logging_mixin.py:188} INFO - Downloaded AMZN/1771327224.json
[2026-02-17T12:36:15.315+0000] {logging_mixin.py:188} INFO - Downloaded AMZN/1771327234.json
[2026-02-17T12:36:15.358+0000] {logging_mixin.py:188} INFO - Downloaded AMZN/1771327245.json
[2026-02-17T12:36:15.389+0000] {logging_mixin.py:188} INFO - Downloaded AMZN/1771327255.json
[2026-02-17T12:36:15.726+0000] {logging_mixin.py:188} INFO - Downloaded AMZN/1771327265.json
[2026-02-17T12:36:15.794+0000] {logging_mixin.py:188} INFO - Downloaded AMZN/1771327276.json
[2026-02-17T12:36:15.852+0000] {logging_mixin.py:188} INFO - Downloaded AMZN/1771327285.json
[2026-02-17T12:36:15.907+0000] {logging_mixin.py:188} INFO - Downloaded AMZN/1771327296.json
[2026-02-17T12:36:15.946+0000] {logging_mixin.py:188} INFO - Downloaded AMZN/1771327306.json
[2026-02-17T12:36:15.982+0000] {logging_mixin.py:188} INFO - Downloaded AMZN/1771327317.json
[2026-02-17T12:36:16.039+0000] {logging_mixin.py:188} INFO - Downloaded AMZN/1771327327.json
[2026-02-17T12:36:16.075+0000] {logging_mixin.py:188} INFO - Downloaded AMZN/1771327337.json
[2026-02-17T12:36:16.105+0000] {logging_mixin.py:188} INFO - Downloaded AMZN/1771327347.json
[2026-02-17T12:36:16.131+0000] {logging_mixin.py:188} INFO - Downloaded AMZN/1771327357.json
[2026-02-17T12:36:16.168+0000] {logging_mixin.py:188} INFO - Downloaded AMZN/1771327367.json
[2026-02-17T12:36:16.203+0000] {logging_mixin.py:188} INFO - Downloaded AMZN/1771327378.json
[2026-02-17T12:36:16.231+0000] {logging_mixin.py:188} INFO - Downloaded AMZN/1771327388.json
[2026-02-17T12:36:16.266+0000] {logging_mixin.py:188} INFO - Downloaded AMZN/1771327398.json
[2026-02-17T12:36:16.298+0000] {logging_mixin.py:188} INFO - Downloaded AMZN/1771327410.json
[2026-02-17T12:36:16.339+0000] {logging_mixin.py:188} INFO - Downloaded AMZN/1771327420.json
[2026-02-17T12:36:16.382+0000] {logging_mixin.py:188} INFO - Downloaded AMZN/1771327430.json
[2026-02-17T12:36:16.427+0000] {logging_mixin.py:188} INFO - Downloaded AMZN/1771327441.json
[2026-02-17T12:36:16.467+0000] {logging_mixin.py:188} INFO - Downloaded AMZN/1771327450.json
[2026-02-17T12:36:16.504+0000] {logging_mixin.py:188} INFO - Downloaded AMZN/1771327461.json
[2026-02-17T12:36:16.545+0000] {logging_mixin.py:188} INFO - Downloaded AMZN/1771327472.json
[2026-02-17T12:36:16.596+0000] {logging_mixin.py:188} INFO - Downloaded AMZN/1771327482.json
[2026-02-17T12:36:16.664+0000] {logging_mixin.py:188} INFO - Downloaded AMZN/1771327492.json
[2026-02-17T12:36:16.711+0000] {logging_mixin.py:188} INFO - Downloaded AMZN/1771327504.json
[2026-02-17T12:36:16.746+0000] {logging_mixin.py:188} INFO - Downloaded AMZN/1771327514.json
[2026-02-17T12:36:16.774+0000] {logging_mixin.py:188} INFO - Downloaded AMZN/1771327524.json
[2026-02-17T12:36:16.801+0000] {logging_mixin.py:188} INFO - Downloaded AMZN/1771327535.json
[2026-02-17T12:36:16.826+0000] {logging_mixin.py:188} INFO - Downloaded AMZN/1771327545.json
[2026-02-17T12:36:16.856+0000] {logging_mixin.py:188} INFO - Downloaded AMZN/1771327555.json
[2026-02-17T12:36:16.881+0000] {logging_mixin.py:188} INFO - Downloaded AMZN/1771327566.json
[2026-02-17T12:36:16.909+0000] {logging_mixin.py:188} INFO - Downloaded AMZN/1771327578.json
[2026-02-17T12:36:16.935+0000] {logging_mixin.py:188} INFO - Downloaded AMZN/1771327590.json
[2026-02-17T12:36:16.959+0000] {logging_mixin.py:188} INFO - Downloaded AMZN/1771327600.json
[2026-02-17T12:36:16.989+0000] {logging_mixin.py:188} INFO - Downloaded AMZN/1771327610.json
[2026-02-17T12:36:17.014+0000] {logging_mixin.py:188} INFO - Downloaded AMZN/1771327621.json
[2026-02-17T12:36:17.067+0000] {logging_mixin.py:188} INFO - Downloaded AMZN/1771327631.json
[2026-02-17T12:36:17.103+0000] {logging_mixin.py:188} INFO - Downloaded AMZN/1771327641.json
[2026-02-17T12:36:17.130+0000] {logging_mixin.py:188} INFO - Downloaded AMZN/1771327651.json
[2026-02-17T12:36:17.160+0000] {logging_mixin.py:188} INFO - Downloaded AMZN/1771327661.json
[2026-02-17T12:36:17.185+0000] {logging_mixin.py:188} INFO - Downloaded AMZN/1771327672.json
[2026-02-17T12:36:17.212+0000] {logging_mixin.py:188} INFO - Downloaded AMZN/1771327682.json
[2026-02-17T12:36:17.236+0000] {logging_mixin.py:188} INFO - Downloaded AMZN/1771327692.json
[2026-02-17T12:36:17.260+0000] {logging_mixin.py:188} INFO - Downloaded AMZN/1771327703.json
[2026-02-17T12:36:17.286+0000] {logging_mixin.py:188} INFO - Downloaded AMZN/1771327713.json
[2026-02-17T12:36:17.309+0000] {logging_mixin.py:188} INFO - Downloaded AMZN/1771327723.json
[2026-02-17T12:36:17.334+0000] {logging_mixin.py:188} INFO - Downloaded AMZN/1771327733.json
[2026-02-17T12:36:17.366+0000] {logging_mixin.py:188} INFO - Downloaded AMZN/1771327743.json
[2026-02-17T12:36:17.393+0000] {logging_mixin.py:188} INFO - Downloaded AMZN/1771327754.json
[2026-02-17T12:36:17.419+0000] {logging_mixin.py:188} INFO - Downloaded AMZN/1771327764.json
[2026-02-17T12:36:17.444+0000] {logging_mixin.py:188} INFO - Downloaded AMZN/1771327774.json
[2026-02-17T12:36:17.479+0000] {logging_mixin.py:188} INFO - Downloaded AMZN/1771327786.json
[2026-02-17T12:36:17.508+0000] {logging_mixin.py:188} INFO - Downloaded AMZN/1771327795.json
[2026-02-17T12:36:17.535+0000] {logging_mixin.py:188} INFO - Downloaded AMZN/1771327806.json
[2026-02-17T12:36:17.557+0000] {logging_mixin.py:188} INFO - Downloaded AMZN/1771327816.json
[2026-02-17T12:36:17.584+0000] {logging_mixin.py:188} INFO - Downloaded AMZN/1771327827.json
[2026-02-17T12:36:17.643+0000] {logging_mixin.py:188} INFO - Downloaded AMZN/1771327837.json
[2026-02-17T12:36:17.685+0000] {logging_mixin.py:188} INFO - Downloaded AMZN/1771327847.json
[2026-02-17T12:36:17.746+0000] {logging_mixin.py:188} INFO - Downloaded AMZN/1771327858.json
[2026-02-17T12:36:17.799+0000] {logging_mixin.py:188} INFO - Downloaded AMZN/1771327869.json
[2026-02-17T12:36:17.868+0000] {logging_mixin.py:188} INFO - Downloaded AMZN/1771327879.json
[2026-02-17T12:36:17.933+0000] {logging_mixin.py:188} INFO - Downloaded AMZN/1771327890.json
[2026-02-17T12:36:17.977+0000] {logging_mixin.py:188} INFO - Downloaded AMZN/1771327900.json
[2026-02-17T12:36:18.040+0000] {logging_mixin.py:188} INFO - Downloaded AMZN/1771327911.json
[2026-02-17T12:36:18.087+0000] {logging_mixin.py:188} INFO - Downloaded AMZN/1771327921.json
[2026-02-17T12:36:18.144+0000] {logging_mixin.py:188} INFO - Downloaded AMZN/1771327931.json
[2026-02-17T12:36:18.194+0000] {logging_mixin.py:188} INFO - Downloaded AMZN/1771327942.json
[2026-02-17T12:36:18.236+0000] {logging_mixin.py:188} INFO - Downloaded AMZN/1771327952.json
[2026-02-17T12:36:18.264+0000] {logging_mixin.py:188} INFO - Downloaded AMZN/1771327962.json
[2026-02-17T12:36:18.294+0000] {logging_mixin.py:188} INFO - Downloaded AMZN/1771327973.json
[2026-02-17T12:36:18.333+0000] {logging_mixin.py:188} INFO - Downloaded AMZN/1771327983.json
[2026-02-17T12:36:18.372+0000] {logging_mixin.py:188} INFO - Downloaded AMZN/1771327993.json
[2026-02-17T12:36:18.404+0000] {logging_mixin.py:188} INFO - Downloaded AMZN/1771328004.json
[2026-02-17T12:36:18.480+0000] {logging_mixin.py:188} INFO - Downloaded AMZN/1771328013.json
[2026-02-17T12:36:18.533+0000] {logging_mixin.py:188} INFO - Downloaded AMZN/1771328023.json
[2026-02-17T12:36:18.589+0000] {logging_mixin.py:188} INFO - Downloaded AMZN/1771328033.json
[2026-02-17T12:36:18.649+0000] {logging_mixin.py:188} INFO - Downloaded AMZN/1771328044.json
[2026-02-17T12:36:18.733+0000] {logging_mixin.py:188} INFO - Downloaded AMZN/1771328054.json
[2026-02-17T12:36:18.788+0000] {logging_mixin.py:188} INFO - Downloaded AMZN/1771328064.json
[2026-02-17T12:36:18.853+0000] {logging_mixin.py:188} INFO - Downloaded AMZN/1771328074.json
[2026-02-17T12:36:18.950+0000] {logging_mixin.py:188} INFO - Downloaded AMZN/1771328085.json
[2026-02-17T12:36:19.028+0000] {logging_mixin.py:188} INFO - Downloaded AMZN/1771328096.json
[2026-02-17T12:36:19.112+0000] {logging_mixin.py:188} INFO - Downloaded AMZN/1771328109.json
[2026-02-17T12:36:19.189+0000] {logging_mixin.py:188} INFO - Downloaded AMZN/1771328120.json
[2026-02-17T12:36:19.253+0000] {logging_mixin.py:188} INFO - Downloaded AMZN/1771328131.json
[2026-02-17T12:36:19.300+0000] {logging_mixin.py:188} INFO - Downloaded AMZN/1771328143.json
[2026-02-17T12:36:19.355+0000] {logging_mixin.py:188} INFO - Downloaded AMZN/1771328153.json
[2026-02-17T12:36:19.415+0000] {logging_mixin.py:188} INFO - Downloaded AMZN/1771328165.json
[2026-02-17T12:36:19.505+0000] {logging_mixin.py:188} INFO - Downloaded AMZN/1771328203.json
[2026-02-17T12:36:19.562+0000] {logging_mixin.py:188} INFO - Downloaded AMZN/1771328213.json
[2026-02-17T12:36:19.624+0000] {logging_mixin.py:188} INFO - Downloaded AMZN/1771328223.json
[2026-02-17T12:36:19.678+0000] {logging_mixin.py:188} INFO - Downloaded AMZN/1771328234.json
[2026-02-17T12:36:19.721+0000] {logging_mixin.py:188} INFO - Downloaded AMZN/1771328244.json
[2026-02-17T12:36:19.769+0000] {logging_mixin.py:188} INFO - Downloaded AMZN/1771328254.json
[2026-02-17T12:36:19.814+0000] {logging_mixin.py:188} INFO - Downloaded AMZN/1771328265.json
[2026-02-17T12:36:19.891+0000] {logging_mixin.py:188} INFO - Downloaded AMZN/1771328276.json
[2026-02-17T12:36:19.922+0000] {logging_mixin.py:188} INFO - Downloaded AMZN/1771328287.json
[2026-02-17T12:36:19.953+0000] {logging_mixin.py:188} INFO - Downloaded AMZN/1771328297.json
[2026-02-17T12:36:20.029+0000] {logging_mixin.py:188} INFO - Downloaded AMZN/1771328307.json
[2026-02-17T12:36:20.057+0000] {logging_mixin.py:188} INFO - Downloaded AMZN/1771328317.json
[2026-02-17T12:36:20.079+0000] {logging_mixin.py:188} INFO - Downloaded AMZN/1771328328.json
[2026-02-17T12:36:20.102+0000] {logging_mixin.py:188} INFO - Downloaded AMZN/1771328338.json
[2026-02-17T12:36:20.127+0000] {logging_mixin.py:188} INFO - Downloaded AMZN/1771328348.json
[2026-02-17T12:36:20.159+0000] {logging_mixin.py:188} INFO - Downloaded AMZN/1771328361.json
[2026-02-17T12:36:20.187+0000] {logging_mixin.py:188} INFO - Downloaded AMZN/1771328376.json
[2026-02-17T12:36:20.219+0000] {logging_mixin.py:188} INFO - Downloaded AMZN/1771328389.json
[2026-02-17T12:36:20.249+0000] {logging_mixin.py:188} INFO - Downloaded AMZN/1771328399.json
[2026-02-17T12:36:20.286+0000] {logging_mixin.py:188} INFO - Downloaded AMZN/1771328410.json
[2026-02-17T12:36:20.320+0000] {logging_mixin.py:188} INFO - Downloaded AMZN/1771328421.json
[2026-02-17T12:36:20.381+0000] {logging_mixin.py:188} INFO - Downloaded AMZN/1771328495.json
[2026-02-17T12:36:20.417+0000] {logging_mixin.py:188} INFO - Downloaded AMZN/1771328521.json
[2026-02-17T12:36:20.448+0000] {logging_mixin.py:188} INFO - Downloaded AMZN/1771328531.json
[2026-02-17T12:36:20.481+0000] {logging_mixin.py:188} INFO - Downloaded AMZN/1771328634.json
[2026-02-17T12:36:20.531+0000] {logging_mixin.py:188} INFO - Downloaded AMZN/1771328731.json
[2026-02-17T12:36:20.577+0000] {logging_mixin.py:188} INFO - Downloaded AMZN/1771328742.json
[2026-02-17T12:36:20.641+0000] {logging_mixin.py:188} INFO - Downloaded AMZN/1771328752.json
[2026-02-17T12:36:20.688+0000] {logging_mixin.py:188} INFO - Downloaded AMZN/1771328764.json
[2026-02-17T12:36:20.718+0000] {logging_mixin.py:188} INFO - Downloaded AMZN/1771328774.json
[2026-02-17T12:36:20.764+0000] {logging_mixin.py:188} INFO - Downloaded AMZN/1771328784.json
[2026-02-17T12:36:20.803+0000] {logging_mixin.py:188} INFO - Downloaded AMZN/1771328794.json
[2026-02-17T12:36:20.859+0000] {logging_mixin.py:188} INFO - Downloaded AMZN/1771328804.json
[2026-02-17T12:36:20.891+0000] {logging_mixin.py:188} INFO - Downloaded AMZN/1771328815.json
[2026-02-17T12:36:20.918+0000] {logging_mixin.py:188} INFO - Downloaded AMZN/1771328825.json
[2026-02-17T12:36:20.942+0000] {logging_mixin.py:188} INFO - Downloaded AMZN/1771328836.json
[2026-02-17T12:36:20.964+0000] {logging_mixin.py:188} INFO - Downloaded AMZN/1771328846.json
[2026-02-17T12:36:20.988+0000] {logging_mixin.py:188} INFO - Downloaded AMZN/1771328858.json
[2026-02-17T12:36:21.015+0000] {logging_mixin.py:188} INFO - Downloaded AMZN/1771328869.json
[2026-02-17T12:36:21.041+0000] {logging_mixin.py:188} INFO - Downloaded AMZN/1771328880.json
[2026-02-17T12:36:21.071+0000] {logging_mixin.py:188} INFO - Downloaded AMZN/1771328891.json
[2026-02-17T12:36:21.093+0000] {logging_mixin.py:188} INFO - Downloaded AMZN/1771328901.json
[2026-02-17T12:36:21.127+0000] {logging_mixin.py:188} INFO - Downloaded AMZN/1771328931.json
[2026-02-17T12:36:21.154+0000] {logging_mixin.py:188} INFO - Downloaded AMZN/1771328942.json
[2026-02-17T12:36:21.181+0000] {logging_mixin.py:188} INFO - Downloaded AMZN/1771328952.json
[2026-02-17T12:36:21.208+0000] {logging_mixin.py:188} INFO - Downloaded AMZN/1771328962.json
[2026-02-17T12:36:21.236+0000] {logging_mixin.py:188} INFO - Downloaded AMZN/1771328977.json
[2026-02-17T12:36:21.262+0000] {logging_mixin.py:188} INFO - Downloaded AMZN/1771328988.json
[2026-02-17T12:36:21.296+0000] {logging_mixin.py:188} INFO - Downloaded AMZN/1771328998.json
[2026-02-17T12:36:21.326+0000] {logging_mixin.py:188} INFO - Downloaded AMZN/1771329009.json
[2026-02-17T12:36:21.354+0000] {logging_mixin.py:188} INFO - Downloaded AMZN/1771329022.json
[2026-02-17T12:36:21.382+0000] {logging_mixin.py:188} INFO - Downloaded AMZN/1771329033.json
[2026-02-17T12:36:21.420+0000] {logging_mixin.py:188} INFO - Downloaded AMZN/1771329044.json
[2026-02-17T12:36:21.446+0000] {logging_mixin.py:188} INFO - Downloaded AMZN/1771329086.json
[2026-02-17T12:36:21.477+0000] {logging_mixin.py:188} INFO - Downloaded AMZN/1771329097.json
[2026-02-17T12:36:21.528+0000] {logging_mixin.py:188} INFO - Downloaded AMZN/1771329108.json
[2026-02-17T12:36:21.566+0000] {logging_mixin.py:188} INFO - Downloaded AMZN/1771329134.json
[2026-02-17T12:36:21.592+0000] {logging_mixin.py:188} INFO - Downloaded AMZN/1771329146.json
[2026-02-17T12:36:21.636+0000] {logging_mixin.py:188} INFO - Downloaded AMZN/1771329157.json
[2026-02-17T12:36:21.697+0000] {logging_mixin.py:188} INFO - Downloaded AMZN/1771329169.json
[2026-02-17T12:36:21.759+0000] {logging_mixin.py:188} INFO - Downloaded AMZN/1771329180.json
[2026-02-17T12:36:21.795+0000] {logging_mixin.py:188} INFO - Downloaded AMZN/1771329191.json
[2026-02-17T12:36:21.830+0000] {logging_mixin.py:188} INFO - Downloaded AMZN/1771329203.json
[2026-02-17T12:36:21.873+0000] {logging_mixin.py:188} INFO - Downloaded AMZN/1771329214.json
[2026-02-17T12:36:21.914+0000] {logging_mixin.py:188} INFO - Downloaded AMZN/1771329224.json
[2026-02-17T12:36:21.959+0000] {logging_mixin.py:188} INFO - Downloaded AMZN/1771329234.json
[2026-02-17T12:36:21.991+0000] {logging_mixin.py:188} INFO - Downloaded AMZN/1771329245.json
[2026-02-17T12:36:22.018+0000] {logging_mixin.py:188} INFO - Downloaded AMZN/1771329255.json
[2026-02-17T12:36:22.045+0000] {logging_mixin.py:188} INFO - Downloaded AMZN/1771329266.json
[2026-02-17T12:36:22.080+0000] {logging_mixin.py:188} INFO - Downloaded AMZN/1771329276.json
[2026-02-17T12:36:22.112+0000] {logging_mixin.py:188} INFO - Downloaded AMZN/1771329286.json
[2026-02-17T12:36:22.134+0000] {logging_mixin.py:188} INFO - Downloaded AMZN/1771329296.json
[2026-02-17T12:36:22.160+0000] {logging_mixin.py:188} INFO - Downloaded AMZN/1771329306.json
[2026-02-17T12:36:22.187+0000] {logging_mixin.py:188} INFO - Downloaded AMZN/1771329317.json
[2026-02-17T12:36:22.215+0000] {logging_mixin.py:188} INFO - Downloaded AMZN/1771329327.json
[2026-02-17T12:36:22.240+0000] {logging_mixin.py:188} INFO - Downloaded AMZN/1771329337.json
[2026-02-17T12:36:22.278+0000] {logging_mixin.py:188} INFO - Downloaded AMZN/1771329348.json
[2026-02-17T12:36:22.312+0000] {logging_mixin.py:188} INFO - Downloaded AMZN/1771329358.json
[2026-02-17T12:36:22.340+0000] {logging_mixin.py:188} INFO - Downloaded AMZN/1771329368.json
[2026-02-17T12:36:22.368+0000] {logging_mixin.py:188} INFO - Downloaded AMZN/1771329379.json
[2026-02-17T12:36:22.403+0000] {logging_mixin.py:188} INFO - Downloaded AMZN/1771329389.json
[2026-02-17T12:36:22.434+0000] {logging_mixin.py:188} INFO - Downloaded AMZN/1771329399.json
[2026-02-17T12:36:22.460+0000] {logging_mixin.py:188} INFO - Downloaded AMZN/1771329409.json
[2026-02-17T12:36:22.492+0000] {logging_mixin.py:188} INFO - Downloaded AMZN/1771329419.json
[2026-02-17T12:36:22.522+0000] {logging_mixin.py:188} INFO - Downloaded AMZN/1771329429.json
[2026-02-17T12:36:22.548+0000] {logging_mixin.py:188} INFO - Downloaded AMZN/1771329439.json
[2026-02-17T12:36:22.578+0000] {logging_mixin.py:188} INFO - Downloaded AMZN/1771329449.json
[2026-02-17T12:36:22.614+0000] {logging_mixin.py:188} INFO - Downloaded AMZN/1771329460.json
[2026-02-17T12:36:22.651+0000] {logging_mixin.py:188} INFO - Downloaded AMZN/1771329470.json
[2026-02-17T12:36:22.686+0000] {logging_mixin.py:188} INFO - Downloaded AMZN/1771329480.json
[2026-02-17T12:36:22.718+0000] {logging_mixin.py:188} INFO - Downloaded AMZN/1771329490.json
[2026-02-17T12:36:22.751+0000] {logging_mixin.py:188} INFO - Downloaded AMZN/1771329502.json
[2026-02-17T12:36:22.779+0000] {logging_mixin.py:188} INFO - Downloaded AMZN/1771329512.json
[2026-02-17T12:36:22.809+0000] {logging_mixin.py:188} INFO - Downloaded AMZN/1771329524.json
[2026-02-17T12:36:22.839+0000] {logging_mixin.py:188} INFO - Downloaded AMZN/1771329540.json
[2026-02-17T12:36:22.869+0000] {logging_mixin.py:188} INFO - Downloaded AMZN/1771329551.json
[2026-02-17T12:36:22.898+0000] {logging_mixin.py:188} INFO - Downloaded AMZN/1771329561.json
[2026-02-17T12:36:22.929+0000] {logging_mixin.py:188} INFO - Downloaded AMZN/1771329571.json
[2026-02-17T12:36:22.959+0000] {logging_mixin.py:188} INFO - Downloaded AMZN/1771329581.json
[2026-02-17T12:36:22.984+0000] {logging_mixin.py:188} INFO - Downloaded AMZN/1771329591.json
[2026-02-17T12:36:23.019+0000] {logging_mixin.py:188} INFO - Downloaded AMZN/1771329602.json
[2026-02-17T12:36:23.062+0000] {logging_mixin.py:188} INFO - Downloaded AMZN/1771329614.json
[2026-02-17T12:36:23.118+0000] {logging_mixin.py:188} INFO - Downloaded AMZN/1771329624.json
[2026-02-17T12:36:23.179+0000] {logging_mixin.py:188} INFO - Downloaded AMZN/1771329637.json
[2026-02-17T12:36:23.216+0000] {logging_mixin.py:188} INFO - Downloaded AMZN/1771329682.json
[2026-02-17T12:36:23.257+0000] {logging_mixin.py:188} INFO - Downloaded AMZN/1771329700.json
[2026-02-17T12:36:23.323+0000] {logging_mixin.py:188} INFO - Downloaded AMZN/1771329711.json
[2026-02-17T12:36:23.354+0000] {logging_mixin.py:188} INFO - Downloaded AMZN/1771329721.json
[2026-02-17T12:36:23.381+0000] {logging_mixin.py:188} INFO - Downloaded AMZN/1771329732.json
[2026-02-17T12:36:23.409+0000] {logging_mixin.py:188} INFO - Downloaded AMZN/1771329742.json
[2026-02-17T12:36:23.446+0000] {logging_mixin.py:188} INFO - Downloaded AMZN/1771329753.json
[2026-02-17T12:36:23.477+0000] {logging_mixin.py:188} INFO - Downloaded AMZN/1771329765.json
[2026-02-17T12:36:23.504+0000] {logging_mixin.py:188} INFO - Downloaded AMZN/1771329776.json
[2026-02-17T12:36:23.531+0000] {logging_mixin.py:188} INFO - Downloaded AMZN/1771329787.json
[2026-02-17T12:36:23.555+0000] {logging_mixin.py:188} INFO - Downloaded AMZN/1771329799.json
[2026-02-17T12:36:27.306+0000] {logging_mixin.py:188} INFO - Downloaded AMZN/1771329810.json
[2026-02-17T12:36:27.340+0000] {logging_mixin.py:188} INFO - Downloaded AMZN/1771329821.json
[2026-02-17T12:36:27.387+0000] {logging_mixin.py:188} INFO - Downloaded AMZN/1771329832.json
[2026-02-17T12:36:27.427+0000] {logging_mixin.py:188} INFO - Downloaded AMZN/1771329843.json
[2026-02-17T12:36:27.469+0000] {logging_mixin.py:188} INFO - Downloaded AMZN/1771329880.json
[2026-02-17T12:36:27.511+0000] {logging_mixin.py:188} INFO - Downloaded AMZN/1771329891.json
[2026-02-17T12:36:27.547+0000] {logging_mixin.py:188} INFO - Downloaded AMZN/1771329901.json
[2026-02-17T12:36:27.603+0000] {logging_mixin.py:188} INFO - Downloaded AMZN/1771329911.json
[2026-02-17T12:36:27.658+0000] {logging_mixin.py:188} INFO - Downloaded AMZN/1771329922.json
[2026-02-17T12:36:27.712+0000] {logging_mixin.py:188} INFO - Downloaded AMZN/1771329932.json
[2026-02-17T12:36:27.770+0000] {logging_mixin.py:188} INFO - Downloaded AMZN/1771329943.json
[2026-02-17T12:36:27.822+0000] {logging_mixin.py:188} INFO - Downloaded AMZN/1771329953.json
[2026-02-17T12:36:27.853+0000] {logging_mixin.py:188} INFO - Downloaded AMZN/1771329964.json
[2026-02-17T12:36:27.890+0000] {logging_mixin.py:188} INFO - Downloaded AMZN/1771329975.json
[2026-02-17T12:36:27.935+0000] {logging_mixin.py:188} INFO - Downloaded AMZN/1771329987.json
[2026-02-17T12:36:27.968+0000] {logging_mixin.py:188} INFO - Downloaded AMZN/1771329997.json
[2026-02-17T12:36:28.014+0000] {logging_mixin.py:188} INFO - Downloaded AMZN/1771330009.json
[2026-02-17T12:36:28.076+0000] {logging_mixin.py:188} INFO - Downloaded AMZN/1771330027.json
[2026-02-17T12:36:28.102+0000] {logging_mixin.py:188} INFO - Downloaded AMZN/1771330039.json
[2026-02-17T12:36:28.128+0000] {logging_mixin.py:188} INFO - Downloaded AMZN/1771330050.json
[2026-02-17T12:36:28.151+0000] {logging_mixin.py:188} INFO - Downloaded AMZN/1771330082.json
[2026-02-17T12:36:28.176+0000] {logging_mixin.py:188} INFO - Downloaded AMZN/1771330094.json
[2026-02-17T12:36:28.201+0000] {logging_mixin.py:188} INFO - Downloaded AMZN/1771330105.json
[2026-02-17T12:36:28.227+0000] {logging_mixin.py:188} INFO - Downloaded AMZN/1771330116.json
[2026-02-17T12:36:28.255+0000] {logging_mixin.py:188} INFO - Downloaded AMZN/1771330127.json
[2026-02-17T12:36:28.285+0000] {logging_mixin.py:188} INFO - Downloaded AMZN/1771330139.json
[2026-02-17T12:36:28.311+0000] {logging_mixin.py:188} INFO - Downloaded AMZN/1771330149.json
[2026-02-17T12:36:28.342+0000] {logging_mixin.py:188} INFO - Downloaded AMZN/1771330160.json
[2026-02-17T12:36:28.368+0000] {logging_mixin.py:188} INFO - Downloaded AMZN/1771330170.json
[2026-02-17T12:36:28.403+0000] {logging_mixin.py:188} INFO - Downloaded AMZN/1771330181.json
[2026-02-17T12:36:28.437+0000] {logging_mixin.py:188} INFO - Downloaded AMZN/1771330191.json
[2026-02-17T12:36:28.467+0000] {logging_mixin.py:188} INFO - Downloaded AMZN/1771330203.json
[2026-02-17T12:36:28.497+0000] {logging_mixin.py:188} INFO - Downloaded AMZN/1771330214.json
[2026-02-17T12:36:28.539+0000] {logging_mixin.py:188} INFO - Downloaded AMZN/1771330226.json
[2026-02-17T12:36:28.592+0000] {logging_mixin.py:188} INFO - Downloaded AMZN/1771330237.json
[2026-02-17T12:36:28.677+0000] {logging_mixin.py:188} INFO - Downloaded AMZN/1771330248.json
[2026-02-17T12:36:28.755+0000] {logging_mixin.py:188} INFO - Downloaded AMZN/1771330258.json
[2026-02-17T12:36:28.819+0000] {logging_mixin.py:188} INFO - Downloaded AMZN/1771330269.json
[2026-02-17T12:36:28.879+0000] {logging_mixin.py:188} INFO - Downloaded AMZN/1771330279.json
[2026-02-17T12:36:28.928+0000] {logging_mixin.py:188} INFO - Downloaded AMZN/1771330290.json
[2026-02-17T12:36:28.970+0000] {logging_mixin.py:188} INFO - Downloaded AMZN/1771330300.json
[2026-02-17T12:36:29.008+0000] {logging_mixin.py:188} INFO - Downloaded AMZN/1771330312.json
[2026-02-17T12:36:29.045+0000] {logging_mixin.py:188} INFO - Downloaded AMZN/1771330323.json
[2026-02-17T12:36:29.087+0000] {logging_mixin.py:188} INFO - Downloaded AMZN/1771330334.json
[2026-02-17T12:36:29.154+0000] {logging_mixin.py:188} INFO - Downloaded AMZN/1771330344.json
[2026-02-17T12:36:29.194+0000] {logging_mixin.py:188} INFO - Downloaded AMZN/1771330355.json
[2026-02-17T12:36:29.239+0000] {logging_mixin.py:188} INFO - Downloaded AMZN/1771330366.json
[2026-02-17T12:36:29.261+0000] {logging_mixin.py:188} INFO - Downloaded AMZN/1771330376.json
[2026-02-17T12:36:29.295+0000] {logging_mixin.py:188} INFO - Downloaded AMZN/1771330387.json
[2026-02-17T12:36:29.316+0000] {logging_mixin.py:188} INFO - Downloaded AMZN/1771330398.json
[2026-02-17T12:36:29.338+0000] {logging_mixin.py:188} INFO - Downloaded AMZN/1771330409.json
[2026-02-17T12:36:29.370+0000] {logging_mixin.py:188} INFO - Downloaded AMZN/1771330421.json
[2026-02-17T12:36:29.396+0000] {logging_mixin.py:188} INFO - Downloaded AMZN/1771330432.json
[2026-02-17T12:36:29.421+0000] {logging_mixin.py:188} INFO - Downloaded AMZN/1771330443.json
[2026-02-17T12:36:29.452+0000] {logging_mixin.py:188} INFO - Downloaded AMZN/1771330453.json
[2026-02-17T12:36:29.478+0000] {logging_mixin.py:188} INFO - Downloaded AMZN/1771330464.json
[2026-02-17T12:36:29.505+0000] {logging_mixin.py:188} INFO - Downloaded AMZN/1771330475.json
[2026-02-17T12:36:29.547+0000] {logging_mixin.py:188} INFO - Downloaded AMZN/1771330485.json
[2026-02-17T12:36:29.591+0000] {logging_mixin.py:188} INFO - Downloaded AMZN/1771330495.json
[2026-02-17T12:36:29.638+0000] {logging_mixin.py:188} INFO - Downloaded AMZN/1771330506.json
[2026-02-17T12:36:29.711+0000] {logging_mixin.py:188} INFO - Downloaded AMZN/1771330516.json
[2026-02-17T12:36:29.750+0000] {logging_mixin.py:188} INFO - Downloaded AMZN/1771330527.json
[2026-02-17T12:36:29.784+0000] {logging_mixin.py:188} INFO - Downloaded AMZN/1771330540.json
[2026-02-17T12:36:29.819+0000] {logging_mixin.py:188} INFO - Downloaded AMZN/1771330550.json
[2026-02-17T12:36:29.862+0000] {logging_mixin.py:188} INFO - Downloaded AMZN/1771330566.json
[2026-02-17T12:36:29.921+0000] {logging_mixin.py:188} INFO - Downloaded AMZN/1771330578.json
[2026-02-17T12:36:29.954+0000] {logging_mixin.py:188} INFO - Downloaded AMZN/1771330590.json
[2026-02-17T12:36:30.003+0000] {logging_mixin.py:188} INFO - Downloaded AMZN/1771330602.json
[2026-02-17T12:36:30.068+0000] {logging_mixin.py:188} INFO - Downloaded AMZN/1771330612.json
[2026-02-17T12:36:30.093+0000] {logging_mixin.py:188} INFO - Downloaded AMZN/1771330623.json
[2026-02-17T12:36:30.125+0000] {logging_mixin.py:188} INFO - Downloaded AMZN/1771330634.json
[2026-02-17T12:36:30.152+0000] {logging_mixin.py:188} INFO - Downloaded AMZN/1771330645.json
[2026-02-17T12:36:30.187+0000] {logging_mixin.py:188} INFO - Downloaded AMZN/1771330656.json
[2026-02-17T12:36:30.232+0000] {logging_mixin.py:188} INFO - Downloaded AMZN/1771330667.json
[2026-02-17T12:36:30.270+0000] {logging_mixin.py:188} INFO - Downloaded AMZN/1771330681.json
[2026-02-17T12:36:30.292+0000] {logging_mixin.py:188} INFO - Downloaded AMZN/1771330691.json
[2026-02-17T12:36:30.315+0000] {logging_mixin.py:188} INFO - Downloaded AMZN/1771330702.json
[2026-02-17T12:36:30.343+0000] {logging_mixin.py:188} INFO - Downloaded AMZN/1771330712.json
[2026-02-17T12:36:30.366+0000] {logging_mixin.py:188} INFO - Downloaded AMZN/1771330726.json
[2026-02-17T12:36:30.396+0000] {logging_mixin.py:188} INFO - Downloaded AMZN/1771330737.json
[2026-02-17T12:36:30.422+0000] {logging_mixin.py:188} INFO - Downloaded AMZN/1771330747.json
[2026-02-17T12:36:30.453+0000] {logging_mixin.py:188} INFO - Downloaded AMZN/1771330757.json
[2026-02-17T12:36:30.473+0000] {logging_mixin.py:188} INFO - Downloaded AMZN/1771330768.json
[2026-02-17T12:36:30.497+0000] {logging_mixin.py:188} INFO - Downloaded AMZN/1771330778.json
[2026-02-17T12:36:30.522+0000] {logging_mixin.py:188} INFO - Downloaded AMZN/1771330788.json
[2026-02-17T12:36:30.543+0000] {logging_mixin.py:188} INFO - Downloaded AMZN/1771330799.json
[2026-02-17T12:36:30.564+0000] {logging_mixin.py:188} INFO - Downloaded AMZN/1771330809.json
[2026-02-17T12:36:30.593+0000] {logging_mixin.py:188} INFO - Downloaded AMZN/1771330820.json
[2026-02-17T12:36:30.624+0000] {logging_mixin.py:188} INFO - Downloaded AMZN/1771330831.json
[2026-02-17T12:36:30.654+0000] {logging_mixin.py:188} INFO - Downloaded AMZN/1771330847.json
[2026-02-17T12:36:30.679+0000] {logging_mixin.py:188} INFO - Downloaded AMZN/1771330861.json
[2026-02-17T12:36:30.703+0000] {logging_mixin.py:188} INFO - Downloaded AMZN/1771330874.json
[2026-02-17T12:36:30.727+0000] {logging_mixin.py:188} INFO - Downloaded AMZN/1771330889.json
[2026-02-17T12:36:30.750+0000] {logging_mixin.py:188} INFO - Downloaded AMZN/1771330900.json
[2026-02-17T12:36:30.777+0000] {logging_mixin.py:188} INFO - Downloaded AMZN/1771330911.json
[2026-02-17T12:36:30.805+0000] {logging_mixin.py:188} INFO - Downloaded AMZN/1771330921.json
[2026-02-17T12:36:30.835+0000] {logging_mixin.py:188} INFO - Downloaded AMZN/1771330931.json
[2026-02-17T12:36:30.866+0000] {logging_mixin.py:188} INFO - Downloaded AMZN/1771330941.json
[2026-02-17T12:36:30.889+0000] {logging_mixin.py:188} INFO - Downloaded AMZN/1771330952.json
[2026-02-17T12:36:30.911+0000] {logging_mixin.py:188} INFO - Downloaded AMZN/1771330963.json
[2026-02-17T12:36:30.931+0000] {logging_mixin.py:188} INFO - Downloaded AMZN/1771330977.json
[2026-02-17T12:36:30.955+0000] {logging_mixin.py:188} INFO - Downloaded AMZN/1771330988.json
[2026-02-17T12:36:30.980+0000] {logging_mixin.py:188} INFO - Downloaded AMZN/1771330998.json
[2026-02-17T12:36:31.005+0000] {logging_mixin.py:188} INFO - Downloaded AMZN/1771331009.json
[2026-02-17T12:36:31.035+0000] {logging_mixin.py:188} INFO - Downloaded AMZN/1771331019.json
[2026-02-17T12:36:31.065+0000] {logging_mixin.py:188} INFO - Downloaded AMZN/1771331029.json
[2026-02-17T12:36:31.091+0000] {logging_mixin.py:188} INFO - Downloaded AMZN/1771331039.json
[2026-02-17T12:36:31.116+0000] {logging_mixin.py:188} INFO - Downloaded AMZN/1771331050.json
[2026-02-17T12:36:31.142+0000] {logging_mixin.py:188} INFO - Downloaded AMZN/1771331061.json
[2026-02-17T12:36:31.174+0000] {logging_mixin.py:188} INFO - Downloaded AMZN/1771331072.json
[2026-02-17T12:36:31.205+0000] {logging_mixin.py:188} INFO - Downloaded AMZN/1771331083.json
[2026-02-17T12:36:31.231+0000] {logging_mixin.py:188} INFO - Downloaded AMZN/1771331093.json
[2026-02-17T12:36:31.286+0000] {logging_mixin.py:188} INFO - Downloaded AMZN/1771331103.json
[2026-02-17T12:36:31.363+0000] {logging_mixin.py:188} INFO - Downloaded AMZN/1771331114.json
[2026-02-17T12:36:31.422+0000] {logging_mixin.py:188} INFO - Downloaded AMZN/1771331124.json
[2026-02-17T12:36:31.448+0000] {logging_mixin.py:188} INFO - Downloaded AMZN/1771331135.json
[2026-02-17T12:36:31.490+0000] {logging_mixin.py:188} INFO - Downloaded AMZN/1771331145.json
[2026-02-17T12:36:31.522+0000] {logging_mixin.py:188} INFO - Downloaded AMZN/1771331155.json
[2026-02-17T12:36:31.547+0000] {logging_mixin.py:188} INFO - Downloaded AMZN/1771331166.json
[2026-02-17T12:36:31.575+0000] {logging_mixin.py:188} INFO - Downloaded AMZN/1771331177.json
[2026-02-17T12:36:31.615+0000] {logging_mixin.py:188} INFO - Downloaded AMZN/1771331187.json
[2026-02-17T12:36:31.644+0000] {logging_mixin.py:188} INFO - Downloaded AMZN/1771331198.json
[2026-02-17T12:36:31.682+0000] {logging_mixin.py:188} INFO - Downloaded AMZN/1771331208.json
[2026-02-17T12:36:31.718+0000] {logging_mixin.py:188} INFO - Downloaded AMZN/1771331219.json
[2026-02-17T12:36:31.745+0000] {logging_mixin.py:188} INFO - Downloaded AMZN/1771331230.json
[2026-02-17T12:36:31.772+0000] {logging_mixin.py:188} INFO - Downloaded AMZN/1771331243.json
[2026-02-17T12:36:31.797+0000] {logging_mixin.py:188} INFO - Downloaded AMZN/1771331254.json
[2026-02-17T12:36:31.820+0000] {logging_mixin.py:188} INFO - Downloaded AMZN/1771331266.json
[2026-02-17T12:36:31.846+0000] {logging_mixin.py:188} INFO - Downloaded AMZN/1771331277.json
[2026-02-17T12:36:31.884+0000] {logging_mixin.py:188} INFO - Downloaded AMZN/1771331288.json
[2026-02-17T12:36:31.933+0000] {logging_mixin.py:188} INFO - Downloaded AMZN/1771331298.json
[2026-02-17T12:36:31.972+0000] {logging_mixin.py:188} INFO - Downloaded AMZN/1771331308.json
[2026-02-17T12:36:32.025+0000] {logging_mixin.py:188} INFO - Downloaded AMZN/1771331319.json
[2026-02-17T12:36:32.054+0000] {logging_mixin.py:188} INFO - Downloaded AMZN/1771331329.json
[2026-02-17T12:36:32.082+0000] {logging_mixin.py:188} INFO - Downloaded AMZN/1771331339.json
[2026-02-17T12:36:32.104+0000] {logging_mixin.py:188} INFO - Downloaded AMZN/1771331349.json
[2026-02-17T12:36:32.130+0000] {logging_mixin.py:188} INFO - Downloaded AMZN/1771331360.json
[2026-02-17T12:36:32.156+0000] {logging_mixin.py:188} INFO - Downloaded AMZN/1771331371.json
[2026-02-17T12:36:32.190+0000] {logging_mixin.py:188} INFO - Downloaded AMZN/1771331381.json
[2026-02-17T12:36:32.216+0000] {logging_mixin.py:188} INFO - Downloaded AMZN/1771331390.json
[2026-02-17T12:36:32.246+0000] {logging_mixin.py:188} INFO - Downloaded AMZN/1771331401.json
[2026-02-17T12:36:32.272+0000] {logging_mixin.py:188} INFO - Downloaded AMZN/1771331411.json
[2026-02-17T12:36:32.312+0000] {logging_mixin.py:188} INFO - Downloaded AMZN/1771331421.json
[2026-02-17T12:36:32.343+0000] {logging_mixin.py:188} INFO - Downloaded AMZN/1771331432.json
[2026-02-17T12:36:32.382+0000] {logging_mixin.py:188} INFO - Downloaded AMZN/1771331442.json
[2026-02-17T12:36:32.414+0000] {logging_mixin.py:188} INFO - Downloaded AMZN/1771331453.json
[2026-02-17T12:36:32.447+0000] {logging_mixin.py:188} INFO - Downloaded AMZN/1771331495.json
[2026-02-17T12:36:32.472+0000] {logging_mixin.py:188} INFO - Downloaded AMZN/1771331505.json
[2026-02-17T12:36:32.506+0000] {logging_mixin.py:188} INFO - Downloaded AMZN/1771331516.json
[2026-02-17T12:36:32.530+0000] {logging_mixin.py:188} INFO - Downloaded AMZN/1771331529.json
[2026-02-17T12:36:32.554+0000] {logging_mixin.py:188} INFO - Downloaded AMZN/1771331541.json
[2026-02-17T12:36:32.587+0000] {logging_mixin.py:188} INFO - Downloaded AMZN/1771331553.json
[2026-02-17T12:36:32.630+0000] {logging_mixin.py:188} INFO - Downloaded AMZN/1771331563.json
[2026-02-17T12:36:32.663+0000] {logging_mixin.py:188} INFO - Downloaded AMZN/1771331573.json
[2026-02-17T12:36:32.694+0000] {logging_mixin.py:188} INFO - Downloaded AMZN/1771331584.json
[2026-02-17T12:36:32.743+0000] {logging_mixin.py:188} INFO - Downloaded AMZN/1771331596.json
[2026-02-17T12:36:32.790+0000] {logging_mixin.py:188} INFO - Downloaded AMZN/1771331606.json
[2026-02-17T12:36:32.831+0000] {logging_mixin.py:188} INFO - Downloaded AMZN/1771331618.json
[2026-02-17T12:36:32.861+0000] {logging_mixin.py:188} INFO - Downloaded AMZN/1771331629.json
[2026-02-17T12:36:32.890+0000] {logging_mixin.py:188} INFO - Downloaded AMZN/1771331642.json
[2026-02-17T12:36:32.922+0000] {logging_mixin.py:188} INFO - Downloaded AMZN/1771331652.json
[2026-02-17T12:36:32.958+0000] {logging_mixin.py:188} INFO - Downloaded AMZN/1771331662.json
[2026-02-17T12:36:32.991+0000] {logging_mixin.py:188} INFO - Downloaded AMZN/1771331672.json
[2026-02-17T12:36:33.026+0000] {logging_mixin.py:188} INFO - Downloaded AMZN/1771331682.json
[2026-02-17T12:36:33.054+0000] {logging_mixin.py:188} INFO - Downloaded AMZN/1771331692.json
[2026-02-17T12:36:33.097+0000] {logging_mixin.py:188} INFO - Downloaded AMZN/1771331703.json
[2026-02-17T12:36:33.133+0000] {logging_mixin.py:188} INFO - Downloaded AMZN/1771331713.json
[2026-02-17T12:36:33.167+0000] {logging_mixin.py:188} INFO - Downloaded AMZN/1771331724.json
[2026-02-17T12:36:33.191+0000] {logging_mixin.py:188} INFO - Downloaded AMZN/1771331735.json
[2026-02-17T12:36:33.218+0000] {logging_mixin.py:188} INFO - Downloaded AMZN/1771331746.json
[2026-02-17T12:36:33.242+0000] {logging_mixin.py:188} INFO - Downloaded AMZN/1771331756.json
[2026-02-17T12:36:33.276+0000] {logging_mixin.py:188} INFO - Downloaded AMZN/1771331767.json
[2026-02-17T12:36:33.304+0000] {logging_mixin.py:188} INFO - Downloaded AMZN/1771331778.json
[2026-02-17T12:36:33.332+0000] {logging_mixin.py:188} INFO - Downloaded GOOGL/1771324934.json
[2026-02-17T12:36:33.360+0000] {logging_mixin.py:188} INFO - Downloaded GOOGL/1771324945.json
[2026-02-17T12:36:33.390+0000] {logging_mixin.py:188} INFO - Downloaded GOOGL/1771324955.json
[2026-02-17T12:36:33.422+0000] {logging_mixin.py:188} INFO - Downloaded GOOGL/1771324965.json
[2026-02-17T12:36:33.462+0000] {logging_mixin.py:188} INFO - Downloaded GOOGL/1771324976.json
[2026-02-17T12:36:33.492+0000] {logging_mixin.py:188} INFO - Downloaded GOOGL/1771324987.json
[2026-02-17T12:36:33.521+0000] {logging_mixin.py:188} INFO - Downloaded GOOGL/1771324998.json
[2026-02-17T12:36:33.553+0000] {logging_mixin.py:188} INFO - Downloaded GOOGL/1771325008.json
[2026-02-17T12:36:33.580+0000] {logging_mixin.py:188} INFO - Downloaded GOOGL/1771325019.json
[2026-02-17T12:36:33.602+0000] {logging_mixin.py:188} INFO - Downloaded GOOGL/1771325030.json
[2026-02-17T12:36:33.638+0000] {logging_mixin.py:188} INFO - Downloaded GOOGL/1771325040.json
[2026-02-17T12:36:33.666+0000] {logging_mixin.py:188} INFO - Downloaded GOOGL/1771325050.json
[2026-02-17T12:36:33.694+0000] {logging_mixin.py:188} INFO - Downloaded GOOGL/1771325061.json
[2026-02-17T12:36:33.718+0000] {logging_mixin.py:188} INFO - Downloaded GOOGL/1771325071.json
[2026-02-17T12:36:33.744+0000] {logging_mixin.py:188} INFO - Downloaded GOOGL/1771325081.json
[2026-02-17T12:36:33.767+0000] {logging_mixin.py:188} INFO - Downloaded GOOGL/1771325092.json
[2026-02-17T12:36:33.792+0000] {logging_mixin.py:188} INFO - Downloaded GOOGL/1771325103.json
[2026-02-17T12:36:33.812+0000] {logging_mixin.py:188} INFO - Downloaded GOOGL/1771325113.json
[2026-02-17T12:36:33.835+0000] {logging_mixin.py:188} INFO - Downloaded GOOGL/1771325123.json
[2026-02-17T12:36:33.867+0000] {logging_mixin.py:188} INFO - Downloaded GOOGL/1771325134.json
[2026-02-17T12:36:33.900+0000] {logging_mixin.py:188} INFO - Downloaded GOOGL/1771325144.json
[2026-02-17T12:36:33.930+0000] {logging_mixin.py:188} INFO - Downloaded GOOGL/1771325155.json
[2026-02-17T12:36:33.956+0000] {logging_mixin.py:188} INFO - Downloaded GOOGL/1771325165.json
[2026-02-17T12:36:33.984+0000] {logging_mixin.py:188} INFO - Downloaded GOOGL/1771325176.json
[2026-02-17T12:36:34.024+0000] {logging_mixin.py:188} INFO - Downloaded GOOGL/1771325186.json
[2026-02-17T12:36:34.080+0000] {logging_mixin.py:188} INFO - Downloaded GOOGL/1771325196.json
[2026-02-17T12:36:34.114+0000] {logging_mixin.py:188} INFO - Downloaded GOOGL/1771325207.json
[2026-02-17T12:36:34.143+0000] {logging_mixin.py:188} INFO - Downloaded GOOGL/1771325217.json
[2026-02-17T12:36:34.168+0000] {logging_mixin.py:188} INFO - Downloaded GOOGL/1771325227.json
[2026-02-17T12:36:34.196+0000] {logging_mixin.py:188} INFO - Downloaded GOOGL/1771325238.json
[2026-02-17T12:36:34.218+0000] {logging_mixin.py:188} INFO - Downloaded GOOGL/1771325249.json
[2026-02-17T12:36:34.246+0000] {logging_mixin.py:188} INFO - Downloaded GOOGL/1771325260.json
[2026-02-17T12:36:34.269+0000] {logging_mixin.py:188} INFO - Downloaded GOOGL/1771325271.json
[2026-02-17T12:36:34.292+0000] {logging_mixin.py:188} INFO - Downloaded GOOGL/1771325281.json
[2026-02-17T12:36:34.312+0000] {logging_mixin.py:188} INFO - Downloaded GOOGL/1771325291.json
[2026-02-17T12:36:34.334+0000] {logging_mixin.py:188} INFO - Downloaded GOOGL/1771325303.json
[2026-02-17T12:36:34.361+0000] {logging_mixin.py:188} INFO - Downloaded GOOGL/1771325336.json
[2026-02-17T12:36:34.382+0000] {logging_mixin.py:188} INFO - Downloaded GOOGL/1771325346.json
[2026-02-17T12:36:34.411+0000] {logging_mixin.py:188} INFO - Downloaded GOOGL/1771325356.json
[2026-02-17T12:36:34.450+0000] {logging_mixin.py:188} INFO - Downloaded GOOGL/1771325366.json
[2026-02-17T12:36:34.470+0000] {logging_mixin.py:188} INFO - Downloaded GOOGL/1771325377.json
[2026-02-17T12:36:34.493+0000] {logging_mixin.py:188} INFO - Downloaded GOOGL/1771325387.json
[2026-02-17T12:36:34.521+0000] {logging_mixin.py:188} INFO - Downloaded GOOGL/1771325399.json
[2026-02-17T12:36:34.543+0000] {logging_mixin.py:188} INFO - Downloaded GOOGL/1771325410.json
[2026-02-17T12:36:34.568+0000] {logging_mixin.py:188} INFO - Downloaded GOOGL/1771325421.json
[2026-02-17T12:36:34.593+0000] {logging_mixin.py:188} INFO - Downloaded GOOGL/1771325433.json
[2026-02-17T12:36:34.626+0000] {logging_mixin.py:188} INFO - Downloaded GOOGL/1771325445.json
[2026-02-17T12:36:34.656+0000] {logging_mixin.py:188} INFO - Downloaded GOOGL/1771325455.json
[2026-02-17T12:36:34.689+0000] {logging_mixin.py:188} INFO - Downloaded GOOGL/1771325466.json
[2026-02-17T12:36:34.717+0000] {logging_mixin.py:188} INFO - Downloaded GOOGL/1771325476.json
[2026-02-17T12:36:34.758+0000] {logging_mixin.py:188} INFO - Downloaded GOOGL/1771325487.json
[2026-02-17T12:36:34.800+0000] {logging_mixin.py:188} INFO - Downloaded GOOGL/1771325498.json
[2026-02-17T12:36:34.827+0000] {logging_mixin.py:188} INFO - Downloaded GOOGL/1771325509.json
[2026-02-17T12:36:34.851+0000] {logging_mixin.py:188} INFO - Downloaded GOOGL/1771325519.json
[2026-02-17T12:36:34.875+0000] {logging_mixin.py:188} INFO - Downloaded GOOGL/1771325530.json
[2026-02-17T12:36:34.900+0000] {logging_mixin.py:188} INFO - Downloaded GOOGL/1771325540.json
[2026-02-17T12:36:34.933+0000] {logging_mixin.py:188} INFO - Downloaded GOOGL/1771325551.json
[2026-02-17T12:36:34.970+0000] {logging_mixin.py:188} INFO - Downloaded GOOGL/1771325561.json
[2026-02-17T12:36:35.006+0000] {logging_mixin.py:188} INFO - Downloaded GOOGL/1771325571.json
[2026-02-17T12:36:35.047+0000] {logging_mixin.py:188} INFO - Downloaded GOOGL/1771325581.json
[2026-02-17T12:36:35.080+0000] {logging_mixin.py:188} INFO - Downloaded GOOGL/1771325591.json
[2026-02-17T12:36:35.106+0000] {logging_mixin.py:188} INFO - Downloaded GOOGL/1771325603.json
[2026-02-17T12:36:35.153+0000] {logging_mixin.py:188} INFO - Downloaded GOOGL/1771325614.json
[2026-02-17T12:36:35.213+0000] {logging_mixin.py:188} INFO - Downloaded GOOGL/1771325624.json
[2026-02-17T12:36:35.258+0000] {logging_mixin.py:188} INFO - Downloaded GOOGL/1771325636.json
[2026-02-17T12:36:35.333+0000] {logging_mixin.py:188} INFO - Downloaded GOOGL/1771325646.json
[2026-02-17T12:36:35.384+0000] {logging_mixin.py:188} INFO - Downloaded GOOGL/1771325657.json
[2026-02-17T12:36:35.430+0000] {logging_mixin.py:188} INFO - Downloaded GOOGL/1771325667.json
[2026-02-17T12:36:35.469+0000] {logging_mixin.py:188} INFO - Downloaded GOOGL/1771325677.json
[2026-02-17T12:36:35.504+0000] {logging_mixin.py:188} INFO - Downloaded GOOGL/1771325688.json
[2026-02-17T12:36:35.556+0000] {logging_mixin.py:188} INFO - Downloaded GOOGL/1771325699.json
[2026-02-17T12:36:35.619+0000] {logging_mixin.py:188} INFO - Downloaded GOOGL/1771325709.json
[2026-02-17T12:36:35.664+0000] {logging_mixin.py:188} INFO - Downloaded GOOGL/1771325720.json
[2026-02-17T12:36:35.690+0000] {logging_mixin.py:188} INFO - Downloaded GOOGL/1771325730.json
[2026-02-17T12:36:35.730+0000] {logging_mixin.py:188} INFO - Downloaded GOOGL/1771325741.json
[2026-02-17T12:36:35.762+0000] {logging_mixin.py:188} INFO - Downloaded GOOGL/1771325752.json
[2026-02-17T12:36:35.789+0000] {logging_mixin.py:188} INFO - Downloaded GOOGL/1771325766.json
[2026-02-17T12:36:35.820+0000] {logging_mixin.py:188} INFO - Downloaded GOOGL/1771325778.json
[2026-02-17T12:36:35.852+0000] {logging_mixin.py:188} INFO - Downloaded GOOGL/1771325790.json
[2026-02-17T12:36:35.880+0000] {logging_mixin.py:188} INFO - Downloaded GOOGL/1771325801.json
[2026-02-17T12:36:35.908+0000] {logging_mixin.py:188} INFO - Downloaded GOOGL/1771325811.json
[2026-02-17T12:36:35.936+0000] {logging_mixin.py:188} INFO - Downloaded GOOGL/1771325822.json
[2026-02-17T12:36:35.969+0000] {logging_mixin.py:188} INFO - Downloaded GOOGL/1771325832.json
[2026-02-17T12:36:35.992+0000] {logging_mixin.py:188} INFO - Downloaded GOOGL/1771325842.json
[2026-02-17T12:36:36.020+0000] {logging_mixin.py:188} INFO - Downloaded GOOGL/1771325855.json
[2026-02-17T12:36:36.044+0000] {logging_mixin.py:188} INFO - Downloaded GOOGL/1771325865.json
[2026-02-17T12:36:36.067+0000] {logging_mixin.py:188} INFO - Downloaded GOOGL/1771325876.json
[2026-02-17T12:36:36.097+0000] {logging_mixin.py:188} INFO - Downloaded GOOGL/1771325888.json
[2026-02-17T12:36:36.119+0000] {logging_mixin.py:188} INFO - Downloaded GOOGL/1771325899.json
[2026-02-17T12:36:36.142+0000] {logging_mixin.py:188} INFO - Downloaded GOOGL/1771325912.json
[2026-02-17T12:36:36.165+0000] {logging_mixin.py:188} INFO - Downloaded GOOGL/1771325923.json
[2026-02-17T12:36:36.192+0000] {logging_mixin.py:188} INFO - Downloaded GOOGL/1771325934.json
[2026-02-17T12:36:36.215+0000] {logging_mixin.py:188} INFO - Downloaded GOOGL/1771325946.json
[2026-02-17T12:36:36.240+0000] {logging_mixin.py:188} INFO - Downloaded GOOGL/1771325959.json
[2026-02-17T12:36:36.271+0000] {logging_mixin.py:188} INFO - Downloaded GOOGL/1771325971.json
[2026-02-17T12:36:36.299+0000] {logging_mixin.py:188} INFO - Downloaded GOOGL/1771325982.json
[2026-02-17T12:36:36.322+0000] {logging_mixin.py:188} INFO - Downloaded GOOGL/1771325993.json
[2026-02-17T12:36:36.350+0000] {logging_mixin.py:188} INFO - Downloaded GOOGL/1771326003.json
[2026-02-17T12:36:36.391+0000] {logging_mixin.py:188} INFO - Downloaded GOOGL/1771326014.json
[2026-02-17T12:36:36.434+0000] {logging_mixin.py:188} INFO - Downloaded GOOGL/1771326025.json
[2026-02-17T12:36:36.458+0000] {logging_mixin.py:188} INFO - Downloaded GOOGL/1771326035.json
[2026-02-17T12:36:36.489+0000] {logging_mixin.py:188} INFO - Downloaded GOOGL/1771326045.json
[2026-02-17T12:36:36.523+0000] {logging_mixin.py:188} INFO - Downloaded GOOGL/1771326056.json
[2026-02-17T12:36:36.555+0000] {logging_mixin.py:188} INFO - Downloaded GOOGL/1771326066.json
[2026-02-17T12:36:36.591+0000] {logging_mixin.py:188} INFO - Downloaded GOOGL/1771326076.json
[2026-02-17T12:36:36.637+0000] {logging_mixin.py:188} INFO - Downloaded GOOGL/1771326086.json
[2026-02-17T12:36:36.704+0000] {logging_mixin.py:188} INFO - Downloaded GOOGL/1771326098.json
[2026-02-17T12:36:36.748+0000] {logging_mixin.py:188} INFO - Downloaded GOOGL/1771326111.json
[2026-02-17T12:36:36.781+0000] {logging_mixin.py:188} INFO - Downloaded GOOGL/1771326125.json
[2026-02-17T12:36:36.815+0000] {logging_mixin.py:188} INFO - Downloaded GOOGL/1771326137.json
[2026-02-17T12:36:36.849+0000] {logging_mixin.py:188} INFO - Downloaded GOOGL/1771326147.json
[2026-02-17T12:36:36.879+0000] {logging_mixin.py:188} INFO - Downloaded GOOGL/1771326159.json
[2026-02-17T12:36:36.905+0000] {logging_mixin.py:188} INFO - Downloaded GOOGL/1771326170.json
[2026-02-17T12:36:36.932+0000] {logging_mixin.py:188} INFO - Downloaded GOOGL/1771326181.json
[2026-02-17T12:36:36.958+0000] {logging_mixin.py:188} INFO - Downloaded GOOGL/1771326192.json
[2026-02-17T12:36:36.983+0000] {logging_mixin.py:188} INFO - Downloaded GOOGL/1771326202.json
[2026-02-17T12:36:37.010+0000] {logging_mixin.py:188} INFO - Downloaded GOOGL/1771326213.json
[2026-02-17T12:36:37.035+0000] {logging_mixin.py:188} INFO - Downloaded GOOGL/1771326223.json
[2026-02-17T12:36:37.059+0000] {logging_mixin.py:188} INFO - Downloaded GOOGL/1771326233.json
[2026-02-17T12:36:37.082+0000] {logging_mixin.py:188} INFO - Downloaded GOOGL/1771326243.json
[2026-02-17T12:36:37.109+0000] {logging_mixin.py:188} INFO - Downloaded GOOGL/1771326253.json
[2026-02-17T12:36:37.134+0000] {logging_mixin.py:188} INFO - Downloaded GOOGL/1771326263.json
[2026-02-17T12:36:37.160+0000] {logging_mixin.py:188} INFO - Downloaded GOOGL/1771326274.json
[2026-02-17T12:36:37.186+0000] {logging_mixin.py:188} INFO - Downloaded GOOGL/1771326284.json
[2026-02-17T12:36:37.214+0000] {logging_mixin.py:188} INFO - Downloaded GOOGL/1771326295.json
[2026-02-17T12:36:37.238+0000] {logging_mixin.py:188} INFO - Downloaded GOOGL/1771326311.json
[2026-02-17T12:36:37.262+0000] {logging_mixin.py:188} INFO - Downloaded GOOGL/1771326322.json
[2026-02-17T12:36:37.286+0000] {logging_mixin.py:188} INFO - Downloaded GOOGL/1771326333.json
[2026-02-17T12:36:37.316+0000] {logging_mixin.py:188} INFO - Downloaded GOOGL/1771326349.json
[2026-02-17T12:36:37.342+0000] {logging_mixin.py:188} INFO - Downloaded GOOGL/1771326360.json
[2026-02-17T12:36:37.370+0000] {logging_mixin.py:188} INFO - Downloaded GOOGL/1771326372.json
[2026-02-17T12:36:37.392+0000] {logging_mixin.py:188} INFO - Downloaded GOOGL/1771326382.json
[2026-02-17T12:36:37.416+0000] {logging_mixin.py:188} INFO - Downloaded GOOGL/1771326393.json
[2026-02-17T12:36:37.455+0000] {logging_mixin.py:188} INFO - Downloaded GOOGL/1771326403.json
[2026-02-17T12:36:37.482+0000] {logging_mixin.py:188} INFO - Downloaded GOOGL/1771326413.json
[2026-02-17T12:36:37.506+0000] {logging_mixin.py:188} INFO - Downloaded GOOGL/1771326424.json
[2026-02-17T12:36:37.532+0000] {logging_mixin.py:188} INFO - Downloaded GOOGL/1771326434.json
[2026-02-17T12:36:37.554+0000] {logging_mixin.py:188} INFO - Downloaded GOOGL/1771326444.json
[2026-02-17T12:36:37.574+0000] {logging_mixin.py:188} INFO - Downloaded GOOGL/1771326454.json
[2026-02-17T12:36:37.595+0000] {logging_mixin.py:188} INFO - Downloaded GOOGL/1771326465.json
[2026-02-17T12:36:37.629+0000] {logging_mixin.py:188} INFO - Downloaded GOOGL/1771326475.json
[2026-02-17T12:36:37.658+0000] {logging_mixin.py:188} INFO - Downloaded GOOGL/1771326485.json
[2026-02-17T12:36:37.682+0000] {logging_mixin.py:188} INFO - Downloaded GOOGL/1771326495.json
[2026-02-17T12:36:37.703+0000] {logging_mixin.py:188} INFO - Downloaded GOOGL/1771326506.json
[2026-02-17T12:36:37.725+0000] {logging_mixin.py:188} INFO - Downloaded GOOGL/1771326516.json
[2026-02-17T12:36:37.746+0000] {logging_mixin.py:188} INFO - Downloaded GOOGL/1771326526.json
[2026-02-17T12:36:37.780+0000] {logging_mixin.py:188} INFO - Downloaded GOOGL/1771326536.json
[2026-02-17T12:36:37.830+0000] {logging_mixin.py:188} INFO - Downloaded GOOGL/1771326547.json
[2026-02-17T12:36:37.857+0000] {logging_mixin.py:188} INFO - Downloaded GOOGL/1771326556.json
[2026-02-17T12:36:37.884+0000] {logging_mixin.py:188} INFO - Downloaded GOOGL/1771326567.json
[2026-02-17T12:36:37.919+0000] {logging_mixin.py:188} INFO - Downloaded GOOGL/1771326577.json
[2026-02-17T12:36:37.959+0000] {logging_mixin.py:188} INFO - Downloaded GOOGL/1771326587.json
[2026-02-17T12:36:37.988+0000] {logging_mixin.py:188} INFO - Downloaded GOOGL/1771326597.json
[2026-02-17T12:36:38.021+0000] {logging_mixin.py:188} INFO - Downloaded GOOGL/1771326607.json
[2026-02-17T12:36:38.051+0000] {logging_mixin.py:188} INFO - Downloaded GOOGL/1771326617.json
[2026-02-17T12:36:38.079+0000] {logging_mixin.py:188} INFO - Downloaded GOOGL/1771326627.json
[2026-02-17T12:36:38.104+0000] {logging_mixin.py:188} INFO - Downloaded GOOGL/1771326638.json
[2026-02-17T12:36:38.132+0000] {logging_mixin.py:188} INFO - Downloaded GOOGL/1771326647.json
[2026-02-17T12:36:38.154+0000] {logging_mixin.py:188} INFO - Downloaded GOOGL/1771326658.json
[2026-02-17T12:36:38.175+0000] {logging_mixin.py:188} INFO - Downloaded GOOGL/1771326668.json
[2026-02-17T12:36:38.198+0000] {logging_mixin.py:188} INFO - Downloaded GOOGL/1771326678.json
[2026-02-17T12:36:38.218+0000] {logging_mixin.py:188} INFO - Downloaded GOOGL/1771326689.json
[2026-02-17T12:36:38.240+0000] {logging_mixin.py:188} INFO - Downloaded GOOGL/1771326699.json
[2026-02-17T12:36:38.266+0000] {logging_mixin.py:188} INFO - Downloaded GOOGL/1771326709.json
[2026-02-17T12:36:38.288+0000] {logging_mixin.py:188} INFO - Downloaded GOOGL/1771326720.json
[2026-02-17T12:36:38.319+0000] {logging_mixin.py:188} INFO - Downloaded GOOGL/1771326730.json
[2026-02-17T12:36:38.359+0000] {logging_mixin.py:188} INFO - Downloaded GOOGL/1771326740.json
[2026-02-17T12:36:38.392+0000] {logging_mixin.py:188} INFO - Downloaded GOOGL/1771326750.json
[2026-02-17T12:36:38.420+0000] {logging_mixin.py:188} INFO - Downloaded GOOGL/1771326760.json
[2026-02-17T12:36:38.460+0000] {logging_mixin.py:188} INFO - Downloaded GOOGL/1771326771.json
[2026-02-17T12:36:38.498+0000] {logging_mixin.py:188} INFO - Downloaded GOOGL/1771326781.json
[2026-02-17T12:36:38.530+0000] {logging_mixin.py:188} INFO - Downloaded GOOGL/1771326791.json
[2026-02-17T12:36:38.559+0000] {logging_mixin.py:188} INFO - Downloaded GOOGL/1771326801.json
[2026-02-17T12:36:38.593+0000] {logging_mixin.py:188} INFO - Downloaded GOOGL/1771326811.json
[2026-02-17T12:36:38.634+0000] {logging_mixin.py:188} INFO - Downloaded GOOGL/1771326821.json
[2026-02-17T12:36:38.667+0000] {logging_mixin.py:188} INFO - Downloaded GOOGL/1771326832.json
[2026-02-17T12:36:38.700+0000] {logging_mixin.py:188} INFO - Downloaded GOOGL/1771326842.json
[2026-02-17T12:36:38.731+0000] {logging_mixin.py:188} INFO - Downloaded GOOGL/1771326852.json
[2026-02-17T12:36:38.760+0000] {logging_mixin.py:188} INFO - Downloaded GOOGL/1771326862.json
[2026-02-17T12:36:38.792+0000] {logging_mixin.py:188} INFO - Downloaded GOOGL/1771326873.json
[2026-02-17T12:36:38.826+0000] {logging_mixin.py:188} INFO - Downloaded GOOGL/1771326883.json
[2026-02-17T12:36:38.862+0000] {logging_mixin.py:188} INFO - Downloaded GOOGL/1771326893.json
[2026-02-17T12:36:38.893+0000] {logging_mixin.py:188} INFO - Downloaded GOOGL/1771326903.json
[2026-02-17T12:36:38.923+0000] {logging_mixin.py:188} INFO - Downloaded GOOGL/1771326914.json
[2026-02-17T12:36:38.966+0000] {logging_mixin.py:188} INFO - Downloaded GOOGL/1771326925.json
[2026-02-17T12:36:38.991+0000] {logging_mixin.py:188} INFO - Downloaded GOOGL/1771326936.json
[2026-02-17T12:36:39.014+0000] {logging_mixin.py:188} INFO - Downloaded GOOGL/1771326947.json
[2026-02-17T12:36:39.039+0000] {logging_mixin.py:188} INFO - Downloaded GOOGL/1771326957.json
[2026-02-17T12:36:39.065+0000] {logging_mixin.py:188} INFO - Downloaded GOOGL/1771326967.json
[2026-02-17T12:36:39.087+0000] {logging_mixin.py:188} INFO - Downloaded GOOGL/1771326978.json
[2026-02-17T12:36:39.118+0000] {logging_mixin.py:188} INFO - Downloaded GOOGL/1771326988.json
[2026-02-17T12:36:39.157+0000] {logging_mixin.py:188} INFO - Downloaded GOOGL/1771326999.json
[2026-02-17T12:36:39.204+0000] {logging_mixin.py:188} INFO - Downloaded GOOGL/1771327010.json
[2026-02-17T12:36:39.234+0000] {logging_mixin.py:188} INFO - Downloaded GOOGL/1771327020.json
[2026-02-17T12:36:39.271+0000] {logging_mixin.py:188} INFO - Downloaded GOOGL/1771327030.json
[2026-02-17T12:36:39.297+0000] {logging_mixin.py:188} INFO - Downloaded GOOGL/1771327041.json
[2026-02-17T12:36:39.326+0000] {logging_mixin.py:188} INFO - Downloaded GOOGL/1771327051.json
[2026-02-17T12:36:39.356+0000] {logging_mixin.py:188} INFO - Downloaded GOOGL/1771327063.json
[2026-02-17T12:36:39.386+0000] {logging_mixin.py:188} INFO - Downloaded GOOGL/1771327086.json
[2026-02-17T12:36:39.417+0000] {logging_mixin.py:188} INFO - Downloaded GOOGL/1771327101.json
[2026-02-17T12:36:39.445+0000] {logging_mixin.py:188} INFO - Downloaded GOOGL/1771327116.json
[2026-02-17T12:36:39.479+0000] {logging_mixin.py:188} INFO - Downloaded GOOGL/1771327129.json
[2026-02-17T12:36:39.507+0000] {logging_mixin.py:188} INFO - Downloaded GOOGL/1771327139.json
[2026-02-17T12:36:39.543+0000] {logging_mixin.py:188} INFO - Downloaded GOOGL/1771327150.json
[2026-02-17T12:36:39.587+0000] {logging_mixin.py:188} INFO - Downloaded GOOGL/1771327160.json
[2026-02-17T12:36:39.624+0000] {logging_mixin.py:188} INFO - Downloaded GOOGL/1771327170.json
[2026-02-17T12:36:39.660+0000] {logging_mixin.py:188} INFO - Downloaded GOOGL/1771327180.json
[2026-02-17T12:36:39.696+0000] {logging_mixin.py:188} INFO - Downloaded GOOGL/1771327190.json
[2026-02-17T12:36:39.727+0000] {logging_mixin.py:188} INFO - Downloaded GOOGL/1771327200.json
[2026-02-17T12:36:39.760+0000] {logging_mixin.py:188} INFO - Downloaded GOOGL/1771327211.json
[2026-02-17T12:36:39.799+0000] {logging_mixin.py:188} INFO - Downloaded GOOGL/1771327222.json
[2026-02-17T12:36:39.834+0000] {logging_mixin.py:188} INFO - Downloaded GOOGL/1771327232.json
[2026-02-17T12:36:39.856+0000] {logging_mixin.py:188} INFO - Downloaded GOOGL/1771327242.json
[2026-02-17T12:36:39.876+0000] {logging_mixin.py:188} INFO - Downloaded GOOGL/1771327254.json
[2026-02-17T12:36:39.907+0000] {logging_mixin.py:188} INFO - Downloaded GOOGL/1771327264.json
[2026-02-17T12:36:39.946+0000] {logging_mixin.py:188} INFO - Downloaded GOOGL/1771327274.json
[2026-02-17T12:36:39.976+0000] {logging_mixin.py:188} INFO - Downloaded GOOGL/1771327284.json
[2026-02-17T12:36:40.002+0000] {logging_mixin.py:188} INFO - Downloaded GOOGL/1771327294.json
[2026-02-17T12:36:40.023+0000] {logging_mixin.py:188} INFO - Downloaded GOOGL/1771327304.json
[2026-02-17T12:36:40.060+0000] {logging_mixin.py:188} INFO - Downloaded GOOGL/1771327315.json
[2026-02-17T12:36:40.087+0000] {logging_mixin.py:188} INFO - Downloaded GOOGL/1771327325.json
[2026-02-17T12:36:40.121+0000] {logging_mixin.py:188} INFO - Downloaded GOOGL/1771327336.json
[2026-02-17T12:36:40.151+0000] {logging_mixin.py:188} INFO - Downloaded GOOGL/1771327346.json
[2026-02-17T12:36:40.173+0000] {logging_mixin.py:188} INFO - Downloaded GOOGL/1771327356.json
[2026-02-17T12:36:40.209+0000] {logging_mixin.py:188} INFO - Downloaded GOOGL/1771327365.json
[2026-02-17T12:36:40.265+0000] {logging_mixin.py:188} INFO - Downloaded GOOGL/1771327375.json
[2026-02-17T12:36:40.287+0000] {logging_mixin.py:188} INFO - Downloaded GOOGL/1771327386.json
[2026-02-17T12:36:40.307+0000] {logging_mixin.py:188} INFO - Downloaded GOOGL/1771327397.json
[2026-02-17T12:36:40.325+0000] {logging_mixin.py:188} INFO - Downloaded GOOGL/1771327408.json
[2026-02-17T12:36:40.349+0000] {logging_mixin.py:188} INFO - Downloaded GOOGL/1771327418.json
[2026-02-17T12:36:40.373+0000] {logging_mixin.py:188} INFO - Downloaded GOOGL/1771327429.json
[2026-02-17T12:36:40.401+0000] {logging_mixin.py:188} INFO - Downloaded GOOGL/1771327439.json
[2026-02-17T12:36:40.424+0000] {logging_mixin.py:188} INFO - Downloaded GOOGL/1771327449.json
[2026-02-17T12:36:40.449+0000] {logging_mixin.py:188} INFO - Downloaded GOOGL/1771327459.json
[2026-02-17T12:36:40.474+0000] {logging_mixin.py:188} INFO - Downloaded GOOGL/1771327470.json
[2026-02-17T12:36:40.507+0000] {logging_mixin.py:188} INFO - Downloaded GOOGL/1771327480.json
[2026-02-17T12:36:40.557+0000] {logging_mixin.py:188} INFO - Downloaded GOOGL/1771327491.json
[2026-02-17T12:36:40.567+0000] {logging_mixin.py:188} INFO - Downloaded GOOGL/1771327501.json
[2026-02-17T12:36:40.605+0000] {logging_mixin.py:188} INFO - Downloaded GOOGL/1771327512.json
[2026-02-17T12:36:40.639+0000] {logging_mixin.py:188} INFO - Downloaded GOOGL/1771327522.json
[2026-02-17T12:36:40.682+0000] {logging_mixin.py:188} INFO - Downloaded GOOGL/1771327533.json
[2026-02-17T12:36:40.713+0000] {logging_mixin.py:188} INFO - Downloaded GOOGL/1771327543.json
[2026-02-17T12:36:40.737+0000] {logging_mixin.py:188} INFO - Downloaded GOOGL/1771327554.json
[2026-02-17T12:36:40.760+0000] {logging_mixin.py:188} INFO - Downloaded GOOGL/1771327564.json
[2026-02-17T12:36:40.784+0000] {logging_mixin.py:188} INFO - Downloaded GOOGL/1771327576.json
[2026-02-17T12:36:40.809+0000] {logging_mixin.py:188} INFO - Downloaded GOOGL/1771327588.json
[2026-02-17T12:36:40.836+0000] {logging_mixin.py:188} INFO - Downloaded GOOGL/1771327599.json
[2026-02-17T12:36:40.863+0000] {logging_mixin.py:188} INFO - Downloaded GOOGL/1771327609.json
[2026-02-17T12:36:40.887+0000] {logging_mixin.py:188} INFO - Downloaded GOOGL/1771327619.json
[2026-02-17T12:36:40.912+0000] {logging_mixin.py:188} INFO - Downloaded GOOGL/1771327629.json
[2026-02-17T12:36:40.937+0000] {logging_mixin.py:188} INFO - Downloaded GOOGL/1771327640.json
[2026-02-17T12:36:40.965+0000] {logging_mixin.py:188} INFO - Downloaded GOOGL/1771327649.json
[2026-02-17T12:36:41.014+0000] {logging_mixin.py:188} INFO - Downloaded GOOGL/1771327660.json
[2026-02-17T12:36:41.037+0000] {logging_mixin.py:188} INFO - Downloaded GOOGL/1771327670.json
[2026-02-17T12:36:41.057+0000] {logging_mixin.py:188} INFO - Downloaded GOOGL/1771327680.json
[2026-02-17T12:36:41.077+0000] {logging_mixin.py:188} INFO - Downloaded GOOGL/1771327691.json
[2026-02-17T12:36:41.097+0000] {logging_mixin.py:188} INFO - Downloaded GOOGL/1771327701.json
[2026-02-17T12:36:41.123+0000] {logging_mixin.py:188} INFO - Downloaded GOOGL/1771327711.json
[2026-02-17T12:36:41.148+0000] {logging_mixin.py:188} INFO - Downloaded GOOGL/1771327721.json
[2026-02-17T12:36:41.170+0000] {logging_mixin.py:188} INFO - Downloaded GOOGL/1771327731.json
[2026-02-17T12:36:41.191+0000] {logging_mixin.py:188} INFO - Downloaded GOOGL/1771327741.json
[2026-02-17T12:36:41.213+0000] {logging_mixin.py:188} INFO - Downloaded GOOGL/1771327752.json
[2026-02-17T12:36:41.232+0000] {logging_mixin.py:188} INFO - Downloaded GOOGL/1771327763.json
[2026-02-17T12:36:41.252+0000] {logging_mixin.py:188} INFO - Downloaded GOOGL/1771327772.json
[2026-02-17T12:36:41.278+0000] {logging_mixin.py:188} INFO - Downloaded GOOGL/1771327784.json
[2026-02-17T12:36:41.301+0000] {logging_mixin.py:188} INFO - Downloaded GOOGL/1771327794.json
[2026-02-17T12:36:41.321+0000] {logging_mixin.py:188} INFO - Downloaded GOOGL/1771327804.json
[2026-02-17T12:36:41.340+0000] {logging_mixin.py:188} INFO - Downloaded GOOGL/1771327814.json
[2026-02-17T12:36:41.359+0000] {logging_mixin.py:188} INFO - Downloaded GOOGL/1771327824.json
[2026-02-17T12:36:41.378+0000] {logging_mixin.py:188} INFO - Downloaded GOOGL/1771327835.json
[2026-02-17T12:36:41.400+0000] {logging_mixin.py:188} INFO - Downloaded GOOGL/1771327846.json
[2026-02-17T12:36:41.420+0000] {logging_mixin.py:188} INFO - Downloaded GOOGL/1771327856.json
[2026-02-17T12:36:41.444+0000] {logging_mixin.py:188} INFO - Downloaded GOOGL/1771327867.json
[2026-02-17T12:36:41.473+0000] {logging_mixin.py:188} INFO - Downloaded GOOGL/1771327878.json
[2026-02-17T12:36:41.492+0000] {logging_mixin.py:188} INFO - Downloaded GOOGL/1771327889.json
[2026-02-17T12:36:41.516+0000] {logging_mixin.py:188} INFO - Downloaded GOOGL/1771327899.json
[2026-02-17T12:36:41.539+0000] {logging_mixin.py:188} INFO - Downloaded GOOGL/1771327909.json
[2026-02-17T12:36:41.572+0000] {logging_mixin.py:188} INFO - Downloaded GOOGL/1771327919.json
[2026-02-17T12:36:41.600+0000] {logging_mixin.py:188} INFO - Downloaded GOOGL/1771327929.json
[2026-02-17T12:36:41.643+0000] {logging_mixin.py:188} INFO - Downloaded GOOGL/1771327940.json
[2026-02-17T12:36:41.677+0000] {logging_mixin.py:188} INFO - Downloaded GOOGL/1771327950.json
[2026-02-17T12:36:41.729+0000] {logging_mixin.py:188} INFO - Downloaded GOOGL/1771327960.json
[2026-02-17T12:36:41.773+0000] {logging_mixin.py:188} INFO - Downloaded GOOGL/1771327971.json
[2026-02-17T12:36:41.806+0000] {logging_mixin.py:188} INFO - Downloaded GOOGL/1771327981.json
[2026-02-17T12:36:41.841+0000] {logging_mixin.py:188} INFO - Downloaded GOOGL/1771327991.json
[2026-02-17T12:36:41.872+0000] {logging_mixin.py:188} INFO - Downloaded GOOGL/1771328002.json
[2026-02-17T12:36:41.909+0000] {logging_mixin.py:188} INFO - Downloaded GOOGL/1771328012.json
[2026-02-17T12:36:41.944+0000] {logging_mixin.py:188} INFO - Downloaded GOOGL/1771328022.json
[2026-02-17T12:36:41.972+0000] {logging_mixin.py:188} INFO - Downloaded GOOGL/1771328032.json
[2026-02-17T12:36:41.995+0000] {logging_mixin.py:188} INFO - Downloaded GOOGL/1771328042.json
[2026-02-17T12:36:42.042+0000] {logging_mixin.py:188} INFO - Downloaded GOOGL/1771328053.json
[2026-02-17T12:36:42.093+0000] {logging_mixin.py:188} INFO - Downloaded GOOGL/1771328063.json
[2026-02-17T12:36:42.118+0000] {logging_mixin.py:188} INFO - Downloaded GOOGL/1771328073.json
[2026-02-17T12:36:42.141+0000] {logging_mixin.py:188} INFO - Downloaded GOOGL/1771328083.json
[2026-02-17T12:36:42.165+0000] {logging_mixin.py:188} INFO - Downloaded GOOGL/1771328094.json
[2026-02-17T12:36:42.188+0000] {logging_mixin.py:188} INFO - Downloaded GOOGL/1771328107.json
[2026-02-17T12:36:42.218+0000] {logging_mixin.py:188} INFO - Downloaded GOOGL/1771328118.json
[2026-02-17T12:36:42.248+0000] {logging_mixin.py:188} INFO - Downloaded GOOGL/1771328129.json
[2026-02-17T12:36:42.274+0000] {logging_mixin.py:188} INFO - Downloaded GOOGL/1771328141.json
[2026-02-17T12:36:42.302+0000] {logging_mixin.py:188} INFO - Downloaded GOOGL/1771328151.json
[2026-02-17T12:36:42.330+0000] {logging_mixin.py:188} INFO - Downloaded GOOGL/1771328163.json
[2026-02-17T12:36:42.356+0000] {logging_mixin.py:188} INFO - Downloaded GOOGL/1771328187.json
[2026-02-17T12:36:42.385+0000] {logging_mixin.py:188} INFO - Downloaded GOOGL/1771328211.json
[2026-02-17T12:36:42.411+0000] {logging_mixin.py:188} INFO - Downloaded GOOGL/1771328221.json
[2026-02-17T12:36:42.441+0000] {logging_mixin.py:188} INFO - Downloaded GOOGL/1771328232.json
[2026-02-17T12:36:42.469+0000] {logging_mixin.py:188} INFO - Downloaded GOOGL/1771328242.json
[2026-02-17T12:36:42.492+0000] {logging_mixin.py:188} INFO - Downloaded GOOGL/1771328253.json
[2026-02-17T12:36:42.518+0000] {logging_mixin.py:188} INFO - Downloaded GOOGL/1771328263.json
[2026-02-17T12:36:42.545+0000] {logging_mixin.py:188} INFO - Downloaded GOOGL/1771328273.json
[2026-02-17T12:36:42.569+0000] {logging_mixin.py:188} INFO - Downloaded GOOGL/1771328285.json
[2026-02-17T12:36:42.616+0000] {logging_mixin.py:188} INFO - Downloaded GOOGL/1771328295.json
[2026-02-17T12:36:42.654+0000] {logging_mixin.py:188} INFO - Downloaded GOOGL/1771328305.json
[2026-02-17T12:36:42.681+0000] {logging_mixin.py:188} INFO - Downloaded GOOGL/1771328316.json
[2026-02-17T12:36:42.711+0000] {logging_mixin.py:188} INFO - Downloaded GOOGL/1771328326.json
[2026-02-17T12:36:42.743+0000] {logging_mixin.py:188} INFO - Downloaded GOOGL/1771328336.json
[2026-02-17T12:36:42.774+0000] {logging_mixin.py:188} INFO - Downloaded GOOGL/1771328346.json
[2026-02-17T12:36:42.804+0000] {logging_mixin.py:188} INFO - Downloaded GOOGL/1771328359.json
[2026-02-17T12:36:42.836+0000] {logging_mixin.py:188} INFO - Downloaded GOOGL/1771328375.json
[2026-02-17T12:36:42.868+0000] {logging_mixin.py:188} INFO - Downloaded GOOGL/1771328387.json
[2026-02-17T12:36:42.902+0000] {logging_mixin.py:188} INFO - Downloaded GOOGL/1771328398.json
[2026-02-17T12:36:42.929+0000] {logging_mixin.py:188} INFO - Downloaded GOOGL/1771328408.json
[2026-02-17T12:36:42.959+0000] {logging_mixin.py:188} INFO - Downloaded GOOGL/1771328419.json
[2026-02-17T12:36:42.988+0000] {logging_mixin.py:188} INFO - Downloaded GOOGL/1771328457.json
[2026-02-17T12:36:43.041+0000] {logging_mixin.py:188} INFO - Downloaded GOOGL/1771328519.json
[2026-02-17T12:36:43.090+0000] {logging_mixin.py:188} INFO - Downloaded GOOGL/1771328530.json
[2026-02-17T12:36:43.143+0000] {logging_mixin.py:188} INFO - Downloaded GOOGL/1771328572.json
[2026-02-17T12:36:43.202+0000] {logging_mixin.py:188} INFO - Downloaded GOOGL/1771328729.json
[2026-02-17T12:36:43.246+0000] {logging_mixin.py:188} INFO - Downloaded GOOGL/1771328741.json
[2026-02-17T12:36:43.287+0000] {logging_mixin.py:188} INFO - Downloaded GOOGL/1771328751.json
[2026-02-17T12:36:43.331+0000] {logging_mixin.py:188} INFO - Downloaded GOOGL/1771328761.json
[2026-02-17T12:36:43.371+0000] {logging_mixin.py:188} INFO - Downloaded GOOGL/1771328772.json
[2026-02-17T12:36:43.408+0000] {logging_mixin.py:188} INFO - Downloaded GOOGL/1771328782.json
[2026-02-17T12:36:43.440+0000] {logging_mixin.py:188} INFO - Downloaded GOOGL/1771328793.json
[2026-02-17T12:36:43.477+0000] {logging_mixin.py:188} INFO - Downloaded GOOGL/1771328803.json
[2026-02-17T12:36:43.507+0000] {logging_mixin.py:188} INFO - Downloaded GOOGL/1771328813.json
[2026-02-17T12:36:43.540+0000] {logging_mixin.py:188} INFO - Downloaded GOOGL/1771328823.json
[2026-02-17T12:36:43.567+0000] {logging_mixin.py:188} INFO - Downloaded GOOGL/1771328834.json
[2026-02-17T12:36:43.603+0000] {logging_mixin.py:188} INFO - Downloaded GOOGL/1771328845.json
[2026-02-17T12:36:43.630+0000] {logging_mixin.py:188} INFO - Downloaded GOOGL/1771328855.json
[2026-02-17T12:36:43.655+0000] {logging_mixin.py:188} INFO - Downloaded GOOGL/1771328867.json
[2026-02-17T12:36:43.681+0000] {logging_mixin.py:188} INFO - Downloaded GOOGL/1771328878.json
[2026-02-17T12:36:43.708+0000] {logging_mixin.py:188} INFO - Downloaded GOOGL/1771328889.json
[2026-02-17T12:36:43.736+0000] {logging_mixin.py:188} INFO - Downloaded GOOGL/1771328900.json
[2026-02-17T12:36:43.765+0000] {logging_mixin.py:188} INFO - Downloaded GOOGL/1771328930.json
[2026-02-17T12:36:43.811+0000] {logging_mixin.py:188} INFO - Downloaded GOOGL/1771328940.json
[2026-02-17T12:36:43.841+0000] {logging_mixin.py:188} INFO - Downloaded GOOGL/1771328950.json
[2026-02-17T12:36:43.866+0000] {logging_mixin.py:188} INFO - Downloaded GOOGL/1771328961.json
[2026-02-17T12:36:43.895+0000] {logging_mixin.py:188} INFO - Downloaded GOOGL/1771328976.json
[2026-02-17T12:36:43.924+0000] {logging_mixin.py:188} INFO - Downloaded GOOGL/1771328986.json
[2026-02-17T12:36:43.951+0000] {logging_mixin.py:188} INFO - Downloaded GOOGL/1771328996.json
[2026-02-17T12:36:43.977+0000] {logging_mixin.py:188} INFO - Downloaded GOOGL/1771329007.json
[2026-02-17T12:36:44.003+0000] {logging_mixin.py:188} INFO - Downloaded GOOGL/1771329021.json
[2026-02-17T12:36:44.028+0000] {logging_mixin.py:188} INFO - Downloaded GOOGL/1771329031.json
[2026-02-17T12:36:44.052+0000] {logging_mixin.py:188} INFO - Downloaded GOOGL/1771329042.json
[2026-02-17T12:36:44.071+0000] {logging_mixin.py:188} INFO - Downloaded GOOGL/1771329084.json
[2026-02-17T12:36:44.095+0000] {logging_mixin.py:188} INFO - Downloaded GOOGL/1771329095.json
[2026-02-17T12:36:44.125+0000] {logging_mixin.py:188} INFO - Downloaded GOOGL/1771329106.json
[2026-02-17T12:36:44.152+0000] {logging_mixin.py:188} INFO - Downloaded GOOGL/1771329133.json
[2026-02-17T12:36:44.177+0000] {logging_mixin.py:188} INFO - Downloaded GOOGL/1771329144.json
[2026-02-17T12:36:44.200+0000] {logging_mixin.py:188} INFO - Downloaded GOOGL/1771329155.json
[2026-02-17T12:36:44.223+0000] {logging_mixin.py:188} INFO - Downloaded GOOGL/1771329166.json
[2026-02-17T12:36:44.251+0000] {logging_mixin.py:188} INFO - Downloaded GOOGL/1771329178.json
[2026-02-17T12:36:44.280+0000] {logging_mixin.py:188} INFO - Downloaded GOOGL/1771329189.json
[2026-02-17T12:36:44.307+0000] {logging_mixin.py:188} INFO - Downloaded GOOGL/1771329200.json
[2026-02-17T12:36:44.334+0000] {logging_mixin.py:188} INFO - Downloaded GOOGL/1771329212.json
[2026-02-17T12:36:44.366+0000] {logging_mixin.py:188} INFO - Downloaded GOOGL/1771329222.json
[2026-02-17T12:36:44.400+0000] {logging_mixin.py:188} INFO - Downloaded GOOGL/1771329233.json
[2026-02-17T12:36:44.444+0000] {logging_mixin.py:188} INFO - Downloaded GOOGL/1771329243.json
[2026-02-17T12:36:44.481+0000] {logging_mixin.py:188} INFO - Downloaded GOOGL/1771329253.json
[2026-02-17T12:36:44.523+0000] {logging_mixin.py:188} INFO - Downloaded GOOGL/1771329264.json
[2026-02-17T12:36:44.556+0000] {logging_mixin.py:188} INFO - Downloaded GOOGL/1771329274.json
[2026-02-17T12:36:44.585+0000] {logging_mixin.py:188} INFO - Downloaded GOOGL/1771329284.json
[2026-02-17T12:36:44.629+0000] {logging_mixin.py:188} INFO - Downloaded GOOGL/1771329294.json
[2026-02-17T12:36:44.660+0000] {logging_mixin.py:188} INFO - Downloaded GOOGL/1771329304.json
[2026-02-17T12:36:44.688+0000] {logging_mixin.py:188} INFO - Downloaded GOOGL/1771329315.json
[2026-02-17T12:36:44.725+0000] {logging_mixin.py:188} INFO - Downloaded GOOGL/1771329325.json
[2026-02-17T12:36:44.755+0000] {logging_mixin.py:188} INFO - Downloaded GOOGL/1771329336.json
[2026-02-17T12:36:44.779+0000] {logging_mixin.py:188} INFO - Downloaded GOOGL/1771329346.json
[2026-02-17T12:36:44.801+0000] {logging_mixin.py:188} INFO - Downloaded GOOGL/1771329356.json
[2026-02-17T12:36:44.831+0000] {logging_mixin.py:188} INFO - Downloaded GOOGL/1771329366.json
[2026-02-17T12:36:44.858+0000] {logging_mixin.py:188} INFO - Downloaded GOOGL/1771329377.json
[2026-02-17T12:36:44.889+0000] {logging_mixin.py:188} INFO - Downloaded GOOGL/1771329387.json
[2026-02-17T12:36:44.943+0000] {logging_mixin.py:188} INFO - Downloaded GOOGL/1771329397.json
[2026-02-17T12:36:44.994+0000] {logging_mixin.py:188} INFO - Downloaded GOOGL/1771329408.json
[2026-02-17T12:36:45.052+0000] {logging_mixin.py:188} INFO - Downloaded GOOGL/1771329418.json
[2026-02-17T12:36:45.086+0000] {logging_mixin.py:188} INFO - Downloaded GOOGL/1771329428.json
[2026-02-17T12:36:45.132+0000] {logging_mixin.py:188} INFO - Downloaded GOOGL/1771329437.json
[2026-02-17T12:36:45.166+0000] {logging_mixin.py:188} INFO - Downloaded GOOGL/1771329447.json
[2026-02-17T12:36:45.218+0000] {logging_mixin.py:188} INFO - Downloaded GOOGL/1771329458.json
[2026-02-17T12:36:45.265+0000] {logging_mixin.py:188} INFO - Downloaded GOOGL/1771329468.json
[2026-02-17T12:36:45.323+0000] {logging_mixin.py:188} INFO - Downloaded GOOGL/1771329479.json
[2026-02-17T12:36:45.385+0000] {logging_mixin.py:188} INFO - Downloaded GOOGL/1771329488.json
[2026-02-17T12:36:45.434+0000] {logging_mixin.py:188} INFO - Downloaded GOOGL/1771329500.json
[2026-02-17T12:36:45.480+0000] {logging_mixin.py:188} INFO - Downloaded GOOGL/1771329511.json
[2026-02-17T12:36:45.536+0000] {logging_mixin.py:188} INFO - Downloaded GOOGL/1771329521.json
[2026-02-17T12:36:45.589+0000] {logging_mixin.py:188} INFO - Downloaded GOOGL/1771329538.json
[2026-02-17T12:36:45.628+0000] {logging_mixin.py:188} INFO - Downloaded GOOGL/1771329550.json
[2026-02-17T12:36:45.673+0000] {logging_mixin.py:188} INFO - Downloaded GOOGL/1771329560.json
[2026-02-17T12:36:45.738+0000] {logging_mixin.py:188} INFO - Downloaded GOOGL/1771329570.json
[2026-02-17T12:36:45.785+0000] {logging_mixin.py:188} INFO - Downloaded GOOGL/1771329579.json
[2026-02-17T12:36:45.876+0000] {logging_mixin.py:188} INFO - Downloaded GOOGL/1771329589.json
[2026-02-17T12:36:45.912+0000] {logging_mixin.py:188} INFO - Downloaded GOOGL/1771329600.json
[2026-02-17T12:36:45.942+0000] {logging_mixin.py:188} INFO - Downloaded GOOGL/1771329612.json
[2026-02-17T12:36:45.977+0000] {logging_mixin.py:188} INFO - Downloaded GOOGL/1771329623.json
[2026-02-17T12:36:46.006+0000] {logging_mixin.py:188} INFO - Downloaded GOOGL/1771329633.json
[2026-02-17T12:36:46.034+0000] {logging_mixin.py:188} INFO - Downloaded GOOGL/1771329674.json
[2026-02-17T12:36:46.061+0000] {logging_mixin.py:188} INFO - Downloaded GOOGL/1771329698.json
[2026-02-17T12:36:46.094+0000] {logging_mixin.py:188} INFO - Downloaded GOOGL/1771329709.json
[2026-02-17T12:36:46.125+0000] {logging_mixin.py:188} INFO - Downloaded GOOGL/1771329719.json
[2026-02-17T12:36:46.156+0000] {logging_mixin.py:188} INFO - Downloaded GOOGL/1771329730.json
[2026-02-17T12:36:46.185+0000] {logging_mixin.py:188} INFO - Downloaded GOOGL/1771329740.json
[2026-02-17T12:36:46.213+0000] {logging_mixin.py:188} INFO - Downloaded GOOGL/1771329751.json
[2026-02-17T12:36:46.247+0000] {logging_mixin.py:188} INFO - Downloaded GOOGL/1771329762.json
[2026-02-17T12:36:46.277+0000] {logging_mixin.py:188} INFO - Downloaded GOOGL/1771329774.json
[2026-02-17T12:36:46.309+0000] {logging_mixin.py:188} INFO - Downloaded GOOGL/1771329785.json
[2026-02-17T12:36:46.336+0000] {logging_mixin.py:188} INFO - Downloaded GOOGL/1771329797.json
[2026-02-17T12:36:46.371+0000] {logging_mixin.py:188} INFO - Downloaded GOOGL/1771329808.json
[2026-02-17T12:36:46.403+0000] {logging_mixin.py:188} INFO - Downloaded GOOGL/1771329819.json
[2026-02-17T12:36:46.445+0000] {logging_mixin.py:188} INFO - Downloaded GOOGL/1771329830.json
[2026-02-17T12:36:46.539+0000] {logging_mixin.py:188} INFO - Downloaded GOOGL/1771329841.json
[2026-02-17T12:36:46.593+0000] {logging_mixin.py:188} INFO - Downloaded GOOGL/1771329853.json
[2026-02-17T12:36:46.801+0000] {logging_mixin.py:188} INFO - Downloaded GOOGL/1771329889.json
[2026-02-17T12:36:46.873+0000] {logging_mixin.py:188} INFO - Downloaded GOOGL/1771329899.json
[2026-02-17T12:36:46.933+0000] {logging_mixin.py:188} INFO - Downloaded GOOGL/1771329909.json
[2026-02-17T12:36:46.988+0000] {logging_mixin.py:188} INFO - Downloaded GOOGL/1771329920.json
[2026-02-17T12:36:47.044+0000] {logging_mixin.py:188} INFO - Downloaded GOOGL/1771329930.json
[2026-02-17T12:36:47.139+0000] {logging_mixin.py:188} INFO - Downloaded GOOGL/1771329941.json
[2026-02-17T12:36:47.204+0000] {logging_mixin.py:188} INFO - Downloaded GOOGL/1771329952.json
[2026-02-17T12:36:47.277+0000] {logging_mixin.py:188} INFO - Downloaded GOOGL/1771329962.json
[2026-02-17T12:36:47.324+0000] {logging_mixin.py:188} INFO - Downloaded GOOGL/1771329973.json
[2026-02-17T12:36:47.370+0000] {logging_mixin.py:188} INFO - Downloaded GOOGL/1771329984.json
[2026-02-17T12:36:47.395+0000] {logging_mixin.py:188} INFO - Downloaded GOOGL/1771329995.json
[2026-02-17T12:36:47.446+0000] {logging_mixin.py:188} INFO - Downloaded GOOGL/1771330006.json
[2026-02-17T12:36:47.522+0000] {logging_mixin.py:188} INFO - Downloaded GOOGL/1771330025.json
[2026-02-17T12:36:47.556+0000] {logging_mixin.py:188} INFO - Downloaded GOOGL/1771330037.json
[2026-02-17T12:36:47.585+0000] {logging_mixin.py:188} INFO - Downloaded GOOGL/1771330048.json
[2026-02-17T12:36:47.617+0000] {logging_mixin.py:188} INFO - Downloaded GOOGL/1771330060.json
[2026-02-17T12:36:47.659+0000] {logging_mixin.py:188} INFO - Downloaded GOOGL/1771330092.json
[2026-02-17T12:36:47.697+0000] {logging_mixin.py:188} INFO - Downloaded GOOGL/1771330103.json
[2026-02-17T12:36:47.727+0000] {logging_mixin.py:188} INFO - Downloaded GOOGL/1771330114.json
[2026-02-17T12:36:47.757+0000] {logging_mixin.py:188} INFO - Downloaded GOOGL/1771330126.json
[2026-02-17T12:36:47.785+0000] {logging_mixin.py:188} INFO - Downloaded GOOGL/1771330137.json
[2026-02-17T12:36:47.813+0000] {logging_mixin.py:188} INFO - Downloaded GOOGL/1771330147.json
[2026-02-17T12:36:47.848+0000] {logging_mixin.py:188} INFO - Downloaded GOOGL/1771330158.json
[2026-02-17T12:36:47.889+0000] {logging_mixin.py:188} INFO - Downloaded GOOGL/1771330169.json
[2026-02-17T12:36:47.928+0000] {logging_mixin.py:188} INFO - Downloaded GOOGL/1771330179.json
[2026-02-17T12:36:47.980+0000] {logging_mixin.py:188} INFO - Downloaded GOOGL/1771330190.json
[2026-02-17T12:36:48.020+0000] {logging_mixin.py:188} INFO - Downloaded GOOGL/1771330201.json
[2026-02-17T12:36:48.059+0000] {logging_mixin.py:188} INFO - Downloaded GOOGL/1771330212.json
[2026-02-17T12:36:48.094+0000] {logging_mixin.py:188} INFO - Downloaded GOOGL/1771330223.json
[2026-02-17T12:36:48.117+0000] {logging_mixin.py:188} INFO - Downloaded GOOGL/1771330235.json
[2026-02-17T12:36:48.141+0000] {logging_mixin.py:188} INFO - Downloaded GOOGL/1771330246.json
[2026-02-17T12:36:48.185+0000] {logging_mixin.py:188} INFO - Downloaded GOOGL/1771330256.json
[2026-02-17T12:36:48.217+0000] {logging_mixin.py:188} INFO - Downloaded GOOGL/1771330267.json
[2026-02-17T12:36:48.244+0000] {logging_mixin.py:188} INFO - Downloaded GOOGL/1771330278.json
[2026-02-17T12:36:48.283+0000] {logging_mixin.py:188} INFO - Downloaded GOOGL/1771330288.json
[2026-02-17T12:36:48.333+0000] {logging_mixin.py:188} INFO - Downloaded GOOGL/1771330298.json
[2026-02-17T12:36:48.378+0000] {logging_mixin.py:188} INFO - Downloaded GOOGL/1771330309.json
[2026-02-17T12:36:48.438+0000] {logging_mixin.py:188} INFO - Downloaded GOOGL/1771330320.json
[2026-02-17T12:36:48.491+0000] {logging_mixin.py:188} INFO - Downloaded GOOGL/1771330332.json
[2026-02-17T12:36:48.535+0000] {logging_mixin.py:188} INFO - Downloaded GOOGL/1771330342.json
[2026-02-17T12:36:48.583+0000] {logging_mixin.py:188} INFO - Downloaded GOOGL/1771330353.json
[2026-02-17T12:36:48.632+0000] {logging_mixin.py:188} INFO - Downloaded GOOGL/1771330364.json
[2026-02-17T12:36:48.669+0000] {logging_mixin.py:188} INFO - Downloaded GOOGL/1771330375.json
[2026-02-17T12:36:48.723+0000] {logging_mixin.py:188} INFO - Downloaded GOOGL/1771330385.json
[2026-02-17T12:36:48.769+0000] {logging_mixin.py:188} INFO - Downloaded GOOGL/1771330396.json
[2026-02-17T12:36:48.817+0000] {logging_mixin.py:188} INFO - Downloaded GOOGL/1771330407.json
[2026-02-17T12:36:48.863+0000] {logging_mixin.py:188} INFO - Downloaded GOOGL/1771330420.json
[2026-02-17T12:36:48.895+0000] {logging_mixin.py:188} INFO - Downloaded GOOGL/1771330430.json
[2026-02-17T12:36:48.924+0000] {logging_mixin.py:188} INFO - Downloaded GOOGL/1771330441.json
[2026-02-17T12:36:48.968+0000] {logging_mixin.py:188} INFO - Downloaded GOOGL/1771330451.json
[2026-02-17T12:36:49.001+0000] {logging_mixin.py:188} INFO - Downloaded GOOGL/1771330462.json
[2026-02-17T12:36:49.031+0000] {logging_mixin.py:188} INFO - Downloaded GOOGL/1771330473.json
[2026-02-17T12:36:49.063+0000] {logging_mixin.py:188} INFO - Downloaded GOOGL/1771330483.json
[2026-02-17T12:36:49.096+0000] {logging_mixin.py:188} INFO - Downloaded GOOGL/1771330493.json
[2026-02-17T12:36:49.128+0000] {logging_mixin.py:188} INFO - Downloaded GOOGL/1771330504.json
[2026-02-17T12:36:49.166+0000] {logging_mixin.py:188} INFO - Downloaded GOOGL/1771330515.json
[2026-02-17T12:36:49.197+0000] {logging_mixin.py:188} INFO - Downloaded GOOGL/1771330525.json
[2026-02-17T12:36:49.229+0000] {logging_mixin.py:188} INFO - Downloaded GOOGL/1771330537.json
[2026-02-17T12:36:49.290+0000] {logging_mixin.py:188} INFO - Downloaded GOOGL/1771330548.json
[2026-02-17T12:36:49.371+0000] {logging_mixin.py:188} INFO - Downloaded GOOGL/1771330561.json
[2026-02-17T12:36:49.420+0000] {logging_mixin.py:188} INFO - Downloaded GOOGL/1771330576.json
[2026-02-17T12:36:49.542+0000] {logging_mixin.py:188} INFO - Downloaded GOOGL/1771330588.json
[2026-02-17T12:36:49.663+0000] {logging_mixin.py:188} INFO - Downloaded GOOGL/1771330600.json
[2026-02-17T12:36:49.779+0000] {logging_mixin.py:188} INFO - Downloaded GOOGL/1771330611.json
[2026-02-17T12:36:49.850+0000] {logging_mixin.py:188} INFO - Downloaded GOOGL/1771330621.json
[2026-02-17T12:36:49.983+0000] {logging_mixin.py:188} INFO - Downloaded GOOGL/1771330632.json
[2026-02-17T12:36:50.047+0000] {logging_mixin.py:188} INFO - Downloaded GOOGL/1771330643.json
[2026-02-17T12:36:50.112+0000] {logging_mixin.py:188} INFO - Downloaded GOOGL/1771330654.json
[2026-02-17T12:36:50.168+0000] {logging_mixin.py:188} INFO - Downloaded GOOGL/1771330665.json
[2026-02-17T12:36:50.206+0000] {logging_mixin.py:188} INFO - Downloaded GOOGL/1771330678.json
[2026-02-17T12:36:50.270+0000] {logging_mixin.py:188} INFO - Downloaded GOOGL/1771330689.json
[2026-02-17T12:36:50.314+0000] {logging_mixin.py:188} INFO - Downloaded GOOGL/1771330700.json
[2026-02-17T12:36:50.343+0000] {logging_mixin.py:188} INFO - Downloaded GOOGL/1771330711.json
[2026-02-17T12:36:50.385+0000] {logging_mixin.py:188} INFO - Downloaded GOOGL/1771330724.json
[2026-02-17T12:36:50.470+0000] {logging_mixin.py:188} INFO - Downloaded GOOGL/1771330735.json
[2026-02-17T12:36:50.513+0000] {logging_mixin.py:188} INFO - Downloaded GOOGL/1771330745.json
[2026-02-17T12:36:50.631+0000] {logging_mixin.py:188} INFO - Downloaded GOOGL/1771330755.json
[2026-02-17T12:36:50.712+0000] {logging_mixin.py:188} INFO - Downloaded GOOGL/1771330766.json
[2026-02-17T12:36:50.748+0000] {logging_mixin.py:188} INFO - Downloaded GOOGL/1771330776.json
[2026-02-17T12:36:50.778+0000] {logging_mixin.py:188} INFO - Downloaded GOOGL/1771330786.json
[2026-02-17T12:36:50.803+0000] {logging_mixin.py:188} INFO - Downloaded GOOGL/1771330797.json
[2026-02-17T12:36:50.842+0000] {logging_mixin.py:188} INFO - Downloaded GOOGL/1771330808.json
[2026-02-17T12:36:50.909+0000] {logging_mixin.py:188} INFO - Downloaded GOOGL/1771330818.json
[2026-02-17T12:36:50.967+0000] {logging_mixin.py:188} INFO - Downloaded GOOGL/1771330829.json
[2026-02-17T12:36:51.029+0000] {logging_mixin.py:188} INFO - Downloaded GOOGL/1771330843.json
[2026-02-17T12:36:51.074+0000] {logging_mixin.py:188} INFO - Downloaded GOOGL/1771330858.json
[2026-02-17T12:36:51.145+0000] {logging_mixin.py:188} INFO - Downloaded GOOGL/1771330871.json
[2026-02-17T12:36:51.200+0000] {logging_mixin.py:188} INFO - Downloaded GOOGL/1771330886.json
[2026-02-17T12:36:51.254+0000] {logging_mixin.py:188} INFO - Downloaded GOOGL/1771330899.json
[2026-02-17T12:36:51.297+0000] {logging_mixin.py:188} INFO - Downloaded GOOGL/1771330909.json
[2026-02-17T12:36:51.326+0000] {logging_mixin.py:188} INFO - Downloaded GOOGL/1771330919.json
[2026-02-17T12:36:51.378+0000] {logging_mixin.py:188} INFO - Downloaded GOOGL/1771330930.json
[2026-02-17T12:36:51.436+0000] {logging_mixin.py:188} INFO - Downloaded GOOGL/1771330940.json
[2026-02-17T12:36:51.466+0000] {logging_mixin.py:188} INFO - Downloaded GOOGL/1771330951.json
[2026-02-17T12:36:51.532+0000] {logging_mixin.py:188} INFO - Downloaded GOOGL/1771330961.json
[2026-02-17T12:36:51.565+0000] {logging_mixin.py:188} INFO - Downloaded GOOGL/1771330976.json
[2026-02-17T12:36:51.601+0000] {logging_mixin.py:188} INFO - Downloaded GOOGL/1771330986.json
[2026-02-17T12:36:51.639+0000] {logging_mixin.py:188} INFO - Downloaded GOOGL/1771330997.json
[2026-02-17T12:36:51.668+0000] {logging_mixin.py:188} INFO - Downloaded GOOGL/1771331007.json
[2026-02-17T12:36:51.705+0000] {logging_mixin.py:188} INFO - Downloaded GOOGL/1771331017.json
[2026-02-17T12:36:51.767+0000] {logging_mixin.py:188} INFO - Downloaded GOOGL/1771331027.json
[2026-02-17T12:36:51.794+0000] {logging_mixin.py:188} INFO - Downloaded GOOGL/1771331037.json
[2026-02-17T12:36:51.823+0000] {logging_mixin.py:188} INFO - Downloaded GOOGL/1771331048.json
[2026-02-17T12:36:51.869+0000] {logging_mixin.py:188} INFO - Downloaded GOOGL/1771331059.json
[2026-02-17T12:36:51.908+0000] {logging_mixin.py:188} INFO - Downloaded GOOGL/1771331070.json
[2026-02-17T12:36:51.943+0000] {logging_mixin.py:188} INFO - Downloaded GOOGL/1771331082.json
[2026-02-17T12:36:51.974+0000] {logging_mixin.py:188} INFO - Downloaded GOOGL/1771331092.json
[2026-02-17T12:36:52.020+0000] {logging_mixin.py:188} INFO - Downloaded GOOGL/1771331102.json
[2026-02-17T12:36:52.094+0000] {logging_mixin.py:188} INFO - Downloaded GOOGL/1771331112.json
[2026-02-17T12:36:52.166+0000] {logging_mixin.py:188} INFO - Downloaded GOOGL/1771331123.json
[2026-02-17T12:36:52.244+0000] {logging_mixin.py:188} INFO - Downloaded GOOGL/1771331133.json
[2026-02-17T12:36:52.305+0000] {logging_mixin.py:188} INFO - Downloaded GOOGL/1771331144.json
[2026-02-17T12:36:52.359+0000] {logging_mixin.py:188} INFO - Downloaded GOOGL/1771331154.json
[2026-02-17T12:36:52.457+0000] {logging_mixin.py:188} INFO - Downloaded GOOGL/1771331164.json
[2026-02-17T12:36:52.582+0000] {logging_mixin.py:188} INFO - Downloaded GOOGL/1771331175.json
[2026-02-17T12:36:52.616+0000] {logging_mixin.py:188} INFO - Downloaded GOOGL/1771331185.json
[2026-02-17T12:36:52.686+0000] {logging_mixin.py:188} INFO - Downloaded GOOGL/1771331196.json
[2026-02-17T12:36:52.716+0000] {logging_mixin.py:188} INFO - Downloaded GOOGL/1771331206.json
[2026-02-17T12:36:52.747+0000] {logging_mixin.py:188} INFO - Downloaded GOOGL/1771331217.json
[2026-02-17T12:36:52.789+0000] {logging_mixin.py:188} INFO - Downloaded GOOGL/1771331228.json
[2026-02-17T12:36:52.828+0000] {logging_mixin.py:188} INFO - Downloaded GOOGL/1771331239.json
[2026-02-17T12:36:52.868+0000] {logging_mixin.py:188} INFO - Downloaded GOOGL/1771331251.json
[2026-02-17T12:36:52.933+0000] {logging_mixin.py:188} INFO - Downloaded GOOGL/1771331264.json
[2026-02-17T12:36:52.971+0000] {logging_mixin.py:188} INFO - Downloaded GOOGL/1771331275.json
[2026-02-17T12:36:53.004+0000] {logging_mixin.py:188} INFO - Downloaded GOOGL/1771331286.json
[2026-02-17T12:36:53.039+0000] {logging_mixin.py:188} INFO - Downloaded GOOGL/1771331296.json
[2026-02-17T12:36:53.079+0000] {logging_mixin.py:188} INFO - Downloaded GOOGL/1771331307.json
[2026-02-17T12:36:53.110+0000] {logging_mixin.py:188} INFO - Downloaded GOOGL/1771331317.json
[2026-02-17T12:36:53.147+0000] {logging_mixin.py:188} INFO - Downloaded GOOGL/1771331327.json
[2026-02-17T12:36:53.184+0000] {logging_mixin.py:188} INFO - Downloaded GOOGL/1771331337.json
[2026-02-17T12:36:53.229+0000] {logging_mixin.py:188} INFO - Downloaded GOOGL/1771331348.json
[2026-02-17T12:36:53.258+0000] {logging_mixin.py:188} INFO - Downloaded GOOGL/1771331358.json
[2026-02-17T12:36:53.303+0000] {logging_mixin.py:188} INFO - Downloaded GOOGL/1771331369.json
[2026-02-17T12:36:53.337+0000] {logging_mixin.py:188} INFO - Downloaded GOOGL/1771331379.json
[2026-02-17T12:36:53.374+0000] {logging_mixin.py:188} INFO - Downloaded GOOGL/1771331389.json
[2026-02-17T12:36:53.453+0000] {logging_mixin.py:188} INFO - Downloaded GOOGL/1771331399.json
[2026-02-17T12:36:53.550+0000] {logging_mixin.py:188} INFO - Downloaded GOOGL/1771331409.json
[2026-02-17T12:36:53.589+0000] {logging_mixin.py:188} INFO - Downloaded GOOGL/1771331420.json
[2026-02-17T12:36:53.666+0000] {logging_mixin.py:188} INFO - Downloaded GOOGL/1771331430.json
[2026-02-17T12:36:53.730+0000] {logging_mixin.py:188} INFO - Downloaded GOOGL/1771331440.json
[2026-02-17T12:36:53.827+0000] {logging_mixin.py:188} INFO - Downloaded GOOGL/1771331451.json
[2026-02-17T12:36:53.896+0000] {logging_mixin.py:188} INFO - Downloaded GOOGL/1771331492.json
[2026-02-17T12:36:53.945+0000] {logging_mixin.py:188} INFO - Downloaded GOOGL/1771331503.json
[2026-02-17T12:36:54.027+0000] {logging_mixin.py:188} INFO - Downloaded GOOGL/1771331514.json
[2026-02-17T12:36:54.083+0000] {logging_mixin.py:188} INFO - Downloaded GOOGL/1771331527.json
[2026-02-17T12:36:54.133+0000] {logging_mixin.py:188} INFO - Downloaded GOOGL/1771331539.json
[2026-02-17T12:36:54.165+0000] {logging_mixin.py:188} INFO - Downloaded GOOGL/1771331551.json
[2026-02-17T12:36:54.193+0000] {logging_mixin.py:188} INFO - Downloaded GOOGL/1771331562.json
[2026-02-17T12:36:54.237+0000] {logging_mixin.py:188} INFO - Downloaded GOOGL/1771331572.json
[2026-02-17T12:36:54.311+0000] {logging_mixin.py:188} INFO - Downloaded GOOGL/1771331582.json
[2026-02-17T12:36:54.357+0000] {logging_mixin.py:188} INFO - Downloaded GOOGL/1771331593.json
[2026-02-17T12:36:54.403+0000] {logging_mixin.py:188} INFO - Downloaded GOOGL/1771331605.json
[2026-02-17T12:36:54.441+0000] {logging_mixin.py:188} INFO - Downloaded GOOGL/1771331615.json
[2026-02-17T12:36:54.470+0000] {logging_mixin.py:188} INFO - Downloaded GOOGL/1771331627.json
[2026-02-17T12:36:54.510+0000] {logging_mixin.py:188} INFO - Downloaded GOOGL/1771331639.json
[2026-02-17T12:36:54.555+0000] {logging_mixin.py:188} INFO - Downloaded GOOGL/1771331650.json
[2026-02-17T12:36:54.598+0000] {logging_mixin.py:188} INFO - Downloaded GOOGL/1771331660.json
[2026-02-17T12:36:54.754+0000] {logging_mixin.py:188} INFO - Downloaded GOOGL/1771331671.json
[2026-02-17T12:36:54.781+0000] {logging_mixin.py:188} INFO - Downloaded GOOGL/1771331681.json
[2026-02-17T12:36:54.811+0000] {logging_mixin.py:188} INFO - Downloaded GOOGL/1771331691.json
[2026-02-17T12:36:54.897+0000] {logging_mixin.py:188} INFO - Downloaded GOOGL/1771331701.json
[2026-02-17T12:36:54.931+0000] {logging_mixin.py:188} INFO - Downloaded GOOGL/1771331711.json
[2026-02-17T12:36:54.993+0000] {logging_mixin.py:188} INFO - Downloaded GOOGL/1771331722.json
[2026-02-17T12:36:55.041+0000] {logging_mixin.py:188} INFO - Downloaded GOOGL/1771331733.json
[2026-02-17T12:36:55.110+0000] {logging_mixin.py:188} INFO - Downloaded GOOGL/1771331744.json
[2026-02-17T12:36:55.178+0000] {logging_mixin.py:188} INFO - Downloaded GOOGL/1771331755.json
[2026-02-17T12:36:55.232+0000] {logging_mixin.py:188} INFO - Downloaded GOOGL/1771331765.json
[2026-02-17T12:36:55.288+0000] {logging_mixin.py:188} INFO - Downloaded GOOGL/1771331776.json
[2026-02-17T12:36:55.344+0000] {logging_mixin.py:188} INFO - Downloaded MSFT/1771324933.json
[2026-02-17T12:36:55.387+0000] {logging_mixin.py:188} INFO - Downloaded MSFT/1771324944.json
[2026-02-17T12:36:55.434+0000] {logging_mixin.py:188} INFO - Downloaded MSFT/1771324954.json
[2026-02-17T12:36:55.483+0000] {logging_mixin.py:188} INFO - Downloaded MSFT/1771324965.json
[2026-02-17T12:36:55.537+0000] {logging_mixin.py:188} INFO - Downloaded MSFT/1771324975.json
[2026-02-17T12:36:55.584+0000] {logging_mixin.py:188} INFO - Downloaded MSFT/1771324986.json
[2026-02-17T12:36:55.634+0000] {logging_mixin.py:188} INFO - Downloaded MSFT/1771324997.json
[2026-02-17T12:36:55.673+0000] {logging_mixin.py:188} INFO - Downloaded MSFT/1771325008.json
[2026-02-17T12:36:55.731+0000] {logging_mixin.py:188} INFO - Downloaded MSFT/1771325018.json
[2026-02-17T12:36:55.784+0000] {logging_mixin.py:188} INFO - Downloaded MSFT/1771325029.json
[2026-02-17T12:36:55.857+0000] {logging_mixin.py:188} INFO - Downloaded MSFT/1771325039.json
[2026-02-17T12:36:55.927+0000] {logging_mixin.py:188} INFO - Downloaded MSFT/1771325050.json
[2026-02-17T12:36:55.987+0000] {logging_mixin.py:188} INFO - Downloaded MSFT/1771325060.json
[2026-02-17T12:36:56.043+0000] {logging_mixin.py:188} INFO - Downloaded MSFT/1771325070.json
[2026-02-17T12:36:56.095+0000] {logging_mixin.py:188} INFO - Downloaded MSFT/1771325080.json
[2026-02-17T12:36:56.140+0000] {logging_mixin.py:188} INFO - Downloaded MSFT/1771325091.json
[2026-02-17T12:36:56.189+0000] {logging_mixin.py:188} INFO - Downloaded MSFT/1771325102.json
[2026-02-17T12:36:56.246+0000] {logging_mixin.py:188} INFO - Downloaded MSFT/1771325113.json
[2026-02-17T12:36:56.291+0000] {logging_mixin.py:188} INFO - Downloaded MSFT/1771325123.json
[2026-02-17T12:36:56.353+0000] {logging_mixin.py:188} INFO - Downloaded MSFT/1771325133.json
[2026-02-17T12:36:56.407+0000] {logging_mixin.py:188} INFO - Downloaded MSFT/1771325143.json
[2026-02-17T12:36:56.477+0000] {logging_mixin.py:188} INFO - Downloaded MSFT/1771325154.json
[2026-02-17T12:36:56.561+0000] {logging_mixin.py:188} INFO - Downloaded MSFT/1771325164.json
[2026-02-17T12:36:56.622+0000] {logging_mixin.py:188} INFO - Downloaded MSFT/1771325175.json
[2026-02-17T12:36:56.692+0000] {logging_mixin.py:188} INFO - Downloaded MSFT/1771325185.json
[2026-02-17T12:36:56.739+0000] {logging_mixin.py:188} INFO - Downloaded MSFT/1771325195.json
[2026-02-17T12:36:56.816+0000] {logging_mixin.py:188} INFO - Downloaded MSFT/1771325206.json
[2026-02-17T12:36:56.863+0000] {logging_mixin.py:188} INFO - Downloaded MSFT/1771325216.json
[2026-02-17T12:36:56.907+0000] {logging_mixin.py:188} INFO - Downloaded MSFT/1771325226.json
[2026-02-17T12:36:56.954+0000] {logging_mixin.py:188} INFO - Downloaded MSFT/1771325237.json
[2026-02-17T12:36:56.982+0000] {logging_mixin.py:188} INFO - Downloaded MSFT/1771325248.json
[2026-02-17T12:36:57.040+0000] {logging_mixin.py:188} INFO - Downloaded MSFT/1771325258.json
[2026-02-17T12:36:57.086+0000] {logging_mixin.py:188} INFO - Downloaded MSFT/1771325270.json
[2026-02-17T12:36:57.154+0000] {logging_mixin.py:188} INFO - Downloaded MSFT/1771325280.json
[2026-02-17T12:36:57.207+0000] {logging_mixin.py:188} INFO - Downloaded MSFT/1771325290.json
[2026-02-17T12:36:57.264+0000] {logging_mixin.py:188} INFO - Downloaded MSFT/1771325301.json
[2026-02-17T12:36:57.310+0000] {logging_mixin.py:188} INFO - Downloaded MSFT/1771325335.json
[2026-02-17T12:36:57.349+0000] {logging_mixin.py:188} INFO - Downloaded MSFT/1771325345.json
[2026-02-17T12:36:57.400+0000] {logging_mixin.py:188} INFO - Downloaded MSFT/1771325355.json
[2026-02-17T12:36:57.446+0000] {logging_mixin.py:188} INFO - Downloaded MSFT/1771325366.json
[2026-02-17T12:36:57.490+0000] {logging_mixin.py:188} INFO - Downloaded MSFT/1771325376.json
[2026-02-17T12:36:57.529+0000] {logging_mixin.py:188} INFO - Downloaded MSFT/1771325386.json
[2026-02-17T12:36:57.569+0000] {logging_mixin.py:188} INFO - Downloaded MSFT/1771325398.json
[2026-02-17T12:36:57.620+0000] {logging_mixin.py:188} INFO - Downloaded MSFT/1771325409.json
[2026-02-17T12:36:57.680+0000] {logging_mixin.py:188} INFO - Downloaded MSFT/1771325420.json
[2026-02-17T12:36:57.731+0000] {logging_mixin.py:188} INFO - Downloaded MSFT/1771325432.json
[2026-02-17T12:36:57.780+0000] {logging_mixin.py:188} INFO - Downloaded MSFT/1771325444.json
[2026-02-17T12:36:57.818+0000] {logging_mixin.py:188} INFO - Downloaded MSFT/1771325455.json
[2026-02-17T12:36:57.851+0000] {logging_mixin.py:188} INFO - Downloaded MSFT/1771325465.json
[2026-02-17T12:36:57.897+0000] {logging_mixin.py:188} INFO - Downloaded MSFT/1771325475.json
[2026-02-17T12:36:57.942+0000] {logging_mixin.py:188} INFO - Downloaded MSFT/1771325486.json
[2026-02-17T12:36:57.979+0000] {logging_mixin.py:188} INFO - Downloaded MSFT/1771325497.json
[2026-02-17T12:36:58.011+0000] {logging_mixin.py:188} INFO - Downloaded MSFT/1771325508.json
[2026-02-17T12:36:58.061+0000] {logging_mixin.py:188} INFO - Downloaded MSFT/1771325518.json
[2026-02-17T12:36:58.087+0000] {logging_mixin.py:188} INFO - Downloaded MSFT/1771325529.json
[2026-02-17T12:36:58.109+0000] {logging_mixin.py:188} INFO - Downloaded MSFT/1771325539.json
[2026-02-17T12:36:58.131+0000] {logging_mixin.py:188} INFO - Downloaded MSFT/1771325550.json
[2026-02-17T12:36:58.164+0000] {logging_mixin.py:188} INFO - Downloaded MSFT/1771325560.json
[2026-02-17T12:36:58.193+0000] {logging_mixin.py:188} INFO - Downloaded MSFT/1771325570.json
[2026-02-17T12:36:58.218+0000] {logging_mixin.py:188} INFO - Downloaded MSFT/1771325580.json
[2026-02-17T12:36:58.242+0000] {logging_mixin.py:188} INFO - Downloaded MSFT/1771325590.json
[2026-02-17T12:36:58.267+0000] {logging_mixin.py:188} INFO - Downloaded MSFT/1771325601.json
[2026-02-17T12:36:58.302+0000] {logging_mixin.py:188} INFO - Downloaded MSFT/1771325613.json
[2026-02-17T12:36:58.332+0000] {logging_mixin.py:188} INFO - Downloaded MSFT/1771325624.json
[2026-02-17T12:36:58.354+0000] {logging_mixin.py:188} INFO - Downloaded MSFT/1771325634.json
[2026-02-17T12:36:58.379+0000] {logging_mixin.py:188} INFO - Downloaded MSFT/1771325645.json
[2026-02-17T12:36:58.406+0000] {logging_mixin.py:188} INFO - Downloaded MSFT/1771325656.json
[2026-02-17T12:36:58.436+0000] {logging_mixin.py:188} INFO - Downloaded MSFT/1771325666.json
[2026-02-17T12:36:58.469+0000] {logging_mixin.py:188} INFO - Downloaded MSFT/1771325677.json
[2026-02-17T12:36:58.497+0000] {logging_mixin.py:188} INFO - Downloaded MSFT/1771325687.json
[2026-02-17T12:36:58.523+0000] {logging_mixin.py:188} INFO - Downloaded MSFT/1771325698.json
[2026-02-17T12:36:58.550+0000] {logging_mixin.py:188} INFO - Downloaded MSFT/1771325708.json
[2026-02-17T12:36:58.584+0000] {logging_mixin.py:188} INFO - Downloaded MSFT/1771325719.json
[2026-02-17T12:36:58.611+0000] {logging_mixin.py:188} INFO - Downloaded MSFT/1771325730.json
[2026-02-17T12:36:58.634+0000] {logging_mixin.py:188} INFO - Downloaded MSFT/1771325740.json
[2026-02-17T12:36:58.661+0000] {logging_mixin.py:188} INFO - Downloaded MSFT/1771325751.json
[2026-02-17T12:36:58.686+0000] {logging_mixin.py:188} INFO - Downloaded MSFT/1771325777.json
[2026-02-17T12:36:58.713+0000] {logging_mixin.py:188} INFO - Downloaded MSFT/1771325788.json
[2026-02-17T12:36:58.750+0000] {logging_mixin.py:188} INFO - Downloaded MSFT/1771325801.json
[2026-02-17T12:36:58.781+0000] {logging_mixin.py:188} INFO - Downloaded MSFT/1771325811.json
[2026-02-17T12:36:58.813+0000] {logging_mixin.py:188} INFO - Downloaded MSFT/1771325821.json
[2026-02-17T12:36:58.836+0000] {logging_mixin.py:188} INFO - Downloaded MSFT/1771325831.json
[2026-02-17T12:36:58.856+0000] {logging_mixin.py:188} INFO - Downloaded MSFT/1771325841.json
[2026-02-17T12:36:58.880+0000] {logging_mixin.py:188} INFO - Downloaded MSFT/1771325853.json
[2026-02-17T12:36:58.905+0000] {logging_mixin.py:188} INFO - Downloaded MSFT/1771325864.json
[2026-02-17T12:36:58.974+0000] {logging_mixin.py:188} INFO - Downloaded MSFT/1771325875.json
[2026-02-17T12:36:59.001+0000] {logging_mixin.py:188} INFO - Downloaded MSFT/1771325887.json
[2026-02-17T12:36:59.031+0000] {logging_mixin.py:188} INFO - Downloaded MSFT/1771325899.json
[2026-02-17T12:36:59.074+0000] {logging_mixin.py:188} INFO - Downloaded MSFT/1771325911.json
[2026-02-17T12:36:59.113+0000] {logging_mixin.py:188} INFO - Downloaded MSFT/1771325922.json
[2026-02-17T12:36:59.140+0000] {logging_mixin.py:188} INFO - Downloaded MSFT/1771325933.json
[2026-02-17T12:36:59.173+0000] {logging_mixin.py:188} INFO - Downloaded MSFT/1771325945.json
[2026-02-17T12:36:59.204+0000] {logging_mixin.py:188} INFO - Downloaded MSFT/1771325956.json
[2026-02-17T12:36:59.269+0000] {logging_mixin.py:188} INFO - Downloaded MSFT/1771325970.json
[2026-02-17T12:36:59.293+0000] {logging_mixin.py:188} INFO - Downloaded MSFT/1771325981.json
[2026-02-17T12:36:59.319+0000] {logging_mixin.py:188} INFO - Downloaded MSFT/1771325992.json
[2026-02-17T12:36:59.342+0000] {logging_mixin.py:188} INFO - Downloaded MSFT/1771326003.json
[2026-02-17T12:36:59.365+0000] {logging_mixin.py:188} INFO - Downloaded MSFT/1771326013.json
[2026-02-17T12:36:59.393+0000] {logging_mixin.py:188} INFO - Downloaded MSFT/1771326024.json
[2026-02-17T12:36:59.420+0000] {logging_mixin.py:188} INFO - Downloaded MSFT/1771326035.json
[2026-02-17T12:36:59.444+0000] {logging_mixin.py:188} INFO - Downloaded MSFT/1771326045.json
[2026-02-17T12:36:59.465+0000] {logging_mixin.py:188} INFO - Downloaded MSFT/1771326055.json
[2026-02-17T12:36:59.487+0000] {logging_mixin.py:188} INFO - Downloaded MSFT/1771326065.json
[2026-02-17T12:36:59.513+0000] {logging_mixin.py:188} INFO - Downloaded MSFT/1771326075.json
[2026-02-17T12:36:59.553+0000] {logging_mixin.py:188} INFO - Downloaded MSFT/1771326085.json
[2026-02-17T12:36:59.577+0000] {logging_mixin.py:188} INFO - Downloaded MSFT/1771326096.json
[2026-02-17T12:36:59.600+0000] {logging_mixin.py:188} INFO - Downloaded MSFT/1771326108.json
[2026-02-17T12:36:59.622+0000] {logging_mixin.py:188} INFO - Downloaded MSFT/1771326123.json
[2026-02-17T12:36:59.644+0000] {logging_mixin.py:188} INFO - Downloaded MSFT/1771326136.json
[2026-02-17T12:36:59.665+0000] {logging_mixin.py:188} INFO - Downloaded MSFT/1771326146.json
[2026-02-17T12:36:59.687+0000] {logging_mixin.py:188} INFO - Downloaded MSFT/1771326158.json
[2026-02-17T12:36:59.709+0000] {logging_mixin.py:188} INFO - Downloaded MSFT/1771326169.json
[2026-02-17T12:36:59.731+0000] {logging_mixin.py:188} INFO - Downloaded MSFT/1771326180.json
[2026-02-17T12:36:59.757+0000] {logging_mixin.py:188} INFO - Downloaded MSFT/1771326191.json
[2026-02-17T12:36:59.783+0000] {logging_mixin.py:188} INFO - Downloaded MSFT/1771326202.json
[2026-02-17T12:36:59.808+0000] {logging_mixin.py:188} INFO - Downloaded MSFT/1771326212.json
[2026-02-17T12:36:59.829+0000] {logging_mixin.py:188} INFO - Downloaded MSFT/1771326222.json
[2026-02-17T12:36:59.850+0000] {logging_mixin.py:188} INFO - Downloaded MSFT/1771326232.json
[2026-02-17T12:36:59.874+0000] {logging_mixin.py:188} INFO - Downloaded MSFT/1771326243.json
[2026-02-17T12:36:59.918+0000] {logging_mixin.py:188} INFO - Downloaded MSFT/1771326252.json
[2026-02-17T12:36:59.946+0000] {logging_mixin.py:188} INFO - Downloaded MSFT/1771326263.json
[2026-02-17T12:37:00.007+0000] {logging_mixin.py:188} INFO - Downloaded MSFT/1771326273.json
[2026-02-17T12:37:00.038+0000] {logging_mixin.py:188} INFO - Downloaded MSFT/1771326283.json
[2026-02-17T12:37:00.071+0000] {logging_mixin.py:188} INFO - Downloaded MSFT/1771326294.json
[2026-02-17T12:37:00.104+0000] {logging_mixin.py:188} INFO - Downloaded MSFT/1771326310.json
[2026-02-17T12:37:00.131+0000] {logging_mixin.py:188} INFO - Downloaded MSFT/1771326321.json
[2026-02-17T12:37:00.157+0000] {logging_mixin.py:188} INFO - Downloaded MSFT/1771326332.json
[2026-02-17T12:37:00.209+0000] {logging_mixin.py:188} INFO - Downloaded MSFT/1771326348.json
[2026-02-17T12:37:00.252+0000] {logging_mixin.py:188} INFO - Downloaded MSFT/1771326359.json
[2026-02-17T12:37:00.280+0000] {logging_mixin.py:188} INFO - Downloaded MSFT/1771326371.json
[2026-02-17T12:37:00.311+0000] {logging_mixin.py:188} INFO - Downloaded MSFT/1771326382.json
[2026-02-17T12:37:00.356+0000] {logging_mixin.py:188} INFO - Downloaded MSFT/1771326392.json
[2026-02-17T12:37:00.407+0000] {logging_mixin.py:188} INFO - Downloaded MSFT/1771326402.json
[2026-02-17T12:37:00.438+0000] {logging_mixin.py:188} INFO - Downloaded MSFT/1771326412.json
[2026-02-17T12:37:00.474+0000] {logging_mixin.py:188} INFO - Downloaded MSFT/1771326423.json
[2026-02-17T12:37:00.527+0000] {logging_mixin.py:188} INFO - Downloaded MSFT/1771326433.json
[2026-02-17T12:37:00.561+0000] {logging_mixin.py:188} INFO - Downloaded MSFT/1771326443.json
[2026-02-17T12:37:00.589+0000] {logging_mixin.py:188} INFO - Downloaded MSFT/1771326453.json
[2026-02-17T12:37:00.620+0000] {logging_mixin.py:188} INFO - Downloaded MSFT/1771326464.json
[2026-02-17T12:37:00.649+0000] {logging_mixin.py:188} INFO - Downloaded MSFT/1771326474.json
[2026-02-17T12:37:00.679+0000] {logging_mixin.py:188} INFO - Downloaded MSFT/1771326484.json
[2026-02-17T12:37:00.718+0000] {logging_mixin.py:188} INFO - Downloaded MSFT/1771326494.json
[2026-02-17T12:37:00.744+0000] {logging_mixin.py:188} INFO - Downloaded MSFT/1771326505.json
[2026-02-17T12:37:00.768+0000] {logging_mixin.py:188} INFO - Downloaded MSFT/1771326515.json
[2026-02-17T12:37:00.793+0000] {logging_mixin.py:188} INFO - Downloaded MSFT/1771326526.json
[2026-02-17T12:37:00.818+0000] {logging_mixin.py:188} INFO - Downloaded MSFT/1771326535.json
[2026-02-17T12:37:00.840+0000] {logging_mixin.py:188} INFO - Downloaded MSFT/1771326546.json
[2026-02-17T12:37:00.869+0000] {logging_mixin.py:188} INFO - Downloaded MSFT/1771326556.json
[2026-02-17T12:37:00.895+0000] {logging_mixin.py:188} INFO - Downloaded MSFT/1771326567.json
[2026-02-17T12:37:00.921+0000] {logging_mixin.py:188} INFO - Downloaded MSFT/1771326576.json
[2026-02-17T12:37:00.947+0000] {logging_mixin.py:188} INFO - Downloaded MSFT/1771326586.json
[2026-02-17T12:37:00.978+0000] {logging_mixin.py:188} INFO - Downloaded MSFT/1771326596.json
[2026-02-17T12:37:01.015+0000] {logging_mixin.py:188} INFO - Downloaded MSFT/1771326606.json
[2026-02-17T12:37:01.061+0000] {logging_mixin.py:188} INFO - Downloaded MSFT/1771326616.json
[2026-02-17T12:37:01.101+0000] {logging_mixin.py:188} INFO - Downloaded MSFT/1771326627.json
[2026-02-17T12:37:01.129+0000] {logging_mixin.py:188} INFO - Downloaded MSFT/1771326637.json
[2026-02-17T12:37:01.156+0000] {logging_mixin.py:188} INFO - Downloaded MSFT/1771326647.json
[2026-02-17T12:37:01.186+0000] {logging_mixin.py:188} INFO - Downloaded MSFT/1771326657.json
[2026-02-17T12:37:01.214+0000] {logging_mixin.py:188} INFO - Downloaded MSFT/1771326667.json
[2026-02-17T12:37:01.240+0000] {logging_mixin.py:188} INFO - Downloaded MSFT/1771326678.json
[2026-02-17T12:37:01.268+0000] {logging_mixin.py:188} INFO - Downloaded MSFT/1771326688.json
[2026-02-17T12:37:01.292+0000] {logging_mixin.py:188} INFO - Downloaded MSFT/1771326698.json
[2026-02-17T12:37:01.328+0000] {logging_mixin.py:188} INFO - Downloaded MSFT/1771326708.json
[2026-02-17T12:37:01.355+0000] {logging_mixin.py:188} INFO - Downloaded MSFT/1771326719.json
[2026-02-17T12:37:01.380+0000] {logging_mixin.py:188} INFO - Downloaded MSFT/1771326729.json
[2026-02-17T12:37:01.410+0000] {logging_mixin.py:188} INFO - Downloaded MSFT/1771326739.json
[2026-02-17T12:37:01.434+0000] {logging_mixin.py:188} INFO - Downloaded MSFT/1771326749.json
[2026-02-17T12:37:01.462+0000] {logging_mixin.py:188} INFO - Downloaded MSFT/1771326759.json
[2026-02-17T12:37:01.497+0000] {logging_mixin.py:188} INFO - Downloaded MSFT/1771326770.json
[2026-02-17T12:37:01.528+0000] {logging_mixin.py:188} INFO - Downloaded MSFT/1771326780.json
[2026-02-17T12:37:01.556+0000] {logging_mixin.py:188} INFO - Downloaded MSFT/1771326790.json
[2026-02-17T12:37:01.582+0000] {logging_mixin.py:188} INFO - Downloaded MSFT/1771326800.json
[2026-02-17T12:37:01.612+0000] {logging_mixin.py:188} INFO - Downloaded MSFT/1771326810.json
[2026-02-17T12:37:01.656+0000] {logging_mixin.py:188} INFO - Downloaded MSFT/1771326820.json
[2026-02-17T12:37:01.709+0000] {logging_mixin.py:188} INFO - Downloaded MSFT/1771326831.json
[2026-02-17T12:37:01.749+0000] {logging_mixin.py:188} INFO - Downloaded MSFT/1771326841.json
[2026-02-17T12:37:01.788+0000] {logging_mixin.py:188} INFO - Downloaded MSFT/1771326851.json
[2026-02-17T12:37:01.834+0000] {logging_mixin.py:188} INFO - Downloaded MSFT/1771326861.json
[2026-02-17T12:37:01.877+0000] {logging_mixin.py:188} INFO - Downloaded MSFT/1771326871.json
[2026-02-17T12:37:01.918+0000] {logging_mixin.py:188} INFO - Downloaded MSFT/1771326882.json
[2026-02-17T12:37:01.962+0000] {logging_mixin.py:188} INFO - Downloaded MSFT/1771326892.json
[2026-02-17T12:37:01.993+0000] {logging_mixin.py:188} INFO - Downloaded MSFT/1771326902.json
[2026-02-17T12:37:02.017+0000] {logging_mixin.py:188} INFO - Downloaded MSFT/1771326913.json
[2026-02-17T12:37:02.044+0000] {logging_mixin.py:188} INFO - Downloaded MSFT/1771326924.json
[2026-02-17T12:37:02.082+0000] {logging_mixin.py:188} INFO - Downloaded MSFT/1771326935.json
[2026-02-17T12:37:02.104+0000] {logging_mixin.py:188} INFO - Downloaded MSFT/1771326946.json
[2026-02-17T12:37:02.129+0000] {logging_mixin.py:188} INFO - Downloaded MSFT/1771326956.json
[2026-02-17T12:37:02.151+0000] {logging_mixin.py:188} INFO - Downloaded MSFT/1771326966.json
[2026-02-17T12:37:02.173+0000] {logging_mixin.py:188} INFO - Downloaded MSFT/1771326977.json
[2026-02-17T12:37:02.197+0000] {logging_mixin.py:188} INFO - Downloaded MSFT/1771326987.json
[2026-02-17T12:37:02.222+0000] {logging_mixin.py:188} INFO - Downloaded MSFT/1771326997.json
[2026-02-17T12:37:02.248+0000] {logging_mixin.py:188} INFO - Downloaded MSFT/1771327009.json
[2026-02-17T12:37:02.277+0000] {logging_mixin.py:188} INFO - Downloaded MSFT/1771327019.json
[2026-02-17T12:37:02.299+0000] {logging_mixin.py:188} INFO - Downloaded MSFT/1771327029.json
[2026-02-17T12:37:02.324+0000] {logging_mixin.py:188} INFO - Downloaded MSFT/1771327040.json
[2026-02-17T12:37:02.350+0000] {logging_mixin.py:188} INFO - Downloaded MSFT/1771327050.json
[2026-02-17T12:37:02.381+0000] {logging_mixin.py:188} INFO - Downloaded MSFT/1771327060.json
[2026-02-17T12:37:02.408+0000] {logging_mixin.py:188} INFO - Downloaded MSFT/1771327083.json
[2026-02-17T12:37:02.438+0000] {logging_mixin.py:188} INFO - Downloaded MSFT/1771327099.json
[2026-02-17T12:37:02.472+0000] {logging_mixin.py:188} INFO - Downloaded MSFT/1771327115.json
[2026-02-17T12:37:02.542+0000] {logging_mixin.py:188} INFO - Downloaded MSFT/1771327128.json
[2026-02-17T12:37:02.574+0000] {logging_mixin.py:188} INFO - Downloaded MSFT/1771327139.json
[2026-02-17T12:37:02.626+0000] {logging_mixin.py:188} INFO - Downloaded MSFT/1771327149.json
[2026-02-17T12:37:02.659+0000] {logging_mixin.py:188} INFO - Downloaded MSFT/1771327159.json
[2026-02-17T12:37:02.693+0000] {logging_mixin.py:188} INFO - Downloaded MSFT/1771327169.json
[2026-02-17T12:37:02.720+0000] {logging_mixin.py:188} INFO - Downloaded MSFT/1771327179.json
[2026-02-17T12:37:02.748+0000] {logging_mixin.py:188} INFO - Downloaded MSFT/1771327189.json
[2026-02-17T12:37:02.779+0000] {logging_mixin.py:188} INFO - Downloaded MSFT/1771327199.json
[2026-02-17T12:37:02.809+0000] {logging_mixin.py:188} INFO - Downloaded MSFT/1771327210.json
[2026-02-17T12:37:02.843+0000] {logging_mixin.py:188} INFO - Downloaded MSFT/1771327221.json
[2026-02-17T12:37:02.928+0000] {logging_mixin.py:188} INFO - Downloaded MSFT/1771327231.json
[2026-02-17T12:37:02.971+0000] {logging_mixin.py:188} INFO - Downloaded MSFT/1771327241.json
[2026-02-17T12:37:03.416+0000] {logging_mixin.py:188} INFO - Downloaded MSFT/1771327253.json
[2026-02-17T12:37:03.929+0000] {logging_mixin.py:188} INFO - Downloaded MSFT/1771327263.json
[2026-02-17T12:37:04.740+0000] {logging_mixin.py:188} INFO - Downloaded MSFT/1771327273.json
[2026-02-17T12:37:05.236+0000] {logging_mixin.py:188} INFO - Downloaded MSFT/1771327283.json
[2026-02-17T12:37:05.274+0000] {logging_mixin.py:188} INFO - Downloaded MSFT/1771327293.json
[2026-02-17T12:37:05.318+0000] {logging_mixin.py:188} INFO - Downloaded MSFT/1771327303.json
[2026-02-17T12:37:05.368+0000] {logging_mixin.py:188} INFO - Downloaded MSFT/1771327314.json
[2026-02-17T12:37:05.418+0000] {logging_mixin.py:188} INFO - Downloaded MSFT/1771327324.json
[2026-02-17T12:37:05.453+0000] {logging_mixin.py:188} INFO - Downloaded MSFT/1771327335.json
[2026-02-17T12:37:05.481+0000] {logging_mixin.py:188} INFO - Downloaded MSFT/1771327345.json
[2026-02-17T12:37:05.512+0000] {logging_mixin.py:188} INFO - Downloaded MSFT/1771327355.json
[2026-02-17T12:37:05.536+0000] {logging_mixin.py:188} INFO - Downloaded MSFT/1771327365.json
[2026-02-17T12:37:05.563+0000] {logging_mixin.py:188} INFO - Downloaded MSFT/1771327375.json
[2026-02-17T12:37:05.586+0000] {logging_mixin.py:188} INFO - Downloaded MSFT/1771327385.json
[2026-02-17T12:37:05.608+0000] {logging_mixin.py:188} INFO - Downloaded MSFT/1771327396.json
[2026-02-17T12:37:05.634+0000] {logging_mixin.py:188} INFO - Downloaded MSFT/1771327407.json
[2026-02-17T12:37:05.666+0000] {logging_mixin.py:188} INFO - Downloaded MSFT/1771327418.json
[2026-02-17T12:37:05.693+0000] {logging_mixin.py:188} INFO - Downloaded MSFT/1771327428.json
[2026-02-17T12:37:05.713+0000] {logging_mixin.py:188} INFO - Downloaded MSFT/1771327438.json
[2026-02-17T12:37:05.727+0000] {logging_mixin.py:188} INFO - Downloaded MSFT/1771327448.json
[2026-02-17T12:37:05.766+0000] {logging_mixin.py:188} INFO - Downloaded MSFT/1771327458.json
[2026-02-17T12:37:05.784+0000] {logging_mixin.py:188} INFO - Downloaded MSFT/1771327469.json
[2026-02-17T12:37:05.800+0000] {logging_mixin.py:188} INFO - Downloaded MSFT/1771327479.json
[2026-02-17T12:37:05.815+0000] {logging_mixin.py:188} INFO - Downloaded MSFT/1771327490.json
[2026-02-17T12:37:05.838+0000] {logging_mixin.py:188} INFO - Downloaded MSFT/1771327500.json
[2026-02-17T12:37:05.869+0000] {logging_mixin.py:188} INFO - Downloaded MSFT/1771327511.json
[2026-02-17T12:37:06.152+0000] {logging_mixin.py:188} INFO - Downloaded MSFT/1771327522.json
[2026-02-17T12:37:06.178+0000] {logging_mixin.py:188} INFO - Downloaded MSFT/1771327532.json
[2026-02-17T12:37:06.194+0000] {logging_mixin.py:188} INFO - Downloaded MSFT/1771327542.json
[2026-02-17T12:37:06.217+0000] {logging_mixin.py:188} INFO - Downloaded MSFT/1771327553.json
[2026-02-17T12:37:06.246+0000] {logging_mixin.py:188} INFO - Downloaded MSFT/1771327563.json
[2026-02-17T12:37:06.265+0000] {logging_mixin.py:188} INFO - Downloaded MSFT/1771327575.json
[2026-02-17T12:37:06.283+0000] {logging_mixin.py:188} INFO - Downloaded MSFT/1771327587.json
[2026-02-17T12:37:06.301+0000] {logging_mixin.py:188} INFO - Downloaded MSFT/1771327598.json
[2026-02-17T12:37:06.318+0000] {logging_mixin.py:188} INFO - Downloaded MSFT/1771327608.json
[2026-02-17T12:37:06.336+0000] {logging_mixin.py:188} INFO - Downloaded MSFT/1771327618.json
[2026-02-17T12:37:06.348+0000] {logging_mixin.py:188} INFO - Downloaded MSFT/1771327629.json
[2026-02-17T12:37:06.360+0000] {logging_mixin.py:188} INFO - Downloaded MSFT/1771327639.json
[2026-02-17T12:37:06.371+0000] {logging_mixin.py:188} INFO - Downloaded MSFT/1771327649.json
[2026-02-17T12:37:06.385+0000] {logging_mixin.py:188} INFO - Downloaded MSFT/1771327659.json
[2026-02-17T12:37:06.398+0000] {logging_mixin.py:188} INFO - Downloaded MSFT/1771327669.json
[2026-02-17T12:37:06.417+0000] {logging_mixin.py:188} INFO - Downloaded MSFT/1771327679.json
[2026-02-17T12:37:06.431+0000] {logging_mixin.py:188} INFO - Downloaded MSFT/1771327690.json
[2026-02-17T12:37:06.448+0000] {logging_mixin.py:188} INFO - Downloaded MSFT/1771327700.json
[2026-02-17T12:37:06.462+0000] {logging_mixin.py:188} INFO - Downloaded MSFT/1771327710.json
[2026-02-17T12:37:06.473+0000] {logging_mixin.py:188} INFO - Downloaded MSFT/1771327720.json
[2026-02-17T12:37:06.487+0000] {logging_mixin.py:188} INFO - Downloaded MSFT/1771327730.json
[2026-02-17T12:37:06.503+0000] {logging_mixin.py:188} INFO - Downloaded MSFT/1771327741.json
[2026-02-17T12:37:06.522+0000] {logging_mixin.py:188} INFO - Downloaded MSFT/1771327751.json
[2026-02-17T12:37:06.539+0000] {logging_mixin.py:188} INFO - Downloaded MSFT/1771327762.json
[2026-02-17T12:37:06.553+0000] {logging_mixin.py:188} INFO - Downloaded MSFT/1771327772.json
[2026-02-17T12:37:06.569+0000] {logging_mixin.py:188} INFO - Downloaded MSFT/1771327783.json
[2026-02-17T12:37:06.584+0000] {logging_mixin.py:188} INFO - Downloaded MSFT/1771327793.json
[2026-02-17T12:37:06.601+0000] {logging_mixin.py:188} INFO - Downloaded MSFT/1771327803.json
[2026-02-17T12:37:06.614+0000] {logging_mixin.py:188} INFO - Downloaded MSFT/1771327814.json
[2026-02-17T12:37:06.630+0000] {logging_mixin.py:188} INFO - Downloaded MSFT/1771327824.json
[2026-02-17T12:37:06.646+0000] {logging_mixin.py:188} INFO - Downloaded MSFT/1771327834.json
[2026-02-17T12:37:06.668+0000] {logging_mixin.py:188} INFO - Downloaded MSFT/1771327845.json
[2026-02-17T12:37:06.682+0000] {logging_mixin.py:188} INFO - Downloaded MSFT/1771327855.json
[2026-02-17T12:37:06.702+0000] {logging_mixin.py:188} INFO - Downloaded MSFT/1771327866.json
[2026-02-17T12:37:06.716+0000] {logging_mixin.py:188} INFO - Downloaded MSFT/1771327877.json
[2026-02-17T12:37:06.734+0000] {logging_mixin.py:188} INFO - Downloaded MSFT/1771327888.json
[2026-02-17T12:37:06.752+0000] {logging_mixin.py:188} INFO - Downloaded MSFT/1771327898.json
[2026-02-17T12:37:06.769+0000] {logging_mixin.py:188} INFO - Downloaded MSFT/1771327908.json
[2026-02-17T12:37:06.784+0000] {logging_mixin.py:188} INFO - Downloaded MSFT/1771327919.json
[2026-02-17T12:37:06.797+0000] {logging_mixin.py:188} INFO - Downloaded MSFT/1771327929.json
[2026-02-17T12:37:06.810+0000] {logging_mixin.py:188} INFO - Downloaded MSFT/1771327939.json
[2026-02-17T12:37:06.823+0000] {logging_mixin.py:188} INFO - Downloaded MSFT/1771327949.json
[2026-02-17T12:37:06.839+0000] {logging_mixin.py:188} INFO - Downloaded MSFT/1771327959.json
[2026-02-17T12:37:06.854+0000] {logging_mixin.py:188} INFO - Downloaded MSFT/1771327970.json
[2026-02-17T12:37:06.869+0000] {logging_mixin.py:188} INFO - Downloaded MSFT/1771327980.json
[2026-02-17T12:37:06.886+0000] {logging_mixin.py:188} INFO - Downloaded MSFT/1771327991.json
[2026-02-17T12:37:06.905+0000] {logging_mixin.py:188} INFO - Downloaded MSFT/1771328001.json
[2026-02-17T12:37:06.922+0000] {logging_mixin.py:188} INFO - Downloaded MSFT/1771328011.json
[2026-02-17T12:37:06.935+0000] {logging_mixin.py:188} INFO - Downloaded MSFT/1771328021.json
[2026-02-17T12:37:06.951+0000] {logging_mixin.py:188} INFO - Downloaded MSFT/1771328031.json
[2026-02-17T12:37:06.968+0000] {logging_mixin.py:188} INFO - Downloaded MSFT/1771328041.json
[2026-02-17T12:37:06.984+0000] {logging_mixin.py:188} INFO - Downloaded MSFT/1771328052.json
[2026-02-17T12:37:06.998+0000] {logging_mixin.py:188} INFO - Downloaded MSFT/1771328062.json
[2026-02-17T12:37:07.012+0000] {logging_mixin.py:188} INFO - Downloaded MSFT/1771328072.json
[2026-02-17T12:37:07.029+0000] {logging_mixin.py:188} INFO - Downloaded MSFT/1771328082.json
[2026-02-17T12:37:07.047+0000] {logging_mixin.py:188} INFO - Downloaded MSFT/1771328093.json
[2026-02-17T12:37:07.066+0000] {logging_mixin.py:188} INFO - Downloaded MSFT/1771328105.json
[2026-02-17T12:37:07.082+0000] {logging_mixin.py:188} INFO - Downloaded MSFT/1771328117.json
[2026-02-17T12:37:07.099+0000] {logging_mixin.py:188} INFO - Downloaded MSFT/1771328128.json
[2026-02-17T12:37:07.114+0000] {logging_mixin.py:188} INFO - Downloaded MSFT/1771328139.json
[2026-02-17T12:37:07.128+0000] {logging_mixin.py:188} INFO - Downloaded MSFT/1771328151.json
[2026-02-17T12:37:07.148+0000] {logging_mixin.py:188} INFO - Downloaded MSFT/1771328162.json
[2026-02-17T12:37:07.161+0000] {logging_mixin.py:188} INFO - Downloaded MSFT/1771328186.json
[2026-02-17T12:37:07.179+0000] {logging_mixin.py:188} INFO - Downloaded MSFT/1771328210.json
[2026-02-17T12:37:07.195+0000] {logging_mixin.py:188} INFO - Downloaded MSFT/1771328221.json
[2026-02-17T12:37:07.222+0000] {logging_mixin.py:188} INFO - Downloaded MSFT/1771328231.json
[2026-02-17T12:37:07.235+0000] {logging_mixin.py:188} INFO - Downloaded MSFT/1771328241.json
[2026-02-17T12:37:07.251+0000] {logging_mixin.py:188} INFO - Downloaded MSFT/1771328252.json
[2026-02-17T12:37:07.279+0000] {logging_mixin.py:188} INFO - Downloaded MSFT/1771328262.json
[2026-02-17T12:37:07.292+0000] {logging_mixin.py:188} INFO - Downloaded MSFT/1771328273.json
[2026-02-17T12:37:07.318+0000] {logging_mixin.py:188} INFO - Downloaded MSFT/1771328284.json
[2026-02-17T12:37:07.335+0000] {logging_mixin.py:188} INFO - Downloaded MSFT/1771328294.json
[2026-02-17T12:37:07.354+0000] {logging_mixin.py:188} INFO - Downloaded MSFT/1771328305.json
[2026-02-17T12:37:07.371+0000] {logging_mixin.py:188} INFO - Downloaded MSFT/1771328315.json
[2026-02-17T12:37:07.390+0000] {logging_mixin.py:188} INFO - Downloaded MSFT/1771328325.json
[2026-02-17T12:37:07.414+0000] {logging_mixin.py:188} INFO - Downloaded MSFT/1771328335.json
[2026-02-17T12:37:07.436+0000] {logging_mixin.py:188} INFO - Downloaded MSFT/1771328346.json
[2026-02-17T12:37:07.450+0000] {logging_mixin.py:188} INFO - Downloaded MSFT/1771328358.json
[2026-02-17T12:37:07.463+0000] {logging_mixin.py:188} INFO - Downloaded MSFT/1771328374.json
[2026-02-17T12:37:07.478+0000] {logging_mixin.py:188} INFO - Downloaded MSFT/1771328385.json
[2026-02-17T12:37:07.492+0000] {logging_mixin.py:188} INFO - Downloaded MSFT/1771328397.json
[2026-02-17T12:37:07.515+0000] {logging_mixin.py:188} INFO - Downloaded MSFT/1771328408.json
[2026-02-17T12:37:07.537+0000] {logging_mixin.py:188} INFO - Downloaded MSFT/1771328418.json
[2026-02-17T12:37:07.557+0000] {logging_mixin.py:188} INFO - Downloaded MSFT/1771328436.json
[2026-02-17T12:37:07.573+0000] {logging_mixin.py:188} INFO - Downloaded MSFT/1771328518.json
[2026-02-17T12:37:07.591+0000] {logging_mixin.py:188} INFO - Downloaded MSFT/1771328529.json
[2026-02-17T12:37:07.612+0000] {logging_mixin.py:188} INFO - Downloaded MSFT/1771328540.json
[2026-02-17T12:37:07.631+0000] {logging_mixin.py:188} INFO - Downloaded MSFT/1771328728.json
[2026-02-17T12:37:07.646+0000] {logging_mixin.py:188} INFO - Downloaded MSFT/1771328740.json
[2026-02-17T12:37:07.663+0000] {logging_mixin.py:188} INFO - Downloaded MSFT/1771328750.json
[2026-02-17T12:37:07.690+0000] {logging_mixin.py:188} INFO - Downloaded MSFT/1771328760.json
[2026-02-17T12:37:07.720+0000] {logging_mixin.py:188} INFO - Downloaded MSFT/1771328771.json
[2026-02-17T12:37:07.736+0000] {logging_mixin.py:188} INFO - Downloaded MSFT/1771328782.json
[2026-02-17T12:37:07.753+0000] {logging_mixin.py:188} INFO - Downloaded MSFT/1771328792.json
[2026-02-17T12:37:07.767+0000] {logging_mixin.py:188} INFO - Downloaded MSFT/1771328802.json
[2026-02-17T12:37:07.783+0000] {logging_mixin.py:188} INFO - Downloaded MSFT/1771328812.json
[2026-02-17T12:37:07.804+0000] {logging_mixin.py:188} INFO - Downloaded MSFT/1771328822.json
[2026-02-17T12:37:07.826+0000] {logging_mixin.py:188} INFO - Downloaded MSFT/1771328833.json
[2026-02-17T12:37:07.843+0000] {logging_mixin.py:188} INFO - Downloaded MSFT/1771328844.json
[2026-02-17T12:37:07.864+0000] {logging_mixin.py:188} INFO - Downloaded MSFT/1771328854.json
[2026-02-17T12:37:07.889+0000] {logging_mixin.py:188} INFO - Downloaded MSFT/1771328866.json
[2026-02-17T12:37:07.909+0000] {logging_mixin.py:188} INFO - Downloaded MSFT/1771328877.json
[2026-02-17T12:37:07.925+0000] {logging_mixin.py:188} INFO - Downloaded MSFT/1771328888.json
[2026-02-17T12:37:07.938+0000] {logging_mixin.py:188} INFO - Downloaded MSFT/1771328899.json
[2026-02-17T12:37:07.954+0000] {logging_mixin.py:188} INFO - Downloaded MSFT/1771328929.json
[2026-02-17T12:37:07.970+0000] {logging_mixin.py:188} INFO - Downloaded MSFT/1771328939.json
[2026-02-17T12:37:07.983+0000] {logging_mixin.py:188} INFO - Downloaded MSFT/1771328949.json
[2026-02-17T12:37:08.003+0000] {logging_mixin.py:188} INFO - Downloaded MSFT/1771328960.json
[2026-02-17T12:37:08.035+0000] {logging_mixin.py:188} INFO - Downloaded MSFT/1771328975.json
[2026-02-17T12:37:08.055+0000] {logging_mixin.py:188} INFO - Downloaded MSFT/1771328985.json
[2026-02-17T12:37:08.069+0000] {logging_mixin.py:188} INFO - Downloaded MSFT/1771328995.json
[2026-02-17T12:37:08.085+0000] {logging_mixin.py:188} INFO - Downloaded MSFT/1771329006.json
[2026-02-17T12:37:08.097+0000] {logging_mixin.py:188} INFO - Downloaded MSFT/1771329020.json
[2026-02-17T12:37:08.115+0000] {logging_mixin.py:188} INFO - Downloaded MSFT/1771329030.json
[2026-02-17T12:37:08.128+0000] {logging_mixin.py:188} INFO - Downloaded MSFT/1771329041.json
[2026-02-17T12:37:08.140+0000] {logging_mixin.py:188} INFO - Downloaded MSFT/1771329082.json
[2026-02-17T12:37:08.154+0000] {logging_mixin.py:188} INFO - Downloaded MSFT/1771329094.json
[2026-02-17T12:37:08.169+0000] {logging_mixin.py:188} INFO - Downloaded MSFT/1771329105.json
[2026-02-17T12:37:08.184+0000] {logging_mixin.py:188} INFO - Downloaded MSFT/1771329131.json
[2026-02-17T12:37:08.202+0000] {logging_mixin.py:188} INFO - Downloaded MSFT/1771329143.json
[2026-02-17T12:37:08.218+0000] {logging_mixin.py:188} INFO - Downloaded MSFT/1771329154.json
[2026-02-17T12:37:08.241+0000] {logging_mixin.py:188} INFO - Downloaded MSFT/1771329165.json
[2026-02-17T12:37:08.260+0000] {logging_mixin.py:188} INFO - Downloaded MSFT/1771329178.json
[2026-02-17T12:37:08.279+0000] {logging_mixin.py:188} INFO - Downloaded MSFT/1771329188.json
[2026-02-17T12:37:08.303+0000] {logging_mixin.py:188} INFO - Downloaded MSFT/1771329199.json
[2026-02-17T12:37:08.321+0000] {logging_mixin.py:188} INFO - Downloaded MSFT/1771329211.json
[2026-02-17T12:37:08.338+0000] {logging_mixin.py:188} INFO - Downloaded MSFT/1771329221.json
[2026-02-17T12:37:08.354+0000] {logging_mixin.py:188} INFO - Downloaded MSFT/1771329232.json
[2026-02-17T12:37:08.369+0000] {logging_mixin.py:188} INFO - Downloaded MSFT/1771329242.json
[2026-02-17T12:37:08.382+0000] {logging_mixin.py:188} INFO - Downloaded MSFT/1771329252.json
[2026-02-17T12:37:08.398+0000] {logging_mixin.py:188} INFO - Downloaded MSFT/1771329263.json
[2026-02-17T12:37:08.415+0000] {logging_mixin.py:188} INFO - Downloaded MSFT/1771329273.json
[2026-02-17T12:37:08.435+0000] {logging_mixin.py:188} INFO - Downloaded MSFT/1771329283.json
[2026-02-17T12:37:08.450+0000] {logging_mixin.py:188} INFO - Downloaded MSFT/1771329293.json
[2026-02-17T12:37:08.499+0000] {logging_mixin.py:188} INFO - Downloaded MSFT/1771329304.json
[2026-02-17T12:37:08.515+0000] {logging_mixin.py:188} INFO - Downloaded MSFT/1771329314.json
[2026-02-17T12:37:08.538+0000] {logging_mixin.py:188} INFO - Downloaded MSFT/1771329324.json
[2026-02-17T12:37:08.559+0000] {logging_mixin.py:188} INFO - Downloaded MSFT/1771329335.json
[2026-02-17T12:37:08.578+0000] {logging_mixin.py:188} INFO - Downloaded MSFT/1771329345.json
[2026-02-17T12:37:08.596+0000] {logging_mixin.py:188} INFO - Downloaded MSFT/1771329355.json
[2026-02-17T12:37:08.612+0000] {logging_mixin.py:188} INFO - Downloaded MSFT/1771329366.json
[2026-02-17T12:37:08.632+0000] {logging_mixin.py:188} INFO - Downloaded MSFT/1771329376.json
[2026-02-17T12:37:08.645+0000] {logging_mixin.py:188} INFO - Downloaded MSFT/1771329386.json
[2026-02-17T12:37:08.662+0000] {logging_mixin.py:188} INFO - Downloaded MSFT/1771329396.json
[2026-02-17T12:37:08.684+0000] {logging_mixin.py:188} INFO - Downloaded MSFT/1771329407.json
[2026-02-17T12:37:08.703+0000] {logging_mixin.py:188} INFO - Downloaded MSFT/1771329417.json
[2026-02-17T12:37:08.718+0000] {logging_mixin.py:188} INFO - Downloaded MSFT/1771329427.json
[2026-02-17T12:37:08.734+0000] {logging_mixin.py:188} INFO - Downloaded MSFT/1771329436.json
[2026-02-17T12:37:08.749+0000] {logging_mixin.py:188} INFO - Downloaded MSFT/1771329446.json
[2026-02-17T12:37:08.764+0000] {logging_mixin.py:188} INFO - Downloaded MSFT/1771329457.json
[2026-02-17T12:37:08.782+0000] {logging_mixin.py:188} INFO - Downloaded MSFT/1771329468.json
[2026-02-17T12:37:08.799+0000] {logging_mixin.py:188} INFO - Downloaded MSFT/1771329478.json
[2026-02-17T12:37:08.813+0000] {logging_mixin.py:188} INFO - Downloaded MSFT/1771329488.json
[2026-02-17T12:37:08.835+0000] {logging_mixin.py:188} INFO - Downloaded MSFT/1771329499.json
[2026-02-17T12:37:08.849+0000] {logging_mixin.py:188} INFO - Downloaded MSFT/1771329510.json
[2026-02-17T12:37:08.865+0000] {logging_mixin.py:188} INFO - Downloaded MSFT/1771329520.json
[2026-02-17T12:37:08.881+0000] {logging_mixin.py:188} INFO - Downloaded MSFT/1771329536.json
[2026-02-17T12:37:08.896+0000] {logging_mixin.py:188} INFO - Downloaded MSFT/1771329549.json
[2026-02-17T12:37:08.912+0000] {logging_mixin.py:188} INFO - Downloaded MSFT/1771329559.json
[2026-02-17T12:37:08.931+0000] {logging_mixin.py:188} INFO - Downloaded MSFT/1771329569.json
[2026-02-17T12:37:08.945+0000] {logging_mixin.py:188} INFO - Downloaded MSFT/1771329579.json
[2026-02-17T12:37:08.963+0000] {logging_mixin.py:188} INFO - Downloaded MSFT/1771329589.json
[2026-02-17T12:37:08.979+0000] {logging_mixin.py:188} INFO - Downloaded MSFT/1771329599.json
[2026-02-17T12:37:08.993+0000] {logging_mixin.py:188} INFO - Downloaded MSFT/1771329611.json
[2026-02-17T12:37:09.011+0000] {logging_mixin.py:188} INFO - Downloaded MSFT/1771329622.json
[2026-02-17T12:37:09.028+0000] {logging_mixin.py:188} INFO - Downloaded MSFT/1771329632.json
[2026-02-17T12:37:09.045+0000] {logging_mixin.py:188} INFO - Downloaded MSFT/1771329664.json
[2026-02-17T12:37:09.064+0000] {logging_mixin.py:188} INFO - Downloaded MSFT/1771329697.json
[2026-02-17T12:37:09.082+0000] {logging_mixin.py:188} INFO - Downloaded MSFT/1771329708.json
[2026-02-17T12:37:09.105+0000] {logging_mixin.py:188} INFO - Downloaded MSFT/1771329718.json
[2026-02-17T12:37:09.123+0000] {logging_mixin.py:188} INFO - Downloaded MSFT/1771329729.json
[2026-02-17T12:37:09.136+0000] {logging_mixin.py:188} INFO - Downloaded MSFT/1771329740.json
[2026-02-17T12:37:09.148+0000] {logging_mixin.py:188} INFO - Downloaded MSFT/1771329750.json
[2026-02-17T12:37:09.168+0000] {logging_mixin.py:188} INFO - Downloaded MSFT/1771329761.json
[2026-02-17T12:37:09.185+0000] {logging_mixin.py:188} INFO - Downloaded MSFT/1771329773.json
[2026-02-17T12:37:09.220+0000] {logging_mixin.py:188} INFO - Downloaded MSFT/1771329784.json
[2026-02-17T12:37:09.242+0000] {logging_mixin.py:188} INFO - Downloaded MSFT/1771329796.json
[2026-02-17T12:37:09.258+0000] {logging_mixin.py:188} INFO - Downloaded MSFT/1771329807.json
[2026-02-17T12:37:09.276+0000] {logging_mixin.py:188} INFO - Downloaded MSFT/1771329818.json
[2026-02-17T12:37:09.291+0000] {logging_mixin.py:188} INFO - Downloaded MSFT/1771329829.json
[2026-02-17T12:37:09.305+0000] {logging_mixin.py:188} INFO - Downloaded MSFT/1771329840.json
[2026-02-17T12:37:09.318+0000] {logging_mixin.py:188} INFO - Downloaded MSFT/1771329851.json
[2026-02-17T12:37:09.330+0000] {logging_mixin.py:188} INFO - Downloaded MSFT/1771329888.json
[2026-02-17T12:37:09.351+0000] {logging_mixin.py:188} INFO - Downloaded MSFT/1771329898.json
[2026-02-17T12:37:09.370+0000] {logging_mixin.py:188} INFO - Downloaded MSFT/1771329909.json
[2026-02-17T12:37:09.386+0000] {logging_mixin.py:188} INFO - Downloaded MSFT/1771329919.json
[2026-02-17T12:37:09.401+0000] {logging_mixin.py:188} INFO - Downloaded MSFT/1771329929.json
[2026-02-17T12:37:09.414+0000] {logging_mixin.py:188} INFO - Downloaded MSFT/1771329940.json
[2026-02-17T12:37:09.427+0000] {logging_mixin.py:188} INFO - Downloaded MSFT/1771329951.json
[2026-02-17T12:37:09.438+0000] {logging_mixin.py:188} INFO - Downloaded MSFT/1771329962.json
[2026-02-17T12:37:09.453+0000] {logging_mixin.py:188} INFO - Downloaded MSFT/1771329972.json
[2026-02-17T12:37:09.464+0000] {logging_mixin.py:188} INFO - Downloaded MSFT/1771329983.json
[2026-02-17T12:37:09.477+0000] {logging_mixin.py:188} INFO - Downloaded MSFT/1771329994.json
[2026-02-17T12:37:09.491+0000] {logging_mixin.py:188} INFO - Downloaded MSFT/1771330005.json
[2026-02-17T12:37:09.507+0000] {logging_mixin.py:188} INFO - Downloaded MSFT/1771330023.json
[2026-02-17T12:37:09.519+0000] {logging_mixin.py:188} INFO - Downloaded MSFT/1771330036.json
[2026-02-17T12:37:09.530+0000] {logging_mixin.py:188} INFO - Downloaded MSFT/1771330047.json
[2026-02-17T12:37:09.545+0000] {logging_mixin.py:188} INFO - Downloaded MSFT/1771330059.json
[2026-02-17T12:37:09.560+0000] {logging_mixin.py:188} INFO - Downloaded MSFT/1771330091.json
[2026-02-17T12:37:09.575+0000] {logging_mixin.py:188} INFO - Downloaded MSFT/1771330102.json
[2026-02-17T12:37:09.589+0000] {logging_mixin.py:188} INFO - Downloaded MSFT/1771330113.json
[2026-02-17T12:37:09.603+0000] {logging_mixin.py:188} INFO - Downloaded MSFT/1771330124.json
[2026-02-17T12:37:09.616+0000] {logging_mixin.py:188} INFO - Downloaded MSFT/1771330136.json
[2026-02-17T12:37:09.630+0000] {logging_mixin.py:188} INFO - Downloaded MSFT/1771330147.json
[2026-02-17T12:37:09.644+0000] {logging_mixin.py:188} INFO - Downloaded MSFT/1771330157.json
[2026-02-17T12:37:09.657+0000] {logging_mixin.py:188} INFO - Downloaded MSFT/1771330168.json
[2026-02-17T12:37:09.673+0000] {logging_mixin.py:188} INFO - Downloaded MSFT/1771330178.json
[2026-02-17T12:37:09.688+0000] {logging_mixin.py:188} INFO - Downloaded MSFT/1771330189.json
[2026-02-17T12:37:09.698+0000] {logging_mixin.py:188} INFO - Downloaded MSFT/1771330199.json
[2026-02-17T12:37:09.710+0000] {logging_mixin.py:188} INFO - Downloaded MSFT/1771330212.json
[2026-02-17T12:37:09.726+0000] {logging_mixin.py:188} INFO - Downloaded MSFT/1771330222.json
[2026-02-17T12:37:09.738+0000] {logging_mixin.py:188} INFO - Downloaded MSFT/1771330234.json
[2026-02-17T12:37:09.750+0000] {logging_mixin.py:188} INFO - Downloaded MSFT/1771330245.json
[2026-02-17T12:37:09.764+0000] {logging_mixin.py:188} INFO - Downloaded MSFT/1771330256.json
[2026-02-17T12:37:09.781+0000] {logging_mixin.py:188} INFO - Downloaded MSFT/1771330266.json
[2026-02-17T12:37:09.797+0000] {logging_mixin.py:188} INFO - Downloaded MSFT/1771330277.json
[2026-02-17T12:37:09.813+0000] {logging_mixin.py:188} INFO - Downloaded MSFT/1771330287.json
[2026-02-17T12:37:09.829+0000] {logging_mixin.py:188} INFO - Downloaded MSFT/1771330298.json
[2026-02-17T12:37:09.858+0000] {logging_mixin.py:188} INFO - Downloaded MSFT/1771330308.json
[2026-02-17T12:37:09.871+0000] {logging_mixin.py:188} INFO - Downloaded MSFT/1771330319.json
[2026-02-17T12:37:09.887+0000] {logging_mixin.py:188} INFO - Downloaded MSFT/1771330331.json
[2026-02-17T12:37:09.901+0000] {logging_mixin.py:188} INFO - Downloaded MSFT/1771330341.json
[2026-02-17T12:37:09.914+0000] {logging_mixin.py:188} INFO - Downloaded MSFT/1771330352.json
[2026-02-17T12:37:09.930+0000] {logging_mixin.py:188} INFO - Downloaded MSFT/1771330363.json
[2026-02-17T12:37:09.946+0000] {logging_mixin.py:188} INFO - Downloaded MSFT/1771330373.json
[2026-02-17T12:37:09.959+0000] {logging_mixin.py:188} INFO - Downloaded MSFT/1771330384.json
[2026-02-17T12:37:09.974+0000] {logging_mixin.py:188} INFO - Downloaded MSFT/1771330395.json
[2026-02-17T12:37:09.990+0000] {logging_mixin.py:188} INFO - Downloaded MSFT/1771330406.json
[2026-02-17T12:37:10.011+0000] {logging_mixin.py:188} INFO - Downloaded MSFT/1771330419.json
[2026-02-17T12:37:10.032+0000] {logging_mixin.py:188} INFO - Downloaded MSFT/1771330429.json
[2026-02-17T12:37:10.050+0000] {logging_mixin.py:188} INFO - Downloaded MSFT/1771330440.json
[2026-02-17T12:37:10.091+0000] {logging_mixin.py:188} INFO - Downloaded MSFT/1771330450.json
[2026-02-17T12:37:10.109+0000] {logging_mixin.py:188} INFO - Downloaded MSFT/1771330461.json
[2026-02-17T12:37:10.129+0000] {logging_mixin.py:188} INFO - Downloaded MSFT/1771330472.json
[2026-02-17T12:37:10.144+0000] {logging_mixin.py:188} INFO - Downloaded MSFT/1771330482.json
[2026-02-17T12:37:10.177+0000] {logging_mixin.py:188} INFO - Downloaded MSFT/1771330493.json
[2026-02-17T12:37:10.199+0000] {logging_mixin.py:188} INFO - Downloaded MSFT/1771330503.json
[2026-02-17T12:37:10.217+0000] {logging_mixin.py:188} INFO - Downloaded MSFT/1771330514.json
[2026-02-17T12:37:10.235+0000] {logging_mixin.py:188} INFO - Downloaded MSFT/1771330524.json
[2026-02-17T12:37:10.253+0000] {logging_mixin.py:188} INFO - Downloaded MSFT/1771330535.json
[2026-02-17T12:37:10.282+0000] {logging_mixin.py:188} INFO - Downloaded MSFT/1771330548.json
[2026-02-17T12:37:10.300+0000] {logging_mixin.py:188} INFO - Downloaded MSFT/1771330559.json
[2026-02-17T12:37:10.318+0000] {logging_mixin.py:188} INFO - Downloaded MSFT/1771330575.json
[2026-02-17T12:37:10.349+0000] {logging_mixin.py:188} INFO - Downloaded MSFT/1771330586.json
[2026-02-17T12:37:10.382+0000] {logging_mixin.py:188} INFO - Downloaded MSFT/1771330599.json
[2026-02-17T12:37:10.401+0000] {logging_mixin.py:188} INFO - Downloaded MSFT/1771330609.json
[2026-02-17T12:37:10.423+0000] {logging_mixin.py:188} INFO - Downloaded MSFT/1771330620.json
[2026-02-17T12:37:10.450+0000] {logging_mixin.py:188} INFO - Downloaded MSFT/1771330631.json
[2026-02-17T12:37:10.475+0000] {logging_mixin.py:188} INFO - Downloaded MSFT/1771330642.json
[2026-02-17T12:37:10.494+0000] {logging_mixin.py:188} INFO - Downloaded MSFT/1771330653.json
[2026-02-17T12:37:10.514+0000] {logging_mixin.py:188} INFO - Downloaded MSFT/1771330664.json
[2026-02-17T12:37:10.570+0000] {logging_mixin.py:188} INFO - Downloaded MSFT/1771330674.json
[2026-02-17T12:37:10.614+0000] {logging_mixin.py:188} INFO - Downloaded MSFT/1771330689.json
[2026-02-17T12:37:10.644+0000] {logging_mixin.py:188} INFO - Downloaded MSFT/1771330700.json
[2026-02-17T12:37:10.730+0000] {logging_mixin.py:188} INFO - Downloaded MSFT/1771330710.json
[2026-02-17T12:37:10.777+0000] {logging_mixin.py:188} INFO - Downloaded MSFT/1771330723.json
[2026-02-17T12:37:10.818+0000] {logging_mixin.py:188} INFO - Downloaded MSFT/1771330734.json
[2026-02-17T12:37:10.836+0000] {logging_mixin.py:188} INFO - Downloaded MSFT/1771330744.json
[2026-02-17T12:37:11.044+0000] {logging_mixin.py:188} INFO - Downloaded MSFT/1771330754.json
[2026-02-17T12:37:11.086+0000] {logging_mixin.py:188} INFO - Downloaded MSFT/1771330765.json
[2026-02-17T12:37:11.110+0000] {logging_mixin.py:188} INFO - Downloaded MSFT/1771330775.json
[2026-02-17T12:37:11.132+0000] {logging_mixin.py:188} INFO - Downloaded MSFT/1771330786.json
[2026-02-17T12:37:11.229+0000] {logging_mixin.py:188} INFO - Downloaded MSFT/1771330796.json
[2026-02-17T12:37:11.244+0000] {logging_mixin.py:188} INFO - Downloaded MSFT/1771330807.json
[2026-02-17T12:37:11.256+0000] {logging_mixin.py:188} INFO - Downloaded MSFT/1771330817.json
[2026-02-17T12:37:11.272+0000] {logging_mixin.py:188} INFO - Downloaded MSFT/1771330828.json
[2026-02-17T12:37:11.291+0000] {logging_mixin.py:188} INFO - Downloaded MSFT/1771330841.json
[2026-02-17T12:37:11.307+0000] {logging_mixin.py:188} INFO - Downloaded MSFT/1771330857.json
[2026-02-17T12:37:11.319+0000] {logging_mixin.py:188} INFO - Downloaded MSFT/1771330870.json
[2026-02-17T12:37:11.333+0000] {logging_mixin.py:188} INFO - Downloaded MSFT/1771330885.json
[2026-02-17T12:37:11.345+0000] {logging_mixin.py:188} INFO - Downloaded MSFT/1771330898.json
[2026-02-17T12:37:11.356+0000] {logging_mixin.py:188} INFO - Downloaded MSFT/1771330908.json
[2026-02-17T12:37:11.368+0000] {logging_mixin.py:188} INFO - Downloaded MSFT/1771330918.json
[2026-02-17T12:37:11.381+0000] {logging_mixin.py:188} INFO - Downloaded MSFT/1771330929.json
[2026-02-17T12:37:11.402+0000] {logging_mixin.py:188} INFO - Downloaded MSFT/1771330939.json
[2026-02-17T12:37:11.417+0000] {logging_mixin.py:188} INFO - Downloaded MSFT/1771330950.json
[2026-02-17T12:37:11.432+0000] {logging_mixin.py:188} INFO - Downloaded MSFT/1771330960.json
[2026-02-17T12:37:11.445+0000] {logging_mixin.py:188} INFO - Downloaded MSFT/1771330973.json
[2026-02-17T12:37:11.459+0000] {logging_mixin.py:188} INFO - Downloaded MSFT/1771330985.json
[2026-02-17T12:37:11.471+0000] {logging_mixin.py:188} INFO - Downloaded MSFT/1771330996.json
[2026-02-17T12:37:11.487+0000] {logging_mixin.py:188} INFO - Downloaded MSFT/1771331006.json
[2026-02-17T12:37:11.502+0000] {logging_mixin.py:188} INFO - Downloaded MSFT/1771331016.json
[2026-02-17T12:37:11.524+0000] {logging_mixin.py:188} INFO - Downloaded MSFT/1771331027.json
[2026-02-17T12:37:11.539+0000] {logging_mixin.py:188} INFO - Downloaded MSFT/1771331037.json
[2026-02-17T12:37:11.576+0000] {logging_mixin.py:188} INFO - Downloaded MSFT/1771331047.json
[2026-02-17T12:37:11.593+0000] {logging_mixin.py:188} INFO - Downloaded MSFT/1771331058.json
[2026-02-17T12:37:11.616+0000] {logging_mixin.py:188} INFO - Downloaded MSFT/1771331069.json
[2026-02-17T12:37:11.643+0000] {logging_mixin.py:188} INFO - Downloaded MSFT/1771331081.json
[2026-02-17T12:37:11.661+0000] {logging_mixin.py:188} INFO - Downloaded MSFT/1771331091.json
[2026-02-17T12:37:11.673+0000] {logging_mixin.py:188} INFO - Downloaded MSFT/1771331101.json
[2026-02-17T12:37:11.685+0000] {logging_mixin.py:188} INFO - Downloaded MSFT/1771331111.json
[2026-02-17T12:37:11.699+0000] {logging_mixin.py:188} INFO - Downloaded MSFT/1771331122.json
[2026-02-17T12:37:11.714+0000] {logging_mixin.py:188} INFO - Downloaded MSFT/1771331132.json
[2026-02-17T12:37:11.729+0000] {logging_mixin.py:188} INFO - Downloaded MSFT/1771331142.json
[2026-02-17T12:37:11.742+0000] {logging_mixin.py:188} INFO - Downloaded MSFT/1771331153.json
[2026-02-17T12:37:11.756+0000] {logging_mixin.py:188} INFO - Downloaded MSFT/1771331163.json
[2026-02-17T12:37:11.768+0000] {logging_mixin.py:188} INFO - Downloaded MSFT/1771331174.json
[2026-02-17T12:37:11.780+0000] {logging_mixin.py:188} INFO - Downloaded MSFT/1771331185.json
[2026-02-17T12:37:11.793+0000] {logging_mixin.py:188} INFO - Downloaded MSFT/1771331195.json
[2026-02-17T12:37:11.805+0000] {logging_mixin.py:188} INFO - Downloaded MSFT/1771331205.json
[2026-02-17T12:37:11.816+0000] {logging_mixin.py:188} INFO - Downloaded MSFT/1771331216.json
[2026-02-17T12:37:11.827+0000] {logging_mixin.py:188} INFO - Downloaded MSFT/1771331227.json
[2026-02-17T12:37:11.840+0000] {logging_mixin.py:188} INFO - Downloaded MSFT/1771331238.json
[2026-02-17T12:37:11.852+0000] {logging_mixin.py:188} INFO - Downloaded MSFT/1771331251.json
[2026-02-17T12:37:11.864+0000] {logging_mixin.py:188} INFO - Downloaded MSFT/1771331263.json
[2026-02-17T12:37:11.895+0000] {logging_mixin.py:188} INFO - Downloaded MSFT/1771331275.json
[2026-02-17T12:37:11.922+0000] {logging_mixin.py:188} INFO - Downloaded MSFT/1771331285.json
[2026-02-17T12:37:11.956+0000] {logging_mixin.py:188} INFO - Downloaded MSFT/1771331295.json
[2026-02-17T12:37:11.983+0000] {logging_mixin.py:188} INFO - Downloaded MSFT/1771331306.json
[2026-02-17T12:37:12.024+0000] {logging_mixin.py:188} INFO - Downloaded MSFT/1771331316.json
[2026-02-17T12:37:12.046+0000] {logging_mixin.py:188} INFO - Downloaded MSFT/1771331326.json
[2026-02-17T12:37:12.061+0000] {logging_mixin.py:188} INFO - Downloaded MSFT/1771331337.json
[2026-02-17T12:37:12.075+0000] {logging_mixin.py:188} INFO - Downloaded MSFT/1771331347.json
[2026-02-17T12:37:12.087+0000] {logging_mixin.py:188} INFO - Downloaded MSFT/1771331357.json
[2026-02-17T12:37:12.103+0000] {logging_mixin.py:188} INFO - Downloaded MSFT/1771331368.json
[2026-02-17T12:37:12.126+0000] {logging_mixin.py:188} INFO - Downloaded MSFT/1771331378.json
[2026-02-17T12:37:12.145+0000] {logging_mixin.py:188} INFO - Downloaded MSFT/1771331388.json
[2026-02-17T12:37:12.158+0000] {logging_mixin.py:188} INFO - Downloaded MSFT/1771331398.json
[2026-02-17T12:37:12.170+0000] {logging_mixin.py:188} INFO - Downloaded MSFT/1771331408.json
[2026-02-17T12:37:12.184+0000] {logging_mixin.py:188} INFO - Downloaded MSFT/1771331419.json
[2026-02-17T12:37:12.200+0000] {logging_mixin.py:188} INFO - Downloaded MSFT/1771331429.json
[2026-02-17T12:37:12.213+0000] {logging_mixin.py:188} INFO - Downloaded MSFT/1771331439.json
[2026-02-17T12:37:12.226+0000] {logging_mixin.py:188} INFO - Downloaded MSFT/1771331450.json
[2026-02-17T12:37:12.239+0000] {logging_mixin.py:188} INFO - Downloaded MSFT/1771331461.json
[2026-02-17T12:37:12.251+0000] {logging_mixin.py:188} INFO - Downloaded MSFT/1771331491.json
[2026-02-17T12:37:12.264+0000] {logging_mixin.py:188} INFO - Downloaded MSFT/1771331502.json
[2026-02-17T12:37:12.276+0000] {logging_mixin.py:188} INFO - Downloaded MSFT/1771331513.json
[2026-02-17T12:37:12.287+0000] {logging_mixin.py:188} INFO - Downloaded MSFT/1771331526.json
[2026-02-17T12:37:12.299+0000] {logging_mixin.py:188} INFO - Downloaded MSFT/1771331537.json
[2026-02-17T12:37:12.311+0000] {logging_mixin.py:188} INFO - Downloaded MSFT/1771331550.json
[2026-02-17T12:37:12.332+0000] {logging_mixin.py:188} INFO - Downloaded MSFT/1771331561.json
[2026-02-17T12:37:12.402+0000] {logging_mixin.py:188} INFO - Downloaded MSFT/1771331571.json
[2026-02-17T12:37:12.425+0000] {logging_mixin.py:188} INFO - Downloaded MSFT/1771331581.json
[2026-02-17T12:37:12.443+0000] {logging_mixin.py:188} INFO - Downloaded MSFT/1771331592.json
[2026-02-17T12:37:12.469+0000] {logging_mixin.py:188} INFO - Downloaded MSFT/1771331604.json
[2026-02-17T12:37:12.484+0000] {logging_mixin.py:188} INFO - Downloaded MSFT/1771331614.json
[2026-02-17T12:37:12.500+0000] {logging_mixin.py:188} INFO - Downloaded MSFT/1771331626.json
[2026-02-17T12:37:12.514+0000] {logging_mixin.py:188} INFO - Downloaded MSFT/1771331637.json
[2026-02-17T12:37:12.529+0000] {logging_mixin.py:188} INFO - Downloaded MSFT/1771331649.json
[2026-02-17T12:37:12.544+0000] {logging_mixin.py:188} INFO - Downloaded MSFT/1771331659.json
[2026-02-17T12:37:12.560+0000] {logging_mixin.py:188} INFO - Downloaded MSFT/1771331670.json
[2026-02-17T12:37:12.575+0000] {logging_mixin.py:188} INFO - Downloaded MSFT/1771331680.json
[2026-02-17T12:37:12.591+0000] {logging_mixin.py:188} INFO - Downloaded MSFT/1771331690.json
[2026-02-17T12:37:12.606+0000] {logging_mixin.py:188} INFO - Downloaded MSFT/1771331700.json
[2026-02-17T12:37:12.630+0000] {logging_mixin.py:188} INFO - Downloaded MSFT/1771331710.json
[2026-02-17T12:37:12.647+0000] {logging_mixin.py:188} INFO - Downloaded MSFT/1771331721.json
[2026-02-17T12:37:12.665+0000] {logging_mixin.py:188} INFO - Downloaded MSFT/1771331732.json
[2026-02-17T12:37:12.677+0000] {logging_mixin.py:188} INFO - Downloaded MSFT/1771331743.json
[2026-02-17T12:37:12.692+0000] {logging_mixin.py:188} INFO - Downloaded MSFT/1771331754.json
[2026-02-17T12:37:12.705+0000] {logging_mixin.py:188} INFO - Downloaded MSFT/1771331764.json
[2026-02-17T12:37:12.743+0000] {logging_mixin.py:188} INFO - Downloaded MSFT/1771331775.json
[2026-02-17T12:37:12.758+0000] {logging_mixin.py:188} INFO - Downloaded MSFT/1771331785.json
[2026-02-17T12:37:12.773+0000] {logging_mixin.py:188} INFO - Downloaded TSLA/1771324935.json
[2026-02-17T12:37:12.785+0000] {logging_mixin.py:188} INFO - Downloaded TSLA/1771324946.json
[2026-02-17T12:37:12.797+0000] {logging_mixin.py:188} INFO - Downloaded TSLA/1771324956.json
[2026-02-17T12:37:12.809+0000] {logging_mixin.py:188} INFO - Downloaded TSLA/1771324967.json
[2026-02-17T12:37:12.823+0000] {logging_mixin.py:188} INFO - Downloaded TSLA/1771324977.json
[2026-02-17T12:37:12.837+0000] {logging_mixin.py:188} INFO - Downloaded TSLA/1771324988.json
[2026-02-17T12:37:12.848+0000] {logging_mixin.py:188} INFO - Downloaded TSLA/1771324999.json
[2026-02-17T12:37:12.859+0000] {logging_mixin.py:188} INFO - Downloaded TSLA/1771325009.json
[2026-02-17T12:37:12.877+0000] {logging_mixin.py:188} INFO - Downloaded TSLA/1771325020.json
[2026-02-17T12:37:12.903+0000] {logging_mixin.py:188} INFO - Downloaded TSLA/1771325030.json
[2026-02-17T12:37:12.926+0000] {logging_mixin.py:188} INFO - Downloaded TSLA/1771325041.json
[2026-02-17T12:37:12.954+0000] {logging_mixin.py:188} INFO - Downloaded TSLA/1771325051.json
[2026-02-17T12:37:12.979+0000] {logging_mixin.py:188} INFO - Downloaded TSLA/1771325062.json
[2026-02-17T12:37:13.002+0000] {logging_mixin.py:188} INFO - Downloaded TSLA/1771325072.json
[2026-02-17T12:37:13.027+0000] {logging_mixin.py:188} INFO - Downloaded TSLA/1771325082.json
[2026-02-17T12:37:13.049+0000] {logging_mixin.py:188} INFO - Downloaded TSLA/1771325093.json
[2026-02-17T12:37:13.080+0000] {logging_mixin.py:188} INFO - Downloaded TSLA/1771325104.json
[2026-02-17T12:37:13.105+0000] {logging_mixin.py:188} INFO - Downloaded TSLA/1771325114.json
[2026-02-17T12:37:13.133+0000] {logging_mixin.py:188} INFO - Downloaded TSLA/1771325124.json
[2026-02-17T12:37:13.177+0000] {logging_mixin.py:188} INFO - Downloaded TSLA/1771325135.json
[2026-02-17T12:37:13.216+0000] {logging_mixin.py:188} INFO - Downloaded TSLA/1771325145.json
[2026-02-17T12:37:13.256+0000] {logging_mixin.py:188} INFO - Downloaded TSLA/1771325156.json
[2026-02-17T12:37:13.289+0000] {logging_mixin.py:188} INFO - Downloaded TSLA/1771325166.json
[2026-02-17T12:37:13.321+0000] {logging_mixin.py:188} INFO - Downloaded TSLA/1771325176.json
[2026-02-17T12:37:13.353+0000] {logging_mixin.py:188} INFO - Downloaded TSLA/1771325187.json
[2026-02-17T12:37:13.383+0000] {logging_mixin.py:188} INFO - Downloaded TSLA/1771325197.json
[2026-02-17T12:37:13.429+0000] {logging_mixin.py:188} INFO - Downloaded TSLA/1771325208.json
[2026-02-17T12:37:13.489+0000] {logging_mixin.py:188} INFO - Downloaded TSLA/1771325218.json
[2026-02-17T12:37:13.527+0000] {logging_mixin.py:188} INFO - Downloaded TSLA/1771325228.json
[2026-02-17T12:37:13.576+0000] {logging_mixin.py:188} INFO - Downloaded TSLA/1771325239.json
[2026-02-17T12:37:13.612+0000] {logging_mixin.py:188} INFO - Downloaded TSLA/1771325249.json
[2026-02-17T12:37:13.638+0000] {logging_mixin.py:188} INFO - Downloaded TSLA/1771325261.json
[2026-02-17T12:37:13.675+0000] {logging_mixin.py:188} INFO - Downloaded TSLA/1771325271.json
[2026-02-17T12:37:13.712+0000] {logging_mixin.py:188} INFO - Downloaded TSLA/1771325282.json
[2026-02-17T12:37:13.773+0000] {logging_mixin.py:188} INFO - Downloaded TSLA/1771325292.json
[2026-02-17T12:37:13.827+0000] {logging_mixin.py:188} INFO - Downloaded TSLA/1771325336.json
[2026-02-17T12:37:13.871+0000] {logging_mixin.py:188} INFO - Downloaded TSLA/1771325347.json
[2026-02-17T12:37:13.914+0000] {logging_mixin.py:188} INFO - Downloaded TSLA/1771325357.json
[2026-02-17T12:37:13.963+0000] {logging_mixin.py:188} INFO - Downloaded TSLA/1771325367.json
[2026-02-17T12:37:14.024+0000] {logging_mixin.py:188} INFO - Downloaded TSLA/1771325377.json
[2026-02-17T12:37:14.077+0000] {logging_mixin.py:188} INFO - Downloaded TSLA/1771325388.json
[2026-02-17T12:37:14.112+0000] {logging_mixin.py:188} INFO - Downloaded TSLA/1771325400.json
[2026-02-17T12:37:14.165+0000] {logging_mixin.py:188} INFO - Downloaded TSLA/1771325411.json
[2026-02-17T12:37:14.232+0000] {logging_mixin.py:188} INFO - Downloaded TSLA/1771325423.json
[2026-02-17T12:37:14.258+0000] {logging_mixin.py:188} INFO - Downloaded TSLA/1771325434.json
[2026-02-17T12:37:14.289+0000] {logging_mixin.py:188} INFO - Downloaded TSLA/1771325446.json
[2026-02-17T12:37:14.318+0000] {logging_mixin.py:188} INFO - Downloaded TSLA/1771325456.json
[2026-02-17T12:37:14.351+0000] {logging_mixin.py:188} INFO - Downloaded TSLA/1771325467.json
[2026-02-17T12:37:14.381+0000] {logging_mixin.py:188} INFO - Downloaded TSLA/1771325477.json
[2026-02-17T12:37:14.413+0000] {logging_mixin.py:188} INFO - Downloaded TSLA/1771325488.json
[2026-02-17T12:37:14.448+0000] {logging_mixin.py:188} INFO - Downloaded TSLA/1771325499.json
[2026-02-17T12:37:14.486+0000] {logging_mixin.py:188} INFO - Downloaded TSLA/1771325509.json
[2026-02-17T12:37:14.540+0000] {logging_mixin.py:188} INFO - Downloaded TSLA/1771325520.json
[2026-02-17T12:37:14.601+0000] {logging_mixin.py:188} INFO - Downloaded TSLA/1771325531.json
[2026-02-17T12:37:14.642+0000] {logging_mixin.py:188} INFO - Downloaded TSLA/1771325541.json
[2026-02-17T12:37:14.682+0000] {logging_mixin.py:188} INFO - Downloaded TSLA/1771325552.json
[2026-02-17T12:37:14.730+0000] {logging_mixin.py:188} INFO - Downloaded TSLA/1771325561.json
[2026-02-17T12:37:14.794+0000] {logging_mixin.py:188} INFO - Downloaded TSLA/1771325572.json
[2026-02-17T12:37:14.838+0000] {logging_mixin.py:188} INFO - Downloaded TSLA/1771325582.json
[2026-02-17T12:37:14.885+0000] {logging_mixin.py:188} INFO - Downloaded TSLA/1771325592.json
[2026-02-17T12:37:14.929+0000] {logging_mixin.py:188} INFO - Downloaded TSLA/1771325604.json
[2026-02-17T12:37:14.966+0000] {logging_mixin.py:188} INFO - Downloaded TSLA/1771325615.json
[2026-02-17T12:37:15.025+0000] {logging_mixin.py:188} INFO - Downloaded TSLA/1771325625.json
[2026-02-17T12:37:15.072+0000] {logging_mixin.py:188} INFO - Downloaded TSLA/1771325637.json
[2026-02-17T12:37:15.122+0000] {logging_mixin.py:188} INFO - Downloaded TSLA/1771325647.json
[2026-02-17T12:37:15.177+0000] {logging_mixin.py:188} INFO - Downloaded TSLA/1771325658.json
[2026-02-17T12:37:15.212+0000] {logging_mixin.py:188} INFO - Downloaded TSLA/1771325668.json
[2026-02-17T12:37:15.239+0000] {logging_mixin.py:188} INFO - Downloaded TSLA/1771325678.json
[2026-02-17T12:37:15.264+0000] {logging_mixin.py:188} INFO - Downloaded TSLA/1771325690.json
[2026-02-17T12:37:15.287+0000] {logging_mixin.py:188} INFO - Downloaded TSLA/1771325700.json
[2026-02-17T12:37:15.316+0000] {logging_mixin.py:188} INFO - Downloaded TSLA/1771325710.json
[2026-02-17T12:37:15.337+0000] {logging_mixin.py:188} INFO - Downloaded TSLA/1771325721.json
[2026-02-17T12:37:15.361+0000] {logging_mixin.py:188} INFO - Downloaded TSLA/1771325731.json
[2026-02-17T12:37:15.390+0000] {logging_mixin.py:188} INFO - Downloaded TSLA/1771325742.json
[2026-02-17T12:37:15.423+0000] {logging_mixin.py:188} INFO - Downloaded TSLA/1771325752.json
[2026-02-17T12:37:15.457+0000] {logging_mixin.py:188} INFO - Downloaded TSLA/1771325767.json
[2026-02-17T12:37:15.484+0000] {logging_mixin.py:188} INFO - Downloaded TSLA/1771325779.json
[2026-02-17T12:37:15.511+0000] {logging_mixin.py:188} INFO - Downloaded TSLA/1771325791.json
[2026-02-17T12:37:15.541+0000] {logging_mixin.py:188} INFO - Downloaded TSLA/1771325802.json
[2026-02-17T12:37:15.571+0000] {logging_mixin.py:188} INFO - Downloaded TSLA/1771325812.json
[2026-02-17T12:37:15.596+0000] {logging_mixin.py:188} INFO - Downloaded TSLA/1771325823.json
[2026-02-17T12:37:15.632+0000] {logging_mixin.py:188} INFO - Downloaded TSLA/1771325833.json
[2026-02-17T12:37:15.661+0000] {logging_mixin.py:188} INFO - Downloaded TSLA/1771325843.json
[2026-02-17T12:37:15.685+0000] {logging_mixin.py:188} INFO - Downloaded TSLA/1771325856.json
[2026-02-17T12:37:15.725+0000] {logging_mixin.py:188} INFO - Downloaded TSLA/1771325866.json
[2026-02-17T12:37:15.770+0000] {logging_mixin.py:188} INFO - Downloaded TSLA/1771325877.json
[2026-02-17T12:37:15.854+0000] {logging_mixin.py:188} INFO - Downloaded TSLA/1771325890.json
[2026-02-17T12:37:15.898+0000] {logging_mixin.py:188} INFO - Downloaded TSLA/1771325900.json
[2026-02-17T12:37:15.940+0000] {logging_mixin.py:188} INFO - Downloaded TSLA/1771325913.json
[2026-02-17T12:37:16.010+0000] {logging_mixin.py:188} INFO - Downloaded TSLA/1771325925.json
[2026-02-17T12:37:16.086+0000] {logging_mixin.py:188} INFO - Downloaded TSLA/1771325936.json
[2026-02-17T12:37:16.110+0000] {logging_mixin.py:188} INFO - Downloaded TSLA/1771325947.json
[2026-02-17T12:37:16.133+0000] {logging_mixin.py:188} INFO - Downloaded TSLA/1771325960.json
[2026-02-17T12:37:16.159+0000] {logging_mixin.py:188} INFO - Downloaded TSLA/1771325972.json
[2026-02-17T12:37:16.190+0000] {logging_mixin.py:188} INFO - Downloaded TSLA/1771325984.json
[2026-02-17T12:37:16.233+0000] {logging_mixin.py:188} INFO - Downloaded TSLA/1771325994.json
[2026-02-17T12:37:16.312+0000] {logging_mixin.py:188} INFO - Downloaded TSLA/1771326004.json
[2026-02-17T12:37:16.364+0000] {logging_mixin.py:188} INFO - Downloaded TSLA/1771326015.json
[2026-02-17T12:37:16.455+0000] {logging_mixin.py:188} INFO - Downloaded TSLA/1771326026.json
[2026-02-17T12:37:16.531+0000] {logging_mixin.py:188} INFO - Downloaded TSLA/1771326036.json
[2026-02-17T12:37:16.606+0000] {logging_mixin.py:188} INFO - Downloaded TSLA/1771326046.json
[2026-02-17T12:37:16.648+0000] {logging_mixin.py:188} INFO - Downloaded TSLA/1771326056.json
[2026-02-17T12:37:16.675+0000] {logging_mixin.py:188} INFO - Downloaded TSLA/1771326066.json
[2026-02-17T12:37:16.720+0000] {logging_mixin.py:188} INFO - Downloaded TSLA/1771326077.json
[2026-02-17T12:37:16.779+0000] {logging_mixin.py:188} INFO - Downloaded TSLA/1771326086.json
[2026-02-17T12:37:16.834+0000] {logging_mixin.py:188} INFO - Downloaded TSLA/1771326100.json
[2026-02-17T12:37:16.863+0000] {logging_mixin.py:188} INFO - Downloaded TSLA/1771326112.json
[2026-02-17T12:37:16.894+0000] {logging_mixin.py:188} INFO - Downloaded TSLA/1771326126.json
[2026-02-17T12:37:16.925+0000] {logging_mixin.py:188} INFO - Downloaded TSLA/1771326138.json
[2026-02-17T12:37:16.961+0000] {logging_mixin.py:188} INFO - Downloaded TSLA/1771326148.json
[2026-02-17T12:37:16.993+0000] {logging_mixin.py:188} INFO - Downloaded TSLA/1771326160.json
[2026-02-17T12:37:17.027+0000] {logging_mixin.py:188} INFO - Downloaded TSLA/1771326171.json
[2026-02-17T12:37:17.052+0000] {logging_mixin.py:188} INFO - Downloaded TSLA/1771326182.json
[2026-02-17T12:37:17.081+0000] {logging_mixin.py:188} INFO - Downloaded TSLA/1771326193.json
[2026-02-17T12:37:17.121+0000] {logging_mixin.py:188} INFO - Downloaded TSLA/1771326204.json
[2026-02-17T12:37:17.168+0000] {logging_mixin.py:188} INFO - Downloaded TSLA/1771326214.json
[2026-02-17T12:37:17.223+0000] {logging_mixin.py:188} INFO - Downloaded TSLA/1771326224.json
[2026-02-17T12:37:17.272+0000] {logging_mixin.py:188} INFO - Downloaded TSLA/1771326234.json
[2026-02-17T12:37:17.354+0000] {logging_mixin.py:188} INFO - Downloaded TSLA/1771326244.json
[2026-02-17T12:37:17.471+0000] {logging_mixin.py:188} INFO - Downloaded TSLA/1771326254.json
[2026-02-17T12:37:17.645+0000] {logging_mixin.py:188} INFO - Downloaded TSLA/1771326264.json
[2026-02-17T12:37:17.897+0000] {logging_mixin.py:188} INFO - Downloaded TSLA/1771326275.json
[2026-02-17T12:37:17.961+0000] {logging_mixin.py:188} INFO - Downloaded TSLA/1771326285.json
[2026-02-17T12:37:18.077+0000] {logging_mixin.py:188} INFO - Downloaded TSLA/1771326299.json
[2026-02-17T12:37:18.193+0000] {logging_mixin.py:188} INFO - Downloaded TSLA/1771326313.json
[2026-02-17T12:37:18.277+0000] {logging_mixin.py:188} INFO - Downloaded TSLA/1771326323.json
[2026-02-17T12:37:18.359+0000] {logging_mixin.py:188} INFO - Downloaded TSLA/1771326334.json
[2026-02-17T12:37:18.451+0000] {logging_mixin.py:188} INFO - Downloaded TSLA/1771326350.json
[2026-02-17T12:37:18.513+0000] {logging_mixin.py:188} INFO - Downloaded TSLA/1771326361.json
[2026-02-17T12:37:18.592+0000] {logging_mixin.py:188} INFO - Downloaded TSLA/1771326373.json
[2026-02-17T12:37:19.063+0000] {logging_mixin.py:188} INFO - Downloaded TSLA/1771326384.json
[2026-02-17T12:37:19.144+0000] {logging_mixin.py:188} INFO - Downloaded TSLA/1771326394.json
[2026-02-17T12:37:19.227+0000] {logging_mixin.py:188} INFO - Downloaded TSLA/1771326404.json
[2026-02-17T12:37:19.309+0000] {logging_mixin.py:188} INFO - Downloaded TSLA/1771326414.json
[2026-02-17T12:37:19.395+0000] {logging_mixin.py:188} INFO - Downloaded TSLA/1771326424.json
[2026-02-17T12:37:19.453+0000] {logging_mixin.py:188} INFO - Downloaded TSLA/1771326435.json
[2026-02-17T12:37:19.539+0000] {logging_mixin.py:188} INFO - Downloaded TSLA/1771326445.json
[2026-02-17T12:37:19.643+0000] {logging_mixin.py:188} INFO - Downloaded TSLA/1771326455.json
[2026-02-17T12:37:19.706+0000] {logging_mixin.py:188} INFO - Downloaded TSLA/1771326466.json
[2026-02-17T12:37:19.875+0000] {logging_mixin.py:188} INFO - Downloaded TSLA/1771326476.json
[2026-02-17T12:37:20.014+0000] {logging_mixin.py:188} INFO - Downloaded TSLA/1771326485.json
[2026-02-17T12:37:20.123+0000] {logging_mixin.py:188} INFO - Downloaded TSLA/1771326496.json
[2026-02-17T12:37:20.244+0000] {logging_mixin.py:188} INFO - Downloaded TSLA/1771326507.json
[2026-02-17T12:37:20.332+0000] {logging_mixin.py:188} INFO - Downloaded TSLA/1771326517.json
[2026-02-17T12:37:20.395+0000] {logging_mixin.py:188} INFO - Downloaded TSLA/1771326527.json
[2026-02-17T12:37:20.467+0000] {logging_mixin.py:188} INFO - Downloaded TSLA/1771326537.json
[2026-02-17T12:37:20.545+0000] {logging_mixin.py:188} INFO - Downloaded TSLA/1771326547.json
[2026-02-17T12:37:20.621+0000] {logging_mixin.py:188} INFO - Downloaded TSLA/1771326558.json
[2026-02-17T12:37:20.714+0000] {logging_mixin.py:188} INFO - Downloaded TSLA/1771326568.json
[2026-02-17T12:37:20.826+0000] {logging_mixin.py:188} INFO - Downloaded TSLA/1771326578.json
[2026-02-17T12:37:20.911+0000] {logging_mixin.py:188} INFO - Downloaded TSLA/1771326587.json
[2026-02-17T12:37:20.984+0000] {logging_mixin.py:188} INFO - Downloaded TSLA/1771326598.json
[2026-02-17T12:37:21.044+0000] {logging_mixin.py:188} INFO - Downloaded TSLA/1771326608.json
[2026-02-17T12:37:21.111+0000] {logging_mixin.py:188} INFO - Downloaded TSLA/1771326618.json
[2026-02-17T12:37:21.186+0000] {logging_mixin.py:188} INFO - Downloaded TSLA/1771326628.json
[2026-02-17T12:37:21.260+0000] {logging_mixin.py:188} INFO - Downloaded TSLA/1771326638.json
[2026-02-17T12:37:21.329+0000] {logging_mixin.py:188} INFO - Downloaded TSLA/1771326648.json
[2026-02-17T12:37:21.388+0000] {logging_mixin.py:188} INFO - Downloaded TSLA/1771326659.json
[2026-02-17T12:37:21.443+0000] {logging_mixin.py:188} INFO - Downloaded TSLA/1771326669.json
[2026-02-17T12:37:21.503+0000] {logging_mixin.py:188} INFO - Downloaded TSLA/1771326679.json
[2026-02-17T12:37:21.561+0000] {logging_mixin.py:188} INFO - Downloaded TSLA/1771326689.json
[2026-02-17T12:37:21.660+0000] {logging_mixin.py:188} INFO - Downloaded TSLA/1771326700.json
[2026-02-17T12:37:21.737+0000] {logging_mixin.py:188} INFO - Downloaded TSLA/1771326710.json
[2026-02-17T12:37:21.803+0000] {logging_mixin.py:188} INFO - Downloaded TSLA/1771326720.json
[2026-02-17T12:37:21.833+0000] {logging_mixin.py:188} INFO - Downloaded TSLA/1771326730.json
[2026-02-17T12:37:21.859+0000] {logging_mixin.py:188} INFO - Downloaded TSLA/1771326740.json
[2026-02-17T12:37:21.884+0000] {logging_mixin.py:188} INFO - Downloaded TSLA/1771326751.json
[2026-02-17T12:37:21.910+0000] {logging_mixin.py:188} INFO - Downloaded TSLA/1771326761.json
[2026-02-17T12:37:21.949+0000] {logging_mixin.py:188} INFO - Downloaded TSLA/1771326771.json
[2026-02-17T12:37:21.981+0000] {logging_mixin.py:188} INFO - Downloaded TSLA/1771326782.json
[2026-02-17T12:37:22.014+0000] {logging_mixin.py:188} INFO - Downloaded TSLA/1771326792.json
[2026-02-17T12:37:22.045+0000] {logging_mixin.py:188} INFO - Downloaded TSLA/1771326802.json
[2026-02-17T12:37:22.080+0000] {logging_mixin.py:188} INFO - Downloaded TSLA/1771326812.json
[2026-02-17T12:37:22.117+0000] {logging_mixin.py:188} INFO - Downloaded TSLA/1771326822.json
[2026-02-17T12:37:22.159+0000] {logging_mixin.py:188} INFO - Downloaded TSLA/1771326833.json
[2026-02-17T12:37:22.200+0000] {logging_mixin.py:188} INFO - Downloaded TSLA/1771326843.json
[2026-02-17T12:37:22.247+0000] {logging_mixin.py:188} INFO - Downloaded TSLA/1771326853.json
[2026-02-17T12:37:22.279+0000] {logging_mixin.py:188} INFO - Downloaded TSLA/1771326863.json
[2026-02-17T12:37:22.311+0000] {logging_mixin.py:188} INFO - Downloaded TSLA/1771326873.json
[2026-02-17T12:37:22.343+0000] {logging_mixin.py:188} INFO - Downloaded TSLA/1771326884.json
[2026-02-17T12:37:22.370+0000] {logging_mixin.py:188} INFO - Downloaded TSLA/1771326894.json
[2026-02-17T12:37:22.417+0000] {logging_mixin.py:188} INFO - Downloaded TSLA/1771326904.json
[2026-02-17T12:37:22.460+0000] {logging_mixin.py:188} INFO - Downloaded TSLA/1771326914.json
[2026-02-17T12:37:22.497+0000] {logging_mixin.py:188} INFO - Downloaded TSLA/1771326926.json
[2026-02-17T12:37:22.551+0000] {logging_mixin.py:188} INFO - Downloaded TSLA/1771326937.json
[2026-02-17T12:37:22.594+0000] {logging_mixin.py:188} INFO - Downloaded TSLA/1771326948.json
[2026-02-17T12:37:22.633+0000] {logging_mixin.py:188} INFO - Downloaded TSLA/1771326958.json
[2026-02-17T12:37:22.670+0000] {logging_mixin.py:188} INFO - Downloaded TSLA/1771326968.json
[2026-02-17T12:37:22.697+0000] {logging_mixin.py:188} INFO - Downloaded TSLA/1771326979.json
[2026-02-17T12:37:22.729+0000] {logging_mixin.py:188} INFO - Downloaded TSLA/1771326989.json
[2026-02-17T12:37:22.759+0000] {logging_mixin.py:188} INFO - Downloaded TSLA/1771327000.json
[2026-02-17T12:37:22.789+0000] {logging_mixin.py:188} INFO - Downloaded TSLA/1771327010.json
[2026-02-17T12:37:22.816+0000] {logging_mixin.py:188} INFO - Downloaded TSLA/1771327021.json
[2026-02-17T12:37:22.844+0000] {logging_mixin.py:188} INFO - Downloaded TSLA/1771327031.json
[2026-02-17T12:37:22.882+0000] {logging_mixin.py:188} INFO - Downloaded TSLA/1771327042.json
[2026-02-17T12:37:22.908+0000] {logging_mixin.py:188} INFO - Downloaded TSLA/1771327052.json
[2026-02-17T12:37:22.933+0000] {logging_mixin.py:188} INFO - Downloaded TSLA/1771327066.json
[2026-02-17T12:37:22.967+0000] {logging_mixin.py:188} INFO - Downloaded TSLA/1771327088.json
[2026-02-17T12:37:22.992+0000] {logging_mixin.py:188} INFO - Downloaded TSLA/1771327103.json
[2026-02-17T12:37:23.024+0000] {logging_mixin.py:188} INFO - Downloaded TSLA/1771327117.json
[2026-02-17T12:37:23.060+0000] {logging_mixin.py:188} INFO - Downloaded TSLA/1771327130.json
[2026-02-17T12:37:23.088+0000] {logging_mixin.py:188} INFO - Downloaded TSLA/1771327140.json
[2026-02-17T12:37:23.117+0000] {logging_mixin.py:188} INFO - Downloaded TSLA/1771327151.json
[2026-02-17T12:37:23.147+0000] {logging_mixin.py:188} INFO - Downloaded TSLA/1771327161.json
[2026-02-17T12:37:23.174+0000] {logging_mixin.py:188} INFO - Downloaded TSLA/1771327171.json
[2026-02-17T12:37:23.207+0000] {logging_mixin.py:188} INFO - Downloaded TSLA/1771327181.json
[2026-02-17T12:37:23.240+0000] {logging_mixin.py:188} INFO - Downloaded TSLA/1771327191.json
[2026-02-17T12:37:23.269+0000] {logging_mixin.py:188} INFO - Downloaded TSLA/1771327201.json
[2026-02-17T12:37:23.303+0000] {logging_mixin.py:188} INFO - Downloaded TSLA/1771327212.json
[2026-02-17T12:37:23.347+0000] {logging_mixin.py:188} INFO - Downloaded TSLA/1771327223.json
[2026-02-17T12:37:23.386+0000] {logging_mixin.py:188} INFO - Downloaded TSLA/1771327233.json
[2026-02-17T12:37:23.452+0000] {logging_mixin.py:188} INFO - Downloaded TSLA/1771327244.json
[2026-02-17T12:37:23.555+0000] {logging_mixin.py:188} INFO - Downloaded TSLA/1771327255.json
[2026-02-17T12:37:23.612+0000] {logging_mixin.py:188} INFO - Downloaded TSLA/1771327265.json
[2026-02-17T12:37:23.675+0000] {logging_mixin.py:188} INFO - Downloaded TSLA/1771327275.json
[2026-02-17T12:37:23.716+0000] {logging_mixin.py:188} INFO - Downloaded TSLA/1771327285.json
[2026-02-17T12:37:23.749+0000] {logging_mixin.py:188} INFO - Downloaded TSLA/1771327295.json
[2026-02-17T12:37:23.795+0000] {logging_mixin.py:188} INFO - Downloaded TSLA/1771327305.json
[2026-02-17T12:37:23.853+0000] {logging_mixin.py:188} INFO - Downloaded TSLA/1771327316.json
[2026-02-17T12:37:23.911+0000] {logging_mixin.py:188} INFO - Downloaded TSLA/1771327326.json
[2026-02-17T12:37:23.958+0000] {logging_mixin.py:188} INFO - Downloaded TSLA/1771327337.json
[2026-02-17T12:37:24.013+0000] {logging_mixin.py:188} INFO - Downloaded TSLA/1771327347.json
[2026-02-17T12:37:24.066+0000] {logging_mixin.py:188} INFO - Downloaded TSLA/1771327357.json
[2026-02-17T12:37:24.129+0000] {logging_mixin.py:188} INFO - Downloaded TSLA/1771327366.json
[2026-02-17T12:37:24.186+0000] {logging_mixin.py:188} INFO - Downloaded TSLA/1771327377.json
[2026-02-17T12:37:24.236+0000] {logging_mixin.py:188} INFO - Downloaded TSLA/1771327387.json
[2026-02-17T12:37:24.279+0000] {logging_mixin.py:188} INFO - Downloaded TSLA/1771327398.json
[2026-02-17T12:37:24.323+0000] {logging_mixin.py:188} INFO - Downloaded TSLA/1771327408.json
[2026-02-17T12:37:24.371+0000] {logging_mixin.py:188} INFO - Downloaded TSLA/1771327419.json
[2026-02-17T12:37:24.428+0000] {logging_mixin.py:188} INFO - Downloaded TSLA/1771327429.json
[2026-02-17T12:37:24.463+0000] {logging_mixin.py:188} INFO - Downloaded TSLA/1771327440.json
[2026-02-17T12:37:24.492+0000] {logging_mixin.py:188} INFO - Downloaded TSLA/1771327450.json
[2026-02-17T12:37:24.525+0000] {logging_mixin.py:188} INFO - Downloaded TSLA/1771327460.json
[2026-02-17T12:37:24.565+0000] {logging_mixin.py:188} INFO - Downloaded TSLA/1771327471.json
[2026-02-17T12:37:24.616+0000] {logging_mixin.py:188} INFO - Downloaded TSLA/1771327481.json
[2026-02-17T12:37:24.659+0000] {logging_mixin.py:188} INFO - Downloaded TSLA/1771327492.json
[2026-02-17T12:37:24.715+0000] {logging_mixin.py:188} INFO - Downloaded TSLA/1771327502.json
[2026-02-17T12:37:24.813+0000] {logging_mixin.py:188} INFO - Downloaded TSLA/1771327513.json
[2026-02-17T12:37:24.852+0000] {logging_mixin.py:188} INFO - Downloaded TSLA/1771327523.json
[2026-02-17T12:37:24.941+0000] {logging_mixin.py:188} INFO - Downloaded TSLA/1771327534.json
[2026-02-17T12:37:25.006+0000] {logging_mixin.py:188} INFO - Downloaded TSLA/1771327544.json
[2026-02-17T12:37:25.088+0000] {logging_mixin.py:188} INFO - Downloaded TSLA/1771327554.json
[2026-02-17T12:37:25.151+0000] {logging_mixin.py:188} INFO - Downloaded TSLA/1771327565.json
[2026-02-17T12:37:25.206+0000] {logging_mixin.py:188} INFO - Downloaded TSLA/1771327577.json
[2026-02-17T12:37:25.259+0000] {logging_mixin.py:188} INFO - Downloaded TSLA/1771327589.json
[2026-02-17T12:37:25.312+0000] {logging_mixin.py:188} INFO - Downloaded TSLA/1771327599.json
[2026-02-17T12:37:25.384+0000] {logging_mixin.py:188} INFO - Downloaded TSLA/1771327610.json
[2026-02-17T12:37:25.428+0000] {logging_mixin.py:188} INFO - Downloaded TSLA/1771327620.json
[2026-02-17T12:37:25.464+0000] {logging_mixin.py:188} INFO - Downloaded TSLA/1771327630.json
[2026-02-17T12:37:25.509+0000] {logging_mixin.py:188} INFO - Downloaded TSLA/1771327640.json
[2026-02-17T12:37:25.541+0000] {logging_mixin.py:188} INFO - Downloaded TSLA/1771327650.json
[2026-02-17T12:37:25.576+0000] {logging_mixin.py:188} INFO - Downloaded TSLA/1771327660.json
[2026-02-17T12:37:25.601+0000] {logging_mixin.py:188} INFO - Downloaded TSLA/1771327670.json
[2026-02-17T12:37:25.640+0000] {logging_mixin.py:188} INFO - Downloaded TSLA/1771327681.json
[2026-02-17T12:37:25.691+0000] {logging_mixin.py:188} INFO - Downloaded TSLA/1771327692.json
[2026-02-17T12:37:25.712+0000] {logging_mixin.py:188} INFO - Downloaded TSLA/1771327702.json
[2026-02-17T12:37:25.745+0000] {logging_mixin.py:188} INFO - Downloaded TSLA/1771327712.json
[2026-02-17T12:37:25.772+0000] {logging_mixin.py:188} INFO - Downloaded TSLA/1771327722.json
[2026-02-17T12:37:25.803+0000] {logging_mixin.py:188} INFO - Downloaded TSLA/1771327732.json
[2026-02-17T12:37:25.848+0000] {logging_mixin.py:188} INFO - Downloaded TSLA/1771327742.json
[2026-02-17T12:37:25.877+0000] {logging_mixin.py:188} INFO - Downloaded TSLA/1771327753.json
[2026-02-17T12:37:25.902+0000] {logging_mixin.py:188} INFO - Downloaded TSLA/1771327763.json
[2026-02-17T12:37:25.927+0000] {logging_mixin.py:188} INFO - Downloaded TSLA/1771327773.json
[2026-02-17T12:37:25.950+0000] {logging_mixin.py:188} INFO - Downloaded TSLA/1771327785.json
[2026-02-17T12:37:25.977+0000] {logging_mixin.py:188} INFO - Downloaded TSLA/1771327795.json
[2026-02-17T12:37:26.002+0000] {logging_mixin.py:188} INFO - Downloaded TSLA/1771327805.json
[2026-02-17T12:37:26.029+0000] {logging_mixin.py:188} INFO - Downloaded TSLA/1771327815.json
[2026-02-17T12:37:26.052+0000] {logging_mixin.py:188} INFO - Downloaded TSLA/1771327825.json
[2026-02-17T12:37:26.081+0000] {logging_mixin.py:188} INFO - Downloaded TSLA/1771327836.json
[2026-02-17T12:37:26.108+0000] {logging_mixin.py:188} INFO - Downloaded TSLA/1771327846.json
[2026-02-17T12:37:26.131+0000] {logging_mixin.py:188} INFO - Downloaded TSLA/1771327857.json
[2026-02-17T12:37:26.160+0000] {logging_mixin.py:188} INFO - Downloaded TSLA/1771327868.json
[2026-02-17T12:37:26.194+0000] {logging_mixin.py:188} INFO - Downloaded TSLA/1771327878.json
[2026-02-17T12:37:26.238+0000] {logging_mixin.py:188} INFO - Downloaded TSLA/1771327890.json
[2026-02-17T12:37:26.278+0000] {logging_mixin.py:188} INFO - Downloaded TSLA/1771327900.json
[2026-02-17T12:37:26.323+0000] {logging_mixin.py:188} INFO - Downloaded TSLA/1771327910.json
[2026-02-17T12:37:26.363+0000] {logging_mixin.py:188} INFO - Downloaded TSLA/1771327920.json
[2026-02-17T12:37:26.417+0000] {logging_mixin.py:188} INFO - Downloaded TSLA/1771327930.json
[2026-02-17T12:37:26.478+0000] {logging_mixin.py:188} INFO - Downloaded TSLA/1771327941.json
[2026-02-17T12:37:26.513+0000] {logging_mixin.py:188} INFO - Downloaded TSLA/1771327951.json
[2026-02-17T12:37:26.542+0000] {logging_mixin.py:188} INFO - Downloaded TSLA/1771327961.json
[2026-02-17T12:37:26.578+0000] {logging_mixin.py:188} INFO - Downloaded TSLA/1771327972.json
[2026-02-17T12:37:26.642+0000] {logging_mixin.py:188} INFO - Downloaded TSLA/1771327982.json
[2026-02-17T12:37:26.683+0000] {logging_mixin.py:188} INFO - Downloaded TSLA/1771327992.json
[2026-02-17T12:37:26.766+0000] {logging_mixin.py:188} INFO - Downloaded TSLA/1771328003.json
[2026-02-17T12:37:26.884+0000] {logging_mixin.py:188} INFO - Downloaded TSLA/1771328012.json
[2026-02-17T12:37:26.948+0000] {logging_mixin.py:188} INFO - Downloaded TSLA/1771328022.json
[2026-02-17T12:37:27.062+0000] {logging_mixin.py:188} INFO - Downloaded TSLA/1771328033.json
[2026-02-17T12:37:27.132+0000] {logging_mixin.py:188} INFO - Downloaded TSLA/1771328043.json
[2026-02-17T12:37:27.176+0000] {logging_mixin.py:188} INFO - Downloaded TSLA/1771328053.json
[2026-02-17T12:37:27.211+0000] {logging_mixin.py:188} INFO - Downloaded TSLA/1771328063.json
[2026-02-17T12:37:27.252+0000] {logging_mixin.py:188} INFO - Downloaded TSLA/1771328074.json
[2026-02-17T12:37:27.309+0000] {logging_mixin.py:188} INFO - Downloaded TSLA/1771328084.json
[2026-02-17T12:37:27.354+0000] {logging_mixin.py:188} INFO - Downloaded TSLA/1771328095.json
[2026-02-17T12:37:27.397+0000] {logging_mixin.py:188} INFO - Downloaded TSLA/1771328108.json
[2026-02-17T12:37:27.432+0000] {logging_mixin.py:188} INFO - Downloaded TSLA/1771328119.json
[2026-02-17T12:37:27.468+0000] {logging_mixin.py:188} INFO - Downloaded TSLA/1771328130.json
[2026-02-17T12:37:27.508+0000] {logging_mixin.py:188} INFO - Downloaded TSLA/1771328142.json
[2026-02-17T12:37:27.544+0000] {logging_mixin.py:188} INFO - Downloaded TSLA/1771328152.json
[2026-02-17T12:37:27.583+0000] {logging_mixin.py:188} INFO - Downloaded TSLA/1771328164.json
[2026-02-17T12:37:27.628+0000] {logging_mixin.py:188} INFO - Downloaded TSLA/1771328192.json
[2026-02-17T12:37:27.688+0000] {logging_mixin.py:188} INFO - Downloaded TSLA/1771328212.json
[2026-02-17T12:37:27.736+0000] {logging_mixin.py:188} INFO - Downloaded TSLA/1771328222.json
[2026-02-17T12:37:27.772+0000] {logging_mixin.py:188} INFO - Downloaded TSLA/1771328233.json
[2026-02-17T12:37:27.822+0000] {logging_mixin.py:188} INFO - Downloaded TSLA/1771328243.json
[2026-02-17T12:37:27.901+0000] {logging_mixin.py:188} INFO - Downloaded TSLA/1771328253.json
[2026-02-17T12:37:27.997+0000] {logging_mixin.py:188} INFO - Downloaded TSLA/1771328264.json
[2026-02-17T12:37:28.049+0000] {logging_mixin.py:188} INFO - Downloaded TSLA/1771328275.json
[2026-02-17T12:37:28.119+0000] {logging_mixin.py:188} INFO - Downloaded TSLA/1771328286.json
[2026-02-17T12:37:28.160+0000] {logging_mixin.py:188} INFO - Downloaded TSLA/1771328296.json
[2026-02-17T12:37:28.213+0000] {logging_mixin.py:188} INFO - Downloaded TSLA/1771328306.json
[2026-02-17T12:37:28.266+0000] {logging_mixin.py:188} INFO - Downloaded TSLA/1771328317.json
[2026-02-17T12:37:28.319+0000] {logging_mixin.py:188} INFO - Downloaded TSLA/1771328327.json
[2026-02-17T12:37:28.354+0000] {logging_mixin.py:188} INFO - Downloaded TSLA/1771328337.json
[2026-02-17T12:37:28.387+0000] {logging_mixin.py:188} INFO - Downloaded TSLA/1771328347.json
[2026-02-17T12:37:28.421+0000] {logging_mixin.py:188} INFO - Downloaded TSLA/1771328360.json
[2026-02-17T12:37:28.452+0000] {logging_mixin.py:188} INFO - Downloaded TSLA/1771328376.json
[2026-02-17T12:37:28.508+0000] {logging_mixin.py:188} INFO - Downloaded TSLA/1771328388.json
[2026-02-17T12:37:28.562+0000] {logging_mixin.py:188} INFO - Downloaded TSLA/1771328398.json
[2026-02-17T12:37:28.595+0000] {logging_mixin.py:188} INFO - Downloaded TSLA/1771328409.json
[2026-02-17T12:37:28.633+0000] {logging_mixin.py:188} INFO - Downloaded TSLA/1771328420.json
[2026-02-17T12:37:28.738+0000] {logging_mixin.py:188} INFO - Downloaded TSLA/1771328463.json
[2026-02-17T12:37:28.799+0000] {logging_mixin.py:188} INFO - Downloaded TSLA/1771328520.json
[2026-02-17T12:37:28.870+0000] {logging_mixin.py:188} INFO - Downloaded TSLA/1771328531.json
[2026-02-17T12:37:28.924+0000] {logging_mixin.py:188} INFO - Downloaded TSLA/1771328603.json
[2026-02-17T12:37:28.968+0000] {logging_mixin.py:188} INFO - Downloaded TSLA/1771328730.json
[2026-02-17T12:37:29.047+0000] {logging_mixin.py:188} INFO - Downloaded TSLA/1771328741.json
[2026-02-17T12:37:29.096+0000] {logging_mixin.py:188} INFO - Downloaded TSLA/1771328751.json
[2026-02-17T12:37:29.142+0000] {logging_mixin.py:188} INFO - Downloaded TSLA/1771328763.json
[2026-02-17T12:37:29.178+0000] {logging_mixin.py:188} INFO - Downloaded TSLA/1771328773.json
[2026-02-17T12:37:29.243+0000] {logging_mixin.py:188} INFO - Downloaded TSLA/1771328783.json
[2026-02-17T12:37:29.300+0000] {logging_mixin.py:188} INFO - Downloaded TSLA/1771328794.json
[2026-02-17T12:37:29.339+0000] {logging_mixin.py:188} INFO - Downloaded TSLA/1771328804.json
[2026-02-17T12:37:29.381+0000] {logging_mixin.py:188} INFO - Downloaded TSLA/1771328814.json
[2026-02-17T12:37:29.413+0000] {logging_mixin.py:188} INFO - Downloaded TSLA/1771328824.json
[2026-02-17T12:37:29.451+0000] {logging_mixin.py:188} INFO - Downloaded TSLA/1771328835.json
[2026-02-17T12:37:29.495+0000] {logging_mixin.py:188} INFO - Downloaded TSLA/1771328845.json
[2026-02-17T12:37:29.524+0000] {logging_mixin.py:188} INFO - Downloaded TSLA/1771328857.json
[2026-02-17T12:37:29.588+0000] {logging_mixin.py:188} INFO - Downloaded TSLA/1771328868.json
[2026-02-17T12:37:29.645+0000] {logging_mixin.py:188} INFO - Downloaded TSLA/1771328879.json
[2026-02-17T12:37:29.670+0000] {logging_mixin.py:188} INFO - Downloaded TSLA/1771328890.json
[2026-02-17T12:37:29.714+0000] {logging_mixin.py:188} INFO - Downloaded TSLA/1771328900.json
[2026-02-17T12:37:29.757+0000] {logging_mixin.py:188} INFO - Downloaded TSLA/1771328930.json
[2026-02-17T12:37:29.786+0000] {logging_mixin.py:188} INFO - Downloaded TSLA/1771328941.json
[2026-02-17T12:37:29.809+0000] {logging_mixin.py:188} INFO - Downloaded TSLA/1771328951.json
[2026-02-17T12:37:29.853+0000] {logging_mixin.py:188} INFO - Downloaded TSLA/1771328962.json
[2026-02-17T12:37:29.895+0000] {logging_mixin.py:188} INFO - Downloaded TSLA/1771328977.json
[2026-02-17T12:37:29.924+0000] {logging_mixin.py:188} INFO - Downloaded TSLA/1771328987.json
[2026-02-17T12:37:29.963+0000] {logging_mixin.py:188} INFO - Downloaded TSLA/1771328997.json
[2026-02-17T12:37:29.998+0000] {logging_mixin.py:188} INFO - Downloaded TSLA/1771329008.json
[2026-02-17T12:37:30.045+0000] {logging_mixin.py:188} INFO - Downloaded TSLA/1771329021.json
[2026-02-17T12:37:30.081+0000] {logging_mixin.py:188} INFO - Downloaded TSLA/1771329032.json
[2026-02-17T12:37:30.117+0000] {logging_mixin.py:188} INFO - Downloaded TSLA/1771329043.json
[2026-02-17T12:37:30.186+0000] {logging_mixin.py:188} INFO - Downloaded TSLA/1771329085.json
[2026-02-17T12:37:30.217+0000] {logging_mixin.py:188} INFO - Downloaded TSLA/1771329096.json
[2026-02-17T12:37:30.249+0000] {logging_mixin.py:188} INFO - Downloaded TSLA/1771329107.json
[2026-02-17T12:37:30.283+0000] {logging_mixin.py:188} INFO - Downloaded TSLA/1771329134.json
[2026-02-17T12:37:30.325+0000] {logging_mixin.py:188} INFO - Downloaded TSLA/1771329145.json
[2026-02-17T12:37:30.383+0000] {logging_mixin.py:188} INFO - Downloaded TSLA/1771329156.json
[2026-02-17T12:37:30.446+0000] {logging_mixin.py:188} INFO - Downloaded TSLA/1771329169.json
[2026-02-17T12:37:30.566+0000] {logging_mixin.py:188} INFO - Downloaded TSLA/1771329179.json
[2026-02-17T12:37:30.629+0000] {logging_mixin.py:188} INFO - Downloaded TSLA/1771329190.json
[2026-02-17T12:37:30.691+0000] {logging_mixin.py:188} INFO - Downloaded TSLA/1771329202.json
[2026-02-17T12:37:30.764+0000] {logging_mixin.py:188} INFO - Downloaded TSLA/1771329213.json
[2026-02-17T12:37:30.808+0000] {logging_mixin.py:188} INFO - Downloaded TSLA/1771329223.json
[2026-02-17T12:37:30.845+0000] {logging_mixin.py:188} INFO - Downloaded TSLA/1771329233.json
[2026-02-17T12:37:30.900+0000] {logging_mixin.py:188} INFO - Downloaded TSLA/1771329244.json
[2026-02-17T12:37:30.935+0000] {logging_mixin.py:188} INFO - Downloaded TSLA/1771329254.json
[2026-02-17T12:37:30.971+0000] {logging_mixin.py:188} INFO - Downloaded TSLA/1771329265.json
[2026-02-17T12:37:31.017+0000] {logging_mixin.py:188} INFO - Downloaded TSLA/1771329275.json
[2026-02-17T12:37:31.063+0000] {logging_mixin.py:188} INFO - Downloaded TSLA/1771329285.json
[2026-02-17T12:37:31.096+0000] {logging_mixin.py:188} INFO - Downloaded TSLA/1771329295.json
[2026-02-17T12:37:31.138+0000] {logging_mixin.py:188} INFO - Downloaded TSLA/1771329305.json
[2026-02-17T12:37:31.179+0000] {logging_mixin.py:188} INFO - Downloaded TSLA/1771329316.json
[2026-02-17T12:37:31.211+0000] {logging_mixin.py:188} INFO - Downloaded TSLA/1771329326.json
[2026-02-17T12:37:31.260+0000] {logging_mixin.py:188} INFO - Downloaded TSLA/1771329336.json
[2026-02-17T12:37:31.360+0000] {logging_mixin.py:188} INFO - Downloaded TSLA/1771329347.json
[2026-02-17T12:37:31.402+0000] {logging_mixin.py:188} INFO - Downloaded TSLA/1771329357.json
[2026-02-17T12:37:31.453+0000] {logging_mixin.py:188} INFO - Downloaded TSLA/1771329367.json
[2026-02-17T12:37:31.503+0000] {logging_mixin.py:188} INFO - Downloaded TSLA/1771329378.json
[2026-02-17T12:37:31.539+0000] {logging_mixin.py:188} INFO - Downloaded TSLA/1771329388.json
[2026-02-17T12:37:31.606+0000] {logging_mixin.py:188} INFO - Downloaded TSLA/1771329398.json
[2026-02-17T12:37:31.662+0000] {logging_mixin.py:188} INFO - Downloaded TSLA/1771329409.json
[2026-02-17T12:37:31.715+0000] {logging_mixin.py:188} INFO - Downloaded TSLA/1771329418.json
[2026-02-17T12:37:31.764+0000] {logging_mixin.py:188} INFO - Downloaded TSLA/1771329428.json
[2026-02-17T12:37:31.848+0000] {logging_mixin.py:188} INFO - Downloaded TSLA/1771329438.json
[2026-02-17T12:37:31.914+0000] {logging_mixin.py:188} INFO - Downloaded TSLA/1771329448.json
[2026-02-17T12:37:31.976+0000] {logging_mixin.py:188} INFO - Downloaded TSLA/1771329459.json
[2026-02-17T12:37:32.054+0000] {logging_mixin.py:188} INFO - Downloaded TSLA/1771329469.json
[2026-02-17T12:37:32.132+0000] {logging_mixin.py:188} INFO - Downloaded TSLA/1771329479.json
[2026-02-17T12:37:32.232+0000] {logging_mixin.py:188} INFO - Downloaded TSLA/1771329489.json
[2026-02-17T12:37:32.268+0000] {logging_mixin.py:188} INFO - Downloaded TSLA/1771329501.json
[2026-02-17T12:37:32.358+0000] {logging_mixin.py:188} INFO - Downloaded TSLA/1771329511.json
[2026-02-17T12:37:32.420+0000] {logging_mixin.py:188} INFO - Downloaded TSLA/1771329522.json
[2026-02-17T12:37:32.455+0000] {logging_mixin.py:188} INFO - Downloaded TSLA/1771329539.json
[2026-02-17T12:37:32.511+0000] {logging_mixin.py:188} INFO - Downloaded TSLA/1771329550.json
[2026-02-17T12:37:33.047+0000] {logging_mixin.py:188} INFO - Downloaded TSLA/1771329561.json
[2026-02-17T12:37:33.101+0000] {logging_mixin.py:188} INFO - Downloaded TSLA/1771329570.json
[2026-02-17T12:37:33.207+0000] {logging_mixin.py:188} INFO - Downloaded TSLA/1771329580.json
[2026-02-17T12:37:33.249+0000] {logging_mixin.py:188} INFO - Downloaded TSLA/1771329590.json
[2026-02-17T12:37:33.332+0000] {logging_mixin.py:188} INFO - Downloaded TSLA/1771329601.json
[2026-02-17T12:37:33.418+0000] {logging_mixin.py:188} INFO - Downloaded TSLA/1771329613.json
[2026-02-17T12:37:33.470+0000] {logging_mixin.py:188} INFO - Downloaded TSLA/1771329623.json
[2026-02-17T12:37:33.521+0000] {logging_mixin.py:188} INFO - Downloaded TSLA/1771329635.json
[2026-02-17T12:37:33.619+0000] {logging_mixin.py:188} INFO - Downloaded TSLA/1771329677.json
[2026-02-17T12:37:33.669+0000] {logging_mixin.py:188} INFO - Downloaded TSLA/1771329699.json
[2026-02-17T12:37:33.718+0000] {logging_mixin.py:188} INFO - Downloaded TSLA/1771329710.json
[2026-02-17T12:37:33.782+0000] {logging_mixin.py:188} INFO - Downloaded TSLA/1771329720.json
[2026-02-17T12:37:33.930+0000] {logging_mixin.py:188} INFO - Downloaded TSLA/1771329731.json
[2026-02-17T12:37:34.015+0000] {logging_mixin.py:188} INFO - Downloaded TSLA/1771329741.json
[2026-02-17T12:37:34.057+0000] {logging_mixin.py:188} INFO - Downloaded TSLA/1771329752.json
[2026-02-17T12:37:34.116+0000] {logging_mixin.py:188} INFO - Downloaded TSLA/1771329763.json
[2026-02-17T12:37:34.173+0000] {logging_mixin.py:188} INFO - Downloaded TSLA/1771329775.json
[2026-02-17T12:37:34.233+0000] {logging_mixin.py:188} INFO - Downloaded TSLA/1771329786.json
[2026-02-17T12:37:34.275+0000] {logging_mixin.py:188} INFO - Downloaded TSLA/1771329798.json
[2026-02-17T12:37:34.319+0000] {logging_mixin.py:188} INFO - Downloaded TSLA/1771329809.json
[2026-02-17T12:37:34.440+0000] {logging_mixin.py:188} INFO - Downloaded TSLA/1771329820.json
[2026-02-17T12:37:34.507+0000] {logging_mixin.py:188} INFO - Downloaded TSLA/1771329831.json
[2026-02-17T12:37:34.624+0000] {logging_mixin.py:188} INFO - Downloaded TSLA/1771329842.json
[2026-02-17T12:37:34.711+0000] {logging_mixin.py:188} INFO - Downloaded TSLA/1771329879.json
[2026-02-17T12:37:34.756+0000] {logging_mixin.py:188} INFO - Downloaded TSLA/1771329890.json
[2026-02-17T12:37:34.825+0000] {logging_mixin.py:188} INFO - Downloaded TSLA/1771329900.json
[2026-02-17T12:37:34.921+0000] {logging_mixin.py:188} INFO - Downloaded TSLA/1771329910.json
[2026-02-17T12:37:34.965+0000] {logging_mixin.py:188} INFO - Downloaded TSLA/1771329921.json
[2026-02-17T12:37:35.002+0000] {logging_mixin.py:188} INFO - Downloaded TSLA/1771329931.json
[2026-02-17T12:37:35.047+0000] {logging_mixin.py:188} INFO - Downloaded TSLA/1771329942.json
[2026-02-17T12:37:35.082+0000] {logging_mixin.py:188} INFO - Downloaded TSLA/1771329953.json
[2026-02-17T12:37:35.183+0000] {logging_mixin.py:188} INFO - Downloaded TSLA/1771329963.json
[2026-02-17T12:37:35.231+0000] {logging_mixin.py:188} INFO - Downloaded TSLA/1771329974.json
[2026-02-17T12:37:35.285+0000] {logging_mixin.py:188} INFO - Downloaded TSLA/1771329985.json
[2026-02-17T12:37:35.325+0000] {logging_mixin.py:188} INFO - Downloaded TSLA/1771329996.json
[2026-02-17T12:37:35.400+0000] {logging_mixin.py:188} INFO - Downloaded TSLA/1771330007.json
[2026-02-17T12:37:35.500+0000] {logging_mixin.py:188} INFO - Downloaded TSLA/1771330026.json
[2026-02-17T12:37:35.536+0000] {logging_mixin.py:188} INFO - Downloaded TSLA/1771330038.json
[2026-02-17T12:37:35.619+0000] {logging_mixin.py:188} INFO - Downloaded TSLA/1771330049.json
[2026-02-17T12:37:35.674+0000] {logging_mixin.py:188} INFO - Downloaded TSLA/1771330081.json
[2026-02-17T12:37:35.739+0000] {logging_mixin.py:188} INFO - Downloaded TSLA/1771330093.json
[2026-02-17T12:37:35.805+0000] {logging_mixin.py:188} INFO - Downloaded TSLA/1771330104.json
[2026-02-17T12:37:35.889+0000] {logging_mixin.py:188} INFO - Downloaded TSLA/1771330115.json
[2026-02-17T12:37:35.954+0000] {logging_mixin.py:188} INFO - Downloaded TSLA/1771330127.json
[2026-02-17T12:37:36.107+0000] {logging_mixin.py:188} INFO - Downloaded TSLA/1771330137.json
[2026-02-17T12:37:36.169+0000] {logging_mixin.py:188} INFO - Downloaded TSLA/1771330148.json
[2026-02-17T12:37:36.229+0000] {logging_mixin.py:188} INFO - Downloaded TSLA/1771330159.json
[2026-02-17T12:37:36.307+0000] {logging_mixin.py:188} INFO - Downloaded TSLA/1771330170.json
[2026-02-17T12:37:36.393+0000] {logging_mixin.py:188} INFO - Downloaded TSLA/1771330180.json
[2026-02-17T12:37:36.435+0000] {logging_mixin.py:188} INFO - Downloaded TSLA/1771330190.json
[2026-02-17T12:37:36.464+0000] {logging_mixin.py:188} INFO - Downloaded TSLA/1771330202.json
[2026-02-17T12:37:36.525+0000] {logging_mixin.py:188} INFO - Downloaded TSLA/1771330213.json
[2026-02-17T12:37:36.572+0000] {logging_mixin.py:188} INFO - Downloaded TSLA/1771330224.json
[2026-02-17T12:37:36.623+0000] {logging_mixin.py:188} INFO - Downloaded TSLA/1771330236.json
[2026-02-17T12:37:36.652+0000] {logging_mixin.py:188} INFO - Downloaded TSLA/1771330247.json
[2026-02-17T12:37:36.732+0000] {logging_mixin.py:188} INFO - Downloaded TSLA/1771330257.json
[2026-02-17T12:37:36.809+0000] {logging_mixin.py:188} INFO - Downloaded TSLA/1771330268.json
[2026-02-17T12:37:36.910+0000] {logging_mixin.py:188} INFO - Downloaded TSLA/1771330278.json
[2026-02-17T12:37:37.043+0000] {logging_mixin.py:188} INFO - Downloaded TSLA/1771330289.json
[2026-02-17T12:37:37.159+0000] {logging_mixin.py:188} INFO - Downloaded TSLA/1771330299.json
[2026-02-17T12:37:37.264+0000] {logging_mixin.py:188} INFO - Downloaded TSLA/1771330310.json
[2026-02-17T12:37:37.317+0000] {logging_mixin.py:188} INFO - Downloaded TSLA/1771330322.json
[2026-02-17T12:37:37.427+0000] {logging_mixin.py:188} INFO - Downloaded TSLA/1771330333.json
[2026-02-17T12:37:37.509+0000] {logging_mixin.py:188} INFO - Downloaded TSLA/1771330343.json
[2026-02-17T12:37:37.553+0000] {logging_mixin.py:188} INFO - Downloaded TSLA/1771330354.json
[2026-02-17T12:37:37.598+0000] {logging_mixin.py:188} INFO - Downloaded TSLA/1771330365.json
[2026-02-17T12:37:37.666+0000] {logging_mixin.py:188} INFO - Downloaded TSLA/1771330375.json
[2026-02-17T12:37:37.708+0000] {logging_mixin.py:188} INFO - Downloaded TSLA/1771330386.json
[2026-02-17T12:37:37.791+0000] {logging_mixin.py:188} INFO - Downloaded TSLA/1771330397.json
[2026-02-17T12:37:37.841+0000] {logging_mixin.py:188} INFO - Downloaded TSLA/1771330408.json
[2026-02-17T12:37:37.912+0000] {logging_mixin.py:188} INFO - Downloaded TSLA/1771330421.json
[2026-02-17T12:37:37.957+0000] {logging_mixin.py:188} INFO - Downloaded TSLA/1771330431.json
[2026-02-17T12:37:38.042+0000] {logging_mixin.py:188} INFO - Downloaded TSLA/1771330442.json
[2026-02-17T12:37:38.089+0000] {logging_mixin.py:188} INFO - Downloaded TSLA/1771330452.json
[2026-02-17T12:37:38.144+0000] {logging_mixin.py:188} INFO - Downloaded TSLA/1771330463.json
[2026-02-17T12:37:38.196+0000] {logging_mixin.py:188} INFO - Downloaded TSLA/1771330474.json
[2026-02-17T12:37:38.226+0000] {logging_mixin.py:188} INFO - Downloaded TSLA/1771330484.json
[2026-02-17T12:37:38.305+0000] {logging_mixin.py:188} INFO - Downloaded TSLA/1771330494.json
[2026-02-17T12:37:38.389+0000] {logging_mixin.py:188} INFO - Downloaded TSLA/1771330505.json
[2026-02-17T12:37:38.439+0000] {logging_mixin.py:188} INFO - Downloaded TSLA/1771330516.json
[2026-02-17T12:37:38.498+0000] {logging_mixin.py:188} INFO - Downloaded TSLA/1771330526.json
[2026-02-17T12:37:38.624+0000] {logging_mixin.py:188} INFO - Downloaded TSLA/1771330539.json
[2026-02-17T12:37:38.692+0000] {logging_mixin.py:188} INFO - Downloaded TSLA/1771330549.json
[2026-02-17T12:37:38.775+0000] {logging_mixin.py:188} INFO - Downloaded TSLA/1771330565.json
[2026-02-17T12:37:38.847+0000] {logging_mixin.py:188} INFO - Downloaded TSLA/1771330577.json
[2026-02-17T12:37:38.948+0000] {logging_mixin.py:188} INFO - Downloaded TSLA/1771330589.json
[2026-02-17T12:37:39.004+0000] {logging_mixin.py:188} INFO - Downloaded TSLA/1771330601.json
[2026-02-17T12:37:39.078+0000] {logging_mixin.py:188} INFO - Downloaded TSLA/1771330611.json
[2026-02-17T12:37:39.175+0000] {logging_mixin.py:188} INFO - Downloaded TSLA/1771330622.json
[2026-02-17T12:37:39.255+0000] {logging_mixin.py:188} INFO - Downloaded TSLA/1771330633.json
[2026-02-17T12:37:39.292+0000] {logging_mixin.py:188} INFO - Downloaded TSLA/1771330644.json
[2026-02-17T12:37:39.363+0000] {logging_mixin.py:188} INFO - Downloaded TSLA/1771330655.json
[2026-02-17T12:37:39.411+0000] {logging_mixin.py:188} INFO - Downloaded TSLA/1771330666.json
[2026-02-17T12:37:39.908+0000] {logging_mixin.py:188} INFO - Downloaded TSLA/1771330680.json
[2026-02-17T12:37:42.161+0000] {logging_mixin.py:188} INFO - Downloaded TSLA/1771330690.json
[2026-02-17T12:37:45.498+0000] {logging_mixin.py:188} INFO - Downloaded TSLA/1771330701.json
[2026-02-17T12:37:48.508+0000] {logging_mixin.py:188} INFO - Downloaded TSLA/1771330712.json
[2026-02-17T12:37:49.948+0000] {logging_mixin.py:188} INFO - Downloaded TSLA/1771330725.json
[2026-02-17T12:37:50.259+0000] {job.py:218} ERROR - Job heartbeat got an exception
Traceback (most recent call last):
  File "/home/airflow/.local/lib/python3.12/site-packages/sqlalchemy/engine/base.py", line 3371, in _wrap_pool_connect
    return fn()
           ^^^^
  File "/home/airflow/.local/lib/python3.12/site-packages/sqlalchemy/pool/base.py", line 327, in connect
    return _ConnectionFairy._checkout(self)
           ^^^^^^^^^^^^^^^^^^^^^^^^^^^^^^^^
  File "/home/airflow/.local/lib/python3.12/site-packages/sqlalchemy/pool/base.py", line 894, in _checkout
    fairy = _ConnectionRecord.checkout(pool)
            ^^^^^^^^^^^^^^^^^^^^^^^^^^^^^^^^
  File "/home/airflow/.local/lib/python3.12/site-packages/sqlalchemy/pool/base.py", line 493, in checkout
    rec = pool._do_get()
          ^^^^^^^^^^^^^^
  File "/home/airflow/.local/lib/python3.12/site-packages/sqlalchemy/pool/impl.py", line 256, in _do_get
    return self._create_connection()
           ^^^^^^^^^^^^^^^^^^^^^^^^^
  File "/home/airflow/.local/lib/python3.12/site-packages/sqlalchemy/pool/base.py", line 273, in _create_connection
    return _ConnectionRecord(self)
           ^^^^^^^^^^^^^^^^^^^^^^^
  File "/home/airflow/.local/lib/python3.12/site-packages/sqlalchemy/pool/base.py", line 388, in __init__
    self.__connect()
  File "/home/airflow/.local/lib/python3.12/site-packages/sqlalchemy/pool/base.py", line 690, in __connect
    with util.safe_reraise():
  File "/home/airflow/.local/lib/python3.12/site-packages/sqlalchemy/util/langhelpers.py", line 70, in __exit__
    compat.raise_(
  File "/home/airflow/.local/lib/python3.12/site-packages/sqlalchemy/util/compat.py", line 211, in raise_
    raise exception
  File "/home/airflow/.local/lib/python3.12/site-packages/sqlalchemy/pool/base.py", line 686, in __connect
    self.dbapi_connection = connection = pool._invoke_creator(self)
                                         ^^^^^^^^^^^^^^^^^^^^^^^^^^
  File "/home/airflow/.local/lib/python3.12/site-packages/sqlalchemy/engine/create.py", line 574, in connect
    return dialect.connect(*cargs, **cparams)
           ^^^^^^^^^^^^^^^^^^^^^^^^^^^^^^^^^^
  File "/home/airflow/.local/lib/python3.12/site-packages/sqlalchemy/engine/default.py", line 598, in connect
    return self.dbapi.connect(*cargs, **cparams)
           ^^^^^^^^^^^^^^^^^^^^^^^^^^^^^^^^^^^^^
  File "/home/airflow/.local/lib/python3.12/site-packages/psycopg2/__init__.py", line 122, in connect
    conn = _connect(dsn, connection_factory=connection_factory, **kwasync)
           ^^^^^^^^^^^^^^^^^^^^^^^^^^^^^^^^^^^^^^^^^^^^^^^^^^^^^^^^^^^^^^^
psycopg2.OperationalError: could not translate host name "postgres" to address: Temporary failure in name resolution


The above exception was the direct cause of the following exception:

Traceback (most recent call last):
  File "/home/airflow/.local/lib/python3.12/site-packages/airflow/jobs/job.py", line 213, in heartbeat
    heartbeat_callback(session)
  File "/home/airflow/.local/lib/python3.12/site-packages/airflow/utils/session.py", line 76, in wrapper
    return func(*args, **kwargs)
           ^^^^^^^^^^^^^^^^^^^^^
  File "/home/airflow/.local/lib/python3.12/site-packages/airflow/jobs/local_task_job_runner.py", line 261, in heartbeat_callback
    self.task_instance.refresh_from_db()
  File "/home/airflow/.local/lib/python3.12/site-packages/airflow/utils/session.py", line 79, in wrapper
    return func(*args, session=session, **kwargs)
           ^^^^^^^^^^^^^^^^^^^^^^^^^^^^^^^^^^^^^^
  File "/home/airflow/.local/lib/python3.12/site-packages/airflow/models/taskinstance.py", line 1821, in refresh_from_db
    _refresh_from_db(task_instance=self, session=session, lock_for_update=lock_for_update)
  File "/home/airflow/.local/lib/python3.12/site-packages/airflow/models/taskinstance.py", line 510, in _refresh_from_db
    ti = TaskInstance.get_task_instance(
         ^^^^^^^^^^^^^^^^^^^^^^^^^^^^^^^
  File "/home/airflow/.local/lib/python3.12/site-packages/airflow/api_internal/internal_api_call.py", line 115, in wrapper
    return func(*args, **kwargs)
           ^^^^^^^^^^^^^^^^^^^^^
  File "/home/airflow/.local/lib/python3.12/site-packages/airflow/utils/session.py", line 76, in wrapper
    return func(*args, **kwargs)
           ^^^^^^^^^^^^^^^^^^^^^
  File "/home/airflow/.local/lib/python3.12/site-packages/airflow/models/taskinstance.py", line 1807, in get_task_instance
    return query.one_or_none()
           ^^^^^^^^^^^^^^^^^^^
  File "/home/airflow/.local/lib/python3.12/site-packages/sqlalchemy/orm/query.py", line 2850, in one_or_none
    return self._iter().one_or_none()
           ^^^^^^^^^^^^
  File "/home/airflow/.local/lib/python3.12/site-packages/sqlalchemy/orm/query.py", line 2916, in _iter
    result = self.session.execute(
             ^^^^^^^^^^^^^^^^^^^^^
  File "/home/airflow/.local/lib/python3.12/site-packages/sqlalchemy/orm/session.py", line 1716, in execute
    conn = self._connection_for_bind(bind)
           ^^^^^^^^^^^^^^^^^^^^^^^^^^^^^^^
  File "/home/airflow/.local/lib/python3.12/site-packages/sqlalchemy/orm/session.py", line 1555, in _connection_for_bind
    return self._transaction._connection_for_bind(
           ^^^^^^^^^^^^^^^^^^^^^^^^^^^^^^^^^^^^^^^
  File "/home/airflow/.local/lib/python3.12/site-packages/sqlalchemy/orm/session.py", line 750, in _connection_for_bind
    conn = bind.connect()
           ^^^^^^^^^^^^^^
  File "/home/airflow/.local/lib/python3.12/site-packages/sqlalchemy/future/engine.py", line 412, in connect
    return super(Engine, self).connect()
           ^^^^^^^^^^^^^^^^^^^^^^^^^^^^^
  File "/home/airflow/.local/lib/python3.12/site-packages/sqlalchemy/engine/base.py", line 3325, in connect
    return self._connection_cls(self, close_with_result=close_with_result)
           ^^^^^^^^^^^^^^^^^^^^^^^^^^^^^^^^^^^^^^^^^^^^^^^^^^^^^^^^^^^^^^^
  File "/home/airflow/.local/lib/python3.12/site-packages/sqlalchemy/engine/base.py", line 96, in __init__
    else engine.raw_connection()
         ^^^^^^^^^^^^^^^^^^^^^^^
  File "/home/airflow/.local/lib/python3.12/site-packages/sqlalchemy/engine/base.py", line 3404, in raw_connection
    return self._wrap_pool_connect(self.pool.connect, _connection)
           ^^^^^^^^^^^^^^^^^^^^^^^^^^^^^^^^^^^^^^^^^^^^^^^^^^^^^^^
  File "/home/airflow/.local/lib/python3.12/site-packages/sqlalchemy/engine/base.py", line 3374, in _wrap_pool_connect
    Connection._handle_dbapi_exception_noconnection(
  File "/home/airflow/.local/lib/python3.12/site-packages/sqlalchemy/engine/base.py", line 2208, in _handle_dbapi_exception_noconnection
    util.raise_(
  File "/home/airflow/.local/lib/python3.12/site-packages/sqlalchemy/util/compat.py", line 211, in raise_
    raise exception
  File "/home/airflow/.local/lib/python3.12/site-packages/sqlalchemy/engine/base.py", line 3371, in _wrap_pool_connect
    return fn()
           ^^^^
  File "/home/airflow/.local/lib/python3.12/site-packages/sqlalchemy/pool/base.py", line 327, in connect
    return _ConnectionFairy._checkout(self)
           ^^^^^^^^^^^^^^^^^^^^^^^^^^^^^^^^
  File "/home/airflow/.local/lib/python3.12/site-packages/sqlalchemy/pool/base.py", line 894, in _checkout
    fairy = _ConnectionRecord.checkout(pool)
            ^^^^^^^^^^^^^^^^^^^^^^^^^^^^^^^^
  File "/home/airflow/.local/lib/python3.12/site-packages/sqlalchemy/pool/base.py", line 493, in checkout
    rec = pool._do_get()
          ^^^^^^^^^^^^^^
  File "/home/airflow/.local/lib/python3.12/site-packages/sqlalchemy/pool/impl.py", line 256, in _do_get
    return self._create_connection()
           ^^^^^^^^^^^^^^^^^^^^^^^^^
  File "/home/airflow/.local/lib/python3.12/site-packages/sqlalchemy/pool/base.py", line 273, in _create_connection
    return _ConnectionRecord(self)
           ^^^^^^^^^^^^^^^^^^^^^^^
  File "/home/airflow/.local/lib/python3.12/site-packages/sqlalchemy/pool/base.py", line 388, in __init__
    self.__connect()
  File "/home/airflow/.local/lib/python3.12/site-packages/sqlalchemy/pool/base.py", line 690, in __connect
    with util.safe_reraise():
  File "/home/airflow/.local/lib/python3.12/site-packages/sqlalchemy/util/langhelpers.py", line 70, in __exit__
    compat.raise_(
  File "/home/airflow/.local/lib/python3.12/site-packages/sqlalchemy/util/compat.py", line 211, in raise_
    raise exception
  File "/home/airflow/.local/lib/python3.12/site-packages/sqlalchemy/pool/base.py", line 686, in __connect
    self.dbapi_connection = connection = pool._invoke_creator(self)
                                         ^^^^^^^^^^^^^^^^^^^^^^^^^^
  File "/home/airflow/.local/lib/python3.12/site-packages/sqlalchemy/engine/create.py", line 574, in connect
    return dialect.connect(*cargs, **cparams)
           ^^^^^^^^^^^^^^^^^^^^^^^^^^^^^^^^^^
  File "/home/airflow/.local/lib/python3.12/site-packages/sqlalchemy/engine/default.py", line 598, in connect
    return self.dbapi.connect(*cargs, **cparams)
           ^^^^^^^^^^^^^^^^^^^^^^^^^^^^^^^^^^^^^
  File "/home/airflow/.local/lib/python3.12/site-packages/psycopg2/__init__.py", line 122, in connect
    conn = _connect(dsn, connection_factory=connection_factory, **kwasync)
           ^^^^^^^^^^^^^^^^^^^^^^^^^^^^^^^^^^^^^^^^^^^^^^^^^^^^^^^^^^^^^^^
sqlalchemy.exc.OperationalError: (psycopg2.OperationalError) could not translate host name "postgres" to address: Temporary failure in name resolution

(Background on this error at: https://sqlalche.me/e/14/e3q8)
[2026-02-17T12:37:51.079+0000] {job.py:226} ERROR - Job heartbeat failed with error. Scheduler is in unhealthy state
[2026-02-17T12:37:53.473+0000] {logging_mixin.py:188} INFO - Downloaded TSLA/1771330736.json
[2026-02-17T12:37:57.123+0000] {logging_mixin.py:188} INFO - Downloaded TSLA/1771330746.json
[2026-02-17T12:38:01.481+0000] {logging_mixin.py:188} INFO - Downloaded TSLA/1771330756.json
[2026-02-17T12:38:03.982+0000] {logging_mixin.py:188} INFO - Downloaded TSLA/1771330766.json
[2026-02-17T12:38:06.371+0000] {logging_mixin.py:188} INFO - Downloaded TSLA/1771330777.json
[2026-02-17T12:38:10.629+0000] {logging_mixin.py:188} INFO - Downloaded TSLA/1771330787.json
[2026-02-17T12:38:13.245+0000] {logging_mixin.py:188} INFO - Downloaded TSLA/1771330798.json
[2026-02-17T12:38:15.270+0000] {logging_mixin.py:188} INFO - Downloaded TSLA/1771330808.json
[2026-02-17T12:38:17.607+0000] {logging_mixin.py:188} INFO - Downloaded TSLA/1771330819.json
[2026-02-17T12:38:17.807+0000] {logging_mixin.py:188} INFO - Downloaded TSLA/1771330830.json
[2026-02-17T12:38:17.877+0000] {logging_mixin.py:188} INFO - Downloaded TSLA/1771330844.json
[2026-02-17T12:38:17.989+0000] {logging_mixin.py:188} INFO - Downloaded TSLA/1771330859.json
[2026-02-17T12:38:18.136+0000] {logging_mixin.py:188} INFO - Downloaded TSLA/1771330873.json
[2026-02-17T12:38:18.191+0000] {logging_mixin.py:188} INFO - Downloaded TSLA/1771330887.json
[2026-02-17T12:38:18.257+0000] {logging_mixin.py:188} INFO - Downloaded TSLA/1771330900.json
[2026-02-17T12:38:18.291+0000] {logging_mixin.py:188} INFO - Downloaded TSLA/1771330910.json
[2026-02-17T12:38:18.383+0000] {logging_mixin.py:188} INFO - Downloaded TSLA/1771330920.json
[2026-02-17T12:38:18.513+0000] {logging_mixin.py:188} INFO - Downloaded TSLA/1771330930.json
[2026-02-17T12:38:18.554+0000] {logging_mixin.py:188} INFO - Downloaded TSLA/1771330940.json
[2026-02-17T12:38:18.706+0000] {logging_mixin.py:188} INFO - Downloaded TSLA/1771330952.json
[2026-02-17T12:38:18.766+0000] {logging_mixin.py:188} INFO - Downloaded TSLA/1771330962.json
[2026-02-17T12:38:18.860+0000] {logging_mixin.py:188} INFO - Downloaded TSLA/1771330977.json
[2026-02-17T12:38:18.970+0000] {logging_mixin.py:188} INFO - Downloaded TSLA/1771330987.json
[2026-02-17T12:38:19.063+0000] {logging_mixin.py:188} INFO - Downloaded TSLA/1771330998.json
[2026-02-17T12:38:19.129+0000] {logging_mixin.py:188} INFO - Downloaded TSLA/1771331008.json
[2026-02-17T12:38:19.195+0000] {logging_mixin.py:188} INFO - Downloaded TSLA/1771331018.json
[2026-02-17T12:38:19.232+0000] {logging_mixin.py:188} INFO - Downloaded TSLA/1771331028.json
[2026-02-17T12:38:19.276+0000] {logging_mixin.py:188} INFO - Downloaded TSLA/1771331038.json
[2026-02-17T12:38:19.324+0000] {logging_mixin.py:188} INFO - Downloaded TSLA/1771331049.json
[2026-02-17T12:38:19.362+0000] {logging_mixin.py:188} INFO - Downloaded TSLA/1771331060.json
[2026-02-17T12:38:19.410+0000] {logging_mixin.py:188} INFO - Downloaded TSLA/1771331071.json
[2026-02-17T12:38:19.478+0000] {logging_mixin.py:188} INFO - Downloaded TSLA/1771331082.json
[2026-02-17T12:38:19.542+0000] {logging_mixin.py:188} INFO - Downloaded TSLA/1771331093.json
[2026-02-17T12:38:19.583+0000] {logging_mixin.py:188} INFO - Downloaded TSLA/1771331103.json
[2026-02-17T12:38:19.645+0000] {logging_mixin.py:188} INFO - Downloaded TSLA/1771331113.json
[2026-02-17T12:38:19.734+0000] {logging_mixin.py:188} INFO - Downloaded TSLA/1771331123.json
[2026-02-17T12:38:19.881+0000] {logging_mixin.py:188} INFO - Downloaded TSLA/1771331134.json
[2026-02-17T12:38:19.993+0000] {logging_mixin.py:188} INFO - Downloaded TSLA/1771331144.json
[2026-02-17T12:38:20.121+0000] {logging_mixin.py:188} INFO - Downloaded TSLA/1771331154.json
[2026-02-17T12:38:20.271+0000] {logging_mixin.py:188} INFO - Downloaded TSLA/1771331165.json
[2026-02-17T12:38:20.363+0000] {logging_mixin.py:188} INFO - Downloaded TSLA/1771331176.json
[2026-02-17T12:38:20.463+0000] {logging_mixin.py:188} INFO - Downloaded TSLA/1771331186.json
[2026-02-17T12:38:20.541+0000] {logging_mixin.py:188} INFO - Downloaded TSLA/1771331197.json
[2026-02-17T12:38:20.615+0000] {logging_mixin.py:188} INFO - Downloaded TSLA/1771331207.json
[2026-02-17T12:38:20.713+0000] {logging_mixin.py:188} INFO - Downloaded TSLA/1771331218.json
[2026-02-17T12:38:20.811+0000] {logging_mixin.py:188} INFO - Downloaded TSLA/1771331229.json
[2026-02-17T12:38:20.880+0000] {logging_mixin.py:188} INFO - Downloaded TSLA/1771331242.json
[2026-02-17T12:38:20.927+0000] {logging_mixin.py:188} INFO - Downloaded TSLA/1771331253.json
[2026-02-17T12:38:21.020+0000] {logging_mixin.py:188} INFO - Downloaded TSLA/1771331265.json
[2026-02-17T12:38:21.069+0000] {logging_mixin.py:188} INFO - Downloaded TSLA/1771331276.json
[2026-02-17T12:38:21.147+0000] {logging_mixin.py:188} INFO - Downloaded TSLA/1771331287.json
[2026-02-17T12:38:21.221+0000] {logging_mixin.py:188} INFO - Downloaded TSLA/1771331297.json
[2026-02-17T12:38:21.320+0000] {logging_mixin.py:188} INFO - Downloaded TSLA/1771331308.json
[2026-02-17T12:38:21.392+0000] {logging_mixin.py:188} INFO - Downloaded TSLA/1771331318.json
[2026-02-17T12:38:21.463+0000] {logging_mixin.py:188} INFO - Downloaded TSLA/1771331328.json
[2026-02-17T12:38:21.559+0000] {logging_mixin.py:188} INFO - Downloaded TSLA/1771331338.json
[2026-02-17T12:38:21.666+0000] {logging_mixin.py:188} INFO - Downloaded TSLA/1771331348.json
[2026-02-17T12:38:21.774+0000] {logging_mixin.py:188} INFO - Downloaded TSLA/1771331359.json
[2026-02-17T12:38:21.856+0000] {logging_mixin.py:188} INFO - Downloaded TSLA/1771331369.json
[2026-02-17T12:38:21.928+0000] {logging_mixin.py:188} INFO - Downloaded TSLA/1771331380.json
[2026-02-17T12:38:21.989+0000] {logging_mixin.py:188} INFO - Downloaded TSLA/1771331389.json
[2026-02-17T12:38:22.056+0000] {logging_mixin.py:188} INFO - Downloaded TSLA/1771331400.json
[2026-02-17T12:38:22.073+0000] {logging_mixin.py:188} INFO - Downloaded TSLA/1771331410.json
[2026-02-17T12:38:22.119+0000] {logging_mixin.py:188} INFO - Downloaded TSLA/1771331421.json
[2026-02-17T12:38:22.155+0000] {logging_mixin.py:188} INFO - Downloaded TSLA/1771331431.json
[2026-02-17T12:38:22.223+0000] {logging_mixin.py:188} INFO - Downloaded TSLA/1771331441.json
[2026-02-17T12:38:22.265+0000] {logging_mixin.py:188} INFO - Downloaded TSLA/1771331452.json
[2026-02-17T12:38:22.297+0000] {logging_mixin.py:188} INFO - Downloaded TSLA/1771331494.json
[2026-02-17T12:38:22.336+0000] {logging_mixin.py:188} INFO - Downloaded TSLA/1771331504.json
[2026-02-17T12:38:22.370+0000] {logging_mixin.py:188} INFO - Downloaded TSLA/1771331515.json
[2026-02-17T12:38:22.453+0000] {logging_mixin.py:188} INFO - Downloaded TSLA/1771331528.json
[2026-02-17T12:38:22.487+0000] {logging_mixin.py:188} INFO - Downloaded TSLA/1771331540.json
[2026-02-17T12:38:22.540+0000] {logging_mixin.py:188} INFO - Downloaded TSLA/1771331552.json
[2026-02-17T12:38:22.597+0000] {logging_mixin.py:188} INFO - Downloaded TSLA/1771331563.json
[2026-02-17T12:38:22.746+0000] {logging_mixin.py:188} INFO - Downloaded TSLA/1771331573.json
[2026-02-17T12:38:22.808+0000] {logging_mixin.py:188} INFO - Downloaded TSLA/1771331583.json
[2026-02-17T12:38:22.869+0000] {logging_mixin.py:188} INFO - Downloaded TSLA/1771331593.json
[2026-02-17T12:38:22.988+0000] {logging_mixin.py:188} INFO - Downloaded TSLA/1771331606.json
[2026-02-17T12:38:23.095+0000] {logging_mixin.py:188} INFO - Downloaded TSLA/1771331617.json
[2026-02-17T12:38:23.195+0000] {logging_mixin.py:188} INFO - Downloaded TSLA/1771331628.json
[2026-02-17T12:38:23.307+0000] {logging_mixin.py:188} INFO - Downloaded TSLA/1771331640.json
[2026-02-17T12:38:23.413+0000] {logging_mixin.py:188} INFO - Downloaded TSLA/1771331651.json
[2026-02-17T12:38:23.653+0000] {logging_mixin.py:188} INFO - Downloaded TSLA/1771331661.json
[2026-02-17T12:38:23.924+0000] {logging_mixin.py:188} INFO - Downloaded TSLA/1771331671.json
[2026-02-17T12:38:24.148+0000] {logging_mixin.py:188} INFO - Downloaded TSLA/1771331682.json
[2026-02-17T12:38:24.361+0000] {logging_mixin.py:188} INFO - Downloaded TSLA/1771331691.json
[2026-02-17T12:38:24.559+0000] {logging_mixin.py:188} INFO - Downloaded TSLA/1771331702.json
[2026-02-17T12:38:24.698+0000] {logging_mixin.py:188} INFO - Downloaded TSLA/1771331712.json
[2026-02-17T12:38:24.862+0000] {logging_mixin.py:188} INFO - Downloaded TSLA/1771331723.json
[2026-02-17T12:38:25.005+0000] {logging_mixin.py:188} INFO - Downloaded TSLA/1771331734.json
[2026-02-17T12:38:25.139+0000] {logging_mixin.py:188} INFO - Downloaded TSLA/1771331745.json
[2026-02-17T12:38:25.296+0000] {logging_mixin.py:188} INFO - Downloaded TSLA/1771331756.json
[2026-02-17T12:38:25.424+0000] {logging_mixin.py:188} INFO - Downloaded TSLA/1771331766.json
[2026-02-17T12:38:25.504+0000] {logging_mixin.py:188} INFO - Downloaded TSLA/1771331777.json
[2026-02-17T12:38:25.633+0000] {python.py:237} INFO - Done. Returned value was: ['/opt/***/data/minio/AAPL/1771324930.json', '/opt/***/data/minio/AAPL/1771324943.json', '/opt/***/data/minio/AAPL/1771324953.json', '/opt/***/data/minio/AAPL/1771324964.json', '/opt/***/data/minio/AAPL/1771324974.json', '/opt/***/data/minio/AAPL/1771324985.json', '/opt/***/data/minio/AAPL/1771324996.json', '/opt/***/data/minio/AAPL/1771325007.json', '/opt/***/data/minio/AAPL/1771325017.json', '/opt/***/data/minio/AAPL/1771325028.json', '/opt/***/data/minio/AAPL/1771325039.json', '/opt/***/data/minio/AAPL/1771325049.json', '/opt/***/data/minio/AAPL/1771325059.json', '/opt/***/data/minio/AAPL/1771325069.json', '/opt/***/data/minio/AAPL/1771325080.json', '/opt/***/data/minio/AAPL/1771325090.json', '/opt/***/data/minio/AAPL/1771325101.json', '/opt/***/data/minio/AAPL/1771325112.json', '/opt/***/data/minio/AAPL/1771325122.json', '/opt/***/data/minio/AAPL/1771325132.json', '/opt/***/data/minio/AAPL/1771325143.json', '/opt/***/data/minio/AAPL/1771325153.json', '/opt/***/data/minio/AAPL/1771325163.json', '/opt/***/data/minio/AAPL/1771325174.json', '/opt/***/data/minio/AAPL/1771325184.json', '/opt/***/data/minio/AAPL/1771325195.json', '/opt/***/data/minio/AAPL/1771325205.json', '/opt/***/data/minio/AAPL/1771325215.json', '/opt/***/data/minio/AAPL/1771325226.json', '/opt/***/data/minio/AAPL/1771325236.json', '/opt/***/data/minio/AAPL/1771325247.json', '/opt/***/data/minio/AAPL/1771325257.json', '/opt/***/data/minio/AAPL/1771325269.json', '/opt/***/data/minio/AAPL/1771325279.json', '/opt/***/data/minio/AAPL/1771325289.json', '/opt/***/data/minio/AAPL/1771325300.json', '/opt/***/data/minio/AAPL/1771325334.json', '/opt/***/data/minio/AAPL/1771325344.json', '/opt/***/data/minio/AAPL/1771325354.json', '/opt/***/data/minio/AAPL/1771325365.json', '/opt/***/data/minio/AAPL/1771325375.json', '/opt/***/data/minio/AAPL/1771325385.json', '/opt/***/data/minio/AAPL/1771325396.json', '/opt/***/data/minio/AAPL/1771325408.json', '/opt/***/data/minio/AAPL/1771325419.json', '/opt/***/data/minio/AAPL/1771325431.json', '/opt/***/data/minio/AAPL/1771325442.json', '/opt/***/data/minio/AAPL/1771325454.json', '/opt/***/data/minio/AAPL/1771325464.json', '/opt/***/data/minio/AAPL/1771325474.json', '/opt/***/data/minio/AAPL/1771325485.json', '/opt/***/data/minio/AAPL/1771325496.json', '/opt/***/data/minio/AAPL/1771325507.json', '/opt/***/data/minio/AAPL/1771325517.json', '/opt/***/data/minio/AAPL/1771325528.json', '/opt/***/data/minio/AAPL/1771325539.json', '/opt/***/data/minio/AAPL/1771325549.json', '/opt/***/data/minio/AAPL/1771325559.json', '/opt/***/data/minio/AAPL/1771325569.json', '/opt/***/data/minio/AAPL/1771325580.json', '/opt/***/data/minio/AAPL/1771325590.json', '/opt/***/data/minio/AAPL/1771325600.json', '/opt/***/data/minio/AAPL/1771325612.json', '/opt/***/data/minio/AAPL/1771325623.json', '/opt/***/data/minio/AAPL/1771325633.json', '/opt/***/data/minio/AAPL/1771325644.json', '/opt/***/data/minio/AAPL/1771325655.json', '/opt/***/data/minio/AAPL/1771325666.json', '/opt/***/data/minio/AAPL/1771325676.json', '/opt/***/data/minio/AAPL/1771325686.json', '/opt/***/data/minio/AAPL/1771325697.json', '/opt/***/data/minio/AAPL/1771325708.json', '/opt/***/data/minio/AAPL/1771325718.json', '/opt/***/data/minio/AAPL/1771325729.json', '/opt/***/data/minio/AAPL/1771325739.json', '/opt/***/data/minio/AAPL/1771325750.json', '/opt/***/data/minio/AAPL/1771325761.json', '/opt/***/data/minio/AAPL/1771325776.json', '/opt/***/data/minio/AAPL/1771325787.json', '/opt/***/data/minio/AAPL/1771325800.json', '/opt/***/data/minio/AAPL/1771325810.json', '/opt/***/data/minio/AAPL/1771325820.json', '/opt/***/data/minio/AAPL/1771325831.json', '/opt/***/data/minio/AAPL/1771325841.json', '/opt/***/data/minio/AAPL/1771325851.json', '/opt/***/data/minio/AAPL/1771325863.json', '/opt/***/data/minio/AAPL/1771325874.json', '/opt/***/data/minio/AAPL/1771325885.json', '/opt/***/data/minio/AAPL/1771325898.json', '/opt/***/data/minio/AAPL/1771325910.json', '/opt/***/data/minio/AAPL/1771325921.json', '/opt/***/data/minio/AAPL/1771325932.json', '/opt/***/data/minio/AAPL/1771325944.json', '/opt/***/data/minio/AAPL/1771325955.json', '/opt/***/data/minio/AAPL/1771325969.json', '/opt/***/data/minio/AAPL/1771325980.json', '/opt/***/data/minio/AAPL/1771325991.json', '/opt/***/data/minio/AAPL/1771326002.json', '/opt/***/data/minio/AAPL/1771326012.json', '/opt/***/data/minio/AAPL/1771326023.json', '/opt/***/data/minio/AAPL/1771326034.json', '/opt/***/data/minio/AAPL/1771326044.json', '/opt/***/data/minio/AAPL/1771326054.json', '/opt/***/data/minio/AAPL/1771326064.json', '/opt/***/data/minio/AAPL/1771326074.json', '/opt/***/data/minio/AAPL/1771326084.json', '/opt/***/data/minio/AAPL/1771326095.json', '/opt/***/data/minio/AAPL/1771326108.json', '/opt/***/data/minio/AAPL/1771326121.json', '/opt/***/data/minio/AAPL/1771326135.json', '/opt/***/data/minio/AAPL/1771326145.json', '/opt/***/data/minio/AAPL/1771326157.json', '/opt/***/data/minio/AAPL/1771326168.json', '/opt/***/data/minio/AAPL/1771326180.json', '/opt/***/data/minio/AAPL/1771326190.json', '/opt/***/data/minio/AAPL/1771326201.json', '/opt/***/data/minio/AAPL/1771326211.json', '/opt/***/data/minio/AAPL/1771326221.json', '/opt/***/data/minio/AAPL/1771326231.json', '/opt/***/data/minio/AAPL/1771326241.json', '/opt/***/data/minio/AAPL/1771326252.json', '/opt/***/data/minio/AAPL/1771326262.json', '/opt/***/data/minio/AAPL/1771326272.json', '/opt/***/data/minio/AAPL/1771326282.json', '/opt/***/data/minio/AAPL/1771326293.json', '/opt/***/data/minio/AAPL/1771326309.json', '/opt/***/data/minio/AAPL/1771326320.json', '/opt/***/data/minio/AAPL/1771326331.json', '/opt/***/data/minio/AAPL/1771326347.json', '/opt/***/data/minio/AAPL/1771326358.json', '/opt/***/data/minio/AAPL/1771326370.json', '/opt/***/data/minio/AAPL/1771326381.json', '/opt/***/data/minio/AAPL/1771326391.json', '/opt/***/data/minio/AAPL/1771326402.json', '/opt/***/data/minio/AAPL/1771326412.json', '/opt/***/data/minio/AAPL/1771326422.json', '/opt/***/data/minio/AAPL/1771326433.json', '/opt/***/data/minio/AAPL/1771326443.json', '/opt/***/data/minio/AAPL/1771326452.json', '/opt/***/data/minio/AAPL/1771326463.json', '/opt/***/data/minio/AAPL/1771326473.json', '/opt/***/data/minio/AAPL/1771326483.json', '/opt/***/data/minio/AAPL/1771326493.json', '/opt/***/data/minio/AAPL/1771326504.json', '/opt/***/data/minio/AAPL/1771326514.json', '/opt/***/data/minio/AAPL/1771326525.json', '/opt/***/data/minio/AAPL/1771326535.json', '/opt/***/data/minio/AAPL/1771326545.json', '/opt/***/data/minio/AAPL/1771326555.json', '/opt/***/data/minio/AAPL/1771326566.json', '/opt/***/data/minio/AAPL/1771326576.json', '/opt/***/data/minio/AAPL/1771326585.json', '/opt/***/data/minio/AAPL/1771326595.json', '/opt/***/data/minio/AAPL/1771326605.json', '/opt/***/data/minio/AAPL/1771326615.json', '/opt/***/data/minio/AAPL/1771326626.json', '/opt/***/data/minio/AAPL/1771326636.json', '/opt/***/data/minio/AAPL/1771326646.json', '/opt/***/data/minio/AAPL/1771326656.json', '/opt/***/data/minio/AAPL/1771326666.json', '/opt/***/data/minio/AAPL/1771326677.json', '/opt/***/data/minio/AAPL/1771326687.json', '/opt/***/data/minio/AAPL/1771326697.json', '/opt/***/data/minio/AAPL/1771326708.json', '/opt/***/data/minio/AAPL/1771326718.json', '/opt/***/data/minio/AAPL/1771326728.json', '/opt/***/data/minio/AAPL/1771326738.json', '/opt/***/data/minio/AAPL/1771326748.json', '/opt/***/data/minio/AAPL/1771326759.json', '/opt/***/data/minio/AAPL/1771326769.json', '/opt/***/data/minio/AAPL/1771326779.json', '/opt/***/data/minio/AAPL/1771326789.json', '/opt/***/data/minio/AAPL/1771326799.json', '/opt/***/data/minio/AAPL/1771326810.json', '/opt/***/data/minio/AAPL/1771326820.json', '/opt/***/data/minio/AAPL/1771326830.json', '/opt/***/data/minio/AAPL/1771326840.json', '/opt/***/data/minio/AAPL/1771326850.json', '/opt/***/data/minio/AAPL/1771326860.json', '/opt/***/data/minio/AAPL/1771326870.json', '/opt/***/data/minio/AAPL/1771326881.json', '/opt/***/data/minio/AAPL/1771326891.json', '/opt/***/data/minio/AAPL/1771326902.json', '/opt/***/data/minio/AAPL/1771326912.json', '/opt/***/data/minio/AAPL/1771326923.json', '/opt/***/data/minio/AAPL/1771326934.json', '/opt/***/data/minio/AAPL/1771326944.json', '/opt/***/data/minio/AAPL/1771326955.json', '/opt/***/data/minio/AAPL/1771326966.json', '/opt/***/data/minio/AAPL/1771326976.json', '/opt/***/data/minio/AAPL/1771326986.json', '/opt/***/data/minio/AAPL/1771326997.json', '/opt/***/data/minio/AAPL/1771327008.json', '/opt/***/data/minio/AAPL/1771327018.json', '/opt/***/data/minio/AAPL/1771327029.json', '/opt/***/data/minio/AAPL/1771327039.json', '/opt/***/data/minio/AAPL/1771327049.json', '/opt/***/data/minio/AAPL/1771327059.json', '/opt/***/data/minio/AAPL/1771327080.json', '/opt/***/data/minio/AAPL/1771327098.json', '/opt/***/data/minio/AAPL/1771327113.json', '/opt/***/data/minio/AAPL/1771327127.json', '/opt/***/data/minio/AAPL/1771327138.json', '/opt/***/data/minio/AAPL/1771327148.json', '/opt/***/data/minio/AAPL/1771327158.json', '/opt/***/data/minio/AAPL/1771327168.json', '/opt/***/data/minio/AAPL/1771327178.json', '/opt/***/data/minio/AAPL/1771327189.json', '/opt/***/data/minio/AAPL/1771327198.json', '/opt/***/data/minio/AAPL/1771327209.json', '/opt/***/data/minio/AAPL/1771327220.json', '/opt/***/data/minio/AAPL/1771327230.json', '/opt/***/data/minio/AAPL/1771327241.json', '/opt/***/data/minio/AAPL/1771327252.json', '/opt/***/data/minio/AAPL/1771327262.json', '/opt/***/data/minio/AAPL/1771327272.json', '/opt/***/data/minio/AAPL/1771327282.json', '/opt/***/data/minio/AAPL/1771327292.json', '/opt/***/data/minio/AAPL/1771327303.json', '/opt/***/data/minio/AAPL/1771327313.json', '/opt/***/data/minio/AAPL/1771327324.json', '/opt/***/data/minio/AAPL/1771327334.json', '/opt/***/data/minio/AAPL/1771327344.json', '/opt/***/data/minio/AAPL/1771327354.json', '/opt/***/data/minio/AAPL/1771327364.json', '/opt/***/data/minio/AAPL/1771327374.json', '/opt/***/data/minio/AAPL/1771327384.json', '/opt/***/data/minio/AAPL/1771327395.json', '/opt/***/data/minio/AAPL/1771327406.json', '/opt/***/data/minio/AAPL/1771327417.json', '/opt/***/data/minio/AAPL/1771327427.json', '/opt/***/data/minio/AAPL/1771327437.json', '/opt/***/data/minio/AAPL/1771327447.json', '/opt/***/data/minio/AAPL/1771327457.json', '/opt/***/data/minio/AAPL/1771327468.json', '/opt/***/data/minio/AAPL/1771327479.json', '/opt/***/data/minio/AAPL/1771327489.json', '/opt/***/data/minio/AAPL/1771327499.json', '/opt/***/data/minio/AAPL/1771327511.json', '/opt/***/data/minio/AAPL/1771327521.json', '/opt/***/data/minio/AAPL/1771327531.json', '/opt/***/data/minio/AAPL/1771327542.json', '/opt/***/data/minio/AAPL/1771327552.json', '/opt/***/data/minio/AAPL/1771327562.json', '/opt/***/data/minio/AAPL/1771327573.json', '/opt/***/data/minio/AAPL/1771327585.json', '/opt/***/data/minio/AAPL/1771327597.json', '/opt/***/data/minio/AAPL/1771327607.json', '/opt/***/data/minio/AAPL/1771327617.json', '/opt/***/data/minio/AAPL/1771327627.json', '/opt/***/data/minio/AAPL/1771327638.json', '/opt/***/data/minio/AAPL/1771327648.json', '/opt/***/data/minio/AAPL/1771327658.json', '/opt/***/data/minio/AAPL/1771327668.json', '/opt/***/data/minio/AAPL/1771327679.json', '/opt/***/data/minio/AAPL/1771327689.json', '/opt/***/data/minio/AAPL/1771327699.json', '/opt/***/data/minio/AAPL/1771327710.json', '/opt/***/data/minio/AAPL/1771327720.json', '/opt/***/data/minio/AAPL/1771327730.json', '/opt/***/data/minio/AAPL/1771327740.json', '/opt/***/data/minio/AAPL/1771327750.json', '/opt/***/data/minio/AAPL/1771327761.json', '/opt/***/data/minio/AAPL/1771327771.json', '/opt/***/data/minio/AAPL/1771327782.json', '/opt/***/data/minio/AAPL/1771327792.json', '/opt/***/data/minio/AAPL/1771327803.json', '/opt/***/data/minio/AAPL/1771327813.json', '/opt/***/data/minio/AAPL/1771327823.json', '/opt/***/data/minio/AAPL/1771327834.json', '/opt/***/data/minio/AAPL/1771327844.json', '/opt/***/data/minio/AAPL/1771327854.json', '/opt/***/data/minio/AAPL/1771327865.json', '/opt/***/data/minio/AAPL/1771327876.json', '/opt/***/data/minio/AAPL/1771327887.json', '/opt/***/data/minio/AAPL/1771327897.json', '/opt/***/data/minio/AAPL/1771327907.json', '/opt/***/data/minio/AAPL/1771327918.json', '/opt/***/data/minio/AAPL/1771327928.json', '/opt/***/data/minio/AAPL/1771327938.json', '/opt/***/data/minio/AAPL/1771327949.json', '/opt/***/data/minio/AAPL/1771327959.json', '/opt/***/data/minio/AAPL/1771327969.json', '/opt/***/data/minio/AAPL/1771327980.json', '/opt/***/data/minio/AAPL/1771327990.json', '/opt/***/data/minio/AAPL/1771328000.json', '/opt/***/data/minio/AAPL/1771328010.json', '/opt/***/data/minio/AAPL/1771328020.json', '/opt/***/data/minio/AAPL/1771328030.json', '/opt/***/data/minio/AAPL/1771328040.json', '/opt/***/data/minio/AAPL/1771328051.json', '/opt/***/data/minio/AAPL/1771328061.json', '/opt/***/data/minio/AAPL/1771328071.json', '/opt/***/data/minio/AAPL/1771328081.json', '/opt/***/data/minio/AAPL/1771328092.json', '/opt/***/data/minio/AAPL/1771328103.json', '/opt/***/data/minio/AAPL/1771328116.json', '/opt/***/data/minio/AAPL/1771328127.json', '/opt/***/data/minio/AAPL/1771328138.json', '/opt/***/data/minio/AAPL/1771328150.json', '/opt/***/data/minio/AAPL/1771328161.json', '/opt/***/data/minio/AAPL/1771328172.json', '/opt/***/data/minio/AAPL/1771328210.json', '/opt/***/data/minio/AAPL/1771328220.json', '/opt/***/data/minio/AAPL/1771328230.json', '/opt/***/data/minio/AAPL/1771328240.json', '/opt/***/data/minio/AAPL/1771328251.json', '/opt/***/data/minio/AAPL/1771328261.json', '/opt/***/data/minio/AAPL/1771328272.json', '/opt/***/data/minio/AAPL/1771328283.json', '/opt/***/data/minio/AAPL/1771328293.json', '/opt/***/data/minio/AAPL/1771328304.json', '/opt/***/data/minio/AAPL/1771328314.json', '/opt/***/data/minio/AAPL/1771328324.json', '/opt/***/data/minio/AAPL/1771328334.json', '/opt/***/data/minio/AAPL/1771328345.json', '/opt/***/data/minio/AAPL/1771328355.json', '/opt/***/data/minio/AAPL/1771328369.json', '/opt/***/data/minio/AAPL/1771328384.json', '/opt/***/data/minio/AAPL/1771328396.json', '/opt/***/data/minio/AAPL/1771328406.json', '/opt/***/data/minio/AAPL/1771328417.json', '/opt/***/data/minio/AAPL/1771328428.json', '/opt/***/data/minio/AAPL/1771328518.json', '/opt/***/data/minio/AAPL/1771328528.json', '/opt/***/data/minio/AAPL/1771328538.json', '/opt/***/data/minio/AAPL/1771328728.json', '/opt/***/data/minio/AAPL/1771328738.json', '/opt/***/data/minio/AAPL/1771328749.json', '/opt/***/data/minio/AAPL/1771328759.json', '/opt/***/data/minio/AAPL/1771328771.json', '/opt/***/data/minio/AAPL/1771328781.json', '/opt/***/data/minio/AAPL/1771328791.json', '/opt/***/data/minio/AAPL/1771328801.json', '/opt/***/data/minio/AAPL/1771328811.json', '/opt/***/data/minio/AAPL/1771328822.json', '/opt/***/data/minio/AAPL/1771328832.json', '/opt/***/data/minio/AAPL/1771328843.json', '/opt/***/data/minio/AAPL/1771328853.json', '/opt/***/data/minio/AAPL/1771328865.json', '/opt/***/data/minio/AAPL/1771328876.json', '/opt/***/data/minio/AAPL/1771328887.json', '/opt/***/data/minio/AAPL/1771328898.json', '/opt/***/data/minio/AAPL/1771328908.json', '/opt/***/data/minio/AAPL/1771328938.json', '/opt/***/data/minio/AAPL/1771328948.json', '/opt/***/data/minio/AAPL/1771328959.json', '/opt/***/data/minio/AAPL/1771328969.json', '/opt/***/data/minio/AAPL/1771328984.json', '/opt/***/data/minio/AAPL/1771328995.json', '/opt/***/data/minio/AAPL/1771329005.json', '/opt/***/data/minio/AAPL/1771329016.json', '/opt/***/data/minio/AAPL/1771329029.json', '/opt/***/data/minio/AAPL/1771329040.json', '/opt/***/data/minio/AAPL/1771329051.json', '/opt/***/data/minio/AAPL/1771329093.json', '/opt/***/data/minio/AAPL/1771329104.json', '/opt/***/data/minio/AAPL/1771329115.json', '/opt/***/data/minio/AAPL/1771329142.json', '/opt/***/data/minio/AAPL/1771329153.json', '/opt/***/data/minio/AAPL/1771329164.json', '/opt/***/data/minio/AAPL/1771329176.json', '/opt/***/data/minio/AAPL/1771329187.json', '/opt/***/data/minio/AAPL/1771329198.json', '/opt/***/data/minio/AAPL/1771329210.json', '/opt/***/data/minio/AAPL/1771329220.json', '/opt/***/data/minio/AAPL/1771329231.json', '/opt/***/data/minio/AAPL/1771329241.json', '/opt/***/data/minio/AAPL/1771329251.json', '/opt/***/data/minio/AAPL/1771329262.json', '/opt/***/data/minio/AAPL/1771329272.json', '/opt/***/data/minio/AAPL/1771329283.json', '/opt/***/data/minio/AAPL/1771329293.json', '/opt/***/data/minio/AAPL/1771329303.json', '/opt/***/data/minio/AAPL/1771329313.json', '/opt/***/data/minio/AAPL/1771329324.json', '/opt/***/data/minio/AAPL/1771329334.json', '/opt/***/data/minio/AAPL/1771329344.json', '/opt/***/data/minio/AAPL/1771329354.json', '/opt/***/data/minio/AAPL/1771329365.json', '/opt/***/data/minio/AAPL/1771329375.json', '/opt/***/data/minio/AAPL/1771329386.json', '/opt/***/data/minio/AAPL/1771329396.json', '/opt/***/data/minio/AAPL/1771329406.json', '/opt/***/data/minio/AAPL/1771329416.json', '/opt/***/data/minio/AAPL/1771329426.json', '/opt/***/data/minio/AAPL/1771329436.json', '/opt/***/data/minio/AAPL/1771329445.json', '/opt/***/data/minio/AAPL/1771329456.json', '/opt/***/data/minio/AAPL/1771329467.json', '/opt/***/data/minio/AAPL/1771329477.json', '/opt/***/data/minio/AAPL/1771329487.json', '/opt/***/data/minio/AAPL/1771329497.json', '/opt/***/data/minio/AAPL/1771329509.json', '/opt/***/data/minio/AAPL/1771329519.json', '/opt/***/data/minio/AAPL/1771329533.json', '/opt/***/data/minio/AAPL/1771329548.json', '/opt/***/data/minio/AAPL/1771329558.json', '/opt/***/data/minio/AAPL/1771329568.json', '/opt/***/data/minio/AAPL/1771329578.json', '/opt/***/data/minio/AAPL/1771329588.json', '/opt/***/data/minio/AAPL/1771329598.json', '/opt/***/data/minio/AAPL/1771329610.json', '/opt/***/data/minio/AAPL/1771329621.json', '/opt/***/data/minio/AAPL/1771329631.json', '/opt/***/data/minio/AAPL/1771329644.json', '/opt/***/data/minio/AAPL/1771329695.json', '/opt/***/data/minio/AAPL/1771329707.json', '/opt/***/data/minio/AAPL/1771329718.json', '/opt/***/data/minio/AAPL/1771329728.json', '/opt/***/data/minio/AAPL/1771329739.json', '/opt/***/data/minio/AAPL/1771329749.json', '/opt/***/data/minio/AAPL/1771329760.json', '/opt/***/data/minio/AAPL/1771329772.json', '/opt/***/data/minio/AAPL/1771329783.json', '/opt/***/data/minio/AAPL/1771329794.json', '/opt/***/data/minio/AAPL/1771329806.json', '/opt/***/data/minio/AAPL/1771329817.json', '/opt/***/data/minio/AAPL/1771329828.json', '/opt/***/data/minio/AAPL/1771329839.json', '/opt/***/data/minio/AAPL/1771329851.json', '/opt/***/data/minio/AAPL/1771329888.json', '/opt/***/data/minio/AAPL/1771329897.json', '/opt/***/data/minio/AAPL/1771329908.json', '/opt/***/data/minio/AAPL/1771329918.json', '/opt/***/data/minio/AAPL/1771329928.json', '/opt/***/data/minio/AAPL/1771329939.json', '/opt/***/data/minio/AAPL/1771329950.json', '/opt/***/data/minio/AAPL/1771329961.json', '/opt/***/data/minio/AAPL/1771329971.json', '/opt/***/data/minio/AAPL/1771329982.json', '/opt/***/data/minio/AAPL/1771329994.json', '/opt/***/data/minio/AAPL/1771330004.json', '/opt/***/data/minio/AAPL/1771330019.json', '/opt/***/data/minio/AAPL/1771330035.json', '/opt/***/data/minio/AAPL/1771330046.json', '/opt/***/data/minio/AAPL/1771330058.json', '/opt/***/data/minio/AAPL/1771330089.json', '/opt/***/data/minio/AAPL/1771330101.json', '/opt/***/data/minio/AAPL/1771330112.json', '/opt/***/data/minio/AAPL/1771330123.json', '/opt/***/data/minio/AAPL/1771330135.json', '/opt/***/data/minio/AAPL/1771330146.json', '/opt/***/data/minio/AAPL/1771330156.json', '/opt/***/data/minio/AAPL/1771330167.json', '/opt/***/data/minio/AAPL/1771330177.json', '/opt/***/data/minio/AAPL/1771330188.json', '/opt/***/data/minio/AAPL/1771330198.json', '/opt/***/data/minio/AAPL/1771330210.json', '/opt/***/data/minio/AAPL/1771330222.json', '/opt/***/data/minio/AAPL/1771330233.json', '/opt/***/data/minio/AAPL/1771330244.json', '/opt/***/data/minio/AAPL/1771330255.json', '/opt/***/data/minio/AAPL/1771330265.json', '/opt/***/data/minio/AAPL/1771330276.json', '/opt/***/data/minio/AAPL/1771330286.json', '/opt/***/data/minio/AAPL/1771330297.json', '/opt/***/data/minio/AAPL/1771330307.json', '/opt/***/data/minio/AAPL/1771330319.json', '/opt/***/data/minio/AAPL/1771330330.json', '/opt/***/data/minio/AAPL/1771330340.json', '/opt/***/data/minio/AAPL/1771330351.json', '/opt/***/data/minio/AAPL/1771330361.json', '/opt/***/data/minio/AAPL/1771330372.json', '/opt/***/data/minio/AAPL/1771330383.json', '/opt/***/data/minio/AAPL/1771330394.json', '/opt/***/data/minio/AAPL/1771330405.json', '/opt/***/data/minio/AAPL/1771330418.json', '/opt/***/data/minio/AAPL/1771330428.json', '/opt/***/data/minio/AAPL/1771330439.json', '/opt/***/data/minio/AAPL/1771330450.json', '/opt/***/data/minio/AAPL/1771330460.json', '/opt/***/data/minio/AAPL/1771330471.json', '/opt/***/data/minio/AAPL/1771330482.json', '/opt/***/data/minio/AAPL/1771330492.json', '/opt/***/data/minio/AAPL/1771330502.json', '/opt/***/data/minio/AAPL/1771330513.json', '/opt/***/data/minio/AAPL/1771330523.json', '/opt/***/data/minio/AAPL/1771330534.json', '/opt/***/data/minio/AAPL/1771330547.json', '/opt/***/data/minio/AAPL/1771330557.json', '/opt/***/data/minio/AAPL/1771330573.json', '/opt/***/data/minio/AAPL/1771330585.json', '/opt/***/data/minio/AAPL/1771330597.json', '/opt/***/data/minio/AAPL/1771330608.json', '/opt/***/data/minio/AAPL/1771330619.json', '/opt/***/data/minio/AAPL/1771330630.json', '/opt/***/data/minio/AAPL/1771330641.json', '/opt/***/data/minio/AAPL/1771330652.json', '/opt/***/data/minio/AAPL/1771330663.json', '/opt/***/data/minio/AAPL/1771330673.json', '/opt/***/data/minio/AAPL/1771330687.json', '/opt/***/data/minio/AAPL/1771330698.json', '/opt/***/data/minio/AAPL/1771330709.json', '/opt/***/data/minio/AAPL/1771330719.json', '/opt/***/data/minio/AAPL/1771330733.json', '/opt/***/data/minio/AAPL/1771330743.json', '/opt/***/data/minio/AAPL/1771330754.json', '/opt/***/data/minio/AAPL/1771330764.json', '/opt/***/data/minio/AAPL/1771330774.json', '/opt/***/data/minio/AAPL/1771330785.json', '/opt/***/data/minio/AAPL/1771330795.json', '/opt/***/data/minio/AAPL/1771330806.json', '/opt/***/data/minio/AAPL/1771330816.json', '/opt/***/data/minio/AAPL/1771330827.json', '/opt/***/data/minio/AAPL/1771330839.json', '/opt/***/data/minio/AAPL/1771330855.json', '/opt/***/data/minio/AAPL/1771330869.json', '/opt/***/data/minio/AAPL/1771330882.json', '/opt/***/data/minio/AAPL/1771330897.json', '/opt/***/data/minio/AAPL/1771330907.json', '/opt/***/data/minio/AAPL/1771330917.json', '/opt/***/data/minio/AAPL/1771330928.json', '/opt/***/data/minio/AAPL/1771330938.json', '/opt/***/data/minio/AAPL/1771330949.json', '/opt/***/data/minio/AAPL/1771330959.json', '/opt/***/data/minio/AAPL/1771330971.json', '/opt/***/data/minio/AAPL/1771330984.json', '/opt/***/data/minio/AAPL/1771330995.json', '/opt/***/data/minio/AAPL/1771331005.json', '/opt/***/data/minio/AAPL/1771331015.json', '/opt/***/data/minio/AAPL/1771331026.json', '/opt/***/data/minio/AAPL/1771331036.json', '/opt/***/data/minio/AAPL/1771331046.json', '/opt/***/data/minio/AAPL/1771331057.json', '/opt/***/data/minio/AAPL/1771331068.json', '/opt/***/data/minio/AAPL/1771331079.json', '/opt/***/data/minio/AAPL/1771331090.json', '/opt/***/data/minio/AAPL/1771331100.json', '/opt/***/data/minio/AAPL/1771331110.json', '/opt/***/data/minio/AAPL/1771331121.json', '/opt/***/data/minio/AAPL/1771331131.json', '/opt/***/data/minio/AAPL/1771331142.json', '/opt/***/data/minio/AAPL/1771331152.json', '/opt/***/data/minio/AAPL/1771331162.json', '/opt/***/data/minio/AAPL/1771331173.json', '/opt/***/data/minio/AAPL/1771331184.json', '/opt/***/data/minio/AAPL/1771331194.json', '/opt/***/data/minio/AAPL/1771331204.json', '/opt/***/data/minio/AAPL/1771331215.json', '/opt/***/data/minio/AAPL/1771331227.json', '/opt/***/data/minio/AAPL/1771331237.json', '/opt/***/data/minio/AAPL/1771331250.json', '/opt/***/data/minio/AAPL/1771331261.json', '/opt/***/data/minio/AAPL/1771331273.json', '/opt/***/data/minio/AAPL/1771331284.json', '/opt/***/data/minio/AAPL/1771331295.json', '/opt/***/data/minio/AAPL/1771331305.json', '/opt/***/data/minio/AAPL/1771331315.json', '/opt/***/data/minio/AAPL/1771331325.json', '/opt/***/data/minio/AAPL/1771331336.json', '/opt/***/data/minio/AAPL/1771331346.json', '/opt/***/data/minio/AAPL/1771331356.json', '/opt/***/data/minio/AAPL/1771331366.json', '/opt/***/data/minio/AAPL/1771331377.json', '/opt/***/data/minio/AAPL/1771331387.json', '/opt/***/data/minio/AAPL/1771331397.json', '/opt/***/data/minio/AAPL/1771331408.json', '/opt/***/data/minio/AAPL/1771331418.json', '/opt/***/data/minio/AAPL/1771331428.json', '/opt/***/data/minio/AAPL/1771331439.json', '/opt/***/data/minio/AAPL/1771331449.json', '/opt/***/data/minio/AAPL/1771331460.json', '/opt/***/data/minio/AAPL/1771331490.json', '/opt/***/data/minio/AAPL/1771331501.json', '/opt/***/data/minio/AAPL/1771331512.json', '/opt/***/data/minio/AAPL/1771331524.json', '/opt/***/data/minio/AAPL/1771331536.json', '/opt/***/data/minio/AAPL/1771331548.json', '/opt/***/data/minio/AAPL/1771331560.json', '/opt/***/data/minio/AAPL/1771331570.json', '/opt/***/data/minio/AAPL/1771331580.json', '/opt/***/data/minio/AAPL/1771331591.json', '/opt/***/data/minio/AAPL/1771331603.json', '/opt/***/data/minio/AAPL/1771331613.json', '/opt/***/data/minio/AAPL/1771331625.json', '/opt/***/data/minio/AAPL/1771331636.json', '/opt/***/data/minio/AAPL/1771331648.json', '/opt/***/data/minio/AAPL/1771331659.json', '/opt/***/data/minio/AAPL/1771331669.json', '/opt/***/data/minio/AAPL/1771331679.json', '/opt/***/data/minio/AAPL/1771331689.json', '/opt/***/data/minio/AAPL/1771331699.json', '/opt/***/data/minio/AAPL/1771331710.json', '/opt/***/data/minio/AAPL/1771331720.json', '/opt/***/data/minio/AMZN/1771324936.json', '/opt/***/data/minio/AMZN/1771324946.json', '/opt/***/data/minio/AMZN/1771324957.json', '/opt/***/data/minio/AMZN/1771324968.json', '/opt/***/data/minio/AMZN/1771324978.json', '/opt/***/data/minio/AMZN/1771324989.json', '/opt/***/data/minio/AMZN/1771325000.json', '/opt/***/data/minio/AMZN/1771325010.json', '/opt/***/data/minio/AMZN/1771325021.json', '/opt/***/data/minio/AMZN/1771325032.json', '/opt/***/data/minio/AMZN/1771325042.json', '/opt/***/data/minio/AMZN/1771325052.json', '/opt/***/data/minio/AMZN/1771325063.json', '/opt/***/data/minio/AMZN/1771325073.json', '/opt/***/data/minio/AMZN/1771325083.json', '/opt/***/data/minio/AMZN/1771325094.json', '/opt/***/data/minio/AMZN/1771325105.json', '/opt/***/data/minio/AMZN/1771325115.json', '/opt/***/data/minio/AMZN/1771325125.json', '/opt/***/data/minio/AMZN/1771325136.json', '/opt/***/data/minio/AMZN/1771325146.json', '/opt/***/data/minio/AMZN/1771325156.json', '/opt/***/data/minio/AMZN/1771325167.json', '/opt/***/data/minio/AMZN/1771325177.json', '/opt/***/data/minio/AMZN/1771325188.json', '/opt/***/data/minio/AMZN/1771325198.json', '/opt/***/data/minio/AMZN/1771325209.json', '/opt/***/data/minio/AMZN/1771325219.json', '/opt/***/data/minio/AMZN/1771325229.json', '/opt/***/data/minio/AMZN/1771325240.json', '/opt/***/data/minio/AMZN/1771325250.json', '/opt/***/data/minio/AMZN/1771325262.json', '/opt/***/data/minio/AMZN/1771325272.json', '/opt/***/data/minio/AMZN/1771325283.json', '/opt/***/data/minio/AMZN/1771325293.json', '/opt/***/data/minio/AMZN/1771325337.json', '/opt/***/data/minio/AMZN/1771325347.json', '/opt/***/data/minio/AMZN/1771325358.json', '/opt/***/data/minio/AMZN/1771325368.json', '/opt/***/data/minio/AMZN/1771325378.json', '/opt/***/data/minio/AMZN/1771325389.json', '/opt/***/data/minio/AMZN/1771325401.json', '/opt/***/data/minio/AMZN/1771325412.json', '/opt/***/data/minio/AMZN/1771325424.json', '/opt/***/data/minio/AMZN/1771325435.json', '/opt/***/data/minio/AMZN/1771325447.json', '/opt/***/data/minio/AMZN/1771325457.json', '/opt/***/data/minio/AMZN/1771325468.json', '/opt/***/data/minio/AMZN/1771325477.json', '/opt/***/data/minio/AMZN/1771325489.json', '/opt/***/data/minio/AMZN/1771325500.json', '/opt/***/data/minio/AMZN/1771325510.json', '/opt/***/data/minio/AMZN/1771325521.json', '/opt/***/data/minio/AMZN/1771325532.json', '/opt/***/data/minio/AMZN/1771325542.json', '/opt/***/data/minio/AMZN/1771325552.json', '/opt/***/data/minio/AMZN/1771325562.json', '/opt/***/data/minio/AMZN/1771325573.json', '/opt/***/data/minio/AMZN/1771325583.json', '/opt/***/data/minio/AMZN/1771325593.json', '/opt/***/data/minio/AMZN/1771325605.json', '/opt/***/data/minio/AMZN/1771325616.json', '/opt/***/data/minio/AMZN/1771325626.json', '/opt/***/data/minio/AMZN/1771325637.json', '/opt/***/data/minio/AMZN/1771325648.json', '/opt/***/data/minio/AMZN/1771325659.json', '/opt/***/data/minio/AMZN/1771325669.json', '/opt/***/data/minio/AMZN/1771325679.json', '/opt/***/data/minio/AMZN/1771325691.json', '/opt/***/data/minio/AMZN/1771325701.json', '/opt/***/data/minio/AMZN/1771325711.json', '/opt/***/data/minio/AMZN/1771325722.json', '/opt/***/data/minio/AMZN/1771325732.json', '/opt/***/data/minio/AMZN/1771325743.json', '/opt/***/data/minio/AMZN/1771325753.json', '/opt/***/data/minio/AMZN/1771325769.json', '/opt/***/data/minio/AMZN/1771325780.json', '/opt/***/data/minio/AMZN/1771325792.json', '/opt/***/data/minio/AMZN/1771325803.json', '/opt/***/data/minio/AMZN/1771325813.json', '/opt/***/data/minio/AMZN/1771325824.json', '/opt/***/data/minio/AMZN/1771325834.json', '/opt/***/data/minio/AMZN/1771325844.json', '/opt/***/data/minio/AMZN/1771325857.json', '/opt/***/data/minio/AMZN/1771325867.json', '/opt/***/data/minio/AMZN/1771325878.json', '/opt/***/data/minio/AMZN/1771325891.json', '/opt/***/data/minio/AMZN/1771325902.json', '/opt/***/data/minio/AMZN/1771325914.json', '/opt/***/data/minio/AMZN/1771325925.json', '/opt/***/data/minio/AMZN/1771325937.json', '/opt/***/data/minio/AMZN/1771325948.json', '/opt/***/data/minio/AMZN/1771325962.json', '/opt/***/data/minio/AMZN/1771325973.json', '/opt/***/data/minio/AMZN/1771325984.json', '/opt/***/data/minio/AMZN/1771325995.json', '/opt/***/data/minio/AMZN/1771326005.json', '/opt/***/data/minio/AMZN/1771326016.json', '/opt/***/data/minio/AMZN/1771326027.json', '/opt/***/data/minio/AMZN/1771326037.json', '/opt/***/data/minio/AMZN/1771326047.json', '/opt/***/data/minio/AMZN/1771326058.json', '/opt/***/data/minio/AMZN/1771326067.json', '/opt/***/data/minio/AMZN/1771326077.json', '/opt/***/data/minio/AMZN/1771326087.json', '/opt/***/data/minio/AMZN/1771326101.json', '/opt/***/data/minio/AMZN/1771326115.json', '/opt/***/data/minio/AMZN/1771326128.json', '/opt/***/data/minio/AMZN/1771326139.json', '/opt/***/data/minio/AMZN/1771326151.json', '/opt/***/data/minio/AMZN/1771326161.json', '/opt/***/data/minio/AMZN/1771326173.json', '/opt/***/data/minio/AMZN/1771326183.json', '/opt/***/data/minio/AMZN/1771326194.json', '/opt/***/data/minio/AMZN/1771326204.json', '/opt/***/data/minio/AMZN/1771326215.json', '/opt/***/data/minio/AMZN/1771326225.json', '/opt/***/data/minio/AMZN/1771326235.json', '/opt/***/data/minio/AMZN/1771326245.json', '/opt/***/data/minio/AMZN/1771326255.json', '/opt/***/data/minio/AMZN/1771326265.json', '/opt/***/data/minio/AMZN/1771326275.json', '/opt/***/data/minio/AMZN/1771326286.json', '/opt/***/data/minio/AMZN/1771326301.json', '/opt/***/data/minio/AMZN/1771326314.json', '/opt/***/data/minio/AMZN/1771326324.json', '/opt/***/data/minio/AMZN/1771326335.json', '/opt/***/data/minio/AMZN/1771326351.json', '/opt/***/data/minio/AMZN/1771326362.json', '/opt/***/data/minio/AMZN/1771326374.json', '/opt/***/data/minio/AMZN/1771326384.json', '/opt/***/data/minio/AMZN/1771326395.json', '/opt/***/data/minio/AMZN/1771326405.json', '/opt/***/data/minio/AMZN/1771326415.json', '/opt/***/data/minio/AMZN/1771326425.json', '/opt/***/data/minio/AMZN/1771326436.json', '/opt/***/data/minio/AMZN/1771326446.json', '/opt/***/data/minio/AMZN/1771326456.json', '/opt/***/data/minio/AMZN/1771326466.json', '/opt/***/data/minio/AMZN/1771326476.json', '/opt/***/data/minio/AMZN/1771326486.json', '/opt/***/data/minio/AMZN/1771326497.json', '/opt/***/data/minio/AMZN/1771326508.json', '/opt/***/data/minio/AMZN/1771326518.json', '/opt/***/data/minio/AMZN/1771326528.json', '/opt/***/data/minio/AMZN/1771326538.json', '/opt/***/data/minio/AMZN/1771326548.json', '/opt/***/data/minio/AMZN/1771326559.json', '/opt/***/data/minio/AMZN/1771326569.json', '/opt/***/data/minio/AMZN/1771326578.json', '/opt/***/data/minio/AMZN/1771326588.json', '/opt/***/data/minio/AMZN/1771326599.json', '/opt/***/data/minio/AMZN/1771326609.json', '/opt/***/data/minio/AMZN/1771326619.json', '/opt/***/data/minio/AMZN/1771326629.json', '/opt/***/data/minio/AMZN/1771326639.json', '/opt/***/data/minio/AMZN/1771326650.json', '/opt/***/data/minio/AMZN/1771326659.json', '/opt/***/data/minio/AMZN/1771326670.json', '/opt/***/data/minio/AMZN/1771326680.json', '/opt/***/data/minio/AMZN/1771326690.json', '/opt/***/data/minio/AMZN/1771326701.json', '/opt/***/data/minio/AMZN/1771326711.json', '/opt/***/data/minio/AMZN/1771326721.json', '/opt/***/data/minio/AMZN/1771326731.json', '/opt/***/data/minio/AMZN/1771326741.json', '/opt/***/data/minio/AMZN/1771326752.json', '/opt/***/data/minio/AMZN/1771326762.json', '/opt/***/data/minio/AMZN/1771326772.json', '/opt/***/data/minio/AMZN/1771326782.json', '/opt/***/data/minio/AMZN/1771326793.json', '/opt/***/data/minio/AMZN/1771326802.json', '/opt/***/data/minio/AMZN/1771326813.json', '/opt/***/data/minio/AMZN/1771326823.json', '/opt/***/data/minio/AMZN/1771326834.json', '/opt/***/data/minio/AMZN/1771326844.json', '/opt/***/data/minio/AMZN/1771326854.json', '/opt/***/data/minio/AMZN/1771326863.json', '/opt/***/data/minio/AMZN/1771326874.json', '/opt/***/data/minio/AMZN/1771326884.json', '/opt/***/data/minio/AMZN/1771326895.json', '/opt/***/data/minio/AMZN/1771326905.json', '/opt/***/data/minio/AMZN/1771326916.json', '/opt/***/data/minio/AMZN/1771326927.json', '/opt/***/data/minio/AMZN/1771326937.json', '/opt/***/data/minio/AMZN/1771326948.json', '/opt/***/data/minio/AMZN/1771326959.json', '/opt/***/data/minio/AMZN/1771326969.json', '/opt/***/data/minio/AMZN/1771326980.json', '/opt/***/data/minio/AMZN/1771326990.json', '/opt/***/data/minio/AMZN/1771327001.json', '/opt/***/data/minio/AMZN/1771327011.json', '/opt/***/data/minio/AMZN/1771327022.json', '/opt/***/data/minio/AMZN/1771327032.json', '/opt/***/data/minio/AMZN/1771327043.json', '/opt/***/data/minio/AMZN/1771327053.json', '/opt/***/data/minio/AMZN/1771327071.json', '/opt/***/data/minio/AMZN/1771327090.json', '/opt/***/data/minio/AMZN/1771327105.json', '/opt/***/data/minio/AMZN/1771327119.json', '/opt/***/data/minio/AMZN/1771327131.json', '/opt/***/data/minio/AMZN/1771327141.json', '/opt/***/data/minio/AMZN/1771327151.json', '/opt/***/data/minio/AMZN/1771327162.json', '/opt/***/data/minio/AMZN/1771327172.json', '/opt/***/data/minio/AMZN/1771327182.json', '/opt/***/data/minio/AMZN/1771327192.json', '/opt/***/data/minio/AMZN/1771327202.json', '/opt/***/data/minio/AMZN/1771327213.json', '/opt/***/data/minio/AMZN/1771327224.json', '/opt/***/data/minio/AMZN/1771327234.json', '/opt/***/data/minio/AMZN/1771327245.json', '/opt/***/data/minio/AMZN/1771327255.json', '/opt/***/data/minio/AMZN/1771327265.json', '/opt/***/data/minio/AMZN/1771327276.json', '/opt/***/data/minio/AMZN/1771327285.json', '/opt/***/data/minio/AMZN/1771327296.json', '/opt/***/data/minio/AMZN/1771327306.json', '/opt/***/data/minio/AMZN/1771327317.json', '/opt/***/data/minio/AMZN/1771327327.json', '/opt/***/data/minio/AMZN/1771327337.json', '/opt/***/data/minio/AMZN/1771327347.json', '/opt/***/data/minio/AMZN/1771327357.json', '/opt/***/data/minio/AMZN/1771327367.json', '/opt/***/data/minio/AMZN/1771327378.json', '/opt/***/data/minio/AMZN/1771327388.json', '/opt/***/data/minio/AMZN/1771327398.json', '/opt/***/data/minio/AMZN/1771327410.json', '/opt/***/data/minio/AMZN/1771327420.json', '/opt/***/data/minio/AMZN/1771327430.json', '/opt/***/data/minio/AMZN/1771327441.json', '/opt/***/data/minio/AMZN/1771327450.json', '/opt/***/data/minio/AMZN/1771327461.json', '/opt/***/data/minio/AMZN/1771327472.json', '/opt/***/data/minio/AMZN/1771327482.json', '/opt/***/data/minio/AMZN/1771327492.json', '/opt/***/data/minio/AMZN/1771327504.json', '/opt/***/data/minio/AMZN/1771327514.json', '/opt/***/data/minio/AMZN/1771327524.json', '/opt/***/data/minio/AMZN/1771327535.json', '/opt/***/data/minio/AMZN/1771327545.json', '/opt/***/data/minio/AMZN/1771327555.json', '/opt/***/data/minio/AMZN/1771327566.json', '/opt/***/data/minio/AMZN/1771327578.json', '/opt/***/data/minio/AMZN/1771327590.json', '/opt/***/data/minio/AMZN/1771327600.json', '/opt/***/data/minio/AMZN/1771327610.json', '/opt/***/data/minio/AMZN/1771327621.json', '/opt/***/data/minio/AMZN/1771327631.json', '/opt/***/data/minio/AMZN/1771327641.json', '/opt/***/data/minio/AMZN/1771327651.json', '/opt/***/data/minio/AMZN/1771327661.json', '/opt/***/data/minio/AMZN/1771327672.json', '/opt/***/data/minio/AMZN/1771327682.json', '/opt/***/data/minio/AMZN/1771327692.json', '/opt/***/data/minio/AMZN/1771327703.json', '/opt/***/data/minio/AMZN/1771327713.json', '/opt/***/data/minio/AMZN/1771327723.json', '/opt/***/data/minio/AMZN/1771327733.json', '/opt/***/data/minio/AMZN/1771327743.json', '/opt/***/data/minio/AMZN/1771327754.json', '/opt/***/data/minio/AMZN/1771327764.json', '/opt/***/data/minio/AMZN/1771327774.json', '/opt/***/data/minio/AMZN/1771327786.json', '/opt/***/data/minio/AMZN/1771327795.json', '/opt/***/data/minio/AMZN/1771327806.json', '/opt/***/data/minio/AMZN/1771327816.json', '/opt/***/data/minio/AMZN/1771327827.json', '/opt/***/data/minio/AMZN/1771327837.json', '/opt/***/data/minio/AMZN/1771327847.json', '/opt/***/data/minio/AMZN/1771327858.json', '/opt/***/data/minio/AMZN/1771327869.json', '/opt/***/data/minio/AMZN/1771327879.json', '/opt/***/data/minio/AMZN/1771327890.json', '/opt/***/data/minio/AMZN/1771327900.json', '/opt/***/data/minio/AMZN/1771327911.json', '/opt/***/data/minio/AMZN/1771327921.json', '/opt/***/data/minio/AMZN/1771327931.json', '/opt/***/data/minio/AMZN/1771327942.json', '/opt/***/data/minio/AMZN/1771327952.json', '/opt/***/data/minio/AMZN/1771327962.json', '/opt/***/data/minio/AMZN/1771327973.json', '/opt/***/data/minio/AMZN/1771327983.json', '/opt/***/data/minio/AMZN/1771327993.json', '/opt/***/data/minio/AMZN/1771328004.json', '/opt/***/data/minio/AMZN/1771328013.json', '/opt/***/data/minio/AMZN/1771328023.json', '/opt/***/data/minio/AMZN/1771328033.json', '/opt/***/data/minio/AMZN/1771328044.json', '/opt/***/data/minio/AMZN/1771328054.json', '/opt/***/data/minio/AMZN/1771328064.json', '/opt/***/data/minio/AMZN/1771328074.json', '/opt/***/data/minio/AMZN/1771328085.json', '/opt/***/data/minio/AMZN/1771328096.json', '/opt/***/data/minio/AMZN/1771328109.json', '/opt/***/data/minio/AMZN/1771328120.json', '/opt/***/data/minio/AMZN/1771328131.json', '/opt/***/data/minio/AMZN/1771328143.json', '/opt/***/data/minio/AMZN/1771328153.json', '/opt/***/data/minio/AMZN/1771328165.json', '/opt/***/data/minio/AMZN/1771328203.json', '/opt/***/data/minio/AMZN/1771328213.json', '/opt/***/data/minio/AMZN/1771328223.json', '/opt/***/data/minio/AMZN/1771328234.json', '/opt/***/data/minio/AMZN/1771328244.json', '/opt/***/data/minio/AMZN/1771328254.json', '/opt/***/data/minio/AMZN/1771328265.json', '/opt/***/data/minio/AMZN/1771328276.json', '/opt/***/data/minio/AMZN/1771328287.json', '/opt/***/data/minio/AMZN/1771328297.json', '/opt/***/data/minio/AMZN/1771328307.json', '/opt/***/data/minio/AMZN/1771328317.json', '/opt/***/data/minio/AMZN/1771328328.json', '/opt/***/data/minio/AMZN/1771328338.json', '/opt/***/data/minio/AMZN/1771328348.json', '/opt/***/data/minio/AMZN/1771328361.json', '/opt/***/data/minio/AMZN/1771328376.json', '/opt/***/data/minio/AMZN/1771328389.json', '/opt/***/data/minio/AMZN/1771328399.json', '/opt/***/data/minio/AMZN/1771328410.json', '/opt/***/data/minio/AMZN/1771328421.json', '/opt/***/data/minio/AMZN/1771328495.json', '/opt/***/data/minio/AMZN/1771328521.json', '/opt/***/data/minio/AMZN/1771328531.json', '/opt/***/data/minio/AMZN/1771328634.json', '/opt/***/data/minio/AMZN/1771328731.json', '/opt/***/data/minio/AMZN/1771328742.json', '/opt/***/data/minio/AMZN/1771328752.json', '/opt/***/data/minio/AMZN/1771328764.json', '/opt/***/data/minio/AMZN/1771328774.json', '/opt/***/data/minio/AMZN/1771328784.json', '/opt/***/data/minio/AMZN/1771328794.json', '/opt/***/data/minio/AMZN/1771328804.json', '/opt/***/data/minio/AMZN/1771328815.json', '/opt/***/data/minio/AMZN/1771328825.json', '/opt/***/data/minio/AMZN/1771328836.json', '/opt/***/data/minio/AMZN/1771328846.json', '/opt/***/data/minio/AMZN/1771328858.json', '/opt/***/data/minio/AMZN/1771328869.json', '/opt/***/data/minio/AMZN/1771328880.json', '/opt/***/data/minio/AMZN/1771328891.json', '/opt/***/data/minio/AMZN/1771328901.json', '/opt/***/data/minio/AMZN/1771328931.json', '/opt/***/data/minio/AMZN/1771328942.json', '/opt/***/data/minio/AMZN/1771328952.json', '/opt/***/data/minio/AMZN/1771328962.json', '/opt/***/data/minio/AMZN/1771328977.json', '/opt/***/data/minio/AMZN/1771328988.json', '/opt/***/data/minio/AMZN/1771328998.json', '/opt/***/data/minio/AMZN/1771329009.json', '/opt/***/data/minio/AMZN/1771329022.json', '/opt/***/data/minio/AMZN/1771329033.json', '/opt/***/data/minio/AMZN/1771329044.json', '/opt/***/data/minio/AMZN/1771329086.json', '/opt/***/data/minio/AMZN/1771329097.json', '/opt/***/data/minio/AMZN/1771329108.json', '/opt/***/data/minio/AMZN/1771329134.json', '/opt/***/data/minio/AMZN/1771329146.json', '/opt/***/data/minio/AMZN/1771329157.json', '/opt/***/data/minio/AMZN/1771329169.json', '/opt/***/data/minio/AMZN/1771329180.json', '/opt/***/data/minio/AMZN/1771329191.json', '/opt/***/data/minio/AMZN/1771329203.json', '/opt/***/data/minio/AMZN/1771329214.json', '/opt/***/data/minio/AMZN/1771329224.json', '/opt/***/data/minio/AMZN/1771329234.json', '/opt/***/data/minio/AMZN/1771329245.json', '/opt/***/data/minio/AMZN/1771329255.json', '/opt/***/data/minio/AMZN/1771329266.json', '/opt/***/data/minio/AMZN/1771329276.json', '/opt/***/data/minio/AMZN/1771329286.json', '/opt/***/data/minio/AMZN/1771329296.json', '/opt/***/data/minio/AMZN/1771329306.json', '/opt/***/data/minio/AMZN/1771329317.json', '/opt/***/data/minio/AMZN/1771329327.json', '/opt/***/data/minio/AMZN/1771329337.json', '/opt/***/data/minio/AMZN/1771329348.json', '/opt/***/data/minio/AMZN/1771329358.json', '/opt/***/data/minio/AMZN/1771329368.json', '/opt/***/data/minio/AMZN/1771329379.json', '/opt/***/data/minio/AMZN/1771329389.json', '/opt/***/data/minio/AMZN/1771329399.json', '/opt/***/data/minio/AMZN/1771329409.json', '/opt/***/data/minio/AMZN/1771329419.json', '/opt/***/data/minio/AMZN/1771329429.json', '/opt/***/data/minio/AMZN/1771329439.json', '/opt/***/data/minio/AMZN/1771329449.json', '/opt/***/data/minio/AMZN/1771329460.json', '/opt/***/data/minio/AMZN/1771329470.json', '/opt/***/data/minio/AMZN/1771329480.json', '/opt/***/data/minio/AMZN/1771329490.json', '/opt/***/data/minio/AMZN/1771329502.json', '/opt/***/data/minio/AMZN/1771329512.json', '/opt/***/data/minio/AMZN/1771329524.json', '/opt/***/data/minio/AMZN/1771329540.json', '/opt/***/data/minio/AMZN/1771329551.json', '/opt/***/data/minio/AMZN/1771329561.json', '/opt/***/data/minio/AMZN/1771329571.json', '/opt/***/data/minio/AMZN/1771329581.json', '/opt/***/data/minio/AMZN/1771329591.json', '/opt/***/data/minio/AMZN/1771329602.json', '/opt/***/data/minio/AMZN/1771329614.json', '/opt/***/data/minio/AMZN/1771329624.json', '/opt/***/data/minio/AMZN/1771329637.json', '/opt/***/data/minio/AMZN/1771329682.json', '/opt/***/data/minio/AMZN/1771329700.json', '/opt/***/data/minio/AMZN/1771329711.json', '/opt/***/data/minio/AMZN/1771329721.json', '/opt/***/data/minio/AMZN/1771329732.json', '/opt/***/data/minio/AMZN/1771329742.json', '/opt/***/data/minio/AMZN/1771329753.json', '/opt/***/data/minio/AMZN/1771329765.json', '/opt/***/data/minio/AMZN/1771329776.json', '/opt/***/data/minio/AMZN/1771329787.json', '/opt/***/data/minio/AMZN/1771329799.json', '/opt/***/data/minio/AMZN/1771329810.json', '/opt/***/data/minio/AMZN/1771329821.json', '/opt/***/data/minio/AMZN/1771329832.json', '/opt/***/data/minio/AMZN/1771329843.json', '/opt/***/data/minio/AMZN/1771329880.json', '/opt/***/data/minio/AMZN/1771329891.json', '/opt/***/data/minio/AMZN/1771329901.json', '/opt/***/data/minio/AMZN/1771329911.json', '/opt/***/data/minio/AMZN/1771329922.json', '/opt/***/data/minio/AMZN/1771329932.json', '/opt/***/data/minio/AMZN/1771329943.json', '/opt/***/data/minio/AMZN/1771329953.json', '/opt/***/data/minio/AMZN/1771329964.json', '/opt/***/data/minio/AMZN/1771329975.json', '/opt/***/data/minio/AMZN/1771329987.json', '/opt/***/data/minio/AMZN/1771329997.json', '/opt/***/data/minio/AMZN/1771330009.json', '/opt/***/data/minio/AMZN/1771330027.json', '/opt/***/data/minio/AMZN/1771330039.json', '/opt/***/data/minio/AMZN/1771330050.json', '/opt/***/data/minio/AMZN/1771330082.json', '/opt/***/data/minio/AMZN/1771330094.json', '/opt/***/data/minio/AMZN/1771330105.json', '/opt/***/data/minio/AMZN/1771330116.json', '/opt/***/data/minio/AMZN/1771330127.json', '/opt/***/data/minio/AMZN/1771330139.json', '/opt/***/data/minio/AMZN/1771330149.json', '/opt/***/data/minio/AMZN/1771330160.json', '/opt/***/data/minio/AMZN/1771330170.json', '/opt/***/data/minio/AMZN/1771330181.json', '/opt/***/data/minio/AMZN/1771330191.json', '/opt/***/data/minio/AMZN/1771330203.json', '/opt/***/data/minio/AMZN/1771330214.json', '/opt/***/data/minio/AMZN/1771330226.json', '/opt/***/data/minio/AMZN/1771330237.json', '/opt/***/data/minio/AMZN/1771330248.json', '/opt/***/data/minio/AMZN/1771330258.json', '/opt/***/data/minio/AMZN/1771330269.json', '/opt/***/data/minio/AMZN/1771330279.json', '/opt/***/data/minio/AMZN/1771330290.json', '/opt/***/data/minio/AMZN/1771330300.json', '/opt/***/data/minio/AMZN/1771330312.json', '/opt/***/data/minio/AMZN/1771330323.json', '/opt/***/data/minio/AMZN/1771330334.json', '/opt/***/data/minio/AMZN/1771330344.json', '/opt/***/data/minio/AMZN/1771330355.json', '/opt/***/data/minio/AMZN/1771330366.json', '/opt/***/data/minio/AMZN/1771330376.json', '/opt/***/data/minio/AMZN/1771330387.json', '/opt/***/data/minio/AMZN/1771330398.json', '/opt/***/data/minio/AMZN/1771330409.json', '/opt/***/data/minio/AMZN/1771330421.json', '/opt/***/data/minio/AMZN/1771330432.json', '/opt/***/data/minio/AMZN/1771330443.json', '/opt/***/data/minio/AMZN/1771330453.json', '/opt/***/data/minio/AMZN/1771330464.json', '/opt/***/data/minio/AMZN/1771330475.json', '/opt/***/data/minio/AMZN/1771330485.json', '/opt/***/data/minio/AMZN/1771330495.json', '/opt/***/data/minio/AMZN/1771330506.json', '/opt/***/data/minio/AMZN/1771330516.json', '/opt/***/data/minio/AMZN/1771330527.json', '/opt/***/data/minio/AMZN/1771330540.json', '/opt/***/data/minio/AMZN/1771330550.json', '/opt/***/data/minio/AMZN/1771330566.json', '/opt/***/data/minio/AMZN/1771330578.json', '/opt/***/data/minio/AMZN/1771330590.json', '/opt/***/data/minio/AMZN/1771330602.json', '/opt/***/data/minio/AMZN/1771330612.json', '/opt/***/data/minio/AMZN/1771330623.json', '/opt/***/data/minio/AMZN/1771330634.json', '/opt/***/data/minio/AMZN/1771330645.json', '/opt/***/data/minio/AMZN/1771330656.json', '/opt/***/data/minio/AMZN/1771330667.json', '/opt/***/data/minio/AMZN/1771330681.json', '/opt/***/data/minio/AMZN/1771330691.json', '/opt/***/data/minio/AMZN/1771330702.json', '/opt/***/data/minio/AMZN/1771330712.json', '/opt/***/data/minio/AMZN/1771330726.json', '/opt/***/data/minio/AMZN/1771330737.json', '/opt/***/data/minio/AMZN/1771330747.json', '/opt/***/data/minio/AMZN/1771330757.json', '/opt/***/data/minio/AMZN/1771330768.json', '/opt/***/data/minio/AMZN/1771330778.json', '/opt/***/data/minio/AMZN/1771330788.json', '/opt/***/data/minio/AMZN/1771330799.json', '/opt/***/data/minio/AMZN/1771330809.json', '/opt/***/data/minio/AMZN/1771330820.json', '/opt/***/data/minio/AMZN/1771330831.json', '/opt/***/data/minio/AMZN/1771330847.json', '/opt/***/data/minio/AMZN/1771330861.json', '/opt/***/data/minio/AMZN/1771330874.json', '/opt/***/data/minio/AMZN/1771330889.json', '/opt/***/data/minio/AMZN/1771330900.json', '/opt/***/data/minio/AMZN/1771330911.json', '/opt/***/data/minio/AMZN/1771330921.json', '/opt/***/data/minio/AMZN/1771330931.json', '/opt/***/data/minio/AMZN/1771330941.json', '/opt/***/data/minio/AMZN/1771330952.json', '/opt/***/data/minio/AMZN/1771330963.json', '/opt/***/data/minio/AMZN/1771330977.json', '/opt/***/data/minio/AMZN/1771330988.json', '/opt/***/data/minio/AMZN/1771330998.json', '/opt/***/data/minio/AMZN/1771331009.json', '/opt/***/data/minio/AMZN/1771331019.json', '/opt/***/data/minio/AMZN/1771331029.json', '/opt/***/data/minio/AMZN/1771331039.json', '/opt/***/data/minio/AMZN/1771331050.json', '/opt/***/data/minio/AMZN/1771331061.json', '/opt/***/data/minio/AMZN/1771331072.json', '/opt/***/data/minio/AMZN/1771331083.json', '/opt/***/data/minio/AMZN/1771331093.json', '/opt/***/data/minio/AMZN/1771331103.json', '/opt/***/data/minio/AMZN/1771331114.json', '/opt/***/data/minio/AMZN/1771331124.json', '/opt/***/data/minio/AMZN/1771331135.json', '/opt/***/data/minio/AMZN/1771331145.json', '/opt/***/data/minio/AMZN/1771331155.json', '/opt/***/data/minio/AMZN/1771331166.json', '/opt/***/data/minio/AMZN/1771331177.json', '/opt/***/data/minio/AMZN/1771331187.json', '/opt/***/data/minio/AMZN/1771331198.json', '/opt/***/data/minio/AMZN/1771331208.json', '/opt/***/data/minio/AMZN/1771331219.json', '/opt/***/data/minio/AMZN/1771331230.json', '/opt/***/data/minio/AMZN/1771331243.json', '/opt/***/data/minio/AMZN/1771331254.json', '/opt/***/data/minio/AMZN/1771331266.json', '/opt/***/data/minio/AMZN/1771331277.json', '/opt/***/data/minio/AMZN/1771331288.json', '/opt/***/data/minio/AMZN/1771331298.json', '/opt/***/data/minio/AMZN/1771331308.json', '/opt/***/data/minio/AMZN/1771331319.json', '/opt/***/data/minio/AMZN/1771331329.json', '/opt/***/data/minio/AMZN/1771331339.json', '/opt/***/data/minio/AMZN/1771331349.json', '/opt/***/data/minio/AMZN/1771331360.json', '/opt/***/data/minio/AMZN/1771331371.json', '/opt/***/data/minio/AMZN/1771331381.json', '/opt/***/data/minio/AMZN/1771331390.json', '/opt/***/data/minio/AMZN/1771331401.json', '/opt/***/data/minio/AMZN/1771331411.json', '/opt/***/data/minio/AMZN/1771331421.json', '/opt/***/data/minio/AMZN/1771331432.json', '/opt/***/data/minio/AMZN/1771331442.json', '/opt/***/data/minio/AMZN/1771331453.json', '/opt/***/data/minio/AMZN/1771331495.json', '/opt/***/data/minio/AMZN/1771331505.json', '/opt/***/data/minio/AMZN/1771331516.json', '/opt/***/data/minio/AMZN/1771331529.json', '/opt/***/data/minio/AMZN/1771331541.json', '/opt/***/data/minio/AMZN/1771331553.json', '/opt/***/data/minio/AMZN/1771331563.json', '/opt/***/data/minio/AMZN/1771331573.json', '/opt/***/data/minio/AMZN/1771331584.json', '/opt/***/data/minio/AMZN/1771331596.json', '/opt/***/data/minio/AMZN/1771331606.json', '/opt/***/data/minio/AMZN/1771331618.json', '/opt/***/data/minio/AMZN/1771331629.json', '/opt/***/data/minio/AMZN/1771331642.json', '/opt/***/data/minio/AMZN/1771331652.json', '/opt/***/data/minio/AMZN/1771331662.json', '/opt/***/data/minio/AMZN/1771331672.json', '/opt/***/data/minio/AMZN/1771331682.json', '/opt/***/data/minio/AMZN/1771331692.json', '/opt/***/data/minio/AMZN/1771331703.json', '/opt/***/data/minio/AMZN/1771331713.json', '/opt/***/data/minio/AMZN/1771331724.json', '/opt/***/data/minio/AMZN/1771331735.json', '/opt/***/data/minio/AMZN/1771331746.json', '/opt/***/data/minio/AMZN/1771331756.json', '/opt/***/data/minio/AMZN/1771331767.json', '/opt/***/data/minio/AMZN/1771331778.json', '/opt/***/data/minio/GOOGL/1771324934.json', '/opt/***/data/minio/GOOGL/1771324945.json', '/opt/***/data/minio/GOOGL/1771324955.json', '/opt/***/data/minio/GOOGL/1771324965.json', '/opt/***/data/minio/GOOGL/1771324976.json', '/opt/***/data/minio/GOOGL/1771324987.json', '/opt/***/data/minio/GOOGL/1771324998.json', '/opt/***/data/minio/GOOGL/1771325008.json', '/opt/***/data/minio/GOOGL/1771325019.json', '/opt/***/data/minio/GOOGL/1771325030.json', '/opt/***/data/minio/GOOGL/1771325040.json', '/opt/***/data/minio/GOOGL/1771325050.json', '/opt/***/data/minio/GOOGL/1771325061.json', '/opt/***/data/minio/GOOGL/1771325071.json', '/opt/***/data/minio/GOOGL/1771325081.json', '/opt/***/data/minio/GOOGL/1771325092.json', '/opt/***/data/minio/GOOGL/1771325103.json', '/opt/***/data/minio/GOOGL/1771325113.json', '/opt/***/data/minio/GOOGL/1771325123.json', '/opt/***/data/minio/GOOGL/1771325134.json', '/opt/***/data/minio/GOOGL/1771325144.json', '/opt/***/data/minio/GOOGL/1771325155.json', '/opt/***/data/minio/GOOGL/1771325165.json', '/opt/***/data/minio/GOOGL/1771325176.json', '/opt/***/data/minio/GOOGL/1771325186.json', '/opt/***/data/minio/GOOGL/1771325196.json', '/opt/***/data/minio/GOOGL/1771325207.json', '/opt/***/data/minio/GOOGL/1771325217.json', '/opt/***/data/minio/GOOGL/1771325227.json', '/opt/***/data/minio/GOOGL/1771325238.json', '/opt/***/data/minio/GOOGL/1771325249.json', '/opt/***/data/minio/GOOGL/1771325260.json', '/opt/***/data/minio/GOOGL/1771325271.json', '/opt/***/data/minio/GOOGL/1771325281.json', '/opt/***/data/minio/GOOGL/1771325291.json', '/opt/***/data/minio/GOOGL/1771325303.json', '/opt/***/data/minio/GOOGL/1771325336.json', '/opt/***/data/minio/GOOGL/1771325346.json', '/opt/***/data/minio/GOOGL/1771325356.json', '/opt/***/data/minio/GOOGL/1771325366.json', '/opt/***/data/minio/GOOGL/1771325377.json', '/opt/***/data/minio/GOOGL/1771325387.json', '/opt/***/data/minio/GOOGL/1771325399.json', '/opt/***/data/minio/GOOGL/1771325410.json', '/opt/***/data/minio/GOOGL/1771325421.json', '/opt/***/data/minio/GOOGL/1771325433.json', '/opt/***/data/minio/GOOGL/1771325445.json', '/opt/***/data/minio/GOOGL/1771325455.json', '/opt/***/data/minio/GOOGL/1771325466.json', '/opt/***/data/minio/GOOGL/1771325476.json', '/opt/***/data/minio/GOOGL/1771325487.json', '/opt/***/data/minio/GOOGL/1771325498.json', '/opt/***/data/minio/GOOGL/1771325509.json', '/opt/***/data/minio/GOOGL/1771325519.json', '/opt/***/data/minio/GOOGL/1771325530.json', '/opt/***/data/minio/GOOGL/1771325540.json', '/opt/***/data/minio/GOOGL/1771325551.json', '/opt/***/data/minio/GOOGL/1771325561.json', '/opt/***/data/minio/GOOGL/1771325571.json', '/opt/***/data/minio/GOOGL/1771325581.json', '/opt/***/data/minio/GOOGL/1771325591.json', '/opt/***/data/minio/GOOGL/1771325603.json', '/opt/***/data/minio/GOOGL/1771325614.json', '/opt/***/data/minio/GOOGL/1771325624.json', '/opt/***/data/minio/GOOGL/1771325636.json', '/opt/***/data/minio/GOOGL/1771325646.json', '/opt/***/data/minio/GOOGL/1771325657.json', '/opt/***/data/minio/GOOGL/1771325667.json', '/opt/***/data/minio/GOOGL/1771325677.json', '/opt/***/data/minio/GOOGL/1771325688.json', '/opt/***/data/minio/GOOGL/1771325699.json', '/opt/***/data/minio/GOOGL/1771325709.json', '/opt/***/data/minio/GOOGL/1771325720.json', '/opt/***/data/minio/GOOGL/1771325730.json', '/opt/***/data/minio/GOOGL/1771325741.json', '/opt/***/data/minio/GOOGL/1771325752.json', '/opt/***/data/minio/GOOGL/1771325766.json', '/opt/***/data/minio/GOOGL/1771325778.json', '/opt/***/data/minio/GOOGL/1771325790.json', '/opt/***/data/minio/GOOGL/1771325801.json', '/opt/***/data/minio/GOOGL/1771325811.json', '/opt/***/data/minio/GOOGL/1771325822.json', '/opt/***/data/minio/GOOGL/1771325832.json', '/opt/***/data/minio/GOOGL/1771325842.json', '/opt/***/data/minio/GOOGL/1771325855.json', '/opt/***/data/minio/GOOGL/1771325865.json', '/opt/***/data/minio/GOOGL/1771325876.json', '/opt/***/data/minio/GOOGL/1771325888.json', '/opt/***/data/minio/GOOGL/1771325899.json', '/opt/***/data/minio/GOOGL/1771325912.json', '/opt/***/data/minio/GOOGL/1771325923.json', '/opt/***/data/minio/GOOGL/1771325934.json', '/opt/***/data/minio/GOOGL/1771325946.json', '/opt/***/data/minio/GOOGL/1771325959.json', '/opt/***/data/minio/GOOGL/1771325971.json', '/opt/***/data/minio/GOOGL/1771325982.json', '/opt/***/data/minio/GOOGL/1771325993.json', '/opt/***/data/minio/GOOGL/1771326003.json', '/opt/***/data/minio/GOOGL/1771326014.json', '/opt/***/data/minio/GOOGL/1771326025.json', '/opt/***/data/minio/GOOGL/1771326035.json', '/opt/***/data/minio/GOOGL/1771326045.json', '/opt/***/data/minio/GOOGL/1771326056.json', '/opt/***/data/minio/GOOGL/1771326066.json', '/opt/***/data/minio/GOOGL/1771326076.json', '/opt/***/data/minio/GOOGL/1771326086.json', '/opt/***/data/minio/GOOGL/1771326098.json', '/opt/***/data/minio/GOOGL/1771326111.json', '/opt/***/data/minio/GOOGL/1771326125.json', '/opt/***/data/minio/GOOGL/1771326137.json', '/opt/***/data/minio/GOOGL/1771326147.json', '/opt/***/data/minio/GOOGL/1771326159.json', '/opt/***/data/minio/GOOGL/1771326170.json', '/opt/***/data/minio/GOOGL/1771326181.json', '/opt/***/data/minio/GOOGL/1771326192.json', '/opt/***/data/minio/GOOGL/1771326202.json', '/opt/***/data/minio/GOOGL/1771326213.json', '/opt/***/data/minio/GOOGL/1771326223.json', '/opt/***/data/minio/GOOGL/1771326233.json', '/opt/***/data/minio/GOOGL/1771326243.json', '/opt/***/data/minio/GOOGL/1771326253.json', '/opt/***/data/minio/GOOGL/1771326263.json', '/opt/***/data/minio/GOOGL/1771326274.json', '/opt/***/data/minio/GOOGL/1771326284.json', '/opt/***/data/minio/GOOGL/1771326295.json', '/opt/***/data/minio/GOOGL/1771326311.json', '/opt/***/data/minio/GOOGL/1771326322.json', '/opt/***/data/minio/GOOGL/1771326333.json', '/opt/***/data/minio/GOOGL/1771326349.json', '/opt/***/data/minio/GOOGL/1771326360.json', '/opt/***/data/minio/GOOGL/1771326372.json', '/opt/***/data/minio/GOOGL/1771326382.json', '/opt/***/data/minio/GOOGL/1771326393.json', '/opt/***/data/minio/GOOGL/1771326403.json', '/opt/***/data/minio/GOOGL/1771326413.json', '/opt/***/data/minio/GOOGL/1771326424.json', '/opt/***/data/minio/GOOGL/1771326434.json', '/opt/***/data/minio/GOOGL/1771326444.json', '/opt/***/data/minio/GOOGL/1771326454.json', '/opt/***/data/minio/GOOGL/1771326465.json', '/opt/***/data/minio/GOOGL/1771326475.json', '/opt/***/data/minio/GOOGL/1771326485.json', '/opt/***/data/minio/GOOGL/1771326495.json', '/opt/***/data/minio/GOOGL/1771326506.json', '/opt/***/data/minio/GOOGL/1771326516.json', '/opt/***/data/minio/GOOGL/1771326526.json', '/opt/***/data/minio/GOOGL/1771326536.json', '/opt/***/data/minio/GOOGL/1771326547.json', '/opt/***/data/minio/GOOGL/1771326556.json', '/opt/***/data/minio/GOOGL/1771326567.json', '/opt/***/data/minio/GOOGL/1771326577.json', '/opt/***/data/minio/GOOGL/1771326587.json', '/opt/***/data/minio/GOOGL/1771326597.json', '/opt/***/data/minio/GOOGL/1771326607.json', '/opt/***/data/minio/GOOGL/1771326617.json', '/opt/***/data/minio/GOOGL/1771326627.json', '/opt/***/data/minio/GOOGL/1771326638.json', '/opt/***/data/minio/GOOGL/1771326647.json', '/opt/***/data/minio/GOOGL/1771326658.json', '/opt/***/data/minio/GOOGL/1771326668.json', '/opt/***/data/minio/GOOGL/1771326678.json', '/opt/***/data/minio/GOOGL/1771326689.json', '/opt/***/data/minio/GOOGL/1771326699.json', '/opt/***/data/minio/GOOGL/1771326709.json', '/opt/***/data/minio/GOOGL/1771326720.json', '/opt/***/data/minio/GOOGL/1771326730.json', '/opt/***/data/minio/GOOGL/1771326740.json', '/opt/***/data/minio/GOOGL/1771326750.json', '/opt/***/data/minio/GOOGL/1771326760.json', '/opt/***/data/minio/GOOGL/1771326771.json', '/opt/***/data/minio/GOOGL/1771326781.json', '/opt/***/data/minio/GOOGL/1771326791.json', '/opt/***/data/minio/GOOGL/1771326801.json', '/opt/***/data/minio/GOOGL/1771326811.json', '/opt/***/data/minio/GOOGL/1771326821.json', '/opt/***/data/minio/GOOGL/1771326832.json', '/opt/***/data/minio/GOOGL/1771326842.json', '/opt/***/data/minio/GOOGL/1771326852.json', '/opt/***/data/minio/GOOGL/1771326862.json', '/opt/***/data/minio/GOOGL/1771326873.json', '/opt/***/data/minio/GOOGL/1771326883.json', '/opt/***/data/minio/GOOGL/1771326893.json', '/opt/***/data/minio/GOOGL/1771326903.json', '/opt/***/data/minio/GOOGL/1771326914.json', '/opt/***/data/minio/GOOGL/1771326925.json', '/opt/***/data/minio/GOOGL/1771326936.json', '/opt/***/data/minio/GOOGL/1771326947.json', '/opt/***/data/minio/GOOGL/1771326957.json', '/opt/***/data/minio/GOOGL/1771326967.json', '/opt/***/data/minio/GOOGL/1771326978.json', '/opt/***/data/minio/GOOGL/1771326988.json', '/opt/***/data/minio/GOOGL/1771326999.json', '/opt/***/data/minio/GOOGL/1771327010.json', '/opt/***/data/minio/GOOGL/1771327020.json', '/opt/***/data/minio/GOOGL/1771327030.json', '/opt/***/data/minio/GOOGL/1771327041.json', '/opt/***/data/minio/GOOGL/1771327051.json', '/opt/***/data/minio/GOOGL/1771327063.json', '/opt/***/data/minio/GOOGL/1771327086.json', '/opt/***/data/minio/GOOGL/1771327101.json', '/opt/***/data/minio/GOOGL/1771327116.json', '/opt/***/data/minio/GOOGL/1771327129.json', '/opt/***/data/minio/GOOGL/1771327139.json', '/opt/***/data/minio/GOOGL/1771327150.json', '/opt/***/data/minio/GOOGL/1771327160.json', '/opt/***/data/minio/GOOGL/1771327170.json', '/opt/***/data/minio/GOOGL/1771327180.json', '/opt/***/data/minio/GOOGL/1771327190.json', '/opt/***/data/minio/GOOGL/1771327200.json', '/opt/***/data/minio/GOOGL/1771327211.json', '/opt/***/data/minio/GOOGL/1771327222.json', '/opt/***/data/minio/GOOGL/1771327232.json', '/opt/***/data/minio/GOOGL/1771327242.json', '/opt/***/data/minio/GOOGL/1771327254.json', '/opt/***/data/minio/GOOGL/1771327264.json', '/opt/***/data/minio/GOOGL/1771327274.json', '/opt/***/data/minio/GOOGL/1771327284.json', '/opt/***/data/minio/GOOGL/1771327294.json', '/opt/***/data/minio/GOOGL/1771327304.json', '/opt/***/data/minio/GOOGL/1771327315.json', '/opt/***/data/minio/GOOGL/1771327325.json', '/opt/***/data/minio/GOOGL/1771327336.json', '/opt/***/data/minio/GOOGL/1771327346.json', '/opt/***/data/minio/GOOGL/1771327356.json', '/opt/***/data/minio/GOOGL/1771327365.json', '/opt/***/data/minio/GOOGL/1771327375.json', '/opt/***/data/minio/GOOGL/1771327386.json', '/opt/***/data/minio/GOOGL/1771327397.json', '/opt/***/data/minio/GOOGL/1771327408.json', '/opt/***/data/minio/GOOGL/1771327418.json', '/opt/***/data/minio/GOOGL/1771327429.json', '/opt/***/data/minio/GOOGL/1771327439.json', '/opt/***/data/minio/GOOGL/1771327449.json', '/opt/***/data/minio/GOOGL/1771327459.json', '/opt/***/data/minio/GOOGL/1771327470.json', '/opt/***/data/minio/GOOGL/1771327480.json', '/opt/***/data/minio/GOOGL/1771327491.json', '/opt/***/data/minio/GOOGL/1771327501.json', '/opt/***/data/minio/GOOGL/1771327512.json', '/opt/***/data/minio/GOOGL/1771327522.json', '/opt/***/data/minio/GOOGL/1771327533.json', '/opt/***/data/minio/GOOGL/1771327543.json', '/opt/***/data/minio/GOOGL/1771327554.json', '/opt/***/data/minio/GOOGL/1771327564.json', '/opt/***/data/minio/GOOGL/1771327576.json', '/opt/***/data/minio/GOOGL/1771327588.json', '/opt/***/data/minio/GOOGL/1771327599.json', '/opt/***/data/minio/GOOGL/1771327609.json', '/opt/***/data/minio/GOOGL/1771327619.json', '/opt/***/data/minio/GOOGL/1771327629.json', '/opt/***/data/minio/GOOGL/1771327640.json', '/opt/***/data/minio/GOOGL/1771327649.json', '/opt/***/data/minio/GOOGL/1771327660.json', '/opt/***/data/minio/GOOGL/1771327670.json', '/opt/***/data/minio/GOOGL/1771327680.json', '/opt/***/data/minio/GOOGL/1771327691.json', '/opt/***/data/minio/GOOGL/1771327701.json', '/opt/***/data/minio/GOOGL/1771327711.json', '/opt/***/data/minio/GOOGL/1771327721.json', '/opt/***/data/minio/GOOGL/1771327731.json', '/opt/***/data/minio/GOOGL/1771327741.json', '/opt/***/data/minio/GOOGL/1771327752.json', '/opt/***/data/minio/GOOGL/1771327763.json', '/opt/***/data/minio/GOOGL/1771327772.json', '/opt/***/data/minio/GOOGL/1771327784.json', '/opt/***/data/minio/GOOGL/1771327794.json', '/opt/***/data/minio/GOOGL/1771327804.json', '/opt/***/data/minio/GOOGL/1771327814.json', '/opt/***/data/minio/GOOGL/1771327824.json', '/opt/***/data/minio/GOOGL/1771327835.json', '/opt/***/data/minio/GOOGL/1771327846.json', '/opt/***/data/minio/GOOGL/1771327856.json', '/opt/***/data/minio/GOOGL/1771327867.json', '/opt/***/data/minio/GOOGL/1771327878.json', '/opt/***/data/minio/GOOGL/1771327889.json', '/opt/***/data/minio/GOOGL/1771327899.json', '/opt/***/data/minio/GOOGL/1771327909.json', '/opt/***/data/minio/GOOGL/1771327919.json', '/opt/***/data/minio/GOOGL/1771327929.json', '/opt/***/data/minio/GOOGL/1771327940.json', '/opt/***/data/minio/GOOGL/1771327950.json', '/opt/***/data/minio/GOOGL/1771327960.json', '/opt/***/data/minio/GOOGL/1771327971.json', '/opt/***/data/minio/GOOGL/1771327981.json', '/opt/***/data/minio/GOOGL/1771327991.json', '/opt/***/data/minio/GOOGL/1771328002.json', '/opt/***/data/minio/GOOGL/1771328012.json', '/opt/***/data/minio/GOOGL/1771328022.json', '/opt/***/data/minio/GOOGL/1771328032.json', '/opt/***/data/minio/GOOGL/1771328042.json', '/opt/***/data/minio/GOOGL/1771328053.json', '/opt/***/data/minio/GOOGL/1771328063.json', '/opt/***/data/minio/GOOGL/1771328073.json', '/opt/***/data/minio/GOOGL/1771328083.json', '/opt/***/data/minio/GOOGL/1771328094.json', '/opt/***/data/minio/GOOGL/1771328107.json', '/opt/***/data/minio/GOOGL/1771328118.json', '/opt/***/data/minio/GOOGL/1771328129.json', '/opt/***/data/minio/GOOGL/1771328141.json', '/opt/***/data/minio/GOOGL/1771328151.json', '/opt/***/data/minio/GOOGL/1771328163.json', '/opt/***/data/minio/GOOGL/1771328187.json', '/opt/***/data/minio/GOOGL/1771328211.json', '/opt/***/data/minio/GOOGL/1771328221.json', '/opt/***/data/minio/GOOGL/1771328232.json', '/opt/***/data/minio/GOOGL/1771328242.json', '/opt/***/data/minio/GOOGL/1771328253.json', '/opt/***/data/minio/GOOGL/1771328263.json', '/opt/***/data/minio/GOOGL/1771328273.json', '/opt/***/data/minio/GOOGL/1771328285.json', '/opt/***/data/minio/GOOGL/1771328295.json', '/opt/***/data/minio/GOOGL/1771328305.json', '/opt/***/data/minio/GOOGL/1771328316.json', '/opt/***/data/minio/GOOGL/1771328326.json', '/opt/***/data/minio/GOOGL/1771328336.json', '/opt/***/data/minio/GOOGL/1771328346.json', '/opt/***/data/minio/GOOGL/1771328359.json', '/opt/***/data/minio/GOOGL/1771328375.json', '/opt/***/data/minio/GOOGL/1771328387.json', '/opt/***/data/minio/GOOGL/1771328398.json', '/opt/***/data/minio/GOOGL/1771328408.json', '/opt/***/data/minio/GOOGL/1771328419.json', '/opt/***/data/minio/GOOGL/1771328457.json', '/opt/***/data/minio/GOOGL/1771328519.json', '/opt/***/data/minio/GOOGL/1771328530.json', '/opt/***/data/minio/GOOGL/1771328572.json', '/opt/***/data/minio/GOOGL/1771328729.json', '/opt/***/data/minio/GOOGL/1771328741.json', '/opt/***/data/minio/GOOGL/1771328751.json', '/opt/***/data/minio/GOOGL/1771328761.json', '/opt/***/data/minio/GOOGL/1771328772.json', '/opt/***/data/minio/GOOGL/1771328782.json', '/opt/***/data/minio/GOOGL/1771328793.json', '/opt/***/data/minio/GOOGL/1771328803.json', '/opt/***/data/minio/GOOGL/1771328813.json', '/opt/***/data/minio/GOOGL/1771328823.json', '/opt/***/data/minio/GOOGL/1771328834.json', '/opt/***/data/minio/GOOGL/1771328845.json', '/opt/***/data/minio/GOOGL/1771328855.json', '/opt/***/data/minio/GOOGL/1771328867.json', '/opt/***/data/minio/GOOGL/1771328878.json', '/opt/***/data/minio/GOOGL/1771328889.json', '/opt/***/data/minio/GOOGL/1771328900.json', '/opt/***/data/minio/GOOGL/1771328930.json', '/opt/***/data/minio/GOOGL/1771328940.json', '/opt/***/data/minio/GOOGL/1771328950.json', '/opt/***/data/minio/GOOGL/1771328961.json', '/opt/***/data/minio/GOOGL/1771328976.json', '/opt/***/data/minio/GOOGL/1771328986.json', '/opt/***/data/minio/GOOGL/1771328996.json', '/opt/***/data/minio/GOOGL/1771329007.json', '/opt/***/data/minio/GOOGL/1771329021.json', '/opt/***/data/minio/GOOGL/1771329031.json', '/opt/***/data/minio/GOOGL/1771329042.json', '/opt/***/data/minio/GOOGL/1771329084.json', '/opt/***/data/minio/GOOGL/1771329095.json', '/opt/***/data/minio/GOOGL/1771329106.json', '/opt/***/data/minio/GOOGL/1771329133.json', '/opt/***/data/minio/GOOGL/1771329144.json', '/opt/***/data/minio/GOOGL/1771329155.json', '/opt/***/data/minio/GOOGL/1771329166.json', '/opt/***/data/minio/GOOGL/1771329178.json', '/opt/***/data/minio/GOOGL/1771329189.json', '/opt/***/data/minio/GOOGL/1771329200.json', '/opt/***/data/minio/GOOGL/1771329212.json', '/opt/***/data/minio/GOOGL/1771329222.json', '/opt/***/data/minio/GOOGL/1771329233.json', '/opt/***/data/minio/GOOGL/1771329243.json', '/opt/***/data/minio/GOOGL/1771329253.json', '/opt/***/data/minio/GOOGL/1771329264.json', '/opt/***/data/minio/GOOGL/1771329274.json', '/opt/***/data/minio/GOOGL/1771329284.json', '/opt/***/data/minio/GOOGL/1771329294.json', '/opt/***/data/minio/GOOGL/1771329304.json', '/opt/***/data/minio/GOOGL/1771329315.json', '/opt/***/data/minio/GOOGL/1771329325.json', '/opt/***/data/minio/GOOGL/1771329336.json', '/opt/***/data/minio/GOOGL/1771329346.json', '/opt/***/data/minio/GOOGL/1771329356.json', '/opt/***/data/minio/GOOGL/1771329366.json', '/opt/***/data/minio/GOOGL/1771329377.json', '/opt/***/data/minio/GOOGL/1771329387.json', '/opt/***/data/minio/GOOGL/1771329397.json', '/opt/***/data/minio/GOOGL/1771329408.json', '/opt/***/data/minio/GOOGL/1771329418.json', '/opt/***/data/minio/GOOGL/1771329428.json', '/opt/***/data/minio/GOOGL/1771329437.json', '/opt/***/data/minio/GOOGL/1771329447.json', '/opt/***/data/minio/GOOGL/1771329458.json', '/opt/***/data/minio/GOOGL/1771329468.json', '/opt/***/data/minio/GOOGL/1771329479.json', '/opt/***/data/minio/GOOGL/1771329488.json', '/opt/***/data/minio/GOOGL/1771329500.json', '/opt/***/data/minio/GOOGL/1771329511.json', '/opt/***/data/minio/GOOGL/1771329521.json', '/opt/***/data/minio/GOOGL/1771329538.json', '/opt/***/data/minio/GOOGL/1771329550.json', '/opt/***/data/minio/GOOGL/1771329560.json', '/opt/***/data/minio/GOOGL/1771329570.json', '/opt/***/data/minio/GOOGL/1771329579.json', '/opt/***/data/minio/GOOGL/1771329589.json', '/opt/***/data/minio/GOOGL/1771329600.json', '/opt/***/data/minio/GOOGL/1771329612.json', '/opt/***/data/minio/GOOGL/1771329623.json', '/opt/***/data/minio/GOOGL/1771329633.json', '/opt/***/data/minio/GOOGL/1771329674.json', '/opt/***/data/minio/GOOGL/1771329698.json', '/opt/***/data/minio/GOOGL/1771329709.json', '/opt/***/data/minio/GOOGL/1771329719.json', '/opt/***/data/minio/GOOGL/1771329730.json', '/opt/***/data/minio/GOOGL/1771329740.json', '/opt/***/data/minio/GOOGL/1771329751.json', '/opt/***/data/minio/GOOGL/1771329762.json', '/opt/***/data/minio/GOOGL/1771329774.json', '/opt/***/data/minio/GOOGL/1771329785.json', '/opt/***/data/minio/GOOGL/1771329797.json', '/opt/***/data/minio/GOOGL/1771329808.json', '/opt/***/data/minio/GOOGL/1771329819.json', '/opt/***/data/minio/GOOGL/1771329830.json', '/opt/***/data/minio/GOOGL/1771329841.json', '/opt/***/data/minio/GOOGL/1771329853.json', '/opt/***/data/minio/GOOGL/1771329889.json', '/opt/***/data/minio/GOOGL/1771329899.json', '/opt/***/data/minio/GOOGL/1771329909.json', '/opt/***/data/minio/GOOGL/1771329920.json', '/opt/***/data/minio/GOOGL/1771329930.json', '/opt/***/data/minio/GOOGL/1771329941.json', '/opt/***/data/minio/GOOGL/1771329952.json', '/opt/***/data/minio/GOOGL/1771329962.json', '/opt/***/data/minio/GOOGL/1771329973.json', '/opt/***/data/minio/GOOGL/1771329984.json', '/opt/***/data/minio/GOOGL/1771329995.json', '/opt/***/data/minio/GOOGL/1771330006.json', '/opt/***/data/minio/GOOGL/1771330025.json', '/opt/***/data/minio/GOOGL/1771330037.json', '/opt/***/data/minio/GOOGL/1771330048.json', '/opt/***/data/minio/GOOGL/1771330060.json', '/opt/***/data/minio/GOOGL/1771330092.json', '/opt/***/data/minio/GOOGL/1771330103.json', '/opt/***/data/minio/GOOGL/1771330114.json', '/opt/***/data/minio/GOOGL/1771330126.json', '/opt/***/data/minio/GOOGL/1771330137.json', '/opt/***/data/minio/GOOGL/1771330147.json', '/opt/***/data/minio/GOOGL/1771330158.json', '/opt/***/data/minio/GOOGL/1771330169.json', '/opt/***/data/minio/GOOGL/1771330179.json', '/opt/***/data/minio/GOOGL/1771330190.json', '/opt/***/data/minio/GOOGL/1771330201.json', '/opt/***/data/minio/GOOGL/1771330212.json', '/opt/***/data/minio/GOOGL/1771330223.json', '/opt/***/data/minio/GOOGL/1771330235.json', '/opt/***/data/minio/GOOGL/1771330246.json', '/opt/***/data/minio/GOOGL/1771330256.json', '/opt/***/data/minio/GOOGL/1771330267.json', '/opt/***/data/minio/GOOGL/1771330278.json', '/opt/***/data/minio/GOOGL/1771330288.json', '/opt/***/data/minio/GOOGL/1771330298.json', '/opt/***/data/minio/GOOGL/1771330309.json', '/opt/***/data/minio/GOOGL/1771330320.json', '/opt/***/data/minio/GOOGL/1771330332.json', '/opt/***/data/minio/GOOGL/1771330342.json', '/opt/***/data/minio/GOOGL/1771330353.json', '/opt/***/data/minio/GOOGL/1771330364.json', '/opt/***/data/minio/GOOGL/1771330375.json', '/opt/***/data/minio/GOOGL/1771330385.json', '/opt/***/data/minio/GOOGL/1771330396.json', '/opt/***/data/minio/GOOGL/1771330407.json', '/opt/***/data/minio/GOOGL/1771330420.json', '/opt/***/data/minio/GOOGL/1771330430.json', '/opt/***/data/minio/GOOGL/1771330441.json', '/opt/***/data/minio/GOOGL/1771330451.json', '/opt/***/data/minio/GOOGL/1771330462.json', '/opt/***/data/minio/GOOGL/1771330473.json', '/opt/***/data/minio/GOOGL/1771330483.json', '/opt/***/data/minio/GOOGL/1771330493.json', '/opt/***/data/minio/GOOGL/1771330504.json', '/opt/***/data/minio/GOOGL/1771330515.json', '/opt/***/data/minio/GOOGL/1771330525.json', '/opt/***/data/minio/GOOGL/1771330537.json', '/opt/***/data/minio/GOOGL/1771330548.json', '/opt/***/data/minio/GOOGL/1771330561.json', '/opt/***/data/minio/GOOGL/1771330576.json', '/opt/***/data/minio/GOOGL/1771330588.json', '/opt/***/data/minio/GOOGL/1771330600.json', '/opt/***/data/minio/GOOGL/1771330611.json', '/opt/***/data/minio/GOOGL/1771330621.json', '/opt/***/data/minio/GOOGL/1771330632.json', '/opt/***/data/minio/GOOGL/1771330643.json', '/opt/***/data/minio/GOOGL/1771330654.json', '/opt/***/data/minio/GOOGL/1771330665.json', '/opt/***/data/minio/GOOGL/1771330678.json', '/opt/***/data/minio/GOOGL/1771330689.json', '/opt/***/data/minio/GOOGL/1771330700.json', '/opt/***/data/minio/GOOGL/1771330711.json', '/opt/***/data/minio/GOOGL/1771330724.json', '/opt/***/data/minio/GOOGL/1771330735.json', '/opt/***/data/minio/GOOGL/1771330745.json', '/opt/***/data/minio/GOOGL/1771330755.json', '/opt/***/data/minio/GOOGL/1771330766.json', '/opt/***/data/minio/GOOGL/1771330776.json', '/opt/***/data/minio/GOOGL/1771330786.json', '/opt/***/data/minio/GOOGL/1771330797.json', '/opt/***/data/minio/GOOGL/1771330808.json', '/opt/***/data/minio/GOOGL/1771330818.json', '/opt/***/data/minio/GOOGL/1771330829.json', '/opt/***/data/minio/GOOGL/1771330843.json', '/opt/***/data/minio/GOOGL/1771330858.json', '/opt/***/data/minio/GOOGL/1771330871.json', '/opt/***/data/minio/GOOGL/1771330886.json', '/opt/***/data/minio/GOOGL/1771330899.json', '/opt/***/data/minio/GOOGL/1771330909.json', '/opt/***/data/minio/GOOGL/1771330919.json', '/opt/***/data/minio/GOOGL/1771330930.json', '/opt/***/data/minio/GOOGL/1771330940.json', '/opt/***/data/minio/GOOGL/1771330951.json', '/opt/***/data/minio/GOOGL/1771330961.json', '/opt/***/data/minio/GOOGL/1771330976.json', '/opt/***/data/minio/GOOGL/1771330986.json', '/opt/***/data/minio/GOOGL/1771330997.json', '/opt/***/data/minio/GOOGL/1771331007.json', '/opt/***/data/minio/GOOGL/1771331017.json', '/opt/***/data/minio/GOOGL/1771331027.json', '/opt/***/data/minio/GOOGL/1771331037.json', '/opt/***/data/minio/GOOGL/1771331048.json', '/opt/***/data/minio/GOOGL/1771331059.json', '/opt/***/data/minio/GOOGL/1771331070.json', '/opt/***/data/minio/GOOGL/1771331082.json', '/opt/***/data/minio/GOOGL/1771331092.json', '/opt/***/data/minio/GOOGL/1771331102.json', '/opt/***/data/minio/GOOGL/1771331112.json', '/opt/***/data/minio/GOOGL/1771331123.json', '/opt/***/data/minio/GOOGL/1771331133.json', '/opt/***/data/minio/GOOGL/1771331144.json', '/opt/***/data/minio/GOOGL/1771331154.json', '/opt/***/data/minio/GOOGL/1771331164.json', '/opt/***/data/minio/GOOGL/1771331175.json', '/opt/***/data/minio/GOOGL/1771331185.json', '/opt/***/data/minio/GOOGL/1771331196.json', '/opt/***/data/minio/GOOGL/1771331206.json', '/opt/***/data/minio/GOOGL/1771331217.json', '/opt/***/data/minio/GOOGL/1771331228.json', '/opt/***/data/minio/GOOGL/1771331239.json', '/opt/***/data/minio/GOOGL/1771331251.json', '/opt/***/data/minio/GOOGL/1771331264.json', '/opt/***/data/minio/GOOGL/1771331275.json', '/opt/***/data/minio/GOOGL/1771331286.json', '/opt/***/data/minio/GOOGL/1771331296.json', '/opt/***/data/minio/GOOGL/1771331307.json', '/opt/***/data/minio/GOOGL/1771331317.json', '/opt/***/data/minio/GOOGL/1771331327.json', '/opt/***/data/minio/GOOGL/1771331337.json', '/opt/***/data/minio/GOOGL/1771331348.json', '/opt/***/data/minio/GOOGL/1771331358.json', '/opt/***/data/minio/GOOGL/1771331369.json', '/opt/***/data/minio/GOOGL/1771331379.json', '/opt/***/data/minio/GOOGL/1771331389.json', '/opt/***/data/minio/GOOGL/1771331399.json', '/opt/***/data/minio/GOOGL/1771331409.json', '/opt/***/data/minio/GOOGL/1771331420.json', '/opt/***/data/minio/GOOGL/1771331430.json', '/opt/***/data/minio/GOOGL/1771331440.json', '/opt/***/data/minio/GOOGL/1771331451.json', '/opt/***/data/minio/GOOGL/1771331492.json', '/opt/***/data/minio/GOOGL/1771331503.json', '/opt/***/data/minio/GOOGL/1771331514.json', '/opt/***/data/minio/GOOGL/1771331527.json', '/opt/***/data/minio/GOOGL/1771331539.json', '/opt/***/data/minio/GOOGL/1771331551.json', '/opt/***/data/minio/GOOGL/1771331562.json', '/opt/***/data/minio/GOOGL/1771331572.json', '/opt/***/data/minio/GOOGL/1771331582.json', '/opt/***/data/minio/GOOGL/1771331593.json', '/opt/***/data/minio/GOOGL/1771331605.json', '/opt/***/data/minio/GOOGL/1771331615.json', '/opt/***/data/minio/GOOGL/1771331627.json', '/opt/***/data/minio/GOOGL/1771331639.json', '/opt/***/data/minio/GOOGL/1771331650.json', '/opt/***/data/minio/GOOGL/1771331660.json', '/opt/***/data/minio/GOOGL/1771331671.json', '/opt/***/data/minio/GOOGL/1771331681.json', '/opt/***/data/minio/GOOGL/1771331691.json', '/opt/***/data/minio/GOOGL/1771331701.json', '/opt/***/data/minio/GOOGL/1771331711.json', '/opt/***/data/minio/GOOGL/1771331722.json', '/opt/***/data/minio/GOOGL/1771331733.json', '/opt/***/data/minio/GOOGL/1771331744.json', '/opt/***/data/minio/GOOGL/1771331755.json', '/opt/***/data/minio/GOOGL/1771331765.json', '/opt/***/data/minio/GOOGL/1771331776.json', '/opt/***/data/minio/MSFT/1771324933.json', '/opt/***/data/minio/MSFT/1771324944.json', '/opt/***/data/minio/MSFT/1771324954.json', '/opt/***/data/minio/MSFT/1771324965.json', '/opt/***/data/minio/MSFT/1771324975.json', '/opt/***/data/minio/MSFT/1771324986.json', '/opt/***/data/minio/MSFT/1771324997.json', '/opt/***/data/minio/MSFT/1771325008.json', '/opt/***/data/minio/MSFT/1771325018.json', '/opt/***/data/minio/MSFT/1771325029.json', '/opt/***/data/minio/MSFT/1771325039.json', '/opt/***/data/minio/MSFT/1771325050.json', '/opt/***/data/minio/MSFT/1771325060.json', '/opt/***/data/minio/MSFT/1771325070.json', '/opt/***/data/minio/MSFT/1771325080.json', '/opt/***/data/minio/MSFT/1771325091.json', '/opt/***/data/minio/MSFT/1771325102.json', '/opt/***/data/minio/MSFT/1771325113.json', '/opt/***/data/minio/MSFT/1771325123.json', '/opt/***/data/minio/MSFT/1771325133.json', '/opt/***/data/minio/MSFT/1771325143.json', '/opt/***/data/minio/MSFT/1771325154.json', '/opt/***/data/minio/MSFT/1771325164.json', '/opt/***/data/minio/MSFT/1771325175.json', '/opt/***/data/minio/MSFT/1771325185.json', '/opt/***/data/minio/MSFT/1771325195.json', '/opt/***/data/minio/MSFT/1771325206.json', '/opt/***/data/minio/MSFT/1771325216.json', '/opt/***/data/minio/MSFT/1771325226.json', '/opt/***/data/minio/MSFT/1771325237.json', '/opt/***/data/minio/MSFT/1771325248.json', '/opt/***/data/minio/MSFT/1771325258.json', '/opt/***/data/minio/MSFT/1771325270.json', '/opt/***/data/minio/MSFT/1771325280.json', '/opt/***/data/minio/MSFT/1771325290.json', '/opt/***/data/minio/MSFT/1771325301.json', '/opt/***/data/minio/MSFT/1771325335.json', '/opt/***/data/minio/MSFT/1771325345.json', '/opt/***/data/minio/MSFT/1771325355.json', '/opt/***/data/minio/MSFT/1771325366.json', '/opt/***/data/minio/MSFT/1771325376.json', '/opt/***/data/minio/MSFT/1771325386.json', '/opt/***/data/minio/MSFT/1771325398.json', '/opt/***/data/minio/MSFT/1771325409.json', '/opt/***/data/minio/MSFT/1771325420.json', '/opt/***/data/minio/MSFT/1771325432.json', '/opt/***/data/minio/MSFT/1771325444.json', '/opt/***/data/minio/MSFT/1771325455.json', '/opt/***/data/minio/MSFT/1771325465.json', '/opt/***/data/minio/MSFT/1771325475.json', '/opt/***/data/minio/MSFT/1771325486.json', '/opt/***/data/minio/MSFT/1771325497.json', '/opt/***/data/minio/MSFT/1771325508.json', '/opt/***/data/minio/MSFT/1771325518.json', '/opt/***/data/minio/MSFT/1771325529.json', '/opt/***/data/minio/MSFT/1771325539.json', '/opt/***/data/minio/MSFT/1771325550.json', '/opt/***/data/minio/MSFT/1771325560.json', '/opt/***/data/minio/MSFT/1771325570.json', '/opt/***/data/minio/MSFT/1771325580.json', '/opt/***/data/minio/MSFT/1771325590.json', '/opt/***/data/minio/MSFT/1771325601.json', '/opt/***/data/minio/MSFT/1771325613.json', '/opt/***/data/minio/MSFT/1771325624.json', '/opt/***/data/minio/MSFT/1771325634.json', '/opt/***/data/minio/MSFT/1771325645.json', '/opt/***/data/minio/MSFT/1771325656.json', '/opt/***/data/minio/MSFT/1771325666.json', '/opt/***/data/minio/MSFT/1771325677.json', '/opt/***/data/minio/MSFT/1771325687.json', '/opt/***/data/minio/MSFT/1771325698.json', '/opt/***/data/minio/MSFT/1771325708.json', '/opt/***/data/minio/MSFT/1771325719.json', '/opt/***/data/minio/MSFT/1771325730.json', '/opt/***/data/minio/MSFT/1771325740.json', '/opt/***/data/minio/MSFT/1771325751.json', '/opt/***/data/minio/MSFT/1771325777.json', '/opt/***/data/minio/MSFT/1771325788.json', '/opt/***/data/minio/MSFT/1771325801.json', '/opt/***/data/minio/MSFT/1771325811.json', '/opt/***/data/minio/MSFT/1771325821.json', '/opt/***/data/minio/MSFT/1771325831.json', '/opt/***/data/minio/MSFT/1771325841.json', '/opt/***/data/minio/MSFT/1771325853.json', '/opt/***/data/minio/MSFT/1771325864.json', '/opt/***/data/minio/MSFT/1771325875.json', '/opt/***/data/minio/MSFT/1771325887.json', '/opt/***/data/minio/MSFT/1771325899.json', '/opt/***/data/minio/MSFT/1771325911.json', '/opt/***/data/minio/MSFT/1771325922.json', '/opt/***/data/minio/MSFT/1771325933.json', '/opt/***/data/minio/MSFT/1771325945.json', '/opt/***/data/minio/MSFT/1771325956.json', '/opt/***/data/minio/MSFT/1771325970.json', '/opt/***/data/minio/MSFT/1771325981.json', '/opt/***/data/minio/MSFT/1771325992.json', '/opt/***/data/minio/MSFT/1771326003.json', '/opt/***/data/minio/MSFT/1771326013.json', '/opt/***/data/minio/MSFT/1771326024.json', '/opt/***/data/minio/MSFT/1771326035.json', '/opt/***/data/minio/MSFT/1771326045.json', '/opt/***/data/minio/MSFT/1771326055.json', '/opt/***/data/minio/MSFT/1771326065.json', '/opt/***/data/minio/MSFT/1771326075.json', '/opt/***/data/minio/MSFT/1771326085.json', '/opt/***/data/minio/MSFT/1771326096.json', '/opt/***/data/minio/MSFT/1771326108.json', '/opt/***/data/minio/MSFT/1771326123.json', '/opt/***/data/minio/MSFT/1771326136.json', '/opt/***/data/minio/MSFT/1771326146.json', '/opt/***/data/minio/MSFT/1771326158.json', '/opt/***/data/minio/MSFT/1771326169.json', '/opt/***/data/minio/MSFT/1771326180.json', '/opt/***/data/minio/MSFT/1771326191.json', '/opt/***/data/minio/MSFT/1771326202.json', '/opt/***/data/minio/MSFT/1771326212.json', '/opt/***/data/minio/MSFT/1771326222.json', '/opt/***/data/minio/MSFT/1771326232.json', '/opt/***/data/minio/MSFT/1771326243.json', '/opt/***/data/minio/MSFT/1771326252.json', '/opt/***/data/minio/MSFT/1771326263.json', '/opt/***/data/minio/MSFT/1771326273.json', '/opt/***/data/minio/MSFT/1771326283.json', '/opt/***/data/minio/MSFT/1771326294.json', '/opt/***/data/minio/MSFT/1771326310.json', '/opt/***/data/minio/MSFT/1771326321.json', '/opt/***/data/minio/MSFT/1771326332.json', '/opt/***/data/minio/MSFT/1771326348.json', '/opt/***/data/minio/MSFT/1771326359.json', '/opt/***/data/minio/MSFT/1771326371.json', '/opt/***/data/minio/MSFT/1771326382.json', '/opt/***/data/minio/MSFT/1771326392.json', '/opt/***/data/minio/MSFT/1771326402.json', '/opt/***/data/minio/MSFT/1771326412.json', '/opt/***/data/minio/MSFT/1771326423.json', '/opt/***/data/minio/MSFT/1771326433.json', '/opt/***/data/minio/MSFT/1771326443.json', '/opt/***/data/minio/MSFT/1771326453.json', '/opt/***/data/minio/MSFT/1771326464.json', '/opt/***/data/minio/MSFT/1771326474.json', '/opt/***/data/minio/MSFT/1771326484.json', '/opt/***/data/minio/MSFT/1771326494.json', '/opt/***/data/minio/MSFT/1771326505.json', '/opt/***/data/minio/MSFT/1771326515.json', '/opt/***/data/minio/MSFT/1771326526.json', '/opt/***/data/minio/MSFT/1771326535.json', '/opt/***/data/minio/MSFT/1771326546.json', '/opt/***/data/minio/MSFT/1771326556.json', '/opt/***/data/minio/MSFT/1771326567.json', '/opt/***/data/minio/MSFT/1771326576.json', '/opt/***/data/minio/MSFT/1771326586.json', '/opt/***/data/minio/MSFT/1771326596.json', '/opt/***/data/minio/MSFT/1771326606.json', '/opt/***/data/minio/MSFT/1771326616.json', '/opt/***/data/minio/MSFT/1771326627.json', '/opt/***/data/minio/MSFT/1771326637.json', '/opt/***/data/minio/MSFT/1771326647.json', '/opt/***/data/minio/MSFT/1771326657.json', '/opt/***/data/minio/MSFT/1771326667.json', '/opt/***/data/minio/MSFT/1771326678.json', '/opt/***/data/minio/MSFT/1771326688.json', '/opt/***/data/minio/MSFT/1771326698.json', '/opt/***/data/minio/MSFT/1771326708.json', '/opt/***/data/minio/MSFT/1771326719.json', '/opt/***/data/minio/MSFT/1771326729.json', '/opt/***/data/minio/MSFT/1771326739.json', '/opt/***/data/minio/MSFT/1771326749.json', '/opt/***/data/minio/MSFT/1771326759.json', '/opt/***/data/minio/MSFT/1771326770.json', '/opt/***/data/minio/MSFT/1771326780.json', '/opt/***/data/minio/MSFT/1771326790.json', '/opt/***/data/minio/MSFT/1771326800.json', '/opt/***/data/minio/MSFT/1771326810.json', '/opt/***/data/minio/MSFT/1771326820.json', '/opt/***/data/minio/MSFT/1771326831.json', '/opt/***/data/minio/MSFT/1771326841.json', '/opt/***/data/minio/MSFT/1771326851.json', '/opt/***/data/minio/MSFT/1771326861.json', '/opt/***/data/minio/MSFT/1771326871.json', '/opt/***/data/minio/MSFT/1771326882.json', '/opt/***/data/minio/MSFT/1771326892.json', '/opt/***/data/minio/MSFT/1771326902.json', '/opt/***/data/minio/MSFT/1771326913.json', '/opt/***/data/minio/MSFT/1771326924.json', '/opt/***/data/minio/MSFT/1771326935.json', '/opt/***/data/minio/MSFT/1771326946.json', '/opt/***/data/minio/MSFT/1771326956.json', '/opt/***/data/minio/MSFT/1771326966.json', '/opt/***/data/minio/MSFT/1771326977.json', '/opt/***/data/minio/MSFT/1771326987.json', '/opt/***/data/minio/MSFT/1771326997.json', '/opt/***/data/minio/MSFT/1771327009.json', '/opt/***/data/minio/MSFT/1771327019.json', '/opt/***/data/minio/MSFT/1771327029.json', '/opt/***/data/minio/MSFT/1771327040.json', '/opt/***/data/minio/MSFT/1771327050.json', '/opt/***/data/minio/MSFT/1771327060.json', '/opt/***/data/minio/MSFT/1771327083.json', '/opt/***/data/minio/MSFT/1771327099.json', '/opt/***/data/minio/MSFT/1771327115.json', '/opt/***/data/minio/MSFT/1771327128.json', '/opt/***/data/minio/MSFT/1771327139.json', '/opt/***/data/minio/MSFT/1771327149.json', '/opt/***/data/minio/MSFT/1771327159.json', '/opt/***/data/minio/MSFT/1771327169.json', '/opt/***/data/minio/MSFT/1771327179.json', '/opt/***/data/minio/MSFT/1771327189.json', '/opt/***/data/minio/MSFT/1771327199.json', '/opt/***/data/minio/MSFT/1771327210.json', '/opt/***/data/minio/MSFT/1771327221.json', '/opt/***/data/minio/MSFT/1771327231.json', '/opt/***/data/minio/MSFT/1771327241.json', '/opt/***/data/minio/MSFT/1771327253.json', '/opt/***/data/minio/MSFT/1771327263.json', '/opt/***/data/minio/MSFT/1771327273.json', '/opt/***/data/minio/MSFT/1771327283.json', '/opt/***/data/minio/MSFT/1771327293.json', '/opt/***/data/minio/MSFT/1771327303.json', '/opt/***/data/minio/MSFT/1771327314.json', '/opt/***/data/minio/MSFT/1771327324.json', '/opt/***/data/minio/MSFT/1771327335.json', '/opt/***/data/minio/MSFT/1771327345.json', '/opt/***/data/minio/MSFT/1771327355.json', '/opt/***/data/minio/MSFT/1771327365.json', '/opt/***/data/minio/MSFT/1771327375.json', '/opt/***/data/minio/MSFT/1771327385.json', '/opt/***/data/minio/MSFT/1771327396.json', '/opt/***/data/minio/MSFT/1771327407.json', '/opt/***/data/minio/MSFT/1771327418.json', '/opt/***/data/minio/MSFT/1771327428.json', '/opt/***/data/minio/MSFT/1771327438.json', '/opt/***/data/minio/MSFT/1771327448.json', '/opt/***/data/minio/MSFT/1771327458.json', '/opt/***/data/minio/MSFT/1771327469.json', '/opt/***/data/minio/MSFT/1771327479.json', '/opt/***/data/minio/MSFT/1771327490.json', '/opt/***/data/minio/MSFT/1771327500.json', '/opt/***/data/minio/MSFT/1771327511.json', '/opt/***/data/minio/MSFT/1771327522.json', '/opt/***/data/minio/MSFT/1771327532.json', '/opt/***/data/minio/MSFT/1771327542.json', '/opt/***/data/minio/MSFT/1771327553.json', '/opt/***/data/minio/MSFT/1771327563.json', '/opt/***/data/minio/MSFT/1771327575.json', '/opt/***/data/minio/MSFT/1771327587.json', '/opt/***/data/minio/MSFT/1771327598.json', '/opt/***/data/minio/MSFT/1771327608.json', '/opt/***/data/minio/MSFT/1771327618.json', '/opt/***/data/minio/MSFT/1771327629.json', '/opt/***/data/minio/MSFT/1771327639.json', '/opt/***/data/minio/MSFT/1771327649.json', '/opt/***/data/minio/MSFT/1771327659.json', '/opt/***/data/minio/MSFT/1771327669.json', '/opt/***/data/minio/MSFT/1771327679.json', '/opt/***/data/minio/MSFT/1771327690.json', '/opt/***/data/minio/MSFT/1771327700.json', '/opt/***/data/minio/MSFT/1771327710.json', '/opt/***/data/minio/MSFT/1771327720.json', '/opt/***/data/minio/MSFT/1771327730.json', '/opt/***/data/minio/MSFT/1771327741.json', '/opt/***/data/minio/MSFT/1771327751.json', '/opt/***/data/minio/MSFT/1771327762.json', '/opt/***/data/minio/MSFT/1771327772.json', '/opt/***/data/minio/MSFT/1771327783.json', '/opt/***/data/minio/MSFT/1771327793.json', '/opt/***/data/minio/MSFT/1771327803.json', '/opt/***/data/minio/MSFT/1771327814.json', '/opt/***/data/minio/MSFT/1771327824.json', '/opt/***/data/minio/MSFT/1771327834.json', '/opt/***/data/minio/MSFT/1771327845.json', '/opt/***/data/minio/MSFT/1771327855.json', '/opt/***/data/minio/MSFT/1771327866.json', '/opt/***/data/minio/MSFT/1771327877.json', '/opt/***/data/minio/MSFT/1771327888.json', '/opt/***/data/minio/MSFT/1771327898.json', '/opt/***/data/minio/MSFT/1771327908.json', '/opt/***/data/minio/MSFT/1771327919.json', '/opt/***/data/minio/MSFT/1771327929.json', '/opt/***/data/minio/MSFT/1771327939.json', '/opt/***/data/minio/MSFT/1771327949.json', '/opt/***/data/minio/MSFT/1771327959.json', '/opt/***/data/minio/MSFT/1771327970.json', '/opt/***/data/minio/MSFT/1771327980.json', '/opt/***/data/minio/MSFT/1771327991.json', '/opt/***/data/minio/MSFT/1771328001.json', '/opt/***/data/minio/MSFT/1771328011.json', '/opt/***/data/minio/MSFT/1771328021.json', '/opt/***/data/minio/MSFT/1771328031.json', '/opt/***/data/minio/MSFT/1771328041.json', '/opt/***/data/minio/MSFT/1771328052.json', '/opt/***/data/minio/MSFT/1771328062.json', '/opt/***/data/minio/MSFT/1771328072.json', '/opt/***/data/minio/MSFT/1771328082.json', '/opt/***/data/minio/MSFT/1771328093.json', '/opt/***/data/minio/MSFT/1771328105.json', '/opt/***/data/minio/MSFT/1771328117.json', '/opt/***/data/minio/MSFT/1771328128.json', '/opt/***/data/minio/MSFT/1771328139.json', '/opt/***/data/minio/MSFT/1771328151.json', '/opt/***/data/minio/MSFT/1771328162.json', '/opt/***/data/minio/MSFT/1771328186.json', '/opt/***/data/minio/MSFT/1771328210.json', '/opt/***/data/minio/MSFT/1771328221.json', '/opt/***/data/minio/MSFT/1771328231.json', '/opt/***/data/minio/MSFT/1771328241.json', '/opt/***/data/minio/MSFT/1771328252.json', '/opt/***/data/minio/MSFT/1771328262.json', '/opt/***/data/minio/MSFT/1771328273.json', '/opt/***/data/minio/MSFT/1771328284.json', '/opt/***/data/minio/MSFT/1771328294.json', '/opt/***/data/minio/MSFT/1771328305.json', '/opt/***/data/minio/MSFT/1771328315.json', '/opt/***/data/minio/MSFT/1771328325.json', '/opt/***/data/minio/MSFT/1771328335.json', '/opt/***/data/minio/MSFT/1771328346.json', '/opt/***/data/minio/MSFT/1771328358.json', '/opt/***/data/minio/MSFT/1771328374.json', '/opt/***/data/minio/MSFT/1771328385.json', '/opt/***/data/minio/MSFT/1771328397.json', '/opt/***/data/minio/MSFT/1771328408.json', '/opt/***/data/minio/MSFT/1771328418.json', '/opt/***/data/minio/MSFT/1771328436.json', '/opt/***/data/minio/MSFT/1771328518.json', '/opt/***/data/minio/MSFT/1771328529.json', '/opt/***/data/minio/MSFT/1771328540.json', '/opt/***/data/minio/MSFT/1771328728.json', '/opt/***/data/minio/MSFT/1771328740.json', '/opt/***/data/minio/MSFT/1771328750.json', '/opt/***/data/minio/MSFT/1771328760.json', '/opt/***/data/minio/MSFT/1771328771.json', '/opt/***/data/minio/MSFT/1771328782.json', '/opt/***/data/minio/MSFT/1771328792.json', '/opt/***/data/minio/MSFT/1771328802.json', '/opt/***/data/minio/MSFT/1771328812.json', '/opt/***/data/minio/MSFT/1771328822.json', '/opt/***/data/minio/MSFT/1771328833.json', '/opt/***/data/minio/MSFT/1771328844.json', '/opt/***/data/minio/MSFT/1771328854.json', '/opt/***/data/minio/MSFT/1771328866.json', '/opt/***/data/minio/MSFT/1771328877.json', '/opt/***/data/minio/MSFT/1771328888.json', '/opt/***/data/minio/MSFT/1771328899.json', '/opt/***/data/minio/MSFT/1771328929.json', '/opt/***/data/minio/MSFT/1771328939.json', '/opt/***/data/minio/MSFT/1771328949.json', '/opt/***/data/minio/MSFT/1771328960.json', '/opt/***/data/minio/MSFT/1771328975.json', '/opt/***/data/minio/MSFT/1771328985.json', '/opt/***/data/minio/MSFT/1771328995.json', '/opt/***/data/minio/MSFT/1771329006.json', '/opt/***/data/minio/MSFT/1771329020.json', '/opt/***/data/minio/MSFT/1771329030.json', '/opt/***/data/minio/MSFT/1771329041.json', '/opt/***/data/minio/MSFT/1771329082.json', '/opt/***/data/minio/MSFT/1771329094.json', '/opt/***/data/minio/MSFT/1771329105.json', '/opt/***/data/minio/MSFT/1771329131.json', '/opt/***/data/minio/MSFT/1771329143.json', '/opt/***/data/minio/MSFT/1771329154.json', '/opt/***/data/minio/MSFT/1771329165.json', '/opt/***/data/minio/MSFT/1771329178.json', '/opt/***/data/minio/MSFT/1771329188.json', '/opt/***/data/minio/MSFT/1771329199.json', '/opt/***/data/minio/MSFT/1771329211.json', '/opt/***/data/minio/MSFT/1771329221.json', '/opt/***/data/minio/MSFT/1771329232.json', '/opt/***/data/minio/MSFT/1771329242.json', '/opt/***/data/minio/MSFT/1771329252.json', '/opt/***/data/minio/MSFT/1771329263.json', '/opt/***/data/minio/MSFT/1771329273.json', '/opt/***/data/minio/MSFT/1771329283.json', '/opt/***/data/minio/MSFT/1771329293.json', '/opt/***/data/minio/MSFT/1771329304.json', '/opt/***/data/minio/MSFT/1771329314.json', '/opt/***/data/minio/MSFT/1771329324.json', '/opt/***/data/minio/MSFT/1771329335.json', '/opt/***/data/minio/MSFT/1771329345.json', '/opt/***/data/minio/MSFT/1771329355.json', '/opt/***/data/minio/MSFT/1771329366.json', '/opt/***/data/minio/MSFT/1771329376.json', '/opt/***/data/minio/MSFT/1771329386.json', '/opt/***/data/minio/MSFT/1771329396.json', '/opt/***/data/minio/MSFT/1771329407.json', '/opt/***/data/minio/MSFT/1771329417.json', '/opt/***/data/minio/MSFT/1771329427.json', '/opt/***/data/minio/MSFT/1771329436.json', '/opt/***/data/minio/MSFT/1771329446.json', '/opt/***/data/minio/MSFT/1771329457.json', '/opt/***/data/minio/MSFT/1771329468.json', '/opt/***/data/minio/MSFT/1771329478.json', '/opt/***/data/minio/MSFT/1771329488.json', '/opt/***/data/minio/MSFT/1771329499.json', '/opt/***/data/minio/MSFT/1771329510.json', '/opt/***/data/minio/MSFT/1771329520.json', '/opt/***/data/minio/MSFT/1771329536.json', '/opt/***/data/minio/MSFT/1771329549.json', '/opt/***/data/minio/MSFT/1771329559.json', '/opt/***/data/minio/MSFT/1771329569.json', '/opt/***/data/minio/MSFT/1771329579.json', '/opt/***/data/minio/MSFT/1771329589.json', '/opt/***/data/minio/MSFT/1771329599.json', '/opt/***/data/minio/MSFT/1771329611.json', '/opt/***/data/minio/MSFT/1771329622.json', '/opt/***/data/minio/MSFT/1771329632.json', '/opt/***/data/minio/MSFT/1771329664.json', '/opt/***/data/minio/MSFT/1771329697.json', '/opt/***/data/minio/MSFT/1771329708.json', '/opt/***/data/minio/MSFT/1771329718.json', '/opt/***/data/minio/MSFT/1771329729.json', '/opt/***/data/minio/MSFT/1771329740.json', '/opt/***/data/minio/MSFT/1771329750.json', '/opt/***/data/minio/MSFT/1771329761.json', '/opt/***/data/minio/MSFT/1771329773.json', '/opt/***/data/minio/MSFT/1771329784.json', '/opt/***/data/minio/MSFT/1771329796.json', '/opt/***/data/minio/MSFT/1771329807.json', '/opt/***/data/minio/MSFT/1771329818.json', '/opt/***/data/minio/MSFT/1771329829.json', '/opt/***/data/minio/MSFT/1771329840.json', '/opt/***/data/minio/MSFT/1771329851.json', '/opt/***/data/minio/MSFT/1771329888.json', '/opt/***/data/minio/MSFT/1771329898.json', '/opt/***/data/minio/MSFT/1771329909.json', '/opt/***/data/minio/MSFT/1771329919.json', '/opt/***/data/minio/MSFT/1771329929.json', '/opt/***/data/minio/MSFT/1771329940.json', '/opt/***/data/minio/MSFT/1771329951.json', '/opt/***/data/minio/MSFT/1771329962.json', '/opt/***/data/minio/MSFT/1771329972.json', '/opt/***/data/minio/MSFT/1771329983.json', '/opt/***/data/minio/MSFT/1771329994.json', '/opt/***/data/minio/MSFT/1771330005.json', '/opt/***/data/minio/MSFT/1771330023.json', '/opt/***/data/minio/MSFT/1771330036.json', '/opt/***/data/minio/MSFT/1771330047.json', '/opt/***/data/minio/MSFT/1771330059.json', '/opt/***/data/minio/MSFT/1771330091.json', '/opt/***/data/minio/MSFT/1771330102.json', '/opt/***/data/minio/MSFT/1771330113.json', '/opt/***/data/minio/MSFT/1771330124.json', '/opt/***/data/minio/MSFT/1771330136.json', '/opt/***/data/minio/MSFT/1771330147.json', '/opt/***/data/minio/MSFT/1771330157.json', '/opt/***/data/minio/MSFT/1771330168.json', '/opt/***/data/minio/MSFT/1771330178.json', '/opt/***/data/minio/MSFT/1771330189.json', '/opt/***/data/minio/MSFT/1771330199.json', '/opt/***/data/minio/MSFT/1771330212.json', '/opt/***/data/minio/MSFT/1771330222.json', '/opt/***/data/minio/MSFT/1771330234.json', '/opt/***/data/minio/MSFT/1771330245.json', '/opt/***/data/minio/MSFT/1771330256.json', '/opt/***/data/minio/MSFT/1771330266.json', '/opt/***/data/minio/MSFT/1771330277.json', '/opt/***/data/minio/MSFT/1771330287.json', '/opt/***/data/minio/MSFT/1771330298.json', '/opt/***/data/minio/MSFT/1771330308.json', '/opt/***/data/minio/MSFT/1771330319.json', '/opt/***/data/minio/MSFT/1771330331.json', '/opt/***/data/minio/MSFT/1771330341.json', '/opt/***/data/minio/MSFT/1771330352.json', '/opt/***/data/minio/MSFT/1771330363.json', '/opt/***/data/minio/MSFT/1771330373.json', '/opt/***/data/minio/MSFT/1771330384.json', '/opt/***/data/minio/MSFT/1771330395.json', '/opt/***/data/minio/MSFT/1771330406.json', '/opt/***/data/minio/MSFT/1771330419.json', '/opt/***/data/minio/MSFT/1771330429.json', '/opt/***/data/minio/MSFT/1771330440.json', '/opt/***/data/minio/MSFT/1771330450.json', '/opt/***/data/minio/MSFT/1771330461.json', '/opt/***/data/minio/MSFT/1771330472.json', '/opt/***/data/minio/MSFT/1771330482.json', '/opt/***/data/minio/MSFT/1771330493.json', '/opt/***/data/minio/MSFT/1771330503.json', '/opt/***/data/minio/MSFT/1771330514.json', '/opt/***/data/minio/MSFT/1771330524.json', '/opt/***/data/minio/MSFT/1771330535.json', '/opt/***/data/minio/MSFT/1771330548.json', '/opt/***/data/minio/MSFT/1771330559.json', '/opt/***/data/minio/MSFT/1771330575.json', '/opt/***/data/minio/MSFT/1771330586.json', '/opt/***/data/minio/MSFT/1771330599.json', '/opt/***/data/minio/MSFT/1771330609.json', '/opt/***/data/minio/MSFT/1771330620.json', '/opt/***/data/minio/MSFT/1771330631.json', '/opt/***/data/minio/MSFT/1771330642.json', '/opt/***/data/minio/MSFT/1771330653.json', '/opt/***/data/minio/MSFT/1771330664.json', '/opt/***/data/minio/MSFT/1771330674.json', '/opt/***/data/minio/MSFT/1771330689.json', '/opt/***/data/minio/MSFT/1771330700.json', '/opt/***/data/minio/MSFT/1771330710.json', '/opt/***/data/minio/MSFT/1771330723.json', '/opt/***/data/minio/MSFT/1771330734.json', '/opt/***/data/minio/MSFT/1771330744.json', '/opt/***/data/minio/MSFT/1771330754.json', '/opt/***/data/minio/MSFT/1771330765.json', '/opt/***/data/minio/MSFT/1771330775.json', '/opt/***/data/minio/MSFT/1771330786.json', '/opt/***/data/minio/MSFT/1771330796.json', '/opt/***/data/minio/MSFT/1771330807.json', '/opt/***/data/minio/MSFT/1771330817.json', '/opt/***/data/minio/MSFT/1771330828.json', '/opt/***/data/minio/MSFT/1771330841.json', '/opt/***/data/minio/MSFT/1771330857.json', '/opt/***/data/minio/MSFT/1771330870.json', '/opt/***/data/minio/MSFT/1771330885.json', '/opt/***/data/minio/MSFT/1771330898.json', '/opt/***/data/minio/MSFT/1771330908.json', '/opt/***/data/minio/MSFT/1771330918.json', '/opt/***/data/minio/MSFT/1771330929.json', '/opt/***/data/minio/MSFT/1771330939.json', '/opt/***/data/minio/MSFT/1771330950.json', '/opt/***/data/minio/MSFT/1771330960.json', '/opt/***/data/minio/MSFT/1771330973.json', '/opt/***/data/minio/MSFT/1771330985.json', '/opt/***/data/minio/MSFT/1771330996.json', '/opt/***/data/minio/MSFT/1771331006.json', '/opt/***/data/minio/MSFT/1771331016.json', '/opt/***/data/minio/MSFT/1771331027.json', '/opt/***/data/minio/MSFT/1771331037.json', '/opt/***/data/minio/MSFT/1771331047.json', '/opt/***/data/minio/MSFT/1771331058.json', '/opt/***/data/minio/MSFT/1771331069.json', '/opt/***/data/minio/MSFT/1771331081.json', '/opt/***/data/minio/MSFT/1771331091.json', '/opt/***/data/minio/MSFT/1771331101.json', '/opt/***/data/minio/MSFT/1771331111.json', '/opt/***/data/minio/MSFT/1771331122.json', '/opt/***/data/minio/MSFT/1771331132.json', '/opt/***/data/minio/MSFT/1771331142.json', '/opt/***/data/minio/MSFT/1771331153.json', '/opt/***/data/minio/MSFT/1771331163.json', '/opt/***/data/minio/MSFT/1771331174.json', '/opt/***/data/minio/MSFT/1771331185.json', '/opt/***/data/minio/MSFT/1771331195.json', '/opt/***/data/minio/MSFT/1771331205.json', '/opt/***/data/minio/MSFT/1771331216.json', '/opt/***/data/minio/MSFT/1771331227.json', '/opt/***/data/minio/MSFT/1771331238.json', '/opt/***/data/minio/MSFT/1771331251.json', '/opt/***/data/minio/MSFT/1771331263.json', '/opt/***/data/minio/MSFT/1771331275.json', '/opt/***/data/minio/MSFT/1771331285.json', '/opt/***/data/minio/MSFT/1771331295.json', '/opt/***/data/minio/MSFT/1771331306.json', '/opt/***/data/minio/MSFT/1771331316.json', '/opt/***/data/minio/MSFT/1771331326.json', '/opt/***/data/minio/MSFT/1771331337.json', '/opt/***/data/minio/MSFT/1771331347.json', '/opt/***/data/minio/MSFT/1771331357.json', '/opt/***/data/minio/MSFT/1771331368.json', '/opt/***/data/minio/MSFT/1771331378.json', '/opt/***/data/minio/MSFT/1771331388.json', '/opt/***/data/minio/MSFT/1771331398.json', '/opt/***/data/minio/MSFT/1771331408.json', '/opt/***/data/minio/MSFT/1771331419.json', '/opt/***/data/minio/MSFT/1771331429.json', '/opt/***/data/minio/MSFT/1771331439.json', '/opt/***/data/minio/MSFT/1771331450.json', '/opt/***/data/minio/MSFT/1771331461.json', '/opt/***/data/minio/MSFT/1771331491.json', '/opt/***/data/minio/MSFT/1771331502.json', '/opt/***/data/minio/MSFT/1771331513.json', '/opt/***/data/minio/MSFT/1771331526.json', '/opt/***/data/minio/MSFT/1771331537.json', '/opt/***/data/minio/MSFT/1771331550.json', '/opt/***/data/minio/MSFT/1771331561.json', '/opt/***/data/minio/MSFT/1771331571.json', '/opt/***/data/minio/MSFT/1771331581.json', '/opt/***/data/minio/MSFT/1771331592.json', '/opt/***/data/minio/MSFT/1771331604.json', '/opt/***/data/minio/MSFT/1771331614.json', '/opt/***/data/minio/MSFT/1771331626.json', '/opt/***/data/minio/MSFT/1771331637.json', '/opt/***/data/minio/MSFT/1771331649.json', '/opt/***/data/minio/MSFT/1771331659.json', '/opt/***/data/minio/MSFT/1771331670.json', '/opt/***/data/minio/MSFT/1771331680.json', '/opt/***/data/minio/MSFT/1771331690.json', '/opt/***/data/minio/MSFT/1771331700.json', '/opt/***/data/minio/MSFT/1771331710.json', '/opt/***/data/minio/MSFT/1771331721.json', '/opt/***/data/minio/MSFT/1771331732.json', '/opt/***/data/minio/MSFT/1771331743.json', '/opt/***/data/minio/MSFT/1771331754.json', '/opt/***/data/minio/MSFT/1771331764.json', '/opt/***/data/minio/MSFT/1771331775.json', '/opt/***/data/minio/MSFT/1771331785.json', '/opt/***/data/minio/TSLA/1771324935.json', '/opt/***/data/minio/TSLA/1771324946.json', '/opt/***/data/minio/TSLA/1771324956.json', '/opt/***/data/minio/TSLA/1771324967.json', '/opt/***/data/minio/TSLA/1771324977.json', '/opt/***/data/minio/TSLA/1771324988.json', '/opt/***/data/minio/TSLA/1771324999.json', '/opt/***/data/minio/TSLA/1771325009.json', '/opt/***/data/minio/TSLA/1771325020.json', '/opt/***/data/minio/TSLA/1771325030.json', '/opt/***/data/minio/TSLA/1771325041.json', '/opt/***/data/minio/TSLA/1771325051.json', '/opt/***/data/minio/TSLA/1771325062.json', '/opt/***/data/minio/TSLA/1771325072.json', '/opt/***/data/minio/TSLA/1771325082.json', '/opt/***/data/minio/TSLA/1771325093.json', '/opt/***/data/minio/TSLA/1771325104.json', '/opt/***/data/minio/TSLA/1771325114.json', '/opt/***/data/minio/TSLA/1771325124.json', '/opt/***/data/minio/TSLA/1771325135.json', '/opt/***/data/minio/TSLA/1771325145.json', '/opt/***/data/minio/TSLA/1771325156.json', '/opt/***/data/minio/TSLA/1771325166.json', '/opt/***/data/minio/TSLA/1771325176.json', '/opt/***/data/minio/TSLA/1771325187.json', '/opt/***/data/minio/TSLA/1771325197.json', '/opt/***/data/minio/TSLA/1771325208.json', '/opt/***/data/minio/TSLA/1771325218.json', '/opt/***/data/minio/TSLA/1771325228.json', '/opt/***/data/minio/TSLA/1771325239.json', '/opt/***/data/minio/TSLA/1771325249.json', '/opt/***/data/minio/TSLA/1771325261.json', '/opt/***/data/minio/TSLA/1771325271.json', '/opt/***/data/minio/TSLA/1771325282.json', '/opt/***/data/minio/TSLA/1771325292.json', '/opt/***/data/minio/TSLA/1771325336.json', '/opt/***/data/minio/TSLA/1771325347.json', '/opt/***/data/minio/TSLA/1771325357.json', '/opt/***/data/minio/TSLA/1771325367.json', '/opt/***/data/minio/TSLA/1771325377.json', '/opt/***/data/minio/TSLA/1771325388.json', '/opt/***/data/minio/TSLA/1771325400.json', '/opt/***/data/minio/TSLA/1771325411.json', '/opt/***/data/minio/TSLA/1771325423.json', '/opt/***/data/minio/TSLA/1771325434.json', '/opt/***/data/minio/TSLA/1771325446.json', '/opt/***/data/minio/TSLA/1771325456.json', '/opt/***/data/minio/TSLA/1771325467.json', '/opt/***/data/minio/TSLA/1771325477.json', '/opt/***/data/minio/TSLA/1771325488.json', '/opt/***/data/minio/TSLA/1771325499.json', '/opt/***/data/minio/TSLA/1771325509.json', '/opt/***/data/minio/TSLA/1771325520.json', '/opt/***/data/minio/TSLA/1771325531.json', '/opt/***/data/minio/TSLA/1771325541.json', '/opt/***/data/minio/TSLA/1771325552.json', '/opt/***/data/minio/TSLA/1771325561.json', '/opt/***/data/minio/TSLA/1771325572.json', '/opt/***/data/minio/TSLA/1771325582.json', '/opt/***/data/minio/TSLA/1771325592.json', '/opt/***/data/minio/TSLA/1771325604.json', '/opt/***/data/minio/TSLA/1771325615.json', '/opt/***/data/minio/TSLA/1771325625.json', '/opt/***/data/minio/TSLA/1771325637.json', '/opt/***/data/minio/TSLA/1771325647.json', '/opt/***/data/minio/TSLA/1771325658.json', '/opt/***/data/minio/TSLA/1771325668.json', '/opt/***/data/minio/TSLA/1771325678.json', '/opt/***/data/minio/TSLA/1771325690.json', '/opt/***/data/minio/TSLA/1771325700.json', '/opt/***/data/minio/TSLA/1771325710.json', '/opt/***/data/minio/TSLA/1771325721.json', '/opt/***/data/minio/TSLA/1771325731.json', '/opt/***/data/minio/TSLA/1771325742.json', '/opt/***/data/minio/TSLA/1771325752.json', '/opt/***/data/minio/TSLA/1771325767.json', '/opt/***/data/minio/TSLA/1771325779.json', '/opt/***/data/minio/TSLA/1771325791.json', '/opt/***/data/minio/TSLA/1771325802.json', '/opt/***/data/minio/TSLA/1771325812.json', '/opt/***/data/minio/TSLA/1771325823.json', '/opt/***/data/minio/TSLA/1771325833.json', '/opt/***/data/minio/TSLA/1771325843.json', '/opt/***/data/minio/TSLA/1771325856.json', '/opt/***/data/minio/TSLA/1771325866.json', '/opt/***/data/minio/TSLA/1771325877.json', '/opt/***/data/minio/TSLA/1771325890.json', '/opt/***/data/minio/TSLA/1771325900.json', '/opt/***/data/minio/TSLA/1771325913.json', '/opt/***/data/minio/TSLA/1771325925.json', '/opt/***/data/minio/TSLA/1771325936.json', '/opt/***/data/minio/TSLA/1771325947.json', '/opt/***/data/minio/TSLA/1771325960.json', '/opt/***/data/minio/TSLA/1771325972.json', '/opt/***/data/minio/TSLA/1771325984.json', '/opt/***/data/minio/TSLA/1771325994.json', '/opt/***/data/minio/TSLA/1771326004.json', '/opt/***/data/minio/TSLA/1771326015.json', '/opt/***/data/minio/TSLA/1771326026.json', '/opt/***/data/minio/TSLA/1771326036.json', '/opt/***/data/minio/TSLA/1771326046.json', '/opt/***/data/minio/TSLA/1771326056.json', '/opt/***/data/minio/TSLA/1771326066.json', '/opt/***/data/minio/TSLA/1771326077.json', '/opt/***/data/minio/TSLA/1771326086.json', '/opt/***/data/minio/TSLA/1771326100.json', '/opt/***/data/minio/TSLA/1771326112.json', '/opt/***/data/minio/TSLA/1771326126.json', '/opt/***/data/minio/TSLA/1771326138.json', '/opt/***/data/minio/TSLA/1771326148.json', '/opt/***/data/minio/TSLA/1771326160.json', '/opt/***/data/minio/TSLA/1771326171.json', '/opt/***/data/minio/TSLA/1771326182.json', '/opt/***/data/minio/TSLA/1771326193.json', '/opt/***/data/minio/TSLA/1771326204.json', '/opt/***/data/minio/TSLA/1771326214.json', '/opt/***/data/minio/TSLA/1771326224.json', '/opt/***/data/minio/TSLA/1771326234.json', '/opt/***/data/minio/TSLA/1771326244.json', '/opt/***/data/minio/TSLA/1771326254.json', '/opt/***/data/minio/TSLA/1771326264.json', '/opt/***/data/minio/TSLA/1771326275.json', '/opt/***/data/minio/TSLA/1771326285.json', '/opt/***/data/minio/TSLA/1771326299.json', '/opt/***/data/minio/TSLA/1771326313.json', '/opt/***/data/minio/TSLA/1771326323.json', '/opt/***/data/minio/TSLA/1771326334.json', '/opt/***/data/minio/TSLA/1771326350.json', '/opt/***/data/minio/TSLA/1771326361.json', '/opt/***/data/minio/TSLA/1771326373.json', '/opt/***/data/minio/TSLA/1771326384.json', '/opt/***/data/minio/TSLA/1771326394.json', '/opt/***/data/minio/TSLA/1771326404.json', '/opt/***/data/minio/TSLA/1771326414.json', '/opt/***/data/minio/TSLA/1771326424.json', '/opt/***/data/minio/TSLA/1771326435.json', '/opt/***/data/minio/TSLA/1771326445.json', '/opt/***/data/minio/TSLA/1771326455.json', '/opt/***/data/minio/TSLA/1771326466.json', '/opt/***/data/minio/TSLA/1771326476.json', '/opt/***/data/minio/TSLA/1771326485.json', '/opt/***/data/minio/TSLA/1771326496.json', '/opt/***/data/minio/TSLA/1771326507.json', '/opt/***/data/minio/TSLA/1771326517.json', '/opt/***/data/minio/TSLA/1771326527.json', '/opt/***/data/minio/TSLA/1771326537.json', '/opt/***/data/minio/TSLA/1771326547.json', '/opt/***/data/minio/TSLA/1771326558.json', '/opt/***/data/minio/TSLA/1771326568.json', '/opt/***/data/minio/TSLA/1771326578.json', '/opt/***/data/minio/TSLA/1771326587.json', '/opt/***/data/minio/TSLA/1771326598.json', '/opt/***/data/minio/TSLA/1771326608.json', '/opt/***/data/minio/TSLA/1771326618.json', '/opt/***/data/minio/TSLA/1771326628.json', '/opt/***/data/minio/TSLA/1771326638.json', '/opt/***/data/minio/TSLA/1771326648.json', '/opt/***/data/minio/TSLA/1771326659.json', '/opt/***/data/minio/TSLA/1771326669.json', '/opt/***/data/minio/TSLA/1771326679.json', '/opt/***/data/minio/TSLA/1771326689.json', '/opt/***/data/minio/TSLA/1771326700.json', '/opt/***/data/minio/TSLA/1771326710.json', '/opt/***/data/minio/TSLA/1771326720.json', '/opt/***/data/minio/TSLA/1771326730.json', '/opt/***/data/minio/TSLA/1771326740.json', '/opt/***/data/minio/TSLA/1771326751.json', '/opt/***/data/minio/TSLA/1771326761.json', '/opt/***/data/minio/TSLA/1771326771.json', '/opt/***/data/minio/TSLA/1771326782.json', '/opt/***/data/minio/TSLA/1771326792.json', '/opt/***/data/minio/TSLA/1771326802.json', '/opt/***/data/minio/TSLA/1771326812.json', '/opt/***/data/minio/TSLA/1771326822.json', '/opt/***/data/minio/TSLA/1771326833.json', '/opt/***/data/minio/TSLA/1771326843.json', '/opt/***/data/minio/TSLA/1771326853.json', '/opt/***/data/minio/TSLA/1771326863.json', '/opt/***/data/minio/TSLA/1771326873.json', '/opt/***/data/minio/TSLA/1771326884.json', '/opt/***/data/minio/TSLA/1771326894.json', '/opt/***/data/minio/TSLA/1771326904.json', '/opt/***/data/minio/TSLA/1771326914.json', '/opt/***/data/minio/TSLA/1771326926.json', '/opt/***/data/minio/TSLA/1771326937.json', '/opt/***/data/minio/TSLA/1771326948.json', '/opt/***/data/minio/TSLA/1771326958.json', '/opt/***/data/minio/TSLA/1771326968.json', '/opt/***/data/minio/TSLA/1771326979.json', '/opt/***/data/minio/TSLA/1771326989.json', '/opt/***/data/minio/TSLA/1771327000.json', '/opt/***/data/minio/TSLA/1771327010.json', '/opt/***/data/minio/TSLA/1771327021.json', '/opt/***/data/minio/TSLA/1771327031.json', '/opt/***/data/minio/TSLA/1771327042.json', '/opt/***/data/minio/TSLA/1771327052.json', '/opt/***/data/minio/TSLA/1771327066.json', '/opt/***/data/minio/TSLA/1771327088.json', '/opt/***/data/minio/TSLA/1771327103.json', '/opt/***/data/minio/TSLA/1771327117.json', '/opt/***/data/minio/TSLA/1771327130.json', '/opt/***/data/minio/TSLA/1771327140.json', '/opt/***/data/minio/TSLA/1771327151.json', '/opt/***/data/minio/TSLA/1771327161.json', '/opt/***/data/minio/TSLA/1771327171.json', '/opt/***/data/minio/TSLA/1771327181.json', '/opt/***/data/minio/TSLA/1771327191.json', '/opt/***/data/minio/TSLA/1771327201.json', '/opt/***/data/minio/TSLA/1771327212.json', '/opt/***/data/minio/TSLA/1771327223.json', '/opt/***/data/minio/TSLA/1771327233.json', '/opt/***/data/minio/TSLA/1771327244.json', '/opt/***/data/minio/TSLA/1771327255.json', '/opt/***/data/minio/TSLA/1771327265.json', '/opt/***/data/minio/TSLA/1771327275.json', '/opt/***/data/minio/TSLA/1771327285.json', '/opt/***/data/minio/TSLA/1771327295.json', '/opt/***/data/minio/TSLA/1771327305.json', '/opt/***/data/minio/TSLA/1771327316.json', '/opt/***/data/minio/TSLA/1771327326.json', '/opt/***/data/minio/TSLA/1771327337.json', '/opt/***/data/minio/TSLA/1771327347.json', '/opt/***/data/minio/TSLA/1771327357.json', '/opt/***/data/minio/TSLA/1771327366.json', '/opt/***/data/minio/TSLA/1771327377.json', '/opt/***/data/minio/TSLA/1771327387.json', '/opt/***/data/minio/TSLA/1771327398.json', '/opt/***/data/minio/TSLA/1771327408.json', '/opt/***/data/minio/TSLA/1771327419.json', '/opt/***/data/minio/TSLA/1771327429.json', '/opt/***/data/minio/TSLA/1771327440.json', '/opt/***/data/minio/TSLA/1771327450.json', '/opt/***/data/minio/TSLA/1771327460.json', '/opt/***/data/minio/TSLA/1771327471.json', '/opt/***/data/minio/TSLA/1771327481.json', '/opt/***/data/minio/TSLA/1771327492.json', '/opt/***/data/minio/TSLA/1771327502.json', '/opt/***/data/minio/TSLA/1771327513.json', '/opt/***/data/minio/TSLA/1771327523.json', '/opt/***/data/minio/TSLA/1771327534.json', '/opt/***/data/minio/TSLA/1771327544.json', '/opt/***/data/minio/TSLA/1771327554.json', '/opt/***/data/minio/TSLA/1771327565.json', '/opt/***/data/minio/TSLA/1771327577.json', '/opt/***/data/minio/TSLA/1771327589.json', '/opt/***/data/minio/TSLA/1771327599.json', '/opt/***/data/minio/TSLA/1771327610.json', '/opt/***/data/minio/TSLA/1771327620.json', '/opt/***/data/minio/TSLA/1771327630.json', '/opt/***/data/minio/TSLA/1771327640.json', '/opt/***/data/minio/TSLA/1771327650.json', '/opt/***/data/minio/TSLA/1771327660.json', '/opt/***/data/minio/TSLA/1771327670.json', '/opt/***/data/minio/TSLA/1771327681.json', '/opt/***/data/minio/TSLA/1771327692.json', '/opt/***/data/minio/TSLA/1771327702.json', '/opt/***/data/minio/TSLA/1771327712.json', '/opt/***/data/minio/TSLA/1771327722.json', '/opt/***/data/minio/TSLA/1771327732.json', '/opt/***/data/minio/TSLA/1771327742.json', '/opt/***/data/minio/TSLA/1771327753.json', '/opt/***/data/minio/TSLA/1771327763.json', '/opt/***/data/minio/TSLA/1771327773.json', '/opt/***/data/minio/TSLA/1771327785.json', '/opt/***/data/minio/TSLA/1771327795.json', '/opt/***/data/minio/TSLA/1771327805.json', '/opt/***/data/minio/TSLA/1771327815.json', '/opt/***/data/minio/TSLA/1771327825.json', '/opt/***/data/minio/TSLA/1771327836.json', '/opt/***/data/minio/TSLA/1771327846.json', '/opt/***/data/minio/TSLA/1771327857.json', '/opt/***/data/minio/TSLA/1771327868.json', '/opt/***/data/minio/TSLA/1771327878.json', '/opt/***/data/minio/TSLA/1771327890.json', '/opt/***/data/minio/TSLA/1771327900.json', '/opt/***/data/minio/TSLA/1771327910.json', '/opt/***/data/minio/TSLA/1771327920.json', '/opt/***/data/minio/TSLA/1771327930.json', '/opt/***/data/minio/TSLA/1771327941.json', '/opt/***/data/minio/TSLA/1771327951.json', '/opt/***/data/minio/TSLA/1771327961.json', '/opt/***/data/minio/TSLA/1771327972.json', '/opt/***/data/minio/TSLA/1771327982.json', '/opt/***/data/minio/TSLA/1771327992.json', '/opt/***/data/minio/TSLA/1771328003.json', '/opt/***/data/minio/TSLA/1771328012.json', '/opt/***/data/minio/TSLA/1771328022.json', '/opt/***/data/minio/TSLA/1771328033.json', '/opt/***/data/minio/TSLA/1771328043.json', '/opt/***/data/minio/TSLA/1771328053.json', '/opt/***/data/minio/TSLA/1771328063.json', '/opt/***/data/minio/TSLA/1771328074.json', '/opt/***/data/minio/TSLA/1771328084.json', '/opt/***/data/minio/TSLA/1771328095.json', '/opt/***/data/minio/TSLA/1771328108.json', '/opt/***/data/minio/TSLA/1771328119.json', '/opt/***/data/minio/TSLA/1771328130.json', '/opt/***/data/minio/TSLA/1771328142.json', '/opt/***/data/minio/TSLA/1771328152.json', '/opt/***/data/minio/TSLA/1771328164.json', '/opt/***/data/minio/TSLA/1771328192.json', '/opt/***/data/minio/TSLA/1771328212.json', '/opt/***/data/minio/TSLA/1771328222.json', '/opt/***/data/minio/TSLA/1771328233.json', '/opt/***/data/minio/TSLA/1771328243.json', '/opt/***/data/minio/TSLA/1771328253.json', '/opt/***/data/minio/TSLA/1771328264.json', '/opt/***/data/minio/TSLA/1771328275.json', '/opt/***/data/minio/TSLA/1771328286.json', '/opt/***/data/minio/TSLA/1771328296.json', '/opt/***/data/minio/TSLA/1771328306.json', '/opt/***/data/minio/TSLA/1771328317.json', '/opt/***/data/minio/TSLA/1771328327.json', '/opt/***/data/minio/TSLA/1771328337.json', '/opt/***/data/minio/TSLA/1771328347.json', '/opt/***/data/minio/TSLA/1771328360.json', '/opt/***/data/minio/TSLA/1771328376.json', '/opt/***/data/minio/TSLA/1771328388.json', '/opt/***/data/minio/TSLA/1771328398.json', '/opt/***/data/minio/TSLA/1771328409.json', '/opt/***/data/minio/TSLA/1771328420.json', '/opt/***/data/minio/TSLA/1771328463.json', '/opt/***/data/minio/TSLA/1771328520.json', '/opt/***/data/minio/TSLA/1771328531.json', '/opt/***/data/minio/TSLA/1771328603.json', '/opt/***/data/minio/TSLA/1771328730.json', '/opt/***/data/minio/TSLA/1771328741.json', '/opt/***/data/minio/TSLA/1771328751.json', '/opt/***/data/minio/TSLA/1771328763.json', '/opt/***/data/minio/TSLA/1771328773.json', '/opt/***/data/minio/TSLA/1771328783.json', '/opt/***/data/minio/TSLA/1771328794.json', '/opt/***/data/minio/TSLA/1771328804.json', '/opt/***/data/minio/TSLA/1771328814.json', '/opt/***/data/minio/TSLA/1771328824.json', '/opt/***/data/minio/TSLA/1771328835.json', '/opt/***/data/minio/TSLA/1771328845.json', '/opt/***/data/minio/TSLA/1771328857.json', '/opt/***/data/minio/TSLA/1771328868.json', '/opt/***/data/minio/TSLA/1771328879.json', '/opt/***/data/minio/TSLA/1771328890.json', '/opt/***/data/minio/TSLA/1771328900.json', '/opt/***/data/minio/TSLA/1771328930.json', '/opt/***/data/minio/TSLA/1771328941.json', '/opt/***/data/minio/TSLA/1771328951.json', '/opt/***/data/minio/TSLA/1771328962.json', '/opt/***/data/minio/TSLA/1771328977.json', '/opt/***/data/minio/TSLA/1771328987.json', '/opt/***/data/minio/TSLA/1771328997.json', '/opt/***/data/minio/TSLA/1771329008.json', '/opt/***/data/minio/TSLA/1771329021.json', '/opt/***/data/minio/TSLA/1771329032.json', '/opt/***/data/minio/TSLA/1771329043.json', '/opt/***/data/minio/TSLA/1771329085.json', '/opt/***/data/minio/TSLA/1771329096.json', '/opt/***/data/minio/TSLA/1771329107.json', '/opt/***/data/minio/TSLA/1771329134.json', '/opt/***/data/minio/TSLA/1771329145.json', '/opt/***/data/minio/TSLA/1771329156.json', '/opt/***/data/minio/TSLA/1771329169.json', '/opt/***/data/minio/TSLA/1771329179.json', '/opt/***/data/minio/TSLA/1771329190.json', '/opt/***/data/minio/TSLA/1771329202.json', '/opt/***/data/minio/TSLA/1771329213.json', '/opt/***/data/minio/TSLA/1771329223.json', '/opt/***/data/minio/TSLA/1771329233.json', '/opt/***/data/minio/TSLA/1771329244.json', '/opt/***/data/minio/TSLA/1771329254.json', '/opt/***/data/minio/TSLA/1771329265.json', '/opt/***/data/minio/TSLA/1771329275.json', '/opt/***/data/minio/TSLA/1771329285.json', '/opt/***/data/minio/TSLA/1771329295.json', '/opt/***/data/minio/TSLA/1771329305.json', '/opt/***/data/minio/TSLA/1771329316.json', '/opt/***/data/minio/TSLA/1771329326.json', '/opt/***/data/minio/TSLA/1771329336.json', '/opt/***/data/minio/TSLA/1771329347.json', '/opt/***/data/minio/TSLA/1771329357.json', '/opt/***/data/minio/TSLA/1771329367.json', '/opt/***/data/minio/TSLA/1771329378.json', '/opt/***/data/minio/TSLA/1771329388.json', '/opt/***/data/minio/TSLA/1771329398.json', '/opt/***/data/minio/TSLA/1771329409.json', '/opt/***/data/minio/TSLA/1771329418.json', '/opt/***/data/minio/TSLA/1771329428.json', '/opt/***/data/minio/TSLA/1771329438.json', '/opt/***/data/minio/TSLA/1771329448.json', '/opt/***/data/minio/TSLA/1771329459.json', '/opt/***/data/minio/TSLA/1771329469.json', '/opt/***/data/minio/TSLA/1771329479.json', '/opt/***/data/minio/TSLA/1771329489.json', '/opt/***/data/minio/TSLA/1771329501.json', '/opt/***/data/minio/TSLA/1771329511.json', '/opt/***/data/minio/TSLA/1771329522.json', '/opt/***/data/minio/TSLA/1771329539.json', '/opt/***/data/minio/TSLA/1771329550.json', '/opt/***/data/minio/TSLA/1771329561.json', '/opt/***/data/minio/TSLA/1771329570.json', '/opt/***/data/minio/TSLA/1771329580.json', '/opt/***/data/minio/TSLA/1771329590.json', '/opt/***/data/minio/TSLA/1771329601.json', '/opt/***/data/minio/TSLA/1771329613.json', '/opt/***/data/minio/TSLA/1771329623.json', '/opt/***/data/minio/TSLA/1771329635.json', '/opt/***/data/minio/TSLA/1771329677.json', '/opt/***/data/minio/TSLA/1771329699.json', '/opt/***/data/minio/TSLA/1771329710.json', '/opt/***/data/minio/TSLA/1771329720.json', '/opt/***/data/minio/TSLA/1771329731.json', '/opt/***/data/minio/TSLA/1771329741.json', '/opt/***/data/minio/TSLA/1771329752.json', '/opt/***/data/minio/TSLA/1771329763.json', '/opt/***/data/minio/TSLA/1771329775.json', '/opt/***/data/minio/TSLA/1771329786.json', '/opt/***/data/minio/TSLA/1771329798.json', '/opt/***/data/minio/TSLA/1771329809.json', '/opt/***/data/minio/TSLA/1771329820.json', '/opt/***/data/minio/TSLA/1771329831.json', '/opt/***/data/minio/TSLA/1771329842.json', '/opt/***/data/minio/TSLA/1771329879.json', '/opt/***/data/minio/TSLA/1771329890.json', '/opt/***/data/minio/TSLA/1771329900.json', '/opt/***/data/minio/TSLA/1771329910.json', '/opt/***/data/minio/TSLA/1771329921.json', '/opt/***/data/minio/TSLA/1771329931.json', '/opt/***/data/minio/TSLA/1771329942.json', '/opt/***/data/minio/TSLA/1771329953.json', '/opt/***/data/minio/TSLA/1771329963.json', '/opt/***/data/minio/TSLA/1771329974.json', '/opt/***/data/minio/TSLA/1771329985.json', '/opt/***/data/minio/TSLA/1771329996.json', '/opt/***/data/minio/TSLA/1771330007.json', '/opt/***/data/minio/TSLA/1771330026.json', '/opt/***/data/minio/TSLA/1771330038.json', '/opt/***/data/minio/TSLA/1771330049.json', '/opt/***/data/minio/TSLA/1771330081.json', '/opt/***/data/minio/TSLA/1771330093.json', '/opt/***/data/minio/TSLA/1771330104.json', '/opt/***/data/minio/TSLA/1771330115.json', '/opt/***/data/minio/TSLA/1771330127.json', '/opt/***/data/minio/TSLA/1771330137.json', '/opt/***/data/minio/TSLA/1771330148.json', '/opt/***/data/minio/TSLA/1771330159.json', '/opt/***/data/minio/TSLA/1771330170.json', '/opt/***/data/minio/TSLA/1771330180.json', '/opt/***/data/minio/TSLA/1771330190.json', '/opt/***/data/minio/TSLA/1771330202.json', '/opt/***/data/minio/TSLA/1771330213.json', '/opt/***/data/minio/TSLA/1771330224.json', '/opt/***/data/minio/TSLA/1771330236.json', '/opt/***/data/minio/TSLA/1771330247.json', '/opt/***/data/minio/TSLA/1771330257.json', '/opt/***/data/minio/TSLA/1771330268.json', '/opt/***/data/minio/TSLA/1771330278.json', '/opt/***/data/minio/TSLA/1771330289.json', '/opt/***/data/minio/TSLA/1771330299.json', '/opt/***/data/minio/TSLA/1771330310.json', '/opt/***/data/minio/TSLA/1771330322.json', '/opt/***/data/minio/TSLA/1771330333.json', '/opt/***/data/minio/TSLA/1771330343.json', '/opt/***/data/minio/TSLA/1771330354.json', '/opt/***/data/minio/TSLA/1771330365.json', '/opt/***/data/minio/TSLA/1771330375.json', '/opt/***/data/minio/TSLA/1771330386.json', '/opt/***/data/minio/TSLA/1771330397.json', '/opt/***/data/minio/TSLA/1771330408.json', '/opt/***/data/minio/TSLA/1771330421.json', '/opt/***/data/minio/TSLA/1771330431.json', '/opt/***/data/minio/TSLA/1771330442.json', '/opt/***/data/minio/TSLA/1771330452.json', '/opt/***/data/minio/TSLA/1771330463.json', '/opt/***/data/minio/TSLA/1771330474.json', '/opt/***/data/minio/TSLA/1771330484.json', '/opt/***/data/minio/TSLA/1771330494.json', '/opt/***/data/minio/TSLA/1771330505.json', '/opt/***/data/minio/TSLA/1771330516.json', '/opt/***/data/minio/TSLA/1771330526.json', '/opt/***/data/minio/TSLA/1771330539.json', '/opt/***/data/minio/TSLA/1771330549.json', '/opt/***/data/minio/TSLA/1771330565.json', '/opt/***/data/minio/TSLA/1771330577.json', '/opt/***/data/minio/TSLA/1771330589.json', '/opt/***/data/minio/TSLA/1771330601.json', '/opt/***/data/minio/TSLA/1771330611.json', '/opt/***/data/minio/TSLA/1771330622.json', '/opt/***/data/minio/TSLA/1771330633.json', '/opt/***/data/minio/TSLA/1771330644.json', '/opt/***/data/minio/TSLA/1771330655.json', '/opt/***/data/minio/TSLA/1771330666.json', '/opt/***/data/minio/TSLA/1771330680.json', '/opt/***/data/minio/TSLA/1771330690.json', '/opt/***/data/minio/TSLA/1771330701.json', '/opt/***/data/minio/TSLA/1771330712.json', '/opt/***/data/minio/TSLA/1771330725.json', '/opt/***/data/minio/TSLA/1771330736.json', '/opt/***/data/minio/TSLA/1771330746.json', '/opt/***/data/minio/TSLA/1771330756.json', '/opt/***/data/minio/TSLA/1771330766.json', '/opt/***/data/minio/TSLA/1771330777.json', '/opt/***/data/minio/TSLA/1771330787.json', '/opt/***/data/minio/TSLA/1771330798.json', '/opt/***/data/minio/TSLA/1771330808.json', '/opt/***/data/minio/TSLA/1771330819.json', '/opt/***/data/minio/TSLA/1771330830.json', '/opt/***/data/minio/TSLA/1771330844.json', '/opt/***/data/minio/TSLA/1771330859.json', '/opt/***/data/minio/TSLA/1771330873.json', '/opt/***/data/minio/TSLA/1771330887.json', '/opt/***/data/minio/TSLA/1771330900.json', '/opt/***/data/minio/TSLA/1771330910.json', '/opt/***/data/minio/TSLA/1771330920.json', '/opt/***/data/minio/TSLA/1771330930.json', '/opt/***/data/minio/TSLA/1771330940.json', '/opt/***/data/minio/TSLA/1771330952.json', '/opt/***/data/minio/TSLA/1771330962.json', '/opt/***/data/minio/TSLA/1771330977.json', '/opt/***/data/minio/TSLA/1771330987.json', '/opt/***/data/minio/TSLA/1771330998.json', '/opt/***/data/minio/TSLA/1771331008.json', '/opt/***/data/minio/TSLA/1771331018.json', '/opt/***/data/minio/TSLA/1771331028.json', '/opt/***/data/minio/TSLA/1771331038.json', '/opt/***/data/minio/TSLA/1771331049.json', '/opt/***/data/minio/TSLA/1771331060.json', '/opt/***/data/minio/TSLA/1771331071.json', '/opt/***/data/minio/TSLA/1771331082.json', '/opt/***/data/minio/TSLA/1771331093.json', '/opt/***/data/minio/TSLA/1771331103.json', '/opt/***/data/minio/TSLA/1771331113.json', '/opt/***/data/minio/TSLA/1771331123.json', '/opt/***/data/minio/TSLA/1771331134.json', '/opt/***/data/minio/TSLA/1771331144.json', '/opt/***/data/minio/TSLA/1771331154.json', '/opt/***/data/minio/TSLA/1771331165.json', '/opt/***/data/minio/TSLA/1771331176.json', '/opt/***/data/minio/TSLA/1771331186.json', '/opt/***/data/minio/TSLA/1771331197.json', '/opt/***/data/minio/TSLA/1771331207.json', '/opt/***/data/minio/TSLA/1771331218.json', '/opt/***/data/minio/TSLA/1771331229.json', '/opt/***/data/minio/TSLA/1771331242.json', '/opt/***/data/minio/TSLA/1771331253.json', '/opt/***/data/minio/TSLA/1771331265.json', '/opt/***/data/minio/TSLA/1771331276.json', '/opt/***/data/minio/TSLA/1771331287.json', '/opt/***/data/minio/TSLA/1771331297.json', '/opt/***/data/minio/TSLA/1771331308.json', '/opt/***/data/minio/TSLA/1771331318.json', '/opt/***/data/minio/TSLA/1771331328.json', '/opt/***/data/minio/TSLA/1771331338.json', '/opt/***/data/minio/TSLA/1771331348.json', '/opt/***/data/minio/TSLA/1771331359.json', '/opt/***/data/minio/TSLA/1771331369.json', '/opt/***/data/minio/TSLA/1771331380.json', '/opt/***/data/minio/TSLA/1771331389.json', '/opt/***/data/minio/TSLA/1771331400.json', '/opt/***/data/minio/TSLA/1771331410.json', '/opt/***/data/minio/TSLA/1771331421.json', '/opt/***/data/minio/TSLA/1771331431.json', '/opt/***/data/minio/TSLA/1771331441.json', '/opt/***/data/minio/TSLA/1771331452.json', '/opt/***/data/minio/TSLA/1771331494.json', '/opt/***/data/minio/TSLA/1771331504.json', '/opt/***/data/minio/TSLA/1771331515.json', '/opt/***/data/minio/TSLA/1771331528.json', '/opt/***/data/minio/TSLA/1771331540.json', '/opt/***/data/minio/TSLA/1771331552.json', '/opt/***/data/minio/TSLA/1771331563.json', '/opt/***/data/minio/TSLA/1771331573.json', '/opt/***/data/minio/TSLA/1771331583.json', '/opt/***/data/minio/TSLA/1771331593.json', '/opt/***/data/minio/TSLA/1771331606.json', '/opt/***/data/minio/TSLA/1771331617.json', '/opt/***/data/minio/TSLA/1771331628.json', '/opt/***/data/minio/TSLA/1771331640.json', '/opt/***/data/minio/TSLA/1771331651.json', '/opt/***/data/minio/TSLA/1771331661.json', '/opt/***/data/minio/TSLA/1771331671.json', '/opt/***/data/minio/TSLA/1771331682.json', '/opt/***/data/minio/TSLA/1771331691.json', '/opt/***/data/minio/TSLA/1771331702.json', '/opt/***/data/minio/TSLA/1771331712.json', '/opt/***/data/minio/TSLA/1771331723.json', '/opt/***/data/minio/TSLA/1771331734.json', '/opt/***/data/minio/TSLA/1771331745.json', '/opt/***/data/minio/TSLA/1771331756.json', '/opt/***/data/minio/TSLA/1771331766.json', '/opt/***/data/minio/TSLA/1771331777.json']
[2026-02-17T12:38:26.623+0000] {taskinstance.py:441} INFO - ::group::Post task execution logs
[2026-02-17T12:38:27.654+0000] {taskinstance.py:1206} INFO - Marking task as SUCCESS. dag_id=minio_to_snowflake, task_id=download_minio, run_id=scheduled__2026-02-17T12:30:00+00:00, execution_date=20260217T123000, start_date=20260217T123514, end_date=20260217T123827
[2026-02-17T12:38:28.146+0000] {local_task_job_runner.py:243} INFO - Task exited with return code 0
[2026-02-17T12:38:28.675+0000] {taskinstance.py:3503} INFO - 1 downstream tasks scheduled from follow-on schedule check
[2026-02-17T12:38:28.737+0000] {local_task_job_runner.py:222} INFO - ::endgroup::
