[2026-02-04T06:29:01.524+0000] {processor.py:161} INFO - Started process (PID=163) to work on /opt/airflow/dags/minio_to_snowflake.py
[2026-02-04T06:29:01.526+0000] {processor.py:830} INFO - Processing file /opt/airflow/dags/minio_to_snowflake.py for tasks to queue
[2026-02-04T06:29:01.533+0000] {logging_mixin.py:188} INFO - [2026-02-04T06:29:01.532+0000] {dagbag.py:545} INFO - Filling up the DagBag from /opt/airflow/dags/minio_to_snowflake.py
[2026-02-04T06:29:24.760+0000] {processor.py:840} INFO - DAG(s) 'minio_to_snowflake' retrieved from /opt/airflow/dags/minio_to_snowflake.py
[2026-02-04T06:29:25.030+0000] {logging_mixin.py:188} INFO - [2026-02-04T06:29:25.016+0000] {dag.py:3089} INFO - Sync 1 DAGs
[2026-02-04T06:29:25.250+0000] {logging_mixin.py:188} INFO - [2026-02-04T06:29:25.247+0000] {dag.py:3947} INFO - Setting next_dagrun for minio_to_snowflake to 2026-02-04 06:29:00+00:00, run_after=2026-02-04 06:30:00+00:00
[2026-02-04T06:29:25.422+0000] {processor.py:183} INFO - Processing /opt/airflow/dags/minio_to_snowflake.py took 23.939 seconds
[2026-02-04T06:29:55.776+0000] {processor.py:161} INFO - Started process (PID=195) to work on /opt/airflow/dags/minio_to_snowflake.py
[2026-02-04T06:29:55.779+0000] {processor.py:830} INFO - Processing file /opt/airflow/dags/minio_to_snowflake.py for tasks to queue
[2026-02-04T06:29:55.798+0000] {logging_mixin.py:188} INFO - [2026-02-04T06:29:55.785+0000] {dagbag.py:545} INFO - Filling up the DagBag from /opt/airflow/dags/minio_to_snowflake.py
[2026-02-04T06:29:58.414+0000] {processor.py:840} INFO - DAG(s) 'minio_to_snowflake' retrieved from /opt/airflow/dags/minio_to_snowflake.py
[2026-02-04T06:29:59.063+0000] {logging_mixin.py:188} INFO - [2026-02-04T06:29:59.062+0000] {dag.py:3089} INFO - Sync 1 DAGs
[2026-02-04T06:29:59.124+0000] {logging_mixin.py:188} INFO - [2026-02-04T06:29:59.124+0000] {dag.py:3947} INFO - Setting next_dagrun for minio_to_snowflake to 2026-02-04 06:29:00+00:00, run_after=2026-02-04 06:30:00+00:00
[2026-02-04T06:29:59.171+0000] {processor.py:183} INFO - Processing /opt/airflow/dags/minio_to_snowflake.py took 3.413 seconds
[2026-02-04T06:30:29.722+0000] {processor.py:161} INFO - Started process (PID=206) to work on /opt/airflow/dags/minio_to_snowflake.py
[2026-02-04T06:30:29.725+0000] {processor.py:830} INFO - Processing file /opt/airflow/dags/minio_to_snowflake.py for tasks to queue
[2026-02-04T06:30:29.731+0000] {logging_mixin.py:188} INFO - [2026-02-04T06:30:29.731+0000] {dagbag.py:545} INFO - Filling up the DagBag from /opt/airflow/dags/minio_to_snowflake.py
[2026-02-04T06:30:31.452+0000] {processor.py:840} INFO - DAG(s) 'minio_to_snowflake' retrieved from /opt/airflow/dags/minio_to_snowflake.py
[2026-02-04T06:30:31.500+0000] {logging_mixin.py:188} INFO - [2026-02-04T06:30:31.499+0000] {dag.py:3089} INFO - Sync 1 DAGs
[2026-02-04T06:30:31.578+0000] {logging_mixin.py:188} INFO - [2026-02-04T06:30:31.577+0000] {dag.py:3947} INFO - Setting next_dagrun for minio_to_snowflake to 2026-02-04 06:30:00+00:00, run_after=2026-02-04 06:31:00+00:00
[2026-02-04T06:30:31.649+0000] {processor.py:183} INFO - Processing /opt/airflow/dags/minio_to_snowflake.py took 1.945 seconds
[2026-02-04T06:31:02.164+0000] {processor.py:161} INFO - Started process (PID=213) to work on /opt/airflow/dags/minio_to_snowflake.py
[2026-02-04T06:31:02.166+0000] {processor.py:830} INFO - Processing file /opt/airflow/dags/minio_to_snowflake.py for tasks to queue
[2026-02-04T06:31:02.169+0000] {logging_mixin.py:188} INFO - [2026-02-04T06:31:02.168+0000] {dagbag.py:545} INFO - Filling up the DagBag from /opt/airflow/dags/minio_to_snowflake.py
[2026-02-04T06:31:03.784+0000] {processor.py:840} INFO - DAG(s) 'minio_to_snowflake' retrieved from /opt/airflow/dags/minio_to_snowflake.py
[2026-02-04T06:31:03.847+0000] {logging_mixin.py:188} INFO - [2026-02-04T06:31:03.843+0000] {dag.py:3089} INFO - Sync 1 DAGs
[2026-02-04T06:31:03.902+0000] {logging_mixin.py:188} INFO - [2026-02-04T06:31:03.900+0000] {dag.py:3947} INFO - Setting next_dagrun for minio_to_snowflake to 2026-02-04 06:31:00+00:00, run_after=2026-02-04 06:32:00+00:00
[2026-02-04T06:31:03.944+0000] {processor.py:183} INFO - Processing /opt/airflow/dags/minio_to_snowflake.py took 1.789 seconds
[2026-02-04T06:31:34.591+0000] {processor.py:161} INFO - Started process (PID=224) to work on /opt/airflow/dags/minio_to_snowflake.py
[2026-02-04T06:31:34.593+0000] {processor.py:830} INFO - Processing file /opt/airflow/dags/minio_to_snowflake.py for tasks to queue
[2026-02-04T06:31:34.598+0000] {logging_mixin.py:188} INFO - [2026-02-04T06:31:34.597+0000] {dagbag.py:545} INFO - Filling up the DagBag from /opt/airflow/dags/minio_to_snowflake.py
[2026-02-04T06:31:36.350+0000] {processor.py:840} INFO - DAG(s) 'minio_to_snowflake' retrieved from /opt/airflow/dags/minio_to_snowflake.py
[2026-02-04T06:31:36.480+0000] {logging_mixin.py:188} INFO - [2026-02-04T06:31:36.479+0000] {dag.py:3089} INFO - Sync 1 DAGs
[2026-02-04T06:31:36.643+0000] {logging_mixin.py:188} INFO - [2026-02-04T06:31:36.642+0000] {dag.py:3947} INFO - Setting next_dagrun for minio_to_snowflake to 2026-02-04 06:31:00+00:00, run_after=2026-02-04 06:32:00+00:00
[2026-02-04T06:31:36.737+0000] {processor.py:183} INFO - Processing /opt/airflow/dags/minio_to_snowflake.py took 2.161 seconds
[2026-02-04T06:32:07.080+0000] {processor.py:161} INFO - Started process (PID=238) to work on /opt/airflow/dags/minio_to_snowflake.py
[2026-02-04T06:32:07.082+0000] {processor.py:830} INFO - Processing file /opt/airflow/dags/minio_to_snowflake.py for tasks to queue
[2026-02-04T06:32:07.086+0000] {logging_mixin.py:188} INFO - [2026-02-04T06:32:07.085+0000] {dagbag.py:545} INFO - Filling up the DagBag from /opt/airflow/dags/minio_to_snowflake.py
[2026-02-04T06:32:08.904+0000] {processor.py:840} INFO - DAG(s) 'minio_to_snowflake' retrieved from /opt/airflow/dags/minio_to_snowflake.py
[2026-02-04T06:32:08.964+0000] {logging_mixin.py:188} INFO - [2026-02-04T06:32:08.964+0000] {dag.py:3089} INFO - Sync 1 DAGs
[2026-02-04T06:32:08.997+0000] {logging_mixin.py:188} INFO - [2026-02-04T06:32:08.996+0000] {dag.py:3947} INFO - Setting next_dagrun for minio_to_snowflake to 2026-02-04 06:32:00+00:00, run_after=2026-02-04 06:33:00+00:00
[2026-02-04T06:32:09.028+0000] {processor.py:183} INFO - Processing /opt/airflow/dags/minio_to_snowflake.py took 1.961 seconds
[2026-02-04T06:32:39.620+0000] {processor.py:161} INFO - Started process (PID=246) to work on /opt/airflow/dags/minio_to_snowflake.py
[2026-02-04T06:32:39.622+0000] {processor.py:830} INFO - Processing file /opt/airflow/dags/minio_to_snowflake.py for tasks to queue
[2026-02-04T06:32:39.626+0000] {logging_mixin.py:188} INFO - [2026-02-04T06:32:39.625+0000] {dagbag.py:545} INFO - Filling up the DagBag from /opt/airflow/dags/minio_to_snowflake.py
[2026-02-04T06:32:41.088+0000] {processor.py:840} INFO - DAG(s) 'minio_to_snowflake' retrieved from /opt/airflow/dags/minio_to_snowflake.py
[2026-02-04T06:32:41.150+0000] {logging_mixin.py:188} INFO - [2026-02-04T06:32:41.149+0000] {dag.py:3089} INFO - Sync 1 DAGs
[2026-02-04T06:32:41.203+0000] {logging_mixin.py:188} INFO - [2026-02-04T06:32:41.203+0000] {dag.py:3947} INFO - Setting next_dagrun for minio_to_snowflake to 2026-02-04 06:32:00+00:00, run_after=2026-02-04 06:33:00+00:00
[2026-02-04T06:32:41.246+0000] {processor.py:183} INFO - Processing /opt/airflow/dags/minio_to_snowflake.py took 1.636 seconds
[2026-02-04T06:33:11.711+0000] {processor.py:161} INFO - Started process (PID=261) to work on /opt/airflow/dags/minio_to_snowflake.py
[2026-02-04T06:33:11.713+0000] {processor.py:830} INFO - Processing file /opt/airflow/dags/minio_to_snowflake.py for tasks to queue
[2026-02-04T06:33:11.715+0000] {logging_mixin.py:188} INFO - [2026-02-04T06:33:11.715+0000] {dagbag.py:545} INFO - Filling up the DagBag from /opt/airflow/dags/minio_to_snowflake.py
[2026-02-04T06:33:12.552+0000] {processor.py:840} INFO - DAG(s) 'minio_to_snowflake' retrieved from /opt/airflow/dags/minio_to_snowflake.py
[2026-02-04T06:33:12.581+0000] {logging_mixin.py:188} INFO - [2026-02-04T06:33:12.580+0000] {dag.py:3089} INFO - Sync 1 DAGs
[2026-02-04T06:33:12.605+0000] {logging_mixin.py:188} INFO - [2026-02-04T06:33:12.605+0000] {dag.py:3947} INFO - Setting next_dagrun for minio_to_snowflake to 2026-02-04 06:33:00+00:00, run_after=2026-02-04 06:34:00+00:00
[2026-02-04T06:33:12.628+0000] {processor.py:183} INFO - Processing /opt/airflow/dags/minio_to_snowflake.py took 0.925 seconds
[2026-02-04T06:33:43.075+0000] {processor.py:161} INFO - Started process (PID=268) to work on /opt/airflow/dags/minio_to_snowflake.py
[2026-02-04T06:33:43.076+0000] {processor.py:830} INFO - Processing file /opt/airflow/dags/minio_to_snowflake.py for tasks to queue
[2026-02-04T06:33:43.079+0000] {logging_mixin.py:188} INFO - [2026-02-04T06:33:43.079+0000] {dagbag.py:545} INFO - Filling up the DagBag from /opt/airflow/dags/minio_to_snowflake.py
[2026-02-04T06:33:43.958+0000] {processor.py:840} INFO - DAG(s) 'minio_to_snowflake' retrieved from /opt/airflow/dags/minio_to_snowflake.py
[2026-02-04T06:33:43.989+0000] {logging_mixin.py:188} INFO - [2026-02-04T06:33:43.988+0000] {dag.py:3089} INFO - Sync 1 DAGs
[2026-02-04T06:33:44.013+0000] {logging_mixin.py:188} INFO - [2026-02-04T06:33:44.013+0000] {dag.py:3947} INFO - Setting next_dagrun for minio_to_snowflake to 2026-02-04 06:33:00+00:00, run_after=2026-02-04 06:34:00+00:00
[2026-02-04T06:33:44.035+0000] {processor.py:183} INFO - Processing /opt/airflow/dags/minio_to_snowflake.py took 0.969 seconds
[2026-02-04T06:34:14.444+0000] {processor.py:161} INFO - Started process (PID=283) to work on /opt/airflow/dags/minio_to_snowflake.py
[2026-02-04T06:34:14.446+0000] {processor.py:830} INFO - Processing file /opt/airflow/dags/minio_to_snowflake.py for tasks to queue
[2026-02-04T06:34:14.449+0000] {logging_mixin.py:188} INFO - [2026-02-04T06:34:14.448+0000] {dagbag.py:545} INFO - Filling up the DagBag from /opt/airflow/dags/minio_to_snowflake.py
[2026-02-04T06:34:15.323+0000] {processor.py:840} INFO - DAG(s) 'minio_to_snowflake' retrieved from /opt/airflow/dags/minio_to_snowflake.py
[2026-02-04T06:34:15.361+0000] {logging_mixin.py:188} INFO - [2026-02-04T06:34:15.361+0000] {dag.py:3089} INFO - Sync 1 DAGs
[2026-02-04T06:34:15.388+0000] {logging_mixin.py:188} INFO - [2026-02-04T06:34:15.388+0000] {dag.py:3947} INFO - Setting next_dagrun for minio_to_snowflake to 2026-02-04 06:34:00+00:00, run_after=2026-02-04 06:35:00+00:00
[2026-02-04T06:34:15.411+0000] {processor.py:183} INFO - Processing /opt/airflow/dags/minio_to_snowflake.py took 0.974 seconds
[2026-02-04T06:34:45.838+0000] {processor.py:161} INFO - Started process (PID=310) to work on /opt/airflow/dags/minio_to_snowflake.py
[2026-02-04T06:34:45.839+0000] {processor.py:830} INFO - Processing file /opt/airflow/dags/minio_to_snowflake.py for tasks to queue
[2026-02-04T06:34:45.842+0000] {logging_mixin.py:188} INFO - [2026-02-04T06:34:45.842+0000] {dagbag.py:545} INFO - Filling up the DagBag from /opt/airflow/dags/minio_to_snowflake.py
[2026-02-04T06:34:46.864+0000] {processor.py:840} INFO - DAG(s) 'minio_to_snowflake' retrieved from /opt/airflow/dags/minio_to_snowflake.py
[2026-02-04T06:34:46.893+0000] {logging_mixin.py:188} INFO - [2026-02-04T06:34:46.892+0000] {dag.py:3089} INFO - Sync 1 DAGs
[2026-02-04T06:34:46.916+0000] {logging_mixin.py:188} INFO - [2026-02-04T06:34:46.916+0000] {dag.py:3947} INFO - Setting next_dagrun for minio_to_snowflake to 2026-02-04 06:34:00+00:00, run_after=2026-02-04 06:35:00+00:00
[2026-02-04T06:34:46.937+0000] {processor.py:183} INFO - Processing /opt/airflow/dags/minio_to_snowflake.py took 1.107 seconds
[2026-02-04T06:35:17.344+0000] {processor.py:161} INFO - Started process (PID=333) to work on /opt/airflow/dags/minio_to_snowflake.py
[2026-02-04T06:35:17.346+0000] {processor.py:830} INFO - Processing file /opt/airflow/dags/minio_to_snowflake.py for tasks to queue
[2026-02-04T06:35:17.349+0000] {logging_mixin.py:188} INFO - [2026-02-04T06:35:17.348+0000] {dagbag.py:545} INFO - Filling up the DagBag from /opt/airflow/dags/minio_to_snowflake.py
[2026-02-04T06:35:18.251+0000] {processor.py:840} INFO - DAG(s) 'minio_to_snowflake' retrieved from /opt/airflow/dags/minio_to_snowflake.py
[2026-02-04T06:35:18.284+0000] {logging_mixin.py:188} INFO - [2026-02-04T06:35:18.283+0000] {dag.py:3089} INFO - Sync 1 DAGs
[2026-02-04T06:35:18.310+0000] {logging_mixin.py:188} INFO - [2026-02-04T06:35:18.310+0000] {dag.py:3947} INFO - Setting next_dagrun for minio_to_snowflake to 2026-02-04 06:35:00+00:00, run_after=2026-02-04 06:36:00+00:00
[2026-02-04T06:35:18.333+0000] {processor.py:183} INFO - Processing /opt/airflow/dags/minio_to_snowflake.py took 1.003 seconds
[2026-02-04T06:35:48.669+0000] {processor.py:161} INFO - Started process (PID=340) to work on /opt/airflow/dags/minio_to_snowflake.py
[2026-02-04T06:35:48.672+0000] {processor.py:830} INFO - Processing file /opt/airflow/dags/minio_to_snowflake.py for tasks to queue
[2026-02-04T06:35:48.679+0000] {logging_mixin.py:188} INFO - [2026-02-04T06:35:48.678+0000] {dagbag.py:545} INFO - Filling up the DagBag from /opt/airflow/dags/minio_to_snowflake.py
[2026-02-04T06:35:49.719+0000] {processor.py:840} INFO - DAG(s) 'minio_to_snowflake' retrieved from /opt/airflow/dags/minio_to_snowflake.py
[2026-02-04T06:35:49.753+0000] {logging_mixin.py:188} INFO - [2026-02-04T06:35:49.752+0000] {dag.py:3089} INFO - Sync 1 DAGs
[2026-02-04T06:35:49.778+0000] {logging_mixin.py:188} INFO - [2026-02-04T06:35:49.777+0000] {dag.py:3947} INFO - Setting next_dagrun for minio_to_snowflake to 2026-02-04 06:35:00+00:00, run_after=2026-02-04 06:36:00+00:00
[2026-02-04T06:35:49.808+0000] {processor.py:183} INFO - Processing /opt/airflow/dags/minio_to_snowflake.py took 1.155 seconds
[2026-02-04T07:17:06.836+0000] {processor.py:161} INFO - Started process (PID=163) to work on /opt/airflow/dags/minio_to_snowflake.py
[2026-02-04T07:17:06.839+0000] {processor.py:830} INFO - Processing file /opt/airflow/dags/minio_to_snowflake.py for tasks to queue
[2026-02-04T07:17:06.847+0000] {logging_mixin.py:188} INFO - [2026-02-04T07:17:06.846+0000] {dagbag.py:545} INFO - Filling up the DagBag from /opt/airflow/dags/minio_to_snowflake.py
[2026-02-04T07:17:10.735+0000] {processor.py:840} INFO - DAG(s) 'minio_to_snowflake' retrieved from /opt/airflow/dags/minio_to_snowflake.py
[2026-02-04T07:17:11.029+0000] {logging_mixin.py:188} INFO - [2026-02-04T07:17:11.027+0000] {dag.py:3089} INFO - Sync 1 DAGs
[2026-02-04T07:17:11.157+0000] {logging_mixin.py:188} INFO - [2026-02-04T07:17:11.156+0000] {dag.py:3947} INFO - Setting next_dagrun for minio_to_snowflake to 2026-02-04 07:17:00+00:00, run_after=2026-02-04 07:18:00+00:00
[2026-02-04T07:17:11.277+0000] {processor.py:183} INFO - Processing /opt/airflow/dags/minio_to_snowflake.py took 4.466 seconds
[2026-02-04T07:17:41.741+0000] {processor.py:161} INFO - Started process (PID=183) to work on /opt/airflow/dags/minio_to_snowflake.py
[2026-02-04T07:17:41.743+0000] {processor.py:830} INFO - Processing file /opt/airflow/dags/minio_to_snowflake.py for tasks to queue
[2026-02-04T07:17:41.747+0000] {logging_mixin.py:188} INFO - [2026-02-04T07:17:41.746+0000] {dagbag.py:545} INFO - Filling up the DagBag from /opt/airflow/dags/minio_to_snowflake.py
[2026-02-04T07:17:42.667+0000] {processor.py:840} INFO - DAG(s) 'minio_to_snowflake' retrieved from /opt/airflow/dags/minio_to_snowflake.py
[2026-02-04T07:17:42.699+0000] {logging_mixin.py:188} INFO - [2026-02-04T07:17:42.697+0000] {dag.py:3089} INFO - Sync 1 DAGs
[2026-02-04T07:17:42.724+0000] {logging_mixin.py:188} INFO - [2026-02-04T07:17:42.724+0000] {dag.py:3947} INFO - Setting next_dagrun for minio_to_snowflake to 2026-02-04 07:17:00+00:00, run_after=2026-02-04 07:18:00+00:00
[2026-02-04T07:17:42.747+0000] {processor.py:183} INFO - Processing /opt/airflow/dags/minio_to_snowflake.py took 1.016 seconds
[2026-02-04T07:18:13.319+0000] {processor.py:161} INFO - Started process (PID=194) to work on /opt/airflow/dags/minio_to_snowflake.py
[2026-02-04T07:18:13.328+0000] {processor.py:830} INFO - Processing file /opt/airflow/dags/minio_to_snowflake.py for tasks to queue
[2026-02-04T07:18:13.345+0000] {logging_mixin.py:188} INFO - [2026-02-04T07:18:13.342+0000] {dagbag.py:545} INFO - Filling up the DagBag from /opt/airflow/dags/minio_to_snowflake.py
[2026-02-04T07:18:18.365+0000] {processor.py:840} INFO - DAG(s) 'minio_to_snowflake' retrieved from /opt/airflow/dags/minio_to_snowflake.py
[2026-02-04T07:18:18.499+0000] {logging_mixin.py:188} INFO - [2026-02-04T07:18:18.498+0000] {dag.py:3089} INFO - Sync 1 DAGs
[2026-02-04T07:18:18.605+0000] {logging_mixin.py:188} INFO - [2026-02-04T07:18:18.604+0000] {dag.py:3947} INFO - Setting next_dagrun for minio_to_snowflake to 2026-02-04 07:18:00+00:00, run_after=2026-02-04 07:19:00+00:00
[2026-02-04T07:18:19.033+0000] {processor.py:183} INFO - Processing /opt/airflow/dags/minio_to_snowflake.py took 5.766 seconds
[2026-02-04T07:26:53.115+0000] {processor.py:161} INFO - Started process (PID=163) to work on /opt/airflow/dags/minio_to_snowflake.py
[2026-02-04T07:26:53.117+0000] {processor.py:830} INFO - Processing file /opt/airflow/dags/minio_to_snowflake.py for tasks to queue
[2026-02-04T07:26:53.121+0000] {logging_mixin.py:188} INFO - [2026-02-04T07:26:53.120+0000] {dagbag.py:545} INFO - Filling up the DagBag from /opt/airflow/dags/minio_to_snowflake.py
[2026-02-04T07:26:55.052+0000] {processor.py:840} INFO - DAG(s) 'minio_to_snowflake' retrieved from /opt/airflow/dags/minio_to_snowflake.py
[2026-02-04T07:26:55.098+0000] {logging_mixin.py:188} INFO - [2026-02-04T07:26:55.097+0000] {dag.py:3089} INFO - Sync 1 DAGs
[2026-02-04T07:26:55.141+0000] {logging_mixin.py:188} INFO - [2026-02-04T07:26:55.140+0000] {dag.py:3947} INFO - Setting next_dagrun for minio_to_snowflake to 2026-02-04 07:26:00+00:00, run_after=2026-02-04 07:27:00+00:00
[2026-02-04T07:26:55.181+0000] {processor.py:183} INFO - Processing /opt/airflow/dags/minio_to_snowflake.py took 2.075 seconds
[2026-02-04T07:27:25.547+0000] {processor.py:161} INFO - Started process (PID=203) to work on /opt/airflow/dags/minio_to_snowflake.py
[2026-02-04T07:27:25.549+0000] {processor.py:830} INFO - Processing file /opt/airflow/dags/minio_to_snowflake.py for tasks to queue
[2026-02-04T07:27:25.551+0000] {logging_mixin.py:188} INFO - [2026-02-04T07:27:25.551+0000] {dagbag.py:545} INFO - Filling up the DagBag from /opt/airflow/dags/minio_to_snowflake.py
[2026-02-04T07:27:26.486+0000] {processor.py:840} INFO - DAG(s) 'minio_to_snowflake' retrieved from /opt/airflow/dags/minio_to_snowflake.py
[2026-02-04T07:27:26.672+0000] {logging_mixin.py:188} INFO - [2026-02-04T07:27:26.671+0000] {dag.py:3089} INFO - Sync 1 DAGs
[2026-02-04T07:27:26.696+0000] {logging_mixin.py:188} INFO - [2026-02-04T07:27:26.696+0000] {dag.py:3947} INFO - Setting next_dagrun for minio_to_snowflake to 2026-02-04 07:27:00+00:00, run_after=2026-02-04 07:28:00+00:00
[2026-02-04T07:27:26.720+0000] {processor.py:183} INFO - Processing /opt/airflow/dags/minio_to_snowflake.py took 1.180 seconds
[2026-02-04T07:27:56.882+0000] {processor.py:161} INFO - Started process (PID=210) to work on /opt/airflow/dags/minio_to_snowflake.py
[2026-02-04T07:27:56.884+0000] {processor.py:830} INFO - Processing file /opt/airflow/dags/minio_to_snowflake.py for tasks to queue
[2026-02-04T07:27:56.887+0000] {logging_mixin.py:188} INFO - [2026-02-04T07:27:56.887+0000] {dagbag.py:545} INFO - Filling up the DagBag from /opt/airflow/dags/minio_to_snowflake.py
[2026-02-04T07:27:57.903+0000] {processor.py:840} INFO - DAG(s) 'minio_to_snowflake' retrieved from /opt/airflow/dags/minio_to_snowflake.py
[2026-02-04T07:27:57.936+0000] {logging_mixin.py:188} INFO - [2026-02-04T07:27:57.936+0000] {dag.py:3089} INFO - Sync 1 DAGs
[2026-02-04T07:27:57.963+0000] {logging_mixin.py:188} INFO - [2026-02-04T07:27:57.963+0000] {dag.py:3947} INFO - Setting next_dagrun for minio_to_snowflake to 2026-02-04 07:27:00+00:00, run_after=2026-02-04 07:28:00+00:00
[2026-02-04T07:27:57.986+0000] {processor.py:183} INFO - Processing /opt/airflow/dags/minio_to_snowflake.py took 1.111 seconds
[2026-02-04T07:28:28.188+0000] {processor.py:161} INFO - Started process (PID=225) to work on /opt/airflow/dags/minio_to_snowflake.py
[2026-02-04T07:28:28.191+0000] {processor.py:830} INFO - Processing file /opt/airflow/dags/minio_to_snowflake.py for tasks to queue
[2026-02-04T07:28:28.195+0000] {logging_mixin.py:188} INFO - [2026-02-04T07:28:28.195+0000] {dagbag.py:545} INFO - Filling up the DagBag from /opt/airflow/dags/minio_to_snowflake.py
[2026-02-04T07:28:29.265+0000] {processor.py:840} INFO - DAG(s) 'minio_to_snowflake' retrieved from /opt/airflow/dags/minio_to_snowflake.py
[2026-02-04T07:28:29.297+0000] {logging_mixin.py:188} INFO - [2026-02-04T07:28:29.296+0000] {dag.py:3089} INFO - Sync 1 DAGs
[2026-02-04T07:28:29.323+0000] {logging_mixin.py:188} INFO - [2026-02-04T07:28:29.322+0000] {dag.py:3947} INFO - Setting next_dagrun for minio_to_snowflake to 2026-02-04 07:28:00+00:00, run_after=2026-02-04 07:29:00+00:00
[2026-02-04T07:28:29.349+0000] {processor.py:183} INFO - Processing /opt/airflow/dags/minio_to_snowflake.py took 1.174 seconds
[2026-02-04T07:28:59.630+0000] {processor.py:161} INFO - Started process (PID=232) to work on /opt/airflow/dags/minio_to_snowflake.py
[2026-02-04T07:28:59.642+0000] {processor.py:830} INFO - Processing file /opt/airflow/dags/minio_to_snowflake.py for tasks to queue
[2026-02-04T07:28:59.664+0000] {logging_mixin.py:188} INFO - [2026-02-04T07:28:59.660+0000] {dagbag.py:545} INFO - Filling up the DagBag from /opt/airflow/dags/minio_to_snowflake.py
[2026-02-04T07:29:01.989+0000] {processor.py:840} INFO - DAG(s) 'minio_to_snowflake' retrieved from /opt/airflow/dags/minio_to_snowflake.py
[2026-02-04T07:29:02.054+0000] {logging_mixin.py:188} INFO - [2026-02-04T07:29:02.054+0000] {dag.py:3089} INFO - Sync 1 DAGs
[2026-02-04T07:29:02.109+0000] {logging_mixin.py:188} INFO - [2026-02-04T07:29:02.108+0000] {dag.py:3947} INFO - Setting next_dagrun for minio_to_snowflake to 2026-02-04 07:29:00+00:00, run_after=2026-02-04 07:30:00+00:00
[2026-02-04T07:29:02.141+0000] {processor.py:183} INFO - Processing /opt/airflow/dags/minio_to_snowflake.py took 2.554 seconds
[2026-02-04T07:29:32.539+0000] {processor.py:161} INFO - Started process (PID=247) to work on /opt/airflow/dags/minio_to_snowflake.py
[2026-02-04T07:29:32.541+0000] {processor.py:830} INFO - Processing file /opt/airflow/dags/minio_to_snowflake.py for tasks to queue
[2026-02-04T07:29:32.544+0000] {logging_mixin.py:188} INFO - [2026-02-04T07:29:32.543+0000] {dagbag.py:545} INFO - Filling up the DagBag from /opt/airflow/dags/minio_to_snowflake.py
[2026-02-04T07:29:33.381+0000] {processor.py:840} INFO - DAG(s) 'minio_to_snowflake' retrieved from /opt/airflow/dags/minio_to_snowflake.py
[2026-02-04T07:29:33.416+0000] {logging_mixin.py:188} INFO - [2026-02-04T07:29:33.415+0000] {dag.py:3089} INFO - Sync 1 DAGs
[2026-02-04T07:29:33.447+0000] {logging_mixin.py:188} INFO - [2026-02-04T07:29:33.447+0000] {dag.py:3947} INFO - Setting next_dagrun for minio_to_snowflake to 2026-02-04 07:29:00+00:00, run_after=2026-02-04 07:30:00+00:00
[2026-02-04T07:29:33.475+0000] {processor.py:183} INFO - Processing /opt/airflow/dags/minio_to_snowflake.py took 0.944 seconds
[2026-02-04T07:30:03.873+0000] {processor.py:161} INFO - Started process (PID=260) to work on /opt/airflow/dags/minio_to_snowflake.py
[2026-02-04T07:30:03.874+0000] {processor.py:830} INFO - Processing file /opt/airflow/dags/minio_to_snowflake.py for tasks to queue
[2026-02-04T07:30:03.881+0000] {logging_mixin.py:188} INFO - [2026-02-04T07:30:03.880+0000] {dagbag.py:545} INFO - Filling up the DagBag from /opt/airflow/dags/minio_to_snowflake.py
[2026-02-04T07:30:05.220+0000] {processor.py:840} INFO - DAG(s) 'minio_to_snowflake' retrieved from /opt/airflow/dags/minio_to_snowflake.py
[2026-02-04T07:30:05.253+0000] {logging_mixin.py:188} INFO - [2026-02-04T07:30:05.252+0000] {dag.py:3089} INFO - Sync 1 DAGs
[2026-02-04T07:30:05.278+0000] {logging_mixin.py:188} INFO - [2026-02-04T07:30:05.278+0000] {dag.py:3947} INFO - Setting next_dagrun for minio_to_snowflake to 2026-02-04 07:30:00+00:00, run_after=2026-02-04 07:31:00+00:00
[2026-02-04T07:30:05.299+0000] {processor.py:183} INFO - Processing /opt/airflow/dags/minio_to_snowflake.py took 1.434 seconds
[2026-02-04T07:30:35.587+0000] {processor.py:161} INFO - Started process (PID=269) to work on /opt/airflow/dags/minio_to_snowflake.py
[2026-02-04T07:30:35.588+0000] {processor.py:830} INFO - Processing file /opt/airflow/dags/minio_to_snowflake.py for tasks to queue
[2026-02-04T07:30:35.591+0000] {logging_mixin.py:188} INFO - [2026-02-04T07:30:35.591+0000] {dagbag.py:545} INFO - Filling up the DagBag from /opt/airflow/dags/minio_to_snowflake.py
[2026-02-04T07:30:36.518+0000] {processor.py:840} INFO - DAG(s) 'minio_to_snowflake' retrieved from /opt/airflow/dags/minio_to_snowflake.py
[2026-02-04T07:30:36.551+0000] {logging_mixin.py:188} INFO - [2026-02-04T07:30:36.550+0000] {dag.py:3089} INFO - Sync 1 DAGs
[2026-02-04T07:30:36.577+0000] {logging_mixin.py:188} INFO - [2026-02-04T07:30:36.577+0000] {dag.py:3947} INFO - Setting next_dagrun for minio_to_snowflake to 2026-02-04 07:30:00+00:00, run_after=2026-02-04 07:31:00+00:00
[2026-02-04T07:30:36.602+0000] {processor.py:183} INFO - Processing /opt/airflow/dags/minio_to_snowflake.py took 1.023 seconds
[2026-02-04T07:31:06.899+0000] {processor.py:161} INFO - Started process (PID=334) to work on /opt/airflow/dags/minio_to_snowflake.py
[2026-02-04T07:31:06.901+0000] {processor.py:830} INFO - Processing file /opt/airflow/dags/minio_to_snowflake.py for tasks to queue
[2026-02-04T07:31:06.904+0000] {logging_mixin.py:188} INFO - [2026-02-04T07:31:06.904+0000] {dagbag.py:545} INFO - Filling up the DagBag from /opt/airflow/dags/minio_to_snowflake.py
[2026-02-04T07:31:08.765+0000] {processor.py:840} INFO - DAG(s) 'minio_to_snowflake' retrieved from /opt/airflow/dags/minio_to_snowflake.py
[2026-02-04T07:31:08.821+0000] {logging_mixin.py:188} INFO - [2026-02-04T07:31:08.820+0000] {dag.py:3089} INFO - Sync 1 DAGs
[2026-02-04T07:31:08.864+0000] {logging_mixin.py:188} INFO - [2026-02-04T07:31:08.864+0000] {dag.py:3947} INFO - Setting next_dagrun for minio_to_snowflake to 2026-02-04 07:31:00+00:00, run_after=2026-02-04 07:32:00+00:00
[2026-02-04T07:31:08.894+0000] {processor.py:183} INFO - Processing /opt/airflow/dags/minio_to_snowflake.py took 2.009 seconds
[2026-02-04T07:31:39.323+0000] {processor.py:161} INFO - Started process (PID=391) to work on /opt/airflow/dags/minio_to_snowflake.py
[2026-02-04T07:31:39.324+0000] {processor.py:830} INFO - Processing file /opt/airflow/dags/minio_to_snowflake.py for tasks to queue
[2026-02-04T07:31:39.332+0000] {logging_mixin.py:188} INFO - [2026-02-04T07:31:39.330+0000] {dagbag.py:545} INFO - Filling up the DagBag from /opt/airflow/dags/minio_to_snowflake.py
[2026-02-04T07:31:41.302+0000] {processor.py:840} INFO - DAG(s) 'minio_to_snowflake' retrieved from /opt/airflow/dags/minio_to_snowflake.py
[2026-02-04T07:31:41.375+0000] {logging_mixin.py:188} INFO - [2026-02-04T07:31:41.374+0000] {dag.py:3089} INFO - Sync 1 DAGs
[2026-02-04T07:31:41.415+0000] {logging_mixin.py:188} INFO - [2026-02-04T07:31:41.415+0000] {dag.py:3947} INFO - Setting next_dagrun for minio_to_snowflake to 2026-02-04 07:31:00+00:00, run_after=2026-02-04 07:32:00+00:00
[2026-02-04T07:31:41.466+0000] {processor.py:183} INFO - Processing /opt/airflow/dags/minio_to_snowflake.py took 2.155 seconds
[2026-02-04T07:32:11.691+0000] {processor.py:161} INFO - Started process (PID=512) to work on /opt/airflow/dags/minio_to_snowflake.py
[2026-02-04T07:32:11.695+0000] {processor.py:830} INFO - Processing file /opt/airflow/dags/minio_to_snowflake.py for tasks to queue
[2026-02-04T07:32:11.702+0000] {logging_mixin.py:188} INFO - [2026-02-04T07:32:11.700+0000] {dagbag.py:545} INFO - Filling up the DagBag from /opt/airflow/dags/minio_to_snowflake.py
[2026-02-04T07:32:16.343+0000] {processor.py:840} INFO - DAG(s) 'minio_to_snowflake' retrieved from /opt/airflow/dags/minio_to_snowflake.py
[2026-02-04T07:32:16.495+0000] {logging_mixin.py:188} INFO - [2026-02-04T07:32:16.494+0000] {dag.py:3089} INFO - Sync 1 DAGs
[2026-02-04T07:32:16.602+0000] {logging_mixin.py:188} INFO - [2026-02-04T07:32:16.601+0000] {dag.py:3947} INFO - Setting next_dagrun for minio_to_snowflake to 2026-02-04 07:32:00+00:00, run_after=2026-02-04 07:33:00+00:00
[2026-02-04T07:32:16.670+0000] {processor.py:183} INFO - Processing /opt/airflow/dags/minio_to_snowflake.py took 5.001 seconds
[2026-02-04T07:32:46.959+0000] {processor.py:161} INFO - Started process (PID=586) to work on /opt/airflow/dags/minio_to_snowflake.py
[2026-02-04T07:32:46.962+0000] {processor.py:830} INFO - Processing file /opt/airflow/dags/minio_to_snowflake.py for tasks to queue
[2026-02-04T07:32:46.968+0000] {logging_mixin.py:188} INFO - [2026-02-04T07:32:46.968+0000] {dagbag.py:545} INFO - Filling up the DagBag from /opt/airflow/dags/minio_to_snowflake.py
[2026-02-04T07:32:48.270+0000] {processor.py:840} INFO - DAG(s) 'minio_to_snowflake' retrieved from /opt/airflow/dags/minio_to_snowflake.py
[2026-02-04T07:32:48.303+0000] {logging_mixin.py:188} INFO - [2026-02-04T07:32:48.303+0000] {dag.py:3089} INFO - Sync 1 DAGs
[2026-02-04T07:32:48.329+0000] {logging_mixin.py:188} INFO - [2026-02-04T07:32:48.329+0000] {dag.py:3947} INFO - Setting next_dagrun for minio_to_snowflake to 2026-02-04 07:32:00+00:00, run_after=2026-02-04 07:33:00+00:00
[2026-02-04T07:32:48.355+0000] {processor.py:183} INFO - Processing /opt/airflow/dags/minio_to_snowflake.py took 1.404 seconds
[2026-02-04T07:33:18.802+0000] {processor.py:161} INFO - Started process (PID=770) to work on /opt/airflow/dags/minio_to_snowflake.py
[2026-02-04T07:33:18.807+0000] {processor.py:830} INFO - Processing file /opt/airflow/dags/minio_to_snowflake.py for tasks to queue
[2026-02-04T07:33:18.815+0000] {logging_mixin.py:188} INFO - [2026-02-04T07:33:18.814+0000] {dagbag.py:545} INFO - Filling up the DagBag from /opt/airflow/dags/minio_to_snowflake.py
[2026-02-04T07:33:21.503+0000] {processor.py:840} INFO - DAG(s) 'minio_to_snowflake' retrieved from /opt/airflow/dags/minio_to_snowflake.py
[2026-02-04T07:33:21.624+0000] {logging_mixin.py:188} INFO - [2026-02-04T07:33:21.623+0000] {dag.py:3089} INFO - Sync 1 DAGs
[2026-02-04T07:33:21.854+0000] {logging_mixin.py:188} INFO - [2026-02-04T07:33:21.854+0000] {dag.py:3947} INFO - Setting next_dagrun for minio_to_snowflake to 2026-02-04 07:33:00+00:00, run_after=2026-02-04 07:34:00+00:00
[2026-02-04T07:33:21.951+0000] {processor.py:183} INFO - Processing /opt/airflow/dags/minio_to_snowflake.py took 3.184 seconds
[2026-02-04T07:33:52.367+0000] {processor.py:161} INFO - Started process (PID=853) to work on /opt/airflow/dags/minio_to_snowflake.py
[2026-02-04T07:33:52.374+0000] {processor.py:830} INFO - Processing file /opt/airflow/dags/minio_to_snowflake.py for tasks to queue
[2026-02-04T07:33:52.388+0000] {logging_mixin.py:188} INFO - [2026-02-04T07:33:52.386+0000] {dagbag.py:545} INFO - Filling up the DagBag from /opt/airflow/dags/minio_to_snowflake.py
[2026-02-04T07:33:53.468+0000] {processor.py:840} INFO - DAG(s) 'minio_to_snowflake' retrieved from /opt/airflow/dags/minio_to_snowflake.py
[2026-02-04T07:33:53.501+0000] {logging_mixin.py:188} INFO - [2026-02-04T07:33:53.500+0000] {dag.py:3089} INFO - Sync 1 DAGs
[2026-02-04T07:33:53.525+0000] {logging_mixin.py:188} INFO - [2026-02-04T07:33:53.525+0000] {dag.py:3947} INFO - Setting next_dagrun for minio_to_snowflake to 2026-02-04 07:33:00+00:00, run_after=2026-02-04 07:34:00+00:00
[2026-02-04T07:33:53.547+0000] {processor.py:183} INFO - Processing /opt/airflow/dags/minio_to_snowflake.py took 1.201 seconds
[2026-02-04T07:34:23.932+0000] {processor.py:161} INFO - Started process (PID=1131) to work on /opt/airflow/dags/minio_to_snowflake.py
[2026-02-04T07:34:23.934+0000] {processor.py:830} INFO - Processing file /opt/airflow/dags/minio_to_snowflake.py for tasks to queue
[2026-02-04T07:34:23.938+0000] {logging_mixin.py:188} INFO - [2026-02-04T07:34:23.937+0000] {dagbag.py:545} INFO - Filling up the DagBag from /opt/airflow/dags/minio_to_snowflake.py
[2026-02-04T07:34:24.958+0000] {processor.py:840} INFO - DAG(s) 'minio_to_snowflake' retrieved from /opt/airflow/dags/minio_to_snowflake.py
[2026-02-04T07:34:24.992+0000] {logging_mixin.py:188} INFO - [2026-02-04T07:34:24.992+0000] {dag.py:3089} INFO - Sync 1 DAGs
[2026-02-04T07:34:25.017+0000] {logging_mixin.py:188} INFO - [2026-02-04T07:34:25.017+0000] {dag.py:3947} INFO - Setting next_dagrun for minio_to_snowflake to 2026-02-04 07:34:00+00:00, run_after=2026-02-04 07:35:00+00:00
[2026-02-04T07:34:25.039+0000] {processor.py:183} INFO - Processing /opt/airflow/dags/minio_to_snowflake.py took 1.120 seconds
[2026-02-04T07:34:55.190+0000] {processor.py:161} INFO - Started process (PID=1200) to work on /opt/airflow/dags/minio_to_snowflake.py
[2026-02-04T07:34:55.192+0000] {processor.py:830} INFO - Processing file /opt/airflow/dags/minio_to_snowflake.py for tasks to queue
[2026-02-04T07:34:55.195+0000] {logging_mixin.py:188} INFO - [2026-02-04T07:34:55.195+0000] {dagbag.py:545} INFO - Filling up the DagBag from /opt/airflow/dags/minio_to_snowflake.py
[2026-02-04T07:34:56.148+0000] {processor.py:840} INFO - DAG(s) 'minio_to_snowflake' retrieved from /opt/airflow/dags/minio_to_snowflake.py
[2026-02-04T07:34:56.180+0000] {logging_mixin.py:188} INFO - [2026-02-04T07:34:56.179+0000] {dag.py:3089} INFO - Sync 1 DAGs
[2026-02-04T07:34:56.206+0000] {logging_mixin.py:188} INFO - [2026-02-04T07:34:56.206+0000] {dag.py:3947} INFO - Setting next_dagrun for minio_to_snowflake to 2026-02-04 07:34:00+00:00, run_after=2026-02-04 07:35:00+00:00
[2026-02-04T07:34:56.232+0000] {processor.py:183} INFO - Processing /opt/airflow/dags/minio_to_snowflake.py took 1.051 seconds
[2026-02-04T07:35:26.632+0000] {processor.py:161} INFO - Started process (PID=1557) to work on /opt/airflow/dags/minio_to_snowflake.py
[2026-02-04T07:35:26.634+0000] {processor.py:830} INFO - Processing file /opt/airflow/dags/minio_to_snowflake.py for tasks to queue
[2026-02-04T07:35:26.637+0000] {logging_mixin.py:188} INFO - [2026-02-04T07:35:26.637+0000] {dagbag.py:545} INFO - Filling up the DagBag from /opt/airflow/dags/minio_to_snowflake.py
[2026-02-04T07:35:29.429+0000] {processor.py:840} INFO - DAG(s) 'minio_to_snowflake' retrieved from /opt/airflow/dags/minio_to_snowflake.py
[2026-02-04T07:35:29.459+0000] {logging_mixin.py:188} INFO - [2026-02-04T07:35:29.458+0000] {dag.py:3089} INFO - Sync 1 DAGs
[2026-02-04T07:35:29.485+0000] {logging_mixin.py:188} INFO - [2026-02-04T07:35:29.485+0000] {dag.py:3947} INFO - Setting next_dagrun for minio_to_snowflake to 2026-02-04 07:35:00+00:00, run_after=2026-02-04 07:36:00+00:00
[2026-02-04T07:35:29.519+0000] {processor.py:183} INFO - Processing /opt/airflow/dags/minio_to_snowflake.py took 2.897 seconds
[2026-02-04T07:35:59.865+0000] {processor.py:161} INFO - Started process (PID=1628) to work on /opt/airflow/dags/minio_to_snowflake.py
[2026-02-04T07:35:59.866+0000] {processor.py:830} INFO - Processing file /opt/airflow/dags/minio_to_snowflake.py for tasks to queue
[2026-02-04T07:35:59.869+0000] {logging_mixin.py:188} INFO - [2026-02-04T07:35:59.868+0000] {dagbag.py:545} INFO - Filling up the DagBag from /opt/airflow/dags/minio_to_snowflake.py
[2026-02-04T07:36:00.780+0000] {processor.py:840} INFO - DAG(s) 'minio_to_snowflake' retrieved from /opt/airflow/dags/minio_to_snowflake.py
[2026-02-04T07:36:00.813+0000] {logging_mixin.py:188} INFO - [2026-02-04T07:36:00.812+0000] {dag.py:3089} INFO - Sync 1 DAGs
[2026-02-04T07:36:00.842+0000] {logging_mixin.py:188} INFO - [2026-02-04T07:36:00.842+0000] {dag.py:3947} INFO - Setting next_dagrun for minio_to_snowflake to 2026-02-04 07:36:00+00:00, run_after=2026-02-04 07:37:00+00:00
[2026-02-04T07:36:00.867+0000] {processor.py:183} INFO - Processing /opt/airflow/dags/minio_to_snowflake.py took 1.010 seconds
[2026-02-04T07:36:31.275+0000] {processor.py:161} INFO - Started process (PID=2074) to work on /opt/airflow/dags/minio_to_snowflake.py
[2026-02-04T07:36:31.280+0000] {processor.py:830} INFO - Processing file /opt/airflow/dags/minio_to_snowflake.py for tasks to queue
[2026-02-04T07:36:31.293+0000] {logging_mixin.py:188} INFO - [2026-02-04T07:36:31.292+0000] {dagbag.py:545} INFO - Filling up the DagBag from /opt/airflow/dags/minio_to_snowflake.py
[2026-02-04T07:36:33.822+0000] {processor.py:840} INFO - DAG(s) 'minio_to_snowflake' retrieved from /opt/airflow/dags/minio_to_snowflake.py
[2026-02-04T07:36:33.891+0000] {logging_mixin.py:188} INFO - [2026-02-04T07:36:33.890+0000] {dag.py:3089} INFO - Sync 1 DAGs
[2026-02-04T07:36:33.959+0000] {logging_mixin.py:188} INFO - [2026-02-04T07:36:33.959+0000] {dag.py:3947} INFO - Setting next_dagrun for minio_to_snowflake to 2026-02-04 07:36:00+00:00, run_after=2026-02-04 07:37:00+00:00
[2026-02-04T07:36:34.026+0000] {processor.py:183} INFO - Processing /opt/airflow/dags/minio_to_snowflake.py took 2.788 seconds
[2026-02-04T07:37:04.416+0000] {processor.py:161} INFO - Started process (PID=2533) to work on /opt/airflow/dags/minio_to_snowflake.py
[2026-02-04T07:37:04.418+0000] {processor.py:830} INFO - Processing file /opt/airflow/dags/minio_to_snowflake.py for tasks to queue
[2026-02-04T07:37:04.423+0000] {logging_mixin.py:188} INFO - [2026-02-04T07:37:04.423+0000] {dagbag.py:545} INFO - Filling up the DagBag from /opt/airflow/dags/minio_to_snowflake.py
[2026-02-04T07:37:05.290+0000] {processor.py:840} INFO - DAG(s) 'minio_to_snowflake' retrieved from /opt/airflow/dags/minio_to_snowflake.py
[2026-02-04T07:37:05.320+0000] {logging_mixin.py:188} INFO - [2026-02-04T07:37:05.319+0000] {dag.py:3089} INFO - Sync 1 DAGs
[2026-02-04T07:37:05.344+0000] {logging_mixin.py:188} INFO - [2026-02-04T07:37:05.344+0000] {dag.py:3947} INFO - Setting next_dagrun for minio_to_snowflake to 2026-02-04 07:37:00+00:00, run_after=2026-02-04 07:38:00+00:00
[2026-02-04T07:37:05.368+0000] {processor.py:183} INFO - Processing /opt/airflow/dags/minio_to_snowflake.py took 0.970 seconds
[2026-02-04T07:37:35.650+0000] {processor.py:161} INFO - Started process (PID=2661) to work on /opt/airflow/dags/minio_to_snowflake.py
[2026-02-04T07:37:35.652+0000] {processor.py:830} INFO - Processing file /opt/airflow/dags/minio_to_snowflake.py for tasks to queue
[2026-02-04T07:37:35.655+0000] {logging_mixin.py:188} INFO - [2026-02-04T07:37:35.655+0000] {dagbag.py:545} INFO - Filling up the DagBag from /opt/airflow/dags/minio_to_snowflake.py
[2026-02-04T07:37:38.210+0000] {processor.py:840} INFO - DAG(s) 'minio_to_snowflake' retrieved from /opt/airflow/dags/minio_to_snowflake.py
[2026-02-04T07:37:38.259+0000] {logging_mixin.py:188} INFO - [2026-02-04T07:37:38.258+0000] {dag.py:3089} INFO - Sync 1 DAGs
[2026-02-04T07:37:38.312+0000] {logging_mixin.py:188} INFO - [2026-02-04T07:37:38.312+0000] {dag.py:3947} INFO - Setting next_dagrun for minio_to_snowflake to 2026-02-04 07:37:00+00:00, run_after=2026-02-04 07:38:00+00:00
[2026-02-04T07:37:38.344+0000] {processor.py:183} INFO - Processing /opt/airflow/dags/minio_to_snowflake.py took 2.707 seconds
[2026-02-04T07:38:08.704+0000] {processor.py:161} INFO - Started process (PID=3196) to work on /opt/airflow/dags/minio_to_snowflake.py
[2026-02-04T07:38:08.707+0000] {processor.py:830} INFO - Processing file /opt/airflow/dags/minio_to_snowflake.py for tasks to queue
[2026-02-04T07:38:08.712+0000] {logging_mixin.py:188} INFO - [2026-02-04T07:38:08.711+0000] {dagbag.py:545} INFO - Filling up the DagBag from /opt/airflow/dags/minio_to_snowflake.py
[2026-02-04T07:38:10.745+0000] {processor.py:840} INFO - DAG(s) 'minio_to_snowflake' retrieved from /opt/airflow/dags/minio_to_snowflake.py
[2026-02-04T07:38:11.010+0000] {logging_mixin.py:188} INFO - [2026-02-04T07:38:11.008+0000] {dag.py:3089} INFO - Sync 1 DAGs
[2026-02-04T07:38:11.143+0000] {logging_mixin.py:188} INFO - [2026-02-04T07:38:11.142+0000] {dag.py:3947} INFO - Setting next_dagrun for minio_to_snowflake to 2026-02-04 07:38:00+00:00, run_after=2026-02-04 07:39:00+00:00
[2026-02-04T07:38:11.203+0000] {processor.py:183} INFO - Processing /opt/airflow/dags/minio_to_snowflake.py took 2.515 seconds
[2026-02-04T07:38:41.574+0000] {processor.py:161} INFO - Started process (PID=3371) to work on /opt/airflow/dags/minio_to_snowflake.py
[2026-02-04T07:38:41.576+0000] {processor.py:830} INFO - Processing file /opt/airflow/dags/minio_to_snowflake.py for tasks to queue
[2026-02-04T07:38:41.579+0000] {logging_mixin.py:188} INFO - [2026-02-04T07:38:41.578+0000] {dagbag.py:545} INFO - Filling up the DagBag from /opt/airflow/dags/minio_to_snowflake.py
[2026-02-04T07:38:42.786+0000] {processor.py:840} INFO - DAG(s) 'minio_to_snowflake' retrieved from /opt/airflow/dags/minio_to_snowflake.py
[2026-02-04T07:38:42.823+0000] {logging_mixin.py:188} INFO - [2026-02-04T07:38:42.822+0000] {dag.py:3089} INFO - Sync 1 DAGs
[2026-02-04T07:38:42.857+0000] {logging_mixin.py:188} INFO - [2026-02-04T07:38:42.857+0000] {dag.py:3947} INFO - Setting next_dagrun for minio_to_snowflake to 2026-02-04 07:38:00+00:00, run_after=2026-02-04 07:39:00+00:00
[2026-02-04T07:38:42.887+0000] {processor.py:183} INFO - Processing /opt/airflow/dags/minio_to_snowflake.py took 1.323 seconds
[2026-02-04T07:39:13.344+0000] {processor.py:161} INFO - Started process (PID=4050) to work on /opt/airflow/dags/minio_to_snowflake.py
[2026-02-04T07:39:13.347+0000] {processor.py:830} INFO - Processing file /opt/airflow/dags/minio_to_snowflake.py for tasks to queue
[2026-02-04T07:39:13.354+0000] {logging_mixin.py:188} INFO - [2026-02-04T07:39:13.353+0000] {dagbag.py:545} INFO - Filling up the DagBag from /opt/airflow/dags/minio_to_snowflake.py
[2026-02-04T07:39:15.558+0000] {processor.py:840} INFO - DAG(s) 'minio_to_snowflake' retrieved from /opt/airflow/dags/minio_to_snowflake.py
[2026-02-04T07:39:15.635+0000] {logging_mixin.py:188} INFO - [2026-02-04T07:39:15.632+0000] {dag.py:3089} INFO - Sync 1 DAGs
[2026-02-04T07:39:15.685+0000] {logging_mixin.py:188} INFO - [2026-02-04T07:39:15.685+0000] {dag.py:3947} INFO - Setting next_dagrun for minio_to_snowflake to 2026-02-04 07:39:00+00:00, run_after=2026-02-04 07:40:00+00:00
[2026-02-04T07:39:15.729+0000] {processor.py:183} INFO - Processing /opt/airflow/dags/minio_to_snowflake.py took 2.405 seconds
[2026-02-04T07:39:46.122+0000] {processor.py:161} INFO - Started process (PID=4211) to work on /opt/airflow/dags/minio_to_snowflake.py
[2026-02-04T07:39:46.123+0000] {processor.py:830} INFO - Processing file /opt/airflow/dags/minio_to_snowflake.py for tasks to queue
[2026-02-04T07:39:46.126+0000] {logging_mixin.py:188} INFO - [2026-02-04T07:39:46.125+0000] {dagbag.py:545} INFO - Filling up the DagBag from /opt/airflow/dags/minio_to_snowflake.py
[2026-02-04T07:39:47.031+0000] {processor.py:840} INFO - DAG(s) 'minio_to_snowflake' retrieved from /opt/airflow/dags/minio_to_snowflake.py
[2026-02-04T07:39:47.064+0000] {logging_mixin.py:188} INFO - [2026-02-04T07:39:47.063+0000] {dag.py:3089} INFO - Sync 1 DAGs
[2026-02-04T07:39:47.088+0000] {logging_mixin.py:188} INFO - [2026-02-04T07:39:47.088+0000] {dag.py:3947} INFO - Setting next_dagrun for minio_to_snowflake to 2026-02-04 07:39:00+00:00, run_after=2026-02-04 07:40:00+00:00
[2026-02-04T07:39:47.109+0000] {processor.py:183} INFO - Processing /opt/airflow/dags/minio_to_snowflake.py took 0.996 seconds
[2026-02-04T07:40:17.439+0000] {processor.py:161} INFO - Started process (PID=4922) to work on /opt/airflow/dags/minio_to_snowflake.py
[2026-02-04T07:40:17.443+0000] {processor.py:830} INFO - Processing file /opt/airflow/dags/minio_to_snowflake.py for tasks to queue
[2026-02-04T07:40:17.451+0000] {logging_mixin.py:188} INFO - [2026-02-04T07:40:17.450+0000] {dagbag.py:545} INFO - Filling up the DagBag from /opt/airflow/dags/minio_to_snowflake.py
[2026-02-04T07:40:20.916+0000] {processor.py:840} INFO - DAG(s) 'minio_to_snowflake' retrieved from /opt/airflow/dags/minio_to_snowflake.py
[2026-02-04T07:40:20.993+0000] {logging_mixin.py:188} INFO - [2026-02-04T07:40:20.992+0000] {dag.py:3089} INFO - Sync 1 DAGs
[2026-02-04T07:40:21.068+0000] {logging_mixin.py:188} INFO - [2026-02-04T07:40:21.068+0000] {dag.py:3947} INFO - Setting next_dagrun for minio_to_snowflake to 2026-02-04 07:40:00+00:00, run_after=2026-02-04 07:41:00+00:00
[2026-02-04T07:40:21.101+0000] {processor.py:183} INFO - Processing /opt/airflow/dags/minio_to_snowflake.py took 3.680 seconds
[2026-02-04T07:40:51.500+0000] {processor.py:161} INFO - Started process (PID=5085) to work on /opt/airflow/dags/minio_to_snowflake.py
[2026-02-04T07:40:51.502+0000] {processor.py:830} INFO - Processing file /opt/airflow/dags/minio_to_snowflake.py for tasks to queue
[2026-02-04T07:40:51.506+0000] {logging_mixin.py:188} INFO - [2026-02-04T07:40:51.504+0000] {dagbag.py:545} INFO - Filling up the DagBag from /opt/airflow/dags/minio_to_snowflake.py
[2026-02-04T07:40:52.504+0000] {processor.py:840} INFO - DAG(s) 'minio_to_snowflake' retrieved from /opt/airflow/dags/minio_to_snowflake.py
[2026-02-04T07:40:52.536+0000] {logging_mixin.py:188} INFO - [2026-02-04T07:40:52.535+0000] {dag.py:3089} INFO - Sync 1 DAGs
[2026-02-04T07:40:52.567+0000] {logging_mixin.py:188} INFO - [2026-02-04T07:40:52.567+0000] {dag.py:3947} INFO - Setting next_dagrun for minio_to_snowflake to 2026-02-04 07:40:00+00:00, run_after=2026-02-04 07:41:00+00:00
[2026-02-04T07:40:52.592+0000] {processor.py:183} INFO - Processing /opt/airflow/dags/minio_to_snowflake.py took 1.102 seconds
[2026-02-04T07:41:22.734+0000] {processor.py:161} INFO - Started process (PID=5859) to work on /opt/airflow/dags/minio_to_snowflake.py
[2026-02-04T07:41:22.736+0000] {processor.py:830} INFO - Processing file /opt/airflow/dags/minio_to_snowflake.py for tasks to queue
[2026-02-04T07:41:22.738+0000] {logging_mixin.py:188} INFO - [2026-02-04T07:41:22.738+0000] {dagbag.py:545} INFO - Filling up the DagBag from /opt/airflow/dags/minio_to_snowflake.py
[2026-02-04T07:41:28.843+0000] {processor.py:840} INFO - DAG(s) 'minio_to_snowflake' retrieved from /opt/airflow/dags/minio_to_snowflake.py
[2026-02-04T07:41:29.283+0000] {logging_mixin.py:188} INFO - [2026-02-04T07:41:29.283+0000] {dag.py:3089} INFO - Sync 1 DAGs
[2026-02-04T07:41:29.487+0000] {logging_mixin.py:188} INFO - [2026-02-04T07:41:29.487+0000] {dag.py:3947} INFO - Setting next_dagrun for minio_to_snowflake to 2026-02-04 07:41:00+00:00, run_after=2026-02-04 07:42:00+00:00
[2026-02-04T07:41:29.623+0000] {processor.py:183} INFO - Processing /opt/airflow/dags/minio_to_snowflake.py took 6.897 seconds
[2026-02-04T07:42:00.201+0000] {processor.py:161} INFO - Started process (PID=6026) to work on /opt/airflow/dags/minio_to_snowflake.py
[2026-02-04T07:42:00.203+0000] {processor.py:830} INFO - Processing file /opt/airflow/dags/minio_to_snowflake.py for tasks to queue
[2026-02-04T07:42:00.206+0000] {logging_mixin.py:188} INFO - [2026-02-04T07:42:00.205+0000] {dagbag.py:545} INFO - Filling up the DagBag from /opt/airflow/dags/minio_to_snowflake.py
[2026-02-04T07:42:01.779+0000] {processor.py:840} INFO - DAG(s) 'minio_to_snowflake' retrieved from /opt/airflow/dags/minio_to_snowflake.py
[2026-02-04T07:42:01.821+0000] {logging_mixin.py:188} INFO - [2026-02-04T07:42:01.818+0000] {dag.py:3089} INFO - Sync 1 DAGs
[2026-02-04T07:42:01.850+0000] {logging_mixin.py:188} INFO - [2026-02-04T07:42:01.849+0000] {dag.py:3947} INFO - Setting next_dagrun for minio_to_snowflake to 2026-02-04 07:42:00+00:00, run_after=2026-02-04 07:43:00+00:00
[2026-02-04T07:42:01.878+0000] {processor.py:183} INFO - Processing /opt/airflow/dags/minio_to_snowflake.py took 1.688 seconds
[2026-02-04T07:42:32.345+0000] {processor.py:161} INFO - Started process (PID=6874) to work on /opt/airflow/dags/minio_to_snowflake.py
[2026-02-04T07:42:32.348+0000] {processor.py:830} INFO - Processing file /opt/airflow/dags/minio_to_snowflake.py for tasks to queue
[2026-02-04T07:42:32.354+0000] {logging_mixin.py:188} INFO - [2026-02-04T07:42:32.353+0000] {dagbag.py:545} INFO - Filling up the DagBag from /opt/airflow/dags/minio_to_snowflake.py
[2026-02-04T07:42:36.071+0000] {processor.py:840} INFO - DAG(s) 'minio_to_snowflake' retrieved from /opt/airflow/dags/minio_to_snowflake.py
[2026-02-04T07:42:36.156+0000] {logging_mixin.py:188} INFO - [2026-02-04T07:42:36.155+0000] {dag.py:3089} INFO - Sync 1 DAGs
[2026-02-04T07:42:36.226+0000] {logging_mixin.py:188} INFO - [2026-02-04T07:42:36.226+0000] {dag.py:3947} INFO - Setting next_dagrun for minio_to_snowflake to 2026-02-04 07:42:00+00:00, run_after=2026-02-04 07:43:00+00:00
[2026-02-04T07:42:36.295+0000] {processor.py:183} INFO - Processing /opt/airflow/dags/minio_to_snowflake.py took 3.969 seconds
[2026-02-04T07:43:06.955+0000] {processor.py:161} INFO - Started process (PID=7083) to work on /opt/airflow/dags/minio_to_snowflake.py
[2026-02-04T07:43:06.960+0000] {processor.py:830} INFO - Processing file /opt/airflow/dags/minio_to_snowflake.py for tasks to queue
[2026-02-04T07:43:06.970+0000] {logging_mixin.py:188} INFO - [2026-02-04T07:43:06.968+0000] {dagbag.py:545} INFO - Filling up the DagBag from /opt/airflow/dags/minio_to_snowflake.py
[2026-02-04T07:43:11.745+0000] {processor.py:840} INFO - DAG(s) 'minio_to_snowflake' retrieved from /opt/airflow/dags/minio_to_snowflake.py
[2026-02-04T07:43:11.892+0000] {logging_mixin.py:188} INFO - [2026-02-04T07:43:11.891+0000] {dag.py:3089} INFO - Sync 1 DAGs
[2026-02-04T07:43:11.988+0000] {logging_mixin.py:188} INFO - [2026-02-04T07:43:11.988+0000] {dag.py:3947} INFO - Setting next_dagrun for minio_to_snowflake to 2026-02-04 07:43:00+00:00, run_after=2026-02-04 07:44:00+00:00
[2026-02-04T07:43:12.041+0000] {processor.py:183} INFO - Processing /opt/airflow/dags/minio_to_snowflake.py took 5.127 seconds
[2026-02-04T07:43:42.500+0000] {processor.py:161} INFO - Started process (PID=7940) to work on /opt/airflow/dags/minio_to_snowflake.py
[2026-02-04T07:43:42.503+0000] {processor.py:830} INFO - Processing file /opt/airflow/dags/minio_to_snowflake.py for tasks to queue
[2026-02-04T07:43:42.509+0000] {logging_mixin.py:188} INFO - [2026-02-04T07:43:42.508+0000] {dagbag.py:545} INFO - Filling up the DagBag from /opt/airflow/dags/minio_to_snowflake.py
[2026-02-04T07:43:45.658+0000] {processor.py:840} INFO - DAG(s) 'minio_to_snowflake' retrieved from /opt/airflow/dags/minio_to_snowflake.py
[2026-02-04T07:43:45.897+0000] {logging_mixin.py:188} INFO - [2026-02-04T07:43:45.896+0000] {dag.py:3089} INFO - Sync 1 DAGs
[2026-02-04T07:43:46.049+0000] {logging_mixin.py:188} INFO - [2026-02-04T07:43:46.049+0000] {dag.py:3947} INFO - Setting next_dagrun for minio_to_snowflake to 2026-02-04 07:43:00+00:00, run_after=2026-02-04 07:44:00+00:00
[2026-02-04T07:43:46.113+0000] {processor.py:183} INFO - Processing /opt/airflow/dags/minio_to_snowflake.py took 3.629 seconds
[2026-02-04T07:44:16.678+0000] {processor.py:161} INFO - Started process (PID=8923) to work on /opt/airflow/dags/minio_to_snowflake.py
[2026-02-04T07:44:16.681+0000] {processor.py:830} INFO - Processing file /opt/airflow/dags/minio_to_snowflake.py for tasks to queue
[2026-02-04T07:44:16.695+0000] {logging_mixin.py:188} INFO - [2026-02-04T07:44:16.692+0000] {dagbag.py:545} INFO - Filling up the DagBag from /opt/airflow/dags/minio_to_snowflake.py
[2026-02-04T07:44:20.078+0000] {processor.py:840} INFO - DAG(s) 'minio_to_snowflake' retrieved from /opt/airflow/dags/minio_to_snowflake.py
[2026-02-04T07:44:20.167+0000] {logging_mixin.py:188} INFO - [2026-02-04T07:44:20.166+0000] {dag.py:3089} INFO - Sync 1 DAGs
[2026-02-04T07:44:20.253+0000] {logging_mixin.py:188} INFO - [2026-02-04T07:44:20.253+0000] {dag.py:3947} INFO - Setting next_dagrun for minio_to_snowflake to 2026-02-04 07:44:00+00:00, run_after=2026-02-04 07:45:00+00:00
[2026-02-04T07:44:20.303+0000] {processor.py:183} INFO - Processing /opt/airflow/dags/minio_to_snowflake.py took 3.664 seconds
[2026-02-04T07:44:50.746+0000] {processor.py:161} INFO - Started process (PID=9130) to work on /opt/airflow/dags/minio_to_snowflake.py
[2026-02-04T07:44:50.748+0000] {processor.py:830} INFO - Processing file /opt/airflow/dags/minio_to_snowflake.py for tasks to queue
[2026-02-04T07:44:50.750+0000] {logging_mixin.py:188} INFO - [2026-02-04T07:44:50.750+0000] {dagbag.py:545} INFO - Filling up the DagBag from /opt/airflow/dags/minio_to_snowflake.py
[2026-02-04T07:44:51.659+0000] {processor.py:840} INFO - DAG(s) 'minio_to_snowflake' retrieved from /opt/airflow/dags/minio_to_snowflake.py
[2026-02-04T07:44:51.693+0000] {logging_mixin.py:188} INFO - [2026-02-04T07:44:51.691+0000] {dag.py:3089} INFO - Sync 1 DAGs
[2026-02-04T07:44:51.718+0000] {logging_mixin.py:188} INFO - [2026-02-04T07:44:51.718+0000] {dag.py:3947} INFO - Setting next_dagrun for minio_to_snowflake to 2026-02-04 07:44:00+00:00, run_after=2026-02-04 07:45:00+00:00
[2026-02-04T07:44:51.740+0000] {processor.py:183} INFO - Processing /opt/airflow/dags/minio_to_snowflake.py took 1.002 seconds
[2026-02-04T07:45:22.374+0000] {processor.py:161} INFO - Started process (PID=10181) to work on /opt/airflow/dags/minio_to_snowflake.py
[2026-02-04T07:45:22.378+0000] {processor.py:830} INFO - Processing file /opt/airflow/dags/minio_to_snowflake.py for tasks to queue
[2026-02-04T07:45:22.385+0000] {logging_mixin.py:188} INFO - [2026-02-04T07:45:22.383+0000] {dagbag.py:545} INFO - Filling up the DagBag from /opt/airflow/dags/minio_to_snowflake.py
[2026-02-04T07:45:26.199+0000] {processor.py:840} INFO - DAG(s) 'minio_to_snowflake' retrieved from /opt/airflow/dags/minio_to_snowflake.py
[2026-02-04T07:45:26.273+0000] {logging_mixin.py:188} INFO - [2026-02-04T07:45:26.272+0000] {dag.py:3089} INFO - Sync 1 DAGs
[2026-02-04T07:45:26.338+0000] {logging_mixin.py:188} INFO - [2026-02-04T07:45:26.338+0000] {dag.py:3947} INFO - Setting next_dagrun for minio_to_snowflake to 2026-02-04 07:45:00+00:00, run_after=2026-02-04 07:46:00+00:00
[2026-02-04T07:45:26.394+0000] {processor.py:183} INFO - Processing /opt/airflow/dags/minio_to_snowflake.py took 4.040 seconds
[2026-02-04T07:45:56.748+0000] {processor.py:161} INFO - Started process (PID=10395) to work on /opt/airflow/dags/minio_to_snowflake.py
[2026-02-04T07:45:56.750+0000] {processor.py:830} INFO - Processing file /opt/airflow/dags/minio_to_snowflake.py for tasks to queue
[2026-02-04T07:45:56.754+0000] {logging_mixin.py:188} INFO - [2026-02-04T07:45:56.753+0000] {dagbag.py:545} INFO - Filling up the DagBag from /opt/airflow/dags/minio_to_snowflake.py
[2026-02-04T07:45:57.810+0000] {processor.py:840} INFO - DAG(s) 'minio_to_snowflake' retrieved from /opt/airflow/dags/minio_to_snowflake.py
[2026-02-04T07:45:57.844+0000] {logging_mixin.py:188} INFO - [2026-02-04T07:45:57.843+0000] {dag.py:3089} INFO - Sync 1 DAGs
[2026-02-04T07:45:57.874+0000] {logging_mixin.py:188} INFO - [2026-02-04T07:45:57.873+0000] {dag.py:3947} INFO - Setting next_dagrun for minio_to_snowflake to 2026-02-04 07:45:00+00:00, run_after=2026-02-04 07:46:00+00:00
[2026-02-04T07:45:57.897+0000] {processor.py:183} INFO - Processing /opt/airflow/dags/minio_to_snowflake.py took 1.156 seconds
[2026-02-04T07:46:28.497+0000] {processor.py:161} INFO - Started process (PID=11512) to work on /opt/airflow/dags/minio_to_snowflake.py
[2026-02-04T07:46:28.513+0000] {processor.py:830} INFO - Processing file /opt/airflow/dags/minio_to_snowflake.py for tasks to queue
[2026-02-04T07:46:28.572+0000] {logging_mixin.py:188} INFO - [2026-02-04T07:46:28.565+0000] {dagbag.py:545} INFO - Filling up the DagBag from /opt/airflow/dags/minio_to_snowflake.py
[2026-02-04T07:46:36.472+0000] {processor.py:840} INFO - DAG(s) 'minio_to_snowflake' retrieved from /opt/airflow/dags/minio_to_snowflake.py
[2026-02-04T07:46:36.658+0000] {logging_mixin.py:188} INFO - [2026-02-04T07:46:36.654+0000] {dag.py:3089} INFO - Sync 1 DAGs
[2026-02-04T07:46:36.779+0000] {logging_mixin.py:188} INFO - [2026-02-04T07:46:36.778+0000] {dag.py:3947} INFO - Setting next_dagrun for minio_to_snowflake to 2026-02-04 07:46:00+00:00, run_after=2026-02-04 07:47:00+00:00
[2026-02-04T07:46:36.836+0000] {processor.py:183} INFO - Processing /opt/airflow/dags/minio_to_snowflake.py took 8.560 seconds
[2026-02-04T07:47:07.628+0000] {processor.py:161} INFO - Started process (PID=12481) to work on /opt/airflow/dags/minio_to_snowflake.py
[2026-02-04T07:47:07.661+0000] {processor.py:830} INFO - Processing file /opt/airflow/dags/minio_to_snowflake.py for tasks to queue
[2026-02-04T07:47:07.756+0000] {logging_mixin.py:188} INFO - [2026-02-04T07:47:07.752+0000] {dagbag.py:545} INFO - Filling up the DagBag from /opt/airflow/dags/minio_to_snowflake.py
[2026-02-04T07:47:16.158+0000] {processor.py:840} INFO - DAG(s) 'minio_to_snowflake' retrieved from /opt/airflow/dags/minio_to_snowflake.py
[2026-02-04T07:47:16.243+0000] {logging_mixin.py:188} INFO - [2026-02-04T07:47:16.242+0000] {dag.py:3089} INFO - Sync 1 DAGs
[2026-02-04T07:47:16.308+0000] {logging_mixin.py:188} INFO - [2026-02-04T07:47:16.308+0000] {dag.py:3947} INFO - Setting next_dagrun for minio_to_snowflake to 2026-02-04 07:47:00+00:00, run_after=2026-02-04 07:48:00+00:00
[2026-02-04T07:47:16.351+0000] {processor.py:183} INFO - Processing /opt/airflow/dags/minio_to_snowflake.py took 9.027 seconds
[2026-02-04T07:47:49.034+0000] {processor.py:161} INFO - Started process (PID=13040) to work on /opt/airflow/dags/minio_to_snowflake.py
[2026-02-04T07:47:49.046+0000] {processor.py:830} INFO - Processing file /opt/airflow/dags/minio_to_snowflake.py for tasks to queue
[2026-02-04T07:47:49.069+0000] {logging_mixin.py:188} INFO - [2026-02-04T07:47:49.057+0000] {dagbag.py:545} INFO - Filling up the DagBag from /opt/airflow/dags/minio_to_snowflake.py
[2026-02-04T07:47:51.826+0000] {processor.py:840} INFO - DAG(s) 'minio_to_snowflake' retrieved from /opt/airflow/dags/minio_to_snowflake.py
[2026-02-04T07:47:51.909+0000] {logging_mixin.py:188} INFO - [2026-02-04T07:47:51.903+0000] {dag.py:3089} INFO - Sync 1 DAGs
[2026-02-04T07:47:51.970+0000] {logging_mixin.py:188} INFO - [2026-02-04T07:47:51.969+0000] {dag.py:3947} INFO - Setting next_dagrun for minio_to_snowflake to 2026-02-04 07:47:00+00:00, run_after=2026-02-04 07:48:00+00:00
[2026-02-04T07:47:52.024+0000] {processor.py:183} INFO - Processing /opt/airflow/dags/minio_to_snowflake.py took 3.077 seconds
[2026-02-04T07:48:22.323+0000] {processor.py:161} INFO - Started process (PID=14277) to work on /opt/airflow/dags/minio_to_snowflake.py
[2026-02-04T07:48:22.328+0000] {processor.py:830} INFO - Processing file /opt/airflow/dags/minio_to_snowflake.py for tasks to queue
[2026-02-04T07:48:22.336+0000] {logging_mixin.py:188} INFO - [2026-02-04T07:48:22.335+0000] {dagbag.py:545} INFO - Filling up the DagBag from /opt/airflow/dags/minio_to_snowflake.py
[2026-02-04T07:48:26.335+0000] {processor.py:840} INFO - DAG(s) 'minio_to_snowflake' retrieved from /opt/airflow/dags/minio_to_snowflake.py
[2026-02-04T07:48:26.488+0000] {logging_mixin.py:188} INFO - [2026-02-04T07:48:26.487+0000] {dag.py:3089} INFO - Sync 1 DAGs
[2026-02-04T07:48:26.748+0000] {logging_mixin.py:188} INFO - [2026-02-04T07:48:26.747+0000] {dag.py:3947} INFO - Setting next_dagrun for minio_to_snowflake to 2026-02-04 07:48:00+00:00, run_after=2026-02-04 07:49:00+00:00
[2026-02-04T07:48:26.834+0000] {processor.py:183} INFO - Processing /opt/airflow/dags/minio_to_snowflake.py took 4.532 seconds
[2026-02-04T07:48:57.311+0000] {processor.py:161} INFO - Started process (PID=14558) to work on /opt/airflow/dags/minio_to_snowflake.py
[2026-02-04T07:48:57.315+0000] {processor.py:830} INFO - Processing file /opt/airflow/dags/minio_to_snowflake.py for tasks to queue
[2026-02-04T07:48:57.335+0000] {logging_mixin.py:188} INFO - [2026-02-04T07:48:57.331+0000] {dagbag.py:545} INFO - Filling up the DagBag from /opt/airflow/dags/minio_to_snowflake.py
[2026-02-04T07:48:58.808+0000] {processor.py:840} INFO - DAG(s) 'minio_to_snowflake' retrieved from /opt/airflow/dags/minio_to_snowflake.py
[2026-02-04T07:48:58.844+0000] {logging_mixin.py:188} INFO - [2026-02-04T07:48:58.844+0000] {dag.py:3089} INFO - Sync 1 DAGs
[2026-02-04T07:48:58.875+0000] {logging_mixin.py:188} INFO - [2026-02-04T07:48:58.874+0000] {dag.py:3947} INFO - Setting next_dagrun for minio_to_snowflake to 2026-02-04 07:48:00+00:00, run_after=2026-02-04 07:49:00+00:00
[2026-02-04T07:48:58.901+0000] {processor.py:183} INFO - Processing /opt/airflow/dags/minio_to_snowflake.py took 1.621 seconds
[2026-02-04T07:49:29.209+0000] {processor.py:161} INFO - Started process (PID=15807) to work on /opt/airflow/dags/minio_to_snowflake.py
[2026-02-04T07:49:29.214+0000] {processor.py:830} INFO - Processing file /opt/airflow/dags/minio_to_snowflake.py for tasks to queue
[2026-02-04T07:49:29.230+0000] {logging_mixin.py:188} INFO - [2026-02-04T07:49:29.228+0000] {dagbag.py:545} INFO - Filling up the DagBag from /opt/airflow/dags/minio_to_snowflake.py
[2026-02-04T07:49:30.606+0000] {processor.py:840} INFO - DAG(s) 'minio_to_snowflake' retrieved from /opt/airflow/dags/minio_to_snowflake.py
[2026-02-04T07:49:30.648+0000] {logging_mixin.py:188} INFO - [2026-02-04T07:49:30.647+0000] {dag.py:3089} INFO - Sync 1 DAGs
[2026-02-04T07:49:30.687+0000] {logging_mixin.py:188} INFO - [2026-02-04T07:49:30.687+0000] {dag.py:3947} INFO - Setting next_dagrun for minio_to_snowflake to 2026-02-04 07:49:00+00:00, run_after=2026-02-04 07:50:00+00:00
[2026-02-04T07:49:30.717+0000] {processor.py:183} INFO - Processing /opt/airflow/dags/minio_to_snowflake.py took 1.532 seconds
[2026-02-04T07:50:01.029+0000] {processor.py:161} INFO - Started process (PID=16080) to work on /opt/airflow/dags/minio_to_snowflake.py
[2026-02-04T07:50:01.031+0000] {processor.py:830} INFO - Processing file /opt/airflow/dags/minio_to_snowflake.py for tasks to queue
[2026-02-04T07:50:01.036+0000] {logging_mixin.py:188} INFO - [2026-02-04T07:50:01.036+0000] {dagbag.py:545} INFO - Filling up the DagBag from /opt/airflow/dags/minio_to_snowflake.py
[2026-02-04T07:50:04.111+0000] {processor.py:840} INFO - DAG(s) 'minio_to_snowflake' retrieved from /opt/airflow/dags/minio_to_snowflake.py
[2026-02-04T07:50:04.164+0000] {logging_mixin.py:188} INFO - [2026-02-04T07:50:04.163+0000] {dag.py:3089} INFO - Sync 1 DAGs
[2026-02-04T07:50:04.211+0000] {logging_mixin.py:188} INFO - [2026-02-04T07:50:04.210+0000] {dag.py:3947} INFO - Setting next_dagrun for minio_to_snowflake to 2026-02-04 07:50:00+00:00, run_after=2026-02-04 07:51:00+00:00
[2026-02-04T07:50:04.244+0000] {processor.py:183} INFO - Processing /opt/airflow/dags/minio_to_snowflake.py took 3.225 seconds
[2026-02-04T07:50:34.567+0000] {processor.py:161} INFO - Started process (PID=17319) to work on /opt/airflow/dags/minio_to_snowflake.py
[2026-02-04T07:50:34.571+0000] {processor.py:830} INFO - Processing file /opt/airflow/dags/minio_to_snowflake.py for tasks to queue
[2026-02-04T07:50:34.579+0000] {logging_mixin.py:188} INFO - [2026-02-04T07:50:34.578+0000] {dagbag.py:545} INFO - Filling up the DagBag from /opt/airflow/dags/minio_to_snowflake.py
[2026-02-04T07:50:36.666+0000] {processor.py:840} INFO - DAG(s) 'minio_to_snowflake' retrieved from /opt/airflow/dags/minio_to_snowflake.py
[2026-02-04T07:50:36.738+0000] {logging_mixin.py:188} INFO - [2026-02-04T07:50:36.735+0000] {dag.py:3089} INFO - Sync 1 DAGs
[2026-02-04T07:50:36.791+0000] {logging_mixin.py:188} INFO - [2026-02-04T07:50:36.790+0000] {dag.py:3947} INFO - Setting next_dagrun for minio_to_snowflake to 2026-02-04 07:50:00+00:00, run_after=2026-02-04 07:51:00+00:00
[2026-02-04T07:50:36.841+0000] {processor.py:183} INFO - Processing /opt/airflow/dags/minio_to_snowflake.py took 2.291 seconds
[2026-02-04T07:51:07.278+0000] {processor.py:161} INFO - Started process (PID=18420) to work on /opt/airflow/dags/minio_to_snowflake.py
[2026-02-04T07:51:07.283+0000] {processor.py:830} INFO - Processing file /opt/airflow/dags/minio_to_snowflake.py for tasks to queue
[2026-02-04T07:51:07.301+0000] {logging_mixin.py:188} INFO - [2026-02-04T07:51:07.298+0000] {dagbag.py:545} INFO - Filling up the DagBag from /opt/airflow/dags/minio_to_snowflake.py
[2026-02-04T07:51:12.385+0000] {processor.py:840} INFO - DAG(s) 'minio_to_snowflake' retrieved from /opt/airflow/dags/minio_to_snowflake.py
[2026-02-04T07:51:12.484+0000] {logging_mixin.py:188} INFO - [2026-02-04T07:51:12.482+0000] {dag.py:3089} INFO - Sync 1 DAGs
[2026-02-04T07:51:12.566+0000] {logging_mixin.py:188} INFO - [2026-02-04T07:51:12.565+0000] {dag.py:3947} INFO - Setting next_dagrun for minio_to_snowflake to 2026-02-04 07:51:00+00:00, run_after=2026-02-04 07:52:00+00:00
[2026-02-04T07:51:12.621+0000] {processor.py:183} INFO - Processing /opt/airflow/dags/minio_to_snowflake.py took 5.399 seconds
[2026-02-04T07:51:43.622+0000] {processor.py:161} INFO - Started process (PID=18904) to work on /opt/airflow/dags/minio_to_snowflake.py
[2026-02-04T07:51:43.629+0000] {processor.py:830} INFO - Processing file /opt/airflow/dags/minio_to_snowflake.py for tasks to queue
[2026-02-04T07:51:43.644+0000] {logging_mixin.py:188} INFO - [2026-02-04T07:51:43.642+0000] {dagbag.py:545} INFO - Filling up the DagBag from /opt/airflow/dags/minio_to_snowflake.py
[2026-02-04T07:51:46.422+0000] {processor.py:840} INFO - DAG(s) 'minio_to_snowflake' retrieved from /opt/airflow/dags/minio_to_snowflake.py
[2026-02-04T07:51:46.496+0000] {logging_mixin.py:188} INFO - [2026-02-04T07:51:46.495+0000] {dag.py:3089} INFO - Sync 1 DAGs
[2026-02-04T07:51:46.556+0000] {logging_mixin.py:188} INFO - [2026-02-04T07:51:46.555+0000] {dag.py:3947} INFO - Setting next_dagrun for minio_to_snowflake to 2026-02-04 07:51:00+00:00, run_after=2026-02-04 07:52:00+00:00
[2026-02-04T07:51:46.604+0000] {processor.py:183} INFO - Processing /opt/airflow/dags/minio_to_snowflake.py took 3.046 seconds
[2026-02-04T07:52:16.980+0000] {processor.py:161} INFO - Started process (PID=20204) to work on /opt/airflow/dags/minio_to_snowflake.py
[2026-02-04T07:52:16.984+0000] {processor.py:830} INFO - Processing file /opt/airflow/dags/minio_to_snowflake.py for tasks to queue
[2026-02-04T07:52:16.998+0000] {logging_mixin.py:188} INFO - [2026-02-04T07:52:16.994+0000] {dagbag.py:545} INFO - Filling up the DagBag from /opt/airflow/dags/minio_to_snowflake.py
[2026-02-04T07:52:21.383+0000] {processor.py:840} INFO - DAG(s) 'minio_to_snowflake' retrieved from /opt/airflow/dags/minio_to_snowflake.py
[2026-02-04T07:52:21.462+0000] {logging_mixin.py:188} INFO - [2026-02-04T07:52:21.461+0000] {dag.py:3089} INFO - Sync 1 DAGs
[2026-02-04T07:52:21.556+0000] {logging_mixin.py:188} INFO - [2026-02-04T07:52:21.555+0000] {dag.py:3947} INFO - Setting next_dagrun for minio_to_snowflake to 2026-02-04 07:52:00+00:00, run_after=2026-02-04 07:53:00+00:00
[2026-02-04T07:52:21.613+0000] {processor.py:183} INFO - Processing /opt/airflow/dags/minio_to_snowflake.py took 4.654 seconds
[2026-02-04T07:52:52.047+0000] {processor.py:161} INFO - Started process (PID=20568) to work on /opt/airflow/dags/minio_to_snowflake.py
[2026-02-04T07:52:52.049+0000] {processor.py:830} INFO - Processing file /opt/airflow/dags/minio_to_snowflake.py for tasks to queue
[2026-02-04T07:52:52.054+0000] {logging_mixin.py:188} INFO - [2026-02-04T07:52:52.054+0000] {dagbag.py:545} INFO - Filling up the DagBag from /opt/airflow/dags/minio_to_snowflake.py
[2026-02-04T07:52:53.088+0000] {processor.py:840} INFO - DAG(s) 'minio_to_snowflake' retrieved from /opt/airflow/dags/minio_to_snowflake.py
[2026-02-04T07:52:53.119+0000] {logging_mixin.py:188} INFO - [2026-02-04T07:52:53.118+0000] {dag.py:3089} INFO - Sync 1 DAGs
[2026-02-04T07:52:53.145+0000] {logging_mixin.py:188} INFO - [2026-02-04T07:52:53.145+0000] {dag.py:3947} INFO - Setting next_dagrun for minio_to_snowflake to 2026-02-04 07:52:00+00:00, run_after=2026-02-04 07:53:00+00:00
[2026-02-04T07:52:53.169+0000] {processor.py:183} INFO - Processing /opt/airflow/dags/minio_to_snowflake.py took 1.131 seconds
[2026-02-04T07:53:23.492+0000] {processor.py:161} INFO - Started process (PID=21863) to work on /opt/airflow/dags/minio_to_snowflake.py
[2026-02-04T07:53:23.496+0000] {processor.py:830} INFO - Processing file /opt/airflow/dags/minio_to_snowflake.py for tasks to queue
[2026-02-04T07:53:23.507+0000] {logging_mixin.py:188} INFO - [2026-02-04T07:53:23.506+0000] {dagbag.py:545} INFO - Filling up the DagBag from /opt/airflow/dags/minio_to_snowflake.py
[2026-02-04T07:53:26.922+0000] {processor.py:840} INFO - DAG(s) 'minio_to_snowflake' retrieved from /opt/airflow/dags/minio_to_snowflake.py
[2026-02-04T07:53:27.058+0000] {logging_mixin.py:188} INFO - [2026-02-04T07:53:27.052+0000] {dag.py:3089} INFO - Sync 1 DAGs
[2026-02-04T07:53:27.229+0000] {logging_mixin.py:188} INFO - [2026-02-04T07:53:27.227+0000] {dag.py:3947} INFO - Setting next_dagrun for minio_to_snowflake to 2026-02-04 07:53:00+00:00, run_after=2026-02-04 07:54:00+00:00
[2026-02-04T07:53:27.291+0000] {processor.py:183} INFO - Processing /opt/airflow/dags/minio_to_snowflake.py took 3.817 seconds
[2026-02-04T07:53:57.698+0000] {processor.py:161} INFO - Started process (PID=22164) to work on /opt/airflow/dags/minio_to_snowflake.py
[2026-02-04T07:53:57.702+0000] {processor.py:830} INFO - Processing file /opt/airflow/dags/minio_to_snowflake.py for tasks to queue
[2026-02-04T07:53:57.709+0000] {logging_mixin.py:188} INFO - [2026-02-04T07:53:57.708+0000] {dagbag.py:545} INFO - Filling up the DagBag from /opt/airflow/dags/minio_to_snowflake.py
[2026-02-04T07:53:58.891+0000] {processor.py:840} INFO - DAG(s) 'minio_to_snowflake' retrieved from /opt/airflow/dags/minio_to_snowflake.py
[2026-02-04T07:53:58.924+0000] {logging_mixin.py:188} INFO - [2026-02-04T07:53:58.923+0000] {dag.py:3089} INFO - Sync 1 DAGs
[2026-02-04T07:53:58.954+0000] {logging_mixin.py:188} INFO - [2026-02-04T07:53:58.954+0000] {dag.py:3947} INFO - Setting next_dagrun for minio_to_snowflake to 2026-02-04 07:53:00+00:00, run_after=2026-02-04 07:54:00+00:00
[2026-02-04T07:53:58.978+0000] {processor.py:183} INFO - Processing /opt/airflow/dags/minio_to_snowflake.py took 1.301 seconds
[2026-02-04T07:54:29.262+0000] {processor.py:161} INFO - Started process (PID=23470) to work on /opt/airflow/dags/minio_to_snowflake.py
[2026-02-04T07:54:29.266+0000] {processor.py:830} INFO - Processing file /opt/airflow/dags/minio_to_snowflake.py for tasks to queue
[2026-02-04T07:54:29.274+0000] {logging_mixin.py:188} INFO - [2026-02-04T07:54:29.272+0000] {dagbag.py:545} INFO - Filling up the DagBag from /opt/airflow/dags/minio_to_snowflake.py
[2026-02-04T07:54:31.326+0000] {processor.py:840} INFO - DAG(s) 'minio_to_snowflake' retrieved from /opt/airflow/dags/minio_to_snowflake.py
[2026-02-04T07:54:31.372+0000] {logging_mixin.py:188} INFO - [2026-02-04T07:54:31.371+0000] {dag.py:3089} INFO - Sync 1 DAGs
[2026-02-04T07:54:31.412+0000] {logging_mixin.py:188} INFO - [2026-02-04T07:54:31.412+0000] {dag.py:3947} INFO - Setting next_dagrun for minio_to_snowflake to 2026-02-04 07:54:00+00:00, run_after=2026-02-04 07:55:00+00:00
[2026-02-04T07:54:31.448+0000] {processor.py:183} INFO - Processing /opt/airflow/dags/minio_to_snowflake.py took 2.211 seconds
[2026-02-04T07:55:01.800+0000] {processor.py:161} INFO - Started process (PID=23771) to work on /opt/airflow/dags/minio_to_snowflake.py
[2026-02-04T07:55:01.803+0000] {processor.py:830} INFO - Processing file /opt/airflow/dags/minio_to_snowflake.py for tasks to queue
[2026-02-04T07:55:01.815+0000] {logging_mixin.py:188} INFO - [2026-02-04T07:55:01.814+0000] {dagbag.py:545} INFO - Filling up the DagBag from /opt/airflow/dags/minio_to_snowflake.py
[2026-02-04T07:55:04.661+0000] {processor.py:840} INFO - DAG(s) 'minio_to_snowflake' retrieved from /opt/airflow/dags/minio_to_snowflake.py
[2026-02-04T07:55:04.741+0000] {logging_mixin.py:188} INFO - [2026-02-04T07:55:04.740+0000] {dag.py:3089} INFO - Sync 1 DAGs
[2026-02-04T07:55:04.802+0000] {logging_mixin.py:188} INFO - [2026-02-04T07:55:04.801+0000] {dag.py:3947} INFO - Setting next_dagrun for minio_to_snowflake to 2026-02-04 07:55:00+00:00, run_after=2026-02-04 07:56:00+00:00
[2026-02-04T07:55:04.852+0000] {processor.py:183} INFO - Processing /opt/airflow/dags/minio_to_snowflake.py took 3.072 seconds
[2026-02-04T07:55:35.306+0000] {processor.py:161} INFO - Started process (PID=25054) to work on /opt/airflow/dags/minio_to_snowflake.py
[2026-02-04T07:55:35.313+0000] {processor.py:830} INFO - Processing file /opt/airflow/dags/minio_to_snowflake.py for tasks to queue
[2026-02-04T07:55:35.324+0000] {logging_mixin.py:188} INFO - [2026-02-04T07:55:35.322+0000] {dagbag.py:545} INFO - Filling up the DagBag from /opt/airflow/dags/minio_to_snowflake.py
[2026-02-04T07:55:38.297+0000] {processor.py:840} INFO - DAG(s) 'minio_to_snowflake' retrieved from /opt/airflow/dags/minio_to_snowflake.py
[2026-02-04T07:55:38.359+0000] {logging_mixin.py:188} INFO - [2026-02-04T07:55:38.358+0000] {dag.py:3089} INFO - Sync 1 DAGs
[2026-02-04T07:55:38.416+0000] {logging_mixin.py:188} INFO - [2026-02-04T07:55:38.416+0000] {dag.py:3947} INFO - Setting next_dagrun for minio_to_snowflake to 2026-02-04 07:55:00+00:00, run_after=2026-02-04 07:56:00+00:00
[2026-02-04T07:55:38.460+0000] {processor.py:183} INFO - Processing /opt/airflow/dags/minio_to_snowflake.py took 3.182 seconds
[2026-02-04T07:56:08.746+0000] {processor.py:161} INFO - Started process (PID=26091) to work on /opt/airflow/dags/minio_to_snowflake.py
[2026-02-04T07:56:08.751+0000] {processor.py:830} INFO - Processing file /opt/airflow/dags/minio_to_snowflake.py for tasks to queue
[2026-02-04T07:56:08.762+0000] {logging_mixin.py:188} INFO - [2026-02-04T07:56:08.760+0000] {dagbag.py:545} INFO - Filling up the DagBag from /opt/airflow/dags/minio_to_snowflake.py
[2026-02-04T07:56:12.516+0000] {processor.py:840} INFO - DAG(s) 'minio_to_snowflake' retrieved from /opt/airflow/dags/minio_to_snowflake.py
[2026-02-04T07:56:12.662+0000] {logging_mixin.py:188} INFO - [2026-02-04T07:56:12.657+0000] {dag.py:3089} INFO - Sync 1 DAGs
[2026-02-04T07:56:12.782+0000] {logging_mixin.py:188} INFO - [2026-02-04T07:56:12.781+0000] {dag.py:3947} INFO - Setting next_dagrun for minio_to_snowflake to 2026-02-04 07:56:00+00:00, run_after=2026-02-04 07:57:00+00:00
[2026-02-04T07:56:12.872+0000] {processor.py:183} INFO - Processing /opt/airflow/dags/minio_to_snowflake.py took 4.176 seconds
[2026-02-04T07:56:43.293+0000] {processor.py:161} INFO - Started process (PID=26657) to work on /opt/airflow/dags/minio_to_snowflake.py
[2026-02-04T07:56:43.296+0000] {processor.py:830} INFO - Processing file /opt/airflow/dags/minio_to_snowflake.py for tasks to queue
[2026-02-04T07:56:43.304+0000] {logging_mixin.py:188} INFO - [2026-02-04T07:56:43.303+0000] {dagbag.py:545} INFO - Filling up the DagBag from /opt/airflow/dags/minio_to_snowflake.py
[2026-02-04T07:56:45.203+0000] {processor.py:840} INFO - DAG(s) 'minio_to_snowflake' retrieved from /opt/airflow/dags/minio_to_snowflake.py
[2026-02-04T07:56:45.255+0000] {logging_mixin.py:188} INFO - [2026-02-04T07:56:45.254+0000] {dag.py:3089} INFO - Sync 1 DAGs
[2026-02-04T07:56:45.304+0000] {logging_mixin.py:188} INFO - [2026-02-04T07:56:45.303+0000] {dag.py:3947} INFO - Setting next_dagrun for minio_to_snowflake to 2026-02-04 07:56:00+00:00, run_after=2026-02-04 07:57:00+00:00
[2026-02-04T07:56:45.336+0000] {processor.py:183} INFO - Processing /opt/airflow/dags/minio_to_snowflake.py took 2.059 seconds
[2026-02-04T07:57:15.790+0000] {processor.py:161} INFO - Started process (PID=27947) to work on /opt/airflow/dags/minio_to_snowflake.py
[2026-02-04T07:57:15.793+0000] {processor.py:830} INFO - Processing file /opt/airflow/dags/minio_to_snowflake.py for tasks to queue
[2026-02-04T07:57:15.800+0000] {logging_mixin.py:188} INFO - [2026-02-04T07:57:15.799+0000] {dagbag.py:545} INFO - Filling up the DagBag from /opt/airflow/dags/minio_to_snowflake.py
[2026-02-04T07:57:18.054+0000] {processor.py:840} INFO - DAG(s) 'minio_to_snowflake' retrieved from /opt/airflow/dags/minio_to_snowflake.py
[2026-02-04T07:57:18.116+0000] {logging_mixin.py:188} INFO - [2026-02-04T07:57:18.115+0000] {dag.py:3089} INFO - Sync 1 DAGs
[2026-02-04T07:57:18.166+0000] {logging_mixin.py:188} INFO - [2026-02-04T07:57:18.166+0000] {dag.py:3947} INFO - Setting next_dagrun for minio_to_snowflake to 2026-02-04 07:57:00+00:00, run_after=2026-02-04 07:58:00+00:00
[2026-02-04T07:57:18.219+0000] {processor.py:183} INFO - Processing /opt/airflow/dags/minio_to_snowflake.py took 2.446 seconds
[2026-02-04T07:57:48.667+0000] {processor.py:161} INFO - Started process (PID=28234) to work on /opt/airflow/dags/minio_to_snowflake.py
[2026-02-04T07:57:48.670+0000] {processor.py:830} INFO - Processing file /opt/airflow/dags/minio_to_snowflake.py for tasks to queue
[2026-02-04T07:57:48.684+0000] {logging_mixin.py:188} INFO - [2026-02-04T07:57:48.683+0000] {dagbag.py:545} INFO - Filling up the DagBag from /opt/airflow/dags/minio_to_snowflake.py
[2026-02-04T07:57:49.800+0000] {processor.py:840} INFO - DAG(s) 'minio_to_snowflake' retrieved from /opt/airflow/dags/minio_to_snowflake.py
[2026-02-04T07:57:49.833+0000] {logging_mixin.py:188} INFO - [2026-02-04T07:57:49.832+0000] {dag.py:3089} INFO - Sync 1 DAGs
[2026-02-04T07:57:49.866+0000] {logging_mixin.py:188} INFO - [2026-02-04T07:57:49.865+0000] {dag.py:3947} INFO - Setting next_dagrun for minio_to_snowflake to 2026-02-04 07:57:00+00:00, run_after=2026-02-04 07:58:00+00:00
[2026-02-04T07:57:49.894+0000] {processor.py:183} INFO - Processing /opt/airflow/dags/minio_to_snowflake.py took 1.242 seconds
[2026-02-04T07:58:20.368+0000] {processor.py:161} INFO - Started process (PID=29525) to work on /opt/airflow/dags/minio_to_snowflake.py
[2026-02-04T07:58:20.397+0000] {processor.py:830} INFO - Processing file /opt/airflow/dags/minio_to_snowflake.py for tasks to queue
[2026-02-04T07:58:20.470+0000] {logging_mixin.py:188} INFO - [2026-02-04T07:58:20.469+0000] {dagbag.py:545} INFO - Filling up the DagBag from /opt/airflow/dags/minio_to_snowflake.py
[2026-02-04T07:58:30.345+0000] {processor.py:840} INFO - DAG(s) 'minio_to_snowflake' retrieved from /opt/airflow/dags/minio_to_snowflake.py
[2026-02-04T07:58:30.457+0000] {logging_mixin.py:188} INFO - [2026-02-04T07:58:30.454+0000] {dag.py:3089} INFO - Sync 1 DAGs
[2026-02-04T07:58:30.562+0000] {logging_mixin.py:188} INFO - [2026-02-04T07:58:30.561+0000] {dag.py:3947} INFO - Setting next_dagrun for minio_to_snowflake to 2026-02-04 07:58:00+00:00, run_after=2026-02-04 07:59:00+00:00
[2026-02-04T07:58:30.631+0000] {processor.py:183} INFO - Processing /opt/airflow/dags/minio_to_snowflake.py took 10.355 seconds
[2026-02-04T07:59:00.825+0000] {processor.py:161} INFO - Started process (PID=29853) to work on /opt/airflow/dags/minio_to_snowflake.py
[2026-02-04T07:59:00.827+0000] {processor.py:830} INFO - Processing file /opt/airflow/dags/minio_to_snowflake.py for tasks to queue
[2026-02-04T07:59:00.841+0000] {logging_mixin.py:188} INFO - [2026-02-04T07:59:00.836+0000] {dagbag.py:545} INFO - Filling up the DagBag from /opt/airflow/dags/minio_to_snowflake.py
[2026-02-04T07:59:05.655+0000] {processor.py:840} INFO - DAG(s) 'minio_to_snowflake' retrieved from /opt/airflow/dags/minio_to_snowflake.py
[2026-02-04T07:59:05.764+0000] {logging_mixin.py:188} INFO - [2026-02-04T07:59:05.760+0000] {dag.py:3089} INFO - Sync 1 DAGs
[2026-02-04T07:59:05.871+0000] {logging_mixin.py:188} INFO - [2026-02-04T07:59:05.871+0000] {dag.py:3947} INFO - Setting next_dagrun for minio_to_snowflake to 2026-02-04 07:59:00+00:00, run_after=2026-02-04 08:00:00+00:00
[2026-02-04T07:59:05.956+0000] {processor.py:183} INFO - Processing /opt/airflow/dags/minio_to_snowflake.py took 5.155 seconds
[2026-02-04T07:59:36.320+0000] {processor.py:161} INFO - Started process (PID=31176) to work on /opt/airflow/dags/minio_to_snowflake.py
[2026-02-04T07:59:36.322+0000] {processor.py:830} INFO - Processing file /opt/airflow/dags/minio_to_snowflake.py for tasks to queue
[2026-02-04T07:59:36.325+0000] {logging_mixin.py:188} INFO - [2026-02-04T07:59:36.325+0000] {dagbag.py:545} INFO - Filling up the DagBag from /opt/airflow/dags/minio_to_snowflake.py
[2026-02-04T07:59:38.600+0000] {processor.py:840} INFO - DAG(s) 'minio_to_snowflake' retrieved from /opt/airflow/dags/minio_to_snowflake.py
[2026-02-04T07:59:38.653+0000] {logging_mixin.py:188} INFO - [2026-02-04T07:59:38.653+0000] {dag.py:3089} INFO - Sync 1 DAGs
[2026-02-04T07:59:38.909+0000] {logging_mixin.py:188} INFO - [2026-02-04T07:59:38.909+0000] {dag.py:3947} INFO - Setting next_dagrun for minio_to_snowflake to 2026-02-04 07:59:00+00:00, run_after=2026-02-04 08:00:00+00:00
[2026-02-04T07:59:38.943+0000] {processor.py:183} INFO - Processing /opt/airflow/dags/minio_to_snowflake.py took 2.636 seconds
[2026-02-04T08:00:09.463+0000] {processor.py:161} INFO - Started process (PID=31617) to work on /opt/airflow/dags/minio_to_snowflake.py
[2026-02-04T08:00:09.466+0000] {processor.py:830} INFO - Processing file /opt/airflow/dags/minio_to_snowflake.py for tasks to queue
[2026-02-04T08:00:09.480+0000] {logging_mixin.py:188} INFO - [2026-02-04T08:00:09.479+0000] {dagbag.py:545} INFO - Filling up the DagBag from /opt/airflow/dags/minio_to_snowflake.py
[2026-02-04T08:00:12.801+0000] {processor.py:840} INFO - DAG(s) 'minio_to_snowflake' retrieved from /opt/airflow/dags/minio_to_snowflake.py
[2026-02-04T08:00:12.918+0000] {logging_mixin.py:188} INFO - [2026-02-04T08:00:12.916+0000] {dag.py:3089} INFO - Sync 1 DAGs
[2026-02-04T08:00:13.014+0000] {logging_mixin.py:188} INFO - [2026-02-04T08:00:13.014+0000] {dag.py:3947} INFO - Setting next_dagrun for minio_to_snowflake to 2026-02-04 08:00:00+00:00, run_after=2026-02-04 08:01:00+00:00
[2026-02-04T08:00:13.080+0000] {processor.py:183} INFO - Processing /opt/airflow/dags/minio_to_snowflake.py took 3.645 seconds
[2026-02-04T08:00:43.253+0000] {processor.py:161} INFO - Started process (PID=32572) to work on /opt/airflow/dags/minio_to_snowflake.py
[2026-02-04T08:00:43.257+0000] {processor.py:830} INFO - Processing file /opt/airflow/dags/minio_to_snowflake.py for tasks to queue
[2026-02-04T08:00:43.266+0000] {logging_mixin.py:188} INFO - [2026-02-04T08:00:43.265+0000] {dagbag.py:545} INFO - Filling up the DagBag from /opt/airflow/dags/minio_to_snowflake.py
[2026-02-04T08:00:44.544+0000] {processor.py:840} INFO - DAG(s) 'minio_to_snowflake' retrieved from /opt/airflow/dags/minio_to_snowflake.py
[2026-02-04T08:00:44.585+0000] {logging_mixin.py:188} INFO - [2026-02-04T08:00:44.584+0000] {dag.py:3089} INFO - Sync 1 DAGs
[2026-02-04T08:00:44.614+0000] {logging_mixin.py:188} INFO - [2026-02-04T08:00:44.613+0000] {dag.py:3947} INFO - Setting next_dagrun for minio_to_snowflake to 2026-02-04 08:00:00+00:00, run_after=2026-02-04 08:01:00+00:00
[2026-02-04T08:00:44.641+0000] {processor.py:183} INFO - Processing /opt/airflow/dags/minio_to_snowflake.py took 1.413 seconds
[2026-02-04T08:01:15.020+0000] {processor.py:161} INFO - Started process (PID=33529) to work on /opt/airflow/dags/minio_to_snowflake.py
[2026-02-04T08:01:15.025+0000] {processor.py:830} INFO - Processing file /opt/airflow/dags/minio_to_snowflake.py for tasks to queue
[2026-02-04T08:01:15.038+0000] {logging_mixin.py:188} INFO - [2026-02-04T08:01:15.036+0000] {dagbag.py:545} INFO - Filling up the DagBag from /opt/airflow/dags/minio_to_snowflake.py
[2026-02-04T08:01:18.545+0000] {processor.py:840} INFO - DAG(s) 'minio_to_snowflake' retrieved from /opt/airflow/dags/minio_to_snowflake.py
[2026-02-04T08:01:18.645+0000] {logging_mixin.py:188} INFO - [2026-02-04T08:01:18.644+0000] {dag.py:3089} INFO - Sync 1 DAGs
[2026-02-04T08:01:18.740+0000] {logging_mixin.py:188} INFO - [2026-02-04T08:01:18.738+0000] {dag.py:3947} INFO - Setting next_dagrun for minio_to_snowflake to 2026-02-04 08:01:00+00:00, run_after=2026-02-04 08:02:00+00:00
[2026-02-04T08:01:18.832+0000] {processor.py:183} INFO - Processing /opt/airflow/dags/minio_to_snowflake.py took 3.840 seconds
[2026-02-04T08:01:49.577+0000] {processor.py:161} INFO - Started process (PID=34095) to work on /opt/airflow/dags/minio_to_snowflake.py
[2026-02-04T08:01:49.582+0000] {processor.py:830} INFO - Processing file /opt/airflow/dags/minio_to_snowflake.py for tasks to queue
[2026-02-04T08:01:49.591+0000] {logging_mixin.py:188} INFO - [2026-02-04T08:01:49.590+0000] {dagbag.py:545} INFO - Filling up the DagBag from /opt/airflow/dags/minio_to_snowflake.py
[2026-02-04T08:01:55.777+0000] {processor.py:840} INFO - DAG(s) 'minio_to_snowflake' retrieved from /opt/airflow/dags/minio_to_snowflake.py
[2026-02-04T08:01:55.908+0000] {logging_mixin.py:188} INFO - [2026-02-04T08:01:55.903+0000] {dag.py:3089} INFO - Sync 1 DAGs
[2026-02-04T08:01:55.996+0000] {logging_mixin.py:188} INFO - [2026-02-04T08:01:55.995+0000] {dag.py:3947} INFO - Setting next_dagrun for minio_to_snowflake to 2026-02-04 08:01:00+00:00, run_after=2026-02-04 08:02:00+00:00
[2026-02-04T08:01:56.046+0000] {processor.py:183} INFO - Processing /opt/airflow/dags/minio_to_snowflake.py took 6.496 seconds
[2026-02-04T08:02:26.647+0000] {processor.py:161} INFO - Started process (PID=35386) to work on /opt/airflow/dags/minio_to_snowflake.py
[2026-02-04T08:02:26.654+0000] {processor.py:830} INFO - Processing file /opt/airflow/dags/minio_to_snowflake.py for tasks to queue
[2026-02-04T08:02:26.672+0000] {logging_mixin.py:188} INFO - [2026-02-04T08:02:26.670+0000] {dagbag.py:545} INFO - Filling up the DagBag from /opt/airflow/dags/minio_to_snowflake.py
[2026-02-04T08:02:33.582+0000] {processor.py:840} INFO - DAG(s) 'minio_to_snowflake' retrieved from /opt/airflow/dags/minio_to_snowflake.py
[2026-02-04T08:02:33.756+0000] {logging_mixin.py:188} INFO - [2026-02-04T08:02:33.730+0000] {dag.py:3089} INFO - Sync 1 DAGs
[2026-02-04T08:02:33.904+0000] {logging_mixin.py:188} INFO - [2026-02-04T08:02:33.903+0000] {dag.py:3947} INFO - Setting next_dagrun for minio_to_snowflake to 2026-02-04 08:02:00+00:00, run_after=2026-02-04 08:03:00+00:00
[2026-02-04T08:02:33.963+0000] {processor.py:183} INFO - Processing /opt/airflow/dags/minio_to_snowflake.py took 7.405 seconds
[2026-02-04T08:03:04.760+0000] {processor.py:161} INFO - Started process (PID=35733) to work on /opt/airflow/dags/minio_to_snowflake.py
[2026-02-04T08:03:04.762+0000] {processor.py:830} INFO - Processing file /opt/airflow/dags/minio_to_snowflake.py for tasks to queue
[2026-02-04T08:03:04.766+0000] {logging_mixin.py:188} INFO - [2026-02-04T08:03:04.766+0000] {dagbag.py:545} INFO - Filling up the DagBag from /opt/airflow/dags/minio_to_snowflake.py
[2026-02-04T08:03:06.753+0000] {processor.py:840} INFO - DAG(s) 'minio_to_snowflake' retrieved from /opt/airflow/dags/minio_to_snowflake.py
[2026-02-04T08:03:06.821+0000] {logging_mixin.py:188} INFO - [2026-02-04T08:03:06.819+0000] {dag.py:3089} INFO - Sync 1 DAGs
[2026-02-04T08:03:06.902+0000] {logging_mixin.py:188} INFO - [2026-02-04T08:03:06.901+0000] {dag.py:3947} INFO - Setting next_dagrun for minio_to_snowflake to 2026-02-04 08:03:00+00:00, run_after=2026-02-04 08:04:00+00:00
[2026-02-04T08:03:06.978+0000] {processor.py:183} INFO - Processing /opt/airflow/dags/minio_to_snowflake.py took 2.232 seconds
[2026-02-04T08:03:37.345+0000] {processor.py:161} INFO - Started process (PID=36926) to work on /opt/airflow/dags/minio_to_snowflake.py
[2026-02-04T08:03:37.349+0000] {processor.py:830} INFO - Processing file /opt/airflow/dags/minio_to_snowflake.py for tasks to queue
[2026-02-04T08:03:37.358+0000] {logging_mixin.py:188} INFO - [2026-02-04T08:03:37.356+0000] {dagbag.py:545} INFO - Filling up the DagBag from /opt/airflow/dags/minio_to_snowflake.py
[2026-02-04T08:03:40.578+0000] {processor.py:840} INFO - DAG(s) 'minio_to_snowflake' retrieved from /opt/airflow/dags/minio_to_snowflake.py
[2026-02-04T08:03:40.703+0000] {logging_mixin.py:188} INFO - [2026-02-04T08:03:40.701+0000] {dag.py:3089} INFO - Sync 1 DAGs
[2026-02-04T08:03:40.783+0000] {logging_mixin.py:188} INFO - [2026-02-04T08:03:40.782+0000] {dag.py:3947} INFO - Setting next_dagrun for minio_to_snowflake to 2026-02-04 08:03:00+00:00, run_after=2026-02-04 08:04:00+00:00
[2026-02-04T08:03:40.827+0000] {processor.py:183} INFO - Processing /opt/airflow/dags/minio_to_snowflake.py took 3.516 seconds
[2026-02-04T08:04:11.404+0000] {processor.py:161} INFO - Started process (PID=37817) to work on /opt/airflow/dags/minio_to_snowflake.py
[2026-02-04T08:04:11.416+0000] {processor.py:830} INFO - Processing file /opt/airflow/dags/minio_to_snowflake.py for tasks to queue
[2026-02-04T08:04:11.441+0000] {logging_mixin.py:188} INFO - [2026-02-04T08:04:11.435+0000] {dagbag.py:545} INFO - Filling up the DagBag from /opt/airflow/dags/minio_to_snowflake.py
[2026-02-04T08:04:15.785+0000] {processor.py:840} INFO - DAG(s) 'minio_to_snowflake' retrieved from /opt/airflow/dags/minio_to_snowflake.py
[2026-02-04T08:04:15.954+0000] {logging_mixin.py:188} INFO - [2026-02-04T08:04:15.936+0000] {dag.py:3089} INFO - Sync 1 DAGs
[2026-02-04T08:04:16.081+0000] {logging_mixin.py:188} INFO - [2026-02-04T08:04:16.080+0000] {dag.py:3947} INFO - Setting next_dagrun for minio_to_snowflake to 2026-02-04 08:04:00+00:00, run_after=2026-02-04 08:05:00+00:00
[2026-02-04T08:04:16.185+0000] {processor.py:183} INFO - Processing /opt/airflow/dags/minio_to_snowflake.py took 4.844 seconds
[2026-02-04T08:04:46.420+0000] {processor.py:161} INFO - Started process (PID=38653) to work on /opt/airflow/dags/minio_to_snowflake.py
[2026-02-04T08:04:46.424+0000] {processor.py:830} INFO - Processing file /opt/airflow/dags/minio_to_snowflake.py for tasks to queue
[2026-02-04T08:04:46.432+0000] {logging_mixin.py:188} INFO - [2026-02-04T08:04:46.431+0000] {dagbag.py:545} INFO - Filling up the DagBag from /opt/airflow/dags/minio_to_snowflake.py
[2026-02-04T08:04:48.631+0000] {processor.py:840} INFO - DAG(s) 'minio_to_snowflake' retrieved from /opt/airflow/dags/minio_to_snowflake.py
[2026-02-04T08:04:48.720+0000] {logging_mixin.py:188} INFO - [2026-02-04T08:04:48.719+0000] {dag.py:3089} INFO - Sync 1 DAGs
[2026-02-04T08:04:48.783+0000] {logging_mixin.py:188} INFO - [2026-02-04T08:04:48.783+0000] {dag.py:3947} INFO - Setting next_dagrun for minio_to_snowflake to 2026-02-04 08:04:00+00:00, run_after=2026-02-04 08:05:00+00:00
[2026-02-04T08:04:48.838+0000] {processor.py:183} INFO - Processing /opt/airflow/dags/minio_to_snowflake.py took 2.451 seconds
[2026-02-04T08:05:19.298+0000] {processor.py:161} INFO - Started process (PID=39982) to work on /opt/airflow/dags/minio_to_snowflake.py
[2026-02-04T08:05:19.309+0000] {processor.py:830} INFO - Processing file /opt/airflow/dags/minio_to_snowflake.py for tasks to queue
[2026-02-04T08:05:19.334+0000] {logging_mixin.py:188} INFO - [2026-02-04T08:05:19.331+0000] {dagbag.py:545} INFO - Filling up the DagBag from /opt/airflow/dags/minio_to_snowflake.py
[2026-02-04T08:05:23.646+0000] {processor.py:840} INFO - DAG(s) 'minio_to_snowflake' retrieved from /opt/airflow/dags/minio_to_snowflake.py
[2026-02-04T08:05:23.777+0000] {logging_mixin.py:188} INFO - [2026-02-04T08:05:23.774+0000] {dag.py:3089} INFO - Sync 1 DAGs
[2026-02-04T08:05:23.899+0000] {logging_mixin.py:188} INFO - [2026-02-04T08:05:23.897+0000] {dag.py:3947} INFO - Setting next_dagrun for minio_to_snowflake to 2026-02-04 08:05:00+00:00, run_after=2026-02-04 08:06:00+00:00
[2026-02-04T08:05:23.954+0000] {processor.py:183} INFO - Processing /opt/airflow/dags/minio_to_snowflake.py took 4.683 seconds
[2026-02-04T08:05:54.460+0000] {processor.py:161} INFO - Started process (PID=40439) to work on /opt/airflow/dags/minio_to_snowflake.py
[2026-02-04T08:05:54.466+0000] {processor.py:830} INFO - Processing file /opt/airflow/dags/minio_to_snowflake.py for tasks to queue
[2026-02-04T08:05:54.480+0000] {logging_mixin.py:188} INFO - [2026-02-04T08:05:54.478+0000] {dagbag.py:545} INFO - Filling up the DagBag from /opt/airflow/dags/minio_to_snowflake.py
[2026-02-04T08:05:56.169+0000] {processor.py:840} INFO - DAG(s) 'minio_to_snowflake' retrieved from /opt/airflow/dags/minio_to_snowflake.py
[2026-02-04T08:05:56.203+0000] {logging_mixin.py:188} INFO - [2026-02-04T08:05:56.202+0000] {dag.py:3089} INFO - Sync 1 DAGs
[2026-02-04T08:05:56.232+0000] {logging_mixin.py:188} INFO - [2026-02-04T08:05:56.231+0000] {dag.py:3947} INFO - Setting next_dagrun for minio_to_snowflake to 2026-02-04 08:05:00+00:00, run_after=2026-02-04 08:06:00+00:00
[2026-02-04T08:05:56.257+0000] {processor.py:183} INFO - Processing /opt/airflow/dags/minio_to_snowflake.py took 1.832 seconds
[2026-02-04T08:06:26.761+0000] {processor.py:161} INFO - Started process (PID=41862) to work on /opt/airflow/dags/minio_to_snowflake.py
[2026-02-04T08:06:26.765+0000] {processor.py:830} INFO - Processing file /opt/airflow/dags/minio_to_snowflake.py for tasks to queue
[2026-02-04T08:06:26.773+0000] {logging_mixin.py:188} INFO - [2026-02-04T08:06:26.772+0000] {dagbag.py:545} INFO - Filling up the DagBag from /opt/airflow/dags/minio_to_snowflake.py
[2026-02-04T08:06:30.039+0000] {processor.py:840} INFO - DAG(s) 'minio_to_snowflake' retrieved from /opt/airflow/dags/minio_to_snowflake.py
[2026-02-04T08:06:30.161+0000] {logging_mixin.py:188} INFO - [2026-02-04T08:06:30.160+0000] {dag.py:3089} INFO - Sync 1 DAGs
[2026-02-04T08:06:30.259+0000] {logging_mixin.py:188} INFO - [2026-02-04T08:06:30.259+0000] {dag.py:3947} INFO - Setting next_dagrun for minio_to_snowflake to 2026-02-04 08:06:00+00:00, run_after=2026-02-04 08:07:00+00:00
[2026-02-04T08:06:30.333+0000] {processor.py:183} INFO - Processing /opt/airflow/dags/minio_to_snowflake.py took 3.598 seconds
[2026-02-04T08:07:00.523+0000] {processor.py:161} INFO - Started process (PID=42220) to work on /opt/airflow/dags/minio_to_snowflake.py
[2026-02-04T08:07:00.525+0000] {processor.py:830} INFO - Processing file /opt/airflow/dags/minio_to_snowflake.py for tasks to queue
[2026-02-04T08:07:00.529+0000] {logging_mixin.py:188} INFO - [2026-02-04T08:07:00.528+0000] {dagbag.py:545} INFO - Filling up the DagBag from /opt/airflow/dags/minio_to_snowflake.py
[2026-02-04T08:07:02.241+0000] {processor.py:840} INFO - DAG(s) 'minio_to_snowflake' retrieved from /opt/airflow/dags/minio_to_snowflake.py
[2026-02-04T08:07:02.280+0000] {logging_mixin.py:188} INFO - [2026-02-04T08:07:02.278+0000] {dag.py:3089} INFO - Sync 1 DAGs
[2026-02-04T08:07:02.319+0000] {logging_mixin.py:188} INFO - [2026-02-04T08:07:02.318+0000] {dag.py:3947} INFO - Setting next_dagrun for minio_to_snowflake to 2026-02-04 08:07:00+00:00, run_after=2026-02-04 08:08:00+00:00
[2026-02-04T08:07:02.358+0000] {processor.py:183} INFO - Processing /opt/airflow/dags/minio_to_snowflake.py took 1.857 seconds
[2026-02-04T08:07:32.596+0000] {processor.py:161} INFO - Started process (PID=43477) to work on /opt/airflow/dags/minio_to_snowflake.py
[2026-02-04T08:07:32.607+0000] {processor.py:830} INFO - Processing file /opt/airflow/dags/minio_to_snowflake.py for tasks to queue
[2026-02-04T08:07:32.633+0000] {logging_mixin.py:188} INFO - [2026-02-04T08:07:32.631+0000] {dagbag.py:545} INFO - Filling up the DagBag from /opt/airflow/dags/minio_to_snowflake.py
[2026-02-04T08:07:36.046+0000] {processor.py:840} INFO - DAG(s) 'minio_to_snowflake' retrieved from /opt/airflow/dags/minio_to_snowflake.py
[2026-02-04T08:07:36.129+0000] {logging_mixin.py:188} INFO - [2026-02-04T08:07:36.127+0000] {dag.py:3089} INFO - Sync 1 DAGs
[2026-02-04T08:07:36.202+0000] {logging_mixin.py:188} INFO - [2026-02-04T08:07:36.201+0000] {dag.py:3947} INFO - Setting next_dagrun for minio_to_snowflake to 2026-02-04 08:07:00+00:00, run_after=2026-02-04 08:08:00+00:00
[2026-02-04T08:07:36.246+0000] {processor.py:183} INFO - Processing /opt/airflow/dags/minio_to_snowflake.py took 3.689 seconds
[2026-02-04T08:08:06.715+0000] {processor.py:161} INFO - Started process (PID=43921) to work on /opt/airflow/dags/minio_to_snowflake.py
[2026-02-04T08:08:06.719+0000] {processor.py:830} INFO - Processing file /opt/airflow/dags/minio_to_snowflake.py for tasks to queue
[2026-02-04T08:08:06.726+0000] {logging_mixin.py:188} INFO - [2026-02-04T08:08:06.725+0000] {dagbag.py:545} INFO - Filling up the DagBag from /opt/airflow/dags/minio_to_snowflake.py
[2026-02-04T08:08:12.636+0000] {processor.py:840} INFO - DAG(s) 'minio_to_snowflake' retrieved from /opt/airflow/dags/minio_to_snowflake.py
[2026-02-04T08:08:12.791+0000] {logging_mixin.py:188} INFO - [2026-02-04T08:08:12.787+0000] {dag.py:3089} INFO - Sync 1 DAGs
[2026-02-04T08:08:12.886+0000] {logging_mixin.py:188} INFO - [2026-02-04T08:08:12.885+0000] {dag.py:3947} INFO - Setting next_dagrun for minio_to_snowflake to 2026-02-04 08:08:00+00:00, run_after=2026-02-04 08:09:00+00:00
[2026-02-04T08:08:12.970+0000] {processor.py:183} INFO - Processing /opt/airflow/dags/minio_to_snowflake.py took 6.289 seconds
[2026-02-04T08:08:43.491+0000] {processor.py:161} INFO - Started process (PID=45182) to work on /opt/airflow/dags/minio_to_snowflake.py
[2026-02-04T08:08:43.496+0000] {processor.py:830} INFO - Processing file /opt/airflow/dags/minio_to_snowflake.py for tasks to queue
[2026-02-04T08:08:43.528+0000] {logging_mixin.py:188} INFO - [2026-02-04T08:08:43.526+0000] {dagbag.py:545} INFO - Filling up the DagBag from /opt/airflow/dags/minio_to_snowflake.py
[2026-02-04T08:08:48.252+0000] {processor.py:840} INFO - DAG(s) 'minio_to_snowflake' retrieved from /opt/airflow/dags/minio_to_snowflake.py
[2026-02-04T08:08:48.389+0000] {logging_mixin.py:188} INFO - [2026-02-04T08:08:48.388+0000] {dag.py:3089} INFO - Sync 1 DAGs
[2026-02-04T08:08:48.456+0000] {logging_mixin.py:188} INFO - [2026-02-04T08:08:48.456+0000] {dag.py:3947} INFO - Setting next_dagrun for minio_to_snowflake to 2026-02-04 08:08:00+00:00, run_after=2026-02-04 08:09:00+00:00
[2026-02-04T08:08:48.512+0000] {processor.py:183} INFO - Processing /opt/airflow/dags/minio_to_snowflake.py took 5.095 seconds
[2026-02-04T08:09:18.917+0000] {processor.py:161} INFO - Started process (PID=46538) to work on /opt/airflow/dags/minio_to_snowflake.py
[2026-02-04T08:09:18.921+0000] {processor.py:830} INFO - Processing file /opt/airflow/dags/minio_to_snowflake.py for tasks to queue
[2026-02-04T08:09:18.929+0000] {logging_mixin.py:188} INFO - [2026-02-04T08:09:18.928+0000] {dagbag.py:545} INFO - Filling up the DagBag from /opt/airflow/dags/minio_to_snowflake.py
[2026-02-04T08:09:22.561+0000] {processor.py:840} INFO - DAG(s) 'minio_to_snowflake' retrieved from /opt/airflow/dags/minio_to_snowflake.py
[2026-02-04T08:09:22.756+0000] {logging_mixin.py:188} INFO - [2026-02-04T08:09:22.754+0000] {dag.py:3089} INFO - Sync 1 DAGs
[2026-02-04T08:09:22.912+0000] {logging_mixin.py:188} INFO - [2026-02-04T08:09:22.911+0000] {dag.py:3947} INFO - Setting next_dagrun for minio_to_snowflake to 2026-02-04 08:09:00+00:00, run_after=2026-02-04 08:10:00+00:00
[2026-02-04T08:09:23.014+0000] {processor.py:183} INFO - Processing /opt/airflow/dags/minio_to_snowflake.py took 4.124 seconds
[2026-02-04T08:09:53.315+0000] {processor.py:161} INFO - Started process (PID=46916) to work on /opt/airflow/dags/minio_to_snowflake.py
[2026-02-04T08:09:53.316+0000] {processor.py:830} INFO - Processing file /opt/airflow/dags/minio_to_snowflake.py for tasks to queue
[2026-02-04T08:09:53.327+0000] {logging_mixin.py:188} INFO - [2026-02-04T08:09:53.325+0000] {dagbag.py:545} INFO - Filling up the DagBag from /opt/airflow/dags/minio_to_snowflake.py
[2026-02-04T08:09:55.432+0000] {processor.py:840} INFO - DAG(s) 'minio_to_snowflake' retrieved from /opt/airflow/dags/minio_to_snowflake.py
[2026-02-04T08:09:55.469+0000] {logging_mixin.py:188} INFO - [2026-02-04T08:09:55.467+0000] {dag.py:3089} INFO - Sync 1 DAGs
[2026-02-04T08:09:55.501+0000] {logging_mixin.py:188} INFO - [2026-02-04T08:09:55.501+0000] {dag.py:3947} INFO - Setting next_dagrun for minio_to_snowflake to 2026-02-04 08:09:00+00:00, run_after=2026-02-04 08:10:00+00:00
[2026-02-04T08:09:55.532+0000] {processor.py:183} INFO - Processing /opt/airflow/dags/minio_to_snowflake.py took 2.232 seconds
[2026-02-04T08:10:26.193+0000] {processor.py:161} INFO - Started process (PID=48243) to work on /opt/airflow/dags/minio_to_snowflake.py
[2026-02-04T08:10:26.196+0000] {processor.py:830} INFO - Processing file /opt/airflow/dags/minio_to_snowflake.py for tasks to queue
[2026-02-04T08:10:26.211+0000] {logging_mixin.py:188} INFO - [2026-02-04T08:10:26.209+0000] {dagbag.py:545} INFO - Filling up the DagBag from /opt/airflow/dags/minio_to_snowflake.py
[2026-02-04T08:10:30.435+0000] {processor.py:840} INFO - DAG(s) 'minio_to_snowflake' retrieved from /opt/airflow/dags/minio_to_snowflake.py
[2026-02-04T08:10:30.544+0000] {logging_mixin.py:188} INFO - [2026-02-04T08:10:30.543+0000] {dag.py:3089} INFO - Sync 1 DAGs
[2026-02-04T08:10:30.612+0000] {logging_mixin.py:188} INFO - [2026-02-04T08:10:30.612+0000] {dag.py:3947} INFO - Setting next_dagrun for minio_to_snowflake to 2026-02-04 08:10:00+00:00, run_after=2026-02-04 08:11:00+00:00
[2026-02-04T08:10:30.685+0000] {processor.py:183} INFO - Processing /opt/airflow/dags/minio_to_snowflake.py took 4.522 seconds
[2026-02-04T08:11:01.178+0000] {processor.py:161} INFO - Started process (PID=48624) to work on /opt/airflow/dags/minio_to_snowflake.py
[2026-02-04T08:11:01.180+0000] {processor.py:830} INFO - Processing file /opt/airflow/dags/minio_to_snowflake.py for tasks to queue
[2026-02-04T08:11:01.186+0000] {logging_mixin.py:188} INFO - [2026-02-04T08:11:01.185+0000] {dagbag.py:545} INFO - Filling up the DagBag from /opt/airflow/dags/minio_to_snowflake.py
[2026-02-04T08:11:02.592+0000] {processor.py:840} INFO - DAG(s) 'minio_to_snowflake' retrieved from /opt/airflow/dags/minio_to_snowflake.py
[2026-02-04T08:11:02.625+0000] {logging_mixin.py:188} INFO - [2026-02-04T08:11:02.624+0000] {dag.py:3089} INFO - Sync 1 DAGs
[2026-02-04T08:11:02.656+0000] {logging_mixin.py:188} INFO - [2026-02-04T08:11:02.656+0000] {dag.py:3947} INFO - Setting next_dagrun for minio_to_snowflake to 2026-02-04 08:11:00+00:00, run_after=2026-02-04 08:12:00+00:00
[2026-02-04T08:11:02.693+0000] {processor.py:183} INFO - Processing /opt/airflow/dags/minio_to_snowflake.py took 1.526 seconds
[2026-02-04T08:11:33.292+0000] {processor.py:161} INFO - Started process (PID=49951) to work on /opt/airflow/dags/minio_to_snowflake.py
[2026-02-04T08:11:33.298+0000] {processor.py:830} INFO - Processing file /opt/airflow/dags/minio_to_snowflake.py for tasks to queue
[2026-02-04T08:11:33.307+0000] {logging_mixin.py:188} INFO - [2026-02-04T08:11:33.306+0000] {dagbag.py:545} INFO - Filling up the DagBag from /opt/airflow/dags/minio_to_snowflake.py
[2026-02-04T08:11:38.006+0000] {processor.py:840} INFO - DAG(s) 'minio_to_snowflake' retrieved from /opt/airflow/dags/minio_to_snowflake.py
[2026-02-04T08:11:38.134+0000] {logging_mixin.py:188} INFO - [2026-02-04T08:11:38.133+0000] {dag.py:3089} INFO - Sync 1 DAGs
[2026-02-04T08:11:38.236+0000] {logging_mixin.py:188} INFO - [2026-02-04T08:11:38.236+0000] {dag.py:3947} INFO - Setting next_dagrun for minio_to_snowflake to 2026-02-04 08:11:00+00:00, run_after=2026-02-04 08:12:00+00:00
[2026-02-04T08:11:38.378+0000] {processor.py:183} INFO - Processing /opt/airflow/dags/minio_to_snowflake.py took 5.111 seconds
[2026-02-04T08:12:09.259+0000] {processor.py:161} INFO - Started process (PID=50386) to work on /opt/airflow/dags/minio_to_snowflake.py
[2026-02-04T08:12:09.276+0000] {processor.py:830} INFO - Processing file /opt/airflow/dags/minio_to_snowflake.py for tasks to queue
[2026-02-04T08:12:09.289+0000] {logging_mixin.py:188} INFO - [2026-02-04T08:12:09.287+0000] {dagbag.py:545} INFO - Filling up the DagBag from /opt/airflow/dags/minio_to_snowflake.py
[2026-02-04T08:12:12.524+0000] {processor.py:840} INFO - DAG(s) 'minio_to_snowflake' retrieved from /opt/airflow/dags/minio_to_snowflake.py
[2026-02-04T08:12:12.633+0000] {logging_mixin.py:188} INFO - [2026-02-04T08:12:12.632+0000] {dag.py:3089} INFO - Sync 1 DAGs
[2026-02-04T08:12:12.772+0000] {logging_mixin.py:188} INFO - [2026-02-04T08:12:12.770+0000] {dag.py:3947} INFO - Setting next_dagrun for minio_to_snowflake to 2026-02-04 08:12:00+00:00, run_after=2026-02-04 08:13:00+00:00
[2026-02-04T08:12:13.074+0000] {processor.py:183} INFO - Processing /opt/airflow/dags/minio_to_snowflake.py took 3.873 seconds
[2026-02-04T08:12:43.825+0000] {processor.py:161} INFO - Started process (PID=51605) to work on /opt/airflow/dags/minio_to_snowflake.py
[2026-02-04T08:12:43.829+0000] {processor.py:830} INFO - Processing file /opt/airflow/dags/minio_to_snowflake.py for tasks to queue
[2026-02-04T08:12:43.861+0000] {logging_mixin.py:188} INFO - [2026-02-04T08:12:43.858+0000] {dagbag.py:545} INFO - Filling up the DagBag from /opt/airflow/dags/minio_to_snowflake.py
[2026-02-04T08:12:45.400+0000] {processor.py:840} INFO - DAG(s) 'minio_to_snowflake' retrieved from /opt/airflow/dags/minio_to_snowflake.py
[2026-02-04T08:12:45.443+0000] {logging_mixin.py:188} INFO - [2026-02-04T08:12:45.441+0000] {dag.py:3089} INFO - Sync 1 DAGs
[2026-02-04T08:12:45.482+0000] {logging_mixin.py:188} INFO - [2026-02-04T08:12:45.482+0000] {dag.py:3947} INFO - Setting next_dagrun for minio_to_snowflake to 2026-02-04 08:12:00+00:00, run_after=2026-02-04 08:13:00+00:00
[2026-02-04T08:12:45.511+0000] {processor.py:183} INFO - Processing /opt/airflow/dags/minio_to_snowflake.py took 1.825 seconds
[2026-02-04T08:13:16.017+0000] {processor.py:161} INFO - Started process (PID=52859) to work on /opt/airflow/dags/minio_to_snowflake.py
[2026-02-04T08:13:16.025+0000] {processor.py:830} INFO - Processing file /opt/airflow/dags/minio_to_snowflake.py for tasks to queue
[2026-02-04T08:13:16.046+0000] {logging_mixin.py:188} INFO - [2026-02-04T08:13:16.042+0000] {dagbag.py:545} INFO - Filling up the DagBag from /opt/airflow/dags/minio_to_snowflake.py
[2026-02-04T08:13:19.445+0000] {processor.py:840} INFO - DAG(s) 'minio_to_snowflake' retrieved from /opt/airflow/dags/minio_to_snowflake.py
[2026-02-04T08:13:19.524+0000] {logging_mixin.py:188} INFO - [2026-02-04T08:13:19.523+0000] {dag.py:3089} INFO - Sync 1 DAGs
[2026-02-04T08:13:19.579+0000] {logging_mixin.py:188} INFO - [2026-02-04T08:13:19.578+0000] {dag.py:3947} INFO - Setting next_dagrun for minio_to_snowflake to 2026-02-04 08:13:00+00:00, run_after=2026-02-04 08:14:00+00:00
[2026-02-04T08:13:19.627+0000] {processor.py:183} INFO - Processing /opt/airflow/dags/minio_to_snowflake.py took 3.658 seconds
[2026-02-04T08:13:50.235+0000] {processor.py:161} INFO - Started process (PID=53258) to work on /opt/airflow/dags/minio_to_snowflake.py
[2026-02-04T08:13:50.236+0000] {processor.py:830} INFO - Processing file /opt/airflow/dags/minio_to_snowflake.py for tasks to queue
[2026-02-04T08:13:50.241+0000] {logging_mixin.py:188} INFO - [2026-02-04T08:13:50.240+0000] {dagbag.py:545} INFO - Filling up the DagBag from /opt/airflow/dags/minio_to_snowflake.py
[2026-02-04T08:13:51.491+0000] {processor.py:840} INFO - DAG(s) 'minio_to_snowflake' retrieved from /opt/airflow/dags/minio_to_snowflake.py
[2026-02-04T08:13:51.548+0000] {logging_mixin.py:188} INFO - [2026-02-04T08:13:51.547+0000] {dag.py:3089} INFO - Sync 1 DAGs
[2026-02-04T08:13:51.597+0000] {logging_mixin.py:188} INFO - [2026-02-04T08:13:51.597+0000] {dag.py:3947} INFO - Setting next_dagrun for minio_to_snowflake to 2026-02-04 08:13:00+00:00, run_after=2026-02-04 08:14:00+00:00
[2026-02-04T08:13:51.635+0000] {processor.py:183} INFO - Processing /opt/airflow/dags/minio_to_snowflake.py took 1.411 seconds
[2026-02-04T08:14:22.148+0000] {processor.py:161} INFO - Started process (PID=54532) to work on /opt/airflow/dags/minio_to_snowflake.py
[2026-02-04T08:14:22.153+0000] {processor.py:830} INFO - Processing file /opt/airflow/dags/minio_to_snowflake.py for tasks to queue
[2026-02-04T08:14:22.166+0000] {logging_mixin.py:188} INFO - [2026-02-04T08:14:22.162+0000] {dagbag.py:545} INFO - Filling up the DagBag from /opt/airflow/dags/minio_to_snowflake.py
[2026-02-04T08:14:25.498+0000] {processor.py:840} INFO - DAG(s) 'minio_to_snowflake' retrieved from /opt/airflow/dags/minio_to_snowflake.py
[2026-02-04T08:14:25.631+0000] {logging_mixin.py:188} INFO - [2026-02-04T08:14:25.629+0000] {dag.py:3089} INFO - Sync 1 DAGs
[2026-02-04T08:14:25.730+0000] {logging_mixin.py:188} INFO - [2026-02-04T08:14:25.729+0000] {dag.py:3947} INFO - Setting next_dagrun for minio_to_snowflake to 2026-02-04 08:14:00+00:00, run_after=2026-02-04 08:15:00+00:00
[2026-02-04T08:14:25.793+0000] {processor.py:183} INFO - Processing /opt/airflow/dags/minio_to_snowflake.py took 3.691 seconds
[2026-02-04T08:14:56.198+0000] {processor.py:161} INFO - Started process (PID=54870) to work on /opt/airflow/dags/minio_to_snowflake.py
[2026-02-04T08:14:56.202+0000] {processor.py:830} INFO - Processing file /opt/airflow/dags/minio_to_snowflake.py for tasks to queue
[2026-02-04T08:14:56.212+0000] {logging_mixin.py:188} INFO - [2026-02-04T08:14:56.210+0000] {dagbag.py:545} INFO - Filling up the DagBag from /opt/airflow/dags/minio_to_snowflake.py
[2026-02-04T08:14:57.824+0000] {processor.py:840} INFO - DAG(s) 'minio_to_snowflake' retrieved from /opt/airflow/dags/minio_to_snowflake.py
[2026-02-04T08:14:57.871+0000] {logging_mixin.py:188} INFO - [2026-02-04T08:14:57.870+0000] {dag.py:3089} INFO - Sync 1 DAGs
[2026-02-04T08:14:57.907+0000] {logging_mixin.py:188} INFO - [2026-02-04T08:14:57.907+0000] {dag.py:3947} INFO - Setting next_dagrun for minio_to_snowflake to 2026-02-04 08:14:00+00:00, run_after=2026-02-04 08:15:00+00:00
[2026-02-04T08:14:57.935+0000] {processor.py:183} INFO - Processing /opt/airflow/dags/minio_to_snowflake.py took 1.752 seconds
[2026-02-04T08:15:28.421+0000] {processor.py:161} INFO - Started process (PID=56165) to work on /opt/airflow/dags/minio_to_snowflake.py
[2026-02-04T08:15:28.424+0000] {processor.py:830} INFO - Processing file /opt/airflow/dags/minio_to_snowflake.py for tasks to queue
[2026-02-04T08:15:28.435+0000] {logging_mixin.py:188} INFO - [2026-02-04T08:15:28.433+0000] {dagbag.py:545} INFO - Filling up the DagBag from /opt/airflow/dags/minio_to_snowflake.py
[2026-02-04T08:15:30.992+0000] {processor.py:840} INFO - DAG(s) 'minio_to_snowflake' retrieved from /opt/airflow/dags/minio_to_snowflake.py
[2026-02-04T08:15:31.060+0000] {logging_mixin.py:188} INFO - [2026-02-04T08:15:31.059+0000] {dag.py:3089} INFO - Sync 1 DAGs
[2026-02-04T08:15:31.113+0000] {logging_mixin.py:188} INFO - [2026-02-04T08:15:31.113+0000] {dag.py:3947} INFO - Setting next_dagrun for minio_to_snowflake to 2026-02-04 08:15:00+00:00, run_after=2026-02-04 08:16:00+00:00
[2026-02-04T08:15:31.164+0000] {processor.py:183} INFO - Processing /opt/airflow/dags/minio_to_snowflake.py took 2.781 seconds
[2026-02-04T08:16:01.540+0000] {processor.py:161} INFO - Started process (PID=56462) to work on /opt/airflow/dags/minio_to_snowflake.py
[2026-02-04T08:16:01.542+0000] {processor.py:830} INFO - Processing file /opt/airflow/dags/minio_to_snowflake.py for tasks to queue
[2026-02-04T08:16:01.546+0000] {logging_mixin.py:188} INFO - [2026-02-04T08:16:01.546+0000] {dagbag.py:545} INFO - Filling up the DagBag from /opt/airflow/dags/minio_to_snowflake.py
[2026-02-04T08:16:03.008+0000] {processor.py:840} INFO - DAG(s) 'minio_to_snowflake' retrieved from /opt/airflow/dags/minio_to_snowflake.py
[2026-02-04T08:16:03.064+0000] {logging_mixin.py:188} INFO - [2026-02-04T08:16:03.061+0000] {dag.py:3089} INFO - Sync 1 DAGs
[2026-02-04T08:16:03.118+0000] {logging_mixin.py:188} INFO - [2026-02-04T08:16:03.118+0000] {dag.py:3947} INFO - Setting next_dagrun for minio_to_snowflake to 2026-02-04 08:16:00+00:00, run_after=2026-02-04 08:17:00+00:00
[2026-02-04T08:16:03.225+0000] {processor.py:183} INFO - Processing /opt/airflow/dags/minio_to_snowflake.py took 1.696 seconds
[2026-02-04T08:16:33.437+0000] {processor.py:161} INFO - Started process (PID=57742) to work on /opt/airflow/dags/minio_to_snowflake.py
[2026-02-04T08:16:33.440+0000] {processor.py:830} INFO - Processing file /opt/airflow/dags/minio_to_snowflake.py for tasks to queue
[2026-02-04T08:16:33.447+0000] {logging_mixin.py:188} INFO - [2026-02-04T08:16:33.446+0000] {dagbag.py:545} INFO - Filling up the DagBag from /opt/airflow/dags/minio_to_snowflake.py
[2026-02-04T08:16:36.721+0000] {processor.py:840} INFO - DAG(s) 'minio_to_snowflake' retrieved from /opt/airflow/dags/minio_to_snowflake.py
[2026-02-04T08:16:36.792+0000] {logging_mixin.py:188} INFO - [2026-02-04T08:16:36.790+0000] {dag.py:3089} INFO - Sync 1 DAGs
[2026-02-04T08:16:36.854+0000] {logging_mixin.py:188} INFO - [2026-02-04T08:16:36.853+0000] {dag.py:3947} INFO - Setting next_dagrun for minio_to_snowflake to 2026-02-04 08:16:00+00:00, run_after=2026-02-04 08:17:00+00:00
[2026-02-04T08:16:36.928+0000] {processor.py:183} INFO - Processing /opt/airflow/dags/minio_to_snowflake.py took 3.513 seconds
[2026-02-04T08:17:07.830+0000] {processor.py:161} INFO - Started process (PID=58422) to work on /opt/airflow/dags/minio_to_snowflake.py
[2026-02-04T08:17:07.834+0000] {processor.py:830} INFO - Processing file /opt/airflow/dags/minio_to_snowflake.py for tasks to queue
[2026-02-04T08:17:07.847+0000] {logging_mixin.py:188} INFO - [2026-02-04T08:17:07.843+0000] {dagbag.py:545} INFO - Filling up the DagBag from /opt/airflow/dags/minio_to_snowflake.py
[2026-02-04T08:17:13.297+0000] {processor.py:840} INFO - DAG(s) 'minio_to_snowflake' retrieved from /opt/airflow/dags/minio_to_snowflake.py
[2026-02-04T08:17:13.451+0000] {logging_mixin.py:188} INFO - [2026-02-04T08:17:13.449+0000] {dag.py:3089} INFO - Sync 1 DAGs
[2026-02-04T08:17:13.649+0000] {logging_mixin.py:188} INFO - [2026-02-04T08:17:13.648+0000] {dag.py:3947} INFO - Setting next_dagrun for minio_to_snowflake to 2026-02-04 08:17:00+00:00, run_after=2026-02-04 08:18:00+00:00
[2026-02-04T08:17:13.802+0000] {processor.py:183} INFO - Processing /opt/airflow/dags/minio_to_snowflake.py took 6.018 seconds
[2026-02-04T08:17:44.558+0000] {processor.py:161} INFO - Started process (PID=59341) to work on /opt/airflow/dags/minio_to_snowflake.py
[2026-02-04T08:17:44.562+0000] {processor.py:830} INFO - Processing file /opt/airflow/dags/minio_to_snowflake.py for tasks to queue
[2026-02-04T08:17:44.574+0000] {logging_mixin.py:188} INFO - [2026-02-04T08:17:44.572+0000] {dagbag.py:545} INFO - Filling up the DagBag from /opt/airflow/dags/minio_to_snowflake.py
[2026-02-04T08:17:47.574+0000] {processor.py:840} INFO - DAG(s) 'minio_to_snowflake' retrieved from /opt/airflow/dags/minio_to_snowflake.py
[2026-02-04T08:17:47.652+0000] {logging_mixin.py:188} INFO - [2026-02-04T08:17:47.651+0000] {dag.py:3089} INFO - Sync 1 DAGs
[2026-02-04T08:17:47.714+0000] {logging_mixin.py:188} INFO - [2026-02-04T08:17:47.713+0000] {dag.py:3947} INFO - Setting next_dagrun for minio_to_snowflake to 2026-02-04 08:17:00+00:00, run_after=2026-02-04 08:18:00+00:00
[2026-02-04T08:17:47.763+0000] {processor.py:183} INFO - Processing /opt/airflow/dags/minio_to_snowflake.py took 3.239 seconds
[2026-02-04T08:18:17.992+0000] {processor.py:161} INFO - Started process (PID=60515) to work on /opt/airflow/dags/minio_to_snowflake.py
[2026-02-04T08:18:17.996+0000] {processor.py:830} INFO - Processing file /opt/airflow/dags/minio_to_snowflake.py for tasks to queue
[2026-02-04T08:18:18.003+0000] {logging_mixin.py:188} INFO - [2026-02-04T08:18:18.002+0000] {dagbag.py:545} INFO - Filling up the DagBag from /opt/airflow/dags/minio_to_snowflake.py
[2026-02-04T08:18:21.232+0000] {processor.py:840} INFO - DAG(s) 'minio_to_snowflake' retrieved from /opt/airflow/dags/minio_to_snowflake.py
[2026-02-04T08:18:21.305+0000] {logging_mixin.py:188} INFO - [2026-02-04T08:18:21.304+0000] {dag.py:3089} INFO - Sync 1 DAGs
[2026-02-04T08:18:21.366+0000] {logging_mixin.py:188} INFO - [2026-02-04T08:18:21.365+0000] {dag.py:3947} INFO - Setting next_dagrun for minio_to_snowflake to 2026-02-04 08:18:00+00:00, run_after=2026-02-04 08:19:00+00:00
[2026-02-04T08:18:21.420+0000] {processor.py:183} INFO - Processing /opt/airflow/dags/minio_to_snowflake.py took 3.452 seconds
[2026-02-04T08:18:51.842+0000] {processor.py:161} INFO - Started process (PID=60942) to work on /opt/airflow/dags/minio_to_snowflake.py
[2026-02-04T08:18:51.845+0000] {processor.py:830} INFO - Processing file /opt/airflow/dags/minio_to_snowflake.py for tasks to queue
[2026-02-04T08:18:51.857+0000] {logging_mixin.py:188} INFO - [2026-02-04T08:18:51.855+0000] {dagbag.py:545} INFO - Filling up the DagBag from /opt/airflow/dags/minio_to_snowflake.py
[2026-02-04T08:18:53.473+0000] {processor.py:840} INFO - DAG(s) 'minio_to_snowflake' retrieved from /opt/airflow/dags/minio_to_snowflake.py
[2026-02-04T08:18:53.522+0000] {logging_mixin.py:188} INFO - [2026-02-04T08:18:53.521+0000] {dag.py:3089} INFO - Sync 1 DAGs
[2026-02-04T08:18:53.555+0000] {logging_mixin.py:188} INFO - [2026-02-04T08:18:53.555+0000] {dag.py:3947} INFO - Setting next_dagrun for minio_to_snowflake to 2026-02-04 08:18:00+00:00, run_after=2026-02-04 08:19:00+00:00
[2026-02-04T08:18:53.583+0000] {processor.py:183} INFO - Processing /opt/airflow/dags/minio_to_snowflake.py took 1.755 seconds
[2026-02-04T08:19:23.887+0000] {processor.py:161} INFO - Started process (PID=62208) to work on /opt/airflow/dags/minio_to_snowflake.py
[2026-02-04T08:19:23.890+0000] {processor.py:830} INFO - Processing file /opt/airflow/dags/minio_to_snowflake.py for tasks to queue
[2026-02-04T08:19:23.902+0000] {logging_mixin.py:188} INFO - [2026-02-04T08:19:23.900+0000] {dagbag.py:545} INFO - Filling up the DagBag from /opt/airflow/dags/minio_to_snowflake.py
[2026-02-04T08:19:26.517+0000] {processor.py:840} INFO - DAG(s) 'minio_to_snowflake' retrieved from /opt/airflow/dags/minio_to_snowflake.py
[2026-02-04T08:19:26.657+0000] {logging_mixin.py:188} INFO - [2026-02-04T08:19:26.656+0000] {dag.py:3089} INFO - Sync 1 DAGs
[2026-02-04T08:19:26.773+0000] {logging_mixin.py:188} INFO - [2026-02-04T08:19:26.772+0000] {dag.py:3947} INFO - Setting next_dagrun for minio_to_snowflake to 2026-02-04 08:19:00+00:00, run_after=2026-02-04 08:20:00+00:00
[2026-02-04T08:19:26.832+0000] {processor.py:183} INFO - Processing /opt/airflow/dags/minio_to_snowflake.py took 2.963 seconds
[2026-02-04T08:19:57.158+0000] {processor.py:161} INFO - Started process (PID=62536) to work on /opt/airflow/dags/minio_to_snowflake.py
[2026-02-04T08:19:57.161+0000] {processor.py:830} INFO - Processing file /opt/airflow/dags/minio_to_snowflake.py for tasks to queue
[2026-02-04T08:19:57.166+0000] {logging_mixin.py:188} INFO - [2026-02-04T08:19:57.165+0000] {dagbag.py:545} INFO - Filling up the DagBag from /opt/airflow/dags/minio_to_snowflake.py
[2026-02-04T08:19:58.335+0000] {processor.py:840} INFO - DAG(s) 'minio_to_snowflake' retrieved from /opt/airflow/dags/minio_to_snowflake.py
[2026-02-04T08:19:58.370+0000] {logging_mixin.py:188} INFO - [2026-02-04T08:19:58.369+0000] {dag.py:3089} INFO - Sync 1 DAGs
[2026-02-04T08:19:58.395+0000] {logging_mixin.py:188} INFO - [2026-02-04T08:19:58.394+0000] {dag.py:3947} INFO - Setting next_dagrun for minio_to_snowflake to 2026-02-04 08:19:00+00:00, run_after=2026-02-04 08:20:00+00:00
[2026-02-04T08:19:58.420+0000] {processor.py:183} INFO - Processing /opt/airflow/dags/minio_to_snowflake.py took 1.277 seconds
[2026-02-04T08:20:28.937+0000] {processor.py:161} INFO - Started process (PID=63845) to work on /opt/airflow/dags/minio_to_snowflake.py
[2026-02-04T08:20:28.945+0000] {processor.py:830} INFO - Processing file /opt/airflow/dags/minio_to_snowflake.py for tasks to queue
[2026-02-04T08:20:28.954+0000] {logging_mixin.py:188} INFO - [2026-02-04T08:20:28.952+0000] {dagbag.py:545} INFO - Filling up the DagBag from /opt/airflow/dags/minio_to_snowflake.py
[2026-02-04T08:20:31.058+0000] {processor.py:840} INFO - DAG(s) 'minio_to_snowflake' retrieved from /opt/airflow/dags/minio_to_snowflake.py
[2026-02-04T08:20:31.160+0000] {logging_mixin.py:188} INFO - [2026-02-04T08:20:31.159+0000] {dag.py:3089} INFO - Sync 1 DAGs
[2026-02-04T08:20:31.231+0000] {logging_mixin.py:188} INFO - [2026-02-04T08:20:31.231+0000] {dag.py:3947} INFO - Setting next_dagrun for minio_to_snowflake to 2026-02-04 08:20:00+00:00, run_after=2026-02-04 08:21:00+00:00
[2026-02-04T08:20:31.292+0000] {processor.py:183} INFO - Processing /opt/airflow/dags/minio_to_snowflake.py took 2.380 seconds
[2026-02-04T08:21:01.632+0000] {processor.py:161} INFO - Started process (PID=64131) to work on /opt/airflow/dags/minio_to_snowflake.py
[2026-02-04T08:21:01.635+0000] {processor.py:830} INFO - Processing file /opt/airflow/dags/minio_to_snowflake.py for tasks to queue
[2026-02-04T08:21:01.641+0000] {logging_mixin.py:188} INFO - [2026-02-04T08:21:01.640+0000] {dagbag.py:545} INFO - Filling up the DagBag from /opt/airflow/dags/minio_to_snowflake.py
[2026-02-04T08:21:02.835+0000] {processor.py:840} INFO - DAG(s) 'minio_to_snowflake' retrieved from /opt/airflow/dags/minio_to_snowflake.py
[2026-02-04T08:21:02.866+0000] {logging_mixin.py:188} INFO - [2026-02-04T08:21:02.864+0000] {dag.py:3089} INFO - Sync 1 DAGs
[2026-02-04T08:21:02.895+0000] {logging_mixin.py:188} INFO - [2026-02-04T08:21:02.894+0000] {dag.py:3947} INFO - Setting next_dagrun for minio_to_snowflake to 2026-02-04 08:21:00+00:00, run_after=2026-02-04 08:22:00+00:00
[2026-02-04T08:21:02.926+0000] {processor.py:183} INFO - Processing /opt/airflow/dags/minio_to_snowflake.py took 1.303 seconds
[2026-02-04T08:21:33.295+0000] {processor.py:161} INFO - Started process (PID=65437) to work on /opt/airflow/dags/minio_to_snowflake.py
[2026-02-04T08:21:33.297+0000] {processor.py:830} INFO - Processing file /opt/airflow/dags/minio_to_snowflake.py for tasks to queue
[2026-02-04T08:21:33.300+0000] {logging_mixin.py:188} INFO - [2026-02-04T08:21:33.299+0000] {dagbag.py:545} INFO - Filling up the DagBag from /opt/airflow/dags/minio_to_snowflake.py
[2026-02-04T08:21:34.215+0000] {processor.py:840} INFO - DAG(s) 'minio_to_snowflake' retrieved from /opt/airflow/dags/minio_to_snowflake.py
[2026-02-04T08:21:34.247+0000] {logging_mixin.py:188} INFO - [2026-02-04T08:21:34.246+0000] {dag.py:3089} INFO - Sync 1 DAGs
[2026-02-04T08:21:34.270+0000] {logging_mixin.py:188} INFO - [2026-02-04T08:21:34.270+0000] {dag.py:3947} INFO - Setting next_dagrun for minio_to_snowflake to 2026-02-04 08:21:00+00:00, run_after=2026-02-04 08:22:00+00:00
[2026-02-04T08:21:34.296+0000] {processor.py:183} INFO - Processing /opt/airflow/dags/minio_to_snowflake.py took 1.010 seconds
[2026-02-04T08:22:04.596+0000] {processor.py:161} INFO - Started process (PID=65931) to work on /opt/airflow/dags/minio_to_snowflake.py
[2026-02-04T08:22:04.597+0000] {processor.py:830} INFO - Processing file /opt/airflow/dags/minio_to_snowflake.py for tasks to queue
[2026-02-04T08:22:04.601+0000] {logging_mixin.py:188} INFO - [2026-02-04T08:22:04.600+0000] {dagbag.py:545} INFO - Filling up the DagBag from /opt/airflow/dags/minio_to_snowflake.py
[2026-02-04T08:22:05.777+0000] {processor.py:840} INFO - DAG(s) 'minio_to_snowflake' retrieved from /opt/airflow/dags/minio_to_snowflake.py
[2026-02-04T08:22:05.809+0000] {logging_mixin.py:188} INFO - [2026-02-04T08:22:05.808+0000] {dag.py:3089} INFO - Sync 1 DAGs
[2026-02-04T08:22:05.836+0000] {logging_mixin.py:188} INFO - [2026-02-04T08:22:05.836+0000] {dag.py:3947} INFO - Setting next_dagrun for minio_to_snowflake to 2026-02-04 08:22:00+00:00, run_after=2026-02-04 08:23:00+00:00
[2026-02-04T08:22:05.871+0000] {processor.py:183} INFO - Processing /opt/airflow/dags/minio_to_snowflake.py took 1.285 seconds
[2026-02-04T08:22:36.031+0000] {processor.py:161} INFO - Started process (PID=67024) to work on /opt/airflow/dags/minio_to_snowflake.py
[2026-02-04T08:22:36.033+0000] {processor.py:830} INFO - Processing file /opt/airflow/dags/minio_to_snowflake.py for tasks to queue
[2026-02-04T08:22:36.037+0000] {logging_mixin.py:188} INFO - [2026-02-04T08:22:36.037+0000] {dagbag.py:545} INFO - Filling up the DagBag from /opt/airflow/dags/minio_to_snowflake.py
[2026-02-04T08:22:36.991+0000] {processor.py:840} INFO - DAG(s) 'minio_to_snowflake' retrieved from /opt/airflow/dags/minio_to_snowflake.py
[2026-02-04T08:22:37.048+0000] {logging_mixin.py:188} INFO - [2026-02-04T08:22:37.047+0000] {dag.py:3089} INFO - Sync 1 DAGs
[2026-02-04T08:22:37.095+0000] {logging_mixin.py:188} INFO - [2026-02-04T08:22:37.094+0000] {dag.py:3947} INFO - Setting next_dagrun for minio_to_snowflake to 2026-02-04 08:22:00+00:00, run_after=2026-02-04 08:23:00+00:00
[2026-02-04T08:22:37.147+0000] {processor.py:183} INFO - Processing /opt/airflow/dags/minio_to_snowflake.py took 1.135 seconds
[2026-02-04T08:23:07.360+0000] {processor.py:161} INFO - Started process (PID=68039) to work on /opt/airflow/dags/minio_to_snowflake.py
[2026-02-04T08:23:07.363+0000] {processor.py:830} INFO - Processing file /opt/airflow/dags/minio_to_snowflake.py for tasks to queue
[2026-02-04T08:23:07.375+0000] {logging_mixin.py:188} INFO - [2026-02-04T08:23:07.373+0000] {dagbag.py:545} INFO - Filling up the DagBag from /opt/airflow/dags/minio_to_snowflake.py
[2026-02-04T08:23:09.984+0000] {processor.py:840} INFO - DAG(s) 'minio_to_snowflake' retrieved from /opt/airflow/dags/minio_to_snowflake.py
[2026-02-04T08:23:10.067+0000] {logging_mixin.py:188} INFO - [2026-02-04T08:23:10.065+0000] {dag.py:3089} INFO - Sync 1 DAGs
[2026-02-04T08:23:10.176+0000] {logging_mixin.py:188} INFO - [2026-02-04T08:23:10.176+0000] {dag.py:3947} INFO - Setting next_dagrun for minio_to_snowflake to 2026-02-04 08:23:00+00:00, run_after=2026-02-04 08:24:00+00:00
[2026-02-04T08:23:10.241+0000] {processor.py:183} INFO - Processing /opt/airflow/dags/minio_to_snowflake.py took 2.919 seconds
[2026-02-04T08:23:40.819+0000] {processor.py:161} INFO - Started process (PID=68636) to work on /opt/airflow/dags/minio_to_snowflake.py
[2026-02-04T08:23:40.824+0000] {processor.py:830} INFO - Processing file /opt/airflow/dags/minio_to_snowflake.py for tasks to queue
[2026-02-04T08:23:40.834+0000] {logging_mixin.py:188} INFO - [2026-02-04T08:23:40.832+0000] {dagbag.py:545} INFO - Filling up the DagBag from /opt/airflow/dags/minio_to_snowflake.py
[2026-02-04T08:23:44.240+0000] {processor.py:840} INFO - DAG(s) 'minio_to_snowflake' retrieved from /opt/airflow/dags/minio_to_snowflake.py
[2026-02-04T08:23:44.398+0000] {logging_mixin.py:188} INFO - [2026-02-04T08:23:44.391+0000] {dag.py:3089} INFO - Sync 1 DAGs
[2026-02-04T08:23:44.544+0000] {logging_mixin.py:188} INFO - [2026-02-04T08:23:44.542+0000] {dag.py:3947} INFO - Setting next_dagrun for minio_to_snowflake to 2026-02-04 08:23:00+00:00, run_after=2026-02-04 08:24:00+00:00
[2026-02-04T08:23:44.621+0000] {processor.py:183} INFO - Processing /opt/airflow/dags/minio_to_snowflake.py took 3.826 seconds
[2026-02-04T08:24:15.140+0000] {processor.py:161} INFO - Started process (PID=69915) to work on /opt/airflow/dags/minio_to_snowflake.py
[2026-02-04T08:24:15.143+0000] {processor.py:830} INFO - Processing file /opt/airflow/dags/minio_to_snowflake.py for tasks to queue
[2026-02-04T08:24:15.149+0000] {logging_mixin.py:188} INFO - [2026-02-04T08:24:15.148+0000] {dagbag.py:545} INFO - Filling up the DagBag from /opt/airflow/dags/minio_to_snowflake.py
[2026-02-04T08:24:17.827+0000] {processor.py:840} INFO - DAG(s) 'minio_to_snowflake' retrieved from /opt/airflow/dags/minio_to_snowflake.py
[2026-02-04T08:24:17.912+0000] {logging_mixin.py:188} INFO - [2026-02-04T08:24:17.910+0000] {dag.py:3089} INFO - Sync 1 DAGs
[2026-02-04T08:24:17.971+0000] {logging_mixin.py:188} INFO - [2026-02-04T08:24:17.970+0000] {dag.py:3947} INFO - Setting next_dagrun for minio_to_snowflake to 2026-02-04 08:24:00+00:00, run_after=2026-02-04 08:25:00+00:00
[2026-02-04T08:24:18.020+0000] {processor.py:183} INFO - Processing /opt/airflow/dags/minio_to_snowflake.py took 2.907 seconds
[2026-02-04T08:24:48.419+0000] {processor.py:161} INFO - Started process (PID=70227) to work on /opt/airflow/dags/minio_to_snowflake.py
[2026-02-04T08:24:48.421+0000] {processor.py:830} INFO - Processing file /opt/airflow/dags/minio_to_snowflake.py for tasks to queue
[2026-02-04T08:24:48.426+0000] {logging_mixin.py:188} INFO - [2026-02-04T08:24:48.425+0000] {dagbag.py:545} INFO - Filling up the DagBag from /opt/airflow/dags/minio_to_snowflake.py
[2026-02-04T08:24:49.393+0000] {processor.py:840} INFO - DAG(s) 'minio_to_snowflake' retrieved from /opt/airflow/dags/minio_to_snowflake.py
[2026-02-04T08:24:49.426+0000] {logging_mixin.py:188} INFO - [2026-02-04T08:24:49.426+0000] {dag.py:3089} INFO - Sync 1 DAGs
[2026-02-04T08:24:49.454+0000] {logging_mixin.py:188} INFO - [2026-02-04T08:24:49.453+0000] {dag.py:3947} INFO - Setting next_dagrun for minio_to_snowflake to 2026-02-04 08:24:00+00:00, run_after=2026-02-04 08:25:00+00:00
[2026-02-04T08:24:49.479+0000] {processor.py:183} INFO - Processing /opt/airflow/dags/minio_to_snowflake.py took 1.070 seconds
[2026-02-04T08:25:19.922+0000] {processor.py:161} INFO - Started process (PID=71419) to work on /opt/airflow/dags/minio_to_snowflake.py
[2026-02-04T08:25:19.928+0000] {processor.py:830} INFO - Processing file /opt/airflow/dags/minio_to_snowflake.py for tasks to queue
[2026-02-04T08:25:19.940+0000] {logging_mixin.py:188} INFO - [2026-02-04T08:25:19.937+0000] {dagbag.py:545} INFO - Filling up the DagBag from /opt/airflow/dags/minio_to_snowflake.py
[2026-02-04T08:25:23.619+0000] {processor.py:840} INFO - DAG(s) 'minio_to_snowflake' retrieved from /opt/airflow/dags/minio_to_snowflake.py
[2026-02-04T08:25:23.724+0000] {logging_mixin.py:188} INFO - [2026-02-04T08:25:23.721+0000] {dag.py:3089} INFO - Sync 1 DAGs
[2026-02-04T08:25:23.805+0000] {logging_mixin.py:188} INFO - [2026-02-04T08:25:23.805+0000] {dag.py:3947} INFO - Setting next_dagrun for minio_to_snowflake to 2026-02-04 08:25:00+00:00, run_after=2026-02-04 08:26:00+00:00
[2026-02-04T08:25:23.886+0000] {processor.py:183} INFO - Processing /opt/airflow/dags/minio_to_snowflake.py took 4.004 seconds
[2026-02-04T08:25:54.534+0000] {processor.py:161} INFO - Started process (PID=71753) to work on /opt/airflow/dags/minio_to_snowflake.py
[2026-02-04T08:25:54.538+0000] {processor.py:830} INFO - Processing file /opt/airflow/dags/minio_to_snowflake.py for tasks to queue
[2026-02-04T08:25:54.545+0000] {logging_mixin.py:188} INFO - [2026-02-04T08:25:54.544+0000] {dagbag.py:545} INFO - Filling up the DagBag from /opt/airflow/dags/minio_to_snowflake.py
[2026-02-04T08:25:57.396+0000] {processor.py:840} INFO - DAG(s) 'minio_to_snowflake' retrieved from /opt/airflow/dags/minio_to_snowflake.py
[2026-02-04T08:25:57.481+0000] {logging_mixin.py:188} INFO - [2026-02-04T08:25:57.480+0000] {dag.py:3089} INFO - Sync 1 DAGs
[2026-02-04T08:25:57.584+0000] {logging_mixin.py:188} INFO - [2026-02-04T08:25:57.583+0000] {dag.py:3947} INFO - Setting next_dagrun for minio_to_snowflake to 2026-02-04 08:25:00+00:00, run_after=2026-02-04 08:26:00+00:00
[2026-02-04T08:25:57.669+0000] {processor.py:183} INFO - Processing /opt/airflow/dags/minio_to_snowflake.py took 3.154 seconds
[2026-02-04T08:26:27.958+0000] {processor.py:161} INFO - Started process (PID=73051) to work on /opt/airflow/dags/minio_to_snowflake.py
[2026-02-04T08:26:27.965+0000] {processor.py:830} INFO - Processing file /opt/airflow/dags/minio_to_snowflake.py for tasks to queue
[2026-02-04T08:26:27.989+0000] {logging_mixin.py:188} INFO - [2026-02-04T08:26:27.986+0000] {dagbag.py:545} INFO - Filling up the DagBag from /opt/airflow/dags/minio_to_snowflake.py
[2026-02-04T08:26:30.755+0000] {processor.py:840} INFO - DAG(s) 'minio_to_snowflake' retrieved from /opt/airflow/dags/minio_to_snowflake.py
[2026-02-04T08:26:30.947+0000] {logging_mixin.py:188} INFO - [2026-02-04T08:26:30.942+0000] {dag.py:3089} INFO - Sync 1 DAGs
[2026-02-04T08:26:31.098+0000] {logging_mixin.py:188} INFO - [2026-02-04T08:26:31.097+0000] {dag.py:3947} INFO - Setting next_dagrun for minio_to_snowflake to 2026-02-04 08:26:00+00:00, run_after=2026-02-04 08:27:00+00:00
[2026-02-04T08:26:31.196+0000] {processor.py:183} INFO - Processing /opt/airflow/dags/minio_to_snowflake.py took 3.281 seconds
[2026-02-04T08:27:01.506+0000] {processor.py:161} INFO - Started process (PID=73352) to work on /opt/airflow/dags/minio_to_snowflake.py
[2026-02-04T08:27:01.508+0000] {processor.py:830} INFO - Processing file /opt/airflow/dags/minio_to_snowflake.py for tasks to queue
[2026-02-04T08:27:01.514+0000] {logging_mixin.py:188} INFO - [2026-02-04T08:27:01.513+0000] {dagbag.py:545} INFO - Filling up the DagBag from /opt/airflow/dags/minio_to_snowflake.py
[2026-02-04T08:27:03.333+0000] {processor.py:840} INFO - DAG(s) 'minio_to_snowflake' retrieved from /opt/airflow/dags/minio_to_snowflake.py
[2026-02-04T08:27:03.418+0000] {logging_mixin.py:188} INFO - [2026-02-04T08:27:03.417+0000] {dag.py:3089} INFO - Sync 1 DAGs
[2026-02-04T08:27:03.551+0000] {logging_mixin.py:188} INFO - [2026-02-04T08:27:03.550+0000] {dag.py:3947} INFO - Setting next_dagrun for minio_to_snowflake to 2026-02-04 08:27:00+00:00, run_after=2026-02-04 08:28:00+00:00
[2026-02-04T08:27:03.619+0000] {processor.py:183} INFO - Processing /opt/airflow/dags/minio_to_snowflake.py took 2.125 seconds
[2026-02-04T08:27:34.413+0000] {processor.py:161} INFO - Started process (PID=74635) to work on /opt/airflow/dags/minio_to_snowflake.py
[2026-02-04T08:27:34.417+0000] {processor.py:830} INFO - Processing file /opt/airflow/dags/minio_to_snowflake.py for tasks to queue
[2026-02-04T08:27:34.427+0000] {logging_mixin.py:188} INFO - [2026-02-04T08:27:34.426+0000] {dagbag.py:545} INFO - Filling up the DagBag from /opt/airflow/dags/minio_to_snowflake.py
[2026-02-04T08:27:37.076+0000] {processor.py:840} INFO - DAG(s) 'minio_to_snowflake' retrieved from /opt/airflow/dags/minio_to_snowflake.py
[2026-02-04T08:27:37.147+0000] {logging_mixin.py:188} INFO - [2026-02-04T08:27:37.146+0000] {dag.py:3089} INFO - Sync 1 DAGs
[2026-02-04T08:27:37.209+0000] {logging_mixin.py:188} INFO - [2026-02-04T08:27:37.209+0000] {dag.py:3947} INFO - Setting next_dagrun for minio_to_snowflake to 2026-02-04 08:27:00+00:00, run_after=2026-02-04 08:28:00+00:00
[2026-02-04T08:27:37.255+0000] {processor.py:183} INFO - Processing /opt/airflow/dags/minio_to_snowflake.py took 2.866 seconds
[2026-02-04T08:28:07.987+0000] {processor.py:161} INFO - Started process (PID=74924) to work on /opt/airflow/dags/minio_to_snowflake.py
[2026-02-04T08:28:07.993+0000] {processor.py:830} INFO - Processing file /opt/airflow/dags/minio_to_snowflake.py for tasks to queue
[2026-02-04T08:28:08.010+0000] {logging_mixin.py:188} INFO - [2026-02-04T08:28:08.007+0000] {dagbag.py:545} INFO - Filling up the DagBag from /opt/airflow/dags/minio_to_snowflake.py
[2026-02-04T08:28:11.552+0000] {processor.py:840} INFO - DAG(s) 'minio_to_snowflake' retrieved from /opt/airflow/dags/minio_to_snowflake.py
[2026-02-04T08:28:11.648+0000] {logging_mixin.py:188} INFO - [2026-02-04T08:28:11.646+0000] {dag.py:3089} INFO - Sync 1 DAGs
[2026-02-04T08:28:11.722+0000] {logging_mixin.py:188} INFO - [2026-02-04T08:28:11.721+0000] {dag.py:3947} INFO - Setting next_dagrun for minio_to_snowflake to 2026-02-04 08:28:00+00:00, run_after=2026-02-04 08:29:00+00:00
[2026-02-04T08:28:11.777+0000] {processor.py:183} INFO - Processing /opt/airflow/dags/minio_to_snowflake.py took 3.850 seconds
[2026-02-04T08:28:42.626+0000] {processor.py:161} INFO - Started process (PID=76220) to work on /opt/airflow/dags/minio_to_snowflake.py
[2026-02-04T08:28:42.628+0000] {processor.py:830} INFO - Processing file /opt/airflow/dags/minio_to_snowflake.py for tasks to queue
[2026-02-04T08:28:42.634+0000] {logging_mixin.py:188} INFO - [2026-02-04T08:28:42.633+0000] {dagbag.py:545} INFO - Filling up the DagBag from /opt/airflow/dags/minio_to_snowflake.py
[2026-02-04T08:28:43.655+0000] {processor.py:840} INFO - DAG(s) 'minio_to_snowflake' retrieved from /opt/airflow/dags/minio_to_snowflake.py
[2026-02-04T08:28:43.695+0000] {logging_mixin.py:188} INFO - [2026-02-04T08:28:43.694+0000] {dag.py:3089} INFO - Sync 1 DAGs
[2026-02-04T08:28:43.724+0000] {logging_mixin.py:188} INFO - [2026-02-04T08:28:43.724+0000] {dag.py:3947} INFO - Setting next_dagrun for minio_to_snowflake to 2026-02-04 08:28:00+00:00, run_after=2026-02-04 08:29:00+00:00
[2026-02-04T08:28:43.748+0000] {processor.py:183} INFO - Processing /opt/airflow/dags/minio_to_snowflake.py took 1.139 seconds
[2026-02-04T08:29:14.043+0000] {processor.py:161} INFO - Started process (PID=77086) to work on /opt/airflow/dags/minio_to_snowflake.py
[2026-02-04T08:29:14.048+0000] {processor.py:830} INFO - Processing file /opt/airflow/dags/minio_to_snowflake.py for tasks to queue
[2026-02-04T08:29:14.060+0000] {logging_mixin.py:188} INFO - [2026-02-04T08:29:14.058+0000] {dagbag.py:545} INFO - Filling up the DagBag from /opt/airflow/dags/minio_to_snowflake.py
[2026-02-04T08:29:16.981+0000] {processor.py:840} INFO - DAG(s) 'minio_to_snowflake' retrieved from /opt/airflow/dags/minio_to_snowflake.py
[2026-02-04T08:29:17.088+0000] {logging_mixin.py:188} INFO - [2026-02-04T08:29:17.082+0000] {dag.py:3089} INFO - Sync 1 DAGs
[2026-02-04T08:29:17.173+0000] {logging_mixin.py:188} INFO - [2026-02-04T08:29:17.172+0000] {dag.py:3947} INFO - Setting next_dagrun for minio_to_snowflake to 2026-02-04 08:29:00+00:00, run_after=2026-02-04 08:30:00+00:00
[2026-02-04T08:29:17.229+0000] {processor.py:183} INFO - Processing /opt/airflow/dags/minio_to_snowflake.py took 3.214 seconds
[2026-02-04T08:29:47.512+0000] {processor.py:161} INFO - Started process (PID=77848) to work on /opt/airflow/dags/minio_to_snowflake.py
[2026-02-04T08:29:47.514+0000] {processor.py:830} INFO - Processing file /opt/airflow/dags/minio_to_snowflake.py for tasks to queue
[2026-02-04T08:29:47.518+0000] {logging_mixin.py:188} INFO - [2026-02-04T08:29:47.517+0000] {dagbag.py:545} INFO - Filling up the DagBag from /opt/airflow/dags/minio_to_snowflake.py
[2026-02-04T08:29:48.972+0000] {processor.py:840} INFO - DAG(s) 'minio_to_snowflake' retrieved from /opt/airflow/dags/minio_to_snowflake.py
[2026-02-04T08:29:49.061+0000] {logging_mixin.py:188} INFO - [2026-02-04T08:29:49.060+0000] {dag.py:3089} INFO - Sync 1 DAGs
[2026-02-04T08:29:49.151+0000] {logging_mixin.py:188} INFO - [2026-02-04T08:29:49.151+0000] {dag.py:3947} INFO - Setting next_dagrun for minio_to_snowflake to 2026-02-04 08:29:00+00:00, run_after=2026-02-04 08:30:00+00:00
[2026-02-04T08:29:49.207+0000] {processor.py:183} INFO - Processing /opt/airflow/dags/minio_to_snowflake.py took 1.705 seconds
[2026-02-04T08:30:19.632+0000] {processor.py:161} INFO - Started process (PID=79145) to work on /opt/airflow/dags/minio_to_snowflake.py
[2026-02-04T08:30:19.636+0000] {processor.py:830} INFO - Processing file /opt/airflow/dags/minio_to_snowflake.py for tasks to queue
[2026-02-04T08:30:19.649+0000] {logging_mixin.py:188} INFO - [2026-02-04T08:30:19.645+0000] {dagbag.py:545} INFO - Filling up the DagBag from /opt/airflow/dags/minio_to_snowflake.py
[2026-02-04T08:30:21.611+0000] {processor.py:840} INFO - DAG(s) 'minio_to_snowflake' retrieved from /opt/airflow/dags/minio_to_snowflake.py
[2026-02-04T08:30:21.674+0000] {logging_mixin.py:188} INFO - [2026-02-04T08:30:21.673+0000] {dag.py:3089} INFO - Sync 1 DAGs
[2026-02-04T08:30:21.724+0000] {logging_mixin.py:188} INFO - [2026-02-04T08:30:21.724+0000] {dag.py:3947} INFO - Setting next_dagrun for minio_to_snowflake to 2026-02-04 08:30:00+00:00, run_after=2026-02-04 08:31:00+00:00
[2026-02-04T08:30:21.770+0000] {processor.py:183} INFO - Processing /opt/airflow/dags/minio_to_snowflake.py took 2.157 seconds
[2026-02-04T08:30:51.890+0000] {processor.py:161} INFO - Started process (PID=79459) to work on /opt/airflow/dags/minio_to_snowflake.py
[2026-02-04T08:30:51.892+0000] {processor.py:830} INFO - Processing file /opt/airflow/dags/minio_to_snowflake.py for tasks to queue
[2026-02-04T08:30:51.897+0000] {logging_mixin.py:188} INFO - [2026-02-04T08:30:51.896+0000] {dagbag.py:545} INFO - Filling up the DagBag from /opt/airflow/dags/minio_to_snowflake.py
[2026-02-04T08:30:52.962+0000] {processor.py:840} INFO - DAG(s) 'minio_to_snowflake' retrieved from /opt/airflow/dags/minio_to_snowflake.py
[2026-02-04T08:30:52.991+0000] {logging_mixin.py:188} INFO - [2026-02-04T08:30:52.991+0000] {dag.py:3089} INFO - Sync 1 DAGs
[2026-02-04T08:30:53.015+0000] {logging_mixin.py:188} INFO - [2026-02-04T08:30:53.015+0000] {dag.py:3947} INFO - Setting next_dagrun for minio_to_snowflake to 2026-02-04 08:30:00+00:00, run_after=2026-02-04 08:31:00+00:00
[2026-02-04T08:30:53.037+0000] {processor.py:183} INFO - Processing /opt/airflow/dags/minio_to_snowflake.py took 1.156 seconds
[2026-02-04T08:31:23.245+0000] {processor.py:161} INFO - Started process (PID=80755) to work on /opt/airflow/dags/minio_to_snowflake.py
[2026-02-04T08:31:23.248+0000] {processor.py:830} INFO - Processing file /opt/airflow/dags/minio_to_snowflake.py for tasks to queue
[2026-02-04T08:31:23.254+0000] {logging_mixin.py:188} INFO - [2026-02-04T08:31:23.253+0000] {dagbag.py:545} INFO - Filling up the DagBag from /opt/airflow/dags/minio_to_snowflake.py
[2026-02-04T08:31:25.279+0000] {processor.py:840} INFO - DAG(s) 'minio_to_snowflake' retrieved from /opt/airflow/dags/minio_to_snowflake.py
[2026-02-04T08:31:25.339+0000] {logging_mixin.py:188} INFO - [2026-02-04T08:31:25.338+0000] {dag.py:3089} INFO - Sync 1 DAGs
[2026-02-04T08:31:25.421+0000] {logging_mixin.py:188} INFO - [2026-02-04T08:31:25.421+0000] {dag.py:3947} INFO - Setting next_dagrun for minio_to_snowflake to 2026-02-04 08:31:00+00:00, run_after=2026-02-04 08:32:00+00:00
[2026-02-04T08:31:25.467+0000] {processor.py:183} INFO - Processing /opt/airflow/dags/minio_to_snowflake.py took 2.241 seconds
[2026-02-04T08:31:55.635+0000] {processor.py:161} INFO - Started process (PID=81060) to work on /opt/airflow/dags/minio_to_snowflake.py
[2026-02-04T08:31:55.637+0000] {processor.py:830} INFO - Processing file /opt/airflow/dags/minio_to_snowflake.py for tasks to queue
[2026-02-04T08:31:55.640+0000] {logging_mixin.py:188} INFO - [2026-02-04T08:31:55.639+0000] {dagbag.py:545} INFO - Filling up the DagBag from /opt/airflow/dags/minio_to_snowflake.py
[2026-02-04T08:31:56.568+0000] {processor.py:840} INFO - DAG(s) 'minio_to_snowflake' retrieved from /opt/airflow/dags/minio_to_snowflake.py
[2026-02-04T08:31:56.600+0000] {logging_mixin.py:188} INFO - [2026-02-04T08:31:56.600+0000] {dag.py:3089} INFO - Sync 1 DAGs
[2026-02-04T08:31:56.626+0000] {logging_mixin.py:188} INFO - [2026-02-04T08:31:56.626+0000] {dag.py:3947} INFO - Setting next_dagrun for minio_to_snowflake to 2026-02-04 08:31:00+00:00, run_after=2026-02-04 08:32:00+00:00
[2026-02-04T08:31:56.650+0000] {processor.py:183} INFO - Processing /opt/airflow/dags/minio_to_snowflake.py took 1.024 seconds
[2026-02-04T08:32:27.098+0000] {processor.py:161} INFO - Started process (PID=82363) to work on /opt/airflow/dags/minio_to_snowflake.py
[2026-02-04T08:32:27.101+0000] {processor.py:830} INFO - Processing file /opt/airflow/dags/minio_to_snowflake.py for tasks to queue
[2026-02-04T08:32:27.108+0000] {logging_mixin.py:188} INFO - [2026-02-04T08:32:27.106+0000] {dagbag.py:545} INFO - Filling up the DagBag from /opt/airflow/dags/minio_to_snowflake.py
[2026-02-04T08:32:29.271+0000] {processor.py:840} INFO - DAG(s) 'minio_to_snowflake' retrieved from /opt/airflow/dags/minio_to_snowflake.py
[2026-02-04T08:32:29.339+0000] {logging_mixin.py:188} INFO - [2026-02-04T08:32:29.338+0000] {dag.py:3089} INFO - Sync 1 DAGs
[2026-02-04T08:32:29.404+0000] {logging_mixin.py:188} INFO - [2026-02-04T08:32:29.404+0000] {dag.py:3947} INFO - Setting next_dagrun for minio_to_snowflake to 2026-02-04 08:32:00+00:00, run_after=2026-02-04 08:33:00+00:00
[2026-02-04T08:32:29.461+0000] {processor.py:183} INFO - Processing /opt/airflow/dags/minio_to_snowflake.py took 2.384 seconds
[2026-02-04T08:32:59.819+0000] {processor.py:161} INFO - Started process (PID=82666) to work on /opt/airflow/dags/minio_to_snowflake.py
[2026-02-04T08:32:59.820+0000] {processor.py:830} INFO - Processing file /opt/airflow/dags/minio_to_snowflake.py for tasks to queue
[2026-02-04T08:32:59.824+0000] {logging_mixin.py:188} INFO - [2026-02-04T08:32:59.823+0000] {dagbag.py:545} INFO - Filling up the DagBag from /opt/airflow/dags/minio_to_snowflake.py
[2026-02-04T08:33:00.824+0000] {processor.py:840} INFO - DAG(s) 'minio_to_snowflake' retrieved from /opt/airflow/dags/minio_to_snowflake.py
[2026-02-04T08:33:00.855+0000] {logging_mixin.py:188} INFO - [2026-02-04T08:33:00.854+0000] {dag.py:3089} INFO - Sync 1 DAGs
[2026-02-04T08:33:00.880+0000] {logging_mixin.py:188} INFO - [2026-02-04T08:33:00.879+0000] {dag.py:3947} INFO - Setting next_dagrun for minio_to_snowflake to 2026-02-04 08:32:00+00:00, run_after=2026-02-04 08:33:00+00:00
[2026-02-04T08:33:00.905+0000] {processor.py:183} INFO - Processing /opt/airflow/dags/minio_to_snowflake.py took 1.096 seconds
[2026-02-04T08:33:31.231+0000] {processor.py:161} INFO - Started process (PID=83955) to work on /opt/airflow/dags/minio_to_snowflake.py
[2026-02-04T08:33:31.236+0000] {processor.py:830} INFO - Processing file /opt/airflow/dags/minio_to_snowflake.py for tasks to queue
[2026-02-04T08:33:31.246+0000] {logging_mixin.py:188} INFO - [2026-02-04T08:33:31.244+0000] {dagbag.py:545} INFO - Filling up the DagBag from /opt/airflow/dags/minio_to_snowflake.py
[2026-02-04T08:33:34.573+0000] {processor.py:840} INFO - DAG(s) 'minio_to_snowflake' retrieved from /opt/airflow/dags/minio_to_snowflake.py
[2026-02-04T08:33:34.882+0000] {logging_mixin.py:188} INFO - [2026-02-04T08:33:34.878+0000] {dag.py:3089} INFO - Sync 1 DAGs
[2026-02-04T08:33:35.139+0000] {logging_mixin.py:188} INFO - [2026-02-04T08:33:35.137+0000] {dag.py:3947} INFO - Setting next_dagrun for minio_to_snowflake to 2026-02-04 08:33:00+00:00, run_after=2026-02-04 08:34:00+00:00
[2026-02-04T08:33:35.222+0000] {processor.py:183} INFO - Processing /opt/airflow/dags/minio_to_snowflake.py took 4.016 seconds
[2026-02-04T08:34:05.811+0000] {processor.py:161} INFO - Started process (PID=84855) to work on /opt/airflow/dags/minio_to_snowflake.py
[2026-02-04T08:34:05.815+0000] {processor.py:830} INFO - Processing file /opt/airflow/dags/minio_to_snowflake.py for tasks to queue
[2026-02-04T08:34:05.824+0000] {logging_mixin.py:188} INFO - [2026-02-04T08:34:05.823+0000] {dagbag.py:545} INFO - Filling up the DagBag from /opt/airflow/dags/minio_to_snowflake.py
[2026-02-04T08:34:08.845+0000] {processor.py:840} INFO - DAG(s) 'minio_to_snowflake' retrieved from /opt/airflow/dags/minio_to_snowflake.py
[2026-02-04T08:34:08.952+0000] {logging_mixin.py:188} INFO - [2026-02-04T08:34:08.950+0000] {dag.py:3089} INFO - Sync 1 DAGs
[2026-02-04T08:34:09.072+0000] {logging_mixin.py:188} INFO - [2026-02-04T08:34:09.070+0000] {dag.py:3947} INFO - Setting next_dagrun for minio_to_snowflake to 2026-02-04 08:34:00+00:00, run_after=2026-02-04 08:35:00+00:00
[2026-02-04T08:34:09.156+0000] {processor.py:183} INFO - Processing /opt/airflow/dags/minio_to_snowflake.py took 3.371 seconds
[2026-02-04T08:34:39.604+0000] {processor.py:161} INFO - Started process (PID=85560) to work on /opt/airflow/dags/minio_to_snowflake.py
[2026-02-04T08:34:39.606+0000] {processor.py:830} INFO - Processing file /opt/airflow/dags/minio_to_snowflake.py for tasks to queue
[2026-02-04T08:34:39.609+0000] {logging_mixin.py:188} INFO - [2026-02-04T08:34:39.609+0000] {dagbag.py:545} INFO - Filling up the DagBag from /opt/airflow/dags/minio_to_snowflake.py
[2026-02-04T08:34:40.553+0000] {processor.py:840} INFO - DAG(s) 'minio_to_snowflake' retrieved from /opt/airflow/dags/minio_to_snowflake.py
[2026-02-04T08:34:40.585+0000] {logging_mixin.py:188} INFO - [2026-02-04T08:34:40.584+0000] {dag.py:3089} INFO - Sync 1 DAGs
[2026-02-04T08:34:40.618+0000] {logging_mixin.py:188} INFO - [2026-02-04T08:34:40.618+0000] {dag.py:3947} INFO - Setting next_dagrun for minio_to_snowflake to 2026-02-04 08:34:00+00:00, run_after=2026-02-04 08:35:00+00:00
[2026-02-04T08:34:40.642+0000] {processor.py:183} INFO - Processing /opt/airflow/dags/minio_to_snowflake.py took 1.049 seconds
[2026-02-04T08:35:10.995+0000] {processor.py:161} INFO - Started process (PID=86442) to work on /opt/airflow/dags/minio_to_snowflake.py
[2026-02-04T08:35:11.001+0000] {processor.py:830} INFO - Processing file /opt/airflow/dags/minio_to_snowflake.py for tasks to queue
[2026-02-04T08:35:11.016+0000] {logging_mixin.py:188} INFO - [2026-02-04T08:35:11.012+0000] {dagbag.py:545} INFO - Filling up the DagBag from /opt/airflow/dags/minio_to_snowflake.py
[2026-02-04T08:35:14.312+0000] {processor.py:840} INFO - DAG(s) 'minio_to_snowflake' retrieved from /opt/airflow/dags/minio_to_snowflake.py
[2026-02-04T08:35:14.407+0000] {logging_mixin.py:188} INFO - [2026-02-04T08:35:14.406+0000] {dag.py:3089} INFO - Sync 1 DAGs
[2026-02-04T08:35:14.495+0000] {logging_mixin.py:188} INFO - [2026-02-04T08:35:14.495+0000] {dag.py:3947} INFO - Setting next_dagrun for minio_to_snowflake to 2026-02-04 08:35:00+00:00, run_after=2026-02-04 08:36:00+00:00
[2026-02-04T08:35:15.001+0000] {processor.py:183} INFO - Processing /opt/airflow/dags/minio_to_snowflake.py took 4.032 seconds
[2026-02-04T08:35:45.492+0000] {processor.py:161} INFO - Started process (PID=87141) to work on /opt/airflow/dags/minio_to_snowflake.py
[2026-02-04T08:35:45.496+0000] {processor.py:830} INFO - Processing file /opt/airflow/dags/minio_to_snowflake.py for tasks to queue
[2026-02-04T08:35:45.504+0000] {logging_mixin.py:188} INFO - [2026-02-04T08:35:45.503+0000] {dagbag.py:545} INFO - Filling up the DagBag from /opt/airflow/dags/minio_to_snowflake.py
[2026-02-04T08:35:48.153+0000] {processor.py:840} INFO - DAG(s) 'minio_to_snowflake' retrieved from /opt/airflow/dags/minio_to_snowflake.py
[2026-02-04T08:35:48.291+0000] {logging_mixin.py:188} INFO - [2026-02-04T08:35:48.289+0000] {dag.py:3089} INFO - Sync 1 DAGs
[2026-02-04T08:35:48.411+0000] {logging_mixin.py:188} INFO - [2026-02-04T08:35:48.411+0000] {dag.py:3947} INFO - Setting next_dagrun for minio_to_snowflake to 2026-02-04 08:35:00+00:00, run_after=2026-02-04 08:36:00+00:00
[2026-02-04T08:35:48.489+0000] {processor.py:183} INFO - Processing /opt/airflow/dags/minio_to_snowflake.py took 3.018 seconds
[2026-02-04T08:36:19.055+0000] {processor.py:161} INFO - Started process (PID=88105) to work on /opt/airflow/dags/minio_to_snowflake.py
[2026-02-04T08:36:19.061+0000] {processor.py:830} INFO - Processing file /opt/airflow/dags/minio_to_snowflake.py for tasks to queue
[2026-02-04T08:36:19.070+0000] {logging_mixin.py:188} INFO - [2026-02-04T08:36:19.068+0000] {dagbag.py:545} INFO - Filling up the DagBag from /opt/airflow/dags/minio_to_snowflake.py
[2026-02-04T08:36:22.551+0000] {processor.py:840} INFO - DAG(s) 'minio_to_snowflake' retrieved from /opt/airflow/dags/minio_to_snowflake.py
[2026-02-04T08:36:22.652+0000] {logging_mixin.py:188} INFO - [2026-02-04T08:36:22.650+0000] {dag.py:3089} INFO - Sync 1 DAGs
[2026-02-04T08:36:22.758+0000] {logging_mixin.py:188} INFO - [2026-02-04T08:36:22.758+0000] {dag.py:3947} INFO - Setting next_dagrun for minio_to_snowflake to 2026-02-04 08:36:00+00:00, run_after=2026-02-04 08:37:00+00:00
[2026-02-04T08:36:22.865+0000] {processor.py:183} INFO - Processing /opt/airflow/dags/minio_to_snowflake.py took 3.835 seconds
[2026-02-04T08:36:53.568+0000] {processor.py:161} INFO - Started process (PID=88675) to work on /opt/airflow/dags/minio_to_snowflake.py
[2026-02-04T08:36:53.572+0000] {processor.py:830} INFO - Processing file /opt/airflow/dags/minio_to_snowflake.py for tasks to queue
[2026-02-04T08:36:53.579+0000] {logging_mixin.py:188} INFO - [2026-02-04T08:36:53.578+0000] {dagbag.py:545} INFO - Filling up the DagBag from /opt/airflow/dags/minio_to_snowflake.py
[2026-02-04T08:36:56.126+0000] {processor.py:840} INFO - DAG(s) 'minio_to_snowflake' retrieved from /opt/airflow/dags/minio_to_snowflake.py
[2026-02-04T08:36:56.226+0000] {logging_mixin.py:188} INFO - [2026-02-04T08:36:56.223+0000] {dag.py:3089} INFO - Sync 1 DAGs
[2026-02-04T08:36:56.347+0000] {logging_mixin.py:188} INFO - [2026-02-04T08:36:56.346+0000] {dag.py:3947} INFO - Setting next_dagrun for minio_to_snowflake to 2026-02-04 08:36:00+00:00, run_after=2026-02-04 08:37:00+00:00
[2026-02-04T08:36:56.408+0000] {processor.py:183} INFO - Processing /opt/airflow/dags/minio_to_snowflake.py took 2.862 seconds
[2026-02-04T08:37:27.119+0000] {processor.py:161} INFO - Started process (PID=89971) to work on /opt/airflow/dags/minio_to_snowflake.py
[2026-02-04T08:37:27.123+0000] {processor.py:830} INFO - Processing file /opt/airflow/dags/minio_to_snowflake.py for tasks to queue
[2026-02-04T08:37:27.140+0000] {logging_mixin.py:188} INFO - [2026-02-04T08:37:27.132+0000] {dagbag.py:545} INFO - Filling up the DagBag from /opt/airflow/dags/minio_to_snowflake.py
[2026-02-04T08:37:30.190+0000] {processor.py:840} INFO - DAG(s) 'minio_to_snowflake' retrieved from /opt/airflow/dags/minio_to_snowflake.py
[2026-02-04T08:37:30.351+0000] {logging_mixin.py:188} INFO - [2026-02-04T08:37:30.348+0000] {dag.py:3089} INFO - Sync 1 DAGs
[2026-02-04T08:37:30.725+0000] {logging_mixin.py:188} INFO - [2026-02-04T08:37:30.725+0000] {dag.py:3947} INFO - Setting next_dagrun for minio_to_snowflake to 2026-02-04 08:37:00+00:00, run_after=2026-02-04 08:38:00+00:00
[2026-02-04T08:37:30.810+0000] {processor.py:183} INFO - Processing /opt/airflow/dags/minio_to_snowflake.py took 3.723 seconds
[2026-02-04T08:38:01.487+0000] {processor.py:161} INFO - Started process (PID=90284) to work on /opt/airflow/dags/minio_to_snowflake.py
[2026-02-04T08:38:01.490+0000] {processor.py:830} INFO - Processing file /opt/airflow/dags/minio_to_snowflake.py for tasks to queue
[2026-02-04T08:38:01.498+0000] {logging_mixin.py:188} INFO - [2026-02-04T08:38:01.497+0000] {dagbag.py:545} INFO - Filling up the DagBag from /opt/airflow/dags/minio_to_snowflake.py
[2026-02-04T08:38:04.310+0000] {processor.py:840} INFO - DAG(s) 'minio_to_snowflake' retrieved from /opt/airflow/dags/minio_to_snowflake.py
[2026-02-04T08:38:04.388+0000] {logging_mixin.py:188} INFO - [2026-02-04T08:38:04.383+0000] {dag.py:3089} INFO - Sync 1 DAGs
[2026-02-04T08:38:04.457+0000] {logging_mixin.py:188} INFO - [2026-02-04T08:38:04.456+0000] {dag.py:3947} INFO - Setting next_dagrun for minio_to_snowflake to 2026-02-04 08:38:00+00:00, run_after=2026-02-04 08:39:00+00:00
[2026-02-04T08:38:04.530+0000] {processor.py:183} INFO - Processing /opt/airflow/dags/minio_to_snowflake.py took 3.072 seconds
[2026-02-04T08:38:34.938+0000] {processor.py:161} INFO - Started process (PID=91603) to work on /opt/airflow/dags/minio_to_snowflake.py
[2026-02-04T08:38:34.943+0000] {processor.py:830} INFO - Processing file /opt/airflow/dags/minio_to_snowflake.py for tasks to queue
[2026-02-04T08:38:34.950+0000] {logging_mixin.py:188} INFO - [2026-02-04T08:38:34.949+0000] {dagbag.py:545} INFO - Filling up the DagBag from /opt/airflow/dags/minio_to_snowflake.py
[2026-02-04T08:38:38.664+0000] {processor.py:840} INFO - DAG(s) 'minio_to_snowflake' retrieved from /opt/airflow/dags/minio_to_snowflake.py
[2026-02-04T08:38:38.971+0000] {logging_mixin.py:188} INFO - [2026-02-04T08:38:38.969+0000] {dag.py:3089} INFO - Sync 1 DAGs
[2026-02-04T08:38:39.229+0000] {logging_mixin.py:188} INFO - [2026-02-04T08:38:39.229+0000] {dag.py:3947} INFO - Setting next_dagrun for minio_to_snowflake to 2026-02-04 08:38:00+00:00, run_after=2026-02-04 08:39:00+00:00
[2026-02-04T08:38:39.290+0000] {processor.py:183} INFO - Processing /opt/airflow/dags/minio_to_snowflake.py took 4.382 seconds
[2026-02-04T08:39:09.758+0000] {processor.py:161} INFO - Started process (PID=92778) to work on /opt/airflow/dags/minio_to_snowflake.py
[2026-02-04T08:39:09.762+0000] {processor.py:830} INFO - Processing file /opt/airflow/dags/minio_to_snowflake.py for tasks to queue
[2026-02-04T08:39:09.775+0000] {logging_mixin.py:188} INFO - [2026-02-04T08:39:09.774+0000] {dagbag.py:545} INFO - Filling up the DagBag from /opt/airflow/dags/minio_to_snowflake.py
[2026-02-04T08:39:12.428+0000] {processor.py:840} INFO - DAG(s) 'minio_to_snowflake' retrieved from /opt/airflow/dags/minio_to_snowflake.py
[2026-02-04T08:39:12.493+0000] {logging_mixin.py:188} INFO - [2026-02-04T08:39:12.491+0000] {dag.py:3089} INFO - Sync 1 DAGs
[2026-02-04T08:39:12.551+0000] {logging_mixin.py:188} INFO - [2026-02-04T08:39:12.551+0000] {dag.py:3947} INFO - Setting next_dagrun for minio_to_snowflake to 2026-02-04 08:39:00+00:00, run_after=2026-02-04 08:40:00+00:00
[2026-02-04T08:39:12.605+0000] {processor.py:183} INFO - Processing /opt/airflow/dags/minio_to_snowflake.py took 2.871 seconds
[2026-02-04T08:39:42.952+0000] {processor.py:161} INFO - Started process (PID=93260) to work on /opt/airflow/dags/minio_to_snowflake.py
[2026-02-04T08:39:42.964+0000] {processor.py:830} INFO - Processing file /opt/airflow/dags/minio_to_snowflake.py for tasks to queue
[2026-02-04T08:39:42.970+0000] {logging_mixin.py:188} INFO - [2026-02-04T08:39:42.969+0000] {dagbag.py:545} INFO - Filling up the DagBag from /opt/airflow/dags/minio_to_snowflake.py
[2026-02-04T08:39:44.136+0000] {processor.py:840} INFO - DAG(s) 'minio_to_snowflake' retrieved from /opt/airflow/dags/minio_to_snowflake.py
[2026-02-04T08:39:44.191+0000] {logging_mixin.py:188} INFO - [2026-02-04T08:39:44.189+0000] {dag.py:3089} INFO - Sync 1 DAGs
[2026-02-04T08:39:44.243+0000] {logging_mixin.py:188} INFO - [2026-02-04T08:39:44.243+0000] {dag.py:3947} INFO - Setting next_dagrun for minio_to_snowflake to 2026-02-04 08:39:00+00:00, run_after=2026-02-04 08:40:00+00:00
[2026-02-04T08:39:44.283+0000] {processor.py:183} INFO - Processing /opt/airflow/dags/minio_to_snowflake.py took 1.350 seconds
[2026-02-04T08:40:14.782+0000] {processor.py:161} INFO - Started process (PID=94367) to work on /opt/airflow/dags/minio_to_snowflake.py
[2026-02-04T08:40:14.785+0000] {processor.py:830} INFO - Processing file /opt/airflow/dags/minio_to_snowflake.py for tasks to queue
[2026-02-04T08:40:14.801+0000] {logging_mixin.py:188} INFO - [2026-02-04T08:40:14.800+0000] {dagbag.py:545} INFO - Filling up the DagBag from /opt/airflow/dags/minio_to_snowflake.py
[2026-02-04T08:40:17.674+0000] {processor.py:840} INFO - DAG(s) 'minio_to_snowflake' retrieved from /opt/airflow/dags/minio_to_snowflake.py
[2026-02-04T08:40:17.754+0000] {logging_mixin.py:188} INFO - [2026-02-04T08:40:17.752+0000] {dag.py:3089} INFO - Sync 1 DAGs
[2026-02-04T08:40:17.846+0000] {logging_mixin.py:188} INFO - [2026-02-04T08:40:17.845+0000] {dag.py:3947} INFO - Setting next_dagrun for minio_to_snowflake to 2026-02-04 08:40:00+00:00, run_after=2026-02-04 08:41:00+00:00
[2026-02-04T08:40:17.901+0000] {processor.py:183} INFO - Processing /opt/airflow/dags/minio_to_snowflake.py took 3.160 seconds
[2026-02-04T08:40:48.145+0000] {processor.py:161} INFO - Started process (PID=94863) to work on /opt/airflow/dags/minio_to_snowflake.py
[2026-02-04T08:40:48.148+0000] {processor.py:830} INFO - Processing file /opt/airflow/dags/minio_to_snowflake.py for tasks to queue
[2026-02-04T08:40:48.156+0000] {logging_mixin.py:188} INFO - [2026-02-04T08:40:48.155+0000] {dagbag.py:545} INFO - Filling up the DagBag from /opt/airflow/dags/minio_to_snowflake.py
[2026-02-04T08:40:52.341+0000] {processor.py:840} INFO - DAG(s) 'minio_to_snowflake' retrieved from /opt/airflow/dags/minio_to_snowflake.py
[2026-02-04T08:40:52.426+0000] {logging_mixin.py:188} INFO - [2026-02-04T08:40:52.424+0000] {dag.py:3089} INFO - Sync 1 DAGs
[2026-02-04T08:40:52.482+0000] {logging_mixin.py:188} INFO - [2026-02-04T08:40:52.481+0000] {dag.py:3947} INFO - Setting next_dagrun for minio_to_snowflake to 2026-02-04 08:40:00+00:00, run_after=2026-02-04 08:41:00+00:00
[2026-02-04T08:40:52.533+0000] {processor.py:183} INFO - Processing /opt/airflow/dags/minio_to_snowflake.py took 4.419 seconds
[2026-02-04T08:41:22.739+0000] {processor.py:161} INFO - Started process (PID=96171) to work on /opt/airflow/dags/minio_to_snowflake.py
[2026-02-04T08:41:22.741+0000] {processor.py:830} INFO - Processing file /opt/airflow/dags/minio_to_snowflake.py for tasks to queue
[2026-02-04T08:41:22.745+0000] {logging_mixin.py:188} INFO - [2026-02-04T08:41:22.744+0000] {dagbag.py:545} INFO - Filling up the DagBag from /opt/airflow/dags/minio_to_snowflake.py
[2026-02-04T08:41:23.806+0000] {processor.py:840} INFO - DAG(s) 'minio_to_snowflake' retrieved from /opt/airflow/dags/minio_to_snowflake.py
[2026-02-04T08:41:23.839+0000] {logging_mixin.py:188} INFO - [2026-02-04T08:41:23.838+0000] {dag.py:3089} INFO - Sync 1 DAGs
[2026-02-04T08:41:23.864+0000] {logging_mixin.py:188} INFO - [2026-02-04T08:41:23.864+0000] {dag.py:3947} INFO - Setting next_dagrun for minio_to_snowflake to 2026-02-04 08:41:00+00:00, run_after=2026-02-04 08:42:00+00:00
[2026-02-04T08:41:23.886+0000] {processor.py:183} INFO - Processing /opt/airflow/dags/minio_to_snowflake.py took 1.156 seconds
[2026-02-04T08:41:54.208+0000] {processor.py:161} INFO - Started process (PID=96458) to work on /opt/airflow/dags/minio_to_snowflake.py
[2026-02-04T08:41:54.209+0000] {processor.py:830} INFO - Processing file /opt/airflow/dags/minio_to_snowflake.py for tasks to queue
[2026-02-04T08:41:54.213+0000] {logging_mixin.py:188} INFO - [2026-02-04T08:41:54.212+0000] {dagbag.py:545} INFO - Filling up the DagBag from /opt/airflow/dags/minio_to_snowflake.py
[2026-02-04T08:41:55.122+0000] {processor.py:840} INFO - DAG(s) 'minio_to_snowflake' retrieved from /opt/airflow/dags/minio_to_snowflake.py
[2026-02-04T08:41:55.154+0000] {logging_mixin.py:188} INFO - [2026-02-04T08:41:55.154+0000] {dag.py:3089} INFO - Sync 1 DAGs
[2026-02-04T08:41:55.195+0000] {logging_mixin.py:188} INFO - [2026-02-04T08:41:55.195+0000] {dag.py:3947} INFO - Setting next_dagrun for minio_to_snowflake to 2026-02-04 08:41:00+00:00, run_after=2026-02-04 08:42:00+00:00
[2026-02-04T08:41:55.219+0000] {processor.py:183} INFO - Processing /opt/airflow/dags/minio_to_snowflake.py took 1.020 seconds
[2026-02-04T08:42:25.681+0000] {processor.py:161} INFO - Started process (PID=97758) to work on /opt/airflow/dags/minio_to_snowflake.py
[2026-02-04T08:42:25.685+0000] {processor.py:830} INFO - Processing file /opt/airflow/dags/minio_to_snowflake.py for tasks to queue
[2026-02-04T08:42:25.692+0000] {logging_mixin.py:188} INFO - [2026-02-04T08:42:25.691+0000] {dagbag.py:545} INFO - Filling up the DagBag from /opt/airflow/dags/minio_to_snowflake.py
[2026-02-04T08:42:27.778+0000] {processor.py:840} INFO - DAG(s) 'minio_to_snowflake' retrieved from /opt/airflow/dags/minio_to_snowflake.py
[2026-02-04T08:42:27.841+0000] {logging_mixin.py:188} INFO - [2026-02-04T08:42:27.840+0000] {dag.py:3089} INFO - Sync 1 DAGs
[2026-02-04T08:42:27.904+0000] {logging_mixin.py:188} INFO - [2026-02-04T08:42:27.903+0000] {dag.py:3947} INFO - Setting next_dagrun for minio_to_snowflake to 2026-02-04 08:42:00+00:00, run_after=2026-02-04 08:43:00+00:00
[2026-02-04T08:42:27.957+0000] {processor.py:183} INFO - Processing /opt/airflow/dags/minio_to_snowflake.py took 2.297 seconds
[2026-02-04T08:42:58.287+0000] {processor.py:161} INFO - Started process (PID=98044) to work on /opt/airflow/dags/minio_to_snowflake.py
[2026-02-04T08:42:58.289+0000] {processor.py:830} INFO - Processing file /opt/airflow/dags/minio_to_snowflake.py for tasks to queue
[2026-02-04T08:42:58.292+0000] {logging_mixin.py:188} INFO - [2026-02-04T08:42:58.292+0000] {dagbag.py:545} INFO - Filling up the DagBag from /opt/airflow/dags/minio_to_snowflake.py
[2026-02-04T08:42:59.267+0000] {processor.py:840} INFO - DAG(s) 'minio_to_snowflake' retrieved from /opt/airflow/dags/minio_to_snowflake.py
[2026-02-04T08:42:59.300+0000] {logging_mixin.py:188} INFO - [2026-02-04T08:42:59.299+0000] {dag.py:3089} INFO - Sync 1 DAGs
[2026-02-04T08:42:59.327+0000] {logging_mixin.py:188} INFO - [2026-02-04T08:42:59.326+0000] {dag.py:3947} INFO - Setting next_dagrun for minio_to_snowflake to 2026-02-04 08:42:00+00:00, run_after=2026-02-04 08:43:00+00:00
[2026-02-04T08:42:59.350+0000] {processor.py:183} INFO - Processing /opt/airflow/dags/minio_to_snowflake.py took 1.074 seconds
[2026-02-04T08:43:29.666+0000] {processor.py:161} INFO - Started process (PID=99347) to work on /opt/airflow/dags/minio_to_snowflake.py
[2026-02-04T08:43:29.668+0000] {processor.py:830} INFO - Processing file /opt/airflow/dags/minio_to_snowflake.py for tasks to queue
[2026-02-04T08:43:29.671+0000] {logging_mixin.py:188} INFO - [2026-02-04T08:43:29.670+0000] {dagbag.py:545} INFO - Filling up the DagBag from /opt/airflow/dags/minio_to_snowflake.py
[2026-02-04T08:43:30.594+0000] {processor.py:840} INFO - DAG(s) 'minio_to_snowflake' retrieved from /opt/airflow/dags/minio_to_snowflake.py
[2026-02-04T08:43:30.630+0000] {logging_mixin.py:188} INFO - [2026-02-04T08:43:30.627+0000] {dag.py:3089} INFO - Sync 1 DAGs
[2026-02-04T08:43:30.654+0000] {logging_mixin.py:188} INFO - [2026-02-04T08:43:30.654+0000] {dag.py:3947} INFO - Setting next_dagrun for minio_to_snowflake to 2026-02-04 08:43:00+00:00, run_after=2026-02-04 08:44:00+00:00
[2026-02-04T08:43:30.677+0000] {processor.py:183} INFO - Processing /opt/airflow/dags/minio_to_snowflake.py took 1.020 seconds
[2026-02-04T08:44:00.966+0000] {processor.py:161} INFO - Started process (PID=99543) to work on /opt/airflow/dags/minio_to_snowflake.py
[2026-02-04T08:44:00.968+0000] {processor.py:830} INFO - Processing file /opt/airflow/dags/minio_to_snowflake.py for tasks to queue
[2026-02-04T08:44:00.971+0000] {logging_mixin.py:188} INFO - [2026-02-04T08:44:00.971+0000] {dagbag.py:545} INFO - Filling up the DagBag from /opt/airflow/dags/minio_to_snowflake.py
[2026-02-04T08:44:01.913+0000] {processor.py:840} INFO - DAG(s) 'minio_to_snowflake' retrieved from /opt/airflow/dags/minio_to_snowflake.py
[2026-02-04T08:44:01.949+0000] {logging_mixin.py:188} INFO - [2026-02-04T08:44:01.949+0000] {dag.py:3089} INFO - Sync 1 DAGs
[2026-02-04T08:44:01.983+0000] {logging_mixin.py:188} INFO - [2026-02-04T08:44:01.983+0000] {dag.py:3947} INFO - Setting next_dagrun for minio_to_snowflake to 2026-02-04 08:44:00+00:00, run_after=2026-02-04 08:45:00+00:00
[2026-02-04T08:44:02.014+0000] {processor.py:183} INFO - Processing /opt/airflow/dags/minio_to_snowflake.py took 1.056 seconds
[2026-02-04T08:44:32.330+0000] {processor.py:161} INFO - Started process (PID=1168) to work on /opt/airflow/dags/minio_to_snowflake.py
[2026-02-04T08:44:32.331+0000] {processor.py:830} INFO - Processing file /opt/airflow/dags/minio_to_snowflake.py for tasks to queue
[2026-02-04T08:44:32.334+0000] {logging_mixin.py:188} INFO - [2026-02-04T08:44:32.334+0000] {dagbag.py:545} INFO - Filling up the DagBag from /opt/airflow/dags/minio_to_snowflake.py
[2026-02-04T08:44:33.419+0000] {processor.py:840} INFO - DAG(s) 'minio_to_snowflake' retrieved from /opt/airflow/dags/minio_to_snowflake.py
[2026-02-04T08:44:33.457+0000] {logging_mixin.py:188} INFO - [2026-02-04T08:44:33.457+0000] {dag.py:3089} INFO - Sync 1 DAGs
[2026-02-04T08:44:33.482+0000] {logging_mixin.py:188} INFO - [2026-02-04T08:44:33.482+0000] {dag.py:3947} INFO - Setting next_dagrun for minio_to_snowflake to 2026-02-04 08:44:00+00:00, run_after=2026-02-04 08:45:00+00:00
[2026-02-04T08:44:33.501+0000] {processor.py:183} INFO - Processing /opt/airflow/dags/minio_to_snowflake.py took 1.180 seconds
[2026-02-04T08:45:03.630+0000] {processor.py:161} INFO - Started process (PID=1679) to work on /opt/airflow/dags/minio_to_snowflake.py
[2026-02-04T08:45:03.631+0000] {processor.py:830} INFO - Processing file /opt/airflow/dags/minio_to_snowflake.py for tasks to queue
[2026-02-04T08:45:03.635+0000] {logging_mixin.py:188} INFO - [2026-02-04T08:45:03.635+0000] {dagbag.py:545} INFO - Filling up the DagBag from /opt/airflow/dags/minio_to_snowflake.py
[2026-02-04T08:45:04.709+0000] {processor.py:840} INFO - DAG(s) 'minio_to_snowflake' retrieved from /opt/airflow/dags/minio_to_snowflake.py
[2026-02-04T08:45:04.740+0000] {logging_mixin.py:188} INFO - [2026-02-04T08:45:04.739+0000] {dag.py:3089} INFO - Sync 1 DAGs
[2026-02-04T08:45:04.773+0000] {logging_mixin.py:188} INFO - [2026-02-04T08:45:04.773+0000] {dag.py:3947} INFO - Setting next_dagrun for minio_to_snowflake to 2026-02-04 08:45:00+00:00, run_after=2026-02-04 08:46:00+00:00
[2026-02-04T08:45:04.797+0000] {processor.py:183} INFO - Processing /opt/airflow/dags/minio_to_snowflake.py took 1.177 seconds
[2026-02-04T08:45:35.087+0000] {processor.py:161} INFO - Started process (PID=2769) to work on /opt/airflow/dags/minio_to_snowflake.py
[2026-02-04T08:45:35.089+0000] {processor.py:830} INFO - Processing file /opt/airflow/dags/minio_to_snowflake.py for tasks to queue
[2026-02-04T08:45:35.092+0000] {logging_mixin.py:188} INFO - [2026-02-04T08:45:35.092+0000] {dagbag.py:545} INFO - Filling up the DagBag from /opt/airflow/dags/minio_to_snowflake.py
[2026-02-04T08:45:36.962+0000] {processor.py:840} INFO - DAG(s) 'minio_to_snowflake' retrieved from /opt/airflow/dags/minio_to_snowflake.py
[2026-02-04T08:45:36.999+0000] {logging_mixin.py:188} INFO - [2026-02-04T08:45:36.998+0000] {dag.py:3089} INFO - Sync 1 DAGs
[2026-02-04T08:45:37.031+0000] {logging_mixin.py:188} INFO - [2026-02-04T08:45:37.031+0000] {dag.py:3947} INFO - Setting next_dagrun for minio_to_snowflake to 2026-02-04 08:45:00+00:00, run_after=2026-02-04 08:46:00+00:00
[2026-02-04T08:45:37.056+0000] {processor.py:183} INFO - Processing /opt/airflow/dags/minio_to_snowflake.py took 1.978 seconds
[2026-02-04T08:46:07.373+0000] {processor.py:161} INFO - Started process (PID=4076) to work on /opt/airflow/dags/minio_to_snowflake.py
[2026-02-04T08:46:07.379+0000] {processor.py:830} INFO - Processing file /opt/airflow/dags/minio_to_snowflake.py for tasks to queue
[2026-02-04T08:46:07.386+0000] {logging_mixin.py:188} INFO - [2026-02-04T08:46:07.384+0000] {dagbag.py:545} INFO - Filling up the DagBag from /opt/airflow/dags/minio_to_snowflake.py
[2026-02-04T08:46:08.681+0000] {processor.py:840} INFO - DAG(s) 'minio_to_snowflake' retrieved from /opt/airflow/dags/minio_to_snowflake.py
[2026-02-04T08:46:08.717+0000] {logging_mixin.py:188} INFO - [2026-02-04T08:46:08.716+0000] {dag.py:3089} INFO - Sync 1 DAGs
[2026-02-04T08:46:08.747+0000] {logging_mixin.py:188} INFO - [2026-02-04T08:46:08.746+0000] {dag.py:3947} INFO - Setting next_dagrun for minio_to_snowflake to 2026-02-04 08:46:00+00:00, run_after=2026-02-04 08:47:00+00:00
[2026-02-04T08:46:08.772+0000] {processor.py:183} INFO - Processing /opt/airflow/dags/minio_to_snowflake.py took 1.426 seconds
[2026-02-04T08:46:39.187+0000] {processor.py:161} INFO - Started process (PID=4367) to work on /opt/airflow/dags/minio_to_snowflake.py
[2026-02-04T08:46:39.189+0000] {processor.py:830} INFO - Processing file /opt/airflow/dags/minio_to_snowflake.py for tasks to queue
[2026-02-04T08:46:39.193+0000] {logging_mixin.py:188} INFO - [2026-02-04T08:46:39.192+0000] {dagbag.py:545} INFO - Filling up the DagBag from /opt/airflow/dags/minio_to_snowflake.py
[2026-02-04T08:46:40.137+0000] {processor.py:840} INFO - DAG(s) 'minio_to_snowflake' retrieved from /opt/airflow/dags/minio_to_snowflake.py
[2026-02-04T08:46:40.168+0000] {logging_mixin.py:188} INFO - [2026-02-04T08:46:40.168+0000] {dag.py:3089} INFO - Sync 1 DAGs
[2026-02-04T08:46:40.192+0000] {logging_mixin.py:188} INFO - [2026-02-04T08:46:40.192+0000] {dag.py:3947} INFO - Setting next_dagrun for minio_to_snowflake to 2026-02-04 08:46:00+00:00, run_after=2026-02-04 08:47:00+00:00
[2026-02-04T08:46:40.215+0000] {processor.py:183} INFO - Processing /opt/airflow/dags/minio_to_snowflake.py took 1.039 seconds
[2026-02-04T08:47:10.568+0000] {processor.py:161} INFO - Started process (PID=5659) to work on /opt/airflow/dags/minio_to_snowflake.py
[2026-02-04T08:47:10.571+0000] {processor.py:830} INFO - Processing file /opt/airflow/dags/minio_to_snowflake.py for tasks to queue
[2026-02-04T08:47:10.577+0000] {logging_mixin.py:188} INFO - [2026-02-04T08:47:10.576+0000] {dagbag.py:545} INFO - Filling up the DagBag from /opt/airflow/dags/minio_to_snowflake.py
[2026-02-04T08:47:12.758+0000] {processor.py:840} INFO - DAG(s) 'minio_to_snowflake' retrieved from /opt/airflow/dags/minio_to_snowflake.py
[2026-02-04T08:47:12.820+0000] {logging_mixin.py:188} INFO - [2026-02-04T08:47:12.819+0000] {dag.py:3089} INFO - Sync 1 DAGs
[2026-02-04T08:47:12.874+0000] {logging_mixin.py:188} INFO - [2026-02-04T08:47:12.874+0000] {dag.py:3947} INFO - Setting next_dagrun for minio_to_snowflake to 2026-02-04 08:47:00+00:00, run_after=2026-02-04 08:48:00+00:00
[2026-02-04T08:47:12.918+0000] {processor.py:183} INFO - Processing /opt/airflow/dags/minio_to_snowflake.py took 2.367 seconds
[2026-02-04T08:47:43.437+0000] {processor.py:161} INFO - Started process (PID=5966) to work on /opt/airflow/dags/minio_to_snowflake.py
[2026-02-04T08:47:43.439+0000] {processor.py:830} INFO - Processing file /opt/airflow/dags/minio_to_snowflake.py for tasks to queue
[2026-02-04T08:47:43.450+0000] {logging_mixin.py:188} INFO - [2026-02-04T08:47:43.449+0000] {dagbag.py:545} INFO - Filling up the DagBag from /opt/airflow/dags/minio_to_snowflake.py
[2026-02-04T08:47:44.678+0000] {processor.py:840} INFO - DAG(s) 'minio_to_snowflake' retrieved from /opt/airflow/dags/minio_to_snowflake.py
[2026-02-04T08:47:44.709+0000] {logging_mixin.py:188} INFO - [2026-02-04T08:47:44.709+0000] {dag.py:3089} INFO - Sync 1 DAGs
[2026-02-04T08:47:44.734+0000] {logging_mixin.py:188} INFO - [2026-02-04T08:47:44.734+0000] {dag.py:3947} INFO - Setting next_dagrun for minio_to_snowflake to 2026-02-04 08:47:00+00:00, run_after=2026-02-04 08:48:00+00:00
[2026-02-04T08:47:44.757+0000] {processor.py:183} INFO - Processing /opt/airflow/dags/minio_to_snowflake.py took 1.345 seconds
[2026-02-04T08:48:15.225+0000] {processor.py:161} INFO - Started process (PID=7050) to work on /opt/airflow/dags/minio_to_snowflake.py
[2026-02-04T08:48:15.230+0000] {processor.py:830} INFO - Processing file /opt/airflow/dags/minio_to_snowflake.py for tasks to queue
[2026-02-04T08:48:15.241+0000] {logging_mixin.py:188} INFO - [2026-02-04T08:48:15.240+0000] {dagbag.py:545} INFO - Filling up the DagBag from /opt/airflow/dags/minio_to_snowflake.py
[2026-02-04T08:48:18.245+0000] {processor.py:840} INFO - DAG(s) 'minio_to_snowflake' retrieved from /opt/airflow/dags/minio_to_snowflake.py
[2026-02-04T08:48:18.317+0000] {logging_mixin.py:188} INFO - [2026-02-04T08:48:18.315+0000] {dag.py:3089} INFO - Sync 1 DAGs
[2026-02-04T08:48:18.388+0000] {logging_mixin.py:188} INFO - [2026-02-04T08:48:18.388+0000] {dag.py:3947} INFO - Setting next_dagrun for minio_to_snowflake to 2026-02-04 08:48:00+00:00, run_after=2026-02-04 08:49:00+00:00
[2026-02-04T08:48:18.434+0000] {processor.py:183} INFO - Processing /opt/airflow/dags/minio_to_snowflake.py took 3.239 seconds
[2026-02-04T08:48:48.672+0000] {processor.py:161} INFO - Started process (PID=7489) to work on /opt/airflow/dags/minio_to_snowflake.py
[2026-02-04T08:48:48.673+0000] {processor.py:830} INFO - Processing file /opt/airflow/dags/minio_to_snowflake.py for tasks to queue
[2026-02-04T08:48:48.679+0000] {logging_mixin.py:188} INFO - [2026-02-04T08:48:48.678+0000] {dagbag.py:545} INFO - Filling up the DagBag from /opt/airflow/dags/minio_to_snowflake.py
[2026-02-04T08:48:49.641+0000] {processor.py:840} INFO - DAG(s) 'minio_to_snowflake' retrieved from /opt/airflow/dags/minio_to_snowflake.py
[2026-02-04T08:48:49.682+0000] {logging_mixin.py:188} INFO - [2026-02-04T08:48:49.681+0000] {dag.py:3089} INFO - Sync 1 DAGs
[2026-02-04T08:48:49.713+0000] {logging_mixin.py:188} INFO - [2026-02-04T08:48:49.713+0000] {dag.py:3947} INFO - Setting next_dagrun for minio_to_snowflake to 2026-02-04 08:48:00+00:00, run_after=2026-02-04 08:49:00+00:00
[2026-02-04T08:48:49.736+0000] {processor.py:183} INFO - Processing /opt/airflow/dags/minio_to_snowflake.py took 1.082 seconds
[2026-02-04T08:49:19.972+0000] {processor.py:161} INFO - Started process (PID=8764) to work on /opt/airflow/dags/minio_to_snowflake.py
[2026-02-04T08:49:19.976+0000] {processor.py:830} INFO - Processing file /opt/airflow/dags/minio_to_snowflake.py for tasks to queue
[2026-02-04T08:49:19.985+0000] {logging_mixin.py:188} INFO - [2026-02-04T08:49:19.983+0000] {dagbag.py:545} INFO - Filling up the DagBag from /opt/airflow/dags/minio_to_snowflake.py
[2026-02-04T08:49:22.073+0000] {processor.py:840} INFO - DAG(s) 'minio_to_snowflake' retrieved from /opt/airflow/dags/minio_to_snowflake.py
[2026-02-04T08:49:22.147+0000] {logging_mixin.py:188} INFO - [2026-02-04T08:49:22.145+0000] {dag.py:3089} INFO - Sync 1 DAGs
[2026-02-04T08:49:22.209+0000] {logging_mixin.py:188} INFO - [2026-02-04T08:49:22.208+0000] {dag.py:3947} INFO - Setting next_dagrun for minio_to_snowflake to 2026-02-04 08:49:00+00:00, run_after=2026-02-04 08:50:00+00:00
[2026-02-04T08:49:22.254+0000] {processor.py:183} INFO - Processing /opt/airflow/dags/minio_to_snowflake.py took 2.304 seconds
[2026-02-04T08:49:52.367+0000] {processor.py:161} INFO - Started process (PID=9059) to work on /opt/airflow/dags/minio_to_snowflake.py
[2026-02-04T08:49:52.369+0000] {processor.py:830} INFO - Processing file /opt/airflow/dags/minio_to_snowflake.py for tasks to queue
[2026-02-04T08:49:52.372+0000] {logging_mixin.py:188} INFO - [2026-02-04T08:49:52.371+0000] {dagbag.py:545} INFO - Filling up the DagBag from /opt/airflow/dags/minio_to_snowflake.py
[2026-02-04T08:49:53.287+0000] {processor.py:840} INFO - DAG(s) 'minio_to_snowflake' retrieved from /opt/airflow/dags/minio_to_snowflake.py
[2026-02-04T08:49:53.324+0000] {logging_mixin.py:188} INFO - [2026-02-04T08:49:53.323+0000] {dag.py:3089} INFO - Sync 1 DAGs
[2026-02-04T08:49:53.357+0000] {logging_mixin.py:188} INFO - [2026-02-04T08:49:53.356+0000] {dag.py:3947} INFO - Setting next_dagrun for minio_to_snowflake to 2026-02-04 08:49:00+00:00, run_after=2026-02-04 08:50:00+00:00
[2026-02-04T08:49:53.388+0000] {processor.py:183} INFO - Processing /opt/airflow/dags/minio_to_snowflake.py took 1.032 seconds
[2026-02-04T08:50:23.644+0000] {processor.py:161} INFO - Started process (PID=10375) to work on /opt/airflow/dags/minio_to_snowflake.py
[2026-02-04T08:50:23.645+0000] {processor.py:830} INFO - Processing file /opt/airflow/dags/minio_to_snowflake.py for tasks to queue
[2026-02-04T08:50:23.649+0000] {logging_mixin.py:188} INFO - [2026-02-04T08:50:23.648+0000] {dagbag.py:545} INFO - Filling up the DagBag from /opt/airflow/dags/minio_to_snowflake.py
[2026-02-04T08:50:24.558+0000] {processor.py:840} INFO - DAG(s) 'minio_to_snowflake' retrieved from /opt/airflow/dags/minio_to_snowflake.py
[2026-02-04T08:50:24.588+0000] {logging_mixin.py:188} INFO - [2026-02-04T08:50:24.587+0000] {dag.py:3089} INFO - Sync 1 DAGs
[2026-02-04T08:50:24.614+0000] {logging_mixin.py:188} INFO - [2026-02-04T08:50:24.613+0000] {dag.py:3947} INFO - Setting next_dagrun for minio_to_snowflake to 2026-02-04 08:50:00+00:00, run_after=2026-02-04 08:51:00+00:00
[2026-02-04T08:50:24.637+0000] {processor.py:183} INFO - Processing /opt/airflow/dags/minio_to_snowflake.py took 1.005 seconds
[2026-02-04T08:50:55.222+0000] {processor.py:161} INFO - Started process (PID=10644) to work on /opt/airflow/dags/minio_to_snowflake.py
[2026-02-04T08:50:55.226+0000] {processor.py:830} INFO - Processing file /opt/airflow/dags/minio_to_snowflake.py for tasks to queue
[2026-02-04T08:50:55.236+0000] {logging_mixin.py:188} INFO - [2026-02-04T08:50:55.235+0000] {dagbag.py:545} INFO - Filling up the DagBag from /opt/airflow/dags/minio_to_snowflake.py
[2026-02-04T08:50:58.284+0000] {processor.py:840} INFO - DAG(s) 'minio_to_snowflake' retrieved from /opt/airflow/dags/minio_to_snowflake.py
[2026-02-04T08:50:58.372+0000] {logging_mixin.py:188} INFO - [2026-02-04T08:50:58.370+0000] {dag.py:3089} INFO - Sync 1 DAGs
[2026-02-04T08:50:58.461+0000] {logging_mixin.py:188} INFO - [2026-02-04T08:50:58.460+0000] {dag.py:3947} INFO - Setting next_dagrun for minio_to_snowflake to 2026-02-04 08:50:00+00:00, run_after=2026-02-04 08:51:00+00:00
[2026-02-04T08:50:58.519+0000] {processor.py:183} INFO - Processing /opt/airflow/dags/minio_to_snowflake.py took 3.351 seconds
[2026-02-04T08:51:28.880+0000] {processor.py:161} INFO - Started process (PID=11960) to work on /opt/airflow/dags/minio_to_snowflake.py
[2026-02-04T08:51:28.881+0000] {processor.py:830} INFO - Processing file /opt/airflow/dags/minio_to_snowflake.py for tasks to queue
[2026-02-04T08:51:28.885+0000] {logging_mixin.py:188} INFO - [2026-02-04T08:51:28.884+0000] {dagbag.py:545} INFO - Filling up the DagBag from /opt/airflow/dags/minio_to_snowflake.py
[2026-02-04T08:51:29.773+0000] {processor.py:840} INFO - DAG(s) 'minio_to_snowflake' retrieved from /opt/airflow/dags/minio_to_snowflake.py
[2026-02-04T08:51:29.809+0000] {logging_mixin.py:188} INFO - [2026-02-04T08:51:29.808+0000] {dag.py:3089} INFO - Sync 1 DAGs
[2026-02-04T08:51:29.835+0000] {logging_mixin.py:188} INFO - [2026-02-04T08:51:29.835+0000] {dag.py:3947} INFO - Setting next_dagrun for minio_to_snowflake to 2026-02-04 08:51:00+00:00, run_after=2026-02-04 08:52:00+00:00
[2026-02-04T08:51:29.860+0000] {processor.py:183} INFO - Processing /opt/airflow/dags/minio_to_snowflake.py took 0.989 seconds
[2026-02-04T08:52:00.244+0000] {processor.py:161} INFO - Started process (PID=12227) to work on /opt/airflow/dags/minio_to_snowflake.py
[2026-02-04T08:52:00.246+0000] {processor.py:830} INFO - Processing file /opt/airflow/dags/minio_to_snowflake.py for tasks to queue
[2026-02-04T08:52:00.249+0000] {logging_mixin.py:188} INFO - [2026-02-04T08:52:00.249+0000] {dagbag.py:545} INFO - Filling up the DagBag from /opt/airflow/dags/minio_to_snowflake.py
[2026-02-04T08:52:01.265+0000] {processor.py:840} INFO - DAG(s) 'minio_to_snowflake' retrieved from /opt/airflow/dags/minio_to_snowflake.py
[2026-02-04T08:52:01.299+0000] {logging_mixin.py:188} INFO - [2026-02-04T08:52:01.296+0000] {dag.py:3089} INFO - Sync 1 DAGs
[2026-02-04T08:52:01.326+0000] {logging_mixin.py:188} INFO - [2026-02-04T08:52:01.325+0000] {dag.py:3947} INFO - Setting next_dagrun for minio_to_snowflake to 2026-02-04 08:52:00+00:00, run_after=2026-02-04 08:53:00+00:00
[2026-02-04T08:52:01.357+0000] {processor.py:183} INFO - Processing /opt/airflow/dags/minio_to_snowflake.py took 1.123 seconds
[2026-02-04T08:52:31.964+0000] {processor.py:161} INFO - Started process (PID=13524) to work on /opt/airflow/dags/minio_to_snowflake.py
[2026-02-04T08:52:31.970+0000] {processor.py:830} INFO - Processing file /opt/airflow/dags/minio_to_snowflake.py for tasks to queue
[2026-02-04T08:52:31.979+0000] {logging_mixin.py:188} INFO - [2026-02-04T08:52:31.977+0000] {dagbag.py:545} INFO - Filling up the DagBag from /opt/airflow/dags/minio_to_snowflake.py
[2026-02-04T08:52:34.950+0000] {processor.py:840} INFO - DAG(s) 'minio_to_snowflake' retrieved from /opt/airflow/dags/minio_to_snowflake.py
[2026-02-04T08:52:35.085+0000] {logging_mixin.py:188} INFO - [2026-02-04T08:52:35.083+0000] {dag.py:3089} INFO - Sync 1 DAGs
[2026-02-04T08:52:35.202+0000] {logging_mixin.py:188} INFO - [2026-02-04T08:52:35.201+0000] {dag.py:3947} INFO - Setting next_dagrun for minio_to_snowflake to 2026-02-04 08:52:00+00:00, run_after=2026-02-04 08:53:00+00:00
[2026-02-04T08:52:35.284+0000] {processor.py:183} INFO - Processing /opt/airflow/dags/minio_to_snowflake.py took 3.343 seconds
[2026-02-04T08:53:05.537+0000] {processor.py:161} INFO - Started process (PID=14406) to work on /opt/airflow/dags/minio_to_snowflake.py
[2026-02-04T08:53:05.539+0000] {processor.py:830} INFO - Processing file /opt/airflow/dags/minio_to_snowflake.py for tasks to queue
[2026-02-04T08:53:05.546+0000] {logging_mixin.py:188} INFO - [2026-02-04T08:53:05.545+0000] {dagbag.py:545} INFO - Filling up the DagBag from /opt/airflow/dags/minio_to_snowflake.py
[2026-02-04T08:53:07.204+0000] {processor.py:840} INFO - DAG(s) 'minio_to_snowflake' retrieved from /opt/airflow/dags/minio_to_snowflake.py
[2026-02-04T08:53:07.304+0000] {logging_mixin.py:188} INFO - [2026-02-04T08:53:07.303+0000] {dag.py:3089} INFO - Sync 1 DAGs
[2026-02-04T08:53:07.387+0000] {logging_mixin.py:188} INFO - [2026-02-04T08:53:07.387+0000] {dag.py:3947} INFO - Setting next_dagrun for minio_to_snowflake to 2026-02-04 08:53:00+00:00, run_after=2026-02-04 08:54:00+00:00
[2026-02-04T08:53:07.454+0000] {processor.py:183} INFO - Processing /opt/airflow/dags/minio_to_snowflake.py took 1.930 seconds
[2026-02-04T08:53:37.856+0000] {processor.py:161} INFO - Started process (PID=15093) to work on /opt/airflow/dags/minio_to_snowflake.py
[2026-02-04T08:53:37.858+0000] {processor.py:830} INFO - Processing file /opt/airflow/dags/minio_to_snowflake.py for tasks to queue
[2026-02-04T08:53:37.861+0000] {logging_mixin.py:188} INFO - [2026-02-04T08:53:37.861+0000] {dagbag.py:545} INFO - Filling up the DagBag from /opt/airflow/dags/minio_to_snowflake.py
[2026-02-04T08:53:38.761+0000] {processor.py:840} INFO - DAG(s) 'minio_to_snowflake' retrieved from /opt/airflow/dags/minio_to_snowflake.py
[2026-02-04T08:53:38.797+0000] {logging_mixin.py:188} INFO - [2026-02-04T08:53:38.796+0000] {dag.py:3089} INFO - Sync 1 DAGs
[2026-02-04T08:53:38.840+0000] {logging_mixin.py:188} INFO - [2026-02-04T08:53:38.840+0000] {dag.py:3947} INFO - Setting next_dagrun for minio_to_snowflake to 2026-02-04 08:53:00+00:00, run_after=2026-02-04 08:54:00+00:00
[2026-02-04T08:53:38.873+0000] {processor.py:183} INFO - Processing /opt/airflow/dags/minio_to_snowflake.py took 1.028 seconds
[2026-02-04T08:54:09.259+0000] {processor.py:161} INFO - Started process (PID=16203) to work on /opt/airflow/dags/minio_to_snowflake.py
[2026-02-04T08:54:09.265+0000] {processor.py:830} INFO - Processing file /opt/airflow/dags/minio_to_snowflake.py for tasks to queue
[2026-02-04T08:54:09.272+0000] {logging_mixin.py:188} INFO - [2026-02-04T08:54:09.270+0000] {dagbag.py:545} INFO - Filling up the DagBag from /opt/airflow/dags/minio_to_snowflake.py
[2026-02-04T08:54:12.005+0000] {processor.py:840} INFO - DAG(s) 'minio_to_snowflake' retrieved from /opt/airflow/dags/minio_to_snowflake.py
[2026-02-04T08:54:12.081+0000] {logging_mixin.py:188} INFO - [2026-02-04T08:54:12.080+0000] {dag.py:3089} INFO - Sync 1 DAGs
[2026-02-04T08:54:12.167+0000] {logging_mixin.py:188} INFO - [2026-02-04T08:54:12.166+0000] {dag.py:3947} INFO - Setting next_dagrun for minio_to_snowflake to 2026-02-04 08:54:00+00:00, run_after=2026-02-04 08:55:00+00:00
[2026-02-04T08:54:12.250+0000] {processor.py:183} INFO - Processing /opt/airflow/dags/minio_to_snowflake.py took 3.026 seconds
[2026-02-04T08:54:42.711+0000] {processor.py:161} INFO - Started process (PID=16633) to work on /opt/airflow/dags/minio_to_snowflake.py
[2026-02-04T08:54:42.712+0000] {processor.py:830} INFO - Processing file /opt/airflow/dags/minio_to_snowflake.py for tasks to queue
[2026-02-04T08:54:42.717+0000] {logging_mixin.py:188} INFO - [2026-02-04T08:54:42.716+0000] {dagbag.py:545} INFO - Filling up the DagBag from /opt/airflow/dags/minio_to_snowflake.py
[2026-02-04T08:54:43.760+0000] {processor.py:840} INFO - DAG(s) 'minio_to_snowflake' retrieved from /opt/airflow/dags/minio_to_snowflake.py
[2026-02-04T08:54:43.825+0000] {logging_mixin.py:188} INFO - [2026-02-04T08:54:43.821+0000] {dag.py:3089} INFO - Sync 1 DAGs
[2026-02-04T08:54:43.872+0000] {logging_mixin.py:188} INFO - [2026-02-04T08:54:43.872+0000] {dag.py:3947} INFO - Setting next_dagrun for minio_to_snowflake to 2026-02-04 08:54:00+00:00, run_after=2026-02-04 08:55:00+00:00
[2026-02-04T08:54:43.909+0000] {processor.py:183} INFO - Processing /opt/airflow/dags/minio_to_snowflake.py took 1.209 seconds
[2026-02-04T08:55:14.131+0000] {processor.py:161} INFO - Started process (PID=17891) to work on /opt/airflow/dags/minio_to_snowflake.py
[2026-02-04T08:55:14.132+0000] {processor.py:830} INFO - Processing file /opt/airflow/dags/minio_to_snowflake.py for tasks to queue
[2026-02-04T08:55:14.137+0000] {logging_mixin.py:188} INFO - [2026-02-04T08:55:14.136+0000] {dagbag.py:545} INFO - Filling up the DagBag from /opt/airflow/dags/minio_to_snowflake.py
[2026-02-04T08:55:15.055+0000] {processor.py:840} INFO - DAG(s) 'minio_to_snowflake' retrieved from /opt/airflow/dags/minio_to_snowflake.py
[2026-02-04T08:55:15.104+0000] {logging_mixin.py:188} INFO - [2026-02-04T08:55:15.103+0000] {dag.py:3089} INFO - Sync 1 DAGs
[2026-02-04T08:55:15.143+0000] {logging_mixin.py:188} INFO - [2026-02-04T08:55:15.142+0000] {dag.py:3947} INFO - Setting next_dagrun for minio_to_snowflake to 2026-02-04 08:55:00+00:00, run_after=2026-02-04 08:56:00+00:00
[2026-02-04T08:55:15.173+0000] {processor.py:183} INFO - Processing /opt/airflow/dags/minio_to_snowflake.py took 1.051 seconds
[2026-02-04T08:55:45.484+0000] {processor.py:161} INFO - Started process (PID=18160) to work on /opt/airflow/dags/minio_to_snowflake.py
[2026-02-04T08:55:45.486+0000] {processor.py:830} INFO - Processing file /opt/airflow/dags/minio_to_snowflake.py for tasks to queue
[2026-02-04T08:55:45.489+0000] {logging_mixin.py:188} INFO - [2026-02-04T08:55:45.489+0000] {dagbag.py:545} INFO - Filling up the DagBag from /opt/airflow/dags/minio_to_snowflake.py
[2026-02-04T08:55:46.396+0000] {processor.py:840} INFO - DAG(s) 'minio_to_snowflake' retrieved from /opt/airflow/dags/minio_to_snowflake.py
[2026-02-04T08:55:46.450+0000] {logging_mixin.py:188} INFO - [2026-02-04T08:55:46.449+0000] {dag.py:3089} INFO - Sync 1 DAGs
[2026-02-04T08:55:46.501+0000] {logging_mixin.py:188} INFO - [2026-02-04T08:55:46.500+0000] {dag.py:3947} INFO - Setting next_dagrun for minio_to_snowflake to 2026-02-04 08:55:00+00:00, run_after=2026-02-04 08:56:00+00:00
[2026-02-04T08:55:46.532+0000] {processor.py:183} INFO - Processing /opt/airflow/dags/minio_to_snowflake.py took 1.056 seconds
[2026-02-04T08:56:17.255+0000] {processor.py:161} INFO - Started process (PID=19442) to work on /opt/airflow/dags/minio_to_snowflake.py
[2026-02-04T08:56:17.257+0000] {processor.py:830} INFO - Processing file /opt/airflow/dags/minio_to_snowflake.py for tasks to queue
[2026-02-04T08:56:17.262+0000] {logging_mixin.py:188} INFO - [2026-02-04T08:56:17.261+0000] {dagbag.py:545} INFO - Filling up the DagBag from /opt/airflow/dags/minio_to_snowflake.py
[2026-02-04T08:56:18.681+0000] {processor.py:840} INFO - DAG(s) 'minio_to_snowflake' retrieved from /opt/airflow/dags/minio_to_snowflake.py
[2026-02-04T08:56:18.714+0000] {logging_mixin.py:188} INFO - [2026-02-04T08:56:18.713+0000] {dag.py:3089} INFO - Sync 1 DAGs
[2026-02-04T08:56:18.738+0000] {logging_mixin.py:188} INFO - [2026-02-04T08:56:18.738+0000] {dag.py:3947} INFO - Setting next_dagrun for minio_to_snowflake to 2026-02-04 08:56:00+00:00, run_after=2026-02-04 08:57:00+00:00
[2026-02-04T08:56:18.760+0000] {processor.py:183} INFO - Processing /opt/airflow/dags/minio_to_snowflake.py took 1.522 seconds
[2026-02-04T08:56:49.129+0000] {processor.py:161} INFO - Started process (PID=19759) to work on /opt/airflow/dags/minio_to_snowflake.py
[2026-02-04T08:56:49.131+0000] {processor.py:830} INFO - Processing file /opt/airflow/dags/minio_to_snowflake.py for tasks to queue
[2026-02-04T08:56:49.134+0000] {logging_mixin.py:188} INFO - [2026-02-04T08:56:49.134+0000] {dagbag.py:545} INFO - Filling up the DagBag from /opt/airflow/dags/minio_to_snowflake.py
[2026-02-04T08:56:50.370+0000] {processor.py:840} INFO - DAG(s) 'minio_to_snowflake' retrieved from /opt/airflow/dags/minio_to_snowflake.py
[2026-02-04T08:56:50.432+0000] {logging_mixin.py:188} INFO - [2026-02-04T08:56:50.432+0000] {dag.py:3089} INFO - Sync 1 DAGs
[2026-02-04T08:56:50.475+0000] {logging_mixin.py:188} INFO - [2026-02-04T08:56:50.475+0000] {dag.py:3947} INFO - Setting next_dagrun for minio_to_snowflake to 2026-02-04 08:56:00+00:00, run_after=2026-02-04 08:57:00+00:00
[2026-02-04T08:56:50.505+0000] {processor.py:183} INFO - Processing /opt/airflow/dags/minio_to_snowflake.py took 1.384 seconds
[2026-02-04T08:57:20.895+0000] {processor.py:161} INFO - Started process (PID=21065) to work on /opt/airflow/dags/minio_to_snowflake.py
[2026-02-04T08:57:20.896+0000] {processor.py:830} INFO - Processing file /opt/airflow/dags/minio_to_snowflake.py for tasks to queue
[2026-02-04T08:57:20.905+0000] {logging_mixin.py:188} INFO - [2026-02-04T08:57:20.904+0000] {dagbag.py:545} INFO - Filling up the DagBag from /opt/airflow/dags/minio_to_snowflake.py
[2026-02-04T08:57:22.059+0000] {processor.py:840} INFO - DAG(s) 'minio_to_snowflake' retrieved from /opt/airflow/dags/minio_to_snowflake.py
[2026-02-04T08:57:22.093+0000] {logging_mixin.py:188} INFO - [2026-02-04T08:57:22.093+0000] {dag.py:3089} INFO - Sync 1 DAGs
[2026-02-04T08:57:22.119+0000] {logging_mixin.py:188} INFO - [2026-02-04T08:57:22.119+0000] {dag.py:3947} INFO - Setting next_dagrun for minio_to_snowflake to 2026-02-04 08:57:00+00:00, run_after=2026-02-04 08:58:00+00:00
[2026-02-04T08:57:22.141+0000] {processor.py:183} INFO - Processing /opt/airflow/dags/minio_to_snowflake.py took 1.263 seconds
[2026-02-04T08:57:52.479+0000] {processor.py:161} INFO - Started process (PID=21376) to work on /opt/airflow/dags/minio_to_snowflake.py
[2026-02-04T08:57:52.481+0000] {processor.py:830} INFO - Processing file /opt/airflow/dags/minio_to_snowflake.py for tasks to queue
[2026-02-04T08:57:52.484+0000] {logging_mixin.py:188} INFO - [2026-02-04T08:57:52.484+0000] {dagbag.py:545} INFO - Filling up the DagBag from /opt/airflow/dags/minio_to_snowflake.py
[2026-02-04T08:57:53.461+0000] {processor.py:840} INFO - DAG(s) 'minio_to_snowflake' retrieved from /opt/airflow/dags/minio_to_snowflake.py
[2026-02-04T08:57:53.493+0000] {logging_mixin.py:188} INFO - [2026-02-04T08:57:53.493+0000] {dag.py:3089} INFO - Sync 1 DAGs
[2026-02-04T08:57:53.522+0000] {logging_mixin.py:188} INFO - [2026-02-04T08:57:53.521+0000] {dag.py:3947} INFO - Setting next_dagrun for minio_to_snowflake to 2026-02-04 08:57:00+00:00, run_after=2026-02-04 08:58:00+00:00
[2026-02-04T08:57:53.548+0000] {processor.py:183} INFO - Processing /opt/airflow/dags/minio_to_snowflake.py took 1.079 seconds
[2026-02-04T08:58:23.748+0000] {processor.py:161} INFO - Started process (PID=22665) to work on /opt/airflow/dags/minio_to_snowflake.py
[2026-02-04T08:58:23.749+0000] {processor.py:830} INFO - Processing file /opt/airflow/dags/minio_to_snowflake.py for tasks to queue
[2026-02-04T08:58:23.753+0000] {logging_mixin.py:188} INFO - [2026-02-04T08:58:23.753+0000] {dagbag.py:545} INFO - Filling up the DagBag from /opt/airflow/dags/minio_to_snowflake.py
[2026-02-04T08:58:24.877+0000] {processor.py:840} INFO - DAG(s) 'minio_to_snowflake' retrieved from /opt/airflow/dags/minio_to_snowflake.py
[2026-02-04T08:58:24.910+0000] {logging_mixin.py:188} INFO - [2026-02-04T08:58:24.909+0000] {dag.py:3089} INFO - Sync 1 DAGs
[2026-02-04T08:58:24.934+0000] {logging_mixin.py:188} INFO - [2026-02-04T08:58:24.934+0000] {dag.py:3947} INFO - Setting next_dagrun for minio_to_snowflake to 2026-02-04 08:58:00+00:00, run_after=2026-02-04 08:59:00+00:00
[2026-02-04T08:58:24.961+0000] {processor.py:183} INFO - Processing /opt/airflow/dags/minio_to_snowflake.py took 1.222 seconds
[2026-02-04T08:58:55.113+0000] {processor.py:161} INFO - Started process (PID=22951) to work on /opt/airflow/dags/minio_to_snowflake.py
[2026-02-04T08:58:55.115+0000] {processor.py:830} INFO - Processing file /opt/airflow/dags/minio_to_snowflake.py for tasks to queue
[2026-02-04T08:58:55.118+0000] {logging_mixin.py:188} INFO - [2026-02-04T08:58:55.118+0000] {dagbag.py:545} INFO - Filling up the DagBag from /opt/airflow/dags/minio_to_snowflake.py
[2026-02-04T08:58:56.048+0000] {processor.py:840} INFO - DAG(s) 'minio_to_snowflake' retrieved from /opt/airflow/dags/minio_to_snowflake.py
[2026-02-04T08:58:56.077+0000] {logging_mixin.py:188} INFO - [2026-02-04T08:58:56.076+0000] {dag.py:3089} INFO - Sync 1 DAGs
[2026-02-04T08:58:56.100+0000] {logging_mixin.py:188} INFO - [2026-02-04T08:58:56.100+0000] {dag.py:3947} INFO - Setting next_dagrun for minio_to_snowflake to 2026-02-04 08:58:00+00:00, run_after=2026-02-04 08:59:00+00:00
[2026-02-04T08:58:56.129+0000] {processor.py:183} INFO - Processing /opt/airflow/dags/minio_to_snowflake.py took 1.026 seconds
[2026-02-04T08:59:26.383+0000] {processor.py:161} INFO - Started process (PID=24252) to work on /opt/airflow/dags/minio_to_snowflake.py
[2026-02-04T08:59:26.386+0000] {processor.py:830} INFO - Processing file /opt/airflow/dags/minio_to_snowflake.py for tasks to queue
[2026-02-04T08:59:26.390+0000] {logging_mixin.py:188} INFO - [2026-02-04T08:59:26.389+0000] {dagbag.py:545} INFO - Filling up the DagBag from /opt/airflow/dags/minio_to_snowflake.py
[2026-02-04T08:59:27.343+0000] {processor.py:840} INFO - DAG(s) 'minio_to_snowflake' retrieved from /opt/airflow/dags/minio_to_snowflake.py
[2026-02-04T08:59:27.374+0000] {logging_mixin.py:188} INFO - [2026-02-04T08:59:27.373+0000] {dag.py:3089} INFO - Sync 1 DAGs
[2026-02-04T08:59:27.398+0000] {logging_mixin.py:188} INFO - [2026-02-04T08:59:27.398+0000] {dag.py:3947} INFO - Setting next_dagrun for minio_to_snowflake to 2026-02-04 08:59:00+00:00, run_after=2026-02-04 09:00:00+00:00
[2026-02-04T08:59:27.423+0000] {processor.py:183} INFO - Processing /opt/airflow/dags/minio_to_snowflake.py took 1.048 seconds
[2026-02-04T08:59:57.672+0000] {processor.py:161} INFO - Started process (PID=24502) to work on /opt/airflow/dags/minio_to_snowflake.py
[2026-02-04T08:59:57.674+0000] {processor.py:830} INFO - Processing file /opt/airflow/dags/minio_to_snowflake.py for tasks to queue
[2026-02-04T08:59:57.677+0000] {logging_mixin.py:188} INFO - [2026-02-04T08:59:57.676+0000] {dagbag.py:545} INFO - Filling up the DagBag from /opt/airflow/dags/minio_to_snowflake.py
[2026-02-04T08:59:58.575+0000] {processor.py:840} INFO - DAG(s) 'minio_to_snowflake' retrieved from /opt/airflow/dags/minio_to_snowflake.py
[2026-02-04T08:59:58.604+0000] {logging_mixin.py:188} INFO - [2026-02-04T08:59:58.604+0000] {dag.py:3089} INFO - Sync 1 DAGs
[2026-02-04T08:59:58.631+0000] {logging_mixin.py:188} INFO - [2026-02-04T08:59:58.630+0000] {dag.py:3947} INFO - Setting next_dagrun for minio_to_snowflake to 2026-02-04 08:59:00+00:00, run_after=2026-02-04 09:00:00+00:00
[2026-02-04T08:59:58.653+0000] {processor.py:183} INFO - Processing /opt/airflow/dags/minio_to_snowflake.py took 0.990 seconds
[2026-02-04T09:00:28.976+0000] {processor.py:161} INFO - Started process (PID=25789) to work on /opt/airflow/dags/minio_to_snowflake.py
[2026-02-04T09:00:28.978+0000] {processor.py:830} INFO - Processing file /opt/airflow/dags/minio_to_snowflake.py for tasks to queue
[2026-02-04T09:00:28.981+0000] {logging_mixin.py:188} INFO - [2026-02-04T09:00:28.980+0000] {dagbag.py:545} INFO - Filling up the DagBag from /opt/airflow/dags/minio_to_snowflake.py
[2026-02-04T09:00:29.875+0000] {processor.py:840} INFO - DAG(s) 'minio_to_snowflake' retrieved from /opt/airflow/dags/minio_to_snowflake.py
[2026-02-04T09:00:29.905+0000] {logging_mixin.py:188} INFO - [2026-02-04T09:00:29.903+0000] {dag.py:3089} INFO - Sync 1 DAGs
[2026-02-04T09:00:29.929+0000] {logging_mixin.py:188} INFO - [2026-02-04T09:00:29.929+0000] {dag.py:3947} INFO - Setting next_dagrun for minio_to_snowflake to 2026-02-04 09:00:00+00:00, run_after=2026-02-04 09:01:00+00:00
[2026-02-04T09:00:29.953+0000] {processor.py:183} INFO - Processing /opt/airflow/dags/minio_to_snowflake.py took 0.989 seconds
[2026-02-04T09:01:00.265+0000] {processor.py:161} INFO - Started process (PID=26051) to work on /opt/airflow/dags/minio_to_snowflake.py
[2026-02-04T09:01:00.266+0000] {processor.py:830} INFO - Processing file /opt/airflow/dags/minio_to_snowflake.py for tasks to queue
[2026-02-04T09:01:00.270+0000] {logging_mixin.py:188} INFO - [2026-02-04T09:01:00.269+0000] {dagbag.py:545} INFO - Filling up the DagBag from /opt/airflow/dags/minio_to_snowflake.py
[2026-02-04T09:01:01.246+0000] {processor.py:840} INFO - DAG(s) 'minio_to_snowflake' retrieved from /opt/airflow/dags/minio_to_snowflake.py
[2026-02-04T09:01:01.282+0000] {logging_mixin.py:188} INFO - [2026-02-04T09:01:01.281+0000] {dag.py:3089} INFO - Sync 1 DAGs
[2026-02-04T09:01:01.312+0000] {logging_mixin.py:188} INFO - [2026-02-04T09:01:01.312+0000] {dag.py:3947} INFO - Setting next_dagrun for minio_to_snowflake to 2026-02-04 09:01:00+00:00, run_after=2026-02-04 09:02:00+00:00
[2026-02-04T09:01:01.338+0000] {processor.py:183} INFO - Processing /opt/airflow/dags/minio_to_snowflake.py took 1.082 seconds
[2026-02-04T09:01:31.565+0000] {processor.py:161} INFO - Started process (PID=27313) to work on /opt/airflow/dags/minio_to_snowflake.py
[2026-02-04T09:01:31.566+0000] {processor.py:830} INFO - Processing file /opt/airflow/dags/minio_to_snowflake.py for tasks to queue
[2026-02-04T09:01:31.570+0000] {logging_mixin.py:188} INFO - [2026-02-04T09:01:31.569+0000] {dagbag.py:545} INFO - Filling up the DagBag from /opt/airflow/dags/minio_to_snowflake.py
[2026-02-04T09:01:32.457+0000] {processor.py:840} INFO - DAG(s) 'minio_to_snowflake' retrieved from /opt/airflow/dags/minio_to_snowflake.py
[2026-02-04T09:01:32.487+0000] {logging_mixin.py:188} INFO - [2026-02-04T09:01:32.486+0000] {dag.py:3089} INFO - Sync 1 DAGs
[2026-02-04T09:01:32.511+0000] {logging_mixin.py:188} INFO - [2026-02-04T09:01:32.511+0000] {dag.py:3947} INFO - Setting next_dagrun for minio_to_snowflake to 2026-02-04 09:01:00+00:00, run_after=2026-02-04 09:02:00+00:00
[2026-02-04T09:01:32.534+0000] {processor.py:183} INFO - Processing /opt/airflow/dags/minio_to_snowflake.py took 0.980 seconds
[2026-02-04T09:02:02.914+0000] {processor.py:161} INFO - Started process (PID=27741) to work on /opt/airflow/dags/minio_to_snowflake.py
[2026-02-04T09:02:02.916+0000] {processor.py:830} INFO - Processing file /opt/airflow/dags/minio_to_snowflake.py for tasks to queue
[2026-02-04T09:02:02.919+0000] {logging_mixin.py:188} INFO - [2026-02-04T09:02:02.919+0000] {dagbag.py:545} INFO - Filling up the DagBag from /opt/airflow/dags/minio_to_snowflake.py
[2026-02-04T09:02:03.971+0000] {processor.py:840} INFO - DAG(s) 'minio_to_snowflake' retrieved from /opt/airflow/dags/minio_to_snowflake.py
[2026-02-04T09:02:04.032+0000] {logging_mixin.py:188} INFO - [2026-02-04T09:02:04.031+0000] {dag.py:3089} INFO - Sync 1 DAGs
[2026-02-04T09:02:04.088+0000] {logging_mixin.py:188} INFO - [2026-02-04T09:02:04.087+0000] {dag.py:3947} INFO - Setting next_dagrun for minio_to_snowflake to 2026-02-04 09:02:00+00:00, run_after=2026-02-04 09:03:00+00:00
[2026-02-04T09:02:04.144+0000] {processor.py:183} INFO - Processing /opt/airflow/dags/minio_to_snowflake.py took 1.239 seconds
[2026-02-04T09:02:34.486+0000] {processor.py:161} INFO - Started process (PID=28869) to work on /opt/airflow/dags/minio_to_snowflake.py
[2026-02-04T09:02:34.488+0000] {processor.py:830} INFO - Processing file /opt/airflow/dags/minio_to_snowflake.py for tasks to queue
[2026-02-04T09:02:34.491+0000] {logging_mixin.py:188} INFO - [2026-02-04T09:02:34.490+0000] {dagbag.py:545} INFO - Filling up the DagBag from /opt/airflow/dags/minio_to_snowflake.py
[2026-02-04T09:02:35.411+0000] {processor.py:840} INFO - DAG(s) 'minio_to_snowflake' retrieved from /opt/airflow/dags/minio_to_snowflake.py
[2026-02-04T09:02:35.443+0000] {logging_mixin.py:188} INFO - [2026-02-04T09:02:35.442+0000] {dag.py:3089} INFO - Sync 1 DAGs
[2026-02-04T09:02:35.471+0000] {logging_mixin.py:188} INFO - [2026-02-04T09:02:35.471+0000] {dag.py:3947} INFO - Setting next_dagrun for minio_to_snowflake to 2026-02-04 09:02:00+00:00, run_after=2026-02-04 09:03:00+00:00
[2026-02-04T09:02:35.495+0000] {processor.py:183} INFO - Processing /opt/airflow/dags/minio_to_snowflake.py took 1.018 seconds
[2026-02-04T09:03:05.806+0000] {processor.py:161} INFO - Started process (PID=29820) to work on /opt/airflow/dags/minio_to_snowflake.py
[2026-02-04T09:03:05.807+0000] {processor.py:830} INFO - Processing file /opt/airflow/dags/minio_to_snowflake.py for tasks to queue
[2026-02-04T09:03:05.811+0000] {logging_mixin.py:188} INFO - [2026-02-04T09:03:05.811+0000] {dagbag.py:545} INFO - Filling up the DagBag from /opt/airflow/dags/minio_to_snowflake.py
[2026-02-04T09:03:06.935+0000] {processor.py:840} INFO - DAG(s) 'minio_to_snowflake' retrieved from /opt/airflow/dags/minio_to_snowflake.py
[2026-02-04T09:03:06.972+0000] {logging_mixin.py:188} INFO - [2026-02-04T09:03:06.972+0000] {dag.py:3089} INFO - Sync 1 DAGs
[2026-02-04T09:03:07.007+0000] {logging_mixin.py:188} INFO - [2026-02-04T09:03:07.006+0000] {dag.py:3947} INFO - Setting next_dagrun for minio_to_snowflake to 2026-02-04 09:03:00+00:00, run_after=2026-02-04 09:04:00+00:00
[2026-02-04T09:03:07.035+0000] {processor.py:183} INFO - Processing /opt/airflow/dags/minio_to_snowflake.py took 1.239 seconds
[2026-02-04T09:03:37.394+0000] {processor.py:161} INFO - Started process (PID=30435) to work on /opt/airflow/dags/minio_to_snowflake.py
[2026-02-04T09:03:37.396+0000] {processor.py:830} INFO - Processing file /opt/airflow/dags/minio_to_snowflake.py for tasks to queue
[2026-02-04T09:03:37.399+0000] {logging_mixin.py:188} INFO - [2026-02-04T09:03:37.399+0000] {dagbag.py:545} INFO - Filling up the DagBag from /opt/airflow/dags/minio_to_snowflake.py
[2026-02-04T09:03:38.317+0000] {processor.py:840} INFO - DAG(s) 'minio_to_snowflake' retrieved from /opt/airflow/dags/minio_to_snowflake.py
[2026-02-04T09:03:38.350+0000] {logging_mixin.py:188} INFO - [2026-02-04T09:03:38.349+0000] {dag.py:3089} INFO - Sync 1 DAGs
[2026-02-04T09:03:38.374+0000] {logging_mixin.py:188} INFO - [2026-02-04T09:03:38.374+0000] {dag.py:3947} INFO - Setting next_dagrun for minio_to_snowflake to 2026-02-04 09:03:00+00:00, run_after=2026-02-04 09:04:00+00:00
[2026-02-04T09:03:38.404+0000] {processor.py:183} INFO - Processing /opt/airflow/dags/minio_to_snowflake.py took 1.021 seconds
[2026-02-04T09:04:08.723+0000] {processor.py:161} INFO - Started process (PID=31728) to work on /opt/airflow/dags/minio_to_snowflake.py
[2026-02-04T09:04:08.724+0000] {processor.py:830} INFO - Processing file /opt/airflow/dags/minio_to_snowflake.py for tasks to queue
[2026-02-04T09:04:08.727+0000] {logging_mixin.py:188} INFO - [2026-02-04T09:04:08.727+0000] {dagbag.py:545} INFO - Filling up the DagBag from /opt/airflow/dags/minio_to_snowflake.py
[2026-02-04T09:04:10.881+0000] {processor.py:840} INFO - DAG(s) 'minio_to_snowflake' retrieved from /opt/airflow/dags/minio_to_snowflake.py
[2026-02-04T09:04:10.955+0000] {logging_mixin.py:188} INFO - [2026-02-04T09:04:10.954+0000] {dag.py:3089} INFO - Sync 1 DAGs
[2026-02-04T09:04:11.008+0000] {logging_mixin.py:188} INFO - [2026-02-04T09:04:11.008+0000] {dag.py:3947} INFO - Setting next_dagrun for minio_to_snowflake to 2026-02-04 09:04:00+00:00, run_after=2026-02-04 09:05:00+00:00
[2026-02-04T09:04:11.054+0000] {processor.py:183} INFO - Processing /opt/airflow/dags/minio_to_snowflake.py took 2.340 seconds
[2026-02-04T09:04:41.503+0000] {processor.py:161} INFO - Started process (PID=32051) to work on /opt/airflow/dags/minio_to_snowflake.py
[2026-02-04T09:04:41.505+0000] {processor.py:830} INFO - Processing file /opt/airflow/dags/minio_to_snowflake.py for tasks to queue
[2026-02-04T09:04:41.508+0000] {logging_mixin.py:188} INFO - [2026-02-04T09:04:41.508+0000] {dagbag.py:545} INFO - Filling up the DagBag from /opt/airflow/dags/minio_to_snowflake.py
[2026-02-04T09:04:42.813+0000] {processor.py:840} INFO - DAG(s) 'minio_to_snowflake' retrieved from /opt/airflow/dags/minio_to_snowflake.py
[2026-02-04T09:04:42.859+0000] {logging_mixin.py:188} INFO - [2026-02-04T09:04:42.858+0000] {dag.py:3089} INFO - Sync 1 DAGs
[2026-02-04T09:04:42.886+0000] {logging_mixin.py:188} INFO - [2026-02-04T09:04:42.886+0000] {dag.py:3947} INFO - Setting next_dagrun for minio_to_snowflake to 2026-02-04 09:04:00+00:00, run_after=2026-02-04 09:05:00+00:00
[2026-02-04T09:04:42.914+0000] {processor.py:183} INFO - Processing /opt/airflow/dags/minio_to_snowflake.py took 1.419 seconds
[2026-02-04T09:05:13.205+0000] {processor.py:161} INFO - Started process (PID=33335) to work on /opt/airflow/dags/minio_to_snowflake.py
[2026-02-04T09:05:13.206+0000] {processor.py:830} INFO - Processing file /opt/airflow/dags/minio_to_snowflake.py for tasks to queue
[2026-02-04T09:05:13.210+0000] {logging_mixin.py:188} INFO - [2026-02-04T09:05:13.209+0000] {dagbag.py:545} INFO - Filling up the DagBag from /opt/airflow/dags/minio_to_snowflake.py
[2026-02-04T09:05:14.303+0000] {processor.py:840} INFO - DAG(s) 'minio_to_snowflake' retrieved from /opt/airflow/dags/minio_to_snowflake.py
[2026-02-04T09:05:14.347+0000] {logging_mixin.py:188} INFO - [2026-02-04T09:05:14.346+0000] {dag.py:3089} INFO - Sync 1 DAGs
[2026-02-04T09:05:14.379+0000] {logging_mixin.py:188} INFO - [2026-02-04T09:05:14.379+0000] {dag.py:3947} INFO - Setting next_dagrun for minio_to_snowflake to 2026-02-04 09:05:00+00:00, run_after=2026-02-04 09:06:00+00:00
[2026-02-04T09:05:14.407+0000] {processor.py:183} INFO - Processing /opt/airflow/dags/minio_to_snowflake.py took 1.211 seconds
[2026-02-04T09:05:44.554+0000] {processor.py:161} INFO - Started process (PID=33629) to work on /opt/airflow/dags/minio_to_snowflake.py
[2026-02-04T09:05:44.557+0000] {processor.py:830} INFO - Processing file /opt/airflow/dags/minio_to_snowflake.py for tasks to queue
[2026-02-04T09:05:44.561+0000] {logging_mixin.py:188} INFO - [2026-02-04T09:05:44.561+0000] {dagbag.py:545} INFO - Filling up the DagBag from /opt/airflow/dags/minio_to_snowflake.py
[2026-02-04T09:05:45.513+0000] {processor.py:840} INFO - DAG(s) 'minio_to_snowflake' retrieved from /opt/airflow/dags/minio_to_snowflake.py
[2026-02-04T09:05:45.543+0000] {logging_mixin.py:188} INFO - [2026-02-04T09:05:45.542+0000] {dag.py:3089} INFO - Sync 1 DAGs
[2026-02-04T09:05:45.568+0000] {logging_mixin.py:188} INFO - [2026-02-04T09:05:45.568+0000] {dag.py:3947} INFO - Setting next_dagrun for minio_to_snowflake to 2026-02-04 09:05:00+00:00, run_after=2026-02-04 09:06:00+00:00
[2026-02-04T09:05:45.592+0000] {processor.py:183} INFO - Processing /opt/airflow/dags/minio_to_snowflake.py took 1.052 seconds
[2026-02-04T09:06:15.837+0000] {processor.py:161} INFO - Started process (PID=34912) to work on /opt/airflow/dags/minio_to_snowflake.py
[2026-02-04T09:06:15.839+0000] {processor.py:830} INFO - Processing file /opt/airflow/dags/minio_to_snowflake.py for tasks to queue
[2026-02-04T09:06:15.843+0000] {logging_mixin.py:188} INFO - [2026-02-04T09:06:15.843+0000] {dagbag.py:545} INFO - Filling up the DagBag from /opt/airflow/dags/minio_to_snowflake.py
[2026-02-04T09:06:16.737+0000] {processor.py:840} INFO - DAG(s) 'minio_to_snowflake' retrieved from /opt/airflow/dags/minio_to_snowflake.py
[2026-02-04T09:06:16.768+0000] {logging_mixin.py:188} INFO - [2026-02-04T09:06:16.767+0000] {dag.py:3089} INFO - Sync 1 DAGs
[2026-02-04T09:06:16.811+0000] {logging_mixin.py:188} INFO - [2026-02-04T09:06:16.811+0000] {dag.py:3947} INFO - Setting next_dagrun for minio_to_snowflake to 2026-02-04 09:06:00+00:00, run_after=2026-02-04 09:07:00+00:00
[2026-02-04T09:06:16.845+0000] {processor.py:183} INFO - Processing /opt/airflow/dags/minio_to_snowflake.py took 1.018 seconds
[2026-02-04T09:06:47.135+0000] {processor.py:161} INFO - Started process (PID=35197) to work on /opt/airflow/dags/minio_to_snowflake.py
[2026-02-04T09:06:47.137+0000] {processor.py:830} INFO - Processing file /opt/airflow/dags/minio_to_snowflake.py for tasks to queue
[2026-02-04T09:06:47.141+0000] {logging_mixin.py:188} INFO - [2026-02-04T09:06:47.140+0000] {dagbag.py:545} INFO - Filling up the DagBag from /opt/airflow/dags/minio_to_snowflake.py
[2026-02-04T09:06:48.153+0000] {processor.py:840} INFO - DAG(s) 'minio_to_snowflake' retrieved from /opt/airflow/dags/minio_to_snowflake.py
[2026-02-04T09:06:48.185+0000] {logging_mixin.py:188} INFO - [2026-02-04T09:06:48.184+0000] {dag.py:3089} INFO - Sync 1 DAGs
[2026-02-04T09:06:48.210+0000] {logging_mixin.py:188} INFO - [2026-02-04T09:06:48.210+0000] {dag.py:3947} INFO - Setting next_dagrun for minio_to_snowflake to 2026-02-04 09:06:00+00:00, run_after=2026-02-04 09:07:00+00:00
[2026-02-04T09:06:48.232+0000] {processor.py:183} INFO - Processing /opt/airflow/dags/minio_to_snowflake.py took 1.107 seconds
[2026-02-04T09:07:18.563+0000] {processor.py:161} INFO - Started process (PID=36447) to work on /opt/airflow/dags/minio_to_snowflake.py
[2026-02-04T09:07:18.565+0000] {processor.py:830} INFO - Processing file /opt/airflow/dags/minio_to_snowflake.py for tasks to queue
[2026-02-04T09:07:18.568+0000] {logging_mixin.py:188} INFO - [2026-02-04T09:07:18.568+0000] {dagbag.py:545} INFO - Filling up the DagBag from /opt/airflow/dags/minio_to_snowflake.py
[2026-02-04T09:07:20.165+0000] {processor.py:840} INFO - DAG(s) 'minio_to_snowflake' retrieved from /opt/airflow/dags/minio_to_snowflake.py
[2026-02-04T09:07:20.205+0000] {logging_mixin.py:188} INFO - [2026-02-04T09:07:20.204+0000] {dag.py:3089} INFO - Sync 1 DAGs
[2026-02-04T09:07:20.232+0000] {logging_mixin.py:188} INFO - [2026-02-04T09:07:20.232+0000] {dag.py:3947} INFO - Setting next_dagrun for minio_to_snowflake to 2026-02-04 09:07:00+00:00, run_after=2026-02-04 09:08:00+00:00
[2026-02-04T09:07:20.259+0000] {processor.py:183} INFO - Processing /opt/airflow/dags/minio_to_snowflake.py took 1.704 seconds
[2026-02-04T09:07:50.617+0000] {processor.py:161} INFO - Started process (PID=36754) to work on /opt/airflow/dags/minio_to_snowflake.py
[2026-02-04T09:07:50.619+0000] {processor.py:830} INFO - Processing file /opt/airflow/dags/minio_to_snowflake.py for tasks to queue
[2026-02-04T09:07:50.622+0000] {logging_mixin.py:188} INFO - [2026-02-04T09:07:50.622+0000] {dagbag.py:545} INFO - Filling up the DagBag from /opt/airflow/dags/minio_to_snowflake.py
[2026-02-04T09:07:51.547+0000] {processor.py:840} INFO - DAG(s) 'minio_to_snowflake' retrieved from /opt/airflow/dags/minio_to_snowflake.py
[2026-02-04T09:07:51.577+0000] {logging_mixin.py:188} INFO - [2026-02-04T09:07:51.576+0000] {dag.py:3089} INFO - Sync 1 DAGs
[2026-02-04T09:07:51.600+0000] {logging_mixin.py:188} INFO - [2026-02-04T09:07:51.600+0000] {dag.py:3947} INFO - Setting next_dagrun for minio_to_snowflake to 2026-02-04 09:07:00+00:00, run_after=2026-02-04 09:08:00+00:00
[2026-02-04T09:07:51.623+0000] {processor.py:183} INFO - Processing /opt/airflow/dags/minio_to_snowflake.py took 1.015 seconds
[2026-02-04T09:08:21.866+0000] {processor.py:161} INFO - Started process (PID=38043) to work on /opt/airflow/dags/minio_to_snowflake.py
[2026-02-04T09:08:21.867+0000] {processor.py:830} INFO - Processing file /opt/airflow/dags/minio_to_snowflake.py for tasks to queue
[2026-02-04T09:08:21.871+0000] {logging_mixin.py:188} INFO - [2026-02-04T09:08:21.870+0000] {dagbag.py:545} INFO - Filling up the DagBag from /opt/airflow/dags/minio_to_snowflake.py
[2026-02-04T09:08:22.784+0000] {processor.py:840} INFO - DAG(s) 'minio_to_snowflake' retrieved from /opt/airflow/dags/minio_to_snowflake.py
[2026-02-04T09:08:22.815+0000] {logging_mixin.py:188} INFO - [2026-02-04T09:08:22.814+0000] {dag.py:3089} INFO - Sync 1 DAGs
[2026-02-04T09:08:22.840+0000] {logging_mixin.py:188} INFO - [2026-02-04T09:08:22.839+0000] {dag.py:3947} INFO - Setting next_dagrun for minio_to_snowflake to 2026-02-04 09:08:00+00:00, run_after=2026-02-04 09:09:00+00:00
[2026-02-04T09:08:22.862+0000] {processor.py:183} INFO - Processing /opt/airflow/dags/minio_to_snowflake.py took 1.005 seconds
[2026-02-04T09:08:53.164+0000] {processor.py:161} INFO - Started process (PID=38335) to work on /opt/airflow/dags/minio_to_snowflake.py
[2026-02-04T09:08:53.166+0000] {processor.py:830} INFO - Processing file /opt/airflow/dags/minio_to_snowflake.py for tasks to queue
[2026-02-04T09:08:53.169+0000] {logging_mixin.py:188} INFO - [2026-02-04T09:08:53.168+0000] {dagbag.py:545} INFO - Filling up the DagBag from /opt/airflow/dags/minio_to_snowflake.py
[2026-02-04T09:08:54.058+0000] {processor.py:840} INFO - DAG(s) 'minio_to_snowflake' retrieved from /opt/airflow/dags/minio_to_snowflake.py
[2026-02-04T09:08:54.088+0000] {logging_mixin.py:188} INFO - [2026-02-04T09:08:54.087+0000] {dag.py:3089} INFO - Sync 1 DAGs
[2026-02-04T09:08:54.113+0000] {logging_mixin.py:188} INFO - [2026-02-04T09:08:54.113+0000] {dag.py:3947} INFO - Setting next_dagrun for minio_to_snowflake to 2026-02-04 09:08:00+00:00, run_after=2026-02-04 09:09:00+00:00
[2026-02-04T09:08:54.138+0000] {processor.py:183} INFO - Processing /opt/airflow/dags/minio_to_snowflake.py took 0.983 seconds
[2026-02-04T09:23:40.953+0000] {processor.py:161} INFO - Started process (PID=39613) to work on /opt/airflow/dags/minio_to_snowflake.py
[2026-02-04T09:23:40.962+0000] {processor.py:830} INFO - Processing file /opt/airflow/dags/minio_to_snowflake.py for tasks to queue
[2026-02-04T09:24:13.449+0000] {processor.py:161} INFO - Started process (PID=40796) to work on /opt/airflow/dags/minio_to_snowflake.py
[2026-02-04T09:24:13.538+0000] {processor.py:830} INFO - Processing file /opt/airflow/dags/minio_to_snowflake.py for tasks to queue
[2026-02-04T09:24:13.582+0000] {logging_mixin.py:188} INFO - [2026-02-04T09:24:13.563+0000] {dagbag.py:545} INFO - Filling up the DagBag from /opt/airflow/dags/minio_to_snowflake.py
[2026-02-04T09:24:50.582+0000] {logging_mixin.py:188} INFO - [2026-02-04T09:24:50.581+0000] {timeout.py:68} ERROR - Process timed out, PID: 40796
[2026-02-04T09:24:50.728+0000] {logging_mixin.py:188} WARNING - Exception ignored in: <function WeakKeyDictionary.__init__.<locals>.remove at 0x719e2901e7a0>
[2026-02-04T09:24:50.806+0000] {logging_mixin.py:188} WARNING - Traceback (most recent call last):
[2026-02-04T09:24:50.807+0000] {logging_mixin.py:188} WARNING -   File "/usr/local/lib/python3.12/weakref.py", line 369, in remove
[2026-02-04T09:24:51.313+0000] {logging_mixin.py:188} WARNING -     def remove(k, selfref=ref(self)):
[2026-02-04T09:24:51.314+0000] {logging_mixin.py:188} WARNING -   File "/home/airflow/.local/lib/python3.12/site-packages/airflow/utils/timeout.py", line 69, in handle_timeout
[2026-02-04T09:24:51.629+0000] {logging_mixin.py:188} WARNING -     raise AirflowTaskTimeout(self.error_message)
[2026-02-04T09:24:51.679+0000] {logging_mixin.py:188} WARNING - airflow.exceptions.AirflowTaskTimeout: DagBag import timeout for /opt/airflow/dags/minio_to_snowflake.py after 30.0s.
Please take a look at these docs to improve your DAG import time:
* https://airflow.apache.org/docs/apache-airflow/2.9.3/best-practices.html#top-level-python-code
* https://airflow.apache.org/docs/apache-airflow/2.9.3/best-practices.html#reducing-dag-complexity, PID: 40796
[2026-02-04T09:24:52.154+0000] {processor.py:840} INFO - DAG(s) 'minio_to_snowflake' retrieved from /opt/airflow/dags/minio_to_snowflake.py
[2026-02-04T09:25:33.991+0000] {processor.py:161} INFO - Started process (PID=41303) to work on /opt/airflow/dags/minio_to_snowflake.py
[2026-02-04T09:25:33.993+0000] {processor.py:830} INFO - Processing file /opt/airflow/dags/minio_to_snowflake.py for tasks to queue
[2026-02-04T09:25:33.995+0000] {logging_mixin.py:188} INFO - [2026-02-04T09:25:33.994+0000] {dagbag.py:545} INFO - Filling up the DagBag from /opt/airflow/dags/minio_to_snowflake.py
[2026-02-04T09:25:38.287+0000] {processor.py:840} INFO - DAG(s) 'minio_to_snowflake' retrieved from /opt/airflow/dags/minio_to_snowflake.py
[2026-02-04T09:25:38.902+0000] {logging_mixin.py:188} INFO - [2026-02-04T09:25:38.901+0000] {dag.py:3089} INFO - Sync 1 DAGs
[2026-02-04T09:25:38.957+0000] {logging_mixin.py:188} INFO - [2026-02-04T09:25:38.956+0000] {dag.py:3947} INFO - Setting next_dagrun for minio_to_snowflake to 2026-02-04 09:24:00+00:00, run_after=2026-02-04 09:25:00+00:00
[2026-02-04T09:25:39.055+0000] {processor.py:183} INFO - Processing /opt/airflow/dags/minio_to_snowflake.py took 5.074 seconds
[2026-02-04T09:26:09.512+0000] {processor.py:161} INFO - Started process (PID=43186) to work on /opt/airflow/dags/minio_to_snowflake.py
[2026-02-04T09:26:09.514+0000] {processor.py:830} INFO - Processing file /opt/airflow/dags/minio_to_snowflake.py for tasks to queue
[2026-02-04T09:26:09.515+0000] {logging_mixin.py:188} INFO - [2026-02-04T09:26:09.515+0000] {dagbag.py:545} INFO - Filling up the DagBag from /opt/airflow/dags/minio_to_snowflake.py
[2026-02-04T09:26:11.060+0000] {processor.py:840} INFO - DAG(s) 'minio_to_snowflake' retrieved from /opt/airflow/dags/minio_to_snowflake.py
[2026-02-04T09:26:11.112+0000] {logging_mixin.py:188} INFO - [2026-02-04T09:26:11.111+0000] {dag.py:3089} INFO - Sync 1 DAGs
[2026-02-04T09:26:11.147+0000] {logging_mixin.py:188} INFO - [2026-02-04T09:26:11.146+0000] {dag.py:3947} INFO - Setting next_dagrun for minio_to_snowflake to 2026-02-04 09:26:00+00:00, run_after=2026-02-04 09:27:00+00:00
[2026-02-04T09:26:11.180+0000] {processor.py:183} INFO - Processing /opt/airflow/dags/minio_to_snowflake.py took 1.677 seconds
[2026-02-04T09:26:41.534+0000] {processor.py:161} INFO - Started process (PID=43818) to work on /opt/airflow/dags/minio_to_snowflake.py
[2026-02-04T09:26:41.537+0000] {processor.py:830} INFO - Processing file /opt/airflow/dags/minio_to_snowflake.py for tasks to queue
[2026-02-04T09:26:41.539+0000] {logging_mixin.py:188} INFO - [2026-02-04T09:26:41.538+0000] {dagbag.py:545} INFO - Filling up the DagBag from /opt/airflow/dags/minio_to_snowflake.py
[2026-02-04T09:26:43.810+0000] {processor.py:840} INFO - DAG(s) 'minio_to_snowflake' retrieved from /opt/airflow/dags/minio_to_snowflake.py
[2026-02-04T09:26:43.846+0000] {logging_mixin.py:188} INFO - [2026-02-04T09:26:43.846+0000] {dag.py:3089} INFO - Sync 1 DAGs
[2026-02-04T09:26:43.877+0000] {logging_mixin.py:188} INFO - [2026-02-04T09:26:43.876+0000] {dag.py:3947} INFO - Setting next_dagrun for minio_to_snowflake to 2026-02-04 09:26:00+00:00, run_after=2026-02-04 09:27:00+00:00
[2026-02-04T09:26:43.905+0000] {processor.py:183} INFO - Processing /opt/airflow/dags/minio_to_snowflake.py took 2.402 seconds
[2026-02-04T09:27:14.132+0000] {processor.py:161} INFO - Started process (PID=45101) to work on /opt/airflow/dags/minio_to_snowflake.py
[2026-02-04T09:27:14.145+0000] {processor.py:830} INFO - Processing file /opt/airflow/dags/minio_to_snowflake.py for tasks to queue
[2026-02-04T09:27:14.152+0000] {logging_mixin.py:188} INFO - [2026-02-04T09:27:14.149+0000] {dagbag.py:545} INFO - Filling up the DagBag from /opt/airflow/dags/minio_to_snowflake.py
[2026-02-04T09:27:17.067+0000] {processor.py:840} INFO - DAG(s) 'minio_to_snowflake' retrieved from /opt/airflow/dags/minio_to_snowflake.py
[2026-02-04T09:27:17.165+0000] {logging_mixin.py:188} INFO - [2026-02-04T09:27:17.163+0000] {dag.py:3089} INFO - Sync 1 DAGs
[2026-02-04T09:27:17.258+0000] {logging_mixin.py:188} INFO - [2026-02-04T09:27:17.258+0000] {dag.py:3947} INFO - Setting next_dagrun for minio_to_snowflake to 2026-02-04 09:27:00+00:00, run_after=2026-02-04 09:28:00+00:00
[2026-02-04T09:27:17.339+0000] {processor.py:183} INFO - Processing /opt/airflow/dags/minio_to_snowflake.py took 3.235 seconds
[2026-02-04T09:27:47.911+0000] {processor.py:161} INFO - Started process (PID=45364) to work on /opt/airflow/dags/minio_to_snowflake.py
[2026-02-04T09:27:47.913+0000] {processor.py:830} INFO - Processing file /opt/airflow/dags/minio_to_snowflake.py for tasks to queue
[2026-02-04T09:27:47.915+0000] {logging_mixin.py:188} INFO - [2026-02-04T09:27:47.914+0000] {dagbag.py:545} INFO - Filling up the DagBag from /opt/airflow/dags/minio_to_snowflake.py
[2026-02-04T09:27:49.202+0000] {processor.py:840} INFO - DAG(s) 'minio_to_snowflake' retrieved from /opt/airflow/dags/minio_to_snowflake.py
[2026-02-04T09:27:49.238+0000] {logging_mixin.py:188} INFO - [2026-02-04T09:27:49.238+0000] {dag.py:3089} INFO - Sync 1 DAGs
[2026-02-04T09:27:49.272+0000] {logging_mixin.py:188} INFO - [2026-02-04T09:27:49.272+0000] {dag.py:3947} INFO - Setting next_dagrun for minio_to_snowflake to 2026-02-04 09:27:00+00:00, run_after=2026-02-04 09:28:00+00:00
[2026-02-04T09:27:49.306+0000] {processor.py:183} INFO - Processing /opt/airflow/dags/minio_to_snowflake.py took 1.410 seconds
[2026-02-04T09:28:19.767+0000] {processor.py:161} INFO - Started process (PID=46656) to work on /opt/airflow/dags/minio_to_snowflake.py
[2026-02-04T09:28:19.769+0000] {processor.py:830} INFO - Processing file /opt/airflow/dags/minio_to_snowflake.py for tasks to queue
[2026-02-04T09:28:19.770+0000] {logging_mixin.py:188} INFO - [2026-02-04T09:28:19.770+0000] {dagbag.py:545} INFO - Filling up the DagBag from /opt/airflow/dags/minio_to_snowflake.py
[2026-02-04T09:28:23.783+0000] {processor.py:840} INFO - DAG(s) 'minio_to_snowflake' retrieved from /opt/airflow/dags/minio_to_snowflake.py
[2026-02-04T09:28:23.821+0000] {logging_mixin.py:188} INFO - [2026-02-04T09:28:23.821+0000] {dag.py:3089} INFO - Sync 1 DAGs
[2026-02-04T09:28:23.850+0000] {logging_mixin.py:188} INFO - [2026-02-04T09:28:23.849+0000] {dag.py:3947} INFO - Setting next_dagrun for minio_to_snowflake to 2026-02-04 09:28:00+00:00, run_after=2026-02-04 09:29:00+00:00
[2026-02-04T09:28:23.887+0000] {processor.py:183} INFO - Processing /opt/airflow/dags/minio_to_snowflake.py took 4.133 seconds
[2026-02-04T09:28:54.019+0000] {processor.py:161} INFO - Started process (PID=46927) to work on /opt/airflow/dags/minio_to_snowflake.py
[2026-02-04T09:28:54.020+0000] {processor.py:830} INFO - Processing file /opt/airflow/dags/minio_to_snowflake.py for tasks to queue
[2026-02-04T09:28:54.022+0000] {logging_mixin.py:188} INFO - [2026-02-04T09:28:54.021+0000] {dagbag.py:545} INFO - Filling up the DagBag from /opt/airflow/dags/minio_to_snowflake.py
[2026-02-04T09:28:55.270+0000] {processor.py:840} INFO - DAG(s) 'minio_to_snowflake' retrieved from /opt/airflow/dags/minio_to_snowflake.py
[2026-02-04T09:28:55.303+0000] {logging_mixin.py:188} INFO - [2026-02-04T09:28:55.303+0000] {dag.py:3089} INFO - Sync 1 DAGs
[2026-02-04T09:28:55.334+0000] {logging_mixin.py:188} INFO - [2026-02-04T09:28:55.334+0000] {dag.py:3947} INFO - Setting next_dagrun for minio_to_snowflake to 2026-02-04 09:28:00+00:00, run_after=2026-02-04 09:29:00+00:00
[2026-02-04T09:28:55.377+0000] {processor.py:183} INFO - Processing /opt/airflow/dags/minio_to_snowflake.py took 1.367 seconds
[2026-02-04T09:29:25.755+0000] {processor.py:161} INFO - Started process (PID=48222) to work on /opt/airflow/dags/minio_to_snowflake.py
[2026-02-04T09:29:25.757+0000] {processor.py:830} INFO - Processing file /opt/airflow/dags/minio_to_snowflake.py for tasks to queue
[2026-02-04T09:29:25.759+0000] {logging_mixin.py:188} INFO - [2026-02-04T09:29:25.758+0000] {dagbag.py:545} INFO - Filling up the DagBag from /opt/airflow/dags/minio_to_snowflake.py
[2026-02-04T09:29:26.721+0000] {processor.py:840} INFO - DAG(s) 'minio_to_snowflake' retrieved from /opt/airflow/dags/minio_to_snowflake.py
[2026-02-04T09:29:26.756+0000] {logging_mixin.py:188} INFO - [2026-02-04T09:29:26.755+0000] {dag.py:3089} INFO - Sync 1 DAGs
[2026-02-04T09:29:26.786+0000] {logging_mixin.py:188} INFO - [2026-02-04T09:29:26.785+0000] {dag.py:3947} INFO - Setting next_dagrun for minio_to_snowflake to 2026-02-04 09:29:00+00:00, run_after=2026-02-04 09:30:00+00:00
[2026-02-04T09:29:26.810+0000] {processor.py:183} INFO - Processing /opt/airflow/dags/minio_to_snowflake.py took 1.065 seconds
[2026-02-04T09:29:57.016+0000] {processor.py:161} INFO - Started process (PID=48539) to work on /opt/airflow/dags/minio_to_snowflake.py
[2026-02-04T09:29:57.017+0000] {processor.py:830} INFO - Processing file /opt/airflow/dags/minio_to_snowflake.py for tasks to queue
[2026-02-04T09:29:57.019+0000] {logging_mixin.py:188} INFO - [2026-02-04T09:29:57.019+0000] {dagbag.py:545} INFO - Filling up the DagBag from /opt/airflow/dags/minio_to_snowflake.py
[2026-02-04T09:29:58.648+0000] {processor.py:840} INFO - DAG(s) 'minio_to_snowflake' retrieved from /opt/airflow/dags/minio_to_snowflake.py
[2026-02-04T09:29:58.683+0000] {logging_mixin.py:188} INFO - [2026-02-04T09:29:58.683+0000] {dag.py:3089} INFO - Sync 1 DAGs
[2026-02-04T09:29:58.774+0000] {logging_mixin.py:188} INFO - [2026-02-04T09:29:58.774+0000] {dag.py:3947} INFO - Setting next_dagrun for minio_to_snowflake to 2026-02-04 09:29:00+00:00, run_after=2026-02-04 09:30:00+00:00
[2026-02-04T09:29:58.872+0000] {processor.py:183} INFO - Processing /opt/airflow/dags/minio_to_snowflake.py took 1.867 seconds
[2026-02-04T09:30:29.507+0000] {processor.py:161} INFO - Started process (PID=49860) to work on /opt/airflow/dags/minio_to_snowflake.py
[2026-02-04T09:30:29.514+0000] {processor.py:830} INFO - Processing file /opt/airflow/dags/minio_to_snowflake.py for tasks to queue
[2026-02-04T09:30:29.521+0000] {logging_mixin.py:188} INFO - [2026-02-04T09:30:29.519+0000] {dagbag.py:545} INFO - Filling up the DagBag from /opt/airflow/dags/minio_to_snowflake.py
[2026-02-04T09:30:32.153+0000] {processor.py:840} INFO - DAG(s) 'minio_to_snowflake' retrieved from /opt/airflow/dags/minio_to_snowflake.py
[2026-02-04T09:30:32.222+0000] {logging_mixin.py:188} INFO - [2026-02-04T09:30:32.221+0000] {dag.py:3089} INFO - Sync 1 DAGs
[2026-02-04T09:30:32.282+0000] {logging_mixin.py:188} INFO - [2026-02-04T09:30:32.281+0000] {dag.py:3947} INFO - Setting next_dagrun for minio_to_snowflake to 2026-02-04 09:30:00+00:00, run_after=2026-02-04 09:31:00+00:00
[2026-02-04T09:30:32.338+0000] {processor.py:183} INFO - Processing /opt/airflow/dags/minio_to_snowflake.py took 2.878 seconds
[2026-02-04T09:31:02.690+0000] {processor.py:161} INFO - Started process (PID=50146) to work on /opt/airflow/dags/minio_to_snowflake.py
[2026-02-04T09:31:02.692+0000] {processor.py:830} INFO - Processing file /opt/airflow/dags/minio_to_snowflake.py for tasks to queue
[2026-02-04T09:31:02.695+0000] {logging_mixin.py:188} INFO - [2026-02-04T09:31:02.694+0000] {dagbag.py:545} INFO - Filling up the DagBag from /opt/airflow/dags/minio_to_snowflake.py
[2026-02-04T09:31:03.923+0000] {processor.py:840} INFO - DAG(s) 'minio_to_snowflake' retrieved from /opt/airflow/dags/minio_to_snowflake.py
[2026-02-04T09:31:03.961+0000] {logging_mixin.py:188} INFO - [2026-02-04T09:31:03.960+0000] {dag.py:3089} INFO - Sync 1 DAGs
[2026-02-04T09:31:03.995+0000] {logging_mixin.py:188} INFO - [2026-02-04T09:31:03.994+0000] {dag.py:3947} INFO - Setting next_dagrun for minio_to_snowflake to 2026-02-04 09:31:00+00:00, run_after=2026-02-04 09:32:00+00:00
[2026-02-04T09:31:04.022+0000] {processor.py:183} INFO - Processing /opt/airflow/dags/minio_to_snowflake.py took 1.345 seconds
[2026-02-04T09:31:34.408+0000] {processor.py:161} INFO - Started process (PID=51412) to work on /opt/airflow/dags/minio_to_snowflake.py
[2026-02-04T09:31:34.410+0000] {processor.py:830} INFO - Processing file /opt/airflow/dags/minio_to_snowflake.py for tasks to queue
[2026-02-04T09:31:34.412+0000] {logging_mixin.py:188} INFO - [2026-02-04T09:31:34.411+0000] {dagbag.py:545} INFO - Filling up the DagBag from /opt/airflow/dags/minio_to_snowflake.py
[2026-02-04T09:31:35.986+0000] {processor.py:840} INFO - DAG(s) 'minio_to_snowflake' retrieved from /opt/airflow/dags/minio_to_snowflake.py
[2026-02-04T09:31:36.069+0000] {logging_mixin.py:188} INFO - [2026-02-04T09:31:36.067+0000] {dag.py:3089} INFO - Sync 1 DAGs
[2026-02-04T09:31:36.143+0000] {logging_mixin.py:188} INFO - [2026-02-04T09:31:36.142+0000] {dag.py:3947} INFO - Setting next_dagrun for minio_to_snowflake to 2026-02-04 09:31:00+00:00, run_after=2026-02-04 09:32:00+00:00
[2026-02-04T09:31:36.197+0000] {processor.py:183} INFO - Processing /opt/airflow/dags/minio_to_snowflake.py took 1.801 seconds
[2026-02-04T09:32:06.872+0000] {processor.py:161} INFO - Started process (PID=52074) to work on /opt/airflow/dags/minio_to_snowflake.py
[2026-02-04T09:32:06.876+0000] {processor.py:830} INFO - Processing file /opt/airflow/dags/minio_to_snowflake.py for tasks to queue
[2026-02-04T09:32:06.880+0000] {logging_mixin.py:188} INFO - [2026-02-04T09:32:06.879+0000] {dagbag.py:545} INFO - Filling up the DagBag from /opt/airflow/dags/minio_to_snowflake.py
[2026-02-04T09:32:09.744+0000] {processor.py:840} INFO - DAG(s) 'minio_to_snowflake' retrieved from /opt/airflow/dags/minio_to_snowflake.py
[2026-02-04T09:32:09.889+0000] {logging_mixin.py:188} INFO - [2026-02-04T09:32:09.881+0000] {dag.py:3089} INFO - Sync 1 DAGs
[2026-02-04T09:32:09.997+0000] {logging_mixin.py:188} INFO - [2026-02-04T09:32:09.996+0000] {dag.py:3947} INFO - Setting next_dagrun for minio_to_snowflake to 2026-02-04 09:32:00+00:00, run_after=2026-02-04 09:33:00+00:00
[2026-02-04T09:32:10.063+0000] {processor.py:183} INFO - Processing /opt/airflow/dags/minio_to_snowflake.py took 3.220 seconds
[2026-02-04T09:32:40.381+0000] {processor.py:161} INFO - Started process (PID=52967) to work on /opt/airflow/dags/minio_to_snowflake.py
[2026-02-04T09:32:40.382+0000] {processor.py:830} INFO - Processing file /opt/airflow/dags/minio_to_snowflake.py for tasks to queue
[2026-02-04T09:32:40.384+0000] {logging_mixin.py:188} INFO - [2026-02-04T09:32:40.383+0000] {dagbag.py:545} INFO - Filling up the DagBag from /opt/airflow/dags/minio_to_snowflake.py
[2026-02-04T09:32:41.361+0000] {processor.py:840} INFO - DAG(s) 'minio_to_snowflake' retrieved from /opt/airflow/dags/minio_to_snowflake.py
[2026-02-04T09:32:41.402+0000] {logging_mixin.py:188} INFO - [2026-02-04T09:32:41.401+0000] {dag.py:3089} INFO - Sync 1 DAGs
[2026-02-04T09:32:41.430+0000] {logging_mixin.py:188} INFO - [2026-02-04T09:32:41.430+0000] {dag.py:3947} INFO - Setting next_dagrun for minio_to_snowflake to 2026-02-04 09:32:00+00:00, run_after=2026-02-04 09:33:00+00:00
[2026-02-04T09:32:41.453+0000] {processor.py:183} INFO - Processing /opt/airflow/dags/minio_to_snowflake.py took 1.081 seconds
[2026-02-04T09:33:12.038+0000] {processor.py:161} INFO - Started process (PID=54216) to work on /opt/airflow/dags/minio_to_snowflake.py
[2026-02-04T09:33:12.041+0000] {processor.py:830} INFO - Processing file /opt/airflow/dags/minio_to_snowflake.py for tasks to queue
[2026-02-04T09:33:12.043+0000] {logging_mixin.py:188} INFO - [2026-02-04T09:33:12.042+0000] {dagbag.py:545} INFO - Filling up the DagBag from /opt/airflow/dags/minio_to_snowflake.py
[2026-02-04T09:33:12.990+0000] {processor.py:840} INFO - DAG(s) 'minio_to_snowflake' retrieved from /opt/airflow/dags/minio_to_snowflake.py
[2026-02-04T09:33:13.019+0000] {logging_mixin.py:188} INFO - [2026-02-04T09:33:13.018+0000] {dag.py:3089} INFO - Sync 1 DAGs
[2026-02-04T09:33:13.045+0000] {logging_mixin.py:188} INFO - [2026-02-04T09:33:13.045+0000] {dag.py:3947} INFO - Setting next_dagrun for minio_to_snowflake to 2026-02-04 09:33:00+00:00, run_after=2026-02-04 09:34:00+00:00
[2026-02-04T09:33:13.076+0000] {processor.py:183} INFO - Processing /opt/airflow/dags/minio_to_snowflake.py took 1.054 seconds
[2026-02-04T09:33:43.304+0000] {processor.py:161} INFO - Started process (PID=54516) to work on /opt/airflow/dags/minio_to_snowflake.py
[2026-02-04T09:33:43.306+0000] {processor.py:830} INFO - Processing file /opt/airflow/dags/minio_to_snowflake.py for tasks to queue
[2026-02-04T09:33:43.308+0000] {logging_mixin.py:188} INFO - [2026-02-04T09:33:43.308+0000] {dagbag.py:545} INFO - Filling up the DagBag from /opt/airflow/dags/minio_to_snowflake.py
[2026-02-04T09:33:44.514+0000] {processor.py:840} INFO - DAG(s) 'minio_to_snowflake' retrieved from /opt/airflow/dags/minio_to_snowflake.py
[2026-02-04T09:33:44.552+0000] {logging_mixin.py:188} INFO - [2026-02-04T09:33:44.551+0000] {dag.py:3089} INFO - Sync 1 DAGs
[2026-02-04T09:33:44.588+0000] {logging_mixin.py:188} INFO - [2026-02-04T09:33:44.587+0000] {dag.py:3947} INFO - Setting next_dagrun for minio_to_snowflake to 2026-02-04 09:33:00+00:00, run_after=2026-02-04 09:34:00+00:00
[2026-02-04T09:33:44.617+0000] {processor.py:183} INFO - Processing /opt/airflow/dags/minio_to_snowflake.py took 1.330 seconds
[2026-02-04T09:34:14.994+0000] {processor.py:161} INFO - Started process (PID=55805) to work on /opt/airflow/dags/minio_to_snowflake.py
[2026-02-04T09:34:14.997+0000] {processor.py:830} INFO - Processing file /opt/airflow/dags/minio_to_snowflake.py for tasks to queue
[2026-02-04T09:34:15.000+0000] {logging_mixin.py:188} INFO - [2026-02-04T09:34:14.999+0000] {dagbag.py:545} INFO - Filling up the DagBag from /opt/airflow/dags/minio_to_snowflake.py
[2026-02-04T09:34:17.490+0000] {processor.py:840} INFO - DAG(s) 'minio_to_snowflake' retrieved from /opt/airflow/dags/minio_to_snowflake.py
[2026-02-04T09:34:17.569+0000] {logging_mixin.py:188} INFO - [2026-02-04T09:34:17.568+0000] {dag.py:3089} INFO - Sync 1 DAGs
[2026-02-04T09:34:17.664+0000] {logging_mixin.py:188} INFO - [2026-02-04T09:34:17.661+0000] {dag.py:3947} INFO - Setting next_dagrun for minio_to_snowflake to 2026-02-04 09:34:00+00:00, run_after=2026-02-04 09:35:00+00:00
[2026-02-04T09:34:17.743+0000] {processor.py:183} INFO - Processing /opt/airflow/dags/minio_to_snowflake.py took 2.768 seconds
[2026-02-04T09:34:47.971+0000] {processor.py:161} INFO - Started process (PID=56140) to work on /opt/airflow/dags/minio_to_snowflake.py
[2026-02-04T09:34:47.974+0000] {processor.py:830} INFO - Processing file /opt/airflow/dags/minio_to_snowflake.py for tasks to queue
[2026-02-04T09:34:47.976+0000] {logging_mixin.py:188} INFO - [2026-02-04T09:34:47.975+0000] {dagbag.py:545} INFO - Filling up the DagBag from /opt/airflow/dags/minio_to_snowflake.py
[2026-02-04T09:34:49.325+0000] {processor.py:840} INFO - DAG(s) 'minio_to_snowflake' retrieved from /opt/airflow/dags/minio_to_snowflake.py
[2026-02-04T09:34:49.360+0000] {logging_mixin.py:188} INFO - [2026-02-04T09:34:49.358+0000] {dag.py:3089} INFO - Sync 1 DAGs
[2026-02-04T09:34:49.401+0000] {logging_mixin.py:188} INFO - [2026-02-04T09:34:49.401+0000] {dag.py:3947} INFO - Setting next_dagrun for minio_to_snowflake to 2026-02-04 09:34:00+00:00, run_after=2026-02-04 09:35:00+00:00
[2026-02-04T09:34:49.431+0000] {processor.py:183} INFO - Processing /opt/airflow/dags/minio_to_snowflake.py took 1.475 seconds
[2026-02-04T09:35:19.811+0000] {processor.py:161} INFO - Started process (PID=57467) to work on /opt/airflow/dags/minio_to_snowflake.py
[2026-02-04T09:35:19.815+0000] {processor.py:830} INFO - Processing file /opt/airflow/dags/minio_to_snowflake.py for tasks to queue
[2026-02-04T09:35:19.818+0000] {logging_mixin.py:188} INFO - [2026-02-04T09:35:19.817+0000] {dagbag.py:545} INFO - Filling up the DagBag from /opt/airflow/dags/minio_to_snowflake.py
[2026-02-04T09:35:21.999+0000] {processor.py:840} INFO - DAG(s) 'minio_to_snowflake' retrieved from /opt/airflow/dags/minio_to_snowflake.py
[2026-02-04T09:35:22.075+0000] {logging_mixin.py:188} INFO - [2026-02-04T09:35:22.074+0000] {dag.py:3089} INFO - Sync 1 DAGs
[2026-02-04T09:35:22.130+0000] {logging_mixin.py:188} INFO - [2026-02-04T09:35:22.130+0000] {dag.py:3947} INFO - Setting next_dagrun for minio_to_snowflake to 2026-02-04 09:35:00+00:00, run_after=2026-02-04 09:36:00+00:00
[2026-02-04T09:35:22.173+0000] {processor.py:183} INFO - Processing /opt/airflow/dags/minio_to_snowflake.py took 2.384 seconds
[2026-02-04T09:35:52.529+0000] {processor.py:161} INFO - Started process (PID=57797) to work on /opt/airflow/dags/minio_to_snowflake.py
[2026-02-04T09:35:52.531+0000] {processor.py:830} INFO - Processing file /opt/airflow/dags/minio_to_snowflake.py for tasks to queue
[2026-02-04T09:35:52.533+0000] {logging_mixin.py:188} INFO - [2026-02-04T09:35:52.532+0000] {dagbag.py:545} INFO - Filling up the DagBag from /opt/airflow/dags/minio_to_snowflake.py
[2026-02-04T09:35:53.456+0000] {processor.py:840} INFO - DAG(s) 'minio_to_snowflake' retrieved from /opt/airflow/dags/minio_to_snowflake.py
[2026-02-04T09:35:53.487+0000] {logging_mixin.py:188} INFO - [2026-02-04T09:35:53.487+0000] {dag.py:3089} INFO - Sync 1 DAGs
[2026-02-04T09:35:53.514+0000] {logging_mixin.py:188} INFO - [2026-02-04T09:35:53.513+0000] {dag.py:3947} INFO - Setting next_dagrun for minio_to_snowflake to 2026-02-04 09:35:00+00:00, run_after=2026-02-04 09:36:00+00:00
[2026-02-04T09:35:53.537+0000] {processor.py:183} INFO - Processing /opt/airflow/dags/minio_to_snowflake.py took 1.017 seconds
[2026-02-04T09:36:23.892+0000] {processor.py:161} INFO - Started process (PID=59090) to work on /opt/airflow/dags/minio_to_snowflake.py
[2026-02-04T09:36:23.895+0000] {processor.py:830} INFO - Processing file /opt/airflow/dags/minio_to_snowflake.py for tasks to queue
[2026-02-04T09:36:23.898+0000] {logging_mixin.py:188} INFO - [2026-02-04T09:36:23.897+0000] {dagbag.py:545} INFO - Filling up the DagBag from /opt/airflow/dags/minio_to_snowflake.py
[2026-02-04T09:36:26.070+0000] {processor.py:840} INFO - DAG(s) 'minio_to_snowflake' retrieved from /opt/airflow/dags/minio_to_snowflake.py
[2026-02-04T09:36:26.098+0000] {logging_mixin.py:188} INFO - [2026-02-04T09:36:26.098+0000] {dag.py:3089} INFO - Sync 1 DAGs
[2026-02-04T09:36:26.122+0000] {logging_mixin.py:188} INFO - [2026-02-04T09:36:26.121+0000] {dag.py:3947} INFO - Setting next_dagrun for minio_to_snowflake to 2026-02-04 09:36:00+00:00, run_after=2026-02-04 09:37:00+00:00
[2026-02-04T09:36:26.146+0000] {processor.py:183} INFO - Processing /opt/airflow/dags/minio_to_snowflake.py took 2.276 seconds
[2026-02-04T09:36:56.474+0000] {processor.py:161} INFO - Started process (PID=59403) to work on /opt/airflow/dags/minio_to_snowflake.py
[2026-02-04T09:36:56.476+0000] {processor.py:830} INFO - Processing file /opt/airflow/dags/minio_to_snowflake.py for tasks to queue
[2026-02-04T09:36:56.477+0000] {logging_mixin.py:188} INFO - [2026-02-04T09:36:56.477+0000] {dagbag.py:545} INFO - Filling up the DagBag from /opt/airflow/dags/minio_to_snowflake.py
[2026-02-04T09:36:57.463+0000] {processor.py:840} INFO - DAG(s) 'minio_to_snowflake' retrieved from /opt/airflow/dags/minio_to_snowflake.py
[2026-02-04T09:36:57.495+0000] {logging_mixin.py:188} INFO - [2026-02-04T09:36:57.494+0000] {dag.py:3089} INFO - Sync 1 DAGs
[2026-02-04T09:36:57.520+0000] {logging_mixin.py:188} INFO - [2026-02-04T09:36:57.520+0000] {dag.py:3947} INFO - Setting next_dagrun for minio_to_snowflake to 2026-02-04 09:36:00+00:00, run_after=2026-02-04 09:37:00+00:00
[2026-02-04T09:36:57.543+0000] {processor.py:183} INFO - Processing /opt/airflow/dags/minio_to_snowflake.py took 1.078 seconds
[2026-02-04T09:37:27.903+0000] {processor.py:161} INFO - Started process (PID=60681) to work on /opt/airflow/dags/minio_to_snowflake.py
[2026-02-04T09:37:27.918+0000] {processor.py:830} INFO - Processing file /opt/airflow/dags/minio_to_snowflake.py for tasks to queue
[2026-02-04T09:37:27.924+0000] {logging_mixin.py:188} INFO - [2026-02-04T09:37:27.922+0000] {dagbag.py:545} INFO - Filling up the DagBag from /opt/airflow/dags/minio_to_snowflake.py
[2026-02-04T09:37:30.785+0000] {processor.py:840} INFO - DAG(s) 'minio_to_snowflake' retrieved from /opt/airflow/dags/minio_to_snowflake.py
[2026-02-04T09:37:30.902+0000] {logging_mixin.py:188} INFO - [2026-02-04T09:37:30.900+0000] {dag.py:3089} INFO - Sync 1 DAGs
[2026-02-04T09:37:31.024+0000] {logging_mixin.py:188} INFO - [2026-02-04T09:37:31.023+0000] {dag.py:3947} INFO - Setting next_dagrun for minio_to_snowflake to 2026-02-04 09:37:00+00:00, run_after=2026-02-04 09:38:00+00:00
[2026-02-04T09:37:31.102+0000] {processor.py:183} INFO - Processing /opt/airflow/dags/minio_to_snowflake.py took 3.239 seconds
[2026-02-04T09:38:01.457+0000] {processor.py:161} INFO - Started process (PID=60955) to work on /opt/airflow/dags/minio_to_snowflake.py
[2026-02-04T09:38:01.459+0000] {processor.py:830} INFO - Processing file /opt/airflow/dags/minio_to_snowflake.py for tasks to queue
[2026-02-04T09:38:01.461+0000] {logging_mixin.py:188} INFO - [2026-02-04T09:38:01.460+0000] {dagbag.py:545} INFO - Filling up the DagBag from /opt/airflow/dags/minio_to_snowflake.py
[2026-02-04T09:38:02.551+0000] {processor.py:840} INFO - DAG(s) 'minio_to_snowflake' retrieved from /opt/airflow/dags/minio_to_snowflake.py
[2026-02-04T09:38:02.585+0000] {logging_mixin.py:188} INFO - [2026-02-04T09:38:02.584+0000] {dag.py:3089} INFO - Sync 1 DAGs
[2026-02-04T09:38:02.618+0000] {logging_mixin.py:188} INFO - [2026-02-04T09:38:02.618+0000] {dag.py:3947} INFO - Setting next_dagrun for minio_to_snowflake to 2026-02-04 09:38:00+00:00, run_after=2026-02-04 09:39:00+00:00
[2026-02-04T09:38:02.654+0000] {processor.py:183} INFO - Processing /opt/airflow/dags/minio_to_snowflake.py took 1.207 seconds
[2026-02-04T09:38:32.841+0000] {processor.py:161} INFO - Started process (PID=62252) to work on /opt/airflow/dags/minio_to_snowflake.py
[2026-02-04T09:38:32.842+0000] {processor.py:830} INFO - Processing file /opt/airflow/dags/minio_to_snowflake.py for tasks to queue
[2026-02-04T09:38:32.844+0000] {logging_mixin.py:188} INFO - [2026-02-04T09:38:32.843+0000] {dagbag.py:545} INFO - Filling up the DagBag from /opt/airflow/dags/minio_to_snowflake.py
[2026-02-04T09:38:33.955+0000] {processor.py:840} INFO - DAG(s) 'minio_to_snowflake' retrieved from /opt/airflow/dags/minio_to_snowflake.py
[2026-02-04T09:38:33.985+0000] {logging_mixin.py:188} INFO - [2026-02-04T09:38:33.984+0000] {dag.py:3089} INFO - Sync 1 DAGs
[2026-02-04T09:38:34.010+0000] {logging_mixin.py:188} INFO - [2026-02-04T09:38:34.010+0000] {dag.py:3947} INFO - Setting next_dagrun for minio_to_snowflake to 2026-02-04 09:38:00+00:00, run_after=2026-02-04 09:39:00+00:00
[2026-02-04T09:38:34.033+0000] {processor.py:183} INFO - Processing /opt/airflow/dags/minio_to_snowflake.py took 1.202 seconds
[2026-02-04T09:39:04.362+0000] {processor.py:161} INFO - Started process (PID=62742) to work on /opt/airflow/dags/minio_to_snowflake.py
[2026-02-04T09:39:04.363+0000] {processor.py:830} INFO - Processing file /opt/airflow/dags/minio_to_snowflake.py for tasks to queue
[2026-02-04T09:39:04.365+0000] {logging_mixin.py:188} INFO - [2026-02-04T09:39:04.365+0000] {dagbag.py:545} INFO - Filling up the DagBag from /opt/airflow/dags/minio_to_snowflake.py
[2026-02-04T09:39:05.444+0000] {processor.py:840} INFO - DAG(s) 'minio_to_snowflake' retrieved from /opt/airflow/dags/minio_to_snowflake.py
[2026-02-04T09:39:05.483+0000] {logging_mixin.py:188} INFO - [2026-02-04T09:39:05.482+0000] {dag.py:3089} INFO - Sync 1 DAGs
[2026-02-04T09:39:05.516+0000] {logging_mixin.py:188} INFO - [2026-02-04T09:39:05.516+0000] {dag.py:3947} INFO - Setting next_dagrun for minio_to_snowflake to 2026-02-04 09:39:00+00:00, run_after=2026-02-04 09:40:00+00:00
[2026-02-04T09:39:05.545+0000] {processor.py:183} INFO - Processing /opt/airflow/dags/minio_to_snowflake.py took 1.192 seconds
[2026-02-04T09:39:35.786+0000] {processor.py:161} INFO - Started process (PID=63831) to work on /opt/airflow/dags/minio_to_snowflake.py
[2026-02-04T09:39:35.788+0000] {processor.py:830} INFO - Processing file /opt/airflow/dags/minio_to_snowflake.py for tasks to queue
[2026-02-04T09:39:35.790+0000] {logging_mixin.py:188} INFO - [2026-02-04T09:39:35.789+0000] {dagbag.py:545} INFO - Filling up the DagBag from /opt/airflow/dags/minio_to_snowflake.py
[2026-02-04T09:39:36.971+0000] {processor.py:840} INFO - DAG(s) 'minio_to_snowflake' retrieved from /opt/airflow/dags/minio_to_snowflake.py
[2026-02-04T09:39:37.007+0000] {logging_mixin.py:188} INFO - [2026-02-04T09:39:37.006+0000] {dag.py:3089} INFO - Sync 1 DAGs
[2026-02-04T09:39:37.031+0000] {logging_mixin.py:188} INFO - [2026-02-04T09:39:37.031+0000] {dag.py:3947} INFO - Setting next_dagrun for minio_to_snowflake to 2026-02-04 09:39:00+00:00, run_after=2026-02-04 09:40:00+00:00
[2026-02-04T09:39:37.054+0000] {processor.py:183} INFO - Processing /opt/airflow/dags/minio_to_snowflake.py took 1.279 seconds
[2026-02-04T09:40:07.295+0000] {processor.py:161} INFO - Started process (PID=64805) to work on /opt/airflow/dags/minio_to_snowflake.py
[2026-02-04T09:40:07.298+0000] {processor.py:830} INFO - Processing file /opt/airflow/dags/minio_to_snowflake.py for tasks to queue
[2026-02-04T09:40:07.301+0000] {logging_mixin.py:188} INFO - [2026-02-04T09:40:07.300+0000] {dagbag.py:545} INFO - Filling up the DagBag from /opt/airflow/dags/minio_to_snowflake.py
[2026-02-04T09:40:10.388+0000] {processor.py:840} INFO - DAG(s) 'minio_to_snowflake' retrieved from /opt/airflow/dags/minio_to_snowflake.py
[2026-02-04T09:40:10.479+0000] {logging_mixin.py:188} INFO - [2026-02-04T09:40:10.478+0000] {dag.py:3089} INFO - Sync 1 DAGs
[2026-02-04T09:40:10.551+0000] {logging_mixin.py:188} INFO - [2026-02-04T09:40:10.551+0000] {dag.py:3947} INFO - Setting next_dagrun for minio_to_snowflake to 2026-02-04 09:40:00+00:00, run_after=2026-02-04 09:41:00+00:00
[2026-02-04T09:40:10.611+0000] {processor.py:183} INFO - Processing /opt/airflow/dags/minio_to_snowflake.py took 3.336 seconds
[2026-02-04T09:40:40.868+0000] {processor.py:161} INFO - Started process (PID=65365) to work on /opt/airflow/dags/minio_to_snowflake.py
[2026-02-04T09:40:40.869+0000] {processor.py:830} INFO - Processing file /opt/airflow/dags/minio_to_snowflake.py for tasks to queue
[2026-02-04T09:40:40.871+0000] {logging_mixin.py:188} INFO - [2026-02-04T09:40:40.870+0000] {dagbag.py:545} INFO - Filling up the DagBag from /opt/airflow/dags/minio_to_snowflake.py
[2026-02-04T09:40:41.887+0000] {processor.py:840} INFO - DAG(s) 'minio_to_snowflake' retrieved from /opt/airflow/dags/minio_to_snowflake.py
[2026-02-04T09:40:41.919+0000] {logging_mixin.py:188} INFO - [2026-02-04T09:40:41.918+0000] {dag.py:3089} INFO - Sync 1 DAGs
[2026-02-04T09:40:41.943+0000] {logging_mixin.py:188} INFO - [2026-02-04T09:40:41.943+0000] {dag.py:3947} INFO - Setting next_dagrun for minio_to_snowflake to 2026-02-04 09:40:00+00:00, run_after=2026-02-04 09:41:00+00:00
[2026-02-04T09:40:41.968+0000] {processor.py:183} INFO - Processing /opt/airflow/dags/minio_to_snowflake.py took 1.112 seconds
[2026-02-04T09:41:12.251+0000] {processor.py:161} INFO - Started process (PID=66631) to work on /opt/airflow/dags/minio_to_snowflake.py
[2026-02-04T09:41:12.254+0000] {processor.py:830} INFO - Processing file /opt/airflow/dags/minio_to_snowflake.py for tasks to queue
[2026-02-04T09:41:12.256+0000] {logging_mixin.py:188} INFO - [2026-02-04T09:41:12.255+0000] {dagbag.py:545} INFO - Filling up the DagBag from /opt/airflow/dags/minio_to_snowflake.py
[2026-02-04T09:41:14.931+0000] {processor.py:840} INFO - DAG(s) 'minio_to_snowflake' retrieved from /opt/airflow/dags/minio_to_snowflake.py
[2026-02-04T09:41:15.040+0000] {logging_mixin.py:188} INFO - [2026-02-04T09:41:15.038+0000] {dag.py:3089} INFO - Sync 1 DAGs
[2026-02-04T09:41:15.152+0000] {logging_mixin.py:188} INFO - [2026-02-04T09:41:15.152+0000] {dag.py:3947} INFO - Setting next_dagrun for minio_to_snowflake to 2026-02-04 09:41:00+00:00, run_after=2026-02-04 09:42:00+00:00
[2026-02-04T09:41:15.211+0000] {processor.py:183} INFO - Processing /opt/airflow/dags/minio_to_snowflake.py took 2.986 seconds
[2026-02-04T09:41:45.832+0000] {processor.py:161} INFO - Started process (PID=66933) to work on /opt/airflow/dags/minio_to_snowflake.py
[2026-02-04T09:41:45.835+0000] {processor.py:830} INFO - Processing file /opt/airflow/dags/minio_to_snowflake.py for tasks to queue
[2026-02-04T09:41:45.838+0000] {logging_mixin.py:188} INFO - [2026-02-04T09:41:45.837+0000] {dagbag.py:545} INFO - Filling up the DagBag from /opt/airflow/dags/minio_to_snowflake.py
[2026-02-04T09:41:46.947+0000] {processor.py:840} INFO - DAG(s) 'minio_to_snowflake' retrieved from /opt/airflow/dags/minio_to_snowflake.py
[2026-02-04T09:41:46.977+0000] {logging_mixin.py:188} INFO - [2026-02-04T09:41:46.976+0000] {dag.py:3089} INFO - Sync 1 DAGs
[2026-02-04T09:41:47.001+0000] {logging_mixin.py:188} INFO - [2026-02-04T09:41:47.001+0000] {dag.py:3947} INFO - Setting next_dagrun for minio_to_snowflake to 2026-02-04 09:41:00+00:00, run_after=2026-02-04 09:42:00+00:00
[2026-02-04T09:41:47.023+0000] {processor.py:183} INFO - Processing /opt/airflow/dags/minio_to_snowflake.py took 1.204 seconds
[2026-02-04T09:42:17.242+0000] {processor.py:161} INFO - Started process (PID=68199) to work on /opt/airflow/dags/minio_to_snowflake.py
[2026-02-04T09:42:17.245+0000] {processor.py:830} INFO - Processing file /opt/airflow/dags/minio_to_snowflake.py for tasks to queue
[2026-02-04T09:42:17.248+0000] {logging_mixin.py:188} INFO - [2026-02-04T09:42:17.247+0000] {dagbag.py:545} INFO - Filling up the DagBag from /opt/airflow/dags/minio_to_snowflake.py
[2026-02-04T09:42:20.138+0000] {processor.py:840} INFO - DAG(s) 'minio_to_snowflake' retrieved from /opt/airflow/dags/minio_to_snowflake.py
[2026-02-04T09:42:20.286+0000] {logging_mixin.py:188} INFO - [2026-02-04T09:42:20.285+0000] {dag.py:3089} INFO - Sync 1 DAGs
[2026-02-04T09:42:20.385+0000] {logging_mixin.py:188} INFO - [2026-02-04T09:42:20.384+0000] {dag.py:3947} INFO - Setting next_dagrun for minio_to_snowflake to 2026-02-04 09:42:00+00:00, run_after=2026-02-04 09:43:00+00:00
[2026-02-04T09:42:20.454+0000] {processor.py:183} INFO - Processing /opt/airflow/dags/minio_to_snowflake.py took 3.239 seconds
[2026-02-04T09:42:51.363+0000] {processor.py:161} INFO - Started process (PID=68514) to work on /opt/airflow/dags/minio_to_snowflake.py
[2026-02-04T09:42:51.372+0000] {processor.py:830} INFO - Processing file /opt/airflow/dags/minio_to_snowflake.py for tasks to queue
[2026-02-04T09:42:51.379+0000] {logging_mixin.py:188} INFO - [2026-02-04T09:42:51.377+0000] {dagbag.py:545} INFO - Filling up the DagBag from /opt/airflow/dags/minio_to_snowflake.py
[2026-02-04T09:42:55.283+0000] {processor.py:840} INFO - DAG(s) 'minio_to_snowflake' retrieved from /opt/airflow/dags/minio_to_snowflake.py
[2026-02-04T09:42:55.330+0000] {logging_mixin.py:188} INFO - [2026-02-04T09:42:55.329+0000] {dag.py:3089} INFO - Sync 1 DAGs
[2026-02-04T09:42:55.361+0000] {logging_mixin.py:188} INFO - [2026-02-04T09:42:55.360+0000] {dag.py:3947} INFO - Setting next_dagrun for minio_to_snowflake to 2026-02-04 09:42:00+00:00, run_after=2026-02-04 09:43:00+00:00
[2026-02-04T09:42:55.386+0000] {processor.py:183} INFO - Processing /opt/airflow/dags/minio_to_snowflake.py took 4.055 seconds
[2026-02-04T09:43:25.706+0000] {processor.py:161} INFO - Started process (PID=69837) to work on /opt/airflow/dags/minio_to_snowflake.py
[2026-02-04T09:43:25.713+0000] {processor.py:830} INFO - Processing file /opt/airflow/dags/minio_to_snowflake.py for tasks to queue
[2026-02-04T09:43:25.719+0000] {logging_mixin.py:188} INFO - [2026-02-04T09:43:25.716+0000] {dagbag.py:545} INFO - Filling up the DagBag from /opt/airflow/dags/minio_to_snowflake.py
[2026-02-04T09:43:27.320+0000] {processor.py:840} INFO - DAG(s) 'minio_to_snowflake' retrieved from /opt/airflow/dags/minio_to_snowflake.py
[2026-02-04T09:43:27.366+0000] {logging_mixin.py:188} INFO - [2026-02-04T09:43:27.364+0000] {dag.py:3089} INFO - Sync 1 DAGs
[2026-02-04T09:43:27.407+0000] {logging_mixin.py:188} INFO - [2026-02-04T09:43:27.407+0000] {dag.py:3947} INFO - Setting next_dagrun for minio_to_snowflake to 2026-02-04 09:43:00+00:00, run_after=2026-02-04 09:44:00+00:00
[2026-02-04T09:43:27.441+0000] {processor.py:183} INFO - Processing /opt/airflow/dags/minio_to_snowflake.py took 1.756 seconds
[2026-02-04T09:43:57.913+0000] {processor.py:161} INFO - Started process (PID=70131) to work on /opt/airflow/dags/minio_to_snowflake.py
[2026-02-04T09:43:57.915+0000] {processor.py:830} INFO - Processing file /opt/airflow/dags/minio_to_snowflake.py for tasks to queue
[2026-02-04T09:43:57.918+0000] {logging_mixin.py:188} INFO - [2026-02-04T09:43:57.917+0000] {dagbag.py:545} INFO - Filling up the DagBag from /opt/airflow/dags/minio_to_snowflake.py
[2026-02-04T09:43:59.188+0000] {processor.py:840} INFO - DAG(s) 'minio_to_snowflake' retrieved from /opt/airflow/dags/minio_to_snowflake.py
[2026-02-04T09:43:59.231+0000] {logging_mixin.py:188} INFO - [2026-02-04T09:43:59.230+0000] {dag.py:3089} INFO - Sync 1 DAGs
[2026-02-04T09:43:59.277+0000] {logging_mixin.py:188} INFO - [2026-02-04T09:43:59.277+0000] {dag.py:3947} INFO - Setting next_dagrun for minio_to_snowflake to 2026-02-04 09:43:00+00:00, run_after=2026-02-04 09:44:00+00:00
[2026-02-04T09:43:59.303+0000] {processor.py:183} INFO - Processing /opt/airflow/dags/minio_to_snowflake.py took 1.412 seconds
[2026-02-04T09:44:29.490+0000] {processor.py:161} INFO - Started process (PID=71428) to work on /opt/airflow/dags/minio_to_snowflake.py
[2026-02-04T09:44:29.494+0000] {processor.py:830} INFO - Processing file /opt/airflow/dags/minio_to_snowflake.py for tasks to queue
[2026-02-04T09:44:29.498+0000] {logging_mixin.py:188} INFO - [2026-02-04T09:44:29.496+0000] {dagbag.py:545} INFO - Filling up the DagBag from /opt/airflow/dags/minio_to_snowflake.py
[2026-02-04T09:44:30.554+0000] {processor.py:840} INFO - DAG(s) 'minio_to_snowflake' retrieved from /opt/airflow/dags/minio_to_snowflake.py
[2026-02-04T09:44:30.599+0000] {logging_mixin.py:188} INFO - [2026-02-04T09:44:30.598+0000] {dag.py:3089} INFO - Sync 1 DAGs
[2026-02-04T09:44:30.626+0000] {logging_mixin.py:188} INFO - [2026-02-04T09:44:30.626+0000] {dag.py:3947} INFO - Setting next_dagrun for minio_to_snowflake to 2026-02-04 09:44:00+00:00, run_after=2026-02-04 09:45:00+00:00
[2026-02-04T09:44:30.654+0000] {processor.py:183} INFO - Processing /opt/airflow/dags/minio_to_snowflake.py took 1.209 seconds
[2026-02-04T09:45:00.898+0000] {processor.py:161} INFO - Started process (PID=71701) to work on /opt/airflow/dags/minio_to_snowflake.py
[2026-02-04T09:45:00.903+0000] {processor.py:830} INFO - Processing file /opt/airflow/dags/minio_to_snowflake.py for tasks to queue
[2026-02-04T09:45:00.905+0000] {logging_mixin.py:188} INFO - [2026-02-04T09:45:00.904+0000] {dagbag.py:545} INFO - Filling up the DagBag from /opt/airflow/dags/minio_to_snowflake.py
[2026-02-04T09:45:01.936+0000] {processor.py:840} INFO - DAG(s) 'minio_to_snowflake' retrieved from /opt/airflow/dags/minio_to_snowflake.py
[2026-02-04T09:45:01.968+0000] {logging_mixin.py:188} INFO - [2026-02-04T09:45:01.967+0000] {dag.py:3089} INFO - Sync 1 DAGs
[2026-02-04T09:45:01.992+0000] {logging_mixin.py:188} INFO - [2026-02-04T09:45:01.992+0000] {dag.py:3947} INFO - Setting next_dagrun for minio_to_snowflake to 2026-02-04 09:45:00+00:00, run_after=2026-02-04 09:46:00+00:00
[2026-02-04T09:45:02.027+0000] {processor.py:183} INFO - Processing /opt/airflow/dags/minio_to_snowflake.py took 1.138 seconds
[2026-02-04T09:45:32.228+0000] {processor.py:161} INFO - Started process (PID=72994) to work on /opt/airflow/dags/minio_to_snowflake.py
[2026-02-04T09:45:32.230+0000] {processor.py:830} INFO - Processing file /opt/airflow/dags/minio_to_snowflake.py for tasks to queue
[2026-02-04T09:45:32.231+0000] {logging_mixin.py:188} INFO - [2026-02-04T09:45:32.231+0000] {dagbag.py:545} INFO - Filling up the DagBag from /opt/airflow/dags/minio_to_snowflake.py
[2026-02-04T09:45:33.141+0000] {processor.py:840} INFO - DAG(s) 'minio_to_snowflake' retrieved from /opt/airflow/dags/minio_to_snowflake.py
[2026-02-04T09:45:33.170+0000] {logging_mixin.py:188} INFO - [2026-02-04T09:45:33.169+0000] {dag.py:3089} INFO - Sync 1 DAGs
[2026-02-04T09:45:33.198+0000] {logging_mixin.py:188} INFO - [2026-02-04T09:45:33.197+0000] {dag.py:3947} INFO - Setting next_dagrun for minio_to_snowflake to 2026-02-04 09:45:00+00:00, run_after=2026-02-04 09:46:00+00:00
[2026-02-04T09:45:33.219+0000] {processor.py:183} INFO - Processing /opt/airflow/dags/minio_to_snowflake.py took 1.001 seconds
[2026-02-04T09:46:03.499+0000] {processor.py:161} INFO - Started process (PID=73510) to work on /opt/airflow/dags/minio_to_snowflake.py
[2026-02-04T09:46:03.500+0000] {processor.py:830} INFO - Processing file /opt/airflow/dags/minio_to_snowflake.py for tasks to queue
[2026-02-04T09:46:03.502+0000] {logging_mixin.py:188} INFO - [2026-02-04T09:46:03.501+0000] {dagbag.py:545} INFO - Filling up the DagBag from /opt/airflow/dags/minio_to_snowflake.py
[2026-02-04T09:46:04.557+0000] {processor.py:840} INFO - DAG(s) 'minio_to_snowflake' retrieved from /opt/airflow/dags/minio_to_snowflake.py
[2026-02-04T09:46:04.588+0000] {logging_mixin.py:188} INFO - [2026-02-04T09:46:04.587+0000] {dag.py:3089} INFO - Sync 1 DAGs
[2026-02-04T09:46:04.617+0000] {logging_mixin.py:188} INFO - [2026-02-04T09:46:04.617+0000] {dag.py:3947} INFO - Setting next_dagrun for minio_to_snowflake to 2026-02-04 09:46:00+00:00, run_after=2026-02-04 09:47:00+00:00
[2026-02-04T09:46:04.645+0000] {processor.py:183} INFO - Processing /opt/airflow/dags/minio_to_snowflake.py took 1.157 seconds
[2026-02-04T09:46:34.953+0000] {processor.py:161} INFO - Started process (PID=74598) to work on /opt/airflow/dags/minio_to_snowflake.py
[2026-02-04T09:46:34.955+0000] {processor.py:830} INFO - Processing file /opt/airflow/dags/minio_to_snowflake.py for tasks to queue
[2026-02-04T09:46:34.956+0000] {logging_mixin.py:188} INFO - [2026-02-04T09:46:34.956+0000] {dagbag.py:545} INFO - Filling up the DagBag from /opt/airflow/dags/minio_to_snowflake.py
[2026-02-04T09:46:35.885+0000] {processor.py:840} INFO - DAG(s) 'minio_to_snowflake' retrieved from /opt/airflow/dags/minio_to_snowflake.py
[2026-02-04T09:46:35.932+0000] {logging_mixin.py:188} INFO - [2026-02-04T09:46:35.931+0000] {dag.py:3089} INFO - Sync 1 DAGs
[2026-02-04T09:46:35.977+0000] {logging_mixin.py:188} INFO - [2026-02-04T09:46:35.977+0000] {dag.py:3947} INFO - Setting next_dagrun for minio_to_snowflake to 2026-02-04 09:46:00+00:00, run_after=2026-02-04 09:47:00+00:00
[2026-02-04T09:46:36.038+0000] {processor.py:183} INFO - Processing /opt/airflow/dags/minio_to_snowflake.py took 1.093 seconds
[2026-02-04T09:47:06.283+0000] {processor.py:161} INFO - Started process (PID=75586) to work on /opt/airflow/dags/minio_to_snowflake.py
[2026-02-04T09:47:06.286+0000] {processor.py:830} INFO - Processing file /opt/airflow/dags/minio_to_snowflake.py for tasks to queue
[2026-02-04T09:47:06.288+0000] {logging_mixin.py:188} INFO - [2026-02-04T09:47:06.288+0000] {dagbag.py:545} INFO - Filling up the DagBag from /opt/airflow/dags/minio_to_snowflake.py
[2026-02-04T09:47:07.406+0000] {processor.py:840} INFO - DAG(s) 'minio_to_snowflake' retrieved from /opt/airflow/dags/minio_to_snowflake.py
[2026-02-04T09:47:07.439+0000] {logging_mixin.py:188} INFO - [2026-02-04T09:47:07.438+0000] {dag.py:3089} INFO - Sync 1 DAGs
[2026-02-04T09:47:07.465+0000] {logging_mixin.py:188} INFO - [2026-02-04T09:47:07.465+0000] {dag.py:3947} INFO - Setting next_dagrun for minio_to_snowflake to 2026-02-04 09:47:00+00:00, run_after=2026-02-04 09:48:00+00:00
[2026-02-04T09:47:07.491+0000] {processor.py:183} INFO - Processing /opt/airflow/dags/minio_to_snowflake.py took 1.223 seconds
[2026-02-04T09:47:37.808+0000] {processor.py:161} INFO - Started process (PID=76158) to work on /opt/airflow/dags/minio_to_snowflake.py
[2026-02-04T09:47:37.810+0000] {processor.py:830} INFO - Processing file /opt/airflow/dags/minio_to_snowflake.py for tasks to queue
[2026-02-04T09:47:37.811+0000] {logging_mixin.py:188} INFO - [2026-02-04T09:47:37.811+0000] {dagbag.py:545} INFO - Filling up the DagBag from /opt/airflow/dags/minio_to_snowflake.py
[2026-02-04T09:47:39.058+0000] {processor.py:840} INFO - DAG(s) 'minio_to_snowflake' retrieved from /opt/airflow/dags/minio_to_snowflake.py
[2026-02-04T09:47:39.089+0000] {logging_mixin.py:188} INFO - [2026-02-04T09:47:39.088+0000] {dag.py:3089} INFO - Sync 1 DAGs
[2026-02-04T09:47:39.114+0000] {logging_mixin.py:188} INFO - [2026-02-04T09:47:39.114+0000] {dag.py:3947} INFO - Setting next_dagrun for minio_to_snowflake to 2026-02-04 09:47:00+00:00, run_after=2026-02-04 09:48:00+00:00
[2026-02-04T09:47:39.142+0000] {processor.py:183} INFO - Processing /opt/airflow/dags/minio_to_snowflake.py took 1.346 seconds
[2026-02-04T09:48:09.509+0000] {processor.py:161} INFO - Started process (PID=77442) to work on /opt/airflow/dags/minio_to_snowflake.py
[2026-02-04T09:48:09.518+0000] {processor.py:830} INFO - Processing file /opt/airflow/dags/minio_to_snowflake.py for tasks to queue
[2026-02-04T09:48:09.522+0000] {logging_mixin.py:188} INFO - [2026-02-04T09:48:09.521+0000] {dagbag.py:545} INFO - Filling up the DagBag from /opt/airflow/dags/minio_to_snowflake.py
[2026-02-04T09:48:11.878+0000] {processor.py:840} INFO - DAG(s) 'minio_to_snowflake' retrieved from /opt/airflow/dags/minio_to_snowflake.py
[2026-02-04T09:48:11.948+0000] {logging_mixin.py:188} INFO - [2026-02-04T09:48:11.946+0000] {dag.py:3089} INFO - Sync 1 DAGs
[2026-02-04T09:48:12.023+0000] {logging_mixin.py:188} INFO - [2026-02-04T09:48:12.023+0000] {dag.py:3947} INFO - Setting next_dagrun for minio_to_snowflake to 2026-02-04 09:48:00+00:00, run_after=2026-02-04 09:49:00+00:00
[2026-02-04T09:48:12.080+0000] {processor.py:183} INFO - Processing /opt/airflow/dags/minio_to_snowflake.py took 2.594 seconds
[2026-02-04T09:48:42.387+0000] {processor.py:161} INFO - Started process (PID=77742) to work on /opt/airflow/dags/minio_to_snowflake.py
[2026-02-04T09:48:42.389+0000] {processor.py:830} INFO - Processing file /opt/airflow/dags/minio_to_snowflake.py for tasks to queue
[2026-02-04T09:48:42.392+0000] {logging_mixin.py:188} INFO - [2026-02-04T09:48:42.391+0000] {dagbag.py:545} INFO - Filling up the DagBag from /opt/airflow/dags/minio_to_snowflake.py
[2026-02-04T09:48:43.312+0000] {processor.py:840} INFO - DAG(s) 'minio_to_snowflake' retrieved from /opt/airflow/dags/minio_to_snowflake.py
[2026-02-04T09:48:43.345+0000] {logging_mixin.py:188} INFO - [2026-02-04T09:48:43.344+0000] {dag.py:3089} INFO - Sync 1 DAGs
[2026-02-04T09:48:43.373+0000] {logging_mixin.py:188} INFO - [2026-02-04T09:48:43.373+0000] {dag.py:3947} INFO - Setting next_dagrun for minio_to_snowflake to 2026-02-04 09:48:00+00:00, run_after=2026-02-04 09:49:00+00:00
[2026-02-04T09:48:43.399+0000] {processor.py:183} INFO - Processing /opt/airflow/dags/minio_to_snowflake.py took 1.022 seconds
[2026-02-04T09:49:13.794+0000] {processor.py:161} INFO - Started process (PID=79028) to work on /opt/airflow/dags/minio_to_snowflake.py
[2026-02-04T09:49:13.796+0000] {processor.py:830} INFO - Processing file /opt/airflow/dags/minio_to_snowflake.py for tasks to queue
[2026-02-04T09:49:13.800+0000] {logging_mixin.py:188} INFO - [2026-02-04T09:49:13.798+0000] {dagbag.py:545} INFO - Filling up the DagBag from /opt/airflow/dags/minio_to_snowflake.py
[2026-02-04T09:49:16.253+0000] {processor.py:840} INFO - DAG(s) 'minio_to_snowflake' retrieved from /opt/airflow/dags/minio_to_snowflake.py
[2026-02-04T09:49:16.501+0000] {logging_mixin.py:188} INFO - [2026-02-04T09:49:16.498+0000] {dag.py:3089} INFO - Sync 1 DAGs
[2026-02-04T09:49:16.683+0000] {logging_mixin.py:188} INFO - [2026-02-04T09:49:16.682+0000] {dag.py:3947} INFO - Setting next_dagrun for minio_to_snowflake to 2026-02-04 09:49:00+00:00, run_after=2026-02-04 09:50:00+00:00
[2026-02-04T09:49:16.774+0000] {processor.py:183} INFO - Processing /opt/airflow/dags/minio_to_snowflake.py took 2.999 seconds
[2026-02-04T09:49:47.134+0000] {processor.py:161} INFO - Started process (PID=79334) to work on /opt/airflow/dags/minio_to_snowflake.py
[2026-02-04T09:49:47.136+0000] {processor.py:830} INFO - Processing file /opt/airflow/dags/minio_to_snowflake.py for tasks to queue
[2026-02-04T09:49:47.138+0000] {logging_mixin.py:188} INFO - [2026-02-04T09:49:47.137+0000] {dagbag.py:545} INFO - Filling up the DagBag from /opt/airflow/dags/minio_to_snowflake.py
[2026-02-04T09:49:48.070+0000] {processor.py:840} INFO - DAG(s) 'minio_to_snowflake' retrieved from /opt/airflow/dags/minio_to_snowflake.py
[2026-02-04T09:49:48.101+0000] {logging_mixin.py:188} INFO - [2026-02-04T09:49:48.101+0000] {dag.py:3089} INFO - Sync 1 DAGs
[2026-02-04T09:49:48.127+0000] {logging_mixin.py:188} INFO - [2026-02-04T09:49:48.127+0000] {dag.py:3947} INFO - Setting next_dagrun for minio_to_snowflake to 2026-02-04 09:49:00+00:00, run_after=2026-02-04 09:50:00+00:00
[2026-02-04T09:49:48.153+0000] {processor.py:183} INFO - Processing /opt/airflow/dags/minio_to_snowflake.py took 1.028 seconds
[2026-02-04T09:50:18.416+0000] {processor.py:161} INFO - Started process (PID=80635) to work on /opt/airflow/dags/minio_to_snowflake.py
[2026-02-04T09:50:18.418+0000] {processor.py:830} INFO - Processing file /opt/airflow/dags/minio_to_snowflake.py for tasks to queue
[2026-02-04T09:50:18.420+0000] {logging_mixin.py:188} INFO - [2026-02-04T09:50:18.419+0000] {dagbag.py:545} INFO - Filling up the DagBag from /opt/airflow/dags/minio_to_snowflake.py
[2026-02-04T09:50:19.624+0000] {processor.py:840} INFO - DAG(s) 'minio_to_snowflake' retrieved from /opt/airflow/dags/minio_to_snowflake.py
[2026-02-04T09:50:19.676+0000] {logging_mixin.py:188} INFO - [2026-02-04T09:50:19.675+0000] {dag.py:3089} INFO - Sync 1 DAGs
[2026-02-04T09:50:19.720+0000] {logging_mixin.py:188} INFO - [2026-02-04T09:50:19.720+0000] {dag.py:3947} INFO - Setting next_dagrun for minio_to_snowflake to 2026-02-04 09:50:00+00:00, run_after=2026-02-04 09:51:00+00:00
[2026-02-04T09:50:19.761+0000] {processor.py:183} INFO - Processing /opt/airflow/dags/minio_to_snowflake.py took 1.357 seconds
[2026-02-04T09:50:49.900+0000] {processor.py:161} INFO - Started process (PID=80914) to work on /opt/airflow/dags/minio_to_snowflake.py
[2026-02-04T09:50:49.901+0000] {processor.py:830} INFO - Processing file /opt/airflow/dags/minio_to_snowflake.py for tasks to queue
[2026-02-04T09:50:49.903+0000] {logging_mixin.py:188} INFO - [2026-02-04T09:50:49.902+0000] {dagbag.py:545} INFO - Filling up the DagBag from /opt/airflow/dags/minio_to_snowflake.py
[2026-02-04T09:50:50.828+0000] {processor.py:840} INFO - DAG(s) 'minio_to_snowflake' retrieved from /opt/airflow/dags/minio_to_snowflake.py
[2026-02-04T09:50:50.859+0000] {logging_mixin.py:188} INFO - [2026-02-04T09:50:50.859+0000] {dag.py:3089} INFO - Sync 1 DAGs
[2026-02-04T09:50:50.885+0000] {logging_mixin.py:188} INFO - [2026-02-04T09:50:50.885+0000] {dag.py:3947} INFO - Setting next_dagrun for minio_to_snowflake to 2026-02-04 09:50:00+00:00, run_after=2026-02-04 09:51:00+00:00
[2026-02-04T09:50:50.910+0000] {processor.py:183} INFO - Processing /opt/airflow/dags/minio_to_snowflake.py took 1.022 seconds
[2026-02-04T09:51:21.225+0000] {processor.py:161} INFO - Started process (PID=82212) to work on /opt/airflow/dags/minio_to_snowflake.py
[2026-02-04T09:51:21.231+0000] {processor.py:830} INFO - Processing file /opt/airflow/dags/minio_to_snowflake.py for tasks to queue
[2026-02-04T09:51:21.234+0000] {logging_mixin.py:188} INFO - [2026-02-04T09:51:21.233+0000] {dagbag.py:545} INFO - Filling up the DagBag from /opt/airflow/dags/minio_to_snowflake.py
[2026-02-04T09:51:23.895+0000] {processor.py:840} INFO - DAG(s) 'minio_to_snowflake' retrieved from /opt/airflow/dags/minio_to_snowflake.py
[2026-02-04T09:51:23.959+0000] {logging_mixin.py:188} INFO - [2026-02-04T09:51:23.958+0000] {dag.py:3089} INFO - Sync 1 DAGs
[2026-02-04T09:51:24.014+0000] {logging_mixin.py:188} INFO - [2026-02-04T09:51:24.013+0000] {dag.py:3947} INFO - Setting next_dagrun for minio_to_snowflake to 2026-02-04 09:51:00+00:00, run_after=2026-02-04 09:52:00+00:00
[2026-02-04T09:51:24.055+0000] {processor.py:183} INFO - Processing /opt/airflow/dags/minio_to_snowflake.py took 2.848 seconds
[2026-02-04T09:51:54.443+0000] {processor.py:161} INFO - Started process (PID=82502) to work on /opt/airflow/dags/minio_to_snowflake.py
[2026-02-04T09:51:54.445+0000] {processor.py:830} INFO - Processing file /opt/airflow/dags/minio_to_snowflake.py for tasks to queue
[2026-02-04T09:51:54.447+0000] {logging_mixin.py:188} INFO - [2026-02-04T09:51:54.446+0000] {dagbag.py:545} INFO - Filling up the DagBag from /opt/airflow/dags/minio_to_snowflake.py
[2026-02-04T09:51:55.410+0000] {processor.py:840} INFO - DAG(s) 'minio_to_snowflake' retrieved from /opt/airflow/dags/minio_to_snowflake.py
[2026-02-04T09:51:55.449+0000] {logging_mixin.py:188} INFO - [2026-02-04T09:51:55.446+0000] {dag.py:3089} INFO - Sync 1 DAGs
[2026-02-04T09:51:55.475+0000] {logging_mixin.py:188} INFO - [2026-02-04T09:51:55.474+0000] {dag.py:3947} INFO - Setting next_dagrun for minio_to_snowflake to 2026-02-04 09:51:00+00:00, run_after=2026-02-04 09:52:00+00:00
[2026-02-04T09:51:55.500+0000] {processor.py:183} INFO - Processing /opt/airflow/dags/minio_to_snowflake.py took 1.068 seconds
[2026-02-04T09:52:25.892+0000] {processor.py:161} INFO - Started process (PID=83795) to work on /opt/airflow/dags/minio_to_snowflake.py
[2026-02-04T09:52:25.894+0000] {processor.py:830} INFO - Processing file /opt/airflow/dags/minio_to_snowflake.py for tasks to queue
[2026-02-04T09:52:25.896+0000] {logging_mixin.py:188} INFO - [2026-02-04T09:52:25.895+0000] {dagbag.py:545} INFO - Filling up the DagBag from /opt/airflow/dags/minio_to_snowflake.py
[2026-02-04T09:52:27.028+0000] {processor.py:840} INFO - DAG(s) 'minio_to_snowflake' retrieved from /opt/airflow/dags/minio_to_snowflake.py
[2026-02-04T09:52:27.061+0000] {logging_mixin.py:188} INFO - [2026-02-04T09:52:27.061+0000] {dag.py:3089} INFO - Sync 1 DAGs
[2026-02-04T09:52:27.088+0000] {logging_mixin.py:188} INFO - [2026-02-04T09:52:27.087+0000] {dag.py:3947} INFO - Setting next_dagrun for minio_to_snowflake to 2026-02-04 09:52:00+00:00, run_after=2026-02-04 09:53:00+00:00
[2026-02-04T09:52:27.114+0000] {processor.py:183} INFO - Processing /opt/airflow/dags/minio_to_snowflake.py took 1.232 seconds
[2026-02-04T09:52:57.399+0000] {processor.py:161} INFO - Started process (PID=84065) to work on /opt/airflow/dags/minio_to_snowflake.py
[2026-02-04T09:52:57.401+0000] {processor.py:830} INFO - Processing file /opt/airflow/dags/minio_to_snowflake.py for tasks to queue
[2026-02-04T09:52:57.403+0000] {logging_mixin.py:188} INFO - [2026-02-04T09:52:57.402+0000] {dagbag.py:545} INFO - Filling up the DagBag from /opt/airflow/dags/minio_to_snowflake.py
[2026-02-04T09:52:58.381+0000] {processor.py:840} INFO - DAG(s) 'minio_to_snowflake' retrieved from /opt/airflow/dags/minio_to_snowflake.py
[2026-02-04T09:52:58.412+0000] {logging_mixin.py:188} INFO - [2026-02-04T09:52:58.412+0000] {dag.py:3089} INFO - Sync 1 DAGs
[2026-02-04T09:52:58.437+0000] {logging_mixin.py:188} INFO - [2026-02-04T09:52:58.437+0000] {dag.py:3947} INFO - Setting next_dagrun for minio_to_snowflake to 2026-02-04 09:52:00+00:00, run_after=2026-02-04 09:53:00+00:00
[2026-02-04T09:52:58.463+0000] {processor.py:183} INFO - Processing /opt/airflow/dags/minio_to_snowflake.py took 1.073 seconds
[2026-02-04T09:53:28.755+0000] {processor.py:161} INFO - Started process (PID=85368) to work on /opt/airflow/dags/minio_to_snowflake.py
[2026-02-04T09:53:28.756+0000] {processor.py:830} INFO - Processing file /opt/airflow/dags/minio_to_snowflake.py for tasks to queue
[2026-02-04T09:53:28.757+0000] {logging_mixin.py:188} INFO - [2026-02-04T09:53:28.757+0000] {dagbag.py:545} INFO - Filling up the DagBag from /opt/airflow/dags/minio_to_snowflake.py
[2026-02-04T09:53:29.679+0000] {processor.py:840} INFO - DAG(s) 'minio_to_snowflake' retrieved from /opt/airflow/dags/minio_to_snowflake.py
[2026-02-04T09:53:29.708+0000] {logging_mixin.py:188} INFO - [2026-02-04T09:53:29.708+0000] {dag.py:3089} INFO - Sync 1 DAGs
[2026-02-04T09:53:29.735+0000] {logging_mixin.py:188} INFO - [2026-02-04T09:53:29.734+0000] {dag.py:3947} INFO - Setting next_dagrun for minio_to_snowflake to 2026-02-04 09:53:00+00:00, run_after=2026-02-04 09:54:00+00:00
[2026-02-04T09:53:29.765+0000] {processor.py:183} INFO - Processing /opt/airflow/dags/minio_to_snowflake.py took 1.020 seconds
[2026-02-04T09:54:00.121+0000] {processor.py:161} INFO - Started process (PID=85633) to work on /opt/airflow/dags/minio_to_snowflake.py
[2026-02-04T09:54:00.123+0000] {processor.py:830} INFO - Processing file /opt/airflow/dags/minio_to_snowflake.py for tasks to queue
[2026-02-04T09:54:00.124+0000] {logging_mixin.py:188} INFO - [2026-02-04T09:54:00.124+0000] {dagbag.py:545} INFO - Filling up the DagBag from /opt/airflow/dags/minio_to_snowflake.py
[2026-02-04T09:54:01.184+0000] {processor.py:840} INFO - DAG(s) 'minio_to_snowflake' retrieved from /opt/airflow/dags/minio_to_snowflake.py
[2026-02-04T09:54:01.226+0000] {logging_mixin.py:188} INFO - [2026-02-04T09:54:01.225+0000] {dag.py:3089} INFO - Sync 1 DAGs
[2026-02-04T09:54:01.254+0000] {logging_mixin.py:188} INFO - [2026-02-04T09:54:01.254+0000] {dag.py:3947} INFO - Setting next_dagrun for minio_to_snowflake to 2026-02-04 09:54:00+00:00, run_after=2026-02-04 09:55:00+00:00
[2026-02-04T09:54:01.282+0000] {processor.py:183} INFO - Processing /opt/airflow/dags/minio_to_snowflake.py took 1.171 seconds
[2026-02-04T09:54:31.411+0000] {processor.py:161} INFO - Started process (PID=86919) to work on /opt/airflow/dags/minio_to_snowflake.py
[2026-02-04T09:54:31.414+0000] {processor.py:830} INFO - Processing file /opt/airflow/dags/minio_to_snowflake.py for tasks to queue
[2026-02-04T09:54:31.416+0000] {logging_mixin.py:188} INFO - [2026-02-04T09:54:31.415+0000] {dagbag.py:545} INFO - Filling up the DagBag from /opt/airflow/dags/minio_to_snowflake.py
[2026-02-04T09:54:32.350+0000] {processor.py:840} INFO - DAG(s) 'minio_to_snowflake' retrieved from /opt/airflow/dags/minio_to_snowflake.py
[2026-02-04T09:54:32.384+0000] {logging_mixin.py:188} INFO - [2026-02-04T09:54:32.383+0000] {dag.py:3089} INFO - Sync 1 DAGs
[2026-02-04T09:54:32.409+0000] {logging_mixin.py:188} INFO - [2026-02-04T09:54:32.409+0000] {dag.py:3947} INFO - Setting next_dagrun for minio_to_snowflake to 2026-02-04 09:54:00+00:00, run_after=2026-02-04 09:55:00+00:00
[2026-02-04T09:54:32.432+0000] {processor.py:183} INFO - Processing /opt/airflow/dags/minio_to_snowflake.py took 1.031 seconds
[2026-02-04T09:55:02.653+0000] {processor.py:161} INFO - Started process (PID=87294) to work on /opt/airflow/dags/minio_to_snowflake.py
[2026-02-04T09:55:02.655+0000] {processor.py:830} INFO - Processing file /opt/airflow/dags/minio_to_snowflake.py for tasks to queue
[2026-02-04T09:55:02.656+0000] {logging_mixin.py:188} INFO - [2026-02-04T09:55:02.656+0000] {dagbag.py:545} INFO - Filling up the DagBag from /opt/airflow/dags/minio_to_snowflake.py
[2026-02-04T09:55:03.723+0000] {processor.py:840} INFO - DAG(s) 'minio_to_snowflake' retrieved from /opt/airflow/dags/minio_to_snowflake.py
[2026-02-04T09:55:03.759+0000] {logging_mixin.py:188} INFO - [2026-02-04T09:55:03.759+0000] {dag.py:3089} INFO - Sync 1 DAGs
[2026-02-04T09:55:03.789+0000] {logging_mixin.py:188} INFO - [2026-02-04T09:55:03.789+0000] {dag.py:3947} INFO - Setting next_dagrun for minio_to_snowflake to 2026-02-04 09:55:00+00:00, run_after=2026-02-04 09:56:00+00:00
[2026-02-04T09:55:03.815+0000] {processor.py:183} INFO - Processing /opt/airflow/dags/minio_to_snowflake.py took 1.172 seconds
[2026-02-04T09:55:34.128+0000] {processor.py:161} INFO - Started process (PID=88480) to work on /opt/airflow/dags/minio_to_snowflake.py
[2026-02-04T09:55:34.130+0000] {processor.py:830} INFO - Processing file /opt/airflow/dags/minio_to_snowflake.py for tasks to queue
[2026-02-04T09:55:34.132+0000] {logging_mixin.py:188} INFO - [2026-02-04T09:55:34.131+0000] {dagbag.py:545} INFO - Filling up the DagBag from /opt/airflow/dags/minio_to_snowflake.py
[2026-02-04T09:55:35.106+0000] {processor.py:840} INFO - DAG(s) 'minio_to_snowflake' retrieved from /opt/airflow/dags/minio_to_snowflake.py
[2026-02-04T09:55:35.139+0000] {logging_mixin.py:188} INFO - [2026-02-04T09:55:35.138+0000] {dag.py:3089} INFO - Sync 1 DAGs
[2026-02-04T09:55:35.164+0000] {logging_mixin.py:188} INFO - [2026-02-04T09:55:35.164+0000] {dag.py:3947} INFO - Setting next_dagrun for minio_to_snowflake to 2026-02-04 09:55:00+00:00, run_after=2026-02-04 09:56:00+00:00
[2026-02-04T09:55:35.192+0000] {processor.py:183} INFO - Processing /opt/airflow/dags/minio_to_snowflake.py took 1.074 seconds
[2026-02-04T09:56:05.455+0000] {processor.py:161} INFO - Started process (PID=89055) to work on /opt/airflow/dags/minio_to_snowflake.py
[2026-02-04T09:56:05.460+0000] {processor.py:830} INFO - Processing file /opt/airflow/dags/minio_to_snowflake.py for tasks to queue
[2026-02-04T09:56:05.464+0000] {logging_mixin.py:188} INFO - [2026-02-04T09:56:05.463+0000] {dagbag.py:545} INFO - Filling up the DagBag from /opt/airflow/dags/minio_to_snowflake.py
[2026-02-04T09:56:08.666+0000] {processor.py:840} INFO - DAG(s) 'minio_to_snowflake' retrieved from /opt/airflow/dags/minio_to_snowflake.py
[2026-02-04T09:56:08.826+0000] {logging_mixin.py:188} INFO - [2026-02-04T09:56:08.824+0000] {dag.py:3089} INFO - Sync 1 DAGs
[2026-02-04T09:56:08.929+0000] {logging_mixin.py:188} INFO - [2026-02-04T09:56:08.928+0000] {dag.py:3947} INFO - Setting next_dagrun for minio_to_snowflake to 2026-02-04 09:56:00+00:00, run_after=2026-02-04 09:57:00+00:00
[2026-02-04T09:56:09.040+0000] {processor.py:183} INFO - Processing /opt/airflow/dags/minio_to_snowflake.py took 3.613 seconds
[2026-02-04T09:56:39.539+0000] {processor.py:161} INFO - Started process (PID=90031) to work on /opt/airflow/dags/minio_to_snowflake.py
[2026-02-04T09:56:39.541+0000] {processor.py:830} INFO - Processing file /opt/airflow/dags/minio_to_snowflake.py for tasks to queue
[2026-02-04T09:56:39.543+0000] {logging_mixin.py:188} INFO - [2026-02-04T09:56:39.542+0000] {dagbag.py:545} INFO - Filling up the DagBag from /opt/airflow/dags/minio_to_snowflake.py
[2026-02-04T09:56:40.507+0000] {processor.py:840} INFO - DAG(s) 'minio_to_snowflake' retrieved from /opt/airflow/dags/minio_to_snowflake.py
[2026-02-04T09:56:40.539+0000] {logging_mixin.py:188} INFO - [2026-02-04T09:56:40.538+0000] {dag.py:3089} INFO - Sync 1 DAGs
[2026-02-04T09:56:40.565+0000] {logging_mixin.py:188} INFO - [2026-02-04T09:56:40.565+0000] {dag.py:3947} INFO - Setting next_dagrun for minio_to_snowflake to 2026-02-04 09:56:00+00:00, run_after=2026-02-04 09:57:00+00:00
[2026-02-04T09:56:40.590+0000] {processor.py:183} INFO - Processing /opt/airflow/dags/minio_to_snowflake.py took 1.067 seconds
[2026-02-04T09:57:10.929+0000] {processor.py:161} INFO - Started process (PID=91302) to work on /opt/airflow/dags/minio_to_snowflake.py
[2026-02-04T09:57:10.933+0000] {processor.py:830} INFO - Processing file /opt/airflow/dags/minio_to_snowflake.py for tasks to queue
[2026-02-04T09:57:10.937+0000] {logging_mixin.py:188} INFO - [2026-02-04T09:57:10.935+0000] {dagbag.py:545} INFO - Filling up the DagBag from /opt/airflow/dags/minio_to_snowflake.py
[2026-02-04T09:57:13.850+0000] {processor.py:840} INFO - DAG(s) 'minio_to_snowflake' retrieved from /opt/airflow/dags/minio_to_snowflake.py
[2026-02-04T09:57:13.939+0000] {logging_mixin.py:188} INFO - [2026-02-04T09:57:13.938+0000] {dag.py:3089} INFO - Sync 1 DAGs
[2026-02-04T09:57:14.015+0000] {logging_mixin.py:188} INFO - [2026-02-04T09:57:14.015+0000] {dag.py:3947} INFO - Setting next_dagrun for minio_to_snowflake to 2026-02-04 09:57:00+00:00, run_after=2026-02-04 09:58:00+00:00
[2026-02-04T09:57:14.074+0000] {processor.py:183} INFO - Processing /opt/airflow/dags/minio_to_snowflake.py took 3.183 seconds
[2026-02-04T09:57:44.281+0000] {processor.py:161} INFO - Started process (PID=91601) to work on /opt/airflow/dags/minio_to_snowflake.py
[2026-02-04T09:57:44.282+0000] {processor.py:830} INFO - Processing file /opt/airflow/dags/minio_to_snowflake.py for tasks to queue
[2026-02-04T09:57:44.284+0000] {logging_mixin.py:188} INFO - [2026-02-04T09:57:44.283+0000] {dagbag.py:545} INFO - Filling up the DagBag from /opt/airflow/dags/minio_to_snowflake.py
[2026-02-04T09:57:45.267+0000] {processor.py:840} INFO - DAG(s) 'minio_to_snowflake' retrieved from /opt/airflow/dags/minio_to_snowflake.py
[2026-02-04T09:57:45.306+0000] {logging_mixin.py:188} INFO - [2026-02-04T09:57:45.304+0000] {dag.py:3089} INFO - Sync 1 DAGs
[2026-02-04T09:57:45.340+0000] {logging_mixin.py:188} INFO - [2026-02-04T09:57:45.340+0000] {dag.py:3947} INFO - Setting next_dagrun for minio_to_snowflake to 2026-02-04 09:57:00+00:00, run_after=2026-02-04 09:58:00+00:00
[2026-02-04T09:57:45.365+0000] {processor.py:183} INFO - Processing /opt/airflow/dags/minio_to_snowflake.py took 1.093 seconds
[2026-02-04T09:58:15.636+0000] {processor.py:161} INFO - Started process (PID=92760) to work on /opt/airflow/dags/minio_to_snowflake.py
[2026-02-04T09:58:15.640+0000] {processor.py:830} INFO - Processing file /opt/airflow/dags/minio_to_snowflake.py for tasks to queue
[2026-02-04T09:58:15.645+0000] {logging_mixin.py:188} INFO - [2026-02-04T09:58:15.643+0000] {dagbag.py:545} INFO - Filling up the DagBag from /opt/airflow/dags/minio_to_snowflake.py
[2026-02-04T09:58:18.616+0000] {processor.py:840} INFO - DAG(s) 'minio_to_snowflake' retrieved from /opt/airflow/dags/minio_to_snowflake.py
[2026-02-04T09:58:18.695+0000] {logging_mixin.py:188} INFO - [2026-02-04T09:58:18.693+0000] {dag.py:3089} INFO - Sync 1 DAGs
[2026-02-04T09:58:18.776+0000] {logging_mixin.py:188} INFO - [2026-02-04T09:58:18.776+0000] {dag.py:3947} INFO - Setting next_dagrun for minio_to_snowflake to 2026-02-04 09:58:00+00:00, run_after=2026-02-04 09:59:00+00:00
[2026-02-04T09:58:18.855+0000] {processor.py:183} INFO - Processing /opt/airflow/dags/minio_to_snowflake.py took 3.249 seconds
[2026-02-04T09:58:49.068+0000] {processor.py:161} INFO - Started process (PID=93156) to work on /opt/airflow/dags/minio_to_snowflake.py
[2026-02-04T09:58:49.070+0000] {processor.py:830} INFO - Processing file /opt/airflow/dags/minio_to_snowflake.py for tasks to queue
[2026-02-04T09:58:49.072+0000] {logging_mixin.py:188} INFO - [2026-02-04T09:58:49.071+0000] {dagbag.py:545} INFO - Filling up the DagBag from /opt/airflow/dags/minio_to_snowflake.py
[2026-02-04T09:58:50.121+0000] {processor.py:840} INFO - DAG(s) 'minio_to_snowflake' retrieved from /opt/airflow/dags/minio_to_snowflake.py
[2026-02-04T09:58:50.153+0000] {logging_mixin.py:188} INFO - [2026-02-04T09:58:50.152+0000] {dag.py:3089} INFO - Sync 1 DAGs
[2026-02-04T09:58:50.178+0000] {logging_mixin.py:188} INFO - [2026-02-04T09:58:50.178+0000] {dag.py:3947} INFO - Setting next_dagrun for minio_to_snowflake to 2026-02-04 09:58:00+00:00, run_after=2026-02-04 09:59:00+00:00
[2026-02-04T09:58:50.203+0000] {processor.py:183} INFO - Processing /opt/airflow/dags/minio_to_snowflake.py took 1.146 seconds
[2026-02-04T09:59:20.462+0000] {processor.py:161} INFO - Started process (PID=94427) to work on /opt/airflow/dags/minio_to_snowflake.py
[2026-02-04T09:59:20.464+0000] {processor.py:830} INFO - Processing file /opt/airflow/dags/minio_to_snowflake.py for tasks to queue
[2026-02-04T09:59:20.467+0000] {logging_mixin.py:188} INFO - [2026-02-04T09:59:20.466+0000] {dagbag.py:545} INFO - Filling up the DagBag from /opt/airflow/dags/minio_to_snowflake.py
[2026-02-04T09:59:22.767+0000] {processor.py:840} INFO - DAG(s) 'minio_to_snowflake' retrieved from /opt/airflow/dags/minio_to_snowflake.py
[2026-02-04T09:59:22.950+0000] {logging_mixin.py:188} INFO - [2026-02-04T09:59:22.947+0000] {dag.py:3089} INFO - Sync 1 DAGs
[2026-02-04T09:59:23.649+0000] {logging_mixin.py:188} INFO - [2026-02-04T09:59:23.648+0000] {dag.py:3947} INFO - Setting next_dagrun for minio_to_snowflake to 2026-02-04 09:59:00+00:00, run_after=2026-02-04 10:00:00+00:00
[2026-02-04T09:59:23.753+0000] {processor.py:183} INFO - Processing /opt/airflow/dags/minio_to_snowflake.py took 3.315 seconds
[2026-02-04T09:59:53.995+0000] {processor.py:161} INFO - Started process (PID=94723) to work on /opt/airflow/dags/minio_to_snowflake.py
[2026-02-04T09:59:53.997+0000] {processor.py:830} INFO - Processing file /opt/airflow/dags/minio_to_snowflake.py for tasks to queue
[2026-02-04T09:59:53.999+0000] {logging_mixin.py:188} INFO - [2026-02-04T09:59:53.998+0000] {dagbag.py:545} INFO - Filling up the DagBag from /opt/airflow/dags/minio_to_snowflake.py
[2026-02-04T09:59:54.886+0000] {processor.py:840} INFO - DAG(s) 'minio_to_snowflake' retrieved from /opt/airflow/dags/minio_to_snowflake.py
[2026-02-04T09:59:54.916+0000] {logging_mixin.py:188} INFO - [2026-02-04T09:59:54.916+0000] {dag.py:3089} INFO - Sync 1 DAGs
[2026-02-04T09:59:54.942+0000] {logging_mixin.py:188} INFO - [2026-02-04T09:59:54.942+0000] {dag.py:3947} INFO - Setting next_dagrun for minio_to_snowflake to 2026-02-04 09:59:00+00:00, run_after=2026-02-04 10:00:00+00:00
[2026-02-04T09:59:54.963+0000] {processor.py:183} INFO - Processing /opt/airflow/dags/minio_to_snowflake.py took 0.982 seconds
[2026-02-04T10:00:25.218+0000] {processor.py:161} INFO - Started process (PID=96015) to work on /opt/airflow/dags/minio_to_snowflake.py
[2026-02-04T10:00:25.219+0000] {processor.py:830} INFO - Processing file /opt/airflow/dags/minio_to_snowflake.py for tasks to queue
[2026-02-04T10:00:25.221+0000] {logging_mixin.py:188} INFO - [2026-02-04T10:00:25.220+0000] {dagbag.py:545} INFO - Filling up the DagBag from /opt/airflow/dags/minio_to_snowflake.py
[2026-02-04T10:00:26.120+0000] {processor.py:840} INFO - DAG(s) 'minio_to_snowflake' retrieved from /opt/airflow/dags/minio_to_snowflake.py
[2026-02-04T10:00:26.149+0000] {logging_mixin.py:188} INFO - [2026-02-04T10:00:26.149+0000] {dag.py:3089} INFO - Sync 1 DAGs
[2026-02-04T10:00:26.191+0000] {logging_mixin.py:188} INFO - [2026-02-04T10:00:26.191+0000] {dag.py:3947} INFO - Setting next_dagrun for minio_to_snowflake to 2026-02-04 10:00:00+00:00, run_after=2026-02-04 10:01:00+00:00
[2026-02-04T10:00:26.231+0000] {processor.py:183} INFO - Processing /opt/airflow/dags/minio_to_snowflake.py took 1.024 seconds
[2026-02-04T10:00:56.501+0000] {processor.py:161} INFO - Started process (PID=96275) to work on /opt/airflow/dags/minio_to_snowflake.py
[2026-02-04T10:00:56.503+0000] {processor.py:830} INFO - Processing file /opt/airflow/dags/minio_to_snowflake.py for tasks to queue
[2026-02-04T10:00:56.504+0000] {logging_mixin.py:188} INFO - [2026-02-04T10:00:56.504+0000] {dagbag.py:545} INFO - Filling up the DagBag from /opt/airflow/dags/minio_to_snowflake.py
[2026-02-04T10:00:57.532+0000] {processor.py:840} INFO - DAG(s) 'minio_to_snowflake' retrieved from /opt/airflow/dags/minio_to_snowflake.py
[2026-02-04T10:00:57.565+0000] {logging_mixin.py:188} INFO - [2026-02-04T10:00:57.565+0000] {dag.py:3089} INFO - Sync 1 DAGs
[2026-02-04T10:00:57.595+0000] {logging_mixin.py:188} INFO - [2026-02-04T10:00:57.595+0000] {dag.py:3947} INFO - Setting next_dagrun for minio_to_snowflake to 2026-02-04 10:00:00+00:00, run_after=2026-02-04 10:01:00+00:00
[2026-02-04T10:00:57.621+0000] {processor.py:183} INFO - Processing /opt/airflow/dags/minio_to_snowflake.py took 1.130 seconds
[2026-02-04T10:01:27.819+0000] {processor.py:161} INFO - Started process (PID=97552) to work on /opt/airflow/dags/minio_to_snowflake.py
[2026-02-04T10:01:27.820+0000] {processor.py:830} INFO - Processing file /opt/airflow/dags/minio_to_snowflake.py for tasks to queue
[2026-02-04T10:01:27.822+0000] {logging_mixin.py:188} INFO - [2026-02-04T10:01:27.821+0000] {dagbag.py:545} INFO - Filling up the DagBag from /opt/airflow/dags/minio_to_snowflake.py
[2026-02-04T10:01:28.751+0000] {processor.py:840} INFO - DAG(s) 'minio_to_snowflake' retrieved from /opt/airflow/dags/minio_to_snowflake.py
[2026-02-04T10:01:28.807+0000] {logging_mixin.py:188} INFO - [2026-02-04T10:01:28.806+0000] {dag.py:3089} INFO - Sync 1 DAGs
[2026-02-04T10:01:28.862+0000] {logging_mixin.py:188} INFO - [2026-02-04T10:01:28.860+0000] {dag.py:3947} INFO - Setting next_dagrun for minio_to_snowflake to 2026-02-04 10:01:00+00:00, run_after=2026-02-04 10:02:00+00:00
[2026-02-04T10:01:28.942+0000] {processor.py:183} INFO - Processing /opt/airflow/dags/minio_to_snowflake.py took 1.132 seconds
[2026-02-04T10:01:59.205+0000] {processor.py:161} INFO - Started process (PID=97838) to work on /opt/airflow/dags/minio_to_snowflake.py
[2026-02-04T10:01:59.207+0000] {processor.py:830} INFO - Processing file /opt/airflow/dags/minio_to_snowflake.py for tasks to queue
[2026-02-04T10:01:59.211+0000] {logging_mixin.py:188} INFO - [2026-02-04T10:01:59.209+0000] {dagbag.py:545} INFO - Filling up the DagBag from /opt/airflow/dags/minio_to_snowflake.py
[2026-02-04T10:02:00.149+0000] {processor.py:840} INFO - DAG(s) 'minio_to_snowflake' retrieved from /opt/airflow/dags/minio_to_snowflake.py
[2026-02-04T10:02:00.185+0000] {logging_mixin.py:188} INFO - [2026-02-04T10:02:00.185+0000] {dag.py:3089} INFO - Sync 1 DAGs
[2026-02-04T10:02:00.217+0000] {logging_mixin.py:188} INFO - [2026-02-04T10:02:00.216+0000] {dag.py:3947} INFO - Setting next_dagrun for minio_to_snowflake to 2026-02-04 10:02:00+00:00, run_after=2026-02-04 10:03:00+00:00
[2026-02-04T10:02:00.241+0000] {processor.py:183} INFO - Processing /opt/airflow/dags/minio_to_snowflake.py took 1.050 seconds
[2026-02-04T10:02:30.512+0000] {processor.py:161} INFO - Started process (PID=99164) to work on /opt/airflow/dags/minio_to_snowflake.py
[2026-02-04T10:02:30.513+0000] {processor.py:830} INFO - Processing file /opt/airflow/dags/minio_to_snowflake.py for tasks to queue
[2026-02-04T10:02:30.515+0000] {logging_mixin.py:188} INFO - [2026-02-04T10:02:30.514+0000] {dagbag.py:545} INFO - Filling up the DagBag from /opt/airflow/dags/minio_to_snowflake.py
[2026-02-04T10:02:31.425+0000] {processor.py:840} INFO - DAG(s) 'minio_to_snowflake' retrieved from /opt/airflow/dags/minio_to_snowflake.py
[2026-02-04T10:02:31.455+0000] {logging_mixin.py:188} INFO - [2026-02-04T10:02:31.455+0000] {dag.py:3089} INFO - Sync 1 DAGs
[2026-02-04T10:02:31.481+0000] {logging_mixin.py:188} INFO - [2026-02-04T10:02:31.481+0000] {dag.py:3947} INFO - Setting next_dagrun for minio_to_snowflake to 2026-02-04 10:02:00+00:00, run_after=2026-02-04 10:03:00+00:00
[2026-02-04T10:02:31.506+0000] {processor.py:183} INFO - Processing /opt/airflow/dags/minio_to_snowflake.py took 1.003 seconds
[2026-02-04T10:03:01.836+0000] {processor.py:161} INFO - Started process (PID=99465) to work on /opt/airflow/dags/minio_to_snowflake.py
[2026-02-04T10:03:01.837+0000] {processor.py:830} INFO - Processing file /opt/airflow/dags/minio_to_snowflake.py for tasks to queue
[2026-02-04T10:03:01.839+0000] {logging_mixin.py:188} INFO - [2026-02-04T10:03:01.838+0000] {dagbag.py:545} INFO - Filling up the DagBag from /opt/airflow/dags/minio_to_snowflake.py
[2026-02-04T10:03:02.894+0000] {processor.py:840} INFO - DAG(s) 'minio_to_snowflake' retrieved from /opt/airflow/dags/minio_to_snowflake.py
[2026-02-04T10:03:02.926+0000] {logging_mixin.py:188} INFO - [2026-02-04T10:03:02.926+0000] {dag.py:3089} INFO - Sync 1 DAGs
[2026-02-04T10:03:02.954+0000] {logging_mixin.py:188} INFO - [2026-02-04T10:03:02.954+0000] {dag.py:3947} INFO - Setting next_dagrun for minio_to_snowflake to 2026-02-04 10:03:00+00:00, run_after=2026-02-04 10:04:00+00:00
[2026-02-04T10:03:02.979+0000] {processor.py:183} INFO - Processing /opt/airflow/dags/minio_to_snowflake.py took 1.155 seconds
[2026-02-04T10:03:33.142+0000] {processor.py:161} INFO - Started process (PID=1082) to work on /opt/airflow/dags/minio_to_snowflake.py
[2026-02-04T10:03:33.144+0000] {processor.py:830} INFO - Processing file /opt/airflow/dags/minio_to_snowflake.py for tasks to queue
[2026-02-04T10:03:33.145+0000] {logging_mixin.py:188} INFO - [2026-02-04T10:03:33.145+0000] {dagbag.py:545} INFO - Filling up the DagBag from /opt/airflow/dags/minio_to_snowflake.py
[2026-02-04T10:03:34.081+0000] {processor.py:840} INFO - DAG(s) 'minio_to_snowflake' retrieved from /opt/airflow/dags/minio_to_snowflake.py
[2026-02-04T10:03:34.113+0000] {logging_mixin.py:188} INFO - [2026-02-04T10:03:34.111+0000] {dag.py:3089} INFO - Sync 1 DAGs
[2026-02-04T10:03:34.142+0000] {logging_mixin.py:188} INFO - [2026-02-04T10:03:34.141+0000] {dag.py:3947} INFO - Setting next_dagrun for minio_to_snowflake to 2026-02-04 10:03:00+00:00, run_after=2026-02-04 10:04:00+00:00
[2026-02-04T10:03:34.165+0000] {processor.py:183} INFO - Processing /opt/airflow/dags/minio_to_snowflake.py took 1.033 seconds
[2026-02-04T10:04:04.494+0000] {processor.py:161} INFO - Started process (PID=1823) to work on /opt/airflow/dags/minio_to_snowflake.py
[2026-02-04T10:04:04.496+0000] {processor.py:830} INFO - Processing file /opt/airflow/dags/minio_to_snowflake.py for tasks to queue
[2026-02-04T10:04:04.498+0000] {logging_mixin.py:188} INFO - [2026-02-04T10:04:04.497+0000] {dagbag.py:545} INFO - Filling up the DagBag from /opt/airflow/dags/minio_to_snowflake.py
[2026-02-04T10:04:05.563+0000] {processor.py:840} INFO - DAG(s) 'minio_to_snowflake' retrieved from /opt/airflow/dags/minio_to_snowflake.py
[2026-02-04T10:04:05.597+0000] {logging_mixin.py:188} INFO - [2026-02-04T10:04:05.596+0000] {dag.py:3089} INFO - Sync 1 DAGs
[2026-02-04T10:04:05.622+0000] {logging_mixin.py:188} INFO - [2026-02-04T10:04:05.622+0000] {dag.py:3947} INFO - Setting next_dagrun for minio_to_snowflake to 2026-02-04 10:04:00+00:00, run_after=2026-02-04 10:05:00+00:00
[2026-02-04T10:04:05.647+0000] {processor.py:183} INFO - Processing /opt/airflow/dags/minio_to_snowflake.py took 1.161 seconds
[2026-02-04T10:04:35.783+0000] {processor.py:161} INFO - Started process (PID=2669) to work on /opt/airflow/dags/minio_to_snowflake.py
[2026-02-04T10:04:35.785+0000] {processor.py:830} INFO - Processing file /opt/airflow/dags/minio_to_snowflake.py for tasks to queue
[2026-02-04T10:04:35.787+0000] {logging_mixin.py:188} INFO - [2026-02-04T10:04:35.786+0000] {dagbag.py:545} INFO - Filling up the DagBag from /opt/airflow/dags/minio_to_snowflake.py
[2026-02-04T10:04:36.789+0000] {processor.py:840} INFO - DAG(s) 'minio_to_snowflake' retrieved from /opt/airflow/dags/minio_to_snowflake.py
[2026-02-04T10:04:36.817+0000] {logging_mixin.py:188} INFO - [2026-02-04T10:04:36.817+0000] {dag.py:3089} INFO - Sync 1 DAGs
[2026-02-04T10:04:36.842+0000] {logging_mixin.py:188} INFO - [2026-02-04T10:04:36.841+0000] {dag.py:3947} INFO - Setting next_dagrun for minio_to_snowflake to 2026-02-04 10:04:00+00:00, run_after=2026-02-04 10:05:00+00:00
[2026-02-04T10:04:36.870+0000] {processor.py:183} INFO - Processing /opt/airflow/dags/minio_to_snowflake.py took 1.097 seconds
[2026-02-04T10:05:07.245+0000] {processor.py:161} INFO - Started process (PID=3865) to work on /opt/airflow/dags/minio_to_snowflake.py
[2026-02-04T10:05:07.246+0000] {processor.py:830} INFO - Processing file /opt/airflow/dags/minio_to_snowflake.py for tasks to queue
[2026-02-04T10:05:07.248+0000] {logging_mixin.py:188} INFO - [2026-02-04T10:05:07.247+0000] {dagbag.py:545} INFO - Filling up the DagBag from /opt/airflow/dags/minio_to_snowflake.py
[2026-02-04T10:05:08.231+0000] {processor.py:840} INFO - DAG(s) 'minio_to_snowflake' retrieved from /opt/airflow/dags/minio_to_snowflake.py
[2026-02-04T10:05:08.260+0000] {logging_mixin.py:188} INFO - [2026-02-04T10:05:08.259+0000] {dag.py:3089} INFO - Sync 1 DAGs
[2026-02-04T10:05:08.285+0000] {logging_mixin.py:188} INFO - [2026-02-04T10:05:08.285+0000] {dag.py:3947} INFO - Setting next_dagrun for minio_to_snowflake to 2026-02-04 10:05:00+00:00, run_after=2026-02-04 10:06:00+00:00
[2026-02-04T10:05:08.310+0000] {processor.py:183} INFO - Processing /opt/airflow/dags/minio_to_snowflake.py took 1.074 seconds
[2026-02-04T10:05:38.540+0000] {processor.py:161} INFO - Started process (PID=4233) to work on /opt/airflow/dags/minio_to_snowflake.py
[2026-02-04T10:05:38.542+0000] {processor.py:830} INFO - Processing file /opt/airflow/dags/minio_to_snowflake.py for tasks to queue
[2026-02-04T10:05:38.543+0000] {logging_mixin.py:188} INFO - [2026-02-04T10:05:38.543+0000] {dagbag.py:545} INFO - Filling up the DagBag from /opt/airflow/dags/minio_to_snowflake.py
[2026-02-04T10:05:39.545+0000] {processor.py:840} INFO - DAG(s) 'minio_to_snowflake' retrieved from /opt/airflow/dags/minio_to_snowflake.py
[2026-02-04T10:05:39.574+0000] {logging_mixin.py:188} INFO - [2026-02-04T10:05:39.573+0000] {dag.py:3089} INFO - Sync 1 DAGs
[2026-02-04T10:05:39.601+0000] {logging_mixin.py:188} INFO - [2026-02-04T10:05:39.600+0000] {dag.py:3947} INFO - Setting next_dagrun for minio_to_snowflake to 2026-02-04 10:05:00+00:00, run_after=2026-02-04 10:06:00+00:00
[2026-02-04T10:05:39.624+0000] {processor.py:183} INFO - Processing /opt/airflow/dags/minio_to_snowflake.py took 1.093 seconds
[2026-02-04T10:06:09.979+0000] {processor.py:161} INFO - Started process (PID=5256) to work on /opt/airflow/dags/minio_to_snowflake.py
[2026-02-04T10:06:09.983+0000] {processor.py:830} INFO - Processing file /opt/airflow/dags/minio_to_snowflake.py for tasks to queue
[2026-02-04T10:06:09.987+0000] {logging_mixin.py:188} INFO - [2026-02-04T10:06:09.986+0000] {dagbag.py:545} INFO - Filling up the DagBag from /opt/airflow/dags/minio_to_snowflake.py
[2026-02-04T10:06:13.529+0000] {processor.py:840} INFO - DAG(s) 'minio_to_snowflake' retrieved from /opt/airflow/dags/minio_to_snowflake.py
[2026-02-04T10:06:13.635+0000] {logging_mixin.py:188} INFO - [2026-02-04T10:06:13.633+0000] {dag.py:3089} INFO - Sync 1 DAGs
[2026-02-04T10:06:13.750+0000] {logging_mixin.py:188} INFO - [2026-02-04T10:06:13.749+0000] {dag.py:3947} INFO - Setting next_dagrun for minio_to_snowflake to 2026-02-04 10:06:00+00:00, run_after=2026-02-04 10:07:00+00:00
[2026-02-04T10:06:13.801+0000] {processor.py:183} INFO - Processing /opt/airflow/dags/minio_to_snowflake.py took 3.846 seconds
[2026-02-04T10:06:44.234+0000] {processor.py:161} INFO - Started process (PID=5748) to work on /opt/airflow/dags/minio_to_snowflake.py
[2026-02-04T10:06:44.236+0000] {processor.py:830} INFO - Processing file /opt/airflow/dags/minio_to_snowflake.py for tasks to queue
[2026-02-04T10:06:44.238+0000] {logging_mixin.py:188} INFO - [2026-02-04T10:06:44.237+0000] {dagbag.py:545} INFO - Filling up the DagBag from /opt/airflow/dags/minio_to_snowflake.py
[2026-02-04T10:06:45.139+0000] {processor.py:840} INFO - DAG(s) 'minio_to_snowflake' retrieved from /opt/airflow/dags/minio_to_snowflake.py
[2026-02-04T10:06:45.169+0000] {logging_mixin.py:188} INFO - [2026-02-04T10:06:45.169+0000] {dag.py:3089} INFO - Sync 1 DAGs
[2026-02-04T10:06:45.194+0000] {logging_mixin.py:188} INFO - [2026-02-04T10:06:45.194+0000] {dag.py:3947} INFO - Setting next_dagrun for minio_to_snowflake to 2026-02-04 10:06:00+00:00, run_after=2026-02-04 10:07:00+00:00
[2026-02-04T10:06:45.218+0000] {processor.py:183} INFO - Processing /opt/airflow/dags/minio_to_snowflake.py took 0.993 seconds
[2026-02-04T10:07:15.584+0000] {processor.py:161} INFO - Started process (PID=7024) to work on /opt/airflow/dags/minio_to_snowflake.py
[2026-02-04T10:07:15.587+0000] {processor.py:830} INFO - Processing file /opt/airflow/dags/minio_to_snowflake.py for tasks to queue
[2026-02-04T10:07:15.590+0000] {logging_mixin.py:188} INFO - [2026-02-04T10:07:15.589+0000] {dagbag.py:545} INFO - Filling up the DagBag from /opt/airflow/dags/minio_to_snowflake.py
[2026-02-04T10:07:18.056+0000] {processor.py:840} INFO - DAG(s) 'minio_to_snowflake' retrieved from /opt/airflow/dags/minio_to_snowflake.py
[2026-02-04T10:07:18.216+0000] {logging_mixin.py:188} INFO - [2026-02-04T10:07:18.215+0000] {dag.py:3089} INFO - Sync 1 DAGs
[2026-02-04T10:07:18.299+0000] {logging_mixin.py:188} INFO - [2026-02-04T10:07:18.298+0000] {dag.py:3947} INFO - Setting next_dagrun for minio_to_snowflake to 2026-02-04 10:07:00+00:00, run_after=2026-02-04 10:08:00+00:00
[2026-02-04T10:07:18.344+0000] {processor.py:183} INFO - Processing /opt/airflow/dags/minio_to_snowflake.py took 2.776 seconds
[2026-02-04T10:07:48.759+0000] {processor.py:161} INFO - Started process (PID=7315) to work on /opt/airflow/dags/minio_to_snowflake.py
[2026-02-04T10:07:48.760+0000] {processor.py:830} INFO - Processing file /opt/airflow/dags/minio_to_snowflake.py for tasks to queue
[2026-02-04T10:07:48.762+0000] {logging_mixin.py:188} INFO - [2026-02-04T10:07:48.761+0000] {dagbag.py:545} INFO - Filling up the DagBag from /opt/airflow/dags/minio_to_snowflake.py
[2026-02-04T10:07:49.741+0000] {processor.py:840} INFO - DAG(s) 'minio_to_snowflake' retrieved from /opt/airflow/dags/minio_to_snowflake.py
[2026-02-04T10:07:49.770+0000] {logging_mixin.py:188} INFO - [2026-02-04T10:07:49.770+0000] {dag.py:3089} INFO - Sync 1 DAGs
[2026-02-04T10:07:49.797+0000] {logging_mixin.py:188} INFO - [2026-02-04T10:07:49.796+0000] {dag.py:3947} INFO - Setting next_dagrun for minio_to_snowflake to 2026-02-04 10:07:00+00:00, run_after=2026-02-04 10:08:00+00:00
[2026-02-04T10:07:49.834+0000] {processor.py:183} INFO - Processing /opt/airflow/dags/minio_to_snowflake.py took 1.084 seconds
[2026-02-04T10:08:20.288+0000] {processor.py:161} INFO - Started process (PID=8599) to work on /opt/airflow/dags/minio_to_snowflake.py
[2026-02-04T10:08:20.291+0000] {processor.py:830} INFO - Processing file /opt/airflow/dags/minio_to_snowflake.py for tasks to queue
[2026-02-04T10:08:20.294+0000] {logging_mixin.py:188} INFO - [2026-02-04T10:08:20.293+0000] {dagbag.py:545} INFO - Filling up the DagBag from /opt/airflow/dags/minio_to_snowflake.py
[2026-02-04T10:08:22.297+0000] {processor.py:840} INFO - DAG(s) 'minio_to_snowflake' retrieved from /opt/airflow/dags/minio_to_snowflake.py
[2026-02-04T10:08:22.383+0000] {logging_mixin.py:188} INFO - [2026-02-04T10:08:22.382+0000] {dag.py:3089} INFO - Sync 1 DAGs
[2026-02-04T10:08:22.440+0000] {logging_mixin.py:188} INFO - [2026-02-04T10:08:22.440+0000] {dag.py:3947} INFO - Setting next_dagrun for minio_to_snowflake to 2026-02-04 10:08:00+00:00, run_after=2026-02-04 10:09:00+00:00
[2026-02-04T10:08:22.494+0000] {processor.py:183} INFO - Processing /opt/airflow/dags/minio_to_snowflake.py took 2.231 seconds
[2026-02-04T10:08:52.872+0000] {processor.py:161} INFO - Started process (PID=8896) to work on /opt/airflow/dags/minio_to_snowflake.py
[2026-02-04T10:08:52.873+0000] {processor.py:830} INFO - Processing file /opt/airflow/dags/minio_to_snowflake.py for tasks to queue
[2026-02-04T10:08:52.875+0000] {logging_mixin.py:188} INFO - [2026-02-04T10:08:52.874+0000] {dagbag.py:545} INFO - Filling up the DagBag from /opt/airflow/dags/minio_to_snowflake.py
[2026-02-04T10:08:53.793+0000] {processor.py:840} INFO - DAG(s) 'minio_to_snowflake' retrieved from /opt/airflow/dags/minio_to_snowflake.py
[2026-02-04T10:08:53.823+0000] {logging_mixin.py:188} INFO - [2026-02-04T10:08:53.823+0000] {dag.py:3089} INFO - Sync 1 DAGs
[2026-02-04T10:08:53.849+0000] {logging_mixin.py:188} INFO - [2026-02-04T10:08:53.849+0000] {dag.py:3947} INFO - Setting next_dagrun for minio_to_snowflake to 2026-02-04 10:08:00+00:00, run_after=2026-02-04 10:09:00+00:00
[2026-02-04T10:08:53.874+0000] {processor.py:183} INFO - Processing /opt/airflow/dags/minio_to_snowflake.py took 1.012 seconds
[2026-02-04T10:09:24.113+0000] {processor.py:161} INFO - Started process (PID=10202) to work on /opt/airflow/dags/minio_to_snowflake.py
[2026-02-04T10:09:24.114+0000] {processor.py:830} INFO - Processing file /opt/airflow/dags/minio_to_snowflake.py for tasks to queue
[2026-02-04T10:09:24.116+0000] {logging_mixin.py:188} INFO - [2026-02-04T10:09:24.115+0000] {dagbag.py:545} INFO - Filling up the DagBag from /opt/airflow/dags/minio_to_snowflake.py
[2026-02-04T10:09:25.031+0000] {processor.py:840} INFO - DAG(s) 'minio_to_snowflake' retrieved from /opt/airflow/dags/minio_to_snowflake.py
[2026-02-04T10:09:25.070+0000] {logging_mixin.py:188} INFO - [2026-02-04T10:09:25.069+0000] {dag.py:3089} INFO - Sync 1 DAGs
[2026-02-04T10:09:25.107+0000] {logging_mixin.py:188} INFO - [2026-02-04T10:09:25.107+0000] {dag.py:3947} INFO - Setting next_dagrun for minio_to_snowflake to 2026-02-04 10:09:00+00:00, run_after=2026-02-04 10:10:00+00:00
[2026-02-04T10:09:25.136+0000] {processor.py:183} INFO - Processing /opt/airflow/dags/minio_to_snowflake.py took 1.033 seconds
[2026-02-04T10:09:55.435+0000] {processor.py:161} INFO - Started process (PID=10464) to work on /opt/airflow/dags/minio_to_snowflake.py
[2026-02-04T10:09:55.437+0000] {processor.py:830} INFO - Processing file /opt/airflow/dags/minio_to_snowflake.py for tasks to queue
[2026-02-04T10:09:55.438+0000] {logging_mixin.py:188} INFO - [2026-02-04T10:09:55.438+0000] {dagbag.py:545} INFO - Filling up the DagBag from /opt/airflow/dags/minio_to_snowflake.py
[2026-02-04T10:09:56.448+0000] {processor.py:840} INFO - DAG(s) 'minio_to_snowflake' retrieved from /opt/airflow/dags/minio_to_snowflake.py
[2026-02-04T10:09:56.479+0000] {logging_mixin.py:188} INFO - [2026-02-04T10:09:56.479+0000] {dag.py:3089} INFO - Sync 1 DAGs
[2026-02-04T10:09:56.504+0000] {logging_mixin.py:188} INFO - [2026-02-04T10:09:56.503+0000] {dag.py:3947} INFO - Setting next_dagrun for minio_to_snowflake to 2026-02-04 10:09:00+00:00, run_after=2026-02-04 10:10:00+00:00
[2026-02-04T10:09:56.527+0000] {processor.py:183} INFO - Processing /opt/airflow/dags/minio_to_snowflake.py took 1.104 seconds
[2026-02-04T10:10:26.784+0000] {processor.py:161} INFO - Started process (PID=11788) to work on /opt/airflow/dags/minio_to_snowflake.py
[2026-02-04T10:10:26.786+0000] {processor.py:830} INFO - Processing file /opt/airflow/dags/minio_to_snowflake.py for tasks to queue
[2026-02-04T10:10:26.788+0000] {logging_mixin.py:188} INFO - [2026-02-04T10:10:26.787+0000] {dagbag.py:545} INFO - Filling up the DagBag from /opt/airflow/dags/minio_to_snowflake.py
[2026-02-04T10:10:27.783+0000] {processor.py:840} INFO - DAG(s) 'minio_to_snowflake' retrieved from /opt/airflow/dags/minio_to_snowflake.py
[2026-02-04T10:10:27.813+0000] {logging_mixin.py:188} INFO - [2026-02-04T10:10:27.812+0000] {dag.py:3089} INFO - Sync 1 DAGs
[2026-02-04T10:10:27.838+0000] {logging_mixin.py:188} INFO - [2026-02-04T10:10:27.838+0000] {dag.py:3947} INFO - Setting next_dagrun for minio_to_snowflake to 2026-02-04 10:10:00+00:00, run_after=2026-02-04 10:11:00+00:00
[2026-02-04T10:10:27.861+0000] {processor.py:183} INFO - Processing /opt/airflow/dags/minio_to_snowflake.py took 1.087 seconds
[2026-02-04T10:10:58.087+0000] {processor.py:161} INFO - Started process (PID=12065) to work on /opt/airflow/dags/minio_to_snowflake.py
[2026-02-04T10:10:58.088+0000] {processor.py:830} INFO - Processing file /opt/airflow/dags/minio_to_snowflake.py for tasks to queue
[2026-02-04T10:10:58.089+0000] {logging_mixin.py:188} INFO - [2026-02-04T10:10:58.089+0000] {dagbag.py:545} INFO - Filling up the DagBag from /opt/airflow/dags/minio_to_snowflake.py
[2026-02-04T10:11:00.427+0000] {processor.py:840} INFO - DAG(s) 'minio_to_snowflake' retrieved from /opt/airflow/dags/minio_to_snowflake.py
[2026-02-04T10:11:00.456+0000] {logging_mixin.py:188} INFO - [2026-02-04T10:11:00.455+0000] {dag.py:3089} INFO - Sync 1 DAGs
[2026-02-04T10:11:00.480+0000] {logging_mixin.py:188} INFO - [2026-02-04T10:11:00.480+0000] {dag.py:3947} INFO - Setting next_dagrun for minio_to_snowflake to 2026-02-04 10:10:00+00:00, run_after=2026-02-04 10:11:00+00:00
[2026-02-04T10:11:00.889+0000] {processor.py:183} INFO - Processing /opt/airflow/dags/minio_to_snowflake.py took 2.813 seconds
[2026-02-04T10:11:31.997+0000] {processor.py:161} INFO - Started process (PID=13381) to work on /opt/airflow/dags/minio_to_snowflake.py
[2026-02-04T10:11:32.001+0000] {processor.py:830} INFO - Processing file /opt/airflow/dags/minio_to_snowflake.py for tasks to queue
[2026-02-04T10:11:32.004+0000] {logging_mixin.py:188} INFO - [2026-02-04T10:11:32.003+0000] {dagbag.py:545} INFO - Filling up the DagBag from /opt/airflow/dags/minio_to_snowflake.py
[2026-02-04T10:11:34.174+0000] {processor.py:840} INFO - DAG(s) 'minio_to_snowflake' retrieved from /opt/airflow/dags/minio_to_snowflake.py
[2026-02-04T10:11:34.240+0000] {logging_mixin.py:188} INFO - [2026-02-04T10:11:34.239+0000] {dag.py:3089} INFO - Sync 1 DAGs
[2026-02-04T10:11:34.301+0000] {logging_mixin.py:188} INFO - [2026-02-04T10:11:34.300+0000] {dag.py:3947} INFO - Setting next_dagrun for minio_to_snowflake to 2026-02-04 10:11:00+00:00, run_after=2026-02-04 10:12:00+00:00
[2026-02-04T10:11:34.345+0000] {processor.py:183} INFO - Processing /opt/airflow/dags/minio_to_snowflake.py took 2.371 seconds
[2026-02-04T10:12:04.897+0000] {processor.py:161} INFO - Started process (PID=13949) to work on /opt/airflow/dags/minio_to_snowflake.py
[2026-02-04T10:12:04.899+0000] {processor.py:830} INFO - Processing file /opt/airflow/dags/minio_to_snowflake.py for tasks to queue
[2026-02-04T10:12:04.901+0000] {logging_mixin.py:188} INFO - [2026-02-04T10:12:04.900+0000] {dagbag.py:545} INFO - Filling up the DagBag from /opt/airflow/dags/minio_to_snowflake.py
[2026-02-04T10:12:06.256+0000] {processor.py:840} INFO - DAG(s) 'minio_to_snowflake' retrieved from /opt/airflow/dags/minio_to_snowflake.py
[2026-02-04T10:12:06.296+0000] {logging_mixin.py:188} INFO - [2026-02-04T10:12:06.294+0000] {dag.py:3089} INFO - Sync 1 DAGs
[2026-02-04T10:12:06.329+0000] {logging_mixin.py:188} INFO - [2026-02-04T10:12:06.328+0000] {dag.py:3947} INFO - Setting next_dagrun for minio_to_snowflake to 2026-02-04 10:12:00+00:00, run_after=2026-02-04 10:13:00+00:00
[2026-02-04T10:12:06.366+0000] {processor.py:183} INFO - Processing /opt/airflow/dags/minio_to_snowflake.py took 1.482 seconds
[2026-02-04T10:12:36.789+0000] {processor.py:161} INFO - Started process (PID=14963) to work on /opt/airflow/dags/minio_to_snowflake.py
[2026-02-04T10:12:36.794+0000] {processor.py:830} INFO - Processing file /opt/airflow/dags/minio_to_snowflake.py for tasks to queue
[2026-02-04T10:12:36.799+0000] {logging_mixin.py:188} INFO - [2026-02-04T10:12:36.798+0000] {dagbag.py:545} INFO - Filling up the DagBag from /opt/airflow/dags/minio_to_snowflake.py
[2026-02-04T10:12:38.386+0000] {processor.py:840} INFO - DAG(s) 'minio_to_snowflake' retrieved from /opt/airflow/dags/minio_to_snowflake.py
[2026-02-04T10:12:38.500+0000] {logging_mixin.py:188} INFO - [2026-02-04T10:12:38.499+0000] {dag.py:3089} INFO - Sync 1 DAGs
[2026-02-04T10:12:38.549+0000] {logging_mixin.py:188} INFO - [2026-02-04T10:12:38.548+0000] {dag.py:3947} INFO - Setting next_dagrun for minio_to_snowflake to 2026-02-04 10:12:00+00:00, run_after=2026-02-04 10:13:00+00:00
[2026-02-04T10:12:38.626+0000] {processor.py:183} INFO - Processing /opt/airflow/dags/minio_to_snowflake.py took 1.862 seconds
[2026-02-04T10:13:09.172+0000] {processor.py:161} INFO - Started process (PID=16001) to work on /opt/airflow/dags/minio_to_snowflake.py
[2026-02-04T10:13:09.173+0000] {processor.py:830} INFO - Processing file /opt/airflow/dags/minio_to_snowflake.py for tasks to queue
[2026-02-04T10:13:09.176+0000] {logging_mixin.py:188} INFO - [2026-02-04T10:13:09.175+0000] {dagbag.py:545} INFO - Filling up the DagBag from /opt/airflow/dags/minio_to_snowflake.py
[2026-02-04T10:13:10.505+0000] {processor.py:840} INFO - DAG(s) 'minio_to_snowflake' retrieved from /opt/airflow/dags/minio_to_snowflake.py
[2026-02-04T10:13:10.542+0000] {logging_mixin.py:188} INFO - [2026-02-04T10:13:10.541+0000] {dag.py:3089} INFO - Sync 1 DAGs
[2026-02-04T10:13:10.570+0000] {logging_mixin.py:188} INFO - [2026-02-04T10:13:10.570+0000] {dag.py:3947} INFO - Setting next_dagrun for minio_to_snowflake to 2026-02-04 10:13:00+00:00, run_after=2026-02-04 10:14:00+00:00
[2026-02-04T10:13:10.601+0000] {processor.py:183} INFO - Processing /opt/airflow/dags/minio_to_snowflake.py took 1.445 seconds
[2026-02-04T10:13:41.131+0000] {processor.py:161} INFO - Started process (PID=16503) to work on /opt/airflow/dags/minio_to_snowflake.py
[2026-02-04T10:13:41.135+0000] {processor.py:830} INFO - Processing file /opt/airflow/dags/minio_to_snowflake.py for tasks to queue
[2026-02-04T10:13:41.138+0000] {logging_mixin.py:188} INFO - [2026-02-04T10:13:41.137+0000] {dagbag.py:545} INFO - Filling up the DagBag from /opt/airflow/dags/minio_to_snowflake.py
[2026-02-04T10:13:42.582+0000] {processor.py:840} INFO - DAG(s) 'minio_to_snowflake' retrieved from /opt/airflow/dags/minio_to_snowflake.py
[2026-02-04T10:13:42.617+0000] {logging_mixin.py:188} INFO - [2026-02-04T10:13:42.616+0000] {dag.py:3089} INFO - Sync 1 DAGs
[2026-02-04T10:13:42.647+0000] {logging_mixin.py:188} INFO - [2026-02-04T10:13:42.647+0000] {dag.py:3947} INFO - Setting next_dagrun for minio_to_snowflake to 2026-02-04 10:13:00+00:00, run_after=2026-02-04 10:14:00+00:00
[2026-02-04T10:13:42.673+0000] {processor.py:183} INFO - Processing /opt/airflow/dags/minio_to_snowflake.py took 1.572 seconds
[2026-02-04T10:14:13.203+0000] {processor.py:161} INFO - Started process (PID=17771) to work on /opt/airflow/dags/minio_to_snowflake.py
[2026-02-04T10:14:13.206+0000] {processor.py:830} INFO - Processing file /opt/airflow/dags/minio_to_snowflake.py for tasks to queue
[2026-02-04T10:14:13.210+0000] {logging_mixin.py:188} INFO - [2026-02-04T10:14:13.209+0000] {dagbag.py:545} INFO - Filling up the DagBag from /opt/airflow/dags/minio_to_snowflake.py
[2026-02-04T10:14:14.808+0000] {processor.py:840} INFO - DAG(s) 'minio_to_snowflake' retrieved from /opt/airflow/dags/minio_to_snowflake.py
[2026-02-04T10:14:14.876+0000] {logging_mixin.py:188} INFO - [2026-02-04T10:14:14.875+0000] {dag.py:3089} INFO - Sync 1 DAGs
[2026-02-04T10:14:14.949+0000] {logging_mixin.py:188} INFO - [2026-02-04T10:14:14.949+0000] {dag.py:3947} INFO - Setting next_dagrun for minio_to_snowflake to 2026-02-04 10:14:00+00:00, run_after=2026-02-04 10:15:00+00:00
[2026-02-04T10:14:15.009+0000] {processor.py:183} INFO - Processing /opt/airflow/dags/minio_to_snowflake.py took 1.835 seconds
[2026-02-04T10:14:45.631+0000] {processor.py:161} INFO - Started process (PID=18055) to work on /opt/airflow/dags/minio_to_snowflake.py
[2026-02-04T10:14:45.635+0000] {processor.py:830} INFO - Processing file /opt/airflow/dags/minio_to_snowflake.py for tasks to queue
[2026-02-04T10:14:45.640+0000] {logging_mixin.py:188} INFO - [2026-02-04T10:14:45.638+0000] {dagbag.py:545} INFO - Filling up the DagBag from /opt/airflow/dags/minio_to_snowflake.py
[2026-02-04T10:14:47.029+0000] {processor.py:840} INFO - DAG(s) 'minio_to_snowflake' retrieved from /opt/airflow/dags/minio_to_snowflake.py
[2026-02-04T10:14:47.063+0000] {logging_mixin.py:188} INFO - [2026-02-04T10:14:47.062+0000] {dag.py:3089} INFO - Sync 1 DAGs
[2026-02-04T10:14:47.111+0000] {logging_mixin.py:188} INFO - [2026-02-04T10:14:47.111+0000] {dag.py:3947} INFO - Setting next_dagrun for minio_to_snowflake to 2026-02-04 10:14:00+00:00, run_after=2026-02-04 10:15:00+00:00
[2026-02-04T10:14:47.184+0000] {processor.py:183} INFO - Processing /opt/airflow/dags/minio_to_snowflake.py took 1.577 seconds
[2026-02-04T10:15:17.719+0000] {processor.py:161} INFO - Started process (PID=19330) to work on /opt/airflow/dags/minio_to_snowflake.py
[2026-02-04T10:15:17.721+0000] {processor.py:830} INFO - Processing file /opt/airflow/dags/minio_to_snowflake.py for tasks to queue
[2026-02-04T10:15:17.723+0000] {logging_mixin.py:188} INFO - [2026-02-04T10:15:17.722+0000] {dagbag.py:545} INFO - Filling up the DagBag from /opt/airflow/dags/minio_to_snowflake.py
[2026-02-04T10:15:18.914+0000] {processor.py:840} INFO - DAG(s) 'minio_to_snowflake' retrieved from /opt/airflow/dags/minio_to_snowflake.py
[2026-02-04T10:15:18.951+0000] {logging_mixin.py:188} INFO - [2026-02-04T10:15:18.950+0000] {dag.py:3089} INFO - Sync 1 DAGs
[2026-02-04T10:15:18.976+0000] {logging_mixin.py:188} INFO - [2026-02-04T10:15:18.975+0000] {dag.py:3947} INFO - Setting next_dagrun for minio_to_snowflake to 2026-02-04 10:15:00+00:00, run_after=2026-02-04 10:16:00+00:00
[2026-02-04T10:15:19.003+0000] {processor.py:183} INFO - Processing /opt/airflow/dags/minio_to_snowflake.py took 1.298 seconds
[2026-02-04T10:15:49.348+0000] {processor.py:161} INFO - Started process (PID=19602) to work on /opt/airflow/dags/minio_to_snowflake.py
[2026-02-04T10:15:49.350+0000] {processor.py:830} INFO - Processing file /opt/airflow/dags/minio_to_snowflake.py for tasks to queue
[2026-02-04T10:15:49.351+0000] {logging_mixin.py:188} INFO - [2026-02-04T10:15:49.351+0000] {dagbag.py:545} INFO - Filling up the DagBag from /opt/airflow/dags/minio_to_snowflake.py
[2026-02-04T10:15:50.548+0000] {processor.py:840} INFO - DAG(s) 'minio_to_snowflake' retrieved from /opt/airflow/dags/minio_to_snowflake.py
[2026-02-04T10:15:50.580+0000] {logging_mixin.py:188} INFO - [2026-02-04T10:15:50.580+0000] {dag.py:3089} INFO - Sync 1 DAGs
[2026-02-04T10:15:50.645+0000] {logging_mixin.py:188} INFO - [2026-02-04T10:15:50.644+0000] {dag.py:3947} INFO - Setting next_dagrun for minio_to_snowflake to 2026-02-04 10:15:00+00:00, run_after=2026-02-04 10:16:00+00:00
[2026-02-04T10:15:50.703+0000] {processor.py:183} INFO - Processing /opt/airflow/dags/minio_to_snowflake.py took 1.366 seconds
[2026-02-04T10:16:21.202+0000] {processor.py:161} INFO - Started process (PID=20878) to work on /opt/airflow/dags/minio_to_snowflake.py
[2026-02-04T10:16:21.207+0000] {processor.py:830} INFO - Processing file /opt/airflow/dags/minio_to_snowflake.py for tasks to queue
[2026-02-04T10:16:21.212+0000] {logging_mixin.py:188} INFO - [2026-02-04T10:16:21.210+0000] {dagbag.py:545} INFO - Filling up the DagBag from /opt/airflow/dags/minio_to_snowflake.py
[2026-02-04T10:16:22.476+0000] {processor.py:840} INFO - DAG(s) 'minio_to_snowflake' retrieved from /opt/airflow/dags/minio_to_snowflake.py
[2026-02-04T10:16:22.511+0000] {logging_mixin.py:188} INFO - [2026-02-04T10:16:22.511+0000] {dag.py:3089} INFO - Sync 1 DAGs
[2026-02-04T10:16:22.564+0000] {logging_mixin.py:188} INFO - [2026-02-04T10:16:22.564+0000] {dag.py:3947} INFO - Setting next_dagrun for minio_to_snowflake to 2026-02-04 10:16:00+00:00, run_after=2026-02-04 10:17:00+00:00
[2026-02-04T10:16:22.675+0000] {processor.py:183} INFO - Processing /opt/airflow/dags/minio_to_snowflake.py took 1.506 seconds
[2026-02-04T10:16:53.266+0000] {processor.py:161} INFO - Started process (PID=21174) to work on /opt/airflow/dags/minio_to_snowflake.py
[2026-02-04T10:16:53.270+0000] {processor.py:830} INFO - Processing file /opt/airflow/dags/minio_to_snowflake.py for tasks to queue
[2026-02-04T10:16:53.274+0000] {logging_mixin.py:188} INFO - [2026-02-04T10:16:53.273+0000] {dagbag.py:545} INFO - Filling up the DagBag from /opt/airflow/dags/minio_to_snowflake.py
[2026-02-04T10:16:54.556+0000] {processor.py:840} INFO - DAG(s) 'minio_to_snowflake' retrieved from /opt/airflow/dags/minio_to_snowflake.py
[2026-02-04T10:16:54.597+0000] {logging_mixin.py:188} INFO - [2026-02-04T10:16:54.596+0000] {dag.py:3089} INFO - Sync 1 DAGs
[2026-02-04T10:16:54.629+0000] {logging_mixin.py:188} INFO - [2026-02-04T10:16:54.628+0000] {dag.py:3947} INFO - Setting next_dagrun for minio_to_snowflake to 2026-02-04 10:16:00+00:00, run_after=2026-02-04 10:17:00+00:00
[2026-02-04T10:16:54.656+0000] {processor.py:183} INFO - Processing /opt/airflow/dags/minio_to_snowflake.py took 1.414 seconds
[2026-02-04T10:17:25.135+0000] {processor.py:161} INFO - Started process (PID=22475) to work on /opt/airflow/dags/minio_to_snowflake.py
[2026-02-04T10:17:25.139+0000] {processor.py:830} INFO - Processing file /opt/airflow/dags/minio_to_snowflake.py for tasks to queue
[2026-02-04T10:17:25.144+0000] {logging_mixin.py:188} INFO - [2026-02-04T10:17:25.142+0000] {dagbag.py:545} INFO - Filling up the DagBag from /opt/airflow/dags/minio_to_snowflake.py
[2026-02-04T10:17:26.414+0000] {processor.py:840} INFO - DAG(s) 'minio_to_snowflake' retrieved from /opt/airflow/dags/minio_to_snowflake.py
[2026-02-04T10:17:26.565+0000] {logging_mixin.py:188} INFO - [2026-02-04T10:17:26.558+0000] {dag.py:3089} INFO - Sync 1 DAGs
[2026-02-04T10:17:26.692+0000] {logging_mixin.py:188} INFO - [2026-02-04T10:17:26.692+0000] {dag.py:3947} INFO - Setting next_dagrun for minio_to_snowflake to 2026-02-04 10:17:00+00:00, run_after=2026-02-04 10:18:00+00:00
[2026-02-04T10:17:26.744+0000] {processor.py:183} INFO - Processing /opt/airflow/dags/minio_to_snowflake.py took 1.635 seconds
[2026-02-04T10:17:57.384+0000] {processor.py:161} INFO - Started process (PID=22775) to work on /opt/airflow/dags/minio_to_snowflake.py
[2026-02-04T10:17:57.388+0000] {processor.py:830} INFO - Processing file /opt/airflow/dags/minio_to_snowflake.py for tasks to queue
[2026-02-04T10:17:57.391+0000] {logging_mixin.py:188} INFO - [2026-02-04T10:17:57.390+0000] {dagbag.py:545} INFO - Filling up the DagBag from /opt/airflow/dags/minio_to_snowflake.py
[2026-02-04T10:17:58.796+0000] {processor.py:840} INFO - DAG(s) 'minio_to_snowflake' retrieved from /opt/airflow/dags/minio_to_snowflake.py
[2026-02-04T10:17:58.891+0000] {logging_mixin.py:188} INFO - [2026-02-04T10:17:58.890+0000] {dag.py:3089} INFO - Sync 1 DAGs
[2026-02-04T10:17:58.924+0000] {logging_mixin.py:188} INFO - [2026-02-04T10:17:58.923+0000] {dag.py:3947} INFO - Setting next_dagrun for minio_to_snowflake to 2026-02-04 10:17:00+00:00, run_after=2026-02-04 10:18:00+00:00
[2026-02-04T10:17:58.949+0000] {processor.py:183} INFO - Processing /opt/airflow/dags/minio_to_snowflake.py took 1.617 seconds
[2026-02-04T10:18:29.536+0000] {processor.py:161} INFO - Started process (PID=24086) to work on /opt/airflow/dags/minio_to_snowflake.py
[2026-02-04T10:18:29.540+0000] {processor.py:830} INFO - Processing file /opt/airflow/dags/minio_to_snowflake.py for tasks to queue
[2026-02-04T10:18:29.544+0000] {logging_mixin.py:188} INFO - [2026-02-04T10:18:29.543+0000] {dagbag.py:545} INFO - Filling up the DagBag from /opt/airflow/dags/minio_to_snowflake.py
[2026-02-04T10:18:31.109+0000] {processor.py:840} INFO - DAG(s) 'minio_to_snowflake' retrieved from /opt/airflow/dags/minio_to_snowflake.py
[2026-02-04T10:18:31.147+0000] {logging_mixin.py:188} INFO - [2026-02-04T10:18:31.146+0000] {dag.py:3089} INFO - Sync 1 DAGs
[2026-02-04T10:18:31.174+0000] {logging_mixin.py:188} INFO - [2026-02-04T10:18:31.173+0000] {dag.py:3947} INFO - Setting next_dagrun for minio_to_snowflake to 2026-02-04 10:18:00+00:00, run_after=2026-02-04 10:19:00+00:00
[2026-02-04T10:18:31.197+0000] {processor.py:183} INFO - Processing /opt/airflow/dags/minio_to_snowflake.py took 1.686 seconds
[2026-02-04T10:19:01.389+0000] {processor.py:161} INFO - Started process (PID=24353) to work on /opt/airflow/dags/minio_to_snowflake.py
[2026-02-04T10:19:01.390+0000] {processor.py:830} INFO - Processing file /opt/airflow/dags/minio_to_snowflake.py for tasks to queue
[2026-02-04T10:19:01.392+0000] {logging_mixin.py:188} INFO - [2026-02-04T10:19:01.391+0000] {dagbag.py:545} INFO - Filling up the DagBag from /opt/airflow/dags/minio_to_snowflake.py
[2026-02-04T10:19:02.539+0000] {processor.py:840} INFO - DAG(s) 'minio_to_snowflake' retrieved from /opt/airflow/dags/minio_to_snowflake.py
[2026-02-04T10:19:02.583+0000] {logging_mixin.py:188} INFO - [2026-02-04T10:19:02.581+0000] {dag.py:3089} INFO - Sync 1 DAGs
[2026-02-04T10:19:02.627+0000] {logging_mixin.py:188} INFO - [2026-02-04T10:19:02.627+0000] {dag.py:3947} INFO - Setting next_dagrun for minio_to_snowflake to 2026-02-04 10:19:00+00:00, run_after=2026-02-04 10:20:00+00:00
[2026-02-04T10:19:02.665+0000] {processor.py:183} INFO - Processing /opt/airflow/dags/minio_to_snowflake.py took 1.286 seconds
[2026-02-04T10:19:33.109+0000] {processor.py:161} INFO - Started process (PID=25657) to work on /opt/airflow/dags/minio_to_snowflake.py
[2026-02-04T10:19:33.120+0000] {processor.py:830} INFO - Processing file /opt/airflow/dags/minio_to_snowflake.py for tasks to queue
[2026-02-04T10:19:33.126+0000] {logging_mixin.py:188} INFO - [2026-02-04T10:19:33.124+0000] {dagbag.py:545} INFO - Filling up the DagBag from /opt/airflow/dags/minio_to_snowflake.py
[2026-02-04T10:19:34.263+0000] {processor.py:840} INFO - DAG(s) 'minio_to_snowflake' retrieved from /opt/airflow/dags/minio_to_snowflake.py
[2026-02-04T10:19:34.334+0000] {logging_mixin.py:188} INFO - [2026-02-04T10:19:34.333+0000] {dag.py:3089} INFO - Sync 1 DAGs
[2026-02-04T10:19:34.397+0000] {logging_mixin.py:188} INFO - [2026-02-04T10:19:34.396+0000] {dag.py:3947} INFO - Setting next_dagrun for minio_to_snowflake to 2026-02-04 10:19:00+00:00, run_after=2026-02-04 10:20:00+00:00
[2026-02-04T10:19:34.491+0000] {processor.py:183} INFO - Processing /opt/airflow/dags/minio_to_snowflake.py took 1.421 seconds
[2026-02-04T10:20:04.997+0000] {processor.py:161} INFO - Started process (PID=26229) to work on /opt/airflow/dags/minio_to_snowflake.py
[2026-02-04T10:20:04.999+0000] {processor.py:830} INFO - Processing file /opt/airflow/dags/minio_to_snowflake.py for tasks to queue
[2026-02-04T10:20:05.001+0000] {logging_mixin.py:188} INFO - [2026-02-04T10:20:05.001+0000] {dagbag.py:545} INFO - Filling up the DagBag from /opt/airflow/dags/minio_to_snowflake.py
[2026-02-04T10:20:06.183+0000] {processor.py:840} INFO - DAG(s) 'minio_to_snowflake' retrieved from /opt/airflow/dags/minio_to_snowflake.py
[2026-02-04T10:20:06.218+0000] {logging_mixin.py:188} INFO - [2026-02-04T10:20:06.218+0000] {dag.py:3089} INFO - Sync 1 DAGs
[2026-02-04T10:20:06.254+0000] {logging_mixin.py:188} INFO - [2026-02-04T10:20:06.254+0000] {dag.py:3947} INFO - Setting next_dagrun for minio_to_snowflake to 2026-02-04 10:20:00+00:00, run_after=2026-02-04 10:21:00+00:00
[2026-02-04T10:20:06.287+0000] {processor.py:183} INFO - Processing /opt/airflow/dags/minio_to_snowflake.py took 1.303 seconds
[2026-02-04T10:20:36.780+0000] {processor.py:161} INFO - Started process (PID=27222) to work on /opt/airflow/dags/minio_to_snowflake.py
[2026-02-04T10:20:36.785+0000] {processor.py:830} INFO - Processing file /opt/airflow/dags/minio_to_snowflake.py for tasks to queue
[2026-02-04T10:20:36.788+0000] {logging_mixin.py:188} INFO - [2026-02-04T10:20:36.787+0000] {dagbag.py:545} INFO - Filling up the DagBag from /opt/airflow/dags/minio_to_snowflake.py
[2026-02-04T10:20:38.226+0000] {processor.py:840} INFO - DAG(s) 'minio_to_snowflake' retrieved from /opt/airflow/dags/minio_to_snowflake.py
[2026-02-04T10:20:38.262+0000] {logging_mixin.py:188} INFO - [2026-02-04T10:20:38.259+0000] {dag.py:3089} INFO - Sync 1 DAGs
[2026-02-04T10:20:38.320+0000] {logging_mixin.py:188} INFO - [2026-02-04T10:20:38.319+0000] {dag.py:3947} INFO - Setting next_dagrun for minio_to_snowflake to 2026-02-04 10:20:00+00:00, run_after=2026-02-04 10:21:00+00:00
[2026-02-04T10:20:38.412+0000] {processor.py:183} INFO - Processing /opt/airflow/dags/minio_to_snowflake.py took 1.652 seconds
[2026-02-04T10:21:08.848+0000] {processor.py:161} INFO - Started process (PID=28385) to work on /opt/airflow/dags/minio_to_snowflake.py
[2026-02-04T10:21:08.854+0000] {processor.py:830} INFO - Processing file /opt/airflow/dags/minio_to_snowflake.py for tasks to queue
[2026-02-04T10:21:08.856+0000] {logging_mixin.py:188} INFO - [2026-02-04T10:21:08.856+0000] {dagbag.py:545} INFO - Filling up the DagBag from /opt/airflow/dags/minio_to_snowflake.py
[2026-02-04T10:21:10.085+0000] {processor.py:840} INFO - DAG(s) 'minio_to_snowflake' retrieved from /opt/airflow/dags/minio_to_snowflake.py
[2026-02-04T10:21:10.120+0000] {logging_mixin.py:188} INFO - [2026-02-04T10:21:10.120+0000] {dag.py:3089} INFO - Sync 1 DAGs
[2026-02-04T10:21:10.146+0000] {logging_mixin.py:188} INFO - [2026-02-04T10:21:10.146+0000] {dag.py:3947} INFO - Setting next_dagrun for minio_to_snowflake to 2026-02-04 10:21:00+00:00, run_after=2026-02-04 10:22:00+00:00
[2026-02-04T10:21:10.172+0000] {processor.py:183} INFO - Processing /opt/airflow/dags/minio_to_snowflake.py took 1.350 seconds
[2026-02-04T10:21:40.382+0000] {processor.py:161} INFO - Started process (PID=28796) to work on /opt/airflow/dags/minio_to_snowflake.py
[2026-02-04T10:21:40.385+0000] {processor.py:830} INFO - Processing file /opt/airflow/dags/minio_to_snowflake.py for tasks to queue
[2026-02-04T10:21:40.389+0000] {logging_mixin.py:188} INFO - [2026-02-04T10:21:40.388+0000] {dagbag.py:545} INFO - Filling up the DagBag from /opt/airflow/dags/minio_to_snowflake.py
[2026-02-04T10:21:41.618+0000] {processor.py:840} INFO - DAG(s) 'minio_to_snowflake' retrieved from /opt/airflow/dags/minio_to_snowflake.py
[2026-02-04T10:21:41.660+0000] {logging_mixin.py:188} INFO - [2026-02-04T10:21:41.659+0000] {dag.py:3089} INFO - Sync 1 DAGs
[2026-02-04T10:21:41.690+0000] {logging_mixin.py:188} INFO - [2026-02-04T10:21:41.690+0000] {dag.py:3947} INFO - Setting next_dagrun for minio_to_snowflake to 2026-02-04 10:21:00+00:00, run_after=2026-02-04 10:22:00+00:00
[2026-02-04T10:21:41.715+0000] {processor.py:183} INFO - Processing /opt/airflow/dags/minio_to_snowflake.py took 1.354 seconds
[2026-02-04T10:22:12.075+0000] {processor.py:161} INFO - Started process (PID=30071) to work on /opt/airflow/dags/minio_to_snowflake.py
[2026-02-04T10:22:12.078+0000] {processor.py:830} INFO - Processing file /opt/airflow/dags/minio_to_snowflake.py for tasks to queue
[2026-02-04T10:22:12.080+0000] {logging_mixin.py:188} INFO - [2026-02-04T10:22:12.079+0000] {dagbag.py:545} INFO - Filling up the DagBag from /opt/airflow/dags/minio_to_snowflake.py
[2026-02-04T10:22:13.417+0000] {processor.py:840} INFO - DAG(s) 'minio_to_snowflake' retrieved from /opt/airflow/dags/minio_to_snowflake.py
[2026-02-04T10:22:13.457+0000] {logging_mixin.py:188} INFO - [2026-02-04T10:22:13.456+0000] {dag.py:3089} INFO - Sync 1 DAGs
[2026-02-04T10:22:13.486+0000] {logging_mixin.py:188} INFO - [2026-02-04T10:22:13.485+0000] {dag.py:3947} INFO - Setting next_dagrun for minio_to_snowflake to 2026-02-04 10:22:00+00:00, run_after=2026-02-04 10:23:00+00:00
[2026-02-04T10:22:13.514+0000] {processor.py:183} INFO - Processing /opt/airflow/dags/minio_to_snowflake.py took 1.459 seconds
[2026-02-04T10:22:44.091+0000] {processor.py:161} INFO - Started process (PID=30380) to work on /opt/airflow/dags/minio_to_snowflake.py
[2026-02-04T10:22:44.094+0000] {processor.py:830} INFO - Processing file /opt/airflow/dags/minio_to_snowflake.py for tasks to queue
[2026-02-04T10:22:44.097+0000] {logging_mixin.py:188} INFO - [2026-02-04T10:22:44.096+0000] {dagbag.py:545} INFO - Filling up the DagBag from /opt/airflow/dags/minio_to_snowflake.py
[2026-02-04T10:22:45.269+0000] {processor.py:840} INFO - DAG(s) 'minio_to_snowflake' retrieved from /opt/airflow/dags/minio_to_snowflake.py
[2026-02-04T10:22:45.302+0000] {logging_mixin.py:188} INFO - [2026-02-04T10:22:45.302+0000] {dag.py:3089} INFO - Sync 1 DAGs
[2026-02-04T10:22:45.334+0000] {logging_mixin.py:188} INFO - [2026-02-04T10:22:45.334+0000] {dag.py:3947} INFO - Setting next_dagrun for minio_to_snowflake to 2026-02-04 10:22:00+00:00, run_after=2026-02-04 10:23:00+00:00
[2026-02-04T10:22:45.363+0000] {processor.py:183} INFO - Processing /opt/airflow/dags/minio_to_snowflake.py took 1.287 seconds
[2026-02-04T10:23:15.840+0000] {processor.py:161} INFO - Started process (PID=31657) to work on /opt/airflow/dags/minio_to_snowflake.py
[2026-02-04T10:23:15.843+0000] {processor.py:830} INFO - Processing file /opt/airflow/dags/minio_to_snowflake.py for tasks to queue
[2026-02-04T10:23:15.847+0000] {logging_mixin.py:188} INFO - [2026-02-04T10:23:15.845+0000] {dagbag.py:545} INFO - Filling up the DagBag from /opt/airflow/dags/minio_to_snowflake.py
[2026-02-04T10:23:17.091+0000] {processor.py:840} INFO - DAG(s) 'minio_to_snowflake' retrieved from /opt/airflow/dags/minio_to_snowflake.py
[2026-02-04T10:23:17.131+0000] {logging_mixin.py:188} INFO - [2026-02-04T10:23:17.131+0000] {dag.py:3089} INFO - Sync 1 DAGs
[2026-02-04T10:23:17.163+0000] {logging_mixin.py:188} INFO - [2026-02-04T10:23:17.163+0000] {dag.py:3947} INFO - Setting next_dagrun for minio_to_snowflake to 2026-02-04 10:23:00+00:00, run_after=2026-02-04 10:24:00+00:00
[2026-02-04T10:23:17.192+0000] {processor.py:183} INFO - Processing /opt/airflow/dags/minio_to_snowflake.py took 1.376 seconds
[2026-02-04T10:23:47.369+0000] {processor.py:161} INFO - Started process (PID=31964) to work on /opt/airflow/dags/minio_to_snowflake.py
[2026-02-04T10:23:47.371+0000] {processor.py:830} INFO - Processing file /opt/airflow/dags/minio_to_snowflake.py for tasks to queue
[2026-02-04T10:23:47.374+0000] {logging_mixin.py:188} INFO - [2026-02-04T10:23:47.373+0000] {dagbag.py:545} INFO - Filling up the DagBag from /opt/airflow/dags/minio_to_snowflake.py
[2026-02-04T10:23:48.665+0000] {processor.py:840} INFO - DAG(s) 'minio_to_snowflake' retrieved from /opt/airflow/dags/minio_to_snowflake.py
[2026-02-04T10:23:48.720+0000] {logging_mixin.py:188} INFO - [2026-02-04T10:23:48.719+0000] {dag.py:3089} INFO - Sync 1 DAGs
[2026-02-04T10:23:48.752+0000] {logging_mixin.py:188} INFO - [2026-02-04T10:23:48.752+0000] {dag.py:3947} INFO - Setting next_dagrun for minio_to_snowflake to 2026-02-04 10:23:00+00:00, run_after=2026-02-04 10:24:00+00:00
[2026-02-04T10:23:48.785+0000] {processor.py:183} INFO - Processing /opt/airflow/dags/minio_to_snowflake.py took 1.432 seconds
[2026-02-04T10:24:19.069+0000] {processor.py:161} INFO - Started process (PID=33248) to work on /opt/airflow/dags/minio_to_snowflake.py
[2026-02-04T10:24:19.072+0000] {processor.py:830} INFO - Processing file /opt/airflow/dags/minio_to_snowflake.py for tasks to queue
[2026-02-04T10:24:19.075+0000] {logging_mixin.py:188} INFO - [2026-02-04T10:24:19.074+0000] {dagbag.py:545} INFO - Filling up the DagBag from /opt/airflow/dags/minio_to_snowflake.py
[2026-02-04T10:24:20.705+0000] {processor.py:840} INFO - DAG(s) 'minio_to_snowflake' retrieved from /opt/airflow/dags/minio_to_snowflake.py
[2026-02-04T10:24:20.740+0000] {logging_mixin.py:188} INFO - [2026-02-04T10:24:20.740+0000] {dag.py:3089} INFO - Sync 1 DAGs
[2026-02-04T10:24:20.767+0000] {logging_mixin.py:188} INFO - [2026-02-04T10:24:20.767+0000] {dag.py:3947} INFO - Setting next_dagrun for minio_to_snowflake to 2026-02-04 10:24:00+00:00, run_after=2026-02-04 10:25:00+00:00
[2026-02-04T10:24:20.798+0000] {processor.py:183} INFO - Processing /opt/airflow/dags/minio_to_snowflake.py took 1.747 seconds
[2026-02-04T10:24:51.395+0000] {processor.py:161} INFO - Started process (PID=33532) to work on /opt/airflow/dags/minio_to_snowflake.py
[2026-02-04T10:24:51.399+0000] {processor.py:830} INFO - Processing file /opt/airflow/dags/minio_to_snowflake.py for tasks to queue
[2026-02-04T10:24:51.404+0000] {logging_mixin.py:188} INFO - [2026-02-04T10:24:51.402+0000] {dagbag.py:545} INFO - Filling up the DagBag from /opt/airflow/dags/minio_to_snowflake.py
[2026-02-04T10:24:52.897+0000] {processor.py:840} INFO - DAG(s) 'minio_to_snowflake' retrieved from /opt/airflow/dags/minio_to_snowflake.py
[2026-02-04T10:24:52.931+0000] {logging_mixin.py:188} INFO - [2026-02-04T10:24:52.931+0000] {dag.py:3089} INFO - Sync 1 DAGs
[2026-02-04T10:24:52.962+0000] {logging_mixin.py:188} INFO - [2026-02-04T10:24:52.962+0000] {dag.py:3947} INFO - Setting next_dagrun for minio_to_snowflake to 2026-02-04 10:24:00+00:00, run_after=2026-02-04 10:25:00+00:00
[2026-02-04T10:24:52.991+0000] {processor.py:183} INFO - Processing /opt/airflow/dags/minio_to_snowflake.py took 1.626 seconds
[2026-02-04T10:25:23.480+0000] {processor.py:161} INFO - Started process (PID=34828) to work on /opt/airflow/dags/minio_to_snowflake.py
[2026-02-04T10:25:23.483+0000] {processor.py:830} INFO - Processing file /opt/airflow/dags/minio_to_snowflake.py for tasks to queue
[2026-02-04T10:25:23.487+0000] {logging_mixin.py:188} INFO - [2026-02-04T10:25:23.486+0000] {dagbag.py:545} INFO - Filling up the DagBag from /opt/airflow/dags/minio_to_snowflake.py
[2026-02-04T10:25:24.692+0000] {processor.py:840} INFO - DAG(s) 'minio_to_snowflake' retrieved from /opt/airflow/dags/minio_to_snowflake.py
[2026-02-04T10:25:24.727+0000] {logging_mixin.py:188} INFO - [2026-02-04T10:25:24.727+0000] {dag.py:3089} INFO - Sync 1 DAGs
[2026-02-04T10:25:24.756+0000] {logging_mixin.py:188} INFO - [2026-02-04T10:25:24.755+0000] {dag.py:3947} INFO - Setting next_dagrun for minio_to_snowflake to 2026-02-04 10:25:00+00:00, run_after=2026-02-04 10:26:00+00:00
[2026-02-04T10:25:24.780+0000] {processor.py:183} INFO - Processing /opt/airflow/dags/minio_to_snowflake.py took 1.320 seconds
[2026-02-04T10:25:55.425+0000] {processor.py:161} INFO - Started process (PID=35089) to work on /opt/airflow/dags/minio_to_snowflake.py
[2026-02-04T10:25:55.430+0000] {processor.py:830} INFO - Processing file /opt/airflow/dags/minio_to_snowflake.py for tasks to queue
[2026-02-04T10:25:55.434+0000] {logging_mixin.py:188} INFO - [2026-02-04T10:25:55.433+0000] {dagbag.py:545} INFO - Filling up the DagBag from /opt/airflow/dags/minio_to_snowflake.py
[2026-02-04T10:25:56.697+0000] {processor.py:840} INFO - DAG(s) 'minio_to_snowflake' retrieved from /opt/airflow/dags/minio_to_snowflake.py
[2026-02-04T10:25:56.728+0000] {logging_mixin.py:188} INFO - [2026-02-04T10:25:56.728+0000] {dag.py:3089} INFO - Sync 1 DAGs
[2026-02-04T10:25:56.757+0000] {logging_mixin.py:188} INFO - [2026-02-04T10:25:56.757+0000] {dag.py:3947} INFO - Setting next_dagrun for minio_to_snowflake to 2026-02-04 10:25:00+00:00, run_after=2026-02-04 10:26:00+00:00
[2026-02-04T10:25:56.784+0000] {processor.py:183} INFO - Processing /opt/airflow/dags/minio_to_snowflake.py took 1.392 seconds
[2026-02-04T10:26:27.710+0000] {processor.py:161} INFO - Started process (PID=36387) to work on /opt/airflow/dags/minio_to_snowflake.py
[2026-02-04T10:26:27.716+0000] {processor.py:830} INFO - Processing file /opt/airflow/dags/minio_to_snowflake.py for tasks to queue
[2026-02-04T10:26:27.720+0000] {logging_mixin.py:188} INFO - [2026-02-04T10:26:27.719+0000] {dagbag.py:545} INFO - Filling up the DagBag from /opt/airflow/dags/minio_to_snowflake.py
[2026-02-04T10:26:29.182+0000] {processor.py:840} INFO - DAG(s) 'minio_to_snowflake' retrieved from /opt/airflow/dags/minio_to_snowflake.py
[2026-02-04T10:26:29.215+0000] {logging_mixin.py:188} INFO - [2026-02-04T10:26:29.214+0000] {dag.py:3089} INFO - Sync 1 DAGs
[2026-02-04T10:26:29.244+0000] {logging_mixin.py:188} INFO - [2026-02-04T10:26:29.243+0000] {dag.py:3947} INFO - Setting next_dagrun for minio_to_snowflake to 2026-02-04 10:26:00+00:00, run_after=2026-02-04 10:27:00+00:00
[2026-02-04T10:26:29.298+0000] {processor.py:183} INFO - Processing /opt/airflow/dags/minio_to_snowflake.py took 1.629 seconds
[2026-02-04T10:26:59.844+0000] {processor.py:161} INFO - Started process (PID=36648) to work on /opt/airflow/dags/minio_to_snowflake.py
[2026-02-04T10:26:59.846+0000] {processor.py:830} INFO - Processing file /opt/airflow/dags/minio_to_snowflake.py for tasks to queue
[2026-02-04T10:26:59.852+0000] {logging_mixin.py:188} INFO - [2026-02-04T10:26:59.851+0000] {dagbag.py:545} INFO - Filling up the DagBag from /opt/airflow/dags/minio_to_snowflake.py
[2026-02-04T10:27:01.295+0000] {processor.py:840} INFO - DAG(s) 'minio_to_snowflake' retrieved from /opt/airflow/dags/minio_to_snowflake.py
[2026-02-04T10:27:01.360+0000] {logging_mixin.py:188} INFO - [2026-02-04T10:27:01.358+0000] {dag.py:3089} INFO - Sync 1 DAGs
[2026-02-04T10:27:01.404+0000] {logging_mixin.py:188} INFO - [2026-02-04T10:27:01.404+0000] {dag.py:3947} INFO - Setting next_dagrun for minio_to_snowflake to 2026-02-04 10:27:00+00:00, run_after=2026-02-04 10:28:00+00:00
[2026-02-04T10:27:01.446+0000] {processor.py:183} INFO - Processing /opt/airflow/dags/minio_to_snowflake.py took 1.618 seconds
[2026-02-04T10:27:32.246+0000] {processor.py:161} INFO - Started process (PID=37956) to work on /opt/airflow/dags/minio_to_snowflake.py
[2026-02-04T10:27:32.249+0000] {processor.py:830} INFO - Processing file /opt/airflow/dags/minio_to_snowflake.py for tasks to queue
[2026-02-04T10:27:32.253+0000] {logging_mixin.py:188} INFO - [2026-02-04T10:27:32.251+0000] {dagbag.py:545} INFO - Filling up the DagBag from /opt/airflow/dags/minio_to_snowflake.py
[2026-02-04T10:27:33.526+0000] {processor.py:840} INFO - DAG(s) 'minio_to_snowflake' retrieved from /opt/airflow/dags/minio_to_snowflake.py
[2026-02-04T10:27:33.590+0000] {logging_mixin.py:188} INFO - [2026-02-04T10:27:33.587+0000] {dag.py:3089} INFO - Sync 1 DAGs
[2026-02-04T10:27:33.685+0000] {logging_mixin.py:188} INFO - [2026-02-04T10:27:33.684+0000] {dag.py:3947} INFO - Setting next_dagrun for minio_to_snowflake to 2026-02-04 10:27:00+00:00, run_after=2026-02-04 10:28:00+00:00
[2026-02-04T10:27:34.534+0000] {processor.py:183} INFO - Processing /opt/airflow/dags/minio_to_snowflake.py took 2.309 seconds
[2026-02-04T12:27:53.076+0000] {processor.py:161} INFO - Started process (PID=37973) to work on /opt/airflow/dags/minio_to_snowflake.py
[2026-02-04T12:27:53.078+0000] {processor.py:830} INFO - Processing file /opt/airflow/dags/minio_to_snowflake.py for tasks to queue
[2026-02-04T12:27:53.079+0000] {logging_mixin.py:188} INFO - [2026-02-04T12:27:53.079+0000] {dagbag.py:545} INFO - Filling up the DagBag from /opt/airflow/dags/minio_to_snowflake.py
[2026-02-04T12:27:55.842+0000] {processor.py:840} INFO - DAG(s) 'minio_to_snowflake' retrieved from /opt/airflow/dags/minio_to_snowflake.py
[2026-02-04T12:27:55.892+0000] {logging_mixin.py:188} INFO - [2026-02-04T12:27:55.891+0000] {dag.py:3089} INFO - Sync 1 DAGs
[2026-02-04T12:27:55.928+0000] {logging_mixin.py:188} INFO - [2026-02-04T12:27:55.927+0000] {dag.py:3947} INFO - Setting next_dagrun for minio_to_snowflake to 2026-02-04 12:27:00+00:00, run_after=2026-02-04 12:28:00+00:00
[2026-02-04T12:27:55.991+0000] {processor.py:183} INFO - Processing /opt/airflow/dags/minio_to_snowflake.py took 2.929 seconds
[2026-02-04T12:28:26.779+0000] {processor.py:161} INFO - Started process (PID=40066) to work on /opt/airflow/dags/minio_to_snowflake.py
[2026-02-04T12:28:26.946+0000] {processor.py:830} INFO - Processing file /opt/airflow/dags/minio_to_snowflake.py for tasks to queue
[2026-02-04T12:28:26.952+0000] {logging_mixin.py:188} INFO - [2026-02-04T12:28:26.950+0000] {dagbag.py:545} INFO - Filling up the DagBag from /opt/airflow/dags/minio_to_snowflake.py
[2026-02-04T12:28:29.763+0000] {processor.py:840} INFO - DAG(s) 'minio_to_snowflake' retrieved from /opt/airflow/dags/minio_to_snowflake.py
[2026-02-04T12:28:29.823+0000] {logging_mixin.py:188} INFO - [2026-02-04T12:28:29.822+0000] {taskinstance.py:2907} ERROR - {'DAG Id': 'minio_to_snowflake', 'Task Id': 'load_snowflake', 'Run Id': 'scheduled__2026-02-04T10:23:00+00:00', 'Hostname': '1a57f62d265e'}
[2026-02-04T12:28:29.865+0000] {logging_mixin.py:188} INFO - [2026-02-04T12:28:29.865+0000] {taskinstance.py:1206} INFO - Marking task as FAILED. dag_id=minio_to_snowflake, task_id=load_snowflake, run_id=scheduled__2026-02-04T10:23:00+00:00, execution_date=20260204T102300, start_date=20260204T102412, end_date=20260204T122829
[2026-02-04T12:28:29.882+0000] {processor.py:791} INFO - Executed failure callback for <TaskInstance: minio_to_snowflake.load_snowflake scheduled__2026-02-04T10:23:00+00:00 [failed]> in state failed
[2026-02-04T12:28:29.887+0000] {logging_mixin.py:188} INFO - [2026-02-04T12:28:29.886+0000] {taskinstance.py:2907} ERROR - {'DAG Id': 'minio_to_snowflake', 'Task Id': 'load_snowflake', 'Run Id': 'scheduled__2026-02-04T10:24:00+00:00', 'Hostname': '1a57f62d265e'}
[2026-02-04T12:28:29.910+0000] {logging_mixin.py:188} INFO - [2026-02-04T12:28:29.910+0000] {taskinstance.py:1206} INFO - Marking task as FAILED. dag_id=minio_to_snowflake, task_id=load_snowflake, run_id=scheduled__2026-02-04T10:24:00+00:00, execution_date=20260204T102400, start_date=20260204T102512, end_date=20260204T122829
[2026-02-04T12:28:29.919+0000] {processor.py:791} INFO - Executed failure callback for <TaskInstance: minio_to_snowflake.load_snowflake scheduled__2026-02-04T10:24:00+00:00 [failed]> in state failed
[2026-02-04T12:28:30.390+0000] {logging_mixin.py:188} INFO - [2026-02-04T12:28:30.389+0000] {dag.py:3089} INFO - Sync 1 DAGs
[2026-02-04T12:28:30.444+0000] {logging_mixin.py:188} INFO - [2026-02-04T12:28:30.443+0000] {dag.py:3947} INFO - Setting next_dagrun for minio_to_snowflake to 2026-02-04 12:28:00+00:00, run_after=2026-02-04 12:29:00+00:00
[2026-02-04T12:28:30.973+0000] {processor.py:183} INFO - Processing /opt/airflow/dags/minio_to_snowflake.py took 4.269 seconds
