[2026-02-17T11:36:05.639+0000] {local_task_job_runner.py:120} INFO - ::group::Pre task execution logs
[2026-02-17T11:36:05.870+0000] {taskinstance.py:2076} INFO - Dependencies all met for dep_context=non-requeueable deps ti=<TaskInstance: minio_to_snowflake.load_snowflake scheduled__2026-02-17T11:30:00+00:00 [queued]>
[2026-02-17T11:36:05.895+0000] {taskinstance.py:2076} INFO - Dependencies all met for dep_context=requeueable deps ti=<TaskInstance: minio_to_snowflake.load_snowflake scheduled__2026-02-17T11:30:00+00:00 [queued]>
[2026-02-17T11:36:05.899+0000] {taskinstance.py:2306} INFO - Starting attempt 1 of 2
[2026-02-17T11:36:05.941+0000] {taskinstance.py:2330} INFO - Executing <Task(PythonOperator): load_snowflake> on 2026-02-17 11:30:00+00:00
[2026-02-17T11:36:05.974+0000] {standard_task_runner.py:90} INFO - Running: ['***', 'tasks', 'run', 'minio_to_snowflake', 'load_snowflake', 'scheduled__2026-02-17T11:30:00+00:00', '--job-id', '1543', '--raw', '--subdir', 'DAGS_FOLDER/minio_to_snowflake.py', '--cfg-path', '/tmp/tmpyuv2s4nh']
[2026-02-17T11:36:05.986+0000] {standard_task_runner.py:91} INFO - Job 1543: Subtask load_snowflake
[2026-02-17T11:36:05.992+0000] {logging_mixin.py:188} WARNING - /home/***/.local/lib/python3.12/site-packages/***/task/task_runner/standard_task_runner.py:62 DeprecationWarning: This process (pid=30655) is multi-threaded, use of fork() may lead to deadlocks in the child.
[2026-02-17T11:36:06.000+0000] {standard_task_runner.py:64} INFO - Started process 30684 to run task
[2026-02-17T11:36:06.325+0000] {task_command.py:426} INFO - Running <TaskInstance: minio_to_snowflake.load_snowflake scheduled__2026-02-17T11:30:00+00:00 [running]> on host bc06947cd9a6
[2026-02-17T11:36:07.043+0000] {taskinstance.py:2648} INFO - Exporting env vars: AIRFLOW_CTX_DAG_OWNER='***' AIRFLOW_CTX_DAG_ID='minio_to_snowflake' AIRFLOW_CTX_TASK_ID='load_snowflake' AIRFLOW_CTX_EXECUTION_DATE='2026-02-17T11:30:00+00:00' AIRFLOW_CTX_TRY_NUMBER='1' AIRFLOW_CTX_DAG_RUN_ID='scheduled__2026-02-17T11:30:00+00:00'
[2026-02-17T11:36:07.054+0000] {taskinstance.py:430} INFO - ::endgroup::
[2026-02-17T11:36:07.499+0000] {connection.py:408} INFO - Snowflake Connector for Python Version: 3.11.0, Python Version: 3.12.4, Platform: Linux-6.6.87.2-microsoft-standard-WSL2-x86_64-with-glibc2.36
[2026-02-17T11:36:07.517+0000] {connection.py:1258} INFO - This connection is in OCSP Fail Open Mode. TLS Certificates would be checked for validity and revocation status. Any other Certificate Revocation related exceptions or OCSP Responder failures would be disregarded in favor of connectivity.
[2026-02-17T11:36:11.058+0000] {logging_mixin.py:188} INFO - Uploading /opt/***/data/minio/AAPL/1771324930.json to Snowflake stage...
[2026-02-17T11:36:22.815+0000] {connectionpool.py:824} WARNING - Retrying (Retry(total=0, connect=None, read=None, redirect=None, status=None)) after connection broken by 'ProtocolError('Connection aborted.', RemoteDisconnected('Remote end closed connection without response'))': /ev2g1000-s/tables/83986386969/1771324930.json.gz
[2026-02-17T11:36:36.012+0000] {logging_mixin.py:188} INFO - Uploading /opt/***/data/minio/AAPL/1771324943.json to Snowflake stage...
[2026-02-17T11:36:37.855+0000] {logging_mixin.py:188} INFO - Uploading /opt/***/data/minio/AAPL/1771324953.json to Snowflake stage...
[2026-02-17T11:36:42.048+0000] {logging_mixin.py:188} INFO - Uploading /opt/***/data/minio/AAPL/1771324964.json to Snowflake stage...
[2026-02-17T11:36:42.798+0000] {logging_mixin.py:188} INFO - Uploading /opt/***/data/minio/AAPL/1771324974.json to Snowflake stage...
[2026-02-17T11:36:43.359+0000] {logging_mixin.py:188} INFO - Uploading /opt/***/data/minio/AAPL/1771324985.json to Snowflake stage...
[2026-02-17T11:36:44.073+0000] {logging_mixin.py:188} INFO - Uploading /opt/***/data/minio/AAPL/1771324996.json to Snowflake stage...
[2026-02-17T11:36:44.592+0000] {logging_mixin.py:188} INFO - Uploading /opt/***/data/minio/AAPL/1771325007.json to Snowflake stage...
[2026-02-17T11:36:46.286+0000] {logging_mixin.py:188} INFO - Uploading /opt/***/data/minio/AAPL/1771325017.json to Snowflake stage...
[2026-02-17T11:36:46.907+0000] {logging_mixin.py:188} INFO - Uploading /opt/***/data/minio/AAPL/1771325028.json to Snowflake stage...
[2026-02-17T11:36:47.537+0000] {logging_mixin.py:188} INFO - Uploading /opt/***/data/minio/AAPL/1771325039.json to Snowflake stage...
[2026-02-17T11:36:48.093+0000] {logging_mixin.py:188} INFO - Uploading /opt/***/data/minio/AAPL/1771325049.json to Snowflake stage...
[2026-02-17T11:36:49.002+0000] {logging_mixin.py:188} INFO - Uploading /opt/***/data/minio/AAPL/1771325059.json to Snowflake stage...
[2026-02-17T11:36:49.599+0000] {logging_mixin.py:188} INFO - Uploading /opt/***/data/minio/AAPL/1771325069.json to Snowflake stage...
[2026-02-17T11:36:50.111+0000] {logging_mixin.py:188} INFO - Uploading /opt/***/data/minio/AAPL/1771325080.json to Snowflake stage...
[2026-02-17T11:36:50.866+0000] {logging_mixin.py:188} INFO - Uploading /opt/***/data/minio/AAPL/1771325090.json to Snowflake stage...
[2026-02-17T11:36:51.551+0000] {logging_mixin.py:188} INFO - Uploading /opt/***/data/minio/AAPL/1771325101.json to Snowflake stage...
[2026-02-17T11:36:52.179+0000] {logging_mixin.py:188} INFO - Uploading /opt/***/data/minio/AAPL/1771325112.json to Snowflake stage...
[2026-02-17T11:36:52.655+0000] {logging_mixin.py:188} INFO - Uploading /opt/***/data/minio/AAPL/1771325122.json to Snowflake stage...
[2026-02-17T11:36:53.156+0000] {logging_mixin.py:188} INFO - Uploading /opt/***/data/minio/AAPL/1771325132.json to Snowflake stage...
[2026-02-17T11:36:53.800+0000] {logging_mixin.py:188} INFO - Uploading /opt/***/data/minio/AAPL/1771325143.json to Snowflake stage...
[2026-02-17T11:36:54.468+0000] {logging_mixin.py:188} INFO - Uploading /opt/***/data/minio/AAPL/1771325153.json to Snowflake stage...
[2026-02-17T11:36:55.148+0000] {logging_mixin.py:188} INFO - Uploading /opt/***/data/minio/AAPL/1771325163.json to Snowflake stage...
[2026-02-17T11:36:55.893+0000] {logging_mixin.py:188} INFO - Uploading /opt/***/data/minio/AAPL/1771325174.json to Snowflake stage...
[2026-02-17T11:36:56.526+0000] {logging_mixin.py:188} INFO - Uploading /opt/***/data/minio/AAPL/1771325184.json to Snowflake stage...
[2026-02-17T11:36:57.170+0000] {logging_mixin.py:188} INFO - Uploading /opt/***/data/minio/AAPL/1771325195.json to Snowflake stage...
[2026-02-17T11:36:57.881+0000] {logging_mixin.py:188} INFO - Uploading /opt/***/data/minio/AAPL/1771325205.json to Snowflake stage...
[2026-02-17T11:36:58.490+0000] {logging_mixin.py:188} INFO - Uploading /opt/***/data/minio/AAPL/1771325215.json to Snowflake stage...
[2026-02-17T11:36:59.124+0000] {logging_mixin.py:188} INFO - Uploading /opt/***/data/minio/AAPL/1771325226.json to Snowflake stage...
[2026-02-17T11:36:59.804+0000] {logging_mixin.py:188} INFO - Uploading /opt/***/data/minio/AAPL/1771325236.json to Snowflake stage...
[2026-02-17T11:37:00.348+0000] {logging_mixin.py:188} INFO - Uploading /opt/***/data/minio/AAPL/1771325247.json to Snowflake stage...
[2026-02-17T11:37:00.850+0000] {logging_mixin.py:188} INFO - Uploading /opt/***/data/minio/AAPL/1771325257.json to Snowflake stage...
[2026-02-17T11:37:01.356+0000] {logging_mixin.py:188} INFO - Uploading /opt/***/data/minio/AAPL/1771325269.json to Snowflake stage...
[2026-02-17T11:37:01.888+0000] {logging_mixin.py:188} INFO - Uploading /opt/***/data/minio/AAPL/1771325279.json to Snowflake stage...
[2026-02-17T11:37:02.487+0000] {logging_mixin.py:188} INFO - Uploading /opt/***/data/minio/AAPL/1771325289.json to Snowflake stage...
[2026-02-17T11:37:04.105+0000] {logging_mixin.py:188} INFO - Uploading /opt/***/data/minio/AAPL/1771325300.json to Snowflake stage...
[2026-02-17T11:37:04.756+0000] {logging_mixin.py:188} INFO - Uploading /opt/***/data/minio/AAPL/1771325334.json to Snowflake stage...
[2026-02-17T11:37:05.386+0000] {logging_mixin.py:188} INFO - Uploading /opt/***/data/minio/AAPL/1771325344.json to Snowflake stage...
[2026-02-17T11:37:06.125+0000] {logging_mixin.py:188} INFO - Uploading /opt/***/data/minio/AAPL/1771325354.json to Snowflake stage...
[2026-02-17T11:37:06.767+0000] {logging_mixin.py:188} INFO - Uploading /opt/***/data/minio/AAPL/1771325365.json to Snowflake stage...
[2026-02-17T11:37:07.422+0000] {logging_mixin.py:188} INFO - Uploading /opt/***/data/minio/AAPL/1771325375.json to Snowflake stage...
[2026-02-17T11:37:08.154+0000] {logging_mixin.py:188} INFO - Uploading /opt/***/data/minio/AAPL/1771325385.json to Snowflake stage...
[2026-02-17T11:37:08.688+0000] {logging_mixin.py:188} INFO - Uploading /opt/***/data/minio/AAPL/1771325396.json to Snowflake stage...
[2026-02-17T11:37:09.565+0000] {logging_mixin.py:188} INFO - Uploading /opt/***/data/minio/AAPL/1771325408.json to Snowflake stage...
[2026-02-17T11:37:10.278+0000] {logging_mixin.py:188} INFO - Uploading /opt/***/data/minio/AAPL/1771325419.json to Snowflake stage...
[2026-02-17T11:37:10.928+0000] {logging_mixin.py:188} INFO - Uploading /opt/***/data/minio/AAPL/1771325431.json to Snowflake stage...
[2026-02-17T11:37:11.498+0000] {logging_mixin.py:188} INFO - Uploading /opt/***/data/minio/AAPL/1771325442.json to Snowflake stage...
[2026-02-17T11:37:12.009+0000] {logging_mixin.py:188} INFO - Uploading /opt/***/data/minio/AAPL/1771325454.json to Snowflake stage...
[2026-02-17T11:37:12.508+0000] {logging_mixin.py:188} INFO - Uploading /opt/***/data/minio/AAPL/1771325464.json to Snowflake stage...
[2026-02-17T11:37:13.001+0000] {logging_mixin.py:188} INFO - Uploading /opt/***/data/minio/AAPL/1771325474.json to Snowflake stage...
[2026-02-17T11:37:13.541+0000] {logging_mixin.py:188} INFO - Uploading /opt/***/data/minio/AAPL/1771325485.json to Snowflake stage...
[2026-02-17T11:37:14.201+0000] {logging_mixin.py:188} INFO - Uploading /opt/***/data/minio/AAPL/1771325496.json to Snowflake stage...
[2026-02-17T11:37:14.991+0000] {logging_mixin.py:188} INFO - Uploading /opt/***/data/minio/AAPL/1771325507.json to Snowflake stage...
[2026-02-17T11:37:15.719+0000] {logging_mixin.py:188} INFO - Uploading /opt/***/data/minio/AAPL/1771325517.json to Snowflake stage...
[2026-02-17T11:37:16.359+0000] {logging_mixin.py:188} INFO - Uploading /opt/***/data/minio/AAPL/1771325528.json to Snowflake stage...
[2026-02-17T11:37:17.016+0000] {logging_mixin.py:188} INFO - Uploading /opt/***/data/minio/AAPL/1771325539.json to Snowflake stage...
[2026-02-17T11:37:17.746+0000] {logging_mixin.py:188} INFO - Uploading /opt/***/data/minio/AAPL/1771325549.json to Snowflake stage...
[2026-02-17T11:37:18.349+0000] {logging_mixin.py:188} INFO - Uploading /opt/***/data/minio/AAPL/1771325559.json to Snowflake stage...
[2026-02-17T11:37:19.002+0000] {logging_mixin.py:188} INFO - Uploading /opt/***/data/minio/AAPL/1771325569.json to Snowflake stage...
[2026-02-17T11:37:19.589+0000] {logging_mixin.py:188} INFO - Uploading /opt/***/data/minio/AAPL/1771325580.json to Snowflake stage...
[2026-02-17T11:37:20.206+0000] {logging_mixin.py:188} INFO - Uploading /opt/***/data/minio/AAPL/1771325590.json to Snowflake stage...
[2026-02-17T11:37:20.852+0000] {logging_mixin.py:188} INFO - Uploading /opt/***/data/minio/AAPL/1771325600.json to Snowflake stage...
[2026-02-17T11:37:21.588+0000] {logging_mixin.py:188} INFO - Uploading /opt/***/data/minio/AAPL/1771325612.json to Snowflake stage...
[2026-02-17T11:37:22.305+0000] {logging_mixin.py:188} INFO - Uploading /opt/***/data/minio/AAPL/1771325623.json to Snowflake stage...
[2026-02-17T11:37:22.994+0000] {logging_mixin.py:188} INFO - Uploading /opt/***/data/minio/AAPL/1771325633.json to Snowflake stage...
[2026-02-17T11:37:23.920+0000] {logging_mixin.py:188} INFO - Uploading /opt/***/data/minio/AAPL/1771325644.json to Snowflake stage...
[2026-02-17T11:37:24.709+0000] {logging_mixin.py:188} INFO - Uploading /opt/***/data/minio/AAPL/1771325655.json to Snowflake stage...
[2026-02-17T11:37:25.400+0000] {logging_mixin.py:188} INFO - Uploading /opt/***/data/minio/AAPL/1771325666.json to Snowflake stage...
[2026-02-17T11:37:29.141+0000] {logging_mixin.py:188} INFO - Uploading /opt/***/data/minio/AAPL/1771325676.json to Snowflake stage...
[2026-02-17T11:37:29.723+0000] {logging_mixin.py:188} INFO - Uploading /opt/***/data/minio/AAPL/1771325686.json to Snowflake stage...
[2026-02-17T11:37:30.301+0000] {logging_mixin.py:188} INFO - Uploading /opt/***/data/minio/AAPL/1771325697.json to Snowflake stage...
[2026-02-17T11:37:30.849+0000] {logging_mixin.py:188} INFO - Uploading /opt/***/data/minio/AAPL/1771325708.json to Snowflake stage...
[2026-02-17T11:37:31.455+0000] {logging_mixin.py:188} INFO - Uploading /opt/***/data/minio/AAPL/1771325718.json to Snowflake stage...
[2026-02-17T11:37:31.970+0000] {logging_mixin.py:188} INFO - Uploading /opt/***/data/minio/AAPL/1771325729.json to Snowflake stage...
[2026-02-17T11:37:32.560+0000] {logging_mixin.py:188} INFO - Uploading /opt/***/data/minio/AAPL/1771325739.json to Snowflake stage...
[2026-02-17T11:37:33.056+0000] {logging_mixin.py:188} INFO - Uploading /opt/***/data/minio/AAPL/1771325750.json to Snowflake stage...
[2026-02-17T11:37:33.616+0000] {logging_mixin.py:188} INFO - Uploading /opt/***/data/minio/AAPL/1771325761.json to Snowflake stage...
[2026-02-17T11:37:34.180+0000] {logging_mixin.py:188} INFO - Uploading /opt/***/data/minio/AAPL/1771325776.json to Snowflake stage...
[2026-02-17T11:37:34.897+0000] {logging_mixin.py:188} INFO - Uploading /opt/***/data/minio/AAPL/1771325787.json to Snowflake stage...
[2026-02-17T11:37:35.435+0000] {logging_mixin.py:188} INFO - Uploading /opt/***/data/minio/AAPL/1771325800.json to Snowflake stage...
[2026-02-17T11:37:35.964+0000] {logging_mixin.py:188} INFO - Uploading /opt/***/data/minio/AAPL/1771325810.json to Snowflake stage...
[2026-02-17T11:37:36.463+0000] {logging_mixin.py:188} INFO - Uploading /opt/***/data/minio/AAPL/1771325820.json to Snowflake stage...
[2026-02-17T11:37:36.989+0000] {logging_mixin.py:188} INFO - Uploading /opt/***/data/minio/AAPL/1771325831.json to Snowflake stage...
[2026-02-17T11:37:37.589+0000] {logging_mixin.py:188} INFO - Uploading /opt/***/data/minio/AAPL/1771325841.json to Snowflake stage...
[2026-02-17T11:37:38.750+0000] {logging_mixin.py:188} INFO - Uploading /opt/***/data/minio/AAPL/1771325851.json to Snowflake stage...
[2026-02-17T11:37:39.728+0000] {logging_mixin.py:188} INFO - Uploading /opt/***/data/minio/AAPL/1771325863.json to Snowflake stage...
[2026-02-17T11:37:40.280+0000] {logging_mixin.py:188} INFO - Uploading /opt/***/data/minio/AAPL/1771325874.json to Snowflake stage...
[2026-02-17T11:37:40.763+0000] {logging_mixin.py:188} INFO - Uploading /opt/***/data/minio/AAPL/1771325885.json to Snowflake stage...
[2026-02-17T11:37:41.233+0000] {logging_mixin.py:188} INFO - Uploading /opt/***/data/minio/AAPL/1771325898.json to Snowflake stage...
[2026-02-17T11:37:41.705+0000] {logging_mixin.py:188} INFO - Uploading /opt/***/data/minio/AAPL/1771325910.json to Snowflake stage...
[2026-02-17T11:37:42.335+0000] {logging_mixin.py:188} INFO - Uploading /opt/***/data/minio/AAPL/1771325921.json to Snowflake stage...
[2026-02-17T11:37:42.983+0000] {logging_mixin.py:188} INFO - Uploading /opt/***/data/minio/AAPL/1771325932.json to Snowflake stage...
[2026-02-17T11:37:43.657+0000] {logging_mixin.py:188} INFO - Uploading /opt/***/data/minio/AAPL/1771325944.json to Snowflake stage...
[2026-02-17T11:37:44.281+0000] {logging_mixin.py:188} INFO - Uploading /opt/***/data/minio/AAPL/1771325955.json to Snowflake stage...
[2026-02-17T11:37:44.808+0000] {logging_mixin.py:188} INFO - Uploading /opt/***/data/minio/AAPL/1771325969.json to Snowflake stage...
[2026-02-17T11:37:45.443+0000] {logging_mixin.py:188} INFO - Uploading /opt/***/data/minio/AAPL/1771325980.json to Snowflake stage...
[2026-02-17T11:37:45.992+0000] {logging_mixin.py:188} INFO - Uploading /opt/***/data/minio/AAPL/1771325991.json to Snowflake stage...
[2026-02-17T11:37:46.669+0000] {logging_mixin.py:188} INFO - Uploading /opt/***/data/minio/AAPL/1771326002.json to Snowflake stage...
[2026-02-17T11:37:47.233+0000] {logging_mixin.py:188} INFO - Uploading /opt/***/data/minio/AAPL/1771326012.json to Snowflake stage...
[2026-02-17T11:37:47.773+0000] {logging_mixin.py:188} INFO - Uploading /opt/***/data/minio/AAPL/1771326023.json to Snowflake stage...
[2026-02-17T11:37:48.277+0000] {logging_mixin.py:188} INFO - Uploading /opt/***/data/minio/AAPL/1771326034.json to Snowflake stage...
[2026-02-17T11:37:49.331+0000] {logging_mixin.py:188} INFO - Uploading /opt/***/data/minio/AAPL/1771326044.json to Snowflake stage...
[2026-02-17T11:37:50.049+0000] {logging_mixin.py:188} INFO - Uploading /opt/***/data/minio/AAPL/1771326054.json to Snowflake stage...
[2026-02-17T11:37:50.681+0000] {logging_mixin.py:188} INFO - Uploading /opt/***/data/minio/AAPL/1771326064.json to Snowflake stage...
[2026-02-17T11:37:51.218+0000] {logging_mixin.py:188} INFO - Uploading /opt/***/data/minio/AAPL/1771326074.json to Snowflake stage...
[2026-02-17T11:37:51.770+0000] {logging_mixin.py:188} INFO - Uploading /opt/***/data/minio/AAPL/1771326084.json to Snowflake stage...
[2026-02-17T11:37:52.408+0000] {logging_mixin.py:188} INFO - Uploading /opt/***/data/minio/AAPL/1771326095.json to Snowflake stage...
[2026-02-17T11:37:52.918+0000] {logging_mixin.py:188} INFO - Uploading /opt/***/data/minio/AAPL/1771326108.json to Snowflake stage...
[2026-02-17T11:37:53.458+0000] {logging_mixin.py:188} INFO - Uploading /opt/***/data/minio/AAPL/1771326121.json to Snowflake stage...
[2026-02-17T11:37:54.113+0000] {logging_mixin.py:188} INFO - Uploading /opt/***/data/minio/AAPL/1771326135.json to Snowflake stage...
[2026-02-17T11:37:55.206+0000] {logging_mixin.py:188} INFO - Uploading /opt/***/data/minio/AAPL/1771326145.json to Snowflake stage...
[2026-02-17T11:37:56.059+0000] {logging_mixin.py:188} INFO - Uploading /opt/***/data/minio/AAPL/1771326157.json to Snowflake stage...
[2026-02-17T11:37:56.684+0000] {logging_mixin.py:188} INFO - Uploading /opt/***/data/minio/AAPL/1771326168.json to Snowflake stage...
[2026-02-17T11:37:57.327+0000] {logging_mixin.py:188} INFO - Uploading /opt/***/data/minio/AAPL/1771326180.json to Snowflake stage...
[2026-02-17T11:37:57.972+0000] {logging_mixin.py:188} INFO - Uploading /opt/***/data/minio/AAPL/1771326190.json to Snowflake stage...
[2026-02-17T11:37:58.675+0000] {logging_mixin.py:188} INFO - Uploading /opt/***/data/minio/AAPL/1771326201.json to Snowflake stage...
[2026-02-17T11:37:59.328+0000] {logging_mixin.py:188} INFO - Uploading /opt/***/data/minio/AAPL/1771326211.json to Snowflake stage...
[2026-02-17T11:37:59.895+0000] {logging_mixin.py:188} INFO - Uploading /opt/***/data/minio/AAPL/1771326221.json to Snowflake stage...
[2026-02-17T11:38:00.475+0000] {logging_mixin.py:188} INFO - Uploading /opt/***/data/minio/AAPL/1771326231.json to Snowflake stage...
[2026-02-17T11:38:00.991+0000] {logging_mixin.py:188} INFO - Uploading /opt/***/data/minio/AAPL/1771326241.json to Snowflake stage...
[2026-02-17T11:38:01.520+0000] {logging_mixin.py:188} INFO - Uploading /opt/***/data/minio/AAPL/1771326252.json to Snowflake stage...
[2026-02-17T11:38:02.156+0000] {logging_mixin.py:188} INFO - Uploading /opt/***/data/minio/AAPL/1771326262.json to Snowflake stage...
[2026-02-17T11:38:02.784+0000] {logging_mixin.py:188} INFO - Uploading /opt/***/data/minio/AAPL/1771326272.json to Snowflake stage...
[2026-02-17T11:38:03.363+0000] {logging_mixin.py:188} INFO - Uploading /opt/***/data/minio/AAPL/1771326282.json to Snowflake stage...
[2026-02-17T11:38:03.901+0000] {logging_mixin.py:188} INFO - Uploading /opt/***/data/minio/AAPL/1771326293.json to Snowflake stage...
[2026-02-17T11:38:04.460+0000] {logging_mixin.py:188} INFO - Uploading /opt/***/data/minio/AAPL/1771326309.json to Snowflake stage...
[2026-02-17T11:38:04.966+0000] {logging_mixin.py:188} INFO - Uploading /opt/***/data/minio/AAPL/1771326320.json to Snowflake stage...
[2026-02-17T11:38:05.544+0000] {logging_mixin.py:188} INFO - Uploading /opt/***/data/minio/AAPL/1771326331.json to Snowflake stage...
[2026-02-17T11:38:06.230+0000] {logging_mixin.py:188} INFO - Uploading /opt/***/data/minio/AAPL/1771326347.json to Snowflake stage...
[2026-02-17T11:38:06.880+0000] {logging_mixin.py:188} INFO - Uploading /opt/***/data/minio/AAPL/1771326358.json to Snowflake stage...
[2026-02-17T11:38:07.500+0000] {logging_mixin.py:188} INFO - Uploading /opt/***/data/minio/AAPL/1771326370.json to Snowflake stage...
[2026-02-17T11:38:08.142+0000] {logging_mixin.py:188} INFO - Uploading /opt/***/data/minio/AAPL/1771326381.json to Snowflake stage...
[2026-02-17T11:38:08.692+0000] {logging_mixin.py:188} INFO - Uploading /opt/***/data/minio/AAPL/1771326391.json to Snowflake stage...
[2026-02-17T11:38:09.249+0000] {logging_mixin.py:188} INFO - Uploading /opt/***/data/minio/AAPL/1771326402.json to Snowflake stage...
[2026-02-17T11:38:09.809+0000] {logging_mixin.py:188} INFO - Uploading /opt/***/data/minio/AAPL/1771326412.json to Snowflake stage...
[2026-02-17T11:38:10.642+0000] {logging_mixin.py:188} INFO - Uploading /opt/***/data/minio/AAPL/1771326422.json to Snowflake stage...
[2026-02-17T11:38:11.133+0000] {logging_mixin.py:188} INFO - Uploading /opt/***/data/minio/AAPL/1771326433.json to Snowflake stage...
[2026-02-17T11:38:11.627+0000] {logging_mixin.py:188} INFO - Uploading /opt/***/data/minio/AAPL/1771326443.json to Snowflake stage...
[2026-02-17T11:38:12.182+0000] {logging_mixin.py:188} INFO - Uploading /opt/***/data/minio/AAPL/1771326452.json to Snowflake stage...
[2026-02-17T11:38:12.732+0000] {logging_mixin.py:188} INFO - Uploading /opt/***/data/minio/AAPL/1771326463.json to Snowflake stage...
[2026-02-17T11:38:13.358+0000] {logging_mixin.py:188} INFO - Uploading /opt/***/data/minio/AAPL/1771326473.json to Snowflake stage...
[2026-02-17T11:38:14.164+0000] {logging_mixin.py:188} INFO - Uploading /opt/***/data/minio/AAPL/1771326483.json to Snowflake stage...
[2026-02-17T11:38:14.743+0000] {logging_mixin.py:188} INFO - Uploading /opt/***/data/minio/AAPL/1771326493.json to Snowflake stage...
[2026-02-17T11:38:15.353+0000] {logging_mixin.py:188} INFO - Uploading /opt/***/data/minio/AAPL/1771326504.json to Snowflake stage...
[2026-02-17T11:38:15.848+0000] {logging_mixin.py:188} INFO - Uploading /opt/***/data/minio/AAPL/1771326514.json to Snowflake stage...
[2026-02-17T11:38:16.506+0000] {logging_mixin.py:188} INFO - Uploading /opt/***/data/minio/AAPL/1771326525.json to Snowflake stage...
[2026-02-17T11:38:17.143+0000] {logging_mixin.py:188} INFO - Uploading /opt/***/data/minio/AAPL/1771326535.json to Snowflake stage...
[2026-02-17T11:38:17.863+0000] {logging_mixin.py:188} INFO - Uploading /opt/***/data/minio/AAPL/1771326545.json to Snowflake stage...
[2026-02-17T11:38:18.507+0000] {logging_mixin.py:188} INFO - Uploading /opt/***/data/minio/AAPL/1771326555.json to Snowflake stage...
[2026-02-17T11:38:19.135+0000] {logging_mixin.py:188} INFO - Uploading /opt/***/data/minio/AAPL/1771326566.json to Snowflake stage...
[2026-02-17T11:38:19.696+0000] {logging_mixin.py:188} INFO - Uploading /opt/***/data/minio/AAPL/1771326576.json to Snowflake stage...
[2026-02-17T11:38:20.339+0000] {logging_mixin.py:188} INFO - Uploading /opt/***/data/minio/AAPL/1771326585.json to Snowflake stage...
[2026-02-17T11:38:20.897+0000] {logging_mixin.py:188} INFO - Uploading /opt/***/data/minio/AAPL/1771326595.json to Snowflake stage...
[2026-02-17T11:38:21.506+0000] {logging_mixin.py:188} INFO - Uploading /opt/***/data/minio/AAPL/1771326605.json to Snowflake stage...
[2026-02-17T11:38:22.211+0000] {logging_mixin.py:188} INFO - Uploading /opt/***/data/minio/AAPL/1771326615.json to Snowflake stage...
[2026-02-17T11:38:22.825+0000] {logging_mixin.py:188} INFO - Uploading /opt/***/data/minio/AAPL/1771326626.json to Snowflake stage...
[2026-02-17T11:38:23.446+0000] {logging_mixin.py:188} INFO - Uploading /opt/***/data/minio/AAPL/1771326636.json to Snowflake stage...
[2026-02-17T11:38:24.100+0000] {logging_mixin.py:188} INFO - Uploading /opt/***/data/minio/AAPL/1771326646.json to Snowflake stage...
[2026-02-17T11:38:24.887+0000] {logging_mixin.py:188} INFO - Uploading /opt/***/data/minio/AAPL/1771326656.json to Snowflake stage...
[2026-02-17T11:38:25.522+0000] {logging_mixin.py:188} INFO - Uploading /opt/***/data/minio/AAPL/1771326666.json to Snowflake stage...
[2026-02-17T11:38:26.048+0000] {logging_mixin.py:188} INFO - Uploading /opt/***/data/minio/AAPL/1771326677.json to Snowflake stage...
[2026-02-17T11:38:26.636+0000] {logging_mixin.py:188} INFO - Uploading /opt/***/data/minio/AAPL/1771326687.json to Snowflake stage...
[2026-02-17T11:38:27.410+0000] {logging_mixin.py:188} INFO - Uploading /opt/***/data/minio/AAPL/1771326697.json to Snowflake stage...
[2026-02-17T11:38:28.059+0000] {logging_mixin.py:188} INFO - Uploading /opt/***/data/minio/AAPL/1771326708.json to Snowflake stage...
[2026-02-17T11:38:28.646+0000] {logging_mixin.py:188} INFO - Uploading /opt/***/data/minio/AAPL/1771326718.json to Snowflake stage...
[2026-02-17T11:38:29.127+0000] {logging_mixin.py:188} INFO - Uploading /opt/***/data/minio/AAPL/1771326728.json to Snowflake stage...
[2026-02-17T11:38:29.644+0000] {logging_mixin.py:188} INFO - Uploading /opt/***/data/minio/AAPL/1771326738.json to Snowflake stage...
[2026-02-17T11:38:30.129+0000] {logging_mixin.py:188} INFO - Uploading /opt/***/data/minio/AAPL/1771326748.json to Snowflake stage...
[2026-02-17T11:38:30.934+0000] {logging_mixin.py:188} INFO - Uploading /opt/***/data/minio/AAPL/1771326759.json to Snowflake stage...
[2026-02-17T11:38:31.474+0000] {logging_mixin.py:188} INFO - Uploading /opt/***/data/minio/AAPL/1771326769.json to Snowflake stage...
[2026-02-17T11:38:32.009+0000] {logging_mixin.py:188} INFO - Uploading /opt/***/data/minio/AAPL/1771326779.json to Snowflake stage...
[2026-02-17T11:38:32.574+0000] {logging_mixin.py:188} INFO - Uploading /opt/***/data/minio/AAPL/1771326789.json to Snowflake stage...
[2026-02-17T11:38:33.240+0000] {logging_mixin.py:188} INFO - Uploading /opt/***/data/minio/AAPL/1771326799.json to Snowflake stage...
[2026-02-17T11:38:33.851+0000] {logging_mixin.py:188} INFO - Uploading /opt/***/data/minio/AAPL/1771326810.json to Snowflake stage...
[2026-02-17T11:38:34.469+0000] {logging_mixin.py:188} INFO - Uploading /opt/***/data/minio/AAPL/1771326820.json to Snowflake stage...
[2026-02-17T11:38:35.243+0000] {logging_mixin.py:188} INFO - Uploading /opt/***/data/minio/AAPL/1771326830.json to Snowflake stage...
[2026-02-17T11:38:35.814+0000] {logging_mixin.py:188} INFO - Uploading /opt/***/data/minio/AAPL/1771326840.json to Snowflake stage...
[2026-02-17T11:38:36.398+0000] {logging_mixin.py:188} INFO - Uploading /opt/***/data/minio/AAPL/1771326850.json to Snowflake stage...
[2026-02-17T11:38:36.977+0000] {logging_mixin.py:188} INFO - Uploading /opt/***/data/minio/AAPL/1771326860.json to Snowflake stage...
[2026-02-17T11:38:37.643+0000] {logging_mixin.py:188} INFO - Uploading /opt/***/data/minio/AAPL/1771326870.json to Snowflake stage...
[2026-02-17T11:38:38.281+0000] {logging_mixin.py:188} INFO - Uploading /opt/***/data/minio/AAPL/1771326881.json to Snowflake stage...
[2026-02-17T11:38:38.898+0000] {logging_mixin.py:188} INFO - Uploading /opt/***/data/minio/AAPL/1771326891.json to Snowflake stage...
[2026-02-17T11:38:39.944+0000] {logging_mixin.py:188} INFO - Uploading /opt/***/data/minio/AAPL/1771326902.json to Snowflake stage...
[2026-02-17T11:38:40.835+0000] {logging_mixin.py:188} INFO - Uploading /opt/***/data/minio/AAPL/1771326912.json to Snowflake stage...
[2026-02-17T11:38:41.761+0000] {logging_mixin.py:188} INFO - Uploading /opt/***/data/minio/AAPL/1771326923.json to Snowflake stage...
[2026-02-17T11:38:42.993+0000] {logging_mixin.py:188} INFO - Uploading /opt/***/data/minio/AAPL/1771326934.json to Snowflake stage...
[2026-02-17T11:38:43.557+0000] {logging_mixin.py:188} INFO - Uploading /opt/***/data/minio/AAPL/1771326944.json to Snowflake stage...
[2026-02-17T11:38:44.193+0000] {logging_mixin.py:188} INFO - Uploading /opt/***/data/minio/AAPL/1771326955.json to Snowflake stage...
[2026-02-17T11:38:44.752+0000] {logging_mixin.py:188} INFO - Uploading /opt/***/data/minio/AAPL/1771326966.json to Snowflake stage...
[2026-02-17T11:38:45.315+0000] {logging_mixin.py:188} INFO - Uploading /opt/***/data/minio/AAPL/1771326976.json to Snowflake stage...
[2026-02-17T11:38:45.832+0000] {logging_mixin.py:188} INFO - Uploading /opt/***/data/minio/AAPL/1771326986.json to Snowflake stage...
[2026-02-17T11:38:46.354+0000] {logging_mixin.py:188} INFO - Uploading /opt/***/data/minio/AAPL/1771326997.json to Snowflake stage...
[2026-02-17T11:38:46.985+0000] {logging_mixin.py:188} INFO - Uploading /opt/***/data/minio/AAPL/1771327008.json to Snowflake stage...
[2026-02-17T11:38:47.656+0000] {logging_mixin.py:188} INFO - Uploading /opt/***/data/minio/AAPL/1771327018.json to Snowflake stage...
[2026-02-17T11:38:48.181+0000] {logging_mixin.py:188} INFO - Uploading /opt/***/data/minio/AAPL/1771327029.json to Snowflake stage...
[2026-02-17T11:38:48.757+0000] {logging_mixin.py:188} INFO - Uploading /opt/***/data/minio/AAPL/1771327039.json to Snowflake stage...
[2026-02-17T11:38:49.392+0000] {logging_mixin.py:188} INFO - Uploading /opt/***/data/minio/AAPL/1771327049.json to Snowflake stage...
[2026-02-17T11:38:50.009+0000] {logging_mixin.py:188} INFO - Uploading /opt/***/data/minio/AAPL/1771327059.json to Snowflake stage...
[2026-02-17T11:38:50.592+0000] {logging_mixin.py:188} INFO - Uploading /opt/***/data/minio/AAPL/1771327080.json to Snowflake stage...
[2026-02-17T11:38:51.113+0000] {logging_mixin.py:188} INFO - Uploading /opt/***/data/minio/AAPL/1771327098.json to Snowflake stage...
[2026-02-17T11:38:51.700+0000] {logging_mixin.py:188} INFO - Uploading /opt/***/data/minio/AAPL/1771327113.json to Snowflake stage...
[2026-02-17T11:38:52.850+0000] {logging_mixin.py:188} INFO - Uploading /opt/***/data/minio/AAPL/1771327127.json to Snowflake stage...
[2026-02-17T11:38:53.355+0000] {logging_mixin.py:188} INFO - Uploading /opt/***/data/minio/AAPL/1771327138.json to Snowflake stage...
[2026-02-17T11:38:53.896+0000] {logging_mixin.py:188} INFO - Uploading /opt/***/data/minio/AAPL/1771327148.json to Snowflake stage...
[2026-02-17T11:38:54.484+0000] {logging_mixin.py:188} INFO - Uploading /opt/***/data/minio/AAPL/1771327158.json to Snowflake stage...
[2026-02-17T11:38:54.968+0000] {logging_mixin.py:188} INFO - Uploading /opt/***/data/minio/AAPL/1771327168.json to Snowflake stage...
[2026-02-17T11:38:55.488+0000] {logging_mixin.py:188} INFO - Uploading /opt/***/data/minio/AAPL/1771327178.json to Snowflake stage...
[2026-02-17T11:38:56.114+0000] {logging_mixin.py:188} INFO - Uploading /opt/***/data/minio/AAPL/1771327189.json to Snowflake stage...
[2026-02-17T11:38:56.796+0000] {logging_mixin.py:188} INFO - Uploading /opt/***/data/minio/AAPL/1771327198.json to Snowflake stage...
[2026-02-17T11:38:57.454+0000] {logging_mixin.py:188} INFO - Uploading /opt/***/data/minio/AAPL/1771327209.json to Snowflake stage...
[2026-02-17T11:38:58.112+0000] {logging_mixin.py:188} INFO - Uploading /opt/***/data/minio/AAPL/1771327220.json to Snowflake stage...
[2026-02-17T11:38:58.729+0000] {logging_mixin.py:188} INFO - Uploading /opt/***/data/minio/AAPL/1771327230.json to Snowflake stage...
[2026-02-17T11:38:59.431+0000] {logging_mixin.py:188} INFO - Uploading /opt/***/data/minio/AAPL/1771327241.json to Snowflake stage...
[2026-02-17T11:39:00.145+0000] {logging_mixin.py:188} INFO - Uploading /opt/***/data/minio/AAPL/1771327252.json to Snowflake stage...
[2026-02-17T11:39:00.906+0000] {logging_mixin.py:188} INFO - Uploading /opt/***/data/minio/AAPL/1771327262.json to Snowflake stage...
[2026-02-17T11:39:01.550+0000] {logging_mixin.py:188} INFO - Uploading /opt/***/data/minio/AAPL/1771327272.json to Snowflake stage...
[2026-02-17T11:39:02.096+0000] {logging_mixin.py:188} INFO - Uploading /opt/***/data/minio/AAPL/1771327282.json to Snowflake stage...
[2026-02-17T11:39:02.727+0000] {logging_mixin.py:188} INFO - Uploading /opt/***/data/minio/AAPL/1771327292.json to Snowflake stage...
[2026-02-17T11:39:03.211+0000] {logging_mixin.py:188} INFO - Uploading /opt/***/data/minio/AAPL/1771327303.json to Snowflake stage...
[2026-02-17T11:39:03.777+0000] {logging_mixin.py:188} INFO - Uploading /opt/***/data/minio/AAPL/1771327313.json to Snowflake stage...
[2026-02-17T11:39:04.388+0000] {logging_mixin.py:188} INFO - Uploading /opt/***/data/minio/AAPL/1771327324.json to Snowflake stage...
[2026-02-17T11:39:04.905+0000] {logging_mixin.py:188} INFO - Uploading /opt/***/data/minio/AAPL/1771327334.json to Snowflake stage...
[2026-02-17T11:39:05.429+0000] {logging_mixin.py:188} INFO - Uploading /opt/***/data/minio/AAPL/1771327344.json to Snowflake stage...
[2026-02-17T11:39:05.951+0000] {logging_mixin.py:188} INFO - Uploading /opt/***/data/minio/AAPL/1771327354.json to Snowflake stage...
[2026-02-17T11:39:06.496+0000] {logging_mixin.py:188} INFO - Uploading /opt/***/data/minio/AAPL/1771327364.json to Snowflake stage...
[2026-02-17T11:39:07.157+0000] {logging_mixin.py:188} INFO - Uploading /opt/***/data/minio/AAPL/1771327374.json to Snowflake stage...
[2026-02-17T11:39:07.777+0000] {logging_mixin.py:188} INFO - Uploading /opt/***/data/minio/AAPL/1771327384.json to Snowflake stage...
[2026-02-17T11:39:08.363+0000] {logging_mixin.py:188} INFO - Uploading /opt/***/data/minio/AAPL/1771327395.json to Snowflake stage...
[2026-02-17T11:39:08.912+0000] {logging_mixin.py:188} INFO - Uploading /opt/***/data/minio/AAPL/1771327406.json to Snowflake stage...
[2026-02-17T11:39:09.498+0000] {logging_mixin.py:188} INFO - Uploading /opt/***/data/minio/AAPL/1771327417.json to Snowflake stage...
[2026-02-17T11:39:10.453+0000] {logging_mixin.py:188} INFO - Uploading /opt/***/data/minio/AAPL/1771327427.json to Snowflake stage...
[2026-02-17T11:39:11.021+0000] {logging_mixin.py:188} INFO - Uploading /opt/***/data/minio/AAPL/1771327437.json to Snowflake stage...
[2026-02-17T11:39:12.185+0000] {logging_mixin.py:188} INFO - Uploading /opt/***/data/minio/AAPL/1771327447.json to Snowflake stage...
[2026-02-17T11:39:12.731+0000] {logging_mixin.py:188} INFO - Uploading /opt/***/data/minio/AAPL/1771327457.json to Snowflake stage...
[2026-02-17T11:39:13.310+0000] {logging_mixin.py:188} INFO - Uploading /opt/***/data/minio/AAPL/1771327468.json to Snowflake stage...
[2026-02-17T11:39:14.818+0000] {logging_mixin.py:188} INFO - Uploading /opt/***/data/minio/AAPL/1771327479.json to Snowflake stage...
[2026-02-17T11:39:15.389+0000] {logging_mixin.py:188} INFO - Uploading /opt/***/data/minio/AAPL/1771327489.json to Snowflake stage...
[2026-02-17T11:39:15.977+0000] {logging_mixin.py:188} INFO - Uploading /opt/***/data/minio/AAPL/1771327499.json to Snowflake stage...
[2026-02-17T11:39:16.626+0000] {logging_mixin.py:188} INFO - Uploading /opt/***/data/minio/AAPL/1771327511.json to Snowflake stage...
[2026-02-17T11:39:17.834+0000] {logging_mixin.py:188} INFO - Uploading /opt/***/data/minio/AAPL/1771327521.json to Snowflake stage...
[2026-02-17T11:39:20.010+0000] {logging_mixin.py:188} INFO - Uploading /opt/***/data/minio/AAPL/1771327531.json to Snowflake stage...
[2026-02-17T11:39:20.744+0000] {logging_mixin.py:188} INFO - Uploading /opt/***/data/minio/AAPL/1771327542.json to Snowflake stage...
[2026-02-17T11:39:21.804+0000] {logging_mixin.py:188} INFO - Uploading /opt/***/data/minio/AAPL/1771327552.json to Snowflake stage...
[2026-02-17T11:39:22.460+0000] {logging_mixin.py:188} INFO - Uploading /opt/***/data/minio/AAPL/1771327562.json to Snowflake stage...
[2026-02-17T11:39:23.149+0000] {logging_mixin.py:188} INFO - Uploading /opt/***/data/minio/AAPL/1771327573.json to Snowflake stage...
[2026-02-17T11:39:23.882+0000] {logging_mixin.py:188} INFO - Uploading /opt/***/data/minio/AAPL/1771327585.json to Snowflake stage...
[2026-02-17T11:39:24.534+0000] {logging_mixin.py:188} INFO - Uploading /opt/***/data/minio/AAPL/1771327597.json to Snowflake stage...
[2026-02-17T11:39:30.585+0000] {connectionpool.py:824} WARNING - Retrying (Retry(total=0, connect=None, read=None, redirect=None, status=None)) after connection broken by 'ProtocolError('Connection aborted.', RemoteDisconnected('Remote end closed connection without response'))': /?accelerate
[2026-02-17T11:39:34.929+0000] {logging_mixin.py:188} INFO - Uploading /opt/***/data/minio/AAPL/1771327607.json to Snowflake stage...
[2026-02-17T11:39:35.481+0000] {logging_mixin.py:188} INFO - Uploading /opt/***/data/minio/AAPL/1771327617.json to Snowflake stage...
[2026-02-17T11:39:36.206+0000] {logging_mixin.py:188} INFO - Uploading /opt/***/data/minio/AAPL/1771327627.json to Snowflake stage...
[2026-02-17T11:39:36.858+0000] {logging_mixin.py:188} INFO - Uploading /opt/***/data/minio/AAPL/1771327638.json to Snowflake stage...
[2026-02-17T11:39:37.694+0000] {logging_mixin.py:188} INFO - Uploading /opt/***/data/minio/AAPL/1771327648.json to Snowflake stage...
[2026-02-17T11:39:38.298+0000] {logging_mixin.py:188} INFO - Uploading /opt/***/data/minio/AAPL/1771327658.json to Snowflake stage...
[2026-02-17T11:39:38.845+0000] {logging_mixin.py:188} INFO - Uploading /opt/***/data/minio/AAPL/1771327668.json to Snowflake stage...
[2026-02-17T11:39:39.480+0000] {logging_mixin.py:188} INFO - Uploading /opt/***/data/minio/AAPL/1771327679.json to Snowflake stage...
[2026-02-17T11:39:40.108+0000] {logging_mixin.py:188} INFO - Uploading /opt/***/data/minio/AAPL/1771327689.json to Snowflake stage...
[2026-02-17T11:39:40.695+0000] {logging_mixin.py:188} INFO - Uploading /opt/***/data/minio/AAPL/1771327699.json to Snowflake stage...
[2026-02-17T11:39:41.924+0000] {logging_mixin.py:188} INFO - Uploading /opt/***/data/minio/AAPL/1771327710.json to Snowflake stage...
[2026-02-17T11:39:42.686+0000] {logging_mixin.py:188} INFO - Uploading /opt/***/data/minio/AAPL/1771327720.json to Snowflake stage...
[2026-02-17T11:39:43.492+0000] {logging_mixin.py:188} INFO - Uploading /opt/***/data/minio/AAPL/1771327730.json to Snowflake stage...
[2026-02-17T11:39:44.884+0000] {logging_mixin.py:188} INFO - Uploading /opt/***/data/minio/AAPL/1771327740.json to Snowflake stage...
[2026-02-17T11:39:46.616+0000] {logging_mixin.py:188} INFO - Uploading /opt/***/data/minio/AAPL/1771327750.json to Snowflake stage...
[2026-02-17T11:39:48.307+0000] {logging_mixin.py:188} INFO - Uploading /opt/***/data/minio/AAPL/1771327761.json to Snowflake stage...
[2026-02-17T11:39:48.937+0000] {logging_mixin.py:188} INFO - Uploading /opt/***/data/minio/AAPL/1771327771.json to Snowflake stage...
[2026-02-17T11:39:49.503+0000] {logging_mixin.py:188} INFO - Uploading /opt/***/data/minio/AAPL/1771327782.json to Snowflake stage...
[2026-02-17T11:39:50.135+0000] {logging_mixin.py:188} INFO - Uploading /opt/***/data/minio/AAPL/1771327792.json to Snowflake stage...
[2026-02-17T11:39:50.932+0000] {logging_mixin.py:188} INFO - Uploading /opt/***/data/minio/AAPL/1771327803.json to Snowflake stage...
[2026-02-17T11:39:51.855+0000] {logging_mixin.py:188} INFO - Uploading /opt/***/data/minio/AAPL/1771327813.json to Snowflake stage...
[2026-02-17T11:39:52.679+0000] {logging_mixin.py:188} INFO - Uploading /opt/***/data/minio/AAPL/1771327823.json to Snowflake stage...
[2026-02-17T11:39:53.326+0000] {logging_mixin.py:188} INFO - Uploading /opt/***/data/minio/AAPL/1771327834.json to Snowflake stage...
[2026-02-17T11:39:53.847+0000] {logging_mixin.py:188} INFO - Uploading /opt/***/data/minio/AAPL/1771327844.json to Snowflake stage...
[2026-02-17T11:39:54.366+0000] {logging_mixin.py:188} INFO - Uploading /opt/***/data/minio/AAPL/1771327854.json to Snowflake stage...
[2026-02-17T11:39:54.912+0000] {logging_mixin.py:188} INFO - Uploading /opt/***/data/minio/AAPL/1771327865.json to Snowflake stage...
[2026-02-17T11:39:55.487+0000] {logging_mixin.py:188} INFO - Uploading /opt/***/data/minio/AAPL/1771327876.json to Snowflake stage...
[2026-02-17T11:39:56.133+0000] {logging_mixin.py:188} INFO - Uploading /opt/***/data/minio/AAPL/1771327887.json to Snowflake stage...
[2026-02-17T11:39:56.744+0000] {logging_mixin.py:188} INFO - Uploading /opt/***/data/minio/AAPL/1771327897.json to Snowflake stage...
[2026-02-17T11:39:57.404+0000] {logging_mixin.py:188} INFO - Uploading /opt/***/data/minio/AAPL/1771327907.json to Snowflake stage...
[2026-02-17T11:39:57.978+0000] {logging_mixin.py:188} INFO - Uploading /opt/***/data/minio/AAPL/1771327918.json to Snowflake stage...
[2026-02-17T11:39:58.577+0000] {logging_mixin.py:188} INFO - Uploading /opt/***/data/minio/AAPL/1771327928.json to Snowflake stage...
[2026-02-17T11:39:59.078+0000] {logging_mixin.py:188} INFO - Uploading /opt/***/data/minio/AAPL/1771327938.json to Snowflake stage...
[2026-02-17T11:40:00.040+0000] {logging_mixin.py:188} INFO - Uploading /opt/***/data/minio/AAPL/1771327949.json to Snowflake stage...
[2026-02-17T11:40:00.675+0000] {logging_mixin.py:188} INFO - Uploading /opt/***/data/minio/AAPL/1771327959.json to Snowflake stage...
[2026-02-17T11:40:01.308+0000] {logging_mixin.py:188} INFO - Uploading /opt/***/data/minio/AAPL/1771327969.json to Snowflake stage...
[2026-02-17T11:40:01.959+0000] {logging_mixin.py:188} INFO - Uploading /opt/***/data/minio/AAPL/1771327980.json to Snowflake stage...
[2026-02-17T11:40:02.610+0000] {logging_mixin.py:188} INFO - Uploading /opt/***/data/minio/AAPL/1771327990.json to Snowflake stage...
[2026-02-17T11:40:03.080+0000] {logging_mixin.py:188} INFO - Uploading /opt/***/data/minio/AAPL/1771328000.json to Snowflake stage...
[2026-02-17T11:40:03.663+0000] {logging_mixin.py:188} INFO - Uploading /opt/***/data/minio/AAPL/1771328010.json to Snowflake stage...
[2026-02-17T11:40:04.187+0000] {logging_mixin.py:188} INFO - Uploading /opt/***/data/minio/AAPL/1771328020.json to Snowflake stage...
[2026-02-17T11:40:04.916+0000] {logging_mixin.py:188} INFO - Uploading /opt/***/data/minio/AAPL/1771328030.json to Snowflake stage...
[2026-02-17T11:40:05.558+0000] {logging_mixin.py:188} INFO - Uploading /opt/***/data/minio/AAPL/1771328040.json to Snowflake stage...
[2026-02-17T11:40:06.257+0000] {logging_mixin.py:188} INFO - Uploading /opt/***/data/minio/AAPL/1771328051.json to Snowflake stage...
[2026-02-17T11:40:06.831+0000] {logging_mixin.py:188} INFO - Uploading /opt/***/data/minio/AAPL/1771328061.json to Snowflake stage...
[2026-02-17T11:40:07.799+0000] {logging_mixin.py:188} INFO - Uploading /opt/***/data/minio/AAPL/1771328071.json to Snowflake stage...
[2026-02-17T11:40:08.403+0000] {logging_mixin.py:188} INFO - Uploading /opt/***/data/minio/AAPL/1771328081.json to Snowflake stage...
[2026-02-17T11:40:09.171+0000] {logging_mixin.py:188} INFO - Uploading /opt/***/data/minio/AAPL/1771328092.json to Snowflake stage...
[2026-02-17T11:40:09.686+0000] {logging_mixin.py:188} INFO - Uploading /opt/***/data/minio/AAPL/1771328103.json to Snowflake stage...
[2026-02-17T11:40:10.223+0000] {logging_mixin.py:188} INFO - Uploading /opt/***/data/minio/AMZN/1771324936.json to Snowflake stage...
[2026-02-17T11:40:10.763+0000] {logging_mixin.py:188} INFO - Uploading /opt/***/data/minio/AMZN/1771324946.json to Snowflake stage...
[2026-02-17T11:40:11.274+0000] {logging_mixin.py:188} INFO - Uploading /opt/***/data/minio/AMZN/1771324957.json to Snowflake stage...
[2026-02-17T11:40:11.960+0000] {logging_mixin.py:188} INFO - Uploading /opt/***/data/minio/AMZN/1771324968.json to Snowflake stage...
[2026-02-17T11:40:12.703+0000] {logging_mixin.py:188} INFO - Uploading /opt/***/data/minio/AMZN/1771324978.json to Snowflake stage...
[2026-02-17T11:40:13.405+0000] {logging_mixin.py:188} INFO - Uploading /opt/***/data/minio/AMZN/1771324989.json to Snowflake stage...
[2026-02-17T11:40:13.977+0000] {logging_mixin.py:188} INFO - Uploading /opt/***/data/minio/AMZN/1771325000.json to Snowflake stage...
[2026-02-17T11:40:14.663+0000] {logging_mixin.py:188} INFO - Uploading /opt/***/data/minio/AMZN/1771325010.json to Snowflake stage...
[2026-02-17T11:40:15.222+0000] {logging_mixin.py:188} INFO - Uploading /opt/***/data/minio/AMZN/1771325021.json to Snowflake stage...
[2026-02-17T11:40:15.926+0000] {logging_mixin.py:188} INFO - Uploading /opt/***/data/minio/AMZN/1771325032.json to Snowflake stage...
[2026-02-17T11:40:16.660+0000] {logging_mixin.py:188} INFO - Uploading /opt/***/data/minio/AMZN/1771325042.json to Snowflake stage...
[2026-02-17T11:40:17.410+0000] {logging_mixin.py:188} INFO - Uploading /opt/***/data/minio/AMZN/1771325052.json to Snowflake stage...
[2026-02-17T11:40:18.040+0000] {logging_mixin.py:188} INFO - Uploading /opt/***/data/minio/AMZN/1771325063.json to Snowflake stage...
[2026-02-17T11:40:18.666+0000] {logging_mixin.py:188} INFO - Uploading /opt/***/data/minio/AMZN/1771325073.json to Snowflake stage...
[2026-02-17T11:40:19.262+0000] {logging_mixin.py:188} INFO - Uploading /opt/***/data/minio/AMZN/1771325083.json to Snowflake stage...
[2026-02-17T11:40:19.971+0000] {logging_mixin.py:188} INFO - Uploading /opt/***/data/minio/AMZN/1771325094.json to Snowflake stage...
[2026-02-17T11:40:20.612+0000] {logging_mixin.py:188} INFO - Uploading /opt/***/data/minio/AMZN/1771325105.json to Snowflake stage...
[2026-02-17T11:40:48.123+0000] {connectionpool.py:824} WARNING - Retrying (Retry(total=0, connect=None, read=None, redirect=None, status=None)) after connection broken by 'NewConnectionError('<snowflake.connector.vendored.urllib3.connection.HTTPSConnection object at 0x7466ae215160>: Failed to establish a new connection: [Errno -3] Temporary failure in name resolution')': /ev2g1000-s/tables/83986386969/1771325105.json.gz
[2026-02-17T11:41:52.540+0000] {logging_mixin.py:188} INFO - Uploading /opt/***/data/minio/AMZN/1771325115.json to Snowflake stage...
[2026-02-17T11:41:53.491+0000] {logging_mixin.py:188} INFO - Uploading /opt/***/data/minio/AMZN/1771325125.json to Snowflake stage...
[2026-02-17T11:41:54.326+0000] {logging_mixin.py:188} INFO - Uploading /opt/***/data/minio/AMZN/1771325136.json to Snowflake stage...
[2026-02-17T11:41:55.151+0000] {logging_mixin.py:188} INFO - Uploading /opt/***/data/minio/AMZN/1771325146.json to Snowflake stage...
[2026-02-17T11:41:56.191+0000] {logging_mixin.py:188} INFO - Uploading /opt/***/data/minio/AMZN/1771325156.json to Snowflake stage...
[2026-02-17T11:41:57.092+0000] {logging_mixin.py:188} INFO - Uploading /opt/***/data/minio/AMZN/1771325167.json to Snowflake stage...
[2026-02-17T11:41:57.886+0000] {logging_mixin.py:188} INFO - Uploading /opt/***/data/minio/AMZN/1771325177.json to Snowflake stage...
[2026-02-17T11:41:58.454+0000] {logging_mixin.py:188} INFO - Uploading /opt/***/data/minio/AMZN/1771325188.json to Snowflake stage...
[2026-02-17T11:41:59.005+0000] {logging_mixin.py:188} INFO - Uploading /opt/***/data/minio/AMZN/1771325198.json to Snowflake stage...
[2026-02-17T11:41:59.699+0000] {logging_mixin.py:188} INFO - Uploading /opt/***/data/minio/AMZN/1771325209.json to Snowflake stage...
[2026-02-17T11:42:00.234+0000] {logging_mixin.py:188} INFO - Uploading /opt/***/data/minio/AMZN/1771325219.json to Snowflake stage...
[2026-02-17T11:42:00.824+0000] {logging_mixin.py:188} INFO - Uploading /opt/***/data/minio/AMZN/1771325229.json to Snowflake stage...
[2026-02-17T11:42:01.440+0000] {logging_mixin.py:188} INFO - Uploading /opt/***/data/minio/AMZN/1771325240.json to Snowflake stage...
[2026-02-17T11:42:02.021+0000] {logging_mixin.py:188} INFO - Uploading /opt/***/data/minio/AMZN/1771325250.json to Snowflake stage...
[2026-02-17T11:42:02.649+0000] {logging_mixin.py:188} INFO - Uploading /opt/***/data/minio/AMZN/1771325262.json to Snowflake stage...
[2026-02-17T11:42:03.302+0000] {logging_mixin.py:188} INFO - Uploading /opt/***/data/minio/AMZN/1771325272.json to Snowflake stage...
[2026-02-17T11:42:03.957+0000] {logging_mixin.py:188} INFO - Uploading /opt/***/data/minio/AMZN/1771325283.json to Snowflake stage...
[2026-02-17T11:42:04.659+0000] {logging_mixin.py:188} INFO - Uploading /opt/***/data/minio/AMZN/1771325293.json to Snowflake stage...
[2026-02-17T11:42:05.199+0000] {logging_mixin.py:188} INFO - Uploading /opt/***/data/minio/AMZN/1771325337.json to Snowflake stage...
[2026-02-17T11:42:05.746+0000] {logging_mixin.py:188} INFO - Uploading /opt/***/data/minio/AMZN/1771325347.json to Snowflake stage...
[2026-02-17T11:42:06.327+0000] {logging_mixin.py:188} INFO - Uploading /opt/***/data/minio/AMZN/1771325358.json to Snowflake stage...
[2026-02-17T11:42:06.937+0000] {logging_mixin.py:188} INFO - Uploading /opt/***/data/minio/AMZN/1771325368.json to Snowflake stage...
[2026-02-17T11:42:07.540+0000] {logging_mixin.py:188} INFO - Uploading /opt/***/data/minio/AMZN/1771325378.json to Snowflake stage...
[2026-02-17T11:42:08.249+0000] {logging_mixin.py:188} INFO - Uploading /opt/***/data/minio/AMZN/1771325389.json to Snowflake stage...
[2026-02-17T11:42:08.870+0000] {logging_mixin.py:188} INFO - Uploading /opt/***/data/minio/AMZN/1771325401.json to Snowflake stage...
[2026-02-17T11:42:09.443+0000] {logging_mixin.py:188} INFO - Uploading /opt/***/data/minio/AMZN/1771325412.json to Snowflake stage...
[2026-02-17T11:42:10.035+0000] {logging_mixin.py:188} INFO - Uploading /opt/***/data/minio/AMZN/1771325424.json to Snowflake stage...
[2026-02-17T11:42:10.744+0000] {logging_mixin.py:188} INFO - Uploading /opt/***/data/minio/AMZN/1771325435.json to Snowflake stage...
[2026-02-17T11:42:11.307+0000] {logging_mixin.py:188} INFO - Uploading /opt/***/data/minio/AMZN/1771325447.json to Snowflake stage...
[2026-02-17T11:42:12.027+0000] {logging_mixin.py:188} INFO - Uploading /opt/***/data/minio/AMZN/1771325457.json to Snowflake stage...
[2026-02-17T11:42:12.834+0000] {logging_mixin.py:188} INFO - Uploading /opt/***/data/minio/AMZN/1771325468.json to Snowflake stage...
[2026-02-17T11:42:17.343+0000] {logging_mixin.py:188} INFO - Uploading /opt/***/data/minio/AMZN/1771325477.json to Snowflake stage...
[2026-02-17T11:42:18.176+0000] {logging_mixin.py:188} INFO - Uploading /opt/***/data/minio/AMZN/1771325489.json to Snowflake stage...
[2026-02-17T11:42:19.398+0000] {logging_mixin.py:188} INFO - Uploading /opt/***/data/minio/AMZN/1771325500.json to Snowflake stage...
[2026-02-17T11:42:29.043+0000] {job.py:218} ERROR - Job heartbeat got an exception
Traceback (most recent call last):
  File "/home/airflow/.local/lib/python3.12/site-packages/sqlalchemy/engine/base.py", line 3371, in _wrap_pool_connect
    return fn()
           ^^^^
  File "/home/airflow/.local/lib/python3.12/site-packages/sqlalchemy/pool/base.py", line 327, in connect
    return _ConnectionFairy._checkout(self)
           ^^^^^^^^^^^^^^^^^^^^^^^^^^^^^^^^
  File "/home/airflow/.local/lib/python3.12/site-packages/sqlalchemy/pool/base.py", line 894, in _checkout
    fairy = _ConnectionRecord.checkout(pool)
            ^^^^^^^^^^^^^^^^^^^^^^^^^^^^^^^^
  File "/home/airflow/.local/lib/python3.12/site-packages/sqlalchemy/pool/base.py", line 493, in checkout
    rec = pool._do_get()
          ^^^^^^^^^^^^^^
  File "/home/airflow/.local/lib/python3.12/site-packages/sqlalchemy/pool/impl.py", line 256, in _do_get
    return self._create_connection()
           ^^^^^^^^^^^^^^^^^^^^^^^^^
  File "/home/airflow/.local/lib/python3.12/site-packages/sqlalchemy/pool/base.py", line 273, in _create_connection
    return _ConnectionRecord(self)
           ^^^^^^^^^^^^^^^^^^^^^^^
  File "/home/airflow/.local/lib/python3.12/site-packages/sqlalchemy/pool/base.py", line 388, in __init__
    self.__connect()
  File "/home/airflow/.local/lib/python3.12/site-packages/sqlalchemy/pool/base.py", line 690, in __connect
    with util.safe_reraise():
  File "/home/airflow/.local/lib/python3.12/site-packages/sqlalchemy/util/langhelpers.py", line 70, in __exit__
    compat.raise_(
  File "/home/airflow/.local/lib/python3.12/site-packages/sqlalchemy/util/compat.py", line 211, in raise_
    raise exception
  File "/home/airflow/.local/lib/python3.12/site-packages/sqlalchemy/pool/base.py", line 686, in __connect
    self.dbapi_connection = connection = pool._invoke_creator(self)
                                         ^^^^^^^^^^^^^^^^^^^^^^^^^^
  File "/home/airflow/.local/lib/python3.12/site-packages/sqlalchemy/engine/create.py", line 574, in connect
    return dialect.connect(*cargs, **cparams)
           ^^^^^^^^^^^^^^^^^^^^^^^^^^^^^^^^^^
  File "/home/airflow/.local/lib/python3.12/site-packages/sqlalchemy/engine/default.py", line 598, in connect
    return self.dbapi.connect(*cargs, **cparams)
           ^^^^^^^^^^^^^^^^^^^^^^^^^^^^^^^^^^^^^
  File "/home/airflow/.local/lib/python3.12/site-packages/psycopg2/__init__.py", line 122, in connect
    conn = _connect(dsn, connection_factory=connection_factory, **kwasync)
           ^^^^^^^^^^^^^^^^^^^^^^^^^^^^^^^^^^^^^^^^^^^^^^^^^^^^^^^^^^^^^^^
psycopg2.OperationalError: could not translate host name "postgres" to address: Temporary failure in name resolution


The above exception was the direct cause of the following exception:

Traceback (most recent call last):
  File "/home/airflow/.local/lib/python3.12/site-packages/airflow/jobs/job.py", line 213, in heartbeat
    heartbeat_callback(session)
  File "/home/airflow/.local/lib/python3.12/site-packages/airflow/utils/session.py", line 76, in wrapper
    return func(*args, **kwargs)
           ^^^^^^^^^^^^^^^^^^^^^
  File "/home/airflow/.local/lib/python3.12/site-packages/airflow/jobs/local_task_job_runner.py", line 261, in heartbeat_callback
    self.task_instance.refresh_from_db()
  File "/home/airflow/.local/lib/python3.12/site-packages/airflow/utils/session.py", line 79, in wrapper
    return func(*args, session=session, **kwargs)
           ^^^^^^^^^^^^^^^^^^^^^^^^^^^^^^^^^^^^^^
  File "/home/airflow/.local/lib/python3.12/site-packages/airflow/models/taskinstance.py", line 1821, in refresh_from_db
    _refresh_from_db(task_instance=self, session=session, lock_for_update=lock_for_update)
  File "/home/airflow/.local/lib/python3.12/site-packages/airflow/models/taskinstance.py", line 510, in _refresh_from_db
    ti = TaskInstance.get_task_instance(
         ^^^^^^^^^^^^^^^^^^^^^^^^^^^^^^^
  File "/home/airflow/.local/lib/python3.12/site-packages/airflow/api_internal/internal_api_call.py", line 115, in wrapper
    return func(*args, **kwargs)
           ^^^^^^^^^^^^^^^^^^^^^
  File "/home/airflow/.local/lib/python3.12/site-packages/airflow/utils/session.py", line 76, in wrapper
    return func(*args, **kwargs)
           ^^^^^^^^^^^^^^^^^^^^^
  File "/home/airflow/.local/lib/python3.12/site-packages/airflow/models/taskinstance.py", line 1807, in get_task_instance
    return query.one_or_none()
           ^^^^^^^^^^^^^^^^^^^
  File "/home/airflow/.local/lib/python3.12/site-packages/sqlalchemy/orm/query.py", line 2850, in one_or_none
    return self._iter().one_or_none()
           ^^^^^^^^^^^^
  File "/home/airflow/.local/lib/python3.12/site-packages/sqlalchemy/orm/query.py", line 2916, in _iter
    result = self.session.execute(
             ^^^^^^^^^^^^^^^^^^^^^
  File "/home/airflow/.local/lib/python3.12/site-packages/sqlalchemy/orm/session.py", line 1716, in execute
    conn = self._connection_for_bind(bind)
           ^^^^^^^^^^^^^^^^^^^^^^^^^^^^^^^
  File "/home/airflow/.local/lib/python3.12/site-packages/sqlalchemy/orm/session.py", line 1555, in _connection_for_bind
    return self._transaction._connection_for_bind(
           ^^^^^^^^^^^^^^^^^^^^^^^^^^^^^^^^^^^^^^^
  File "/home/airflow/.local/lib/python3.12/site-packages/sqlalchemy/orm/session.py", line 750, in _connection_for_bind
    conn = bind.connect()
           ^^^^^^^^^^^^^^
  File "/home/airflow/.local/lib/python3.12/site-packages/sqlalchemy/future/engine.py", line 412, in connect
    return super(Engine, self).connect()
           ^^^^^^^^^^^^^^^^^^^^^^^^^^^^^
  File "/home/airflow/.local/lib/python3.12/site-packages/sqlalchemy/engine/base.py", line 3325, in connect
    return self._connection_cls(self, close_with_result=close_with_result)
           ^^^^^^^^^^^^^^^^^^^^^^^^^^^^^^^^^^^^^^^^^^^^^^^^^^^^^^^^^^^^^^^
  File "/home/airflow/.local/lib/python3.12/site-packages/sqlalchemy/engine/base.py", line 96, in __init__
    else engine.raw_connection()
         ^^^^^^^^^^^^^^^^^^^^^^^
  File "/home/airflow/.local/lib/python3.12/site-packages/sqlalchemy/engine/base.py", line 3404, in raw_connection
    return self._wrap_pool_connect(self.pool.connect, _connection)
           ^^^^^^^^^^^^^^^^^^^^^^^^^^^^^^^^^^^^^^^^^^^^^^^^^^^^^^^
  File "/home/airflow/.local/lib/python3.12/site-packages/sqlalchemy/engine/base.py", line 3374, in _wrap_pool_connect
    Connection._handle_dbapi_exception_noconnection(
  File "/home/airflow/.local/lib/python3.12/site-packages/sqlalchemy/engine/base.py", line 2208, in _handle_dbapi_exception_noconnection
    util.raise_(
  File "/home/airflow/.local/lib/python3.12/site-packages/sqlalchemy/util/compat.py", line 211, in raise_
    raise exception
  File "/home/airflow/.local/lib/python3.12/site-packages/sqlalchemy/engine/base.py", line 3371, in _wrap_pool_connect
    return fn()
           ^^^^
  File "/home/airflow/.local/lib/python3.12/site-packages/sqlalchemy/pool/base.py", line 327, in connect
    return _ConnectionFairy._checkout(self)
           ^^^^^^^^^^^^^^^^^^^^^^^^^^^^^^^^
  File "/home/airflow/.local/lib/python3.12/site-packages/sqlalchemy/pool/base.py", line 894, in _checkout
    fairy = _ConnectionRecord.checkout(pool)
            ^^^^^^^^^^^^^^^^^^^^^^^^^^^^^^^^
  File "/home/airflow/.local/lib/python3.12/site-packages/sqlalchemy/pool/base.py", line 493, in checkout
    rec = pool._do_get()
          ^^^^^^^^^^^^^^
  File "/home/airflow/.local/lib/python3.12/site-packages/sqlalchemy/pool/impl.py", line 256, in _do_get
    return self._create_connection()
           ^^^^^^^^^^^^^^^^^^^^^^^^^
  File "/home/airflow/.local/lib/python3.12/site-packages/sqlalchemy/pool/base.py", line 273, in _create_connection
    return _ConnectionRecord(self)
           ^^^^^^^^^^^^^^^^^^^^^^^
  File "/home/airflow/.local/lib/python3.12/site-packages/sqlalchemy/pool/base.py", line 388, in __init__
    self.__connect()
  File "/home/airflow/.local/lib/python3.12/site-packages/sqlalchemy/pool/base.py", line 690, in __connect
    with util.safe_reraise():
  File "/home/airflow/.local/lib/python3.12/site-packages/sqlalchemy/util/langhelpers.py", line 70, in __exit__
    compat.raise_(
  File "/home/airflow/.local/lib/python3.12/site-packages/sqlalchemy/util/compat.py", line 211, in raise_
    raise exception
  File "/home/airflow/.local/lib/python3.12/site-packages/sqlalchemy/pool/base.py", line 686, in __connect
    self.dbapi_connection = connection = pool._invoke_creator(self)
                                         ^^^^^^^^^^^^^^^^^^^^^^^^^^
  File "/home/airflow/.local/lib/python3.12/site-packages/sqlalchemy/engine/create.py", line 574, in connect
    return dialect.connect(*cargs, **cparams)
           ^^^^^^^^^^^^^^^^^^^^^^^^^^^^^^^^^^
  File "/home/airflow/.local/lib/python3.12/site-packages/sqlalchemy/engine/default.py", line 598, in connect
    return self.dbapi.connect(*cargs, **cparams)
           ^^^^^^^^^^^^^^^^^^^^^^^^^^^^^^^^^^^^^
  File "/home/airflow/.local/lib/python3.12/site-packages/psycopg2/__init__.py", line 122, in connect
    conn = _connect(dsn, connection_factory=connection_factory, **kwasync)
           ^^^^^^^^^^^^^^^^^^^^^^^^^^^^^^^^^^^^^^^^^^^^^^^^^^^^^^^^^^^^^^^
sqlalchemy.exc.OperationalError: (psycopg2.OperationalError) could not translate host name "postgres" to address: Temporary failure in name resolution

(Background on this error at: https://sqlalche.me/e/14/e3q8)
[2026-02-17T11:42:29.649+0000] {job.py:226} ERROR - Job heartbeat failed with error. Scheduler is in unhealthy state
[2026-02-17T11:42:29.956+0000] {connectionpool.py:824} WARNING - Retrying (Retry(total=0, connect=None, read=None, redirect=None, status=None)) after connection broken by 'NewConnectionError('<snowflake.connector.vendored.urllib3.connection.HTTPSConnection object at 0x7466ae025a90>: Failed to establish a new connection: [Errno -3] Temporary failure in name resolution')': /?accelerate
[2026-02-17T11:42:41.234+0000] {storage_client.py:318} WARNING - GET with url b'https://sfc-sg-ds1-178-customer-stage.s3.amazonaws.com/?accelerate' failed for transient error: HTTPSConnectionPool(host='sfc-sg-ds1-178-customer-stage.s3.amazonaws.com', port=443): Max retries exceeded with url: /?accelerate (Caused by NewConnectionError('<snowflake.connector.vendored.urllib3.connection.HTTPSConnection object at 0x7466ae011c40>: Failed to establish a new connection: [Errno -3] Temporary failure in name resolution'))
[2026-02-17T11:44:31.783+0000] {connectionpool.py:824} WARNING - Retrying (Retry(total=0, connect=None, read=None, redirect=None, status=None)) after connection broken by 'NewConnectionError('<snowflake.connector.vendored.urllib3.connection.HTTPSConnection object at 0x7466adfeacc0>: Failed to establish a new connection: [Errno -3] Temporary failure in name resolution')': /?accelerate
[2026-02-17T11:44:52.796+0000] {storage_client.py:318} WARNING - GET with url b'https://sfc-sg-ds1-178-customer-stage.s3.amazonaws.com/?accelerate' failed for transient error: HTTPSConnectionPool(host='sfc-sg-ds1-178-customer-stage.s3.amazonaws.com', port=443): Max retries exceeded with url: /?accelerate (Caused by NewConnectionError('<snowflake.connector.vendored.urllib3.connection.HTTPSConnection object at 0x7466adfeaf60>: Failed to establish a new connection: [Errno -3] Temporary failure in name resolution'))
[2026-02-17T11:45:13.284+0000] {logging_mixin.py:188} INFO - Uploading /opt/***/data/minio/AMZN/1771325510.json to Snowflake stage...
[2026-02-17T11:45:14.238+0000] {logging_mixin.py:188} INFO - Uploading /opt/***/data/minio/AMZN/1771325521.json to Snowflake stage...
[2026-02-17T11:45:15.189+0000] {logging_mixin.py:188} INFO - Uploading /opt/***/data/minio/AMZN/1771325532.json to Snowflake stage...
[2026-02-17T11:45:15.956+0000] {logging_mixin.py:188} INFO - Uploading /opt/***/data/minio/AMZN/1771325542.json to Snowflake stage...
[2026-02-17T11:45:16.756+0000] {logging_mixin.py:188} INFO - Uploading /opt/***/data/minio/AMZN/1771325552.json to Snowflake stage...
[2026-02-17T11:45:18.696+0000] {logging_mixin.py:188} INFO - Uploading /opt/***/data/minio/AMZN/1771325562.json to Snowflake stage...
[2026-02-17T11:45:19.400+0000] {logging_mixin.py:188} INFO - Uploading /opt/***/data/minio/AMZN/1771325573.json to Snowflake stage...
[2026-02-17T11:45:20.084+0000] {logging_mixin.py:188} INFO - Uploading /opt/***/data/minio/AMZN/1771325583.json to Snowflake stage...
[2026-02-17T11:45:20.832+0000] {logging_mixin.py:188} INFO - Uploading /opt/***/data/minio/AMZN/1771325593.json to Snowflake stage...
[2026-02-17T11:45:21.525+0000] {logging_mixin.py:188} INFO - Uploading /opt/***/data/minio/AMZN/1771325605.json to Snowflake stage...
[2026-02-17T11:45:22.162+0000] {logging_mixin.py:188} INFO - Uploading /opt/***/data/minio/AMZN/1771325616.json to Snowflake stage...
[2026-02-17T11:45:22.912+0000] {logging_mixin.py:188} INFO - Uploading /opt/***/data/minio/AMZN/1771325626.json to Snowflake stage...
[2026-02-17T11:45:23.689+0000] {logging_mixin.py:188} INFO - Uploading /opt/***/data/minio/AMZN/1771325637.json to Snowflake stage...
[2026-02-17T11:45:24.281+0000] {logging_mixin.py:188} INFO - Uploading /opt/***/data/minio/AMZN/1771325648.json to Snowflake stage...
[2026-02-17T11:45:24.954+0000] {logging_mixin.py:188} INFO - Uploading /opt/***/data/minio/AMZN/1771325659.json to Snowflake stage...
[2026-02-17T11:45:25.706+0000] {logging_mixin.py:188} INFO - Uploading /opt/***/data/minio/AMZN/1771325669.json to Snowflake stage...
[2026-02-17T11:45:26.391+0000] {logging_mixin.py:188} INFO - Uploading /opt/***/data/minio/AMZN/1771325679.json to Snowflake stage...
[2026-02-17T11:45:27.056+0000] {logging_mixin.py:188} INFO - Uploading /opt/***/data/minio/AMZN/1771325691.json to Snowflake stage...
[2026-02-17T11:45:27.644+0000] {logging_mixin.py:188} INFO - Uploading /opt/***/data/minio/AMZN/1771325701.json to Snowflake stage...
[2026-02-17T11:45:28.231+0000] {logging_mixin.py:188} INFO - Uploading /opt/***/data/minio/AMZN/1771325711.json to Snowflake stage...
[2026-02-17T11:45:28.904+0000] {logging_mixin.py:188} INFO - Uploading /opt/***/data/minio/AMZN/1771325722.json to Snowflake stage...
[2026-02-17T11:45:29.581+0000] {logging_mixin.py:188} INFO - Uploading /opt/***/data/minio/AMZN/1771325732.json to Snowflake stage...
[2026-02-17T11:45:30.420+0000] {logging_mixin.py:188} INFO - Uploading /opt/***/data/minio/AMZN/1771325743.json to Snowflake stage...
[2026-02-17T11:45:31.580+0000] {logging_mixin.py:188} INFO - Uploading /opt/***/data/minio/AMZN/1771325753.json to Snowflake stage...
[2026-02-17T11:45:32.200+0000] {logging_mixin.py:188} INFO - Uploading /opt/***/data/minio/AMZN/1771325769.json to Snowflake stage...
[2026-02-17T11:45:32.821+0000] {logging_mixin.py:188} INFO - Uploading /opt/***/data/minio/AMZN/1771325780.json to Snowflake stage...
[2026-02-17T11:45:33.478+0000] {logging_mixin.py:188} INFO - Uploading /opt/***/data/minio/AMZN/1771325792.json to Snowflake stage...
[2026-02-17T11:45:34.044+0000] {logging_mixin.py:188} INFO - Uploading /opt/***/data/minio/AMZN/1771325803.json to Snowflake stage...
[2026-02-17T11:45:34.580+0000] {logging_mixin.py:188} INFO - Uploading /opt/***/data/minio/AMZN/1771325813.json to Snowflake stage...
[2026-02-17T11:45:35.181+0000] {logging_mixin.py:188} INFO - Uploading /opt/***/data/minio/AMZN/1771325824.json to Snowflake stage...
[2026-02-17T11:45:35.918+0000] {logging_mixin.py:188} INFO - Uploading /opt/***/data/minio/AMZN/1771325834.json to Snowflake stage...
[2026-02-17T11:45:36.598+0000] {logging_mixin.py:188} INFO - Uploading /opt/***/data/minio/AMZN/1771325844.json to Snowflake stage...
[2026-02-17T11:45:37.266+0000] {logging_mixin.py:188} INFO - Uploading /opt/***/data/minio/AMZN/1771325857.json to Snowflake stage...
[2026-02-17T11:45:38.766+0000] {logging_mixin.py:188} INFO - Uploading /opt/***/data/minio/AMZN/1771325867.json to Snowflake stage...
[2026-02-17T11:45:39.371+0000] {logging_mixin.py:188} INFO - Uploading /opt/***/data/minio/AMZN/1771325878.json to Snowflake stage...
[2026-02-17T11:45:40.053+0000] {logging_mixin.py:188} INFO - Uploading /opt/***/data/minio/AMZN/1771325891.json to Snowflake stage...
[2026-02-17T11:45:40.816+0000] {logging_mixin.py:188} INFO - Uploading /opt/***/data/minio/AMZN/1771325902.json to Snowflake stage...
[2026-02-17T11:45:41.419+0000] {logging_mixin.py:188} INFO - Uploading /opt/***/data/minio/AMZN/1771325914.json to Snowflake stage...
[2026-02-17T11:45:41.948+0000] {logging_mixin.py:188} INFO - Uploading /opt/***/data/minio/AMZN/1771325925.json to Snowflake stage...
[2026-02-17T11:45:42.567+0000] {logging_mixin.py:188} INFO - Uploading /opt/***/data/minio/AMZN/1771325937.json to Snowflake stage...
[2026-02-17T11:45:43.160+0000] {logging_mixin.py:188} INFO - Uploading /opt/***/data/minio/AMZN/1771325948.json to Snowflake stage...
[2026-02-17T11:45:43.861+0000] {logging_mixin.py:188} INFO - Uploading /opt/***/data/minio/AMZN/1771325962.json to Snowflake stage...
[2026-02-17T11:45:44.527+0000] {logging_mixin.py:188} INFO - Uploading /opt/***/data/minio/AMZN/1771325973.json to Snowflake stage...
[2026-02-17T11:45:45.198+0000] {logging_mixin.py:188} INFO - Uploading /opt/***/data/minio/AMZN/1771325984.json to Snowflake stage...
[2026-02-17T11:45:45.947+0000] {logging_mixin.py:188} INFO - Uploading /opt/***/data/minio/AMZN/1771325995.json to Snowflake stage...
[2026-02-17T11:45:46.700+0000] {logging_mixin.py:188} INFO - Uploading /opt/***/data/minio/AMZN/1771326005.json to Snowflake stage...
[2026-02-17T11:45:47.346+0000] {logging_mixin.py:188} INFO - Uploading /opt/***/data/minio/AMZN/1771326016.json to Snowflake stage...
[2026-02-17T11:45:48.002+0000] {logging_mixin.py:188} INFO - Uploading /opt/***/data/minio/AMZN/1771326027.json to Snowflake stage...
[2026-02-17T11:45:48.590+0000] {logging_mixin.py:188} INFO - Uploading /opt/***/data/minio/AMZN/1771326037.json to Snowflake stage...
[2026-02-17T11:45:49.131+0000] {logging_mixin.py:188} INFO - Uploading /opt/***/data/minio/AMZN/1771326047.json to Snowflake stage...
[2026-02-17T11:45:49.662+0000] {logging_mixin.py:188} INFO - Uploading /opt/***/data/minio/AMZN/1771326058.json to Snowflake stage...
[2026-02-17T11:45:50.240+0000] {logging_mixin.py:188} INFO - Uploading /opt/***/data/minio/AMZN/1771326067.json to Snowflake stage...
[2026-02-17T11:45:50.733+0000] {logging_mixin.py:188} INFO - Uploading /opt/***/data/minio/AMZN/1771326077.json to Snowflake stage...
[2026-02-17T11:45:51.210+0000] {logging_mixin.py:188} INFO - Uploading /opt/***/data/minio/AMZN/1771326087.json to Snowflake stage...
[2026-02-17T11:45:51.667+0000] {logging_mixin.py:188} INFO - Uploading /opt/***/data/minio/AMZN/1771326101.json to Snowflake stage...
[2026-02-17T11:45:52.135+0000] {logging_mixin.py:188} INFO - Uploading /opt/***/data/minio/AMZN/1771326115.json to Snowflake stage...
[2026-02-17T11:45:52.812+0000] {logging_mixin.py:188} INFO - Uploading /opt/***/data/minio/AMZN/1771326128.json to Snowflake stage...
[2026-02-17T11:45:53.365+0000] {logging_mixin.py:188} INFO - Uploading /opt/***/data/minio/AMZN/1771326139.json to Snowflake stage...
[2026-02-17T11:45:53.932+0000] {logging_mixin.py:188} INFO - Uploading /opt/***/data/minio/AMZN/1771326151.json to Snowflake stage...
[2026-02-17T11:45:54.566+0000] {logging_mixin.py:188} INFO - Uploading /opt/***/data/minio/AMZN/1771326161.json to Snowflake stage...
[2026-02-17T11:45:55.222+0000] {logging_mixin.py:188} INFO - Uploading /opt/***/data/minio/AMZN/1771326173.json to Snowflake stage...
[2026-02-17T11:45:55.851+0000] {logging_mixin.py:188} INFO - Uploading /opt/***/data/minio/AMZN/1771326183.json to Snowflake stage...
[2026-02-17T11:45:56.481+0000] {logging_mixin.py:188} INFO - Uploading /opt/***/data/minio/AMZN/1771326194.json to Snowflake stage...
[2026-02-17T11:45:57.127+0000] {logging_mixin.py:188} INFO - Uploading /opt/***/data/minio/AMZN/1771326204.json to Snowflake stage...
[2026-02-17T11:45:57.770+0000] {logging_mixin.py:188} INFO - Uploading /opt/***/data/minio/AMZN/1771326215.json to Snowflake stage...
[2026-02-17T11:45:58.393+0000] {logging_mixin.py:188} INFO - Uploading /opt/***/data/minio/AMZN/1771326225.json to Snowflake stage...
[2026-02-17T11:45:59.559+0000] {logging_mixin.py:188} INFO - Uploading /opt/***/data/minio/AMZN/1771326235.json to Snowflake stage...
[2026-02-17T11:46:00.190+0000] {logging_mixin.py:188} INFO - Uploading /opt/***/data/minio/AMZN/1771326245.json to Snowflake stage...
[2026-02-17T11:46:00.818+0000] {logging_mixin.py:188} INFO - Uploading /opt/***/data/minio/AMZN/1771326255.json to Snowflake stage...
[2026-02-17T11:46:01.347+0000] {logging_mixin.py:188} INFO - Uploading /opt/***/data/minio/AMZN/1771326265.json to Snowflake stage...
[2026-02-17T11:46:02.518+0000] {logging_mixin.py:188} INFO - Uploading /opt/***/data/minio/AMZN/1771326275.json to Snowflake stage...
[2026-02-17T11:46:03.406+0000] {logging_mixin.py:188} INFO - Uploading /opt/***/data/minio/AMZN/1771326286.json to Snowflake stage...
[2026-02-17T11:46:04.018+0000] {logging_mixin.py:188} INFO - Uploading /opt/***/data/minio/AMZN/1771326301.json to Snowflake stage...
[2026-02-17T11:46:04.521+0000] {logging_mixin.py:188} INFO - Uploading /opt/***/data/minio/AMZN/1771326314.json to Snowflake stage...
[2026-02-17T11:46:05.045+0000] {logging_mixin.py:188} INFO - Uploading /opt/***/data/minio/AMZN/1771326324.json to Snowflake stage...
[2026-02-17T11:46:05.617+0000] {logging_mixin.py:188} INFO - Uploading /opt/***/data/minio/AMZN/1771326335.json to Snowflake stage...
[2026-02-17T11:46:06.178+0000] {logging_mixin.py:188} INFO - Uploading /opt/***/data/minio/AMZN/1771326351.json to Snowflake stage...
[2026-02-17T11:46:06.807+0000] {logging_mixin.py:188} INFO - Uploading /opt/***/data/minio/AMZN/1771326362.json to Snowflake stage...
[2026-02-17T11:46:07.462+0000] {logging_mixin.py:188} INFO - Uploading /opt/***/data/minio/AMZN/1771326374.json to Snowflake stage...
[2026-02-17T11:46:08.085+0000] {logging_mixin.py:188} INFO - Uploading /opt/***/data/minio/AMZN/1771326384.json to Snowflake stage...
[2026-02-17T11:46:08.732+0000] {logging_mixin.py:188} INFO - Uploading /opt/***/data/minio/AMZN/1771326395.json to Snowflake stage...
[2026-02-17T11:46:09.369+0000] {logging_mixin.py:188} INFO - Uploading /opt/***/data/minio/AMZN/1771326405.json to Snowflake stage...
[2026-02-17T11:46:09.937+0000] {logging_mixin.py:188} INFO - Uploading /opt/***/data/minio/AMZN/1771326415.json to Snowflake stage...
[2026-02-17T11:46:10.494+0000] {logging_mixin.py:188} INFO - Uploading /opt/***/data/minio/AMZN/1771326425.json to Snowflake stage...
[2026-02-17T11:46:10.964+0000] {logging_mixin.py:188} INFO - Uploading /opt/***/data/minio/AMZN/1771326436.json to Snowflake stage...
[2026-02-17T11:46:11.471+0000] {logging_mixin.py:188} INFO - Uploading /opt/***/data/minio/AMZN/1771326446.json to Snowflake stage...
[2026-02-17T11:46:12.189+0000] {logging_mixin.py:188} INFO - Uploading /opt/***/data/minio/AMZN/1771326456.json to Snowflake stage...
[2026-02-17T11:46:12.814+0000] {logging_mixin.py:188} INFO - Uploading /opt/***/data/minio/AMZN/1771326466.json to Snowflake stage...
[2026-02-17T11:46:13.450+0000] {logging_mixin.py:188} INFO - Uploading /opt/***/data/minio/AMZN/1771326476.json to Snowflake stage...
[2026-02-17T11:46:13.959+0000] {logging_mixin.py:188} INFO - Uploading /opt/***/data/minio/AMZN/1771326486.json to Snowflake stage...
[2026-02-17T11:46:14.491+0000] {logging_mixin.py:188} INFO - Uploading /opt/***/data/minio/AMZN/1771326497.json to Snowflake stage...
[2026-02-17T11:46:15.451+0000] {logging_mixin.py:188} INFO - Uploading /opt/***/data/minio/AMZN/1771326508.json to Snowflake stage...
[2026-02-17T11:46:16.487+0000] {logging_mixin.py:188} INFO - Uploading /opt/***/data/minio/AMZN/1771326518.json to Snowflake stage...
[2026-02-17T11:46:17.218+0000] {logging_mixin.py:188} INFO - Uploading /opt/***/data/minio/AMZN/1771326528.json to Snowflake stage...
[2026-02-17T11:46:17.740+0000] {logging_mixin.py:188} INFO - Uploading /opt/***/data/minio/AMZN/1771326538.json to Snowflake stage...
[2026-02-17T11:46:18.329+0000] {logging_mixin.py:188} INFO - Uploading /opt/***/data/minio/AMZN/1771326548.json to Snowflake stage...
[2026-02-17T11:46:18.986+0000] {logging_mixin.py:188} INFO - Uploading /opt/***/data/minio/AMZN/1771326559.json to Snowflake stage...
[2026-02-17T11:46:19.613+0000] {logging_mixin.py:188} INFO - Uploading /opt/***/data/minio/AMZN/1771326569.json to Snowflake stage...
[2026-02-17T11:46:20.736+0000] {logging_mixin.py:188} INFO - Uploading /opt/***/data/minio/AMZN/1771326578.json to Snowflake stage...
[2026-02-17T11:46:21.599+0000] {logging_mixin.py:188} INFO - Uploading /opt/***/data/minio/AMZN/1771326588.json to Snowflake stage...
[2026-02-17T11:46:22.622+0000] {logging_mixin.py:188} INFO - Uploading /opt/***/data/minio/AMZN/1771326599.json to Snowflake stage...
[2026-02-17T11:46:23.188+0000] {logging_mixin.py:188} INFO - Uploading /opt/***/data/minio/AMZN/1771326609.json to Snowflake stage...
[2026-02-17T11:46:23.772+0000] {logging_mixin.py:188} INFO - Uploading /opt/***/data/minio/AMZN/1771326619.json to Snowflake stage...
[2026-02-17T11:46:24.413+0000] {logging_mixin.py:188} INFO - Uploading /opt/***/data/minio/AMZN/1771326629.json to Snowflake stage...
[2026-02-17T11:46:25.072+0000] {logging_mixin.py:188} INFO - Uploading /opt/***/data/minio/AMZN/1771326639.json to Snowflake stage...
[2026-02-17T11:46:25.784+0000] {logging_mixin.py:188} INFO - Uploading /opt/***/data/minio/AMZN/1771326650.json to Snowflake stage...
[2026-02-17T11:46:26.488+0000] {logging_mixin.py:188} INFO - Uploading /opt/***/data/minio/AMZN/1771326659.json to Snowflake stage...
[2026-02-17T11:46:27.122+0000] {logging_mixin.py:188} INFO - Uploading /opt/***/data/minio/AMZN/1771326670.json to Snowflake stage...
[2026-02-17T11:46:27.783+0000] {logging_mixin.py:188} INFO - Uploading /opt/***/data/minio/AMZN/1771326680.json to Snowflake stage...
[2026-02-17T11:46:28.489+0000] {logging_mixin.py:188} INFO - Uploading /opt/***/data/minio/AMZN/1771326690.json to Snowflake stage...
[2026-02-17T11:46:29.009+0000] {logging_mixin.py:188} INFO - Uploading /opt/***/data/minio/AMZN/1771326701.json to Snowflake stage...
[2026-02-17T11:46:29.666+0000] {logging_mixin.py:188} INFO - Uploading /opt/***/data/minio/AMZN/1771326711.json to Snowflake stage...
[2026-02-17T11:46:30.347+0000] {logging_mixin.py:188} INFO - Uploading /opt/***/data/minio/AMZN/1771326721.json to Snowflake stage...
[2026-02-17T11:46:31.289+0000] {logging_mixin.py:188} INFO - Uploading /opt/***/data/minio/AMZN/1771326731.json to Snowflake stage...
[2026-02-17T11:46:32.026+0000] {logging_mixin.py:188} INFO - Uploading /opt/***/data/minio/AMZN/1771326741.json to Snowflake stage...
[2026-02-17T11:46:32.605+0000] {logging_mixin.py:188} INFO - Uploading /opt/***/data/minio/AMZN/1771326752.json to Snowflake stage...
[2026-02-17T11:46:33.137+0000] {logging_mixin.py:188} INFO - Uploading /opt/***/data/minio/AMZN/1771326762.json to Snowflake stage...
[2026-02-17T11:46:33.962+0000] {logging_mixin.py:188} INFO - Uploading /opt/***/data/minio/AMZN/1771326772.json to Snowflake stage...
[2026-02-17T11:46:34.517+0000] {logging_mixin.py:188} INFO - Uploading /opt/***/data/minio/AMZN/1771326782.json to Snowflake stage...
[2026-02-17T11:46:35.057+0000] {logging_mixin.py:188} INFO - Uploading /opt/***/data/minio/AMZN/1771326793.json to Snowflake stage...
[2026-02-17T11:46:35.607+0000] {logging_mixin.py:188} INFO - Uploading /opt/***/data/minio/AMZN/1771326802.json to Snowflake stage...
[2026-02-17T11:46:36.150+0000] {logging_mixin.py:188} INFO - Uploading /opt/***/data/minio/AMZN/1771326813.json to Snowflake stage...
[2026-02-17T11:46:36.943+0000] {logging_mixin.py:188} INFO - Uploading /opt/***/data/minio/AMZN/1771326823.json to Snowflake stage...
[2026-02-17T11:46:37.478+0000] {logging_mixin.py:188} INFO - Uploading /opt/***/data/minio/AMZN/1771326834.json to Snowflake stage...
[2026-02-17T11:46:38.002+0000] {logging_mixin.py:188} INFO - Uploading /opt/***/data/minio/AMZN/1771326844.json to Snowflake stage...
[2026-02-17T11:46:38.764+0000] {logging_mixin.py:188} INFO - Uploading /opt/***/data/minio/AMZN/1771326854.json to Snowflake stage...
[2026-02-17T11:46:39.851+0000] {logging_mixin.py:188} INFO - Uploading /opt/***/data/minio/AMZN/1771326863.json to Snowflake stage...
[2026-02-17T11:46:40.541+0000] {logging_mixin.py:188} INFO - Uploading /opt/***/data/minio/AMZN/1771326874.json to Snowflake stage...
[2026-02-17T11:46:41.048+0000] {logging_mixin.py:188} INFO - Uploading /opt/***/data/minio/AMZN/1771326884.json to Snowflake stage...
[2026-02-17T11:46:41.555+0000] {logging_mixin.py:188} INFO - Uploading /opt/***/data/minio/AMZN/1771326895.json to Snowflake stage...
[2026-02-17T11:46:42.076+0000] {logging_mixin.py:188} INFO - Uploading /opt/***/data/minio/AMZN/1771326905.json to Snowflake stage...
[2026-02-17T11:46:42.623+0000] {logging_mixin.py:188} INFO - Uploading /opt/***/data/minio/AMZN/1771326916.json to Snowflake stage...
[2026-02-17T11:46:43.237+0000] {logging_mixin.py:188} INFO - Uploading /opt/***/data/minio/AMZN/1771326927.json to Snowflake stage...
[2026-02-17T11:46:44.255+0000] {logging_mixin.py:188} INFO - Uploading /opt/***/data/minio/AMZN/1771326937.json to Snowflake stage...
[2026-02-17T11:46:44.787+0000] {logging_mixin.py:188} INFO - Uploading /opt/***/data/minio/AMZN/1771326948.json to Snowflake stage...
[2026-02-17T11:46:45.448+0000] {logging_mixin.py:188} INFO - Uploading /opt/***/data/minio/AMZN/1771326959.json to Snowflake stage...
[2026-02-17T11:46:45.940+0000] {logging_mixin.py:188} INFO - Uploading /opt/***/data/minio/AMZN/1771326969.json to Snowflake stage...
[2026-02-17T11:46:46.594+0000] {logging_mixin.py:188} INFO - Uploading /opt/***/data/minio/AMZN/1771326980.json to Snowflake stage...
[2026-02-17T11:46:47.081+0000] {logging_mixin.py:188} INFO - Uploading /opt/***/data/minio/AMZN/1771326990.json to Snowflake stage...
[2026-02-17T11:46:47.583+0000] {logging_mixin.py:188} INFO - Uploading /opt/***/data/minio/AMZN/1771327001.json to Snowflake stage...
[2026-02-17T11:46:48.083+0000] {logging_mixin.py:188} INFO - Uploading /opt/***/data/minio/AMZN/1771327011.json to Snowflake stage...
[2026-02-17T11:46:48.612+0000] {logging_mixin.py:188} INFO - Uploading /opt/***/data/minio/AMZN/1771327022.json to Snowflake stage...
[2026-02-17T11:46:49.227+0000] {logging_mixin.py:188} INFO - Uploading /opt/***/data/minio/AMZN/1771327032.json to Snowflake stage...
[2026-02-17T11:46:50.144+0000] {logging_mixin.py:188} INFO - Uploading /opt/***/data/minio/AMZN/1771327043.json to Snowflake stage...
[2026-02-17T11:46:50.639+0000] {logging_mixin.py:188} INFO - Uploading /opt/***/data/minio/AMZN/1771327053.json to Snowflake stage...
[2026-02-17T11:46:51.218+0000] {logging_mixin.py:188} INFO - Uploading /opt/***/data/minio/AMZN/1771327071.json to Snowflake stage...
[2026-02-17T11:46:51.697+0000] {logging_mixin.py:188} INFO - Uploading /opt/***/data/minio/AMZN/1771327090.json to Snowflake stage...
[2026-02-17T11:46:52.435+0000] {logging_mixin.py:188} INFO - Uploading /opt/***/data/minio/AMZN/1771327105.json to Snowflake stage...
[2026-02-17T11:46:53.091+0000] {logging_mixin.py:188} INFO - Uploading /opt/***/data/minio/AMZN/1771327119.json to Snowflake stage...
[2026-02-17T11:46:53.706+0000] {logging_mixin.py:188} INFO - Uploading /opt/***/data/minio/AMZN/1771327131.json to Snowflake stage...
[2026-02-17T11:46:54.343+0000] {logging_mixin.py:188} INFO - Uploading /opt/***/data/minio/AMZN/1771327141.json to Snowflake stage...
[2026-02-17T11:46:54.976+0000] {logging_mixin.py:188} INFO - Uploading /opt/***/data/minio/AMZN/1771327151.json to Snowflake stage...
[2026-02-17T11:46:56.267+0000] {logging_mixin.py:188} INFO - Uploading /opt/***/data/minio/AMZN/1771327162.json to Snowflake stage...
[2026-02-17T11:46:56.905+0000] {logging_mixin.py:188} INFO - Uploading /opt/***/data/minio/AMZN/1771327172.json to Snowflake stage...
[2026-02-17T11:46:57.436+0000] {logging_mixin.py:188} INFO - Uploading /opt/***/data/minio/AMZN/1771327182.json to Snowflake stage...
[2026-02-17T11:46:57.959+0000] {logging_mixin.py:188} INFO - Uploading /opt/***/data/minio/AMZN/1771327192.json to Snowflake stage...
[2026-02-17T11:46:58.970+0000] {logging_mixin.py:188} INFO - Uploading /opt/***/data/minio/AMZN/1771327202.json to Snowflake stage...
[2026-02-17T11:46:59.617+0000] {logging_mixin.py:188} INFO - Uploading /opt/***/data/minio/AMZN/1771327213.json to Snowflake stage...
[2026-02-17T11:47:00.400+0000] {logging_mixin.py:188} INFO - Uploading /opt/***/data/minio/AMZN/1771327224.json to Snowflake stage...
[2026-02-17T11:47:01.062+0000] {logging_mixin.py:188} INFO - Uploading /opt/***/data/minio/AMZN/1771327234.json to Snowflake stage...
[2026-02-17T11:47:01.937+0000] {logging_mixin.py:188} INFO - Uploading /opt/***/data/minio/AMZN/1771327245.json to Snowflake stage...
[2026-02-17T11:47:02.596+0000] {logging_mixin.py:188} INFO - Uploading /opt/***/data/minio/AMZN/1771327255.json to Snowflake stage...
[2026-02-17T11:47:03.241+0000] {logging_mixin.py:188} INFO - Uploading /opt/***/data/minio/AMZN/1771327265.json to Snowflake stage...
[2026-02-17T11:47:03.889+0000] {logging_mixin.py:188} INFO - Uploading /opt/***/data/minio/AMZN/1771327276.json to Snowflake stage...
[2026-02-17T11:47:04.497+0000] {logging_mixin.py:188} INFO - Uploading /opt/***/data/minio/AMZN/1771327285.json to Snowflake stage...
[2026-02-17T11:47:05.654+0000] {logging_mixin.py:188} INFO - Uploading /opt/***/data/minio/AMZN/1771327296.json to Snowflake stage...
[2026-02-17T11:47:08.542+0000] {logging_mixin.py:188} INFO - Uploading /opt/***/data/minio/AMZN/1771327306.json to Snowflake stage...
[2026-02-17T11:47:09.106+0000] {logging_mixin.py:188} INFO - Uploading /opt/***/data/minio/AMZN/1771327317.json to Snowflake stage...
[2026-02-17T11:47:09.648+0000] {logging_mixin.py:188} INFO - Uploading /opt/***/data/minio/AMZN/1771327327.json to Snowflake stage...
[2026-02-17T11:47:10.278+0000] {logging_mixin.py:188} INFO - Uploading /opt/***/data/minio/AMZN/1771327337.json to Snowflake stage...
[2026-02-17T11:47:10.929+0000] {logging_mixin.py:188} INFO - Uploading /opt/***/data/minio/AMZN/1771327347.json to Snowflake stage...
[2026-02-17T11:47:11.637+0000] {logging_mixin.py:188} INFO - Uploading /opt/***/data/minio/AMZN/1771327357.json to Snowflake stage...
[2026-02-17T11:47:12.292+0000] {logging_mixin.py:188} INFO - Uploading /opt/***/data/minio/AMZN/1771327367.json to Snowflake stage...
[2026-02-17T11:47:12.785+0000] {logging_mixin.py:188} INFO - Uploading /opt/***/data/minio/AMZN/1771327378.json to Snowflake stage...
[2026-02-17T11:47:13.302+0000] {logging_mixin.py:188} INFO - Uploading /opt/***/data/minio/AMZN/1771327388.json to Snowflake stage...
[2026-02-17T11:47:13.853+0000] {logging_mixin.py:188} INFO - Uploading /opt/***/data/minio/AMZN/1771327398.json to Snowflake stage...
[2026-02-17T11:47:14.357+0000] {logging_mixin.py:188} INFO - Uploading /opt/***/data/minio/AMZN/1771327410.json to Snowflake stage...
[2026-02-17T11:47:15.045+0000] {logging_mixin.py:188} INFO - Uploading /opt/***/data/minio/AMZN/1771327420.json to Snowflake stage...
[2026-02-17T11:47:16.165+0000] {logging_mixin.py:188} INFO - Uploading /opt/***/data/minio/AMZN/1771327430.json to Snowflake stage...
[2026-02-17T11:47:16.842+0000] {logging_mixin.py:188} INFO - Uploading /opt/***/data/minio/AMZN/1771327441.json to Snowflake stage...
[2026-02-17T11:47:17.559+0000] {logging_mixin.py:188} INFO - Uploading /opt/***/data/minio/AMZN/1771327450.json to Snowflake stage...
[2026-02-17T11:47:18.288+0000] {logging_mixin.py:188} INFO - Uploading /opt/***/data/minio/AMZN/1771327461.json to Snowflake stage...
[2026-02-17T11:47:19.724+0000] {logging_mixin.py:188} INFO - Uploading /opt/***/data/minio/AMZN/1771327472.json to Snowflake stage...
[2026-02-17T11:47:20.555+0000] {logging_mixin.py:188} INFO - Uploading /opt/***/data/minio/AMZN/1771327482.json to Snowflake stage...
[2026-02-17T11:47:21.109+0000] {logging_mixin.py:188} INFO - Uploading /opt/***/data/minio/AMZN/1771327492.json to Snowflake stage...
[2026-02-17T11:47:21.642+0000] {logging_mixin.py:188} INFO - Uploading /opt/***/data/minio/AMZN/1771327504.json to Snowflake stage...
[2026-02-17T11:47:22.598+0000] {logging_mixin.py:188} INFO - Uploading /opt/***/data/minio/AMZN/1771327514.json to Snowflake stage...
[2026-02-17T11:47:23.318+0000] {logging_mixin.py:188} INFO - Uploading /opt/***/data/minio/AMZN/1771327524.json to Snowflake stage...
[2026-02-17T11:47:23.842+0000] {logging_mixin.py:188} INFO - Uploading /opt/***/data/minio/AMZN/1771327535.json to Snowflake stage...
[2026-02-17T11:47:24.375+0000] {logging_mixin.py:188} INFO - Uploading /opt/***/data/minio/AMZN/1771327545.json to Snowflake stage...
[2026-02-17T11:47:24.953+0000] {logging_mixin.py:188} INFO - Uploading /opt/***/data/minio/AMZN/1771327555.json to Snowflake stage...
[2026-02-17T11:47:25.594+0000] {logging_mixin.py:188} INFO - Uploading /opt/***/data/minio/AMZN/1771327566.json to Snowflake stage...
[2026-02-17T11:47:26.094+0000] {logging_mixin.py:188} INFO - Uploading /opt/***/data/minio/AMZN/1771327578.json to Snowflake stage...
[2026-02-17T11:47:26.602+0000] {logging_mixin.py:188} INFO - Uploading /opt/***/data/minio/AMZN/1771327590.json to Snowflake stage...
[2026-02-17T11:47:27.081+0000] {logging_mixin.py:188} INFO - Uploading /opt/***/data/minio/AMZN/1771327600.json to Snowflake stage...
[2026-02-17T11:47:27.716+0000] {logging_mixin.py:188} INFO - Uploading /opt/***/data/minio/AMZN/1771327610.json to Snowflake stage...
[2026-02-17T11:47:28.356+0000] {logging_mixin.py:188} INFO - Uploading /opt/***/data/minio/AMZN/1771327621.json to Snowflake stage...
[2026-02-17T11:47:29.018+0000] {logging_mixin.py:188} INFO - Uploading /opt/***/data/minio/AMZN/1771327631.json to Snowflake stage...
[2026-02-17T11:47:30.053+0000] {logging_mixin.py:188} INFO - Uploading /opt/***/data/minio/AMZN/1771327641.json to Snowflake stage...
[2026-02-17T11:47:30.695+0000] {logging_mixin.py:188} INFO - Uploading /opt/***/data/minio/AMZN/1771327651.json to Snowflake stage...
[2026-02-17T11:47:31.738+0000] {logging_mixin.py:188} INFO - Uploading /opt/***/data/minio/AMZN/1771327661.json to Snowflake stage...
[2026-02-17T11:47:32.178+0000] {logging_mixin.py:188} INFO - Uploading /opt/***/data/minio/AMZN/1771327672.json to Snowflake stage...
[2026-02-17T11:47:32.665+0000] {logging_mixin.py:188} INFO - Uploading /opt/***/data/minio/AMZN/1771327682.json to Snowflake stage...
[2026-02-17T11:47:33.230+0000] {logging_mixin.py:188} INFO - Uploading /opt/***/data/minio/AMZN/1771327692.json to Snowflake stage...
[2026-02-17T11:47:33.786+0000] {logging_mixin.py:188} INFO - Uploading /opt/***/data/minio/AMZN/1771327703.json to Snowflake stage...
[2026-02-17T11:47:34.400+0000] {logging_mixin.py:188} INFO - Uploading /opt/***/data/minio/AMZN/1771327713.json to Snowflake stage...
[2026-02-17T11:47:36.458+0000] {logging_mixin.py:188} INFO - Uploading /opt/***/data/minio/AMZN/1771327723.json to Snowflake stage...
[2026-02-17T11:47:37.049+0000] {logging_mixin.py:188} INFO - Uploading /opt/***/data/minio/AMZN/1771327733.json to Snowflake stage...
[2026-02-17T11:47:37.689+0000] {logging_mixin.py:188} INFO - Uploading /opt/***/data/minio/AMZN/1771327743.json to Snowflake stage...
[2026-02-17T11:47:41.450+0000] {logging_mixin.py:188} INFO - Uploading /opt/***/data/minio/AMZN/1771327754.json to Snowflake stage...
[2026-02-17T11:47:42.298+0000] {logging_mixin.py:188} INFO - Uploading /opt/***/data/minio/AMZN/1771327764.json to Snowflake stage...
[2026-02-17T11:47:44.212+0000] {logging_mixin.py:188} INFO - Uploading /opt/***/data/minio/AMZN/1771327774.json to Snowflake stage...
[2026-02-17T11:47:44.770+0000] {logging_mixin.py:188} INFO - Uploading /opt/***/data/minio/AMZN/1771327786.json to Snowflake stage...
[2026-02-17T11:47:45.297+0000] {logging_mixin.py:188} INFO - Uploading /opt/***/data/minio/AMZN/1771327795.json to Snowflake stage...
[2026-02-17T11:47:45.815+0000] {logging_mixin.py:188} INFO - Uploading /opt/***/data/minio/AMZN/1771327806.json to Snowflake stage...
[2026-02-17T11:47:46.480+0000] {logging_mixin.py:188} INFO - Uploading /opt/***/data/minio/AMZN/1771327816.json to Snowflake stage...
[2026-02-17T11:47:47.070+0000] {logging_mixin.py:188} INFO - Uploading /opt/***/data/minio/AMZN/1771327827.json to Snowflake stage...
[2026-02-17T11:47:47.723+0000] {logging_mixin.py:188} INFO - Uploading /opt/***/data/minio/AMZN/1771327837.json to Snowflake stage...
[2026-02-17T11:47:48.220+0000] {logging_mixin.py:188} INFO - Uploading /opt/***/data/minio/AMZN/1771327847.json to Snowflake stage...
[2026-02-17T11:47:48.815+0000] {logging_mixin.py:188} INFO - Uploading /opt/***/data/minio/AMZN/1771327858.json to Snowflake stage...
[2026-02-17T11:47:49.282+0000] {logging_mixin.py:188} INFO - Uploading /opt/***/data/minio/AMZN/1771327869.json to Snowflake stage...
[2026-02-17T11:47:49.781+0000] {logging_mixin.py:188} INFO - Uploading /opt/***/data/minio/AMZN/1771327879.json to Snowflake stage...
[2026-02-17T11:47:50.359+0000] {logging_mixin.py:188} INFO - Uploading /opt/***/data/minio/AMZN/1771327890.json to Snowflake stage...
[2026-02-17T11:47:51.392+0000] {logging_mixin.py:188} INFO - Uploading /opt/***/data/minio/AMZN/1771327900.json to Snowflake stage...
[2026-02-17T11:47:51.949+0000] {logging_mixin.py:188} INFO - Uploading /opt/***/data/minio/AMZN/1771327911.json to Snowflake stage...
[2026-02-17T11:47:52.674+0000] {logging_mixin.py:188} INFO - Uploading /opt/***/data/minio/AMZN/1771327921.json to Snowflake stage...
[2026-02-17T11:47:53.216+0000] {logging_mixin.py:188} INFO - Uploading /opt/***/data/minio/AMZN/1771327931.json to Snowflake stage...
[2026-02-17T11:47:53.859+0000] {logging_mixin.py:188} INFO - Uploading /opt/***/data/minio/AMZN/1771327942.json to Snowflake stage...
[2026-02-17T11:47:54.573+0000] {logging_mixin.py:188} INFO - Uploading /opt/***/data/minio/AMZN/1771327952.json to Snowflake stage...
[2026-02-17T11:47:55.050+0000] {logging_mixin.py:188} INFO - Uploading /opt/***/data/minio/AMZN/1771327962.json to Snowflake stage...
[2026-02-17T11:47:55.612+0000] {logging_mixin.py:188} INFO - Uploading /opt/***/data/minio/AMZN/1771327973.json to Snowflake stage...
[2026-02-17T11:47:56.069+0000] {logging_mixin.py:188} INFO - Uploading /opt/***/data/minio/AMZN/1771327983.json to Snowflake stage...
[2026-02-17T11:47:56.508+0000] {logging_mixin.py:188} INFO - Uploading /opt/***/data/minio/AMZN/1771327993.json to Snowflake stage...
[2026-02-17T11:47:57.650+0000] {logging_mixin.py:188} INFO - Uploading /opt/***/data/minio/AMZN/1771328004.json to Snowflake stage...
[2026-02-17T11:47:58.282+0000] {logging_mixin.py:188} INFO - Uploading /opt/***/data/minio/AMZN/1771328013.json to Snowflake stage...
[2026-02-17T11:47:58.900+0000] {logging_mixin.py:188} INFO - Uploading /opt/***/data/minio/AMZN/1771328023.json to Snowflake stage...
[2026-02-17T11:47:59.548+0000] {logging_mixin.py:188} INFO - Uploading /opt/***/data/minio/AMZN/1771328033.json to Snowflake stage...
[2026-02-17T11:48:00.203+0000] {logging_mixin.py:188} INFO - Uploading /opt/***/data/minio/AMZN/1771328044.json to Snowflake stage...
[2026-02-17T11:48:00.910+0000] {logging_mixin.py:188} INFO - Uploading /opt/***/data/minio/AMZN/1771328054.json to Snowflake stage...
[2026-02-17T11:48:01.561+0000] {logging_mixin.py:188} INFO - Uploading /opt/***/data/minio/AMZN/1771328064.json to Snowflake stage...
[2026-02-17T11:48:02.202+0000] {logging_mixin.py:188} INFO - Uploading /opt/***/data/minio/AMZN/1771328074.json to Snowflake stage...
[2026-02-17T11:48:02.768+0000] {logging_mixin.py:188} INFO - Uploading /opt/***/data/minio/AMZN/1771328085.json to Snowflake stage...
[2026-02-17T11:48:03.522+0000] {logging_mixin.py:188} INFO - Uploading /opt/***/data/minio/AMZN/1771328096.json to Snowflake stage...
[2026-02-17T11:48:04.125+0000] {logging_mixin.py:188} INFO - Uploading /opt/***/data/minio/GOOGL/1771324934.json to Snowflake stage...
[2026-02-17T11:48:04.709+0000] {logging_mixin.py:188} INFO - Uploading /opt/***/data/minio/GOOGL/1771324945.json to Snowflake stage...
[2026-02-17T11:48:05.246+0000] {logging_mixin.py:188} INFO - Uploading /opt/***/data/minio/GOOGL/1771324955.json to Snowflake stage...
[2026-02-17T11:48:05.777+0000] {logging_mixin.py:188} INFO - Uploading /opt/***/data/minio/GOOGL/1771324965.json to Snowflake stage...
[2026-02-17T11:48:06.344+0000] {logging_mixin.py:188} INFO - Uploading /opt/***/data/minio/GOOGL/1771324976.json to Snowflake stage...
[2026-02-17T11:48:06.901+0000] {logging_mixin.py:188} INFO - Uploading /opt/***/data/minio/GOOGL/1771324987.json to Snowflake stage...
[2026-02-17T11:48:07.512+0000] {logging_mixin.py:188} INFO - Uploading /opt/***/data/minio/GOOGL/1771324998.json to Snowflake stage...
[2026-02-17T11:48:08.659+0000] {logging_mixin.py:188} INFO - Uploading /opt/***/data/minio/GOOGL/1771325008.json to Snowflake stage...
[2026-02-17T11:48:09.478+0000] {logging_mixin.py:188} INFO - Uploading /opt/***/data/minio/GOOGL/1771325019.json to Snowflake stage...
[2026-02-17T11:48:10.418+0000] {logging_mixin.py:188} INFO - Uploading /opt/***/data/minio/GOOGL/1771325030.json to Snowflake stage...
[2026-02-17T11:48:11.139+0000] {logging_mixin.py:188} INFO - Uploading /opt/***/data/minio/GOOGL/1771325040.json to Snowflake stage...
[2026-02-17T11:48:11.779+0000] {logging_mixin.py:188} INFO - Uploading /opt/***/data/minio/GOOGL/1771325050.json to Snowflake stage...
[2026-02-17T11:48:12.341+0000] {logging_mixin.py:188} INFO - Uploading /opt/***/data/minio/GOOGL/1771325061.json to Snowflake stage...
[2026-02-17T11:48:12.922+0000] {logging_mixin.py:188} INFO - Uploading /opt/***/data/minio/GOOGL/1771325071.json to Snowflake stage...
[2026-02-17T11:48:13.494+0000] {logging_mixin.py:188} INFO - Uploading /opt/***/data/minio/GOOGL/1771325081.json to Snowflake stage...
[2026-02-17T11:48:14.023+0000] {logging_mixin.py:188} INFO - Uploading /opt/***/data/minio/GOOGL/1771325092.json to Snowflake stage...
[2026-02-17T11:48:14.576+0000] {logging_mixin.py:188} INFO - Uploading /opt/***/data/minio/GOOGL/1771325103.json to Snowflake stage...
[2026-02-17T11:48:15.702+0000] {logging_mixin.py:188} INFO - Uploading /opt/***/data/minio/GOOGL/1771325113.json to Snowflake stage...
[2026-02-17T11:48:16.176+0000] {logging_mixin.py:188} INFO - Uploading /opt/***/data/minio/GOOGL/1771325123.json to Snowflake stage...
[2026-02-17T11:48:16.678+0000] {logging_mixin.py:188} INFO - Uploading /opt/***/data/minio/GOOGL/1771325134.json to Snowflake stage...
[2026-02-17T11:48:17.147+0000] {logging_mixin.py:188} INFO - Uploading /opt/***/data/minio/GOOGL/1771325144.json to Snowflake stage...
[2026-02-17T11:48:17.578+0000] {logging_mixin.py:188} INFO - Uploading /opt/***/data/minio/GOOGL/1771325155.json to Snowflake stage...
[2026-02-17T11:48:18.036+0000] {logging_mixin.py:188} INFO - Uploading /opt/***/data/minio/GOOGL/1771325165.json to Snowflake stage...
[2026-02-17T11:48:48.652+0000] {connectionpool.py:824} WARNING - Retrying (Retry(total=0, connect=None, read=None, redirect=None, status=None)) after connection broken by 'ProtocolError('Connection aborted.', RemoteDisconnected('Remote end closed connection without response'))': /ev2g1000-s/tables/83986386969/1771325165.json.gz
[2026-02-17T11:48:49.794+0000] {logging_mixin.py:188} INFO - Uploading /opt/***/data/minio/GOOGL/1771325176.json to Snowflake stage...
[2026-02-17T11:48:50.405+0000] {logging_mixin.py:188} INFO - Uploading /opt/***/data/minio/GOOGL/1771325186.json to Snowflake stage...
[2026-02-17T11:48:51.649+0000] {logging_mixin.py:188} INFO - Uploading /opt/***/data/minio/GOOGL/1771325196.json to Snowflake stage...
[2026-02-17T11:48:52.259+0000] {logging_mixin.py:188} INFO - Uploading /opt/***/data/minio/GOOGL/1771325207.json to Snowflake stage...
[2026-02-17T11:48:52.885+0000] {logging_mixin.py:188} INFO - Uploading /opt/***/data/minio/GOOGL/1771325217.json to Snowflake stage...
[2026-02-17T11:48:53.559+0000] {logging_mixin.py:188} INFO - Uploading /opt/***/data/minio/GOOGL/1771325227.json to Snowflake stage...
[2026-02-17T11:48:54.085+0000] {logging_mixin.py:188} INFO - Uploading /opt/***/data/minio/GOOGL/1771325238.json to Snowflake stage...
[2026-02-17T11:48:54.733+0000] {logging_mixin.py:188} INFO - Uploading /opt/***/data/minio/GOOGL/1771325249.json to Snowflake stage...
[2026-02-17T11:48:55.242+0000] {logging_mixin.py:188} INFO - Uploading /opt/***/data/minio/GOOGL/1771325260.json to Snowflake stage...
[2026-02-17T11:48:55.841+0000] {logging_mixin.py:188} INFO - Uploading /opt/***/data/minio/GOOGL/1771325271.json to Snowflake stage...
[2026-02-17T11:48:56.335+0000] {logging_mixin.py:188} INFO - Uploading /opt/***/data/minio/GOOGL/1771325281.json to Snowflake stage...
[2026-02-17T11:48:56.839+0000] {logging_mixin.py:188} INFO - Uploading /opt/***/data/minio/GOOGL/1771325291.json to Snowflake stage...
[2026-02-17T11:48:57.318+0000] {logging_mixin.py:188} INFO - Uploading /opt/***/data/minio/GOOGL/1771325303.json to Snowflake stage...
[2026-02-17T11:48:57.800+0000] {logging_mixin.py:188} INFO - Uploading /opt/***/data/minio/GOOGL/1771325336.json to Snowflake stage...
[2026-02-17T11:48:58.415+0000] {logging_mixin.py:188} INFO - Uploading /opt/***/data/minio/GOOGL/1771325346.json to Snowflake stage...
[2026-02-17T11:48:59.124+0000] {logging_mixin.py:188} INFO - Uploading /opt/***/data/minio/GOOGL/1771325356.json to Snowflake stage...
[2026-02-17T11:49:00.155+0000] {logging_mixin.py:188} INFO - Uploading /opt/***/data/minio/GOOGL/1771325366.json to Snowflake stage...
[2026-02-17T11:49:00.723+0000] {logging_mixin.py:188} INFO - Uploading /opt/***/data/minio/GOOGL/1771325377.json to Snowflake stage...
[2026-02-17T11:49:02.090+0000] {logging_mixin.py:188} INFO - Uploading /opt/***/data/minio/GOOGL/1771325387.json to Snowflake stage...
[2026-02-17T11:49:02.738+0000] {logging_mixin.py:188} INFO - Uploading /opt/***/data/minio/GOOGL/1771325399.json to Snowflake stage...
[2026-02-17T11:49:03.383+0000] {logging_mixin.py:188} INFO - Uploading /opt/***/data/minio/GOOGL/1771325410.json to Snowflake stage...
[2026-02-17T11:49:03.907+0000] {logging_mixin.py:188} INFO - Uploading /opt/***/data/minio/GOOGL/1771325421.json to Snowflake stage...
[2026-02-17T11:49:04.449+0000] {logging_mixin.py:188} INFO - Uploading /opt/***/data/minio/GOOGL/1771325433.json to Snowflake stage...
[2026-02-17T11:49:04.976+0000] {logging_mixin.py:188} INFO - Uploading /opt/***/data/minio/GOOGL/1771325445.json to Snowflake stage...
[2026-02-17T11:49:05.501+0000] {logging_mixin.py:188} INFO - Uploading /opt/***/data/minio/GOOGL/1771325455.json to Snowflake stage...
[2026-02-17T11:49:06.307+0000] {logging_mixin.py:188} INFO - Uploading /opt/***/data/minio/GOOGL/1771325466.json to Snowflake stage...
[2026-02-17T11:49:06.964+0000] {logging_mixin.py:188} INFO - Uploading /opt/***/data/minio/GOOGL/1771325476.json to Snowflake stage...
[2026-02-17T11:49:07.537+0000] {logging_mixin.py:188} INFO - Uploading /opt/***/data/minio/GOOGL/1771325487.json to Snowflake stage...
[2026-02-17T11:49:08.146+0000] {logging_mixin.py:188} INFO - Uploading /opt/***/data/minio/GOOGL/1771325498.json to Snowflake stage...
[2026-02-17T11:49:08.781+0000] {logging_mixin.py:188} INFO - Uploading /opt/***/data/minio/GOOGL/1771325509.json to Snowflake stage...
[2026-02-17T11:49:09.321+0000] {logging_mixin.py:188} INFO - Uploading /opt/***/data/minio/GOOGL/1771325519.json to Snowflake stage...
[2026-02-17T11:49:09.871+0000] {logging_mixin.py:188} INFO - Uploading /opt/***/data/minio/GOOGL/1771325530.json to Snowflake stage...
[2026-02-17T11:49:10.520+0000] {logging_mixin.py:188} INFO - Uploading /opt/***/data/minio/GOOGL/1771325540.json to Snowflake stage...
[2026-02-17T11:49:11.182+0000] {logging_mixin.py:188} INFO - Uploading /opt/***/data/minio/GOOGL/1771325551.json to Snowflake stage...
[2026-02-17T11:49:13.154+0000] {logging_mixin.py:188} INFO - Uploading /opt/***/data/minio/GOOGL/1771325561.json to Snowflake stage...
[2026-02-17T11:49:14.405+0000] {logging_mixin.py:188} INFO - Uploading /opt/***/data/minio/GOOGL/1771325571.json to Snowflake stage...
[2026-02-17T11:49:15.002+0000] {logging_mixin.py:188} INFO - Uploading /opt/***/data/minio/GOOGL/1771325581.json to Snowflake stage...
[2026-02-17T11:49:15.562+0000] {logging_mixin.py:188} INFO - Uploading /opt/***/data/minio/GOOGL/1771325591.json to Snowflake stage...
[2026-02-17T11:49:16.069+0000] {logging_mixin.py:188} INFO - Uploading /opt/***/data/minio/GOOGL/1771325603.json to Snowflake stage...
[2026-02-17T11:49:16.758+0000] {logging_mixin.py:188} INFO - Uploading /opt/***/data/minio/GOOGL/1771325614.json to Snowflake stage...
[2026-02-17T11:49:17.480+0000] {logging_mixin.py:188} INFO - Uploading /opt/***/data/minio/GOOGL/1771325624.json to Snowflake stage...
[2026-02-17T11:49:18.183+0000] {logging_mixin.py:188} INFO - Uploading /opt/***/data/minio/GOOGL/1771325636.json to Snowflake stage...
[2026-02-17T11:49:18.875+0000] {logging_mixin.py:188} INFO - Uploading /opt/***/data/minio/GOOGL/1771325646.json to Snowflake stage...
[2026-02-17T11:49:19.461+0000] {logging_mixin.py:188} INFO - Uploading /opt/***/data/minio/GOOGL/1771325657.json to Snowflake stage...
[2026-02-17T11:49:20.086+0000] {logging_mixin.py:188} INFO - Uploading /opt/***/data/minio/GOOGL/1771325667.json to Snowflake stage...
[2026-02-17T11:49:20.703+0000] {logging_mixin.py:188} INFO - Uploading /opt/***/data/minio/GOOGL/1771325677.json to Snowflake stage...
[2026-02-17T11:49:21.465+0000] {logging_mixin.py:188} INFO - Uploading /opt/***/data/minio/GOOGL/1771325688.json to Snowflake stage...
[2026-02-17T11:49:22.085+0000] {logging_mixin.py:188} INFO - Uploading /opt/***/data/minio/GOOGL/1771325699.json to Snowflake stage...
[2026-02-17T11:49:22.710+0000] {logging_mixin.py:188} INFO - Uploading /opt/***/data/minio/GOOGL/1771325709.json to Snowflake stage...
[2026-02-17T11:49:23.385+0000] {logging_mixin.py:188} INFO - Uploading /opt/***/data/minio/GOOGL/1771325720.json to Snowflake stage...
[2026-02-17T11:49:24.016+0000] {logging_mixin.py:188} INFO - Uploading /opt/***/data/minio/GOOGL/1771325730.json to Snowflake stage...
[2026-02-17T11:49:24.570+0000] {logging_mixin.py:188} INFO - Uploading /opt/***/data/minio/GOOGL/1771325741.json to Snowflake stage...
[2026-02-17T11:49:25.213+0000] {logging_mixin.py:188} INFO - Uploading /opt/***/data/minio/GOOGL/1771325752.json to Snowflake stage...
[2026-02-17T11:49:25.795+0000] {logging_mixin.py:188} INFO - Uploading /opt/***/data/minio/GOOGL/1771325766.json to Snowflake stage...
[2026-02-17T11:49:26.366+0000] {logging_mixin.py:188} INFO - Uploading /opt/***/data/minio/GOOGL/1771325778.json to Snowflake stage...
[2026-02-17T11:49:27.063+0000] {logging_mixin.py:188} INFO - Uploading /opt/***/data/minio/GOOGL/1771325790.json to Snowflake stage...
[2026-02-17T11:49:28.146+0000] {logging_mixin.py:188} INFO - Uploading /opt/***/data/minio/GOOGL/1771325801.json to Snowflake stage...
[2026-02-17T11:49:34.973+0000] {connectionpool.py:824} WARNING - Retrying (Retry(total=0, connect=None, read=None, redirect=None, status=None)) after connection broken by 'ProtocolError('Connection aborted.', RemoteDisconnected('Remote end closed connection without response'))': /?accelerate
[2026-02-17T11:49:36.557+0000] {logging_mixin.py:188} INFO - Uploading /opt/***/data/minio/GOOGL/1771325811.json to Snowflake stage...
[2026-02-17T11:49:37.143+0000] {logging_mixin.py:188} INFO - Uploading /opt/***/data/minio/GOOGL/1771325822.json to Snowflake stage...
[2026-02-17T11:49:37.713+0000] {logging_mixin.py:188} INFO - Uploading /opt/***/data/minio/GOOGL/1771325832.json to Snowflake stage...
[2026-02-17T11:49:38.275+0000] {logging_mixin.py:188} INFO - Uploading /opt/***/data/minio/GOOGL/1771325842.json to Snowflake stage...
[2026-02-17T11:49:38.860+0000] {logging_mixin.py:188} INFO - Uploading /opt/***/data/minio/GOOGL/1771325855.json to Snowflake stage...
[2026-02-17T11:49:39.347+0000] {logging_mixin.py:188} INFO - Uploading /opt/***/data/minio/GOOGL/1771325865.json to Snowflake stage...
[2026-02-17T11:49:39.870+0000] {logging_mixin.py:188} INFO - Uploading /opt/***/data/minio/GOOGL/1771325876.json to Snowflake stage...
[2026-02-17T11:49:40.405+0000] {logging_mixin.py:188} INFO - Uploading /opt/***/data/minio/GOOGL/1771325888.json to Snowflake stage...
[2026-02-17T11:49:41.090+0000] {logging_mixin.py:188} INFO - Uploading /opt/***/data/minio/GOOGL/1771325899.json to Snowflake stage...
[2026-02-17T11:49:41.724+0000] {logging_mixin.py:188} INFO - Uploading /opt/***/data/minio/GOOGL/1771325912.json to Snowflake stage...
[2026-02-17T11:49:42.350+0000] {logging_mixin.py:188} INFO - Uploading /opt/***/data/minio/GOOGL/1771325923.json to Snowflake stage...
[2026-02-17T11:49:42.987+0000] {logging_mixin.py:188} INFO - Uploading /opt/***/data/minio/GOOGL/1771325934.json to Snowflake stage...
[2026-02-17T11:49:43.624+0000] {logging_mixin.py:188} INFO - Uploading /opt/***/data/minio/GOOGL/1771325946.json to Snowflake stage...
[2026-02-17T11:49:44.270+0000] {logging_mixin.py:188} INFO - Uploading /opt/***/data/minio/GOOGL/1771325959.json to Snowflake stage...
[2026-02-17T11:49:44.918+0000] {logging_mixin.py:188} INFO - Uploading /opt/***/data/minio/GOOGL/1771325971.json to Snowflake stage...
[2026-02-17T11:49:45.613+0000] {logging_mixin.py:188} INFO - Uploading /opt/***/data/minio/GOOGL/1771325982.json to Snowflake stage...
[2026-02-17T11:49:46.607+0000] {logging_mixin.py:188} INFO - Uploading /opt/***/data/minio/GOOGL/1771325993.json to Snowflake stage...
[2026-02-17T11:49:47.174+0000] {logging_mixin.py:188} INFO - Uploading /opt/***/data/minio/GOOGL/1771326003.json to Snowflake stage...
[2026-02-17T11:49:48.233+0000] {logging_mixin.py:188} INFO - Uploading /opt/***/data/minio/GOOGL/1771326014.json to Snowflake stage...
[2026-02-17T11:49:48.799+0000] {logging_mixin.py:188} INFO - Uploading /opt/***/data/minio/GOOGL/1771326025.json to Snowflake stage...
[2026-02-17T11:49:49.309+0000] {logging_mixin.py:188} INFO - Uploading /opt/***/data/minio/GOOGL/1771326035.json to Snowflake stage...
[2026-02-17T11:49:49.839+0000] {logging_mixin.py:188} INFO - Uploading /opt/***/data/minio/GOOGL/1771326045.json to Snowflake stage...
[2026-02-17T11:49:50.733+0000] {logging_mixin.py:188} INFO - Uploading /opt/***/data/minio/GOOGL/1771326056.json to Snowflake stage...
[2026-02-17T11:49:51.254+0000] {logging_mixin.py:188} INFO - Uploading /opt/***/data/minio/GOOGL/1771326066.json to Snowflake stage...
[2026-02-17T11:49:51.775+0000] {logging_mixin.py:188} INFO - Uploading /opt/***/data/minio/GOOGL/1771326076.json to Snowflake stage...
[2026-02-17T11:49:52.815+0000] {logging_mixin.py:188} INFO - Uploading /opt/***/data/minio/GOOGL/1771326086.json to Snowflake stage...
[2026-02-17T11:49:53.328+0000] {logging_mixin.py:188} INFO - Uploading /opt/***/data/minio/GOOGL/1771326098.json to Snowflake stage...
[2026-02-17T11:49:53.914+0000] {logging_mixin.py:188} INFO - Uploading /opt/***/data/minio/GOOGL/1771326111.json to Snowflake stage...
[2026-02-17T11:49:54.815+0000] {logging_mixin.py:188} INFO - Uploading /opt/***/data/minio/GOOGL/1771326125.json to Snowflake stage...
[2026-02-17T11:49:55.353+0000] {logging_mixin.py:188} INFO - Uploading /opt/***/data/minio/GOOGL/1771326137.json to Snowflake stage...
[2026-02-17T11:49:55.887+0000] {logging_mixin.py:188} INFO - Uploading /opt/***/data/minio/GOOGL/1771326147.json to Snowflake stage...
[2026-02-17T11:49:56.380+0000] {logging_mixin.py:188} INFO - Uploading /opt/***/data/minio/GOOGL/1771326159.json to Snowflake stage...
[2026-02-17T11:49:56.899+0000] {logging_mixin.py:188} INFO - Uploading /opt/***/data/minio/GOOGL/1771326170.json to Snowflake stage...
[2026-02-17T11:49:57.937+0000] {logging_mixin.py:188} INFO - Uploading /opt/***/data/minio/GOOGL/1771326181.json to Snowflake stage...
[2026-02-17T11:49:58.569+0000] {logging_mixin.py:188} INFO - Uploading /opt/***/data/minio/GOOGL/1771326192.json to Snowflake stage...
[2026-02-17T11:49:59.133+0000] {logging_mixin.py:188} INFO - Uploading /opt/***/data/minio/GOOGL/1771326202.json to Snowflake stage...
[2026-02-17T11:49:59.765+0000] {logging_mixin.py:188} INFO - Uploading /opt/***/data/minio/GOOGL/1771326213.json to Snowflake stage...
[2026-02-17T11:50:00.414+0000] {logging_mixin.py:188} INFO - Uploading /opt/***/data/minio/GOOGL/1771326223.json to Snowflake stage...
[2026-02-17T11:50:01.056+0000] {logging_mixin.py:188} INFO - Uploading /opt/***/data/minio/GOOGL/1771326233.json to Snowflake stage...
[2026-02-17T11:50:01.567+0000] {logging_mixin.py:188} INFO - Uploading /opt/***/data/minio/GOOGL/1771326243.json to Snowflake stage...
[2026-02-17T11:50:02.087+0000] {logging_mixin.py:188} INFO - Uploading /opt/***/data/minio/GOOGL/1771326253.json to Snowflake stage...
[2026-02-17T11:50:02.547+0000] {logging_mixin.py:188} INFO - Uploading /opt/***/data/minio/GOOGL/1771326263.json to Snowflake stage...
[2026-02-17T11:50:03.235+0000] {logging_mixin.py:188} INFO - Uploading /opt/***/data/minio/GOOGL/1771326274.json to Snowflake stage...
[2026-02-17T11:50:03.876+0000] {logging_mixin.py:188} INFO - Uploading /opt/***/data/minio/GOOGL/1771326284.json to Snowflake stage...
[2026-02-17T11:50:04.820+0000] {logging_mixin.py:188} INFO - Uploading /opt/***/data/minio/GOOGL/1771326295.json to Snowflake stage...
[2026-02-17T11:50:06.772+0000] {logging_mixin.py:188} INFO - Uploading /opt/***/data/minio/GOOGL/1771326311.json to Snowflake stage...
[2026-02-17T11:50:07.624+0000] {logging_mixin.py:188} INFO - Uploading /opt/***/data/minio/GOOGL/1771326322.json to Snowflake stage...
[2026-02-17T11:50:08.638+0000] {logging_mixin.py:188} INFO - Uploading /opt/***/data/minio/GOOGL/1771326333.json to Snowflake stage...
[2026-02-17T11:50:09.410+0000] {logging_mixin.py:188} INFO - Uploading /opt/***/data/minio/GOOGL/1771326349.json to Snowflake stage...
[2026-02-17T11:50:20.742+0000] {logging_mixin.py:188} INFO - Uploading /opt/***/data/minio/GOOGL/1771326360.json to Snowflake stage...
[2026-02-17T11:50:21.341+0000] {logging_mixin.py:188} INFO - Uploading /opt/***/data/minio/GOOGL/1771326372.json to Snowflake stage...
[2026-02-17T11:50:21.970+0000] {logging_mixin.py:188} INFO - Uploading /opt/***/data/minio/GOOGL/1771326382.json to Snowflake stage...
[2026-02-17T11:50:22.684+0000] {logging_mixin.py:188} INFO - Uploading /opt/***/data/minio/GOOGL/1771326393.json to Snowflake stage...
[2026-02-17T11:50:23.338+0000] {logging_mixin.py:188} INFO - Uploading /opt/***/data/minio/GOOGL/1771326403.json to Snowflake stage...
[2026-02-17T11:50:23.962+0000] {logging_mixin.py:188} INFO - Uploading /opt/***/data/minio/GOOGL/1771326413.json to Snowflake stage...
[2026-02-17T11:50:24.675+0000] {logging_mixin.py:188} INFO - Uploading /opt/***/data/minio/GOOGL/1771326424.json to Snowflake stage...
[2026-02-17T11:50:25.335+0000] {logging_mixin.py:188} INFO - Uploading /opt/***/data/minio/GOOGL/1771326434.json to Snowflake stage...
[2026-02-17T11:50:25.969+0000] {logging_mixin.py:188} INFO - Uploading /opt/***/data/minio/GOOGL/1771326444.json to Snowflake stage...
[2026-02-17T11:50:26.922+0000] {logging_mixin.py:188} INFO - Uploading /opt/***/data/minio/GOOGL/1771326454.json to Snowflake stage...
[2026-02-17T11:50:27.538+0000] {logging_mixin.py:188} INFO - Uploading /opt/***/data/minio/GOOGL/1771326465.json to Snowflake stage...
[2026-02-17T11:50:28.099+0000] {logging_mixin.py:188} INFO - Uploading /opt/***/data/minio/GOOGL/1771326475.json to Snowflake stage...
[2026-02-17T11:50:28.597+0000] {logging_mixin.py:188} INFO - Uploading /opt/***/data/minio/GOOGL/1771326485.json to Snowflake stage...
[2026-02-17T11:50:29.081+0000] {logging_mixin.py:188} INFO - Uploading /opt/***/data/minio/GOOGL/1771326495.json to Snowflake stage...
[2026-02-17T11:50:29.634+0000] {logging_mixin.py:188} INFO - Uploading /opt/***/data/minio/GOOGL/1771326506.json to Snowflake stage...
[2026-02-17T11:50:30.453+0000] {logging_mixin.py:188} INFO - Uploading /opt/***/data/minio/GOOGL/1771326516.json to Snowflake stage...
[2026-02-17T11:50:30.951+0000] {logging_mixin.py:188} INFO - Uploading /opt/***/data/minio/GOOGL/1771326526.json to Snowflake stage...
[2026-02-17T11:50:31.527+0000] {logging_mixin.py:188} INFO - Uploading /opt/***/data/minio/GOOGL/1771326536.json to Snowflake stage...
[2026-02-17T11:50:32.087+0000] {logging_mixin.py:188} INFO - Uploading /opt/***/data/minio/GOOGL/1771326547.json to Snowflake stage...
[2026-02-17T11:50:32.589+0000] {logging_mixin.py:188} INFO - Uploading /opt/***/data/minio/GOOGL/1771326556.json to Snowflake stage...
[2026-02-17T11:50:33.092+0000] {logging_mixin.py:188} INFO - Uploading /opt/***/data/minio/GOOGL/1771326567.json to Snowflake stage...
[2026-02-17T11:50:33.605+0000] {logging_mixin.py:188} INFO - Uploading /opt/***/data/minio/GOOGL/1771326577.json to Snowflake stage...
[2026-02-17T11:50:34.196+0000] {logging_mixin.py:188} INFO - Uploading /opt/***/data/minio/GOOGL/1771326587.json to Snowflake stage...
[2026-02-17T11:50:34.870+0000] {logging_mixin.py:188} INFO - Uploading /opt/***/data/minio/GOOGL/1771326597.json to Snowflake stage...
[2026-02-17T11:50:35.495+0000] {logging_mixin.py:188} INFO - Uploading /opt/***/data/minio/GOOGL/1771326607.json to Snowflake stage...
[2026-02-17T11:50:36.309+0000] {logging_mixin.py:188} INFO - Uploading /opt/***/data/minio/GOOGL/1771326617.json to Snowflake stage...
[2026-02-17T11:50:37.480+0000] {logging_mixin.py:188} INFO - Uploading /opt/***/data/minio/GOOGL/1771326627.json to Snowflake stage...
[2026-02-17T11:50:38.033+0000] {logging_mixin.py:188} INFO - Uploading /opt/***/data/minio/GOOGL/1771326638.json to Snowflake stage...
[2026-02-17T11:50:38.519+0000] {logging_mixin.py:188} INFO - Uploading /opt/***/data/minio/GOOGL/1771326647.json to Snowflake stage...
[2026-02-17T11:50:39.497+0000] {logging_mixin.py:188} INFO - Uploading /opt/***/data/minio/GOOGL/1771326658.json to Snowflake stage...
[2026-02-17T11:50:40.037+0000] {logging_mixin.py:188} INFO - Uploading /opt/***/data/minio/GOOGL/1771326668.json to Snowflake stage...
[2026-02-17T11:50:40.919+0000] {logging_mixin.py:188} INFO - Uploading /opt/***/data/minio/GOOGL/1771326678.json to Snowflake stage...
[2026-02-17T11:50:41.843+0000] {logging_mixin.py:188} INFO - Uploading /opt/***/data/minio/GOOGL/1771326689.json to Snowflake stage...
[2026-02-17T11:50:42.496+0000] {logging_mixin.py:188} INFO - Uploading /opt/***/data/minio/GOOGL/1771326699.json to Snowflake stage...
[2026-02-17T11:50:52.726+0000] {connectionpool.py:824} WARNING - Retrying (Retry(total=0, connect=None, read=None, redirect=None, status=None)) after connection broken by 'NewConnectionError('<snowflake.connector.vendored.urllib3.connection.HTTPSConnection object at 0x7466adfd5010>: Failed to establish a new connection: [Errno -3] Temporary failure in name resolution')': /?accelerate
[2026-02-17T11:51:04.023+0000] {storage_client.py:318} WARNING - GET with url b'https://sfc-sg-ds1-178-customer-stage.s3.amazonaws.com/?accelerate' failed for transient error: HTTPSConnectionPool(host='sfc-sg-ds1-178-customer-stage.s3.amazonaws.com', port=443): Max retries exceeded with url: /?accelerate (Caused by NewConnectionError('<snowflake.connector.vendored.urllib3.connection.HTTPSConnection object at 0x7466ae010740>: Failed to establish a new connection: [Errno -3] Temporary failure in name resolution'))
[2026-02-17T11:51:14.698+0000] {connectionpool.py:824} WARNING - Retrying (Retry(total=0, connect=None, read=None, redirect=None, status=None)) after connection broken by 'NewConnectionError('<snowflake.connector.vendored.urllib3.connection.HTTPSConnection object at 0x7466ae010e90>: Failed to establish a new connection: [Errno -3] Temporary failure in name resolution')': /?accelerate
[2026-02-17T11:51:16.976+0000] {job.py:226} ERROR - Job heartbeat failed with error. Scheduler is in unhealthy state
[2026-02-17T11:51:27.218+0000] {storage_client.py:318} WARNING - GET with url b'https://sfc-sg-ds1-178-customer-stage.s3.amazonaws.com/?accelerate' failed for transient error: HTTPSConnectionPool(host='sfc-sg-ds1-178-customer-stage.s3.amazonaws.com', port=443): Max retries exceeded with url: /?accelerate (Caused by NewConnectionError('<snowflake.connector.vendored.urllib3.connection.HTTPSConnection object at 0x7466ae012960>: Failed to establish a new connection: [Errno -3] Temporary failure in name resolution'))
[2026-02-17T11:51:38.362+0000] {connectionpool.py:824} WARNING - Retrying (Retry(total=0, connect=None, read=None, redirect=None, status=None)) after connection broken by 'NewConnectionError('<snowflake.connector.vendored.urllib3.connection.HTTPSConnection object at 0x7466ae012e40>: Failed to establish a new connection: [Errno -3] Temporary failure in name resolution')': /?accelerate
[2026-02-17T11:51:53.142+0000] {storage_client.py:318} WARNING - GET with url b'https://sfc-sg-ds1-178-customer-stage.s3.amazonaws.com/?accelerate' failed for transient error: HTTPSConnectionPool(host='sfc-sg-ds1-178-customer-stage.s3.amazonaws.com', port=443): Max retries exceeded with url: /?accelerate (Caused by NewConnectionError('<snowflake.connector.vendored.urllib3.connection.HTTPSConnection object at 0x7466adfba5d0>: Failed to establish a new connection: [Errno -3] Temporary failure in name resolution'))
[2026-02-17T11:51:53.624+0000] {job.py:226} ERROR - Job heartbeat failed with error. Scheduler is in unhealthy state
[2026-02-17T11:52:08.676+0000] {connectionpool.py:824} WARNING - Retrying (Retry(total=0, connect=None, read=None, redirect=None, status=None)) after connection broken by 'NewConnectionError('<snowflake.connector.vendored.urllib3.connection.HTTPSConnection object at 0x7466adfb9790>: Failed to establish a new connection: [Errno -3] Temporary failure in name resolution')': /?accelerate
[2026-02-17T11:52:28.908+0000] {storage_client.py:318} WARNING - GET with url b'https://sfc-sg-ds1-178-customer-stage.s3.amazonaws.com/?accelerate' failed for transient error: HTTPSConnectionPool(host='sfc-sg-ds1-178-customer-stage.s3.amazonaws.com', port=443): Max retries exceeded with url: /?accelerate (Caused by NewConnectionError('<snowflake.connector.vendored.urllib3.connection.HTTPSConnection object at 0x7466adfb9730>: Failed to establish a new connection: [Errno -3] Temporary failure in name resolution'))
[2026-02-17T11:52:39.128+0000] {connectionpool.py:824} WARNING - Retrying (Retry(total=0, connect=None, read=None, redirect=None, status=None)) after connection broken by 'NewConnectionError('<snowflake.connector.vendored.urllib3.connection.HTTPSConnection object at 0x7466adfb8140>: Failed to establish a new connection: [Errno -3] Temporary failure in name resolution')': /?accelerate
[2026-02-17T11:53:05.212+0000] {storage_client.py:318} WARNING - GET with url b'https://sfc-sg-ds1-178-customer-stage.s3.amazonaws.com/?accelerate' failed for transient error: HTTPSConnectionPool(host='sfc-sg-ds1-178-customer-stage.s3.amazonaws.com', port=443): Max retries exceeded with url: /?accelerate (Caused by NewConnectionError('<snowflake.connector.vendored.urllib3.connection.HTTPSConnection object at 0x7466adfbbfe0>: Failed to establish a new connection: [Errno -3] Temporary failure in name resolution'))
[2026-02-17T11:53:06.095+0000] {logging_mixin.py:188} INFO - Error occurred: GET with url b'https://sfc-sg-ds1-178-customer-stage.s3.amazonaws.com/?accelerate' failed for exceeding maximum retries.
[2026-02-17T11:53:07.664+0000] {cursor.py:1149} INFO - Number of results in first chunk: 1
[2026-02-17T11:53:07.669+0000] {connection.py:773} INFO - closed
[2026-02-17T11:53:09.957+0000] {connection.py:779} INFO - No async queries seem to be running, deleting session
[2026-02-17T11:53:10.356+0000] {taskinstance.py:441} INFO - ::group::Post task execution logs
[2026-02-17T11:53:10.473+0000] {taskinstance.py:2905} ERROR - Task failed with exception
Traceback (most recent call last):
  File "/home/airflow/.local/lib/python3.12/site-packages/airflow/models/taskinstance.py", line 465, in _execute_task
    result = _execute_callable(context=context, **execute_callable_kwargs)
             ^^^^^^^^^^^^^^^^^^^^^^^^^^^^^^^^^^^^^^^^^^^^^^^^^^^^^^^^^^^^^
  File "/home/airflow/.local/lib/python3.12/site-packages/airflow/models/taskinstance.py", line 432, in _execute_callable
    return execute_callable(context=context, **execute_callable_kwargs)
           ^^^^^^^^^^^^^^^^^^^^^^^^^^^^^^^^^^^^^^^^^^^^^^^^^^^^^^^^^^^^
  File "/home/airflow/.local/lib/python3.12/site-packages/airflow/models/baseoperator.py", line 401, in wrapper
    return func(self, *args, **kwargs)
           ^^^^^^^^^^^^^^^^^^^^^^^^^^^
  File "/home/airflow/.local/lib/python3.12/site-packages/airflow/operators/python.py", line 235, in execute
    return_value = self.execute_callable()
                   ^^^^^^^^^^^^^^^^^^^^^^^
  File "/home/airflow/.local/lib/python3.12/site-packages/airflow/operators/python.py", line 252, in execute_callable
    return self.python_callable(*self.op_args, **self.op_kwargs)
           ^^^^^^^^^^^^^^^^^^^^^^^^^^^^^^^^^^^^^^^^^^^^^^^^^^^^^
  File "/opt/airflow/dags/minio_to_snowflake.py", line 88, in load_to_snowflake
    cur.execute(f"PUT file://{f} @%bronze_stock_quotes_raw OVERWRITE=TRUE")
  File "/home/airflow/.local/lib/python3.12/site-packages/snowflake/connector/cursor.py", line 1046, in execute
    sf_file_transfer_agent.execute()
  File "/home/airflow/.local/lib/python3.12/site-packages/snowflake/connector/file_transfer_agent.py", line 398, in execute
    self._transfer_accelerate_config()
  File "/home/airflow/.local/lib/python3.12/site-packages/snowflake/connector/file_transfer_agent.py", line 697, in _transfer_accelerate_config
    client = self._create_file_transfer_client(self._file_metadata[0])
             ^^^^^^^^^^^^^^^^^^^^^^^^^^^^^^^^^^^^^^^^^^^^^^^^^^^^^^^^^
  File "/home/airflow/.local/lib/python3.12/site-packages/snowflake/connector/file_transfer_agent.py", line 676, in _create_file_transfer_client
    return SnowflakeS3RestClient(
           ^^^^^^^^^^^^^^^^^^^^^^
  File "/home/airflow/.local/lib/python3.12/site-packages/snowflake/connector/s3_storage_client.py", line 91, in __init__
    self.transfer_accelerate_config(use_accelerate_endpoint)
  File "/home/airflow/.local/lib/python3.12/site-packages/snowflake/connector/s3_storage_client.py", line 114, in transfer_accelerate_config
    use_accelerate_endpoint = self._get_bucket_accelerate_config(
                              ^^^^^^^^^^^^^^^^^^^^^^^^^^^^^^^^^^^
  File "/home/airflow/.local/lib/python3.12/site-packages/snowflake/connector/s3_storage_client.py", line 580, in _get_bucket_accelerate_config
    response = self._send_request_with_authentication_and_retry(
               ^^^^^^^^^^^^^^^^^^^^^^^^^^^^^^^^^^^^^^^^^^^^^^^^^
  File "/home/airflow/.local/lib/python3.12/site-packages/snowflake/connector/s3_storage_client.py", line 370, in _send_request_with_authentication_and_retry
    return self._send_request_with_retry(
           ^^^^^^^^^^^^^^^^^^^^^^^^^^^^^^
  File "/home/airflow/.local/lib/python3.12/site-packages/snowflake/connector/storage_client.py", line 321, in _send_request_with_retry
    raise RequestExceedMaxRetryError(
snowflake.connector.errors.RequestExceedMaxRetryError: GET with url b'https://sfc-sg-ds1-178-customer-stage.s3.amazonaws.com/?accelerate' failed for exceeding maximum retries.
[2026-02-17T11:53:11.413+0000] {taskinstance.py:1206} INFO - Marking task as UP_FOR_RETRY. dag_id=minio_to_snowflake, task_id=load_snowflake, run_id=scheduled__2026-02-17T11:30:00+00:00, execution_date=20260217T113000, start_date=20260217T113605, end_date=20260217T115311
[2026-02-17T11:53:11.980+0000] {standard_task_runner.py:110} ERROR - Failed to execute job 1543 for task load_snowflake (GET with url b'https://sfc-sg-ds1-178-customer-stage.s3.amazonaws.com/?accelerate' failed for exceeding maximum retries.; 30684)
[2026-02-17T11:53:12.275+0000] {local_task_job_runner.py:243} INFO - Task exited with return code 1
[2026-02-17T11:53:13.853+0000] {taskinstance.py:3503} INFO - 0 downstream tasks scheduled from follow-on schedule check
[2026-02-17T11:53:13.861+0000] {local_task_job_runner.py:222} INFO - ::endgroup::
