[2026-02-17T06:11:49.234+0000] {local_task_job_runner.py:120} INFO - ::group::Pre task execution logs
[2026-02-17T06:11:49.399+0000] {taskinstance.py:2076} INFO - Dependencies all met for dep_context=non-requeueable deps ti=<TaskInstance: minio_to_snowflake.load_snowflake scheduled__2026-02-17T06:05:00+00:00 [queued]>
[2026-02-17T06:11:49.419+0000] {taskinstance.py:2076} INFO - Dependencies all met for dep_context=requeueable deps ti=<TaskInstance: minio_to_snowflake.load_snowflake scheduled__2026-02-17T06:05:00+00:00 [queued]>
[2026-02-17T06:11:49.421+0000] {taskinstance.py:2306} INFO - Starting attempt 1 of 2
[2026-02-17T06:11:49.463+0000] {taskinstance.py:2330} INFO - Executing <Task(PythonOperator): load_snowflake> on 2026-02-17 06:05:00+00:00
[2026-02-17T06:11:49.511+0000] {standard_task_runner.py:90} INFO - Running: ['***', 'tasks', 'run', 'minio_to_snowflake', 'load_snowflake', 'scheduled__2026-02-17T06:05:00+00:00', '--job-id', '1472', '--raw', '--subdir', 'DAGS_FOLDER/minio_to_snowflake.py', '--cfg-path', '/tmp/tmpnv0uoebb']
[2026-02-17T06:11:49.531+0000] {standard_task_runner.py:91} INFO - Job 1472: Subtask load_snowflake
[2026-02-17T06:11:49.536+0000] {logging_mixin.py:188} WARNING - /home/***/.local/lib/python3.12/site-packages/***/task/task_runner/standard_task_runner.py:62 DeprecationWarning: This process (pid=34716) is multi-threaded, use of fork() may lead to deadlocks in the child.
[2026-02-17T06:11:49.538+0000] {standard_task_runner.py:64} INFO - Started process 34771 to run task
[2026-02-17T06:11:49.731+0000] {task_command.py:426} INFO - Running <TaskInstance: minio_to_snowflake.load_snowflake scheduled__2026-02-17T06:05:00+00:00 [running]> on host 353dfeb821e2
[2026-02-17T06:11:50.087+0000] {taskinstance.py:2648} INFO - Exporting env vars: AIRFLOW_CTX_DAG_OWNER='***' AIRFLOW_CTX_DAG_ID='minio_to_snowflake' AIRFLOW_CTX_TASK_ID='load_snowflake' AIRFLOW_CTX_EXECUTION_DATE='2026-02-17T06:05:00+00:00' AIRFLOW_CTX_TRY_NUMBER='1' AIRFLOW_CTX_DAG_RUN_ID='scheduled__2026-02-17T06:05:00+00:00'
[2026-02-17T06:11:50.093+0000] {taskinstance.py:430} INFO - ::endgroup::
[2026-02-17T06:11:50.189+0000] {connection.py:408} INFO - Snowflake Connector for Python Version: 3.11.0, Python Version: 3.12.4, Platform: Linux-6.6.87.2-microsoft-standard-WSL2-x86_64-with-glibc2.36
[2026-02-17T06:11:50.191+0000] {connection.py:1258} INFO - This connection is in OCSP Fail Open Mode. TLS Certificates would be checked for validity and revocation status. Any other Certificate Revocation related exceptions or OCSP Responder failures would be disregarded in favor of connectivity.
[2026-02-17T06:11:51.605+0000] {logging_mixin.py:188} INFO - Uploading /opt/***/data/minio/AAPL/1771221446.json to Snowflake stage...
[2026-02-17T06:11:52.658+0000] {logging_mixin.py:188} INFO - Uploading /opt/***/data/minio/AAPL/1771221459.json to Snowflake stage...
[2026-02-17T06:11:53.208+0000] {logging_mixin.py:188} INFO - Uploading /opt/***/data/minio/AAPL/1771221471.json to Snowflake stage...
[2026-02-17T06:11:53.735+0000] {logging_mixin.py:188} INFO - Uploading /opt/***/data/minio/AAPL/1771221483.json to Snowflake stage...
[2026-02-17T06:11:54.317+0000] {logging_mixin.py:188} INFO - Uploading /opt/***/data/minio/AAPL/1771221496.json to Snowflake stage...
[2026-02-17T06:11:54.921+0000] {logging_mixin.py:188} INFO - Uploading /opt/***/data/minio/AAPL/1771221508.json to Snowflake stage...
[2026-02-17T06:11:55.508+0000] {logging_mixin.py:188} INFO - Uploading /opt/***/data/minio/AAPL/1771221522.json to Snowflake stage...
[2026-02-17T06:11:56.032+0000] {logging_mixin.py:188} INFO - Uploading /opt/***/data/minio/AAPL/1771221533.json to Snowflake stage...
[2026-02-17T06:11:56.587+0000] {logging_mixin.py:188} INFO - Uploading /opt/***/data/minio/AAPL/1771221545.json to Snowflake stage...
[2026-02-17T06:11:57.155+0000] {logging_mixin.py:188} INFO - Uploading /opt/***/data/minio/AAPL/1771221557.json to Snowflake stage...
[2026-02-17T06:11:57.772+0000] {logging_mixin.py:188} INFO - Uploading /opt/***/data/minio/AAPL/1771221568.json to Snowflake stage...
[2026-02-17T06:11:58.434+0000] {logging_mixin.py:188} INFO - Uploading /opt/***/data/minio/AAPL/1771221580.json to Snowflake stage...
[2026-02-17T06:11:59.338+0000] {logging_mixin.py:188} INFO - Uploading /opt/***/data/minio/AAPL/1771221592.json to Snowflake stage...
[2026-02-17T06:12:00.031+0000] {logging_mixin.py:188} INFO - Uploading /opt/***/data/minio/AAPL/1771221603.json to Snowflake stage...
[2026-02-17T06:12:00.543+0000] {logging_mixin.py:188} INFO - Uploading /opt/***/data/minio/AAPL/1771221615.json to Snowflake stage...
[2026-02-17T06:12:01.099+0000] {logging_mixin.py:188} INFO - Uploading /opt/***/data/minio/AAPL/1771221627.json to Snowflake stage...
[2026-02-17T06:12:01.767+0000] {logging_mixin.py:188} INFO - Uploading /opt/***/data/minio/AAPL/1771221639.json to Snowflake stage...
[2026-02-17T06:12:02.398+0000] {logging_mixin.py:188} INFO - Uploading /opt/***/data/minio/AAPL/1771221650.json to Snowflake stage...
[2026-02-17T06:12:03.021+0000] {logging_mixin.py:188} INFO - Uploading /opt/***/data/minio/AAPL/1771221661.json to Snowflake stage...
[2026-02-17T06:12:03.580+0000] {logging_mixin.py:188} INFO - Uploading /opt/***/data/minio/AAPL/1771221673.json to Snowflake stage...
[2026-02-17T06:12:04.177+0000] {logging_mixin.py:188} INFO - Uploading /opt/***/data/minio/AAPL/1771221686.json to Snowflake stage...
[2026-02-17T06:12:04.778+0000] {logging_mixin.py:188} INFO - Uploading /opt/***/data/minio/AAPL/1771221698.json to Snowflake stage...
[2026-02-17T06:12:05.313+0000] {logging_mixin.py:188} INFO - Uploading /opt/***/data/minio/AAPL/1771221709.json to Snowflake stage...
[2026-02-17T06:12:05.818+0000] {logging_mixin.py:188} INFO - Uploading /opt/***/data/minio/AAPL/1771221720.json to Snowflake stage...
[2026-02-17T06:12:06.311+0000] {logging_mixin.py:188} INFO - Uploading /opt/***/data/minio/AAPL/1771221733.json to Snowflake stage...
[2026-02-17T06:12:06.838+0000] {logging_mixin.py:188} INFO - Uploading /opt/***/data/minio/AAPL/1771221744.json to Snowflake stage...
[2026-02-17T06:12:07.432+0000] {logging_mixin.py:188} INFO - Uploading /opt/***/data/minio/AAPL/1771221757.json to Snowflake stage...
[2026-02-17T06:12:08.555+0000] {logging_mixin.py:188} INFO - Uploading /opt/***/data/minio/AAPL/1771221768.json to Snowflake stage...
[2026-02-17T06:12:09.068+0000] {logging_mixin.py:188} INFO - Uploading /opt/***/data/minio/AAPL/1771221779.json to Snowflake stage...
[2026-02-17T06:12:09.572+0000] {logging_mixin.py:188} INFO - Uploading /opt/***/data/minio/AAPL/1771221792.json to Snowflake stage...
[2026-02-17T06:12:10.087+0000] {logging_mixin.py:188} INFO - Uploading /opt/***/data/minio/AAPL/1771221807.json to Snowflake stage...
[2026-02-17T06:12:10.745+0000] {logging_mixin.py:188} INFO - Uploading /opt/***/data/minio/AAPL/1771221820.json to Snowflake stage...
[2026-02-17T06:12:11.930+0000] {logging_mixin.py:188} INFO - Uploading /opt/***/data/minio/AAPL/1771221831.json to Snowflake stage...
[2026-02-17T06:12:12.533+0000] {logging_mixin.py:188} INFO - Uploading /opt/***/data/minio/AAPL/1771221843.json to Snowflake stage...
[2026-02-17T06:12:13.558+0000] {logging_mixin.py:188} INFO - Uploading /opt/***/data/minio/AAPL/1771221858.json to Snowflake stage...
[2026-02-17T06:12:14.087+0000] {logging_mixin.py:188} INFO - Uploading /opt/***/data/minio/AAPL/1771221871.json to Snowflake stage...
[2026-02-17T06:12:14.697+0000] {logging_mixin.py:188} INFO - Uploading /opt/***/data/minio/AAPL/1771221883.json to Snowflake stage...
[2026-02-17T06:12:15.360+0000] {logging_mixin.py:188} INFO - Uploading /opt/***/data/minio/AAPL/1771221895.json to Snowflake stage...
[2026-02-17T06:12:15.970+0000] {logging_mixin.py:188} INFO - Uploading /opt/***/data/minio/AAPL/1771221906.json to Snowflake stage...
[2026-02-17T06:12:16.468+0000] {logging_mixin.py:188} INFO - Uploading /opt/***/data/minio/AAPL/1771221918.json to Snowflake stage...
[2026-02-17T06:12:16.995+0000] {logging_mixin.py:188} INFO - Uploading /opt/***/data/minio/AAPL/1771221930.json to Snowflake stage...
[2026-02-17T06:12:17.571+0000] {logging_mixin.py:188} INFO - Uploading /opt/***/data/minio/AAPL/1771221941.json to Snowflake stage...
[2026-02-17T06:12:18.030+0000] {logging_mixin.py:188} INFO - Uploading /opt/***/data/minio/AAPL/1771221953.json to Snowflake stage...
[2026-02-17T06:12:18.635+0000] {logging_mixin.py:188} INFO - Uploading /opt/***/data/minio/AAPL/1771221965.json to Snowflake stage...
[2026-02-17T06:12:19.176+0000] {logging_mixin.py:188} INFO - Uploading /opt/***/data/minio/AAPL/1771221976.json to Snowflake stage...
[2026-02-17T06:12:19.837+0000] {logging_mixin.py:188} INFO - Uploading /opt/***/data/minio/AAPL/1771221988.json to Snowflake stage...
[2026-02-17T06:12:20.449+0000] {logging_mixin.py:188} INFO - Uploading /opt/***/data/minio/AAPL/1771222104.json to Snowflake stage...
[2026-02-17T06:12:21.190+0000] {logging_mixin.py:188} INFO - Uploading /opt/***/data/minio/AAPL/1771222116.json to Snowflake stage...
[2026-02-17T06:12:22.166+0000] {logging_mixin.py:188} INFO - Uploading /opt/***/data/minio/AAPL/1771222127.json to Snowflake stage...
[2026-02-17T06:12:22.787+0000] {logging_mixin.py:188} INFO - Uploading /opt/***/data/minio/AAPL/1771222139.json to Snowflake stage...
[2026-02-17T06:12:23.936+0000] {logging_mixin.py:188} INFO - Uploading /opt/***/data/minio/AAPL/1771222151.json to Snowflake stage...
[2026-02-17T06:12:24.486+0000] {logging_mixin.py:188} INFO - Uploading /opt/***/data/minio/AAPL/1771222164.json to Snowflake stage...
[2026-02-17T06:12:25.040+0000] {logging_mixin.py:188} INFO - Uploading /opt/***/data/minio/AAPL/1771222205.json to Snowflake stage...
[2026-02-17T06:12:25.535+0000] {logging_mixin.py:188} INFO - Uploading /opt/***/data/minio/AAPL/1771222217.json to Snowflake stage...
[2026-02-17T06:12:26.496+0000] {logging_mixin.py:188} INFO - Uploading /opt/***/data/minio/AAPL/1771222230.json to Snowflake stage...
[2026-02-17T06:12:27.139+0000] {logging_mixin.py:188} INFO - Uploading /opt/***/data/minio/AAPL/1771222241.json to Snowflake stage...
[2026-02-17T06:12:27.733+0000] {logging_mixin.py:188} INFO - Uploading /opt/***/data/minio/AAPL/1771222252.json to Snowflake stage...
[2026-02-17T06:12:28.231+0000] {logging_mixin.py:188} INFO - Uploading /opt/***/data/minio/AAPL/1771222263.json to Snowflake stage...
[2026-02-17T06:12:28.769+0000] {logging_mixin.py:188} INFO - Uploading /opt/***/data/minio/AAPL/1771222275.json to Snowflake stage...
[2026-02-17T06:12:29.283+0000] {logging_mixin.py:188} INFO - Uploading /opt/***/data/minio/AAPL/1771222286.json to Snowflake stage...
[2026-02-17T06:12:29.868+0000] {logging_mixin.py:188} INFO - Uploading /opt/***/data/minio/AAPL/1771222298.json to Snowflake stage...
[2026-02-17T06:12:30.406+0000] {logging_mixin.py:188} INFO - Uploading /opt/***/data/minio/AAPL/1771222309.json to Snowflake stage...
[2026-02-17T06:12:31.062+0000] {logging_mixin.py:188} INFO - Uploading /opt/***/data/minio/AAPL/1771222320.json to Snowflake stage...
[2026-02-17T06:12:31.626+0000] {logging_mixin.py:188} INFO - Uploading /opt/***/data/minio/AAPL/1771222331.json to Snowflake stage...
[2026-02-17T06:12:32.144+0000] {logging_mixin.py:188} INFO - Uploading /opt/***/data/minio/AAPL/1771222344.json to Snowflake stage...
[2026-02-17T06:12:32.644+0000] {logging_mixin.py:188} INFO - Uploading /opt/***/data/minio/AAPL/1771222355.json to Snowflake stage...
[2026-02-17T06:12:33.152+0000] {logging_mixin.py:188} INFO - Uploading /opt/***/data/minio/AAPL/1771222367.json to Snowflake stage...
[2026-02-17T06:12:34.167+0000] {logging_mixin.py:188} INFO - Uploading /opt/***/data/minio/AAPL/1771222377.json to Snowflake stage...
[2026-02-17T06:12:34.713+0000] {logging_mixin.py:188} INFO - Uploading /opt/***/data/minio/AAPL/1771222388.json to Snowflake stage...
[2026-02-17T06:12:35.191+0000] {logging_mixin.py:188} INFO - Uploading /opt/***/data/minio/AAPL/1771222400.json to Snowflake stage...
[2026-02-17T06:12:35.768+0000] {logging_mixin.py:188} INFO - Uploading /opt/***/data/minio/AAPL/1771222412.json to Snowflake stage...
[2026-02-17T06:12:36.335+0000] {logging_mixin.py:188} INFO - Uploading /opt/***/data/minio/AAPL/1771222451.json to Snowflake stage...
[2026-02-17T06:12:36.828+0000] {logging_mixin.py:188} INFO - Uploading /opt/***/data/minio/AAPL/1771222463.json to Snowflake stage...
[2026-02-17T06:12:37.306+0000] {logging_mixin.py:188} INFO - Uploading /opt/***/data/minio/AAPL/1771222476.json to Snowflake stage...
[2026-02-17T06:12:37.817+0000] {logging_mixin.py:188} INFO - Uploading /opt/***/data/minio/AAPL/1771222487.json to Snowflake stage...
[2026-02-17T06:12:38.307+0000] {logging_mixin.py:188} INFO - Uploading /opt/***/data/minio/AAPL/1771222532.json to Snowflake stage...
[2026-02-17T06:12:38.806+0000] {logging_mixin.py:188} INFO - Uploading /opt/***/data/minio/AAPL/1771222545.json to Snowflake stage...
[2026-02-17T06:12:39.371+0000] {logging_mixin.py:188} INFO - Uploading /opt/***/data/minio/AAPL/1771222557.json to Snowflake stage...
[2026-02-17T06:12:39.935+0000] {logging_mixin.py:188} INFO - Uploading /opt/***/data/minio/AAPL/1771222569.json to Snowflake stage...
[2026-02-17T06:12:40.592+0000] {logging_mixin.py:188} INFO - Uploading /opt/***/data/minio/AAPL/1771222581.json to Snowflake stage...
[2026-02-17T06:12:41.227+0000] {logging_mixin.py:188} INFO - Uploading /opt/***/data/minio/AAPL/1771222592.json to Snowflake stage...
[2026-02-17T06:12:41.775+0000] {logging_mixin.py:188} INFO - Uploading /opt/***/data/minio/AAPL/1771222604.json to Snowflake stage...
[2026-02-17T06:12:42.337+0000] {logging_mixin.py:188} INFO - Uploading /opt/***/data/minio/AAPL/1771222617.json to Snowflake stage...
[2026-02-17T06:12:42.880+0000] {logging_mixin.py:188} INFO - Uploading /opt/***/data/minio/AAPL/1771222630.json to Snowflake stage...
[2026-02-17T06:12:43.534+0000] {logging_mixin.py:188} INFO - Uploading /opt/***/data/minio/AAPL/1771222645.json to Snowflake stage...
[2026-02-17T06:12:44.087+0000] {logging_mixin.py:188} INFO - Uploading /opt/***/data/minio/AAPL/1771222694.json to Snowflake stage...
[2026-02-17T06:12:44.737+0000] {logging_mixin.py:188} INFO - Uploading /opt/***/data/minio/AAPL/1771222710.json to Snowflake stage...
[2026-02-17T06:12:45.333+0000] {logging_mixin.py:188} INFO - Uploading /opt/***/data/minio/AAPL/1771222721.json to Snowflake stage...
[2026-02-17T06:12:45.814+0000] {logging_mixin.py:188} INFO - Uploading /opt/***/data/minio/AAPL/1771222733.json to Snowflake stage...
[2026-02-17T06:12:46.335+0000] {logging_mixin.py:188} INFO - Uploading /opt/***/data/minio/AAPL/1771222745.json to Snowflake stage...
[2026-02-17T06:12:46.854+0000] {logging_mixin.py:188} INFO - Uploading /opt/***/data/minio/AAPL/1771222756.json to Snowflake stage...
[2026-02-17T06:12:47.395+0000] {logging_mixin.py:188} INFO - Uploading /opt/***/data/minio/AAPL/1771222772.json to Snowflake stage...
[2026-02-17T06:12:47.970+0000] {logging_mixin.py:188} INFO - Uploading /opt/***/data/minio/AAPL/1771222788.json to Snowflake stage...
[2026-02-17T06:12:48.548+0000] {logging_mixin.py:188} INFO - Uploading /opt/***/data/minio/AAPL/1771222810.json to Snowflake stage...
[2026-02-17T06:12:49.156+0000] {logging_mixin.py:188} INFO - Uploading /opt/***/data/minio/AAPL/1771222857.json to Snowflake stage...
[2026-02-17T06:12:49.698+0000] {logging_mixin.py:188} INFO - Uploading /opt/***/data/minio/AAPL/1771222869.json to Snowflake stage...
[2026-02-17T06:12:50.260+0000] {logging_mixin.py:188} INFO - Uploading /opt/***/data/minio/AAPL/1771222881.json to Snowflake stage...
[2026-02-17T06:12:50.778+0000] {logging_mixin.py:188} INFO - Uploading /opt/***/data/minio/AAPL/1771222895.json to Snowflake stage...
[2026-02-17T06:12:51.278+0000] {logging_mixin.py:188} INFO - Uploading /opt/***/data/minio/AAPL/1771222909.json to Snowflake stage...
[2026-02-17T06:12:51.815+0000] {logging_mixin.py:188} INFO - Uploading /opt/***/data/minio/AAPL/1771222923.json to Snowflake stage...
[2026-02-17T06:12:52.344+0000] {logging_mixin.py:188} INFO - Uploading /opt/***/data/minio/AAPL/1771222935.json to Snowflake stage...
[2026-02-17T06:12:53.547+0000] {logging_mixin.py:188} INFO - Uploading /opt/***/data/minio/AAPL/1771222953.json to Snowflake stage...
[2026-02-17T06:12:54.099+0000] {logging_mixin.py:188} INFO - Uploading /opt/***/data/minio/AAPL/1771222968.json to Snowflake stage...
[2026-02-17T06:12:54.802+0000] {logging_mixin.py:188} INFO - Uploading /opt/***/data/minio/AAPL/1771222979.json to Snowflake stage...
[2026-02-17T06:12:55.616+0000] {logging_mixin.py:188} INFO - Uploading /opt/***/data/minio/AAPL/1771222989.json to Snowflake stage...
[2026-02-17T06:12:56.183+0000] {logging_mixin.py:188} INFO - Uploading /opt/***/data/minio/AAPL/1771223000.json to Snowflake stage...
[2026-02-17T06:12:56.821+0000] {logging_mixin.py:188} INFO - Uploading /opt/***/data/minio/AAPL/1771223010.json to Snowflake stage...
[2026-02-17T06:12:57.382+0000] {logging_mixin.py:188} INFO - Uploading /opt/***/data/minio/AAPL/1771223021.json to Snowflake stage...
[2026-02-17T06:12:57.943+0000] {logging_mixin.py:188} INFO - Uploading /opt/***/data/minio/AAPL/1771223032.json to Snowflake stage...
[2026-02-17T06:12:58.490+0000] {logging_mixin.py:188} INFO - Uploading /opt/***/data/minio/AAPL/1771223044.json to Snowflake stage...
[2026-02-17T06:12:59.064+0000] {logging_mixin.py:188} INFO - Uploading /opt/***/data/minio/AAPL/1771223058.json to Snowflake stage...
[2026-02-17T06:12:59.703+0000] {logging_mixin.py:188} INFO - Uploading /opt/***/data/minio/AAPL/1771223068.json to Snowflake stage...
[2026-02-17T06:13:00.187+0000] {logging_mixin.py:188} INFO - Uploading /opt/***/data/minio/AAPL/1771223290.json to Snowflake stage...
[2026-02-17T06:13:00.803+0000] {logging_mixin.py:188} INFO - Uploading /opt/***/data/minio/AAPL/1771223381.json to Snowflake stage...
[2026-02-17T06:13:01.376+0000] {logging_mixin.py:188} INFO - Uploading /opt/***/data/minio/AAPL/1771223394.json to Snowflake stage...
[2026-02-17T06:13:01.919+0000] {logging_mixin.py:188} INFO - Uploading /opt/***/data/minio/AAPL/1771223405.json to Snowflake stage...
[2026-02-17T06:13:03.201+0000] {logging_mixin.py:188} INFO - Uploading /opt/***/data/minio/AAPL/1771223417.json to Snowflake stage...
[2026-02-17T06:13:03.694+0000] {logging_mixin.py:188} INFO - Uploading /opt/***/data/minio/AAPL/1771223429.json to Snowflake stage...
[2026-02-17T06:13:04.199+0000] {logging_mixin.py:188} INFO - Uploading /opt/***/data/minio/AAPL/1771223439.json to Snowflake stage...
[2026-02-17T06:13:04.724+0000] {logging_mixin.py:188} INFO - Uploading /opt/***/data/minio/AAPL/1771223449.json to Snowflake stage...
[2026-02-17T06:13:05.470+0000] {logging_mixin.py:188} INFO - Uploading /opt/***/data/minio/AAPL/1771223460.json to Snowflake stage...
[2026-02-17T06:13:06.104+0000] {logging_mixin.py:188} INFO - Uploading /opt/***/data/minio/AAPL/1771223471.json to Snowflake stage...
[2026-02-17T06:13:06.616+0000] {logging_mixin.py:188} INFO - Uploading /opt/***/data/minio/AAPL/1771223484.json to Snowflake stage...
[2026-02-17T06:13:07.191+0000] {logging_mixin.py:188} INFO - Uploading /opt/***/data/minio/AAPL/1771223494.json to Snowflake stage...
[2026-02-17T06:13:07.716+0000] {logging_mixin.py:188} INFO - Uploading /opt/***/data/minio/AAPL/1771223505.json to Snowflake stage...
[2026-02-17T06:13:08.245+0000] {logging_mixin.py:188} INFO - Uploading /opt/***/data/minio/AAPL/1771223516.json to Snowflake stage...
[2026-02-17T06:13:08.900+0000] {logging_mixin.py:188} INFO - Uploading /opt/***/data/minio/AAPL/1771223527.json to Snowflake stage...
[2026-02-17T06:13:09.452+0000] {logging_mixin.py:188} INFO - Uploading /opt/***/data/minio/AAPL/1771223538.json to Snowflake stage...
[2026-02-17T06:13:09.984+0000] {logging_mixin.py:188} INFO - Uploading /opt/***/data/minio/AAPL/1771223548.json to Snowflake stage...
[2026-02-17T06:13:10.508+0000] {logging_mixin.py:188} INFO - Uploading /opt/***/data/minio/AAPL/1771223559.json to Snowflake stage...
[2026-02-17T06:13:11.215+0000] {logging_mixin.py:188} INFO - Uploading /opt/***/data/minio/AAPL/1771223569.json to Snowflake stage...
[2026-02-17T06:13:11.766+0000] {logging_mixin.py:188} INFO - Uploading /opt/***/data/minio/AAPL/1771223580.json to Snowflake stage...
[2026-02-17T06:13:12.289+0000] {logging_mixin.py:188} INFO - Uploading /opt/***/data/minio/AAPL/1771223593.json to Snowflake stage...
[2026-02-17T06:13:12.838+0000] {logging_mixin.py:188} INFO - Uploading /opt/***/data/minio/AAPL/1771223607.json to Snowflake stage...
[2026-02-17T06:13:13.889+0000] {logging_mixin.py:188} INFO - Uploading /opt/***/data/minio/AAPL/1771223620.json to Snowflake stage...
[2026-02-17T06:13:14.487+0000] {logging_mixin.py:188} INFO - Uploading /opt/***/data/minio/AAPL/1771223630.json to Snowflake stage...
[2026-02-17T06:13:15.149+0000] {logging_mixin.py:188} INFO - Uploading /opt/***/data/minio/AAPL/1771223642.json to Snowflake stage...
[2026-02-17T06:13:15.942+0000] {logging_mixin.py:188} INFO - Uploading /opt/***/data/minio/AAPL/1771223655.json to Snowflake stage...
[2026-02-17T06:13:16.572+0000] {logging_mixin.py:188} INFO - Uploading /opt/***/data/minio/AAPL/1771223674.json to Snowflake stage...
[2026-02-17T06:13:17.132+0000] {logging_mixin.py:188} INFO - Uploading /opt/***/data/minio/AAPL/1771223686.json to Snowflake stage...
[2026-02-17T06:13:17.653+0000] {logging_mixin.py:188} INFO - Uploading /opt/***/data/minio/AAPL/1771223699.json to Snowflake stage...
[2026-02-17T06:13:18.161+0000] {logging_mixin.py:188} INFO - Uploading /opt/***/data/minio/AAPL/1771223710.json to Snowflake stage...
[2026-02-17T06:13:18.696+0000] {logging_mixin.py:188} INFO - Uploading /opt/***/data/minio/AAPL/1771223720.json to Snowflake stage...
[2026-02-17T06:13:19.344+0000] {logging_mixin.py:188} INFO - Uploading /opt/***/data/minio/AAPL/1771223730.json to Snowflake stage...
[2026-02-17T06:13:19.848+0000] {logging_mixin.py:188} INFO - Uploading /opt/***/data/minio/AAPL/1771223741.json to Snowflake stage...
[2026-02-17T06:13:20.445+0000] {logging_mixin.py:188} INFO - Uploading /opt/***/data/minio/AAPL/1771223751.json to Snowflake stage...
[2026-02-17T06:13:21.268+0000] {logging_mixin.py:188} INFO - Uploading /opt/***/data/minio/AAPL/1771223761.json to Snowflake stage...
[2026-02-17T06:13:21.815+0000] {logging_mixin.py:188} INFO - Uploading /opt/***/data/minio/AAPL/1771223775.json to Snowflake stage...
[2026-02-17T06:13:22.340+0000] {logging_mixin.py:188} INFO - Uploading /opt/***/data/minio/AAPL/1771223786.json to Snowflake stage...
[2026-02-17T06:13:22.845+0000] {logging_mixin.py:188} INFO - Uploading /opt/***/data/minio/AAPL/1771223798.json to Snowflake stage...
[2026-02-17T06:13:23.377+0000] {logging_mixin.py:188} INFO - Uploading /opt/***/data/minio/AAPL/1771223811.json to Snowflake stage...
[2026-02-17T06:13:24.018+0000] {logging_mixin.py:188} INFO - Uploading /opt/***/data/minio/AAPL/1771223856.json to Snowflake stage...
[2026-02-17T06:13:24.581+0000] {logging_mixin.py:188} INFO - Uploading /opt/***/data/minio/AAPL/1771223931.json to Snowflake stage...
[2026-02-17T06:13:25.231+0000] {logging_mixin.py:188} INFO - Uploading /opt/***/data/minio/AAPL/1771223944.json to Snowflake stage...
[2026-02-17T06:13:25.856+0000] {logging_mixin.py:188} INFO - Uploading /opt/***/data/minio/AAPL/1771223957.json to Snowflake stage...
[2026-02-17T06:13:26.511+0000] {logging_mixin.py:188} INFO - Uploading /opt/***/data/minio/AAPL/1771223970.json to Snowflake stage...
[2026-02-17T06:13:27.048+0000] {logging_mixin.py:188} INFO - Uploading /opt/***/data/minio/AAPL/1771223984.json to Snowflake stage...
[2026-02-17T06:13:27.635+0000] {logging_mixin.py:188} INFO - Uploading /opt/***/data/minio/AAPL/1771223996.json to Snowflake stage...
[2026-02-17T06:13:28.193+0000] {logging_mixin.py:188} INFO - Uploading /opt/***/data/minio/AAPL/1771224006.json to Snowflake stage...
[2026-02-17T06:13:28.907+0000] {logging_mixin.py:188} INFO - Uploading /opt/***/data/minio/AAPL/1771224017.json to Snowflake stage...
[2026-02-17T06:13:29.552+0000] {logging_mixin.py:188} INFO - Uploading /opt/***/data/minio/AAPL/1771224029.json to Snowflake stage...
[2026-02-17T06:13:30.254+0000] {logging_mixin.py:188} INFO - Uploading /opt/***/data/minio/AAPL/1771224040.json to Snowflake stage...
[2026-02-17T06:13:30.896+0000] {logging_mixin.py:188} INFO - Uploading /opt/***/data/minio/AAPL/1771224051.json to Snowflake stage...
[2026-02-17T06:13:31.468+0000] {logging_mixin.py:188} INFO - Uploading /opt/***/data/minio/AAPL/1771224062.json to Snowflake stage...
[2026-02-17T06:13:32.007+0000] {logging_mixin.py:188} INFO - Uploading /opt/***/data/minio/AAPL/1771224077.json to Snowflake stage...
[2026-02-17T06:13:32.555+0000] {logging_mixin.py:188} INFO - Uploading /opt/***/data/minio/AAPL/1771224088.json to Snowflake stage...
[2026-02-17T06:13:33.123+0000] {logging_mixin.py:188} INFO - Uploading /opt/***/data/minio/AAPL/1771224099.json to Snowflake stage...
[2026-02-17T06:13:34.744+0000] {logging_mixin.py:188} INFO - Uploading /opt/***/data/minio/AAPL/1771224110.json to Snowflake stage...
[2026-02-17T06:13:35.379+0000] {logging_mixin.py:188} INFO - Uploading /opt/***/data/minio/AAPL/1771224121.json to Snowflake stage...
[2026-02-17T06:13:36.014+0000] {logging_mixin.py:188} INFO - Uploading /opt/***/data/minio/AAPL/1771224132.json to Snowflake stage...
[2026-02-17T06:13:36.661+0000] {logging_mixin.py:188} INFO - Uploading /opt/***/data/minio/AAPL/1771224143.json to Snowflake stage...
[2026-02-17T06:13:37.300+0000] {logging_mixin.py:188} INFO - Uploading /opt/***/data/minio/AAPL/1771224153.json to Snowflake stage...
[2026-02-17T06:13:37.838+0000] {logging_mixin.py:188} INFO - Uploading /opt/***/data/minio/AAPL/1771224164.json to Snowflake stage...
[2026-02-17T06:13:38.458+0000] {logging_mixin.py:188} INFO - Uploading /opt/***/data/minio/AAPL/1771224175.json to Snowflake stage...
[2026-02-17T06:13:38.949+0000] {logging_mixin.py:188} INFO - Uploading /opt/***/data/minio/AAPL/1771224187.json to Snowflake stage...
[2026-02-17T06:13:39.591+0000] {logging_mixin.py:188} INFO - Uploading /opt/***/data/minio/AAPL/1771224198.json to Snowflake stage...
[2026-02-17T06:13:40.252+0000] {logging_mixin.py:188} INFO - Uploading /opt/***/data/minio/AAPL/1771224211.json to Snowflake stage...
[2026-02-17T06:13:40.888+0000] {logging_mixin.py:188} INFO - Uploading /opt/***/data/minio/AAPL/1771224222.json to Snowflake stage...
[2026-02-17T06:13:41.533+0000] {logging_mixin.py:188} INFO - Uploading /opt/***/data/minio/AAPL/1771224236.json to Snowflake stage...
[2026-02-17T06:13:42.271+0000] {logging_mixin.py:188} INFO - Uploading /opt/***/data/minio/AAPL/1771224250.json to Snowflake stage...
[2026-02-17T06:13:42.824+0000] {logging_mixin.py:188} INFO - Uploading /opt/***/data/minio/AAPL/1771224263.json to Snowflake stage...
[2026-02-17T06:13:43.338+0000] {logging_mixin.py:188} INFO - Uploading /opt/***/data/minio/AAPL/1771224485.json to Snowflake stage...
[2026-02-17T06:13:43.867+0000] {logging_mixin.py:188} INFO - Uploading /opt/***/data/minio/AAPL/1771224524.json to Snowflake stage...
[2026-02-17T06:13:44.408+0000] {logging_mixin.py:188} INFO - Uploading /opt/***/data/minio/AAPL/1771224537.json to Snowflake stage...
[2026-02-17T06:13:45.113+0000] {logging_mixin.py:188} INFO - Uploading /opt/***/data/minio/AAPL/1771224551.json to Snowflake stage...
[2026-02-17T06:13:45.612+0000] {logging_mixin.py:188} INFO - Uploading /opt/***/data/minio/AAPL/1771224562.json to Snowflake stage...
[2026-02-17T06:13:46.168+0000] {logging_mixin.py:188} INFO - Uploading /opt/***/data/minio/AAPL/1771224575.json to Snowflake stage...
[2026-02-17T06:13:46.727+0000] {logging_mixin.py:188} INFO - Uploading /opt/***/data/minio/AAPL/1771224588.json to Snowflake stage...
[2026-02-17T06:13:47.202+0000] {logging_mixin.py:188} INFO - Uploading /opt/***/data/minio/AAPL/1771224601.json to Snowflake stage...
[2026-02-17T06:13:47.712+0000] {logging_mixin.py:188} INFO - Uploading /opt/***/data/minio/AAPL/1771224612.json to Snowflake stage...
[2026-02-17T06:13:48.500+0000] {logging_mixin.py:188} INFO - Uploading /opt/***/data/minio/AAPL/1771224623.json to Snowflake stage...
[2026-02-17T06:13:49.052+0000] {logging_mixin.py:188} INFO - Uploading /opt/***/data/minio/AAPL/1771224634.json to Snowflake stage...
[2026-02-17T06:13:49.643+0000] {logging_mixin.py:188} INFO - Uploading /opt/***/data/minio/AAPL/1771224647.json to Snowflake stage...
[2026-02-17T06:13:50.138+0000] {logging_mixin.py:188} INFO - Uploading /opt/***/data/minio/AAPL/1771224667.json to Snowflake stage...
[2026-02-17T06:13:50.635+0000] {logging_mixin.py:188} INFO - Uploading /opt/***/data/minio/AAPL/1771224678.json to Snowflake stage...
[2026-02-17T06:13:51.194+0000] {logging_mixin.py:188} INFO - Uploading /opt/***/data/minio/AAPL/1771224690.json to Snowflake stage...
[2026-02-17T06:13:51.859+0000] {logging_mixin.py:188} INFO - Uploading /opt/***/data/minio/AAPL/1771224704.json to Snowflake stage...
[2026-02-17T06:13:52.396+0000] {logging_mixin.py:188} INFO - Uploading /opt/***/data/minio/AAPL/1771224716.json to Snowflake stage...
[2026-02-17T06:13:53.048+0000] {logging_mixin.py:188} INFO - Uploading /opt/***/data/minio/AAPL/1771224729.json to Snowflake stage...
[2026-02-17T06:13:53.688+0000] {logging_mixin.py:188} INFO - Uploading /opt/***/data/minio/AAPL/1771224741.json to Snowflake stage...
[2026-02-17T06:13:54.458+0000] {logging_mixin.py:188} INFO - Uploading /opt/***/data/minio/AAPL/1771224754.json to Snowflake stage...
[2026-02-17T06:13:55.508+0000] {logging_mixin.py:188} INFO - Uploading /opt/***/data/minio/AAPL/1771224768.json to Snowflake stage...
[2026-02-17T06:13:55.978+0000] {logging_mixin.py:188} INFO - Uploading /opt/***/data/minio/AAPL/1771224781.json to Snowflake stage...
[2026-02-17T06:13:56.473+0000] {logging_mixin.py:188} INFO - Uploading /opt/***/data/minio/AAPL/1771224794.json to Snowflake stage...
[2026-02-17T06:13:56.983+0000] {logging_mixin.py:188} INFO - Uploading /opt/***/data/minio/AAPL/1771224807.json to Snowflake stage...
[2026-02-17T06:13:57.612+0000] {logging_mixin.py:188} INFO - Uploading /opt/***/data/minio/AAPL/1771224819.json to Snowflake stage...
[2026-02-17T06:13:58.268+0000] {logging_mixin.py:188} INFO - Uploading /opt/***/data/minio/AAPL/1771224831.json to Snowflake stage...
[2026-02-17T06:13:58.895+0000] {logging_mixin.py:188} INFO - Uploading /opt/***/data/minio/AAPL/1771224842.json to Snowflake stage...
[2026-02-17T06:13:59.527+0000] {logging_mixin.py:188} INFO - Uploading /opt/***/data/minio/AAPL/1771224855.json to Snowflake stage...
[2026-02-17T06:14:00.181+0000] {logging_mixin.py:188} INFO - Uploading /opt/***/data/minio/AAPL/1771224866.json to Snowflake stage...
[2026-02-17T06:14:00.717+0000] {logging_mixin.py:188} INFO - Uploading /opt/***/data/minio/AAPL/1771224877.json to Snowflake stage...
[2026-02-17T06:14:01.273+0000] {logging_mixin.py:188} INFO - Uploading /opt/***/data/minio/AAPL/1771224888.json to Snowflake stage...
[2026-02-17T06:14:01.777+0000] {logging_mixin.py:188} INFO - Uploading /opt/***/data/minio/AAPL/1771224900.json to Snowflake stage...
[2026-02-17T06:14:02.284+0000] {logging_mixin.py:188} INFO - Uploading /opt/***/data/minio/AAPL/1771224910.json to Snowflake stage...
[2026-02-17T06:14:02.806+0000] {logging_mixin.py:188} INFO - Uploading /opt/***/data/minio/AAPL/1771224921.json to Snowflake stage...
[2026-02-17T06:14:03.359+0000] {logging_mixin.py:188} INFO - Uploading /opt/***/data/minio/AAPL/1771224931.json to Snowflake stage...
[2026-02-17T06:14:03.940+0000] {logging_mixin.py:188} INFO - Uploading /opt/***/data/minio/AAPL/1771224942.json to Snowflake stage...
[2026-02-17T06:14:04.454+0000] {logging_mixin.py:188} INFO - Uploading /opt/***/data/minio/AAPL/1771224953.json to Snowflake stage...
[2026-02-17T06:14:04.950+0000] {logging_mixin.py:188} INFO - Uploading /opt/***/data/minio/AAPL/1771224963.json to Snowflake stage...
[2026-02-17T06:14:05.463+0000] {logging_mixin.py:188} INFO - Uploading /opt/***/data/minio/AAPL/1771224974.json to Snowflake stage...
[2026-02-17T06:14:06.031+0000] {logging_mixin.py:188} INFO - Uploading /opt/***/data/minio/AAPL/1771224985.json to Snowflake stage...
[2026-02-17T06:14:06.664+0000] {logging_mixin.py:188} INFO - Uploading /opt/***/data/minio/AAPL/1771224996.json to Snowflake stage...
[2026-02-17T06:14:07.218+0000] {logging_mixin.py:188} INFO - Uploading /opt/***/data/minio/AAPL/1771225007.json to Snowflake stage...
[2026-02-17T06:14:07.766+0000] {logging_mixin.py:188} INFO - Uploading /opt/***/data/minio/AAPL/1771225019.json to Snowflake stage...
[2026-02-17T06:14:08.324+0000] {logging_mixin.py:188} INFO - Uploading /opt/***/data/minio/AAPL/1771225029.json to Snowflake stage...
[2026-02-17T06:14:09.005+0000] {logging_mixin.py:188} INFO - Uploading /opt/***/data/minio/AAPL/1771225041.json to Snowflake stage...
[2026-02-17T06:14:09.703+0000] {logging_mixin.py:188} INFO - Uploading /opt/***/data/minio/AAPL/1771225052.json to Snowflake stage...
[2026-02-17T06:14:10.337+0000] {logging_mixin.py:188} INFO - Uploading /opt/***/data/minio/AAPL/1771225062.json to Snowflake stage...
[2026-02-17T06:14:11.019+0000] {logging_mixin.py:188} INFO - Uploading /opt/***/data/minio/AAPL/1771225074.json to Snowflake stage...
[2026-02-17T06:14:12.045+0000] {logging_mixin.py:188} INFO - Uploading /opt/***/data/minio/AAPL/1771225085.json to Snowflake stage...
[2026-02-17T06:14:12.648+0000] {logging_mixin.py:188} INFO - Uploading /opt/***/data/minio/AAPL/1771225095.json to Snowflake stage...
[2026-02-17T06:14:13.234+0000] {logging_mixin.py:188} INFO - Uploading /opt/***/data/minio/AAPL/1771225106.json to Snowflake stage...
[2026-02-17T06:14:13.862+0000] {logging_mixin.py:188} INFO - Uploading /opt/***/data/minio/AAPL/1771225117.json to Snowflake stage...
[2026-02-17T06:14:14.493+0000] {logging_mixin.py:188} INFO - Uploading /opt/***/data/minio/AAPL/1771225130.json to Snowflake stage...
[2026-02-17T06:14:15.695+0000] {logging_mixin.py:188} INFO - Uploading /opt/***/data/minio/AAPL/1771225144.json to Snowflake stage...
[2026-02-17T06:14:16.248+0000] {logging_mixin.py:188} INFO - Uploading /opt/***/data/minio/AAPL/1771225155.json to Snowflake stage...
[2026-02-17T06:14:16.806+0000] {logging_mixin.py:188} INFO - Uploading /opt/***/data/minio/AAPL/1771225166.json to Snowflake stage...
[2026-02-17T06:14:17.351+0000] {logging_mixin.py:188} INFO - Uploading /opt/***/data/minio/AAPL/1771225177.json to Snowflake stage...
[2026-02-17T06:14:17.864+0000] {logging_mixin.py:188} INFO - Uploading /opt/***/data/minio/AAPL/1771225198.json to Snowflake stage...
[2026-02-17T06:14:18.486+0000] {logging_mixin.py:188} INFO - Uploading /opt/***/data/minio/AAPL/1771225211.json to Snowflake stage...
[2026-02-17T06:14:18.990+0000] {logging_mixin.py:188} INFO - Uploading /opt/***/data/minio/AAPL/1771225223.json to Snowflake stage...
[2026-02-17T06:14:19.534+0000] {logging_mixin.py:188} INFO - Uploading /opt/***/data/minio/AAPL/1771225236.json to Snowflake stage...
[2026-02-17T06:14:20.175+0000] {logging_mixin.py:188} INFO - Uploading /opt/***/data/minio/AAPL/1771225248.json to Snowflake stage...
[2026-02-17T06:14:20.816+0000] {logging_mixin.py:188} INFO - Uploading /opt/***/data/minio/AAPL/1771225260.json to Snowflake stage...
[2026-02-17T06:14:21.401+0000] {logging_mixin.py:188} INFO - Uploading /opt/***/data/minio/AAPL/1771225271.json to Snowflake stage...
[2026-02-17T06:14:22.065+0000] {logging_mixin.py:188} INFO - Uploading /opt/***/data/minio/AAPL/1771225286.json to Snowflake stage...
[2026-02-17T06:14:22.748+0000] {logging_mixin.py:188} INFO - Uploading /opt/***/data/minio/AAPL/1771225297.json to Snowflake stage...
[2026-02-17T06:14:23.372+0000] {logging_mixin.py:188} INFO - Uploading /opt/***/data/minio/AAPL/1771225308.json to Snowflake stage...
[2026-02-17T06:14:24.025+0000] {logging_mixin.py:188} INFO - Uploading /opt/***/data/minio/AAPL/1771225319.json to Snowflake stage...
[2026-02-17T06:14:24.837+0000] {logging_mixin.py:188} INFO - Uploading /opt/***/data/minio/AAPL/1771225330.json to Snowflake stage...
[2026-02-17T06:14:25.456+0000] {logging_mixin.py:188} INFO - Uploading /opt/***/data/minio/AAPL/1771225342.json to Snowflake stage...
[2026-02-17T06:14:25.964+0000] {logging_mixin.py:188} INFO - Uploading /opt/***/data/minio/AAPL/1771225354.json to Snowflake stage...
[2026-02-17T06:14:26.807+0000] {logging_mixin.py:188} INFO - Uploading /opt/***/data/minio/AAPL/1771225367.json to Snowflake stage...
[2026-02-17T06:14:27.373+0000] {logging_mixin.py:188} INFO - Uploading /opt/***/data/minio/AAPL/1771225378.json to Snowflake stage...
[2026-02-17T06:14:27.937+0000] {logging_mixin.py:188} INFO - Uploading /opt/***/data/minio/AAPL/1771225388.json to Snowflake stage...
[2026-02-17T06:14:28.574+0000] {logging_mixin.py:188} INFO - Uploading /opt/***/data/minio/AAPL/1771225399.json to Snowflake stage...
[2026-02-17T06:14:29.218+0000] {logging_mixin.py:188} INFO - Uploading /opt/***/data/minio/AAPL/1771225409.json to Snowflake stage...
[2026-02-17T06:14:29.735+0000] {logging_mixin.py:188} INFO - Uploading /opt/***/data/minio/AAPL/1771225420.json to Snowflake stage...
[2026-02-17T06:14:30.241+0000] {logging_mixin.py:188} INFO - Uploading /opt/***/data/minio/AAPL/1771225431.json to Snowflake stage...
[2026-02-17T06:14:30.816+0000] {logging_mixin.py:188} INFO - Uploading /opt/***/data/minio/AAPL/1771225443.json to Snowflake stage...
[2026-02-17T06:14:31.338+0000] {logging_mixin.py:188} INFO - Uploading /opt/***/data/minio/AAPL/1771225454.json to Snowflake stage...
[2026-02-17T06:14:31.941+0000] {logging_mixin.py:188} INFO - Uploading /opt/***/data/minio/AAPL/1771225464.json to Snowflake stage...
[2026-02-17T06:14:32.522+0000] {logging_mixin.py:188} INFO - Uploading /opt/***/data/minio/AAPL/1771225474.json to Snowflake stage...
[2026-02-17T06:14:33.043+0000] {logging_mixin.py:188} INFO - Uploading /opt/***/data/minio/AAPL/1771225486.json to Snowflake stage...
[2026-02-17T06:14:33.555+0000] {logging_mixin.py:188} INFO - Uploading /opt/***/data/minio/AAPL/1771225497.json to Snowflake stage...
[2026-02-17T06:14:34.039+0000] {logging_mixin.py:188} INFO - Uploading /opt/***/data/minio/AAPL/1771225507.json to Snowflake stage...
[2026-02-17T06:14:34.553+0000] {logging_mixin.py:188} INFO - Uploading /opt/***/data/minio/AAPL/1771225518.json to Snowflake stage...
[2026-02-17T06:14:35.466+0000] {logging_mixin.py:188} INFO - Uploading /opt/***/data/minio/AAPL/1771225528.json to Snowflake stage...
[2026-02-17T06:14:36.100+0000] {logging_mixin.py:188} INFO - Uploading /opt/***/data/minio/AAPL/1771225540.json to Snowflake stage...
[2026-02-17T06:14:36.655+0000] {logging_mixin.py:188} INFO - Uploading /opt/***/data/minio/AAPL/1771225551.json to Snowflake stage...
[2026-02-17T06:14:37.262+0000] {logging_mixin.py:188} INFO - Uploading /opt/***/data/minio/AAPL/1771225563.json to Snowflake stage...
[2026-02-17T06:14:37.773+0000] {logging_mixin.py:188} INFO - Uploading /opt/***/data/minio/AAPL/1771225576.json to Snowflake stage...
[2026-02-17T06:14:38.420+0000] {logging_mixin.py:188} INFO - Uploading /opt/***/data/minio/AAPL/1771225586.json to Snowflake stage...
[2026-02-17T06:14:39.072+0000] {logging_mixin.py:188} INFO - Uploading /opt/***/data/minio/AAPL/1771225597.json to Snowflake stage...
[2026-02-17T06:14:39.563+0000] {logging_mixin.py:188} INFO - Uploading /opt/***/data/minio/AAPL/1771225609.json to Snowflake stage...
[2026-02-17T06:14:40.063+0000] {logging_mixin.py:188} INFO - Uploading /opt/***/data/minio/AAPL/1771225619.json to Snowflake stage...
[2026-02-17T06:14:40.562+0000] {logging_mixin.py:188} INFO - Uploading /opt/***/data/minio/AAPL/1771225630.json to Snowflake stage...
[2026-02-17T06:14:41.112+0000] {logging_mixin.py:188} INFO - Uploading /opt/***/data/minio/AAPL/1771225641.json to Snowflake stage...
[2026-02-17T06:14:41.777+0000] {logging_mixin.py:188} INFO - Uploading /opt/***/data/minio/AAPL/1771225652.json to Snowflake stage...
[2026-02-17T06:14:42.334+0000] {logging_mixin.py:188} INFO - Uploading /opt/***/data/minio/AAPL/1771225663.json to Snowflake stage...
[2026-02-17T06:14:42.870+0000] {logging_mixin.py:188} INFO - Uploading /opt/***/data/minio/AAPL/1771225673.json to Snowflake stage...
[2026-02-17T06:14:43.413+0000] {logging_mixin.py:188} INFO - Uploading /opt/***/data/minio/AAPL/1771225684.json to Snowflake stage...
[2026-02-17T06:14:43.973+0000] {logging_mixin.py:188} INFO - Uploading /opt/***/data/minio/AAPL/1771225694.json to Snowflake stage...
[2026-02-17T06:14:44.568+0000] {logging_mixin.py:188} INFO - Uploading /opt/***/data/minio/AAPL/1771225705.json to Snowflake stage...
[2026-02-17T06:14:45.084+0000] {logging_mixin.py:188} INFO - Uploading /opt/***/data/minio/AAPL/1771225715.json to Snowflake stage...
[2026-02-17T06:14:45.558+0000] {logging_mixin.py:188} INFO - Uploading /opt/***/data/minio/AAPL/1771225726.json to Snowflake stage...
[2026-02-17T06:14:46.071+0000] {logging_mixin.py:188} INFO - Uploading /opt/***/data/minio/AAPL/1771225737.json to Snowflake stage...
[2026-02-17T06:14:46.582+0000] {logging_mixin.py:188} INFO - Uploading /opt/***/data/minio/AAPL/1771225749.json to Snowflake stage...
[2026-02-17T06:14:47.222+0000] {logging_mixin.py:188} INFO - Uploading /opt/***/data/minio/AAPL/1771225760.json to Snowflake stage...
[2026-02-17T06:14:47.833+0000] {logging_mixin.py:188} INFO - Uploading /opt/***/data/minio/AAPL/1771225770.json to Snowflake stage...
[2026-02-17T06:14:48.437+0000] {logging_mixin.py:188} INFO - Uploading /opt/***/data/minio/AAPL/1771225782.json to Snowflake stage...
[2026-02-17T06:14:49.053+0000] {logging_mixin.py:188} INFO - Uploading /opt/***/data/minio/AAPL/1771225792.json to Snowflake stage...
[2026-02-17T06:14:49.708+0000] {logging_mixin.py:188} INFO - Uploading /opt/***/data/minio/AAPL/1771225802.json to Snowflake stage...
[2026-02-17T06:14:50.248+0000] {logging_mixin.py:188} INFO - Uploading /opt/***/data/minio/AAPL/1771225813.json to Snowflake stage...
[2026-02-17T06:14:50.886+0000] {logging_mixin.py:188} INFO - Uploading /opt/***/data/minio/AAPL/1771225824.json to Snowflake stage...
[2026-02-17T06:14:51.538+0000] {logging_mixin.py:188} INFO - Uploading /opt/***/data/minio/AAPL/1771225835.json to Snowflake stage...
[2026-02-17T06:14:52.792+0000] {logging_mixin.py:188} INFO - Uploading /opt/***/data/minio/AAPL/1771225846.json to Snowflake stage...
[2026-02-17T06:14:53.273+0000] {logging_mixin.py:188} INFO - Uploading /opt/***/data/minio/AAPL/1771225857.json to Snowflake stage...
[2026-02-17T06:14:53.781+0000] {logging_mixin.py:188} INFO - Uploading /opt/***/data/minio/AAPL/1771225869.json to Snowflake stage...
[2026-02-17T06:14:54.315+0000] {logging_mixin.py:188} INFO - Uploading /opt/***/data/minio/AAPL/1771225879.json to Snowflake stage...
[2026-02-17T06:14:54.809+0000] {logging_mixin.py:188} INFO - Uploading /opt/***/data/minio/AAPL/1771225890.json to Snowflake stage...
[2026-02-17T06:14:56.019+0000] {logging_mixin.py:188} INFO - Uploading /opt/***/data/minio/AAPL/1771225901.json to Snowflake stage...
[2026-02-17T06:14:56.648+0000] {logging_mixin.py:188} INFO - Uploading /opt/***/data/minio/AAPL/1771225911.json to Snowflake stage...
[2026-02-17T06:14:57.212+0000] {logging_mixin.py:188} INFO - Uploading /opt/***/data/minio/AAPL/1771225922.json to Snowflake stage...
[2026-02-17T06:14:58.018+0000] {logging_mixin.py:188} INFO - Uploading /opt/***/data/minio/AAPL/1771225933.json to Snowflake stage...
[2026-02-17T06:14:58.650+0000] {logging_mixin.py:188} INFO - Uploading /opt/***/data/minio/AAPL/1771225943.json to Snowflake stage...
[2026-02-17T06:14:59.220+0000] {logging_mixin.py:188} INFO - Uploading /opt/***/data/minio/AAPL/1771225954.json to Snowflake stage...
[2026-02-17T06:15:00.090+0000] {logging_mixin.py:188} INFO - Uploading /opt/***/data/minio/AAPL/1771225964.json to Snowflake stage...
[2026-02-17T06:15:00.623+0000] {logging_mixin.py:188} INFO - Uploading /opt/***/data/minio/AAPL/1771225975.json to Snowflake stage...
[2026-02-17T06:15:01.195+0000] {logging_mixin.py:188} INFO - Uploading /opt/***/data/minio/AAPL/1771225985.json to Snowflake stage...
[2026-02-17T06:15:01.944+0000] {logging_mixin.py:188} INFO - Uploading /opt/***/data/minio/AAPL/1771225996.json to Snowflake stage...
[2026-02-17T06:15:02.548+0000] {logging_mixin.py:188} INFO - Uploading /opt/***/data/minio/AAPL/1771226007.json to Snowflake stage...
[2026-02-17T06:15:03.055+0000] {logging_mixin.py:188} INFO - Uploading /opt/***/data/minio/AAPL/1771226017.json to Snowflake stage...
[2026-02-17T06:15:03.625+0000] {logging_mixin.py:188} INFO - Uploading /opt/***/data/minio/AAPL/1771226028.json to Snowflake stage...
[2026-02-17T06:15:04.153+0000] {logging_mixin.py:188} INFO - Uploading /opt/***/data/minio/AAPL/1771226038.json to Snowflake stage...
[2026-02-17T06:15:04.734+0000] {logging_mixin.py:188} INFO - Uploading /opt/***/data/minio/AAPL/1771226049.json to Snowflake stage...
[2026-02-17T06:15:05.377+0000] {logging_mixin.py:188} INFO - Uploading /opt/***/data/minio/AAPL/1771226059.json to Snowflake stage...
[2026-02-17T06:15:05.939+0000] {logging_mixin.py:188} INFO - Uploading /opt/***/data/minio/AAPL/1771226070.json to Snowflake stage...
[2026-02-17T06:15:06.463+0000] {logging_mixin.py:188} INFO - Uploading /opt/***/data/minio/AAPL/1771226081.json to Snowflake stage...
[2026-02-17T06:15:07.056+0000] {logging_mixin.py:188} INFO - Uploading /opt/***/data/minio/AAPL/1771226092.json to Snowflake stage...
[2026-02-17T06:15:07.566+0000] {logging_mixin.py:188} INFO - Uploading /opt/***/data/minio/AAPL/1771226103.json to Snowflake stage...
[2026-02-17T06:15:08.057+0000] {logging_mixin.py:188} INFO - Uploading /opt/***/data/minio/AAPL/1771226114.json to Snowflake stage...
[2026-02-17T06:15:08.737+0000] {logging_mixin.py:188} INFO - Uploading /opt/***/data/minio/AAPL/1771226125.json to Snowflake stage...
[2026-02-17T06:15:09.365+0000] {logging_mixin.py:188} INFO - Uploading /opt/***/data/minio/AAPL/1771226136.json to Snowflake stage...
[2026-02-17T06:15:09.839+0000] {logging_mixin.py:188} INFO - Uploading /opt/***/data/minio/AAPL/1771226148.json to Snowflake stage...
[2026-02-17T06:15:10.376+0000] {logging_mixin.py:188} INFO - Uploading /opt/***/data/minio/AAPL/1771226158.json to Snowflake stage...
[2026-02-17T06:15:10.888+0000] {logging_mixin.py:188} INFO - Uploading /opt/***/data/minio/AAPL/1771226169.json to Snowflake stage...
[2026-02-17T06:15:11.456+0000] {logging_mixin.py:188} INFO - Uploading /opt/***/data/minio/AAPL/1771226180.json to Snowflake stage...
[2026-02-17T06:15:12.145+0000] {logging_mixin.py:188} INFO - Uploading /opt/***/data/minio/AAPL/1771226190.json to Snowflake stage...
[2026-02-17T06:15:12.612+0000] {logging_mixin.py:188} INFO - Uploading /opt/***/data/minio/AAPL/1771226202.json to Snowflake stage...
[2026-02-17T06:15:13.163+0000] {logging_mixin.py:188} INFO - Uploading /opt/***/data/minio/AAPL/1771226213.json to Snowflake stage...
[2026-02-17T06:15:14.508+0000] {logging_mixin.py:188} INFO - Uploading /opt/***/data/minio/AAPL/1771226224.json to Snowflake stage...
[2026-02-17T06:15:15.056+0000] {logging_mixin.py:188} INFO - Uploading /opt/***/data/minio/AAPL/1771226234.json to Snowflake stage...
[2026-02-17T06:15:15.545+0000] {logging_mixin.py:188} INFO - Uploading /opt/***/data/minio/AAPL/1771226244.json to Snowflake stage...
[2026-02-17T06:15:16.447+0000] {logging_mixin.py:188} INFO - Uploading /opt/***/data/minio/AAPL/1771226254.json to Snowflake stage...
[2026-02-17T06:15:16.984+0000] {logging_mixin.py:188} INFO - Uploading /opt/***/data/minio/AAPL/1771226265.json to Snowflake stage...
[2026-02-17T06:15:17.619+0000] {logging_mixin.py:188} INFO - Uploading /opt/***/data/minio/AAPL/1771226276.json to Snowflake stage...
[2026-02-17T06:15:18.183+0000] {logging_mixin.py:188} INFO - Uploading /opt/***/data/minio/AAPL/1771226287.json to Snowflake stage...
[2026-02-17T06:15:18.872+0000] {logging_mixin.py:188} INFO - Uploading /opt/***/data/minio/AAPL/1771226297.json to Snowflake stage...
[2026-02-17T06:15:19.380+0000] {logging_mixin.py:188} INFO - Uploading /opt/***/data/minio/AAPL/1771226309.json to Snowflake stage...
[2026-02-17T06:15:19.901+0000] {logging_mixin.py:188} INFO - Uploading /opt/***/data/minio/AAPL/1771226320.json to Snowflake stage...
[2026-02-17T06:15:20.445+0000] {logging_mixin.py:188} INFO - Uploading /opt/***/data/minio/AAPL/1771226330.json to Snowflake stage...
[2026-02-17T06:15:20.988+0000] {logging_mixin.py:188} INFO - Uploading /opt/***/data/minio/AAPL/1771226341.json to Snowflake stage...
[2026-02-17T06:15:21.585+0000] {logging_mixin.py:188} INFO - Uploading /opt/***/data/minio/AAPL/1771226352.json to Snowflake stage...
[2026-02-17T06:15:22.122+0000] {logging_mixin.py:188} INFO - Uploading /opt/***/data/minio/AAPL/1771226363.json to Snowflake stage...
[2026-02-17T06:15:22.789+0000] {logging_mixin.py:188} INFO - Uploading /opt/***/data/minio/AAPL/1771226374.json to Snowflake stage...
[2026-02-17T06:15:23.548+0000] {logging_mixin.py:188} INFO - Uploading /opt/***/data/minio/AAPL/1771226385.json to Snowflake stage...
[2026-02-17T06:15:24.264+0000] {logging_mixin.py:188} INFO - Uploading /opt/***/data/minio/AAPL/1771226397.json to Snowflake stage...
[2026-02-17T06:15:24.907+0000] {logging_mixin.py:188} INFO - Uploading /opt/***/data/minio/AAPL/1771226408.json to Snowflake stage...
[2026-02-17T06:15:25.543+0000] {logging_mixin.py:188} INFO - Uploading /opt/***/data/minio/AAPL/1771226418.json to Snowflake stage...
[2026-02-17T06:15:26.187+0000] {logging_mixin.py:188} INFO - Uploading /opt/***/data/minio/AAPL/1771226431.json to Snowflake stage...
[2026-02-17T06:15:26.818+0000] {logging_mixin.py:188} INFO - Uploading /opt/***/data/minio/AAPL/1771226443.json to Snowflake stage...
[2026-02-17T06:15:27.477+0000] {logging_mixin.py:188} INFO - Uploading /opt/***/data/minio/AAPL/1771226453.json to Snowflake stage...
[2026-02-17T06:15:28.021+0000] {logging_mixin.py:188} INFO - Uploading /opt/***/data/minio/AAPL/1771226465.json to Snowflake stage...
[2026-02-17T06:15:28.587+0000] {logging_mixin.py:188} INFO - Uploading /opt/***/data/minio/AAPL/1771226477.json to Snowflake stage...
[2026-02-17T06:15:29.224+0000] {logging_mixin.py:188} INFO - Uploading /opt/***/data/minio/AAPL/1771226488.json to Snowflake stage...
[2026-02-17T06:15:29.761+0000] {logging_mixin.py:188} INFO - Uploading /opt/***/data/minio/AAPL/1771226498.json to Snowflake stage...
[2026-02-17T06:15:30.275+0000] {logging_mixin.py:188} INFO - Uploading /opt/***/data/minio/AAPL/1771226510.json to Snowflake stage...
[2026-02-17T06:15:30.753+0000] {logging_mixin.py:188} INFO - Uploading /opt/***/data/minio/AAPL/1771226521.json to Snowflake stage...
[2026-02-17T06:15:31.386+0000] {logging_mixin.py:188} INFO - Uploading /opt/***/data/minio/AAPL/1771226533.json to Snowflake stage...
[2026-02-17T06:15:32.105+0000] {logging_mixin.py:188} INFO - Uploading /opt/***/data/minio/AAPL/1771226544.json to Snowflake stage...
[2026-02-17T06:15:32.949+0000] {logging_mixin.py:188} INFO - Uploading /opt/***/data/minio/AAPL/1771226555.json to Snowflake stage...
[2026-02-17T06:15:34.011+0000] {logging_mixin.py:188} INFO - Uploading /opt/***/data/minio/AAPL/1771226566.json to Snowflake stage...
[2026-02-17T06:15:34.671+0000] {logging_mixin.py:188} INFO - Uploading /opt/***/data/minio/AAPL/1771226576.json to Snowflake stage...
[2026-02-17T06:15:35.255+0000] {logging_mixin.py:188} INFO - Uploading /opt/***/data/minio/AAPL/1771226587.json to Snowflake stage...
[2026-02-17T06:15:35.752+0000] {logging_mixin.py:188} INFO - Uploading /opt/***/data/minio/AAPL/1771226598.json to Snowflake stage...
[2026-02-17T06:15:36.378+0000] {logging_mixin.py:188} INFO - Uploading /opt/***/data/minio/AAPL/1771226609.json to Snowflake stage...
[2026-02-17T06:15:37.307+0000] {logging_mixin.py:188} INFO - Uploading /opt/***/data/minio/AAPL/1771226623.json to Snowflake stage...
[2026-02-17T06:15:37.850+0000] {logging_mixin.py:188} INFO - Uploading /opt/***/data/minio/AAPL/1771226634.json to Snowflake stage...
[2026-02-17T06:15:38.426+0000] {logging_mixin.py:188} INFO - Uploading /opt/***/data/minio/AAPL/1771226645.json to Snowflake stage...
[2026-02-17T06:15:39.087+0000] {logging_mixin.py:188} INFO - Uploading /opt/***/data/minio/AAPL/1771226656.json to Snowflake stage...
[2026-02-17T06:15:39.646+0000] {logging_mixin.py:188} INFO - Uploading /opt/***/data/minio/AAPL/1771226668.json to Snowflake stage...
[2026-02-17T06:15:40.151+0000] {logging_mixin.py:188} INFO - Uploading /opt/***/data/minio/AAPL/1771226679.json to Snowflake stage...
[2026-02-17T06:15:40.654+0000] {logging_mixin.py:188} INFO - Uploading /opt/***/data/minio/AAPL/1771226690.json to Snowflake stage...
[2026-02-17T06:15:41.167+0000] {logging_mixin.py:188} INFO - Uploading /opt/***/data/minio/AAPL/1771226701.json to Snowflake stage...
[2026-02-17T06:15:41.697+0000] {logging_mixin.py:188} INFO - Uploading /opt/***/data/minio/AAPL/1771226712.json to Snowflake stage...
[2026-02-17T06:15:42.327+0000] {logging_mixin.py:188} INFO - Uploading /opt/***/data/minio/AAPL/1771226723.json to Snowflake stage...
[2026-02-17T06:15:42.895+0000] {logging_mixin.py:188} INFO - Uploading /opt/***/data/minio/AAPL/1771226733.json to Snowflake stage...
[2026-02-17T06:15:43.532+0000] {logging_mixin.py:188} INFO - Uploading /opt/***/data/minio/AAPL/1771226744.json to Snowflake stage...
[2026-02-17T06:15:44.177+0000] {logging_mixin.py:188} INFO - Uploading /opt/***/data/minio/AAPL/1771226755.json to Snowflake stage...
[2026-02-17T06:15:44.705+0000] {logging_mixin.py:188} INFO - Uploading /opt/***/data/minio/AAPL/1771226766.json to Snowflake stage...
[2026-02-17T06:15:45.233+0000] {logging_mixin.py:188} INFO - Uploading /opt/***/data/minio/AAPL/1771226777.json to Snowflake stage...
[2026-02-17T06:15:45.718+0000] {logging_mixin.py:188} INFO - Uploading /opt/***/data/minio/AAPL/1771226788.json to Snowflake stage...
[2026-02-17T06:15:46.348+0000] {logging_mixin.py:188} INFO - Uploading /opt/***/data/minio/AAPL/1771226799.json to Snowflake stage...
[2026-02-17T06:15:47.096+0000] {logging_mixin.py:188} INFO - Uploading /opt/***/data/minio/AAPL/1771226811.json to Snowflake stage...
[2026-02-17T06:15:47.614+0000] {logging_mixin.py:188} INFO - Uploading /opt/***/data/minio/AAPL/1771226825.json to Snowflake stage...
[2026-02-17T06:15:48.072+0000] {logging_mixin.py:188} INFO - Uploading /opt/***/data/minio/AAPL/1771226838.json to Snowflake stage...
[2026-02-17T06:15:48.585+0000] {logging_mixin.py:188} INFO - Uploading /opt/***/data/minio/AAPL/1771226850.json to Snowflake stage...
[2026-02-17T06:15:49.079+0000] {logging_mixin.py:188} INFO - Uploading /opt/***/data/minio/AAPL/1771226862.json to Snowflake stage...
[2026-02-17T06:15:49.589+0000] {logging_mixin.py:188} INFO - Uploading /opt/***/data/minio/AAPL/1771226881.json to Snowflake stage...
[2026-02-17T06:15:50.073+0000] {logging_mixin.py:188} INFO - Uploading /opt/***/data/minio/AAPL/1771226896.json to Snowflake stage...
[2026-02-17T06:15:50.571+0000] {logging_mixin.py:188} INFO - Uploading /opt/***/data/minio/AAPL/1771226908.json to Snowflake stage...
[2026-02-17T06:15:51.071+0000] {logging_mixin.py:188} INFO - Uploading /opt/***/data/minio/AAPL/1771226923.json to Snowflake stage...
[2026-02-17T06:15:51.673+0000] {logging_mixin.py:188} INFO - Uploading /opt/***/data/minio/AAPL/1771226935.json to Snowflake stage...
[2026-02-17T06:15:52.251+0000] {logging_mixin.py:188} INFO - Uploading /opt/***/data/minio/AAPL/1771226950.json to Snowflake stage...
[2026-02-17T06:15:52.898+0000] {logging_mixin.py:188} INFO - Uploading /opt/***/data/minio/AAPL/1771226964.json to Snowflake stage...
[2026-02-17T06:15:53.452+0000] {logging_mixin.py:188} INFO - Uploading /opt/***/data/minio/AAPL/1771226975.json to Snowflake stage...
[2026-02-17T06:15:53.912+0000] {logging_mixin.py:188} INFO - Uploading /opt/***/data/minio/AAPL/1771226986.json to Snowflake stage...
[2026-02-17T06:15:54.420+0000] {logging_mixin.py:188} INFO - Uploading /opt/***/data/minio/AAPL/1771226998.json to Snowflake stage...
[2026-02-17T06:15:54.896+0000] {logging_mixin.py:188} INFO - Uploading /opt/***/data/minio/AAPL/1771227009.json to Snowflake stage...
[2026-02-17T06:15:55.367+0000] {logging_mixin.py:188} INFO - Uploading /opt/***/data/minio/AAPL/1771227020.json to Snowflake stage...
[2026-02-17T06:15:56.605+0000] {logging_mixin.py:188} INFO - Uploading /opt/***/data/minio/AAPL/1771227030.json to Snowflake stage...
[2026-02-17T06:15:57.115+0000] {logging_mixin.py:188} INFO - Uploading /opt/***/data/minio/AAPL/1771227041.json to Snowflake stage...
[2026-02-17T06:15:57.576+0000] {logging_mixin.py:188} INFO - Uploading /opt/***/data/minio/AAPL/1771227051.json to Snowflake stage...
[2026-02-17T06:15:58.095+0000] {logging_mixin.py:188} INFO - Uploading /opt/***/data/minio/AAPL/1771227062.json to Snowflake stage...
[2026-02-17T06:15:58.656+0000] {logging_mixin.py:188} INFO - Uploading /opt/***/data/minio/AAPL/1771227073.json to Snowflake stage...
[2026-02-17T06:15:59.307+0000] {logging_mixin.py:188} INFO - Uploading /opt/***/data/minio/AAPL/1771227083.json to Snowflake stage...
[2026-02-17T06:15:59.945+0000] {logging_mixin.py:188} INFO - Uploading /opt/***/data/minio/AAPL/1771227094.json to Snowflake stage...
[2026-02-17T06:16:00.507+0000] {logging_mixin.py:188} INFO - Uploading /opt/***/data/minio/AAPL/1771227105.json to Snowflake stage...
[2026-02-17T06:16:01.013+0000] {logging_mixin.py:188} INFO - Uploading /opt/***/data/minio/AAPL/1771227117.json to Snowflake stage...
[2026-02-17T06:16:01.521+0000] {logging_mixin.py:188} INFO - Uploading /opt/***/data/minio/AAPL/1771227129.json to Snowflake stage...
[2026-02-17T06:16:02.014+0000] {logging_mixin.py:188} INFO - Uploading /opt/***/data/minio/AAPL/1771227140.json to Snowflake stage...
[2026-02-17T06:16:02.667+0000] {logging_mixin.py:188} INFO - Uploading /opt/***/data/minio/AAPL/1771227151.json to Snowflake stage...
[2026-02-17T06:16:03.294+0000] {logging_mixin.py:188} INFO - Uploading /opt/***/data/minio/AAPL/1771227161.json to Snowflake stage...
[2026-02-17T06:16:03.931+0000] {logging_mixin.py:188} INFO - Uploading /opt/***/data/minio/AAPL/1771227172.json to Snowflake stage...
[2026-02-17T06:16:04.576+0000] {logging_mixin.py:188} INFO - Uploading /opt/***/data/minio/AAPL/1771227187.json to Snowflake stage...
[2026-02-17T06:16:05.082+0000] {logging_mixin.py:188} INFO - Uploading /opt/***/data/minio/AAPL/1771227197.json to Snowflake stage...
[2026-02-17T06:16:05.564+0000] {logging_mixin.py:188} INFO - Uploading /opt/***/data/minio/AAPL/1771227208.json to Snowflake stage...
[2026-02-17T06:16:06.136+0000] {logging_mixin.py:188} INFO - Uploading /opt/***/data/minio/AAPL/1771227220.json to Snowflake stage...
[2026-02-17T06:16:06.728+0000] {logging_mixin.py:188} INFO - Uploading /opt/***/data/minio/AAPL/1771227231.json to Snowflake stage...
[2026-02-17T06:16:07.314+0000] {logging_mixin.py:188} INFO - Uploading /opt/***/data/minio/AAPL/1771227243.json to Snowflake stage...
[2026-02-17T06:16:08.670+0000] {logging_mixin.py:188} INFO - Uploading /opt/***/data/minio/AAPL/1771227255.json to Snowflake stage...
[2026-02-17T06:16:09.335+0000] {logging_mixin.py:188} INFO - Uploading /opt/***/data/minio/AAPL/1771227267.json to Snowflake stage...
[2026-02-17T06:16:09.864+0000] {logging_mixin.py:188} INFO - Uploading /opt/***/data/minio/AAPL/1771227280.json to Snowflake stage...
[2026-02-17T06:16:10.432+0000] {logging_mixin.py:188} INFO - Uploading /opt/***/data/minio/AAPL/1771227293.json to Snowflake stage...
[2026-02-17T06:16:10.990+0000] {logging_mixin.py:188} INFO - Uploading /opt/***/data/minio/AAPL/1771227304.json to Snowflake stage...
[2026-02-17T06:16:11.652+0000] {logging_mixin.py:188} INFO - Uploading /opt/***/data/minio/AAPL/1771227316.json to Snowflake stage...
[2026-02-17T06:16:12.185+0000] {logging_mixin.py:188} INFO - Uploading /opt/***/data/minio/AAPL/1771227327.json to Snowflake stage...
[2026-02-17T06:16:12.832+0000] {logging_mixin.py:188} INFO - Uploading /opt/***/data/minio/AAPL/1771227338.json to Snowflake stage...
[2026-02-17T06:16:13.353+0000] {logging_mixin.py:188} INFO - Uploading /opt/***/data/minio/AAPL/1771227348.json to Snowflake stage...
[2026-02-17T06:16:13.937+0000] {logging_mixin.py:188} INFO - Uploading /opt/***/data/minio/AAPL/1771227361.json to Snowflake stage...
[2026-02-17T06:16:14.568+0000] {logging_mixin.py:188} INFO - Uploading /opt/***/data/minio/AAPL/1771227373.json to Snowflake stage...
[2026-02-17T06:16:15.153+0000] {logging_mixin.py:188} INFO - Uploading /opt/***/data/minio/AAPL/1771227385.json to Snowflake stage...
[2026-02-17T06:16:15.775+0000] {logging_mixin.py:188} INFO - Uploading /opt/***/data/minio/AAPL/1771227397.json to Snowflake stage...
[2026-02-17T06:16:16.938+0000] {logging_mixin.py:188} INFO - Uploading /opt/***/data/minio/AAPL/1771227408.json to Snowflake stage...
[2026-02-17T06:16:17.444+0000] {logging_mixin.py:188} INFO - Uploading /opt/***/data/minio/AAPL/1771227418.json to Snowflake stage...
[2026-02-17T06:16:17.963+0000] {logging_mixin.py:188} INFO - Uploading /opt/***/data/minio/AAPL/1771227430.json to Snowflake stage...
[2026-02-17T06:16:18.571+0000] {logging_mixin.py:188} INFO - Uploading /opt/***/data/minio/AAPL/1771227441.json to Snowflake stage...
[2026-02-17T06:16:19.204+0000] {logging_mixin.py:188} INFO - Uploading /opt/***/data/minio/AAPL/1771227452.json to Snowflake stage...
[2026-02-17T06:16:19.773+0000] {logging_mixin.py:188} INFO - Uploading /opt/***/data/minio/AAPL/1771227462.json to Snowflake stage...
[2026-02-17T06:16:20.422+0000] {logging_mixin.py:188} INFO - Uploading /opt/***/data/minio/AAPL/1771227474.json to Snowflake stage...
[2026-02-17T06:16:21.062+0000] {logging_mixin.py:188} INFO - Uploading /opt/***/data/minio/AAPL/1771227485.json to Snowflake stage...
[2026-02-17T06:16:21.727+0000] {logging_mixin.py:188} INFO - Uploading /opt/***/data/minio/AAPL/1771227496.json to Snowflake stage...
[2026-02-17T06:16:22.260+0000] {logging_mixin.py:188} INFO - Uploading /opt/***/data/minio/AAPL/1771227506.json to Snowflake stage...
[2026-02-17T06:16:22.894+0000] {logging_mixin.py:188} INFO - Uploading /opt/***/data/minio/AAPL/1771227517.json to Snowflake stage...
[2026-02-17T06:16:23.458+0000] {logging_mixin.py:188} INFO - Uploading /opt/***/data/minio/AAPL/1771227528.json to Snowflake stage...
[2026-02-17T06:16:24.021+0000] {logging_mixin.py:188} INFO - Uploading /opt/***/data/minio/AAPL/1771227538.json to Snowflake stage...
[2026-02-17T06:16:24.547+0000] {logging_mixin.py:188} INFO - Uploading /opt/***/data/minio/AAPL/1771227550.json to Snowflake stage...
[2026-02-17T06:16:25.225+0000] {logging_mixin.py:188} INFO - Uploading /opt/***/data/minio/AAPL/1771227561.json to Snowflake stage...
[2026-02-17T06:16:26.110+0000] {logging_mixin.py:188} INFO - Uploading /opt/***/data/minio/AAPL/1771227571.json to Snowflake stage...
[2026-02-17T06:16:26.813+0000] {logging_mixin.py:188} INFO - Uploading /opt/***/data/minio/AAPL/1771227582.json to Snowflake stage...
[2026-02-17T06:16:27.531+0000] {logging_mixin.py:188} INFO - Uploading /opt/***/data/minio/AAPL/1771227592.json to Snowflake stage...
[2026-02-17T06:16:28.066+0000] {logging_mixin.py:188} INFO - Uploading /opt/***/data/minio/AAPL/1771227603.json to Snowflake stage...
[2026-02-17T06:16:28.812+0000] {logging_mixin.py:188} INFO - Uploading /opt/***/data/minio/AAPL/1771227614.json to Snowflake stage...
[2026-02-17T06:16:29.320+0000] {logging_mixin.py:188} INFO - Uploading /opt/***/data/minio/AAPL/1771227625.json to Snowflake stage...
[2026-02-17T06:16:29.851+0000] {logging_mixin.py:188} INFO - Uploading /opt/***/data/minio/AAPL/1771227636.json to Snowflake stage...
[2026-02-17T06:16:30.476+0000] {logging_mixin.py:188} INFO - Uploading /opt/***/data/minio/AAPL/1771227646.json to Snowflake stage...
[2026-02-17T06:16:31.138+0000] {logging_mixin.py:188} INFO - Uploading /opt/***/data/minio/AAPL/1771227657.json to Snowflake stage...
[2026-02-17T06:16:31.853+0000] {logging_mixin.py:188} INFO - Uploading /opt/***/data/minio/AAPL/1771227667.json to Snowflake stage...
[2026-02-17T06:16:32.391+0000] {logging_mixin.py:188} INFO - Uploading /opt/***/data/minio/AAPL/1771227678.json to Snowflake stage...
[2026-02-17T06:16:32.987+0000] {logging_mixin.py:188} INFO - Uploading /opt/***/data/minio/AAPL/1771227688.json to Snowflake stage...
[2026-02-17T06:16:33.458+0000] {logging_mixin.py:188} INFO - Uploading /opt/***/data/minio/AAPL/1771227699.json to Snowflake stage...
[2026-02-17T06:16:33.930+0000] {logging_mixin.py:188} INFO - Uploading /opt/***/data/minio/AAPL/1771227709.json to Snowflake stage...
[2026-02-17T06:16:34.426+0000] {logging_mixin.py:188} INFO - Uploading /opt/***/data/minio/AAPL/1771227720.json to Snowflake stage...
[2026-02-17T06:16:35.048+0000] {logging_mixin.py:188} INFO - Uploading /opt/***/data/minio/AAPL/1771227731.json to Snowflake stage...
[2026-02-17T06:16:35.686+0000] {logging_mixin.py:188} INFO - Uploading /opt/***/data/minio/AAPL/1771227742.json to Snowflake stage...
[2026-02-17T06:16:36.389+0000] {logging_mixin.py:188} INFO - Uploading /opt/***/data/minio/AAPL/1771227752.json to Snowflake stage...
[2026-02-17T06:16:37.422+0000] {logging_mixin.py:188} INFO - Uploading /opt/***/data/minio/AAPL/1771227762.json to Snowflake stage...
[2026-02-17T06:16:38.418+0000] {logging_mixin.py:188} INFO - Uploading /opt/***/data/minio/AAPL/1771227773.json to Snowflake stage...
[2026-02-17T06:16:39.312+0000] {logging_mixin.py:188} INFO - Uploading /opt/***/data/minio/AAPL/1771227783.json to Snowflake stage...
[2026-02-17T06:16:39.917+0000] {logging_mixin.py:188} INFO - Uploading /opt/***/data/minio/AAPL/1771227794.json to Snowflake stage...
[2026-02-17T06:16:40.526+0000] {logging_mixin.py:188} INFO - Uploading /opt/***/data/minio/AAPL/1771227804.json to Snowflake stage...
[2026-02-17T06:16:41.482+0000] {logging_mixin.py:188} INFO - Uploading /opt/***/data/minio/AAPL/1771227814.json to Snowflake stage...
[2026-02-17T06:16:42.499+0000] {logging_mixin.py:188} INFO - Uploading /opt/***/data/minio/AAPL/1771227825.json to Snowflake stage...
[2026-02-17T06:16:43.042+0000] {logging_mixin.py:188} INFO - Uploading /opt/***/data/minio/AAPL/1771227836.json to Snowflake stage...
[2026-02-17T06:16:43.606+0000] {logging_mixin.py:188} INFO - Uploading /opt/***/data/minio/AAPL/1771227847.json to Snowflake stage...
[2026-02-17T06:16:44.211+0000] {logging_mixin.py:188} INFO - Uploading /opt/***/data/minio/AAPL/1771227858.json to Snowflake stage...
[2026-02-17T06:16:44.730+0000] {logging_mixin.py:188} INFO - Uploading /opt/***/data/minio/AAPL/1771227869.json to Snowflake stage...
[2026-02-17T06:16:45.294+0000] {logging_mixin.py:188} INFO - Uploading /opt/***/data/minio/AAPL/1771227879.json to Snowflake stage...
[2026-02-17T06:16:45.947+0000] {logging_mixin.py:188} INFO - Uploading /opt/***/data/minio/AAPL/1771227889.json to Snowflake stage...
[2026-02-17T06:16:46.628+0000] {logging_mixin.py:188} INFO - Uploading /opt/***/data/minio/AAPL/1771227899.json to Snowflake stage...
[2026-02-17T06:16:47.227+0000] {logging_mixin.py:188} INFO - Uploading /opt/***/data/minio/AAPL/1771227910.json to Snowflake stage...
[2026-02-17T06:16:47.830+0000] {logging_mixin.py:188} INFO - Uploading /opt/***/data/minio/AAPL/1771227920.json to Snowflake stage...
[2026-02-17T06:16:48.503+0000] {logging_mixin.py:188} INFO - Uploading /opt/***/data/minio/AAPL/1771227931.json to Snowflake stage...
[2026-02-17T06:16:49.134+0000] {logging_mixin.py:188} INFO - Uploading /opt/***/data/minio/AAPL/1771227941.json to Snowflake stage...
[2026-02-17T06:16:49.779+0000] {logging_mixin.py:188} INFO - Uploading /opt/***/data/minio/AAPL/1771227951.json to Snowflake stage...
[2026-02-17T06:16:50.393+0000] {logging_mixin.py:188} INFO - Uploading /opt/***/data/minio/AAPL/1771227962.json to Snowflake stage...
[2026-02-17T06:16:51.057+0000] {logging_mixin.py:188} INFO - Uploading /opt/***/data/minio/AAPL/1771227972.json to Snowflake stage...
[2026-02-17T06:16:51.682+0000] {logging_mixin.py:188} INFO - Uploading /opt/***/data/minio/AAPL/1771227983.json to Snowflake stage...
[2026-02-17T06:16:52.232+0000] {logging_mixin.py:188} INFO - Uploading /opt/***/data/minio/AAPL/1771227993.json to Snowflake stage...
[2026-02-17T06:16:52.761+0000] {logging_mixin.py:188} INFO - Uploading /opt/***/data/minio/AAPL/1771228003.json to Snowflake stage...
[2026-02-17T06:16:53.363+0000] {logging_mixin.py:188} INFO - Uploading /opt/***/data/minio/AAPL/1771228015.json to Snowflake stage...
[2026-02-17T06:16:53.878+0000] {logging_mixin.py:188} INFO - Uploading /opt/***/data/minio/AAPL/1771228025.json to Snowflake stage...
[2026-02-17T06:16:54.351+0000] {logging_mixin.py:188} INFO - Uploading /opt/***/data/minio/AAPL/1771228035.json to Snowflake stage...
[2026-02-17T06:16:54.864+0000] {logging_mixin.py:188} INFO - Uploading /opt/***/data/minio/AAPL/1771228046.json to Snowflake stage...
[2026-02-17T06:16:55.444+0000] {logging_mixin.py:188} INFO - Uploading /opt/***/data/minio/AAPL/1771228057.json to Snowflake stage...
[2026-02-17T06:16:55.927+0000] {logging_mixin.py:188} INFO - Uploading /opt/***/data/minio/AAPL/1771228068.json to Snowflake stage...
[2026-02-17T06:16:56.450+0000] {logging_mixin.py:188} INFO - Uploading /opt/***/data/minio/AAPL/1771228078.json to Snowflake stage...
[2026-02-17T06:16:56.951+0000] {logging_mixin.py:188} INFO - Uploading /opt/***/data/minio/AAPL/1771228089.json to Snowflake stage...
[2026-02-17T06:16:57.458+0000] {logging_mixin.py:188} INFO - Uploading /opt/***/data/minio/AAPL/1771228100.json to Snowflake stage...
[2026-02-17T06:16:58.067+0000] {logging_mixin.py:188} INFO - Uploading /opt/***/data/minio/AAPL/1771228110.json to Snowflake stage...
[2026-02-17T06:16:59.237+0000] {logging_mixin.py:188} INFO - Uploading /opt/***/data/minio/AAPL/1771228121.json to Snowflake stage...
[2026-02-17T06:16:59.870+0000] {logging_mixin.py:188} INFO - Uploading /opt/***/data/minio/AAPL/1771228131.json to Snowflake stage...
[2026-02-17T06:17:00.500+0000] {logging_mixin.py:188} INFO - Uploading /opt/***/data/minio/AAPL/1771228141.json to Snowflake stage...
[2026-02-17T06:17:01.217+0000] {logging_mixin.py:188} INFO - Uploading /opt/***/data/minio/AAPL/1771228152.json to Snowflake stage...
[2026-02-17T06:17:01.786+0000] {logging_mixin.py:188} INFO - Uploading /opt/***/data/minio/AAPL/1771228162.json to Snowflake stage...
[2026-02-17T06:17:02.345+0000] {logging_mixin.py:188} INFO - Uploading /opt/***/data/minio/AAPL/1771228172.json to Snowflake stage...
[2026-02-17T06:17:02.930+0000] {logging_mixin.py:188} INFO - Uploading /opt/***/data/minio/AAPL/1771228182.json to Snowflake stage...
[2026-02-17T06:17:03.462+0000] {logging_mixin.py:188} INFO - Uploading /opt/***/data/minio/AAPL/1771228192.json to Snowflake stage...
[2026-02-17T06:17:04.090+0000] {logging_mixin.py:188} INFO - Uploading /opt/***/data/minio/AAPL/1771228203.json to Snowflake stage...
[2026-02-17T06:17:04.760+0000] {logging_mixin.py:188} INFO - Uploading /opt/***/data/minio/AAPL/1771228213.json to Snowflake stage...
[2026-02-17T06:17:05.393+0000] {logging_mixin.py:188} INFO - Uploading /opt/***/data/minio/AAPL/1771228224.json to Snowflake stage...
[2026-02-17T06:17:06.033+0000] {logging_mixin.py:188} INFO - Uploading /opt/***/data/minio/AAPL/1771228234.json to Snowflake stage...
[2026-02-17T06:17:06.651+0000] {logging_mixin.py:188} INFO - Uploading /opt/***/data/minio/AAPL/1771228245.json to Snowflake stage...
[2026-02-17T06:17:07.315+0000] {logging_mixin.py:188} INFO - Uploading /opt/***/data/minio/AAPL/1771228255.json to Snowflake stage...
[2026-02-17T06:17:07.963+0000] {logging_mixin.py:188} INFO - Uploading /opt/***/data/minio/AAPL/1771228266.json to Snowflake stage...
[2026-02-17T06:17:08.598+0000] {logging_mixin.py:188} INFO - Uploading /opt/***/data/minio/AAPL/1771228278.json to Snowflake stage...
[2026-02-17T06:17:09.233+0000] {logging_mixin.py:188} INFO - Uploading /opt/***/data/minio/AAPL/1771228288.json to Snowflake stage...
[2026-02-17T06:17:09.874+0000] {logging_mixin.py:188} INFO - Uploading /opt/***/data/minio/AAPL/1771228299.json to Snowflake stage...
[2026-02-17T06:17:10.499+0000] {logging_mixin.py:188} INFO - Uploading /opt/***/data/minio/AAPL/1771228310.json to Snowflake stage...
[2026-02-17T06:17:11.157+0000] {logging_mixin.py:188} INFO - Uploading /opt/***/data/minio/AAPL/1771228321.json to Snowflake stage...
[2026-02-17T06:17:11.805+0000] {logging_mixin.py:188} INFO - Uploading /opt/***/data/minio/AAPL/1771228331.json to Snowflake stage...
[2026-02-17T06:17:12.348+0000] {logging_mixin.py:188} INFO - Uploading /opt/***/data/minio/AAPL/1771228342.json to Snowflake stage...
[2026-02-17T06:17:12.907+0000] {logging_mixin.py:188} INFO - Uploading /opt/***/data/minio/AAPL/1771228352.json to Snowflake stage...
[2026-02-17T06:17:13.547+0000] {logging_mixin.py:188} INFO - Uploading /opt/***/data/minio/AAPL/1771228362.json to Snowflake stage...
[2026-02-17T06:17:14.067+0000] {logging_mixin.py:188} INFO - Uploading /opt/***/data/minio/AAPL/1771228373.json to Snowflake stage...
[2026-02-17T06:17:14.629+0000] {logging_mixin.py:188} INFO - Uploading /opt/***/data/minio/AAPL/1771228383.json to Snowflake stage...
[2026-02-17T06:17:15.238+0000] {logging_mixin.py:188} INFO - Uploading /opt/***/data/minio/AAPL/1771228394.json to Snowflake stage...
[2026-02-17T06:17:15.877+0000] {logging_mixin.py:188} INFO - Uploading /opt/***/data/minio/AAPL/1771228404.json to Snowflake stage...
[2026-02-17T06:17:17.073+0000] {logging_mixin.py:188} INFO - Uploading /opt/***/data/minio/AAPL/1771228415.json to Snowflake stage...
[2026-02-17T06:17:17.612+0000] {logging_mixin.py:188} INFO - Uploading /opt/***/data/minio/AAPL/1771228425.json to Snowflake stage...
[2026-02-17T06:17:18.179+0000] {logging_mixin.py:188} INFO - Uploading /opt/***/data/minio/AAPL/1771228436.json to Snowflake stage...
[2026-02-17T06:17:18.720+0000] {logging_mixin.py:188} INFO - Uploading /opt/***/data/minio/AAPL/1771228447.json to Snowflake stage...
[2026-02-17T06:17:19.393+0000] {logging_mixin.py:188} INFO - Uploading /opt/***/data/minio/AAPL/1771228457.json to Snowflake stage...
[2026-02-17T06:17:20.463+0000] {logging_mixin.py:188} INFO - Uploading /opt/***/data/minio/AAPL/1771228467.json to Snowflake stage...
[2026-02-17T06:17:21.012+0000] {logging_mixin.py:188} INFO - Uploading /opt/***/data/minio/AAPL/1771228478.json to Snowflake stage...
[2026-02-17T06:17:21.477+0000] {logging_mixin.py:188} INFO - Uploading /opt/***/data/minio/AAPL/1771228489.json to Snowflake stage...
[2026-02-17T06:17:22.035+0000] {logging_mixin.py:188} INFO - Uploading /opt/***/data/minio/AAPL/1771228499.json to Snowflake stage...
[2026-02-17T06:17:22.666+0000] {logging_mixin.py:188} INFO - Uploading /opt/***/data/minio/AAPL/1771228509.json to Snowflake stage...
[2026-02-17T06:17:23.302+0000] {logging_mixin.py:188} INFO - Uploading /opt/***/data/minio/AAPL/1771228520.json to Snowflake stage...
[2026-02-17T06:17:23.943+0000] {logging_mixin.py:188} INFO - Uploading /opt/***/data/minio/AAPL/1771228531.json to Snowflake stage...
[2026-02-17T06:17:24.527+0000] {logging_mixin.py:188} INFO - Uploading /opt/***/data/minio/AAPL/1771228542.json to Snowflake stage...
[2026-02-17T06:17:25.135+0000] {logging_mixin.py:188} INFO - Uploading /opt/***/data/minio/AAPL/1771228552.json to Snowflake stage...
[2026-02-17T06:17:25.697+0000] {logging_mixin.py:188} INFO - Uploading /opt/***/data/minio/AAPL/1771228562.json to Snowflake stage...
[2026-02-17T06:17:26.306+0000] {logging_mixin.py:188} INFO - Uploading /opt/***/data/minio/AAPL/1771228573.json to Snowflake stage...
[2026-02-17T06:17:26.800+0000] {logging_mixin.py:188} INFO - Uploading /opt/***/data/minio/AAPL/1771228584.json to Snowflake stage...
[2026-02-17T06:17:27.307+0000] {logging_mixin.py:188} INFO - Uploading /opt/***/data/minio/AAPL/1771228594.json to Snowflake stage...
[2026-02-17T06:17:27.876+0000] {logging_mixin.py:188} INFO - Uploading /opt/***/data/minio/AAPL/1771228605.json to Snowflake stage...
[2026-02-17T06:17:28.474+0000] {logging_mixin.py:188} INFO - Uploading /opt/***/data/minio/AAPL/1771228617.json to Snowflake stage...
[2026-02-17T06:17:29.054+0000] {logging_mixin.py:188} INFO - Uploading /opt/***/data/minio/AAPL/1771228628.json to Snowflake stage...
[2026-02-17T06:17:29.695+0000] {logging_mixin.py:188} INFO - Uploading /opt/***/data/minio/AAPL/1771228639.json to Snowflake stage...
[2026-02-17T06:17:30.236+0000] {logging_mixin.py:188} INFO - Uploading /opt/***/data/minio/AAPL/1771228649.json to Snowflake stage...
[2026-02-17T06:17:30.905+0000] {logging_mixin.py:188} INFO - Uploading /opt/***/data/minio/AAPL/1771228659.json to Snowflake stage...
[2026-02-17T06:17:31.523+0000] {logging_mixin.py:188} INFO - Uploading /opt/***/data/minio/AAPL/1771228670.json to Snowflake stage...
[2026-02-17T06:17:32.087+0000] {logging_mixin.py:188} INFO - Uploading /opt/***/data/minio/AAPL/1771228680.json to Snowflake stage...
[2026-02-17T06:17:32.646+0000] {logging_mixin.py:188} INFO - Uploading /opt/***/data/minio/AAPL/1771228691.json to Snowflake stage...
[2026-02-17T06:17:33.191+0000] {logging_mixin.py:188} INFO - Uploading /opt/***/data/minio/AAPL/1771228702.json to Snowflake stage...
[2026-02-17T06:17:33.788+0000] {logging_mixin.py:188} INFO - Uploading /opt/***/data/minio/AAPL/1771228712.json to Snowflake stage...
[2026-02-17T06:17:34.334+0000] {logging_mixin.py:188} INFO - Uploading /opt/***/data/minio/AAPL/1771228723.json to Snowflake stage...
[2026-02-17T06:17:34.823+0000] {logging_mixin.py:188} INFO - Uploading /opt/***/data/minio/AAPL/1771228734.json to Snowflake stage...
[2026-02-17T06:17:35.365+0000] {logging_mixin.py:188} INFO - Uploading /opt/***/data/minio/AAPL/1771228744.json to Snowflake stage...
[2026-02-17T06:17:35.832+0000] {logging_mixin.py:188} INFO - Uploading /opt/***/data/minio/AAPL/1771228754.json to Snowflake stage...
[2026-02-17T06:17:36.410+0000] {logging_mixin.py:188} INFO - Uploading /opt/***/data/minio/AAPL/1771228765.json to Snowflake stage...
[2026-02-17T06:17:37.054+0000] {logging_mixin.py:188} INFO - Uploading /opt/***/data/minio/AAPL/1771228776.json to Snowflake stage...
[2026-02-17T06:17:37.666+0000] {logging_mixin.py:188} INFO - Uploading /opt/***/data/minio/AAPL/1771228786.json to Snowflake stage...
[2026-02-17T06:17:38.336+0000] {logging_mixin.py:188} INFO - Uploading /opt/***/data/minio/AAPL/1771228797.json to Snowflake stage...
[2026-02-17T06:17:38.980+0000] {logging_mixin.py:188} INFO - Uploading /opt/***/data/minio/AAPL/1771228808.json to Snowflake stage...
[2026-02-17T06:17:40.120+0000] {logging_mixin.py:188} INFO - Uploading /opt/***/data/minio/AAPL/1771228818.json to Snowflake stage...
[2026-02-17T06:17:40.735+0000] {logging_mixin.py:188} INFO - Uploading /opt/***/data/minio/AAPL/1771228830.json to Snowflake stage...
[2026-02-17T06:17:41.323+0000] {logging_mixin.py:188} INFO - Uploading /opt/***/data/minio/AAPL/1771228841.json to Snowflake stage...
[2026-02-17T06:17:41.856+0000] {logging_mixin.py:188} INFO - Uploading /opt/***/data/minio/AAPL/1771228851.json to Snowflake stage...
[2026-02-17T06:17:42.487+0000] {logging_mixin.py:188} INFO - Uploading /opt/***/data/minio/AAPL/1771228863.json to Snowflake stage...
[2026-02-17T06:17:43.036+0000] {logging_mixin.py:188} INFO - Uploading /opt/***/data/minio/AAPL/1771228875.json to Snowflake stage...
[2026-02-17T06:17:43.614+0000] {logging_mixin.py:188} INFO - Uploading /opt/***/data/minio/AAPL/1771228885.json to Snowflake stage...
[2026-02-17T06:17:44.166+0000] {logging_mixin.py:188} INFO - Uploading /opt/***/data/minio/AAPL/1771228898.json to Snowflake stage...
[2026-02-17T06:17:44.659+0000] {logging_mixin.py:188} INFO - Uploading /opt/***/data/minio/AAPL/1771228909.json to Snowflake stage...
[2026-02-17T06:17:45.225+0000] {logging_mixin.py:188} INFO - Uploading /opt/***/data/minio/AAPL/1771228919.json to Snowflake stage...
[2026-02-17T06:17:45.761+0000] {logging_mixin.py:188} INFO - Uploading /opt/***/data/minio/AAPL/1771228932.json to Snowflake stage...
[2026-02-17T06:17:46.331+0000] {logging_mixin.py:188} INFO - Uploading /opt/***/data/minio/AAPL/1771228944.json to Snowflake stage...
[2026-02-17T06:17:46.900+0000] {logging_mixin.py:188} INFO - Uploading /opt/***/data/minio/AAPL/1771228954.json to Snowflake stage...
[2026-02-17T06:17:47.538+0000] {logging_mixin.py:188} INFO - Uploading /opt/***/data/minio/AAPL/1771228965.json to Snowflake stage...
[2026-02-17T06:17:48.182+0000] {logging_mixin.py:188} INFO - Uploading /opt/***/data/minio/AAPL/1771228976.json to Snowflake stage...
[2026-02-17T06:17:48.822+0000] {logging_mixin.py:188} INFO - Uploading /opt/***/data/minio/AAPL/1771228987.json to Snowflake stage...
[2026-02-17T06:17:49.403+0000] {logging_mixin.py:188} INFO - Uploading /opt/***/data/minio/AAPL/1771228998.json to Snowflake stage...
[2026-02-17T06:17:50.010+0000] {logging_mixin.py:188} INFO - Uploading /opt/***/data/minio/AAPL/1771229009.json to Snowflake stage...
[2026-02-17T06:17:50.479+0000] {logging_mixin.py:188} INFO - Uploading /opt/***/data/minio/AAPL/1771229019.json to Snowflake stage...
[2026-02-17T06:17:50.963+0000] {logging_mixin.py:188} INFO - Uploading /opt/***/data/minio/AAPL/1771229030.json to Snowflake stage...
[2026-02-17T06:17:51.434+0000] {logging_mixin.py:188} INFO - Uploading /opt/***/data/minio/AAPL/1771229041.json to Snowflake stage...
[2026-02-17T06:17:51.945+0000] {logging_mixin.py:188} INFO - Uploading /opt/***/data/minio/AAPL/1771229052.json to Snowflake stage...
[2026-02-17T06:17:52.568+0000] {logging_mixin.py:188} INFO - Uploading /opt/***/data/minio/AAPL/1771229062.json to Snowflake stage...
[2026-02-17T06:17:53.128+0000] {logging_mixin.py:188} INFO - Uploading /opt/***/data/minio/AAPL/1771229073.json to Snowflake stage...
[2026-02-17T06:17:54.491+0000] {logging_mixin.py:188} INFO - Uploading /opt/***/data/minio/AAPL/1771229084.json to Snowflake stage...
[2026-02-17T06:17:55.064+0000] {logging_mixin.py:188} INFO - Uploading /opt/***/data/minio/AAPL/1771229096.json to Snowflake stage...
[2026-02-17T06:17:55.630+0000] {logging_mixin.py:188} INFO - Uploading /opt/***/data/minio/AAPL/1771229107.json to Snowflake stage...
[2026-02-17T06:17:56.420+0000] {logging_mixin.py:188} INFO - Uploading /opt/***/data/minio/AAPL/1771229118.json to Snowflake stage...
[2026-02-17T06:17:57.101+0000] {logging_mixin.py:188} INFO - Uploading /opt/***/data/minio/AAPL/1771229129.json to Snowflake stage...
[2026-02-17T06:17:57.655+0000] {logging_mixin.py:188} INFO - Uploading /opt/***/data/minio/AAPL/1771229141.json to Snowflake stage...
[2026-02-17T06:17:58.265+0000] {logging_mixin.py:188} INFO - Uploading /opt/***/data/minio/AAPL/1771229157.json to Snowflake stage...
[2026-02-17T06:17:58.775+0000] {logging_mixin.py:188} INFO - Uploading /opt/***/data/minio/AAPL/1771229168.json to Snowflake stage...
[2026-02-17T06:17:59.346+0000] {logging_mixin.py:188} INFO - Uploading /opt/***/data/minio/AAPL/1771229180.json to Snowflake stage...
[2026-02-17T06:18:02.639+0000] {logging_mixin.py:188} INFO - Uploading /opt/***/data/minio/AAPL/1771229190.json to Snowflake stage...
[2026-02-17T06:18:03.600+0000] {logging_mixin.py:188} INFO - Uploading /opt/***/data/minio/AAPL/1771229201.json to Snowflake stage...
[2026-02-17T06:18:04.179+0000] {logging_mixin.py:188} INFO - Uploading /opt/***/data/minio/AAPL/1771229212.json to Snowflake stage...
[2026-02-17T06:18:04.813+0000] {logging_mixin.py:188} INFO - Uploading /opt/***/data/minio/AAPL/1771229223.json to Snowflake stage...
[2026-02-17T06:18:05.439+0000] {logging_mixin.py:188} INFO - Uploading /opt/***/data/minio/AAPL/1771229234.json to Snowflake stage...
[2026-02-17T06:18:06.009+0000] {logging_mixin.py:188} INFO - Uploading /opt/***/data/minio/AAPL/1771229245.json to Snowflake stage...
[2026-02-17T06:18:07.055+0000] {logging_mixin.py:188} INFO - Uploading /opt/***/data/minio/AAPL/1771229256.json to Snowflake stage...
[2026-02-17T06:18:07.559+0000] {logging_mixin.py:188} INFO - Uploading /opt/***/data/minio/AAPL/1771229267.json to Snowflake stage...
[2026-02-17T06:18:08.095+0000] {logging_mixin.py:188} INFO - Uploading /opt/***/data/minio/AAPL/1771229279.json to Snowflake stage...
[2026-02-17T06:18:08.573+0000] {logging_mixin.py:188} INFO - Uploading /opt/***/data/minio/AAPL/1771229292.json to Snowflake stage...
[2026-02-17T06:18:09.157+0000] {logging_mixin.py:188} INFO - Uploading /opt/***/data/minio/AAPL/1771229304.json to Snowflake stage...
[2026-02-17T06:18:09.673+0000] {logging_mixin.py:188} INFO - Uploading /opt/***/data/minio/AAPL/1771229314.json to Snowflake stage...
[2026-02-17T06:18:10.219+0000] {logging_mixin.py:188} INFO - Uploading /opt/***/data/minio/AAPL/1771229325.json to Snowflake stage...
[2026-02-17T06:18:10.713+0000] {logging_mixin.py:188} INFO - Uploading /opt/***/data/minio/AAPL/1771308351.json to Snowflake stage...
[2026-02-17T06:18:11.210+0000] {logging_mixin.py:188} INFO - Uploading /opt/***/data/minio/AAPL/1771308362.json to Snowflake stage...
[2026-02-17T06:18:11.938+0000] {logging_mixin.py:188} INFO - Uploading /opt/***/data/minio/AAPL/1771308372.json to Snowflake stage...
[2026-02-17T06:18:13.000+0000] {logging_mixin.py:188} INFO - Uploading /opt/***/data/minio/AAPL/1771308382.json to Snowflake stage...
[2026-02-17T06:18:13.537+0000] {logging_mixin.py:188} INFO - Uploading /opt/***/data/minio/AAPL/1771308392.json to Snowflake stage...
[2026-02-17T06:18:13.999+0000] {logging_mixin.py:188} INFO - Uploading /opt/***/data/minio/AAPL/1771308402.json to Snowflake stage...
[2026-02-17T06:18:14.454+0000] {logging_mixin.py:188} INFO - Uploading /opt/***/data/minio/AAPL/1771308412.json to Snowflake stage...
[2026-02-17T06:18:14.897+0000] {logging_mixin.py:188} INFO - Uploading /opt/***/data/minio/AAPL/1771308422.json to Snowflake stage...
[2026-02-17T06:18:15.383+0000] {logging_mixin.py:188} INFO - Uploading /opt/***/data/minio/AAPL/1771308433.json to Snowflake stage...
[2026-02-17T06:18:15.922+0000] {logging_mixin.py:188} INFO - Uploading /opt/***/data/minio/AAPL/1771308442.json to Snowflake stage...
[2026-02-17T06:18:16.643+0000] {logging_mixin.py:188} INFO - Uploading /opt/***/data/minio/AAPL/1771308453.json to Snowflake stage...
[2026-02-17T06:18:17.156+0000] {logging_mixin.py:188} INFO - Uploading /opt/***/data/minio/AAPL/1771308463.json to Snowflake stage...
[2026-02-17T06:18:17.634+0000] {logging_mixin.py:188} INFO - Uploading /opt/***/data/minio/AAPL/1771308473.json to Snowflake stage...
[2026-02-17T06:18:18.090+0000] {logging_mixin.py:188} INFO - Uploading /opt/***/data/minio/AAPL/1771308483.json to Snowflake stage...
[2026-02-17T06:18:18.574+0000] {logging_mixin.py:188} INFO - Uploading /opt/***/data/minio/AAPL/1771308493.json to Snowflake stage...
[2026-02-17T06:18:19.089+0000] {logging_mixin.py:188} INFO - Uploading /opt/***/data/minio/AAPL/1771308503.json to Snowflake stage...
[2026-02-17T06:18:19.613+0000] {logging_mixin.py:188} INFO - Uploading /opt/***/data/minio/AAPL/1771308514.json to Snowflake stage...
[2026-02-17T06:18:20.182+0000] {logging_mixin.py:188} INFO - Uploading /opt/***/data/minio/AAPL/1771308524.json to Snowflake stage...
[2026-02-17T06:18:20.681+0000] {logging_mixin.py:188} INFO - Uploading /opt/***/data/minio/AAPL/1771308534.json to Snowflake stage...
[2026-02-17T06:18:21.121+0000] {logging_mixin.py:188} INFO - Uploading /opt/***/data/minio/AAPL/1771308544.json to Snowflake stage...
[2026-02-17T06:18:21.581+0000] {logging_mixin.py:188} INFO - Uploading /opt/***/data/minio/AAPL/1771308554.json to Snowflake stage...
[2026-02-17T06:18:22.344+0000] {logging_mixin.py:188} INFO - Uploading /opt/***/data/minio/AAPL/1771308564.json to Snowflake stage...
[2026-02-17T06:18:22.870+0000] {logging_mixin.py:188} INFO - Uploading /opt/***/data/minio/AAPL/1771308574.json to Snowflake stage...
[2026-02-17T06:18:23.431+0000] {logging_mixin.py:188} INFO - Uploading /opt/***/data/minio/AAPL/1771308584.json to Snowflake stage...
[2026-02-17T06:18:23.914+0000] {logging_mixin.py:188} INFO - Uploading /opt/***/data/minio/AAPL/1771308594.json to Snowflake stage...
[2026-02-17T06:18:24.406+0000] {logging_mixin.py:188} INFO - Uploading /opt/***/data/minio/AMZN/1771221451.json to Snowflake stage...
[2026-02-17T06:18:24.911+0000] {logging_mixin.py:188} INFO - Uploading /opt/***/data/minio/AMZN/1771221463.json to Snowflake stage...
[2026-02-17T06:18:25.382+0000] {logging_mixin.py:188} INFO - Uploading /opt/***/data/minio/AMZN/1771221476.json to Snowflake stage...
[2026-02-17T06:18:25.838+0000] {logging_mixin.py:188} INFO - Uploading /opt/***/data/minio/AMZN/1771221489.json to Snowflake stage...
[2026-02-17T06:18:26.562+0000] {logging_mixin.py:188} INFO - Uploading /opt/***/data/minio/AMZN/1771221501.json to Snowflake stage...
[2026-02-17T06:18:27.218+0000] {logging_mixin.py:188} INFO - Uploading /opt/***/data/minio/AMZN/1771221513.json to Snowflake stage...
[2026-02-17T06:18:27.860+0000] {logging_mixin.py:188} INFO - Uploading /opt/***/data/minio/AMZN/1771221526.json to Snowflake stage...
[2026-02-17T06:18:28.412+0000] {logging_mixin.py:188} INFO - Uploading /opt/***/data/minio/AMZN/1771221538.json to Snowflake stage...
[2026-02-17T06:18:28.970+0000] {logging_mixin.py:188} INFO - Uploading /opt/***/data/minio/AMZN/1771221550.json to Snowflake stage...
[2026-02-17T06:18:29.616+0000] {logging_mixin.py:188} INFO - Uploading /opt/***/data/minio/AMZN/1771221561.json to Snowflake stage...
[2026-02-17T06:18:30.235+0000] {logging_mixin.py:188} INFO - Uploading /opt/***/data/minio/AMZN/1771221573.json to Snowflake stage...
[2026-02-17T06:18:30.900+0000] {logging_mixin.py:188} INFO - Uploading /opt/***/data/minio/AMZN/1771221585.json to Snowflake stage...
[2026-02-17T06:18:31.532+0000] {logging_mixin.py:188} INFO - Uploading /opt/***/data/minio/AMZN/1771221596.json to Snowflake stage...
[2026-02-17T06:18:32.076+0000] {logging_mixin.py:188} INFO - Uploading /opt/***/data/minio/AMZN/1771221608.json to Snowflake stage...
[2026-02-17T06:18:32.666+0000] {logging_mixin.py:188} INFO - Uploading /opt/***/data/minio/AMZN/1771221620.json to Snowflake stage...
[2026-02-17T06:18:33.207+0000] {logging_mixin.py:188} INFO - Uploading /opt/***/data/minio/AMZN/1771221631.json to Snowflake stage...
[2026-02-17T06:18:33.855+0000] {logging_mixin.py:188} INFO - Uploading /opt/***/data/minio/AMZN/1771221643.json to Snowflake stage...
[2026-02-17T06:18:34.489+0000] {logging_mixin.py:188} INFO - Uploading /opt/***/data/minio/AMZN/1771221654.json to Snowflake stage...
[2026-02-17T06:18:35.031+0000] {logging_mixin.py:188} INFO - Uploading /opt/***/data/minio/AMZN/1771221666.json to Snowflake stage...
[2026-02-17T06:18:35.614+0000] {logging_mixin.py:188} INFO - Uploading /opt/***/data/minio/AMZN/1771221678.json to Snowflake stage...
[2026-02-17T06:18:36.148+0000] {logging_mixin.py:188} INFO - Uploading /opt/***/data/minio/AMZN/1771221690.json to Snowflake stage...
[2026-02-17T06:18:36.704+0000] {logging_mixin.py:188} INFO - Uploading /opt/***/data/minio/AMZN/1771221702.json to Snowflake stage...
[2026-02-17T06:18:37.168+0000] {logging_mixin.py:188} INFO - Uploading /opt/***/data/minio/AMZN/1771221713.json to Snowflake stage...
[2026-02-17T06:18:37.649+0000] {logging_mixin.py:188} INFO - Uploading /opt/***/data/minio/AMZN/1771221726.json to Snowflake stage...
[2026-02-17T06:18:38.332+0000] {logging_mixin.py:188} INFO - Uploading /opt/***/data/minio/AMZN/1771221737.json to Snowflake stage...
[2026-02-17T06:18:38.962+0000] {logging_mixin.py:188} INFO - Uploading /opt/***/data/minio/AMZN/1771221750.json to Snowflake stage...
[2026-02-17T06:18:39.667+0000] {logging_mixin.py:188} INFO - Uploading /opt/***/data/minio/AMZN/1771221761.json to Snowflake stage...
[2026-02-17T06:18:40.249+0000] {logging_mixin.py:188} INFO - Uploading /opt/***/data/minio/AMZN/1771221772.json to Snowflake stage...
[2026-02-17T06:18:40.785+0000] {logging_mixin.py:188} INFO - Uploading /opt/***/data/minio/AMZN/1771221784.json to Snowflake stage...
[2026-02-17T06:18:41.632+0000] {logging_mixin.py:188} INFO - Uploading /opt/***/data/minio/AMZN/1771221800.json to Snowflake stage...
[2026-02-17T06:18:42.159+0000] {logging_mixin.py:188} INFO - Uploading /opt/***/data/minio/AMZN/1771221812.json to Snowflake stage...
[2026-02-17T06:18:42.667+0000] {logging_mixin.py:188} INFO - Uploading /opt/***/data/minio/AMZN/1771221824.json to Snowflake stage...
[2026-02-17T06:18:43.339+0000] {logging_mixin.py:188} INFO - Uploading /opt/***/data/minio/AMZN/1771221836.json to Snowflake stage...
[2026-02-17T06:18:44.019+0000] {logging_mixin.py:188} INFO - Uploading /opt/***/data/minio/AMZN/1771221851.json to Snowflake stage...
[2026-02-17T06:18:44.627+0000] {logging_mixin.py:188} INFO - Uploading /opt/***/data/minio/AMZN/1771221864.json to Snowflake stage...
[2026-02-17T06:18:45.200+0000] {logging_mixin.py:188} INFO - Uploading /opt/***/data/minio/AMZN/1771221875.json to Snowflake stage...
[2026-02-17T06:18:45.742+0000] {logging_mixin.py:188} INFO - Uploading /opt/***/data/minio/AMZN/1771221887.json to Snowflake stage...
[2026-02-17T06:18:46.349+0000] {logging_mixin.py:188} INFO - Uploading /opt/***/data/minio/AMZN/1771221899.json to Snowflake stage...
[2026-02-17T06:18:46.947+0000] {logging_mixin.py:188} INFO - Uploading /opt/***/data/minio/AMZN/1771221911.json to Snowflake stage...
[2026-02-17T06:18:47.462+0000] {logging_mixin.py:188} INFO - Uploading /opt/***/data/minio/AMZN/1771221923.json to Snowflake stage...
[2026-02-17T06:18:48.095+0000] {logging_mixin.py:188} INFO - Uploading /opt/***/data/minio/AMZN/1771221934.json to Snowflake stage...
[2026-02-17T06:18:48.651+0000] {logging_mixin.py:188} INFO - Uploading /opt/***/data/minio/AMZN/1771221946.json to Snowflake stage...
[2026-02-17T06:18:49.408+0000] {logging_mixin.py:188} INFO - Uploading /opt/***/data/minio/AMZN/1771221957.json to Snowflake stage...
[2026-02-17T06:18:50.000+0000] {logging_mixin.py:188} INFO - Uploading /opt/***/data/minio/AMZN/1771221969.json to Snowflake stage...
[2026-02-17T06:18:50.522+0000] {logging_mixin.py:188} INFO - Uploading /opt/***/data/minio/AMZN/1771221981.json to Snowflake stage...
[2026-02-17T06:18:51.009+0000] {logging_mixin.py:188} INFO - Uploading /opt/***/data/minio/AMZN/1771222097.json to Snowflake stage...
[2026-02-17T06:18:51.496+0000] {logging_mixin.py:188} INFO - Uploading /opt/***/data/minio/AMZN/1771222108.json to Snowflake stage...
[2026-02-17T06:18:52.104+0000] {logging_mixin.py:188} INFO - Uploading /opt/***/data/minio/AMZN/1771222120.json to Snowflake stage...
[2026-02-17T06:18:52.681+0000] {logging_mixin.py:188} INFO - Uploading /opt/***/data/minio/AMZN/1771222132.json to Snowflake stage...
[2026-02-17T06:18:53.296+0000] {logging_mixin.py:188} INFO - Uploading /opt/***/data/minio/AMZN/1771222144.json to Snowflake stage...
[2026-02-17T06:18:53.934+0000] {logging_mixin.py:188} INFO - Uploading /opt/***/data/minio/AMZN/1771222157.json to Snowflake stage...
[2026-02-17T06:18:54.572+0000] {logging_mixin.py:188} INFO - Uploading /opt/***/data/minio/AMZN/1771222198.json to Snowflake stage...
[2026-02-17T06:18:55.138+0000] {logging_mixin.py:188} INFO - Uploading /opt/***/data/minio/AMZN/1771222210.json to Snowflake stage...
[2026-02-17T06:18:55.662+0000] {logging_mixin.py:188} INFO - Uploading /opt/***/data/minio/AMZN/1771222223.json to Snowflake stage...
[2026-02-17T06:18:56.176+0000] {logging_mixin.py:188} INFO - Uploading /opt/***/data/minio/AMZN/1771222233.json to Snowflake stage...
[2026-02-17T06:18:56.861+0000] {logging_mixin.py:188} INFO - Uploading /opt/***/data/minio/AMZN/1771222245.json to Snowflake stage...
[2026-02-17T06:18:57.461+0000] {logging_mixin.py:188} INFO - Uploading /opt/***/data/minio/AMZN/1771222256.json to Snowflake stage...
[2026-02-17T06:18:58.100+0000] {logging_mixin.py:188} INFO - Uploading /opt/***/data/minio/AMZN/1771222268.json to Snowflake stage...
[2026-02-17T06:18:58.675+0000] {logging_mixin.py:188} INFO - Uploading /opt/***/data/minio/AMZN/1771222279.json to Snowflake stage...
[2026-02-17T06:18:59.202+0000] {logging_mixin.py:188} INFO - Uploading /opt/***/data/minio/AMZN/1771222291.json to Snowflake stage...
[2026-02-17T06:18:59.834+0000] {logging_mixin.py:188} INFO - Uploading /opt/***/data/minio/AMZN/1771222302.json to Snowflake stage...
[2026-02-17T06:19:00.378+0000] {logging_mixin.py:188} INFO - Uploading /opt/***/data/minio/AMZN/1771222313.json to Snowflake stage...
[2026-02-17T06:19:01.042+0000] {logging_mixin.py:188} INFO - Uploading /opt/***/data/minio/AMZN/1771222324.json to Snowflake stage...
[2026-02-17T06:19:02.200+0000] {logging_mixin.py:188} INFO - Uploading /opt/***/data/minio/AMZN/1771222336.json to Snowflake stage...
[2026-02-17T06:19:02.741+0000] {logging_mixin.py:188} INFO - Uploading /opt/***/data/minio/AMZN/1771222348.json to Snowflake stage...
[2026-02-17T06:19:03.358+0000] {logging_mixin.py:188} INFO - Uploading /opt/***/data/minio/AMZN/1771222359.json to Snowflake stage...
[2026-02-17T06:19:03.928+0000] {logging_mixin.py:188} INFO - Uploading /opt/***/data/minio/AMZN/1771222370.json to Snowflake stage...
[2026-02-17T06:19:04.643+0000] {logging_mixin.py:188} INFO - Uploading /opt/***/data/minio/AMZN/1771222381.json to Snowflake stage...
[2026-02-17T06:19:05.215+0000] {logging_mixin.py:188} INFO - Uploading /opt/***/data/minio/AMZN/1771222393.json to Snowflake stage...
[2026-02-17T06:19:05.773+0000] {logging_mixin.py:188} INFO - Uploading /opt/***/data/minio/AMZN/1771222404.json to Snowflake stage...
[2026-02-17T06:19:06.336+0000] {logging_mixin.py:188} INFO - Uploading /opt/***/data/minio/AMZN/1771222444.json to Snowflake stage...
[2026-02-17T06:19:06.970+0000] {logging_mixin.py:188} INFO - Uploading /opt/***/data/minio/AMZN/1771222456.json to Snowflake stage...
[2026-02-17T06:19:07.515+0000] {logging_mixin.py:188} INFO - Uploading /opt/***/data/minio/AMZN/1771222467.json to Snowflake stage...
[2026-02-17T06:19:08.047+0000] {logging_mixin.py:188} INFO - Uploading /opt/***/data/minio/AMZN/1771222480.json to Snowflake stage...
[2026-02-17T06:19:08.557+0000] {logging_mixin.py:188} INFO - Uploading /opt/***/data/minio/AMZN/1771222525.json to Snowflake stage...
[2026-02-17T06:19:09.055+0000] {logging_mixin.py:188} INFO - Uploading /opt/***/data/minio/AMZN/1771222537.json to Snowflake stage...
[2026-02-17T06:19:09.582+0000] {logging_mixin.py:188} INFO - Uploading /opt/***/data/minio/AMZN/1771222550.json to Snowflake stage...
[2026-02-17T06:19:10.071+0000] {logging_mixin.py:188} INFO - Uploading /opt/***/data/minio/AMZN/1771222562.json to Snowflake stage...
[2026-02-17T06:19:10.691+0000] {logging_mixin.py:188} INFO - Uploading /opt/***/data/minio/AMZN/1771222574.json to Snowflake stage...
[2026-02-17T06:19:11.175+0000] {logging_mixin.py:188} INFO - Uploading /opt/***/data/minio/AMZN/1771222585.json to Snowflake stage...
[2026-02-17T06:19:11.681+0000] {logging_mixin.py:188} INFO - Uploading /opt/***/data/minio/AMZN/1771222597.json to Snowflake stage...
[2026-02-17T06:19:12.155+0000] {logging_mixin.py:188} INFO - Uploading /opt/***/data/minio/AMZN/1771222610.json to Snowflake stage...
[2026-02-17T06:19:12.797+0000] {logging_mixin.py:188} INFO - Uploading /opt/***/data/minio/AMZN/1771222623.json to Snowflake stage...
[2026-02-17T06:19:13.365+0000] {logging_mixin.py:188} INFO - Uploading /opt/***/data/minio/AMZN/1771222636.json to Snowflake stage...
[2026-02-17T06:19:14.469+0000] {logging_mixin.py:188} INFO - Uploading /opt/***/data/minio/AMZN/1771222686.json to Snowflake stage...
[2026-02-17T06:19:14.941+0000] {logging_mixin.py:188} INFO - Uploading /opt/***/data/minio/AMZN/1771222702.json to Snowflake stage...
[2026-02-17T06:19:15.446+0000] {logging_mixin.py:188} INFO - Uploading /opt/***/data/minio/AMZN/1771222714.json to Snowflake stage...
[2026-02-17T06:19:15.942+0000] {logging_mixin.py:188} INFO - Uploading /opt/***/data/minio/AMZN/1771222726.json to Snowflake stage...
[2026-02-17T06:19:16.502+0000] {logging_mixin.py:188} INFO - Uploading /opt/***/data/minio/AMZN/1771222738.json to Snowflake stage...
[2026-02-17T06:19:17.049+0000] {logging_mixin.py:188} INFO - Uploading /opt/***/data/minio/AMZN/1771222749.json to Snowflake stage...
[2026-02-17T06:19:17.619+0000] {logging_mixin.py:188} INFO - Uploading /opt/***/data/minio/AMZN/1771222765.json to Snowflake stage...
[2026-02-17T06:19:18.188+0000] {logging_mixin.py:188} INFO - Uploading /opt/***/data/minio/AMZN/1771222780.json to Snowflake stage...
[2026-02-17T06:19:18.810+0000] {logging_mixin.py:188} INFO - Uploading /opt/***/data/minio/AMZN/1771222802.json to Snowflake stage...
[2026-02-17T06:19:19.465+0000] {logging_mixin.py:188} INFO - Uploading /opt/***/data/minio/AMZN/1771222850.json to Snowflake stage...
[2026-02-17T06:19:20.028+0000] {logging_mixin.py:188} INFO - Uploading /opt/***/data/minio/AMZN/1771222862.json to Snowflake stage...
[2026-02-17T06:19:20.646+0000] {logging_mixin.py:188} INFO - Uploading /opt/***/data/minio/AMZN/1771222873.json to Snowflake stage...
[2026-02-17T06:19:21.552+0000] {logging_mixin.py:188} INFO - Uploading /opt/***/data/minio/AMZN/1771222888.json to Snowflake stage...
[2026-02-17T06:19:22.160+0000] {logging_mixin.py:188} INFO - Uploading /opt/***/data/minio/AMZN/1771222901.json to Snowflake stage...
[2026-02-17T06:19:22.814+0000] {logging_mixin.py:188} INFO - Uploading /opt/***/data/minio/AMZN/1771222916.json to Snowflake stage...
[2026-02-17T06:19:23.907+0000] {logging_mixin.py:188} INFO - Uploading /opt/***/data/minio/AMZN/1771222928.json to Snowflake stage...
[2026-02-17T06:19:24.454+0000] {logging_mixin.py:188} INFO - Uploading /opt/***/data/minio/AMZN/1771222939.json to Snowflake stage...
[2026-02-17T06:19:24.922+0000] {logging_mixin.py:188} INFO - Uploading /opt/***/data/minio/AMZN/1771222960.json to Snowflake stage...
[2026-02-17T06:19:25.466+0000] {logging_mixin.py:188} INFO - Uploading /opt/***/data/minio/AMZN/1771222972.json to Snowflake stage...
[2026-02-17T06:19:25.999+0000] {logging_mixin.py:188} INFO - Uploading /opt/***/data/minio/AMZN/1771222982.json to Snowflake stage...
[2026-02-17T06:19:26.568+0000] {logging_mixin.py:188} INFO - Uploading /opt/***/data/minio/AMZN/1771222993.json to Snowflake stage...
[2026-02-17T06:19:27.131+0000] {logging_mixin.py:188} INFO - Uploading /opt/***/data/minio/AMZN/1771223003.json to Snowflake stage...
[2026-02-17T06:19:27.787+0000] {logging_mixin.py:188} INFO - Uploading /opt/***/data/minio/AMZN/1771223014.json to Snowflake stage...
[2026-02-17T06:19:28.626+0000] {logging_mixin.py:188} INFO - Uploading /opt/***/data/minio/AMZN/1771223025.json to Snowflake stage...
[2026-02-17T06:19:29.268+0000] {logging_mixin.py:188} INFO - Uploading /opt/***/data/minio/AMZN/1771223037.json to Snowflake stage...
[2026-02-17T06:19:29.901+0000] {logging_mixin.py:188} INFO - Uploading /opt/***/data/minio/AMZN/1771223050.json to Snowflake stage...
[2026-02-17T06:19:30.466+0000] {logging_mixin.py:188} INFO - Uploading /opt/***/data/minio/AMZN/1771223061.json to Snowflake stage...
[2026-02-17T06:19:31.207+0000] {logging_mixin.py:188} INFO - Uploading /opt/***/data/minio/AMZN/1771223195.json to Snowflake stage...
[2026-02-17T06:19:31.833+0000] {logging_mixin.py:188} INFO - Uploading /opt/***/data/minio/AMZN/1771223374.json to Snowflake stage...
[2026-02-17T06:19:32.398+0000] {logging_mixin.py:188} INFO - Uploading /opt/***/data/minio/AMZN/1771223387.json to Snowflake stage...
[2026-02-17T06:19:32.902+0000] {logging_mixin.py:188} INFO - Uploading /opt/***/data/minio/AMZN/1771223398.json to Snowflake stage...
[2026-02-17T06:19:33.377+0000] {logging_mixin.py:188} INFO - Uploading /opt/***/data/minio/AMZN/1771223410.json to Snowflake stage...
[2026-02-17T06:19:33.959+0000] {logging_mixin.py:188} INFO - Uploading /opt/***/data/minio/AMZN/1771223421.json to Snowflake stage...
[2026-02-17T06:19:34.441+0000] {logging_mixin.py:188} INFO - Uploading /opt/***/data/minio/AMZN/1771223432.json to Snowflake stage...
[2026-02-17T06:19:34.942+0000] {logging_mixin.py:188} INFO - Uploading /opt/***/data/minio/AMZN/1771223443.json to Snowflake stage...
[2026-02-17T06:19:35.503+0000] {logging_mixin.py:188} INFO - Uploading /opt/***/data/minio/AMZN/1771223453.json to Snowflake stage...
[2026-02-17T06:19:36.186+0000] {logging_mixin.py:188} INFO - Uploading /opt/***/data/minio/AMZN/1771223464.json to Snowflake stage...
[2026-02-17T06:19:36.816+0000] {logging_mixin.py:188} INFO - Uploading /opt/***/data/minio/AMZN/1771223477.json to Snowflake stage...
[2026-02-17T06:19:37.330+0000] {logging_mixin.py:188} INFO - Uploading /opt/***/data/minio/AMZN/1771223487.json to Snowflake stage...
[2026-02-17T06:19:37.815+0000] {logging_mixin.py:188} INFO - Uploading /opt/***/data/minio/AMZN/1771223498.json to Snowflake stage...
[2026-02-17T06:19:38.407+0000] {logging_mixin.py:188} INFO - Uploading /opt/***/data/minio/AMZN/1771223509.json to Snowflake stage...
[2026-02-17T06:19:39.054+0000] {logging_mixin.py:188} INFO - Uploading /opt/***/data/minio/AMZN/1771223521.json to Snowflake stage...
[2026-02-17T06:19:39.609+0000] {logging_mixin.py:188} INFO - Uploading /opt/***/data/minio/AMZN/1771223531.json to Snowflake stage...
[2026-02-17T06:19:40.159+0000] {logging_mixin.py:188} INFO - Uploading /opt/***/data/minio/AMZN/1771223541.json to Snowflake stage...
[2026-02-17T06:19:40.735+0000] {logging_mixin.py:188} INFO - Uploading /opt/***/data/minio/AMZN/1771223552.json to Snowflake stage...
[2026-02-17T06:19:41.806+0000] {logging_mixin.py:188} INFO - Uploading /opt/***/data/minio/AMZN/1771223562.json to Snowflake stage...
[2026-02-17T06:19:42.402+0000] {logging_mixin.py:188} INFO - Uploading /opt/***/data/minio/AMZN/1771223573.json to Snowflake stage...
[2026-02-17T06:19:43.032+0000] {logging_mixin.py:188} INFO - Uploading /opt/***/data/minio/AMZN/1771223586.json to Snowflake stage...
[2026-02-17T06:19:43.690+0000] {logging_mixin.py:188} INFO - Uploading /opt/***/data/minio/AMZN/1771223599.json to Snowflake stage...
[2026-02-17T06:19:44.259+0000] {logging_mixin.py:188} INFO - Uploading /opt/***/data/minio/AMZN/1771223612.json to Snowflake stage...
[2026-02-17T06:19:44.881+0000] {logging_mixin.py:188} INFO - Uploading /opt/***/data/minio/AMZN/1771223623.json to Snowflake stage...
[2026-02-17T06:19:45.524+0000] {logging_mixin.py:188} INFO - Uploading /opt/***/data/minio/AMZN/1771223635.json to Snowflake stage...
[2026-02-17T06:19:46.105+0000] {logging_mixin.py:188} INFO - Uploading /opt/***/data/minio/AMZN/1771223648.json to Snowflake stage...
[2026-02-17T06:19:46.735+0000] {logging_mixin.py:188} INFO - Uploading /opt/***/data/minio/AMZN/1771223659.json to Snowflake stage...
[2026-02-17T06:19:47.377+0000] {logging_mixin.py:188} INFO - Uploading /opt/***/data/minio/AMZN/1771223679.json to Snowflake stage...
[2026-02-17T06:19:48.020+0000] {logging_mixin.py:188} INFO - Uploading /opt/***/data/minio/AMZN/1771223691.json to Snowflake stage...
[2026-02-17T06:19:48.579+0000] {logging_mixin.py:188} INFO - Uploading /opt/***/data/minio/AMZN/1771223703.json to Snowflake stage...
[2026-02-17T06:19:49.130+0000] {logging_mixin.py:188} INFO - Uploading /opt/***/data/minio/AMZN/1771223713.json to Snowflake stage...
[2026-02-17T06:19:49.774+0000] {logging_mixin.py:188} INFO - Uploading /opt/***/data/minio/AMZN/1771223723.json to Snowflake stage...
[2026-02-17T06:19:50.425+0000] {logging_mixin.py:188} INFO - Uploading /opt/***/data/minio/AMZN/1771223734.json to Snowflake stage...
[2026-02-17T06:19:50.968+0000] {logging_mixin.py:188} INFO - Uploading /opt/***/data/minio/AMZN/1771223744.json to Snowflake stage...
[2026-02-17T06:19:51.599+0000] {logging_mixin.py:188} INFO - Uploading /opt/***/data/minio/AMZN/1771223754.json to Snowflake stage...
[2026-02-17T06:19:52.197+0000] {logging_mixin.py:188} INFO - Uploading /opt/***/data/minio/AMZN/1771223766.json to Snowflake stage...
[2026-02-17T06:19:52.727+0000] {logging_mixin.py:188} INFO - Uploading /opt/***/data/minio/AMZN/1771223779.json to Snowflake stage...
[2026-02-17T06:19:53.368+0000] {logging_mixin.py:188} INFO - Uploading /opt/***/data/minio/AMZN/1771223790.json to Snowflake stage...
[2026-02-17T06:19:54.007+0000] {logging_mixin.py:188} INFO - Uploading /opt/***/data/minio/AMZN/1771223803.json to Snowflake stage...
[2026-02-17T06:19:54.734+0000] {logging_mixin.py:188} INFO - Uploading /opt/***/data/minio/AMZN/1771223842.json to Snowflake stage...
[2026-02-17T06:19:55.287+0000] {logging_mixin.py:188} INFO - Uploading /opt/***/data/minio/AMZN/1771223914.json to Snowflake stage...
[2026-02-17T06:19:56.575+0000] {logging_mixin.py:188} INFO - Uploading /opt/***/data/minio/AMZN/1771223936.json to Snowflake stage...
[2026-02-17T06:19:57.434+0000] {logging_mixin.py:188} INFO - Uploading /opt/***/data/minio/AMZN/1771223950.json to Snowflake stage...
[2026-02-17T06:19:57.987+0000] {logging_mixin.py:188} INFO - Uploading /opt/***/data/minio/AMZN/1771223962.json to Snowflake stage...
[2026-02-17T06:19:58.593+0000] {logging_mixin.py:188} INFO - Uploading /opt/***/data/minio/AMZN/1771223976.json to Snowflake stage...
[2026-02-17T06:19:59.220+0000] {logging_mixin.py:188} INFO - Uploading /opt/***/data/minio/AMZN/1771223988.json to Snowflake stage...
[2026-02-17T06:19:59.854+0000] {logging_mixin.py:188} INFO - Uploading /opt/***/data/minio/AMZN/1771223999.json to Snowflake stage...
[2026-02-17T06:20:00.400+0000] {logging_mixin.py:188} INFO - Uploading /opt/***/data/minio/AMZN/1771224010.json to Snowflake stage...
[2026-02-17T06:20:00.958+0000] {logging_mixin.py:188} INFO - Uploading /opt/***/data/minio/AMZN/1771224021.json to Snowflake stage...
[2026-02-17T06:20:01.530+0000] {logging_mixin.py:188} INFO - Uploading /opt/***/data/minio/AMZN/1771224033.json to Snowflake stage...
[2026-02-17T06:20:02.100+0000] {logging_mixin.py:188} INFO - Uploading /opt/***/data/minio/AMZN/1771224044.json to Snowflake stage...
[2026-02-17T06:20:02.859+0000] {logging_mixin.py:188} INFO - Uploading /opt/***/data/minio/AMZN/1771224055.json to Snowflake stage...
[2026-02-17T06:20:04.023+0000] {logging_mixin.py:188} INFO - Uploading /opt/***/data/minio/AMZN/1771224070.json to Snowflake stage...
[2026-02-17T06:20:04.536+0000] {logging_mixin.py:188} INFO - Uploading /opt/***/data/minio/AMZN/1771224081.json to Snowflake stage...
[2026-02-17T06:20:05.208+0000] {logging_mixin.py:188} INFO - Uploading /opt/***/data/minio/AMZN/1771224092.json to Snowflake stage...
[2026-02-17T06:20:05.790+0000] {logging_mixin.py:188} INFO - Uploading /opt/***/data/minio/AMZN/1771224103.json to Snowflake stage...
[2026-02-17T06:20:06.455+0000] {logging_mixin.py:188} INFO - Uploading /opt/***/data/minio/AMZN/1771224114.json to Snowflake stage...
[2026-02-17T06:20:07.183+0000] {logging_mixin.py:188} INFO - Uploading /opt/***/data/minio/AMZN/1771224125.json to Snowflake stage...
[2026-02-17T06:20:08.375+0000] {logging_mixin.py:188} INFO - Uploading /opt/***/data/minio/AMZN/1771224136.json to Snowflake stage...
[2026-02-17T06:20:09.313+0000] {logging_mixin.py:188} INFO - Uploading /opt/***/data/minio/AMZN/1771224146.json to Snowflake stage...
[2026-02-17T06:20:10.001+0000] {logging_mixin.py:188} INFO - Uploading /opt/***/data/minio/AMZN/1771224157.json to Snowflake stage...
[2026-02-17T06:20:10.600+0000] {logging_mixin.py:188} INFO - Uploading /opt/***/data/minio/AMZN/1771224167.json to Snowflake stage...
[2026-02-17T06:20:11.178+0000] {logging_mixin.py:188} INFO - Uploading /opt/***/data/minio/AMZN/1771224179.json to Snowflake stage...
[2026-02-17T06:20:12.130+0000] {logging_mixin.py:188} INFO - Uploading /opt/***/data/minio/AMZN/1771224191.json to Snowflake stage...
[2026-02-17T06:20:12.675+0000] {logging_mixin.py:188} INFO - Uploading /opt/***/data/minio/AMZN/1771224203.json to Snowflake stage...
[2026-02-17T06:20:13.212+0000] {logging_mixin.py:188} INFO - Uploading /opt/***/data/minio/AMZN/1771224215.json to Snowflake stage...
[2026-02-17T06:20:13.785+0000] {logging_mixin.py:188} INFO - Uploading /opt/***/data/minio/AMZN/1771224228.json to Snowflake stage...
[2026-02-17T06:20:14.499+0000] {logging_mixin.py:188} INFO - Uploading /opt/***/data/minio/AMZN/1771224243.json to Snowflake stage...
[2026-02-17T06:20:15.115+0000] {logging_mixin.py:188} INFO - Uploading /opt/***/data/minio/AMZN/1771224256.json to Snowflake stage...
[2026-02-17T06:20:15.736+0000] {logging_mixin.py:188} INFO - Uploading /opt/***/data/minio/AMZN/1771224517.json to Snowflake stage...
[2026-02-17T06:20:16.241+0000] {logging_mixin.py:188} INFO - Uploading /opt/***/data/minio/AMZN/1771224530.json to Snowflake stage...
[2026-02-17T06:20:16.842+0000] {logging_mixin.py:188} INFO - Uploading /opt/***/data/minio/AMZN/1771224543.json to Snowflake stage...
[2026-02-17T06:20:18.015+0000] {logging_mixin.py:188} INFO - Uploading /opt/***/data/minio/AMZN/1771224555.json to Snowflake stage...
[2026-02-17T06:20:18.660+0000] {logging_mixin.py:188} INFO - Uploading /opt/***/data/minio/AMZN/1771224568.json to Snowflake stage...
[2026-02-17T06:20:19.390+0000] {logging_mixin.py:188} INFO - Uploading /opt/***/data/minio/AMZN/1771224581.json to Snowflake stage...
[2026-02-17T06:20:19.893+0000] {logging_mixin.py:188} INFO - Uploading /opt/***/data/minio/AMZN/1771224593.json to Snowflake stage...
[2026-02-17T06:20:20.990+0000] {logging_mixin.py:188} INFO - Uploading /opt/***/data/minio/AMZN/1771224606.json to Snowflake stage...
[2026-02-17T06:20:21.766+0000] {logging_mixin.py:188} INFO - Uploading /opt/***/data/minio/AMZN/1771224616.json to Snowflake stage...
[2026-02-17T06:20:22.734+0000] {logging_mixin.py:188} INFO - Uploading /opt/***/data/minio/AMZN/1771224627.json to Snowflake stage...
[2026-02-17T06:20:23.558+0000] {logging_mixin.py:188} INFO - Uploading /opt/***/data/minio/AMZN/1771224638.json to Snowflake stage...
[2026-02-17T06:20:24.255+0000] {logging_mixin.py:188} INFO - Uploading /opt/***/data/minio/AMZN/1771224660.json to Snowflake stage...
[2026-02-17T06:20:24.864+0000] {logging_mixin.py:188} INFO - Uploading /opt/***/data/minio/AMZN/1771224671.json to Snowflake stage...
[2026-02-17T06:20:25.537+0000] {logging_mixin.py:188} INFO - Uploading /opt/***/data/minio/AMZN/1771224682.json to Snowflake stage...
[2026-02-17T06:20:26.072+0000] {logging_mixin.py:188} INFO - Uploading /opt/***/data/minio/AMZN/1771224696.json to Snowflake stage...
[2026-02-17T06:20:26.712+0000] {logging_mixin.py:188} INFO - Uploading /opt/***/data/minio/AMZN/1771224709.json to Snowflake stage...
[2026-02-17T06:20:28.197+0000] {logging_mixin.py:188} INFO - Uploading /opt/***/data/minio/AMZN/1771224722.json to Snowflake stage...
[2026-02-17T06:20:28.842+0000] {logging_mixin.py:188} INFO - Uploading /opt/***/data/minio/AMZN/1771224733.json to Snowflake stage...
[2026-02-17T06:20:29.479+0000] {logging_mixin.py:188} INFO - Uploading /opt/***/data/minio/AMZN/1771224745.json to Snowflake stage...
[2026-02-17T06:20:30.209+0000] {logging_mixin.py:188} INFO - Uploading /opt/***/data/minio/AMZN/1771224760.json to Snowflake stage...
[2026-02-17T06:20:31.032+0000] {logging_mixin.py:188} INFO - Uploading /opt/***/data/minio/AMZN/1771224774.json to Snowflake stage...
[2026-02-17T06:20:31.954+0000] {logging_mixin.py:188} INFO - Uploading /opt/***/data/minio/AMZN/1771224787.json to Snowflake stage...
[2026-02-17T06:20:32.685+0000] {logging_mixin.py:188} INFO - Uploading /opt/***/data/minio/AMZN/1771224800.json to Snowflake stage...
[2026-02-17T06:20:33.310+0000] {logging_mixin.py:188} INFO - Uploading /opt/***/data/minio/AMZN/1771224812.json to Snowflake stage...
[2026-02-17T06:20:33.938+0000] {logging_mixin.py:188} INFO - Uploading /opt/***/data/minio/AMZN/1771224824.json to Snowflake stage...
[2026-02-17T06:20:34.664+0000] {logging_mixin.py:188} INFO - Uploading /opt/***/data/minio/AMZN/1771224835.json to Snowflake stage...
[2026-02-17T06:20:35.467+0000] {logging_mixin.py:188} INFO - Uploading /opt/***/data/minio/AMZN/1771224847.json to Snowflake stage...
[2026-02-17T06:20:36.096+0000] {logging_mixin.py:188} INFO - Uploading /opt/***/data/minio/AMZN/1771224859.json to Snowflake stage...
[2026-02-17T06:20:36.762+0000] {logging_mixin.py:188} INFO - Uploading /opt/***/data/minio/AMZN/1771224870.json to Snowflake stage...
[2026-02-17T06:20:37.385+0000] {logging_mixin.py:188} INFO - Uploading /opt/***/data/minio/AMZN/1771224881.json to Snowflake stage...
[2026-02-17T06:20:38.183+0000] {logging_mixin.py:188} INFO - Uploading /opt/***/data/minio/AMZN/1771224893.json to Snowflake stage...
[2026-02-17T06:20:38.915+0000] {logging_mixin.py:188} INFO - Uploading /opt/***/data/minio/AMZN/1771224903.json to Snowflake stage...
[2026-02-17T06:20:39.593+0000] {logging_mixin.py:188} INFO - Uploading /opt/***/data/minio/AMZN/1771224914.json to Snowflake stage...
[2026-02-17T06:20:40.101+0000] {logging_mixin.py:188} INFO - Uploading /opt/***/data/minio/AMZN/1771224924.json to Snowflake stage...
[2026-02-17T06:20:40.712+0000] {logging_mixin.py:188} INFO - Uploading /opt/***/data/minio/AMZN/1771224935.json to Snowflake stage...
[2026-02-17T06:20:41.339+0000] {logging_mixin.py:188} INFO - Uploading /opt/***/data/minio/AMZN/1771224946.json to Snowflake stage...
[2026-02-17T06:20:42.121+0000] {logging_mixin.py:188} INFO - Uploading /opt/***/data/minio/AMZN/1771224957.json to Snowflake stage...
[2026-02-17T06:20:42.756+0000] {logging_mixin.py:188} INFO - Uploading /opt/***/data/minio/AMZN/1771224967.json to Snowflake stage...
[2026-02-17T06:20:43.492+0000] {logging_mixin.py:188} INFO - Uploading /opt/***/data/minio/AMZN/1771224978.json to Snowflake stage...
[2026-02-17T06:20:44.203+0000] {logging_mixin.py:188} INFO - Uploading /opt/***/data/minio/AMZN/1771224989.json to Snowflake stage...
[2026-02-17T06:20:44.921+0000] {logging_mixin.py:188} INFO - Uploading /opt/***/data/minio/AMZN/1771225000.json to Snowflake stage...
[2026-02-17T06:20:45.718+0000] {logging_mixin.py:188} INFO - Uploading /opt/***/data/minio/AMZN/1771225012.json to Snowflake stage...
[2026-02-17T06:20:46.695+0000] {logging_mixin.py:188} INFO - Uploading /opt/***/data/minio/AMZN/1771225022.json to Snowflake stage...
[2026-02-17T06:20:47.378+0000] {logging_mixin.py:188} INFO - Uploading /opt/***/data/minio/AMZN/1771225033.json to Snowflake stage...
[2026-02-17T06:20:47.983+0000] {logging_mixin.py:188} INFO - Uploading /opt/***/data/minio/AMZN/1771225045.json to Snowflake stage...
[2026-02-17T06:20:49.058+0000] {logging_mixin.py:188} INFO - Uploading /opt/***/data/minio/AMZN/1771225055.json to Snowflake stage...
[2026-02-17T06:20:49.865+0000] {logging_mixin.py:188} INFO - Uploading /opt/***/data/minio/AMZN/1771225067.json to Snowflake stage...
[2026-02-17T06:20:51.128+0000] {logging_mixin.py:188} INFO - Uploading /opt/***/data/minio/AMZN/1771225078.json to Snowflake stage...
[2026-02-17T06:20:52.367+0000] {logging_mixin.py:188} INFO - Uploading /opt/***/data/minio/AMZN/1771225088.json to Snowflake stage...
[2026-02-17T06:20:55.332+0000] {logging_mixin.py:188} INFO - Uploading /opt/***/data/minio/AMZN/1771225099.json to Snowflake stage...
[2026-02-17T06:20:56.101+0000] {logging_mixin.py:188} INFO - Uploading /opt/***/data/minio/AMZN/1771225110.json to Snowflake stage...
[2026-02-17T06:20:57.635+0000] {logging_mixin.py:188} INFO - Uploading /opt/***/data/minio/AMZN/1771225122.json to Snowflake stage...
[2026-02-17T06:20:58.438+0000] {logging_mixin.py:188} INFO - Uploading /opt/***/data/minio/AMZN/1771225137.json to Snowflake stage...
[2026-02-17T06:20:59.169+0000] {logging_mixin.py:188} INFO - Uploading /opt/***/data/minio/AMZN/1771225148.json to Snowflake stage...
[2026-02-17T06:20:59.942+0000] {logging_mixin.py:188} INFO - Uploading /opt/***/data/minio/AMZN/1771225159.json to Snowflake stage...
[2026-02-17T06:21:00.579+0000] {logging_mixin.py:188} INFO - Uploading /opt/***/data/minio/AMZN/1771225170.json to Snowflake stage...
[2026-02-17T06:21:01.223+0000] {logging_mixin.py:188} INFO - Uploading /opt/***/data/minio/AMZN/1771225191.json to Snowflake stage...
[2026-02-17T06:21:01.968+0000] {logging_mixin.py:188} INFO - Uploading /opt/***/data/minio/AMZN/1771225204.json to Snowflake stage...
[2026-02-17T06:21:02.734+0000] {logging_mixin.py:188} INFO - Uploading /opt/***/data/minio/AMZN/1771225216.json to Snowflake stage...
[2026-02-17T06:21:03.629+0000] {logging_mixin.py:188} INFO - Uploading /opt/***/data/minio/AMZN/1771225228.json to Snowflake stage...
[2026-02-17T06:21:04.428+0000] {logging_mixin.py:188} INFO - Uploading /opt/***/data/minio/AMZN/1771225240.json to Snowflake stage...
[2026-02-17T06:21:05.037+0000] {logging_mixin.py:188} INFO - Uploading /opt/***/data/minio/AMZN/1771225253.json to Snowflake stage...
[2026-02-17T06:21:05.630+0000] {logging_mixin.py:188} INFO - Uploading /opt/***/data/minio/AMZN/1771225263.json to Snowflake stage...
[2026-02-17T06:21:06.276+0000] {logging_mixin.py:188} INFO - Uploading /opt/***/data/minio/AMZN/1771225279.json to Snowflake stage...
[2026-02-17T06:21:07.556+0000] {logging_mixin.py:188} INFO - Uploading /opt/***/data/minio/AMZN/1771225290.json to Snowflake stage...
[2026-02-17T06:21:08.253+0000] {logging_mixin.py:188} INFO - Uploading /opt/***/data/minio/AMZN/1771225301.json to Snowflake stage...
[2026-02-17T06:21:08.910+0000] {logging_mixin.py:188} INFO - Uploading /opt/***/data/minio/AMZN/1771225312.json to Snowflake stage...
[2026-02-17T06:21:09.525+0000] {logging_mixin.py:188} INFO - Uploading /opt/***/data/minio/AMZN/1771225323.json to Snowflake stage...
[2026-02-17T06:21:10.184+0000] {logging_mixin.py:188} INFO - Uploading /opt/***/data/minio/AMZN/1771225335.json to Snowflake stage...
[2026-02-17T06:21:10.830+0000] {logging_mixin.py:188} INFO - Uploading /opt/***/data/minio/AMZN/1771225347.json to Snowflake stage...
[2026-02-17T06:21:11.553+0000] {logging_mixin.py:188} INFO - Uploading /opt/***/data/minio/AMZN/1771225359.json to Snowflake stage...
[2026-02-17T06:21:12.271+0000] {logging_mixin.py:188} INFO - Uploading /opt/***/data/minio/AMZN/1771225371.json to Snowflake stage...
[2026-02-17T06:21:12.969+0000] {logging_mixin.py:188} INFO - Uploading /opt/***/data/minio/AMZN/1771225382.json to Snowflake stage...
[2026-02-17T06:21:13.689+0000] {logging_mixin.py:188} INFO - Uploading /opt/***/data/minio/AMZN/1771225392.json to Snowflake stage...
[2026-02-17T06:21:14.349+0000] {logging_mixin.py:188} INFO - Uploading /opt/***/data/minio/AMZN/1771225403.json to Snowflake stage...
[2026-02-17T06:21:15.084+0000] {logging_mixin.py:188} INFO - Uploading /opt/***/data/minio/AMZN/1771225413.json to Snowflake stage...
[2026-02-17T06:21:16.282+0000] {logging_mixin.py:188} INFO - Uploading /opt/***/data/minio/AMZN/1771225424.json to Snowflake stage...
[2026-02-17T06:21:16.989+0000] {logging_mixin.py:188} INFO - Uploading /opt/***/data/minio/AMZN/1771225436.json to Snowflake stage...
[2026-02-17T06:21:17.622+0000] {logging_mixin.py:188} INFO - Uploading /opt/***/data/minio/AMZN/1771225447.json to Snowflake stage...
[2026-02-17T06:21:18.358+0000] {logging_mixin.py:188} INFO - Uploading /opt/***/data/minio/AMZN/1771225457.json to Snowflake stage...
[2026-02-17T06:21:19.088+0000] {logging_mixin.py:188} INFO - Uploading /opt/***/data/minio/AMZN/1771225468.json to Snowflake stage...
[2026-02-17T06:21:19.960+0000] {logging_mixin.py:188} INFO - Uploading /opt/***/data/minio/AMZN/1771225479.json to Snowflake stage...
[2026-02-17T06:21:20.690+0000] {logging_mixin.py:188} INFO - Uploading /opt/***/data/minio/AMZN/1771225490.json to Snowflake stage...
[2026-02-17T06:21:22.046+0000] {logging_mixin.py:188} INFO - Uploading /opt/***/data/minio/AMZN/1771225501.json to Snowflake stage...
[2026-02-17T06:21:22.711+0000] {logging_mixin.py:188} INFO - Uploading /opt/***/data/minio/AMZN/1771225511.json to Snowflake stage...
[2026-02-17T06:21:23.436+0000] {logging_mixin.py:188} INFO - Uploading /opt/***/data/minio/AMZN/1771225522.json to Snowflake stage...
[2026-02-17T06:21:23.988+0000] {logging_mixin.py:188} INFO - Uploading /opt/***/data/minio/AMZN/1771225533.json to Snowflake stage...
[2026-02-17T06:21:24.499+0000] {logging_mixin.py:188} INFO - Uploading /opt/***/data/minio/AMZN/1771225544.json to Snowflake stage...
[2026-02-17T06:21:25.216+0000] {logging_mixin.py:188} INFO - Uploading /opt/***/data/minio/AMZN/1771225555.json to Snowflake stage...
[2026-02-17T06:21:25.831+0000] {logging_mixin.py:188} INFO - Uploading /opt/***/data/minio/AMZN/1771225568.json to Snowflake stage...
[2026-02-17T06:21:26.411+0000] {logging_mixin.py:188} INFO - Uploading /opt/***/data/minio/AMZN/1771225579.json to Snowflake stage...
[2026-02-17T06:21:26.973+0000] {logging_mixin.py:188} INFO - Uploading /opt/***/data/minio/AMZN/1771225590.json to Snowflake stage...
[2026-02-17T06:21:27.592+0000] {logging_mixin.py:188} INFO - Uploading /opt/***/data/minio/AMZN/1771225601.json to Snowflake stage...
[2026-02-17T06:21:28.304+0000] {logging_mixin.py:188} INFO - Uploading /opt/***/data/minio/AMZN/1771225612.json to Snowflake stage...
[2026-02-17T06:21:29.042+0000] {logging_mixin.py:188} INFO - Uploading /opt/***/data/minio/AMZN/1771225623.json to Snowflake stage...
[2026-02-17T06:21:29.667+0000] {logging_mixin.py:188} INFO - Uploading /opt/***/data/minio/AMZN/1771225634.json to Snowflake stage...
[2026-02-17T06:21:30.380+0000] {logging_mixin.py:188} INFO - Uploading /opt/***/data/minio/AMZN/1771225645.json to Snowflake stage...
[2026-02-17T06:21:31.096+0000] {logging_mixin.py:188} INFO - Uploading /opt/***/data/minio/AMZN/1771225656.json to Snowflake stage...
[2026-02-17T06:21:31.772+0000] {logging_mixin.py:188} INFO - Uploading /opt/***/data/minio/AMZN/1771225666.json to Snowflake stage...
[2026-02-17T06:21:32.500+0000] {logging_mixin.py:188} INFO - Uploading /opt/***/data/minio/AMZN/1771225677.json to Snowflake stage...
[2026-02-17T06:21:33.166+0000] {logging_mixin.py:188} INFO - Uploading /opt/***/data/minio/AMZN/1771225687.json to Snowflake stage...
[2026-02-17T06:21:33.789+0000] {logging_mixin.py:188} INFO - Uploading /opt/***/data/minio/AMZN/1771225698.json to Snowflake stage...
[2026-02-17T06:21:34.490+0000] {logging_mixin.py:188} INFO - Uploading /opt/***/data/minio/AMZN/1771225708.json to Snowflake stage...
[2026-02-17T06:21:35.125+0000] {logging_mixin.py:188} INFO - Uploading /opt/***/data/minio/AMZN/1771225719.json to Snowflake stage...
[2026-02-17T06:21:35.744+0000] {logging_mixin.py:188} INFO - Uploading /opt/***/data/minio/AMZN/1771225730.json to Snowflake stage...
[2026-02-17T06:21:36.357+0000] {logging_mixin.py:188} INFO - Uploading /opt/***/data/minio/AMZN/1771225742.json to Snowflake stage...
[2026-02-17T06:21:37.050+0000] {logging_mixin.py:188} INFO - Uploading /opt/***/data/minio/AMZN/1771225753.json to Snowflake stage...
[2026-02-17T06:21:37.771+0000] {logging_mixin.py:188} INFO - Uploading /opt/***/data/minio/AMZN/1771225763.json to Snowflake stage...
[2026-02-17T06:21:38.488+0000] {logging_mixin.py:188} INFO - Uploading /opt/***/data/minio/AMZN/1771225775.json to Snowflake stage...
[2026-02-17T06:21:39.175+0000] {logging_mixin.py:188} INFO - Uploading /opt/***/data/minio/AMZN/1771225785.json to Snowflake stage...
[2026-02-17T06:21:39.930+0000] {logging_mixin.py:188} INFO - Uploading /opt/***/data/minio/AMZN/1771225795.json to Snowflake stage...
[2026-02-17T06:21:40.564+0000] {logging_mixin.py:188} INFO - Uploading /opt/***/data/minio/AMZN/1771225806.json to Snowflake stage...
[2026-02-17T06:21:41.209+0000] {logging_mixin.py:188} INFO - Uploading /opt/***/data/minio/AMZN/1771225817.json to Snowflake stage...
[2026-02-17T06:21:42.290+0000] {logging_mixin.py:188} INFO - Uploading /opt/***/data/minio/AMZN/1771225828.json to Snowflake stage...
[2026-02-17T06:21:44.769+0000] {logging_mixin.py:188} INFO - Uploading /opt/***/data/minio/AMZN/1771225839.json to Snowflake stage...
[2026-02-17T06:21:45.417+0000] {logging_mixin.py:188} INFO - Uploading /opt/***/data/minio/AMZN/1771225850.json to Snowflake stage...
[2026-02-17T06:21:46.369+0000] {logging_mixin.py:188} INFO - Uploading /opt/***/data/minio/AMZN/1771225862.json to Snowflake stage...
[2026-02-17T06:21:46.975+0000] {logging_mixin.py:188} INFO - Uploading /opt/***/data/minio/AMZN/1771225872.json to Snowflake stage...
[2026-02-17T06:21:48.814+0000] {logging_mixin.py:188} INFO - Uploading /opt/***/data/minio/AMZN/1771225883.json to Snowflake stage...
[2026-02-17T06:21:50.155+0000] {logging_mixin.py:188} INFO - Uploading /opt/***/data/minio/AMZN/1771225894.json to Snowflake stage...
[2026-02-17T06:21:50.781+0000] {logging_mixin.py:188} INFO - Uploading /opt/***/data/minio/AMZN/1771225905.json to Snowflake stage...
[2026-02-17T06:21:51.289+0000] {logging_mixin.py:188} INFO - Uploading /opt/***/data/minio/AMZN/1771225915.json to Snowflake stage...
[2026-02-17T06:21:51.890+0000] {logging_mixin.py:188} INFO - Uploading /opt/***/data/minio/AMZN/1771225926.json to Snowflake stage...
[2026-02-17T06:21:52.725+0000] {logging_mixin.py:188} INFO - Uploading /opt/***/data/minio/AMZN/1771225937.json to Snowflake stage...
[2026-02-17T06:22:26.749+0000] {job.py:218} ERROR - Job heartbeat got an exception
Traceback (most recent call last):
  File "/home/airflow/.local/lib/python3.12/site-packages/sqlalchemy/engine/base.py", line 3371, in _wrap_pool_connect
    return fn()
           ^^^^
  File "/home/airflow/.local/lib/python3.12/site-packages/sqlalchemy/pool/base.py", line 327, in connect
    return _ConnectionFairy._checkout(self)
           ^^^^^^^^^^^^^^^^^^^^^^^^^^^^^^^^
  File "/home/airflow/.local/lib/python3.12/site-packages/sqlalchemy/pool/base.py", line 894, in _checkout
    fairy = _ConnectionRecord.checkout(pool)
            ^^^^^^^^^^^^^^^^^^^^^^^^^^^^^^^^
  File "/home/airflow/.local/lib/python3.12/site-packages/sqlalchemy/pool/base.py", line 493, in checkout
    rec = pool._do_get()
          ^^^^^^^^^^^^^^
  File "/home/airflow/.local/lib/python3.12/site-packages/sqlalchemy/pool/impl.py", line 256, in _do_get
    return self._create_connection()
           ^^^^^^^^^^^^^^^^^^^^^^^^^
  File "/home/airflow/.local/lib/python3.12/site-packages/sqlalchemy/pool/base.py", line 273, in _create_connection
    return _ConnectionRecord(self)
           ^^^^^^^^^^^^^^^^^^^^^^^
  File "/home/airflow/.local/lib/python3.12/site-packages/sqlalchemy/pool/base.py", line 388, in __init__
    self.__connect()
  File "/home/airflow/.local/lib/python3.12/site-packages/sqlalchemy/pool/base.py", line 690, in __connect
    with util.safe_reraise():
  File "/home/airflow/.local/lib/python3.12/site-packages/sqlalchemy/util/langhelpers.py", line 70, in __exit__
    compat.raise_(
  File "/home/airflow/.local/lib/python3.12/site-packages/sqlalchemy/util/compat.py", line 211, in raise_
    raise exception
  File "/home/airflow/.local/lib/python3.12/site-packages/sqlalchemy/pool/base.py", line 686, in __connect
    self.dbapi_connection = connection = pool._invoke_creator(self)
                                         ^^^^^^^^^^^^^^^^^^^^^^^^^^
  File "/home/airflow/.local/lib/python3.12/site-packages/sqlalchemy/engine/create.py", line 574, in connect
    return dialect.connect(*cargs, **cparams)
           ^^^^^^^^^^^^^^^^^^^^^^^^^^^^^^^^^^
  File "/home/airflow/.local/lib/python3.12/site-packages/sqlalchemy/engine/default.py", line 598, in connect
    return self.dbapi.connect(*cargs, **cparams)
           ^^^^^^^^^^^^^^^^^^^^^^^^^^^^^^^^^^^^^
  File "/home/airflow/.local/lib/python3.12/site-packages/psycopg2/__init__.py", line 122, in connect
    conn = _connect(dsn, connection_factory=connection_factory, **kwasync)
           ^^^^^^^^^^^^^^^^^^^^^^^^^^^^^^^^^^^^^^^^^^^^^^^^^^^^^^^^^^^^^^^
psycopg2.OperationalError: could not translate host name "postgres" to address: Temporary failure in name resolution


The above exception was the direct cause of the following exception:

Traceback (most recent call last):
  File "/home/airflow/.local/lib/python3.12/site-packages/airflow/jobs/job.py", line 192, in heartbeat
    self._merge_from(Job._fetch_from_db(self, session))
                     ^^^^^^^^^^^^^^^^^^^^^^^^^^^^^^^^^
  File "/home/airflow/.local/lib/python3.12/site-packages/airflow/api_internal/internal_api_call.py", line 115, in wrapper
    return func(*args, **kwargs)
           ^^^^^^^^^^^^^^^^^^^^^
  File "/home/airflow/.local/lib/python3.12/site-packages/airflow/utils/session.py", line 76, in wrapper
    return func(*args, **kwargs)
           ^^^^^^^^^^^^^^^^^^^^^
  File "/home/airflow/.local/lib/python3.12/site-packages/airflow/utils/retries.py", line 89, in wrapped_function
    for attempt in run_with_db_retries(max_retries=retries, logger=logger, **retry_kwargs):
  File "/home/airflow/.local/lib/python3.12/site-packages/tenacity/__init__.py", line 443, in __iter__
    do = self.iter(retry_state=retry_state)
         ^^^^^^^^^^^^^^^^^^^^^^^^^^^^^^^^^^
  File "/home/airflow/.local/lib/python3.12/site-packages/tenacity/__init__.py", line 376, in iter
    result = action(retry_state)
             ^^^^^^^^^^^^^^^^^^^
  File "/home/airflow/.local/lib/python3.12/site-packages/tenacity/__init__.py", line 418, in exc_check
    raise retry_exc.reraise()
          ^^^^^^^^^^^^^^^^^^^
  File "/home/airflow/.local/lib/python3.12/site-packages/tenacity/__init__.py", line 185, in reraise
    raise self.last_attempt.result()
          ^^^^^^^^^^^^^^^^^^^^^^^^^^
  File "/usr/local/lib/python3.12/concurrent/futures/_base.py", line 449, in result
    return self.__get_result()
           ^^^^^^^^^^^^^^^^^^^
  File "/usr/local/lib/python3.12/concurrent/futures/_base.py", line 401, in __get_result
    raise self._exception
  File "/home/airflow/.local/lib/python3.12/site-packages/airflow/utils/retries.py", line 98, in wrapped_function
    return func(*args, **kwargs)
           ^^^^^^^^^^^^^^^^^^^^^
  File "/home/airflow/.local/lib/python3.12/site-packages/airflow/jobs/job.py", line 316, in _fetch_from_db
    session.merge(job)
  File "/home/airflow/.local/lib/python3.12/site-packages/sqlalchemy/orm/session.py", line 3056, in merge
    return self._merge(
           ^^^^^^^^^^^^
  File "/home/airflow/.local/lib/python3.12/site-packages/sqlalchemy/orm/session.py", line 3136, in _merge
    merged = self.get(
             ^^^^^^^^^
  File "/home/airflow/.local/lib/python3.12/site-packages/sqlalchemy/orm/session.py", line 2853, in get
    return self._get_impl(
           ^^^^^^^^^^^^^^^
  File "/home/airflow/.local/lib/python3.12/site-packages/sqlalchemy/orm/session.py", line 2975, in _get_impl
    return db_load_fn(
           ^^^^^^^^^^^
  File "/home/airflow/.local/lib/python3.12/site-packages/sqlalchemy/orm/loading.py", line 530, in load_on_pk_identity
    session.execute(
  File "/home/airflow/.local/lib/python3.12/site-packages/sqlalchemy/orm/session.py", line 1716, in execute
    conn = self._connection_for_bind(bind)
           ^^^^^^^^^^^^^^^^^^^^^^^^^^^^^^^
  File "/home/airflow/.local/lib/python3.12/site-packages/sqlalchemy/orm/session.py", line 1555, in _connection_for_bind
    return self._transaction._connection_for_bind(
           ^^^^^^^^^^^^^^^^^^^^^^^^^^^^^^^^^^^^^^^
  File "/home/airflow/.local/lib/python3.12/site-packages/sqlalchemy/orm/session.py", line 750, in _connection_for_bind
    conn = bind.connect()
           ^^^^^^^^^^^^^^
  File "/home/airflow/.local/lib/python3.12/site-packages/sqlalchemy/future/engine.py", line 412, in connect
    return super(Engine, self).connect()
           ^^^^^^^^^^^^^^^^^^^^^^^^^^^^^
  File "/home/airflow/.local/lib/python3.12/site-packages/sqlalchemy/engine/base.py", line 3325, in connect
    return self._connection_cls(self, close_with_result=close_with_result)
           ^^^^^^^^^^^^^^^^^^^^^^^^^^^^^^^^^^^^^^^^^^^^^^^^^^^^^^^^^^^^^^^
  File "/home/airflow/.local/lib/python3.12/site-packages/sqlalchemy/engine/base.py", line 96, in __init__
    else engine.raw_connection()
         ^^^^^^^^^^^^^^^^^^^^^^^
  File "/home/airflow/.local/lib/python3.12/site-packages/sqlalchemy/engine/base.py", line 3404, in raw_connection
    return self._wrap_pool_connect(self.pool.connect, _connection)
           ^^^^^^^^^^^^^^^^^^^^^^^^^^^^^^^^^^^^^^^^^^^^^^^^^^^^^^^
  File "/home/airflow/.local/lib/python3.12/site-packages/sqlalchemy/engine/base.py", line 3374, in _wrap_pool_connect
    Connection._handle_dbapi_exception_noconnection(
  File "/home/airflow/.local/lib/python3.12/site-packages/sqlalchemy/engine/base.py", line 2208, in _handle_dbapi_exception_noconnection
    util.raise_(
  File "/home/airflow/.local/lib/python3.12/site-packages/sqlalchemy/util/compat.py", line 211, in raise_
    raise exception
  File "/home/airflow/.local/lib/python3.12/site-packages/sqlalchemy/engine/base.py", line 3371, in _wrap_pool_connect
    return fn()
           ^^^^
  File "/home/airflow/.local/lib/python3.12/site-packages/sqlalchemy/pool/base.py", line 327, in connect
    return _ConnectionFairy._checkout(self)
           ^^^^^^^^^^^^^^^^^^^^^^^^^^^^^^^^
  File "/home/airflow/.local/lib/python3.12/site-packages/sqlalchemy/pool/base.py", line 894, in _checkout
    fairy = _ConnectionRecord.checkout(pool)
            ^^^^^^^^^^^^^^^^^^^^^^^^^^^^^^^^
  File "/home/airflow/.local/lib/python3.12/site-packages/sqlalchemy/pool/base.py", line 493, in checkout
    rec = pool._do_get()
          ^^^^^^^^^^^^^^
  File "/home/airflow/.local/lib/python3.12/site-packages/sqlalchemy/pool/impl.py", line 256, in _do_get
    return self._create_connection()
           ^^^^^^^^^^^^^^^^^^^^^^^^^
  File "/home/airflow/.local/lib/python3.12/site-packages/sqlalchemy/pool/base.py", line 273, in _create_connection
    return _ConnectionRecord(self)
           ^^^^^^^^^^^^^^^^^^^^^^^
  File "/home/airflow/.local/lib/python3.12/site-packages/sqlalchemy/pool/base.py", line 388, in __init__
    self.__connect()
  File "/home/airflow/.local/lib/python3.12/site-packages/sqlalchemy/pool/base.py", line 690, in __connect
    with util.safe_reraise():
  File "/home/airflow/.local/lib/python3.12/site-packages/sqlalchemy/util/langhelpers.py", line 70, in __exit__
    compat.raise_(
  File "/home/airflow/.local/lib/python3.12/site-packages/sqlalchemy/util/compat.py", line 211, in raise_
    raise exception
  File "/home/airflow/.local/lib/python3.12/site-packages/sqlalchemy/pool/base.py", line 686, in __connect
    self.dbapi_connection = connection = pool._invoke_creator(self)
                                         ^^^^^^^^^^^^^^^^^^^^^^^^^^
  File "/home/airflow/.local/lib/python3.12/site-packages/sqlalchemy/engine/create.py", line 574, in connect
    return dialect.connect(*cargs, **cparams)
           ^^^^^^^^^^^^^^^^^^^^^^^^^^^^^^^^^^
  File "/home/airflow/.local/lib/python3.12/site-packages/sqlalchemy/engine/default.py", line 598, in connect
    return self.dbapi.connect(*cargs, **cparams)
           ^^^^^^^^^^^^^^^^^^^^^^^^^^^^^^^^^^^^^
  File "/home/airflow/.local/lib/python3.12/site-packages/psycopg2/__init__.py", line 122, in connect
    conn = _connect(dsn, connection_factory=connection_factory, **kwasync)
           ^^^^^^^^^^^^^^^^^^^^^^^^^^^^^^^^^^^^^^^^^^^^^^^^^^^^^^^^^^^^^^^
sqlalchemy.exc.OperationalError: (psycopg2.OperationalError) could not translate host name "postgres" to address: Temporary failure in name resolution

(Background on this error at: https://sqlalche.me/e/14/e3q8)
[2026-02-17T06:22:43.928+0000] {job.py:226} ERROR - Job heartbeat failed with error. Scheduler is in unhealthy state
[2026-02-17T06:22:45.341+0000] {logging_mixin.py:188} INFO - Uploading /opt/***/data/minio/AMZN/1771225947.json to Snowflake stage...
[2026-02-17T06:22:56.130+0000] {logging_mixin.py:188} INFO - Uploading /opt/***/data/minio/AMZN/1771225957.json to Snowflake stage...
[2026-02-17T06:22:57.353+0000] {logging_mixin.py:188} INFO - Uploading /opt/***/data/minio/AMZN/1771225968.json to Snowflake stage...
[2026-02-17T06:22:58.176+0000] {logging_mixin.py:188} INFO - Uploading /opt/***/data/minio/AMZN/1771225979.json to Snowflake stage...
[2026-02-17T06:23:00.159+0000] {logging_mixin.py:188} INFO - Uploading /opt/***/data/minio/AMZN/1771225989.json to Snowflake stage...
[2026-02-17T06:23:01.760+0000] {logging_mixin.py:188} INFO - Uploading /opt/***/data/minio/AMZN/1771226000.json to Snowflake stage...
[2026-02-17T06:23:03.756+0000] {logging_mixin.py:188} INFO - Uploading /opt/***/data/minio/AMZN/1771226010.json to Snowflake stage...
[2026-02-17T06:23:04.756+0000] {logging_mixin.py:188} INFO - Uploading /opt/***/data/minio/AMZN/1771226021.json to Snowflake stage...
[2026-02-17T06:23:05.624+0000] {logging_mixin.py:188} INFO - Uploading /opt/***/data/minio/AMZN/1771226031.json to Snowflake stage...
[2026-02-17T06:23:07.202+0000] {logging_mixin.py:188} INFO - Uploading /opt/***/data/minio/AMZN/1771226042.json to Snowflake stage...
[2026-02-17T06:23:08.412+0000] {logging_mixin.py:188} INFO - Uploading /opt/***/data/minio/AMZN/1771226053.json to Snowflake stage...
[2026-02-17T06:23:09.597+0000] {logging_mixin.py:188} INFO - Uploading /opt/***/data/minio/AMZN/1771226063.json to Snowflake stage...
[2026-02-17T06:23:10.297+0000] {logging_mixin.py:188} INFO - Uploading /opt/***/data/minio/AMZN/1771226074.json to Snowflake stage...
[2026-02-17T06:23:11.099+0000] {logging_mixin.py:188} INFO - Uploading /opt/***/data/minio/AMZN/1771226085.json to Snowflake stage...
[2026-02-17T06:23:11.733+0000] {logging_mixin.py:188} INFO - Uploading /opt/***/data/minio/AMZN/1771226096.json to Snowflake stage...
[2026-02-17T06:23:12.377+0000] {logging_mixin.py:188} INFO - Uploading /opt/***/data/minio/AMZN/1771226107.json to Snowflake stage...
[2026-02-17T06:23:13.028+0000] {logging_mixin.py:188} INFO - Uploading /opt/***/data/minio/AMZN/1771226118.json to Snowflake stage...
[2026-02-17T06:23:13.750+0000] {logging_mixin.py:188} INFO - Uploading /opt/***/data/minio/AMZN/1771226129.json to Snowflake stage...
[2026-02-17T06:23:14.492+0000] {logging_mixin.py:188} INFO - Uploading /opt/***/data/minio/AMZN/1771226141.json to Snowflake stage...
[2026-02-17T06:23:22.432+0000] {logging_mixin.py:188} INFO - Uploading /opt/***/data/minio/AMZN/1771226151.json to Snowflake stage...
[2026-02-17T06:23:26.643+0000] {logging_mixin.py:188} INFO - Uploading /opt/***/data/minio/AMZN/1771226162.json to Snowflake stage...
[2026-02-17T06:23:27.166+0000] {logging_mixin.py:188} INFO - Uploading /opt/***/data/minio/AMZN/1771226173.json to Snowflake stage...
[2026-02-17T06:23:27.758+0000] {logging_mixin.py:188} INFO - Uploading /opt/***/data/minio/AMZN/1771226183.json to Snowflake stage...
[2026-02-17T06:23:28.391+0000] {logging_mixin.py:188} INFO - Uploading /opt/***/data/minio/AMZN/1771226194.json to Snowflake stage...
[2026-02-17T06:23:29.010+0000] {logging_mixin.py:188} INFO - Uploading /opt/***/data/minio/AMZN/1771226205.json to Snowflake stage...
[2026-02-17T06:23:29.522+0000] {logging_mixin.py:188} INFO - Uploading /opt/***/data/minio/AMZN/1771226217.json to Snowflake stage...
[2026-02-17T06:23:29.987+0000] {logging_mixin.py:188} INFO - Uploading /opt/***/data/minio/AMZN/1771226227.json to Snowflake stage...
[2026-02-17T06:23:30.669+0000] {logging_mixin.py:188} INFO - Uploading /opt/***/data/minio/AMZN/1771226237.json to Snowflake stage...
[2026-02-17T06:23:31.175+0000] {logging_mixin.py:188} INFO - Uploading /opt/***/data/minio/AMZN/1771226248.json to Snowflake stage...
[2026-02-17T06:23:31.643+0000] {logging_mixin.py:188} INFO - Uploading /opt/***/data/minio/AMZN/1771226258.json to Snowflake stage...
[2026-02-17T06:23:32.125+0000] {logging_mixin.py:188} INFO - Uploading /opt/***/data/minio/AMZN/1771226269.json to Snowflake stage...
[2026-02-17T06:23:32.813+0000] {logging_mixin.py:188} INFO - Uploading /opt/***/data/minio/AMZN/1771226280.json to Snowflake stage...
[2026-02-17T06:23:33.645+0000] {logging_mixin.py:188} INFO - Uploading /opt/***/data/minio/AMZN/1771226290.json to Snowflake stage...
[2026-02-17T06:23:34.190+0000] {logging_mixin.py:188} INFO - Uploading /opt/***/data/minio/AMZN/1771226301.json to Snowflake stage...
[2026-02-17T06:23:34.972+0000] {logging_mixin.py:188} INFO - Uploading /opt/***/data/minio/AMZN/1771226313.json to Snowflake stage...
[2026-02-17T06:23:41.114+0000] {logging_mixin.py:188} INFO - Uploading /opt/***/data/minio/AMZN/1771226323.json to Snowflake stage...
[2026-02-17T06:23:42.217+0000] {logging_mixin.py:188} INFO - Uploading /opt/***/data/minio/AMZN/1771226334.json to Snowflake stage...
[2026-02-17T06:23:42.929+0000] {logging_mixin.py:188} INFO - Uploading /opt/***/data/minio/AMZN/1771226345.json to Snowflake stage...
[2026-02-17T06:23:43.598+0000] {logging_mixin.py:188} INFO - Uploading /opt/***/data/minio/AMZN/1771226356.json to Snowflake stage...
[2026-02-17T06:23:44.243+0000] {logging_mixin.py:188} INFO - Uploading /opt/***/data/minio/AMZN/1771226367.json to Snowflake stage...
[2026-02-17T06:23:44.734+0000] {logging_mixin.py:188} INFO - Uploading /opt/***/data/minio/AMZN/1771226378.json to Snowflake stage...
[2026-02-17T06:23:45.222+0000] {logging_mixin.py:188} INFO - Uploading /opt/***/data/minio/AMZN/1771226390.json to Snowflake stage...
[2026-02-17T06:23:45.784+0000] {logging_mixin.py:188} INFO - Uploading /opt/***/data/minio/AMZN/1771226401.json to Snowflake stage...
[2026-02-17T06:23:46.484+0000] {logging_mixin.py:188} INFO - Uploading /opt/***/data/minio/AMZN/1771226412.json to Snowflake stage...
[2026-02-17T06:23:47.125+0000] {logging_mixin.py:188} INFO - Uploading /opt/***/data/minio/AMZN/1771226423.json to Snowflake stage...
[2026-02-17T06:23:47.944+0000] {logging_mixin.py:188} INFO - Uploading /opt/***/data/minio/AMZN/1771226436.json to Snowflake stage...
[2026-02-17T06:23:48.530+0000] {logging_mixin.py:188} INFO - Uploading /opt/***/data/minio/AMZN/1771226446.json to Snowflake stage...
[2026-02-17T06:23:49.309+0000] {logging_mixin.py:188} INFO - Uploading /opt/***/data/minio/AMZN/1771226457.json to Snowflake stage...
[2026-02-17T06:23:49.858+0000] {logging_mixin.py:188} INFO - Uploading /opt/***/data/minio/AMZN/1771226470.json to Snowflake stage...
[2026-02-17T06:23:50.364+0000] {logging_mixin.py:188} INFO - Uploading /opt/***/data/minio/AMZN/1771226481.json to Snowflake stage...
[2026-02-17T06:23:50.939+0000] {logging_mixin.py:188} INFO - Uploading /opt/***/data/minio/AMZN/1771226491.json to Snowflake stage...
[2026-02-17T06:23:51.506+0000] {logging_mixin.py:188} INFO - Uploading /opt/***/data/minio/AMZN/1771226503.json to Snowflake stage...
[2026-02-17T06:23:52.020+0000] {logging_mixin.py:188} INFO - Uploading /opt/***/data/minio/AMZN/1771226514.json to Snowflake stage...
[2026-02-17T06:23:54.498+0000] {logging_mixin.py:188} INFO - Uploading /opt/***/data/minio/AMZN/1771226526.json to Snowflake stage...
[2026-02-17T06:23:55.208+0000] {logging_mixin.py:188} INFO - Uploading /opt/***/data/minio/AMZN/1771226537.json to Snowflake stage...
[2026-02-17T06:23:55.710+0000] {logging_mixin.py:188} INFO - Uploading /opt/***/data/minio/AMZN/1771226548.json to Snowflake stage...
[2026-02-17T06:23:56.212+0000] {logging_mixin.py:188} INFO - Uploading /opt/***/data/minio/AMZN/1771226559.json to Snowflake stage...
[2026-02-17T06:23:56.827+0000] {logging_mixin.py:188} INFO - Uploading /opt/***/data/minio/AMZN/1771226569.json to Snowflake stage...
[2026-02-17T06:23:57.734+0000] {logging_mixin.py:188} INFO - Uploading /opt/***/data/minio/AMZN/1771226580.json to Snowflake stage...
[2026-02-17T06:23:58.999+0000] {logging_mixin.py:188} INFO - Uploading /opt/***/data/minio/AMZN/1771226591.json to Snowflake stage...
[2026-02-17T06:23:59.639+0000] {logging_mixin.py:188} INFO - Uploading /opt/***/data/minio/AMZN/1771226602.json to Snowflake stage...
[2026-02-17T06:24:00.283+0000] {logging_mixin.py:188} INFO - Uploading /opt/***/data/minio/AMZN/1771226616.json to Snowflake stage...
[2026-02-17T06:24:00.887+0000] {logging_mixin.py:188} INFO - Uploading /opt/***/data/minio/AMZN/1771226627.json to Snowflake stage...
[2026-02-17T06:24:01.462+0000] {logging_mixin.py:188} INFO - Uploading /opt/***/data/minio/AMZN/1771226638.json to Snowflake stage...
[2026-02-17T06:24:01.978+0000] {logging_mixin.py:188} INFO - Uploading /opt/***/data/minio/AMZN/1771226649.json to Snowflake stage...
[2026-02-17T06:24:02.477+0000] {logging_mixin.py:188} INFO - Uploading /opt/***/data/minio/AMZN/1771226661.json to Snowflake stage...
[2026-02-17T06:24:03.159+0000] {logging_mixin.py:188} INFO - Uploading /opt/***/data/minio/AMZN/1771226672.json to Snowflake stage...
[2026-02-17T06:24:03.759+0000] {logging_mixin.py:188} INFO - Uploading /opt/***/data/minio/AMZN/1771226683.json to Snowflake stage...
[2026-02-17T06:24:04.291+0000] {logging_mixin.py:188} INFO - Uploading /opt/***/data/minio/AMZN/1771226693.json to Snowflake stage...
[2026-02-17T06:24:04.835+0000] {logging_mixin.py:188} INFO - Uploading /opt/***/data/minio/AMZN/1771226705.json to Snowflake stage...
[2026-02-17T06:24:05.966+0000] {logging_mixin.py:188} INFO - Uploading /opt/***/data/minio/AMZN/1771226715.json to Snowflake stage...
[2026-02-17T06:24:06.477+0000] {logging_mixin.py:188} INFO - Uploading /opt/***/data/minio/AMZN/1771226726.json to Snowflake stage...
[2026-02-17T06:24:07.117+0000] {logging_mixin.py:188} INFO - Uploading /opt/***/data/minio/AMZN/1771226737.json to Snowflake stage...
[2026-02-17T06:24:07.644+0000] {logging_mixin.py:188} INFO - Uploading /opt/***/data/minio/AMZN/1771226748.json to Snowflake stage...
[2026-02-17T06:24:08.255+0000] {logging_mixin.py:188} INFO - Uploading /opt/***/data/minio/AMZN/1771226759.json to Snowflake stage...
[2026-02-17T06:24:08.769+0000] {logging_mixin.py:188} INFO - Uploading /opt/***/data/minio/AMZN/1771226771.json to Snowflake stage...
[2026-02-17T06:24:09.288+0000] {logging_mixin.py:188} INFO - Uploading /opt/***/data/minio/AMZN/1771226781.json to Snowflake stage...
[2026-02-17T06:24:09.896+0000] {logging_mixin.py:188} INFO - Uploading /opt/***/data/minio/AMZN/1771226792.json to Snowflake stage...
[2026-02-17T06:24:10.403+0000] {logging_mixin.py:188} INFO - Uploading /opt/***/data/minio/AMZN/1771226804.json to Snowflake stage...
[2026-02-17T06:24:10.924+0000] {logging_mixin.py:188} INFO - Uploading /opt/***/data/minio/AMZN/1771226818.json to Snowflake stage...
[2026-02-17T06:24:11.511+0000] {logging_mixin.py:188} INFO - Uploading /opt/***/data/minio/AMZN/1771226831.json to Snowflake stage...
[2026-02-17T06:24:12.174+0000] {logging_mixin.py:188} INFO - Uploading /opt/***/data/minio/AMZN/1771226842.json to Snowflake stage...
[2026-02-17T06:24:12.874+0000] {logging_mixin.py:188} INFO - Uploading /opt/***/data/minio/AMZN/1771226855.json to Snowflake stage...
[2026-02-17T06:24:13.567+0000] {logging_mixin.py:188} INFO - Uploading /opt/***/data/minio/AMZN/1771226873.json to Snowflake stage...
[2026-02-17T06:24:14.120+0000] {logging_mixin.py:188} INFO - Uploading /opt/***/data/minio/AMZN/1771226889.json to Snowflake stage...
[2026-02-17T06:24:15.496+0000] {logging_mixin.py:188} INFO - Uploading /opt/***/data/minio/AMZN/1771226900.json to Snowflake stage...
[2026-02-17T06:24:17.445+0000] {logging_mixin.py:188} INFO - Uploading /opt/***/data/minio/AMZN/1771226916.json to Snowflake stage...
[2026-02-17T06:24:18.054+0000] {logging_mixin.py:188} INFO - Uploading /opt/***/data/minio/AMZN/1771226928.json to Snowflake stage...
[2026-02-17T06:25:16.868+0000] {logging_mixin.py:188} INFO - Uploading /opt/***/data/minio/AMZN/1771226941.json to Snowflake stage...
[2026-02-17T06:25:17.621+0000] {logging_mixin.py:188} INFO - Uploading /opt/***/data/minio/AMZN/1771226956.json to Snowflake stage...
[2026-02-17T06:25:18.286+0000] {logging_mixin.py:188} INFO - Uploading /opt/***/data/minio/AMZN/1771226968.json to Snowflake stage...
[2026-02-17T06:25:18.836+0000] {logging_mixin.py:188} INFO - Uploading /opt/***/data/minio/AMZN/1771226979.json to Snowflake stage...
[2026-02-17T06:25:19.852+0000] {logging_mixin.py:188} INFO - Uploading /opt/***/data/minio/AMZN/1771226989.json to Snowflake stage...
[2026-02-17T06:25:20.839+0000] {logging_mixin.py:188} INFO - Uploading /opt/***/data/minio/AMZN/1771227002.json to Snowflake stage...
[2026-02-17T06:25:21.416+0000] {logging_mixin.py:188} INFO - Uploading /opt/***/data/minio/AMZN/1771227012.json to Snowflake stage...
[2026-02-17T06:25:21.898+0000] {logging_mixin.py:188} INFO - Uploading /opt/***/data/minio/AMZN/1771227024.json to Snowflake stage...
[2026-02-17T06:25:31.358+0000] {connectionpool.py:824} WARNING - Retrying (Retry(total=0, connect=None, read=None, redirect=None, status=None)) after connection broken by 'ProtocolError('Connection aborted.', RemoteDisconnected('Remote end closed connection without response'))': /ev2g1000-s/tables/83986386969/1771227024.json.gz
[2026-02-17T06:25:41.665+0000] {storage_client.py:318} WARNING - PUT with url b'https://sfc-sg-ds1-178-customer-stage.s3.amazonaws.com/ev2g1000-s/tables/83986386969/1771227024.json.gz' failed for transient error: HTTPSConnectionPool(host='sfc-sg-ds1-178-customer-stage.s3.amazonaws.com', port=443): Max retries exceeded with url: /ev2g1000-s/tables/83986386969/1771227024.json.gz (Caused by NewConnectionError('<snowflake.connector.vendored.urllib3.connection.HTTPSConnection object at 0x73c87eecd5e0>: Failed to establish a new connection: [Errno -3] Temporary failure in name resolution'))
[2026-02-17T06:25:44.544+0000] {logging_mixin.py:188} INFO - Uploading /opt/***/data/minio/AMZN/1771227034.json to Snowflake stage...
[2026-02-17T06:25:45.390+0000] {logging_mixin.py:188} INFO - Uploading /opt/***/data/minio/AMZN/1771227044.json to Snowflake stage...
[2026-02-17T06:25:46.317+0000] {logging_mixin.py:188} INFO - Uploading /opt/***/data/minio/AMZN/1771227055.json to Snowflake stage...
[2026-02-17T06:25:46.921+0000] {logging_mixin.py:188} INFO - Uploading /opt/***/data/minio/AMZN/1771227065.json to Snowflake stage...
[2026-02-17T06:25:47.534+0000] {logging_mixin.py:188} INFO - Uploading /opt/***/data/minio/AMZN/1771227077.json to Snowflake stage...
[2026-02-17T06:25:48.075+0000] {logging_mixin.py:188} INFO - Uploading /opt/***/data/minio/AMZN/1771227087.json to Snowflake stage...
[2026-02-17T06:25:48.793+0000] {logging_mixin.py:188} INFO - Uploading /opt/***/data/minio/AMZN/1771227098.json to Snowflake stage...
[2026-02-17T06:25:49.370+0000] {logging_mixin.py:188} INFO - Uploading /opt/***/data/minio/AMZN/1771227110.json to Snowflake stage...
[2026-02-17T06:25:50.103+0000] {logging_mixin.py:188} INFO - Uploading /opt/***/data/minio/AMZN/1771227121.json to Snowflake stage...
[2026-02-17T06:25:50.817+0000] {logging_mixin.py:188} INFO - Uploading /opt/***/data/minio/AMZN/1771227132.json to Snowflake stage...
[2026-02-17T06:25:52.299+0000] {logging_mixin.py:188} INFO - Uploading /opt/***/data/minio/AMZN/1771227144.json to Snowflake stage...
[2026-02-17T06:25:53.489+0000] {logging_mixin.py:188} INFO - Uploading /opt/***/data/minio/AMZN/1771227155.json to Snowflake stage...
[2026-02-17T06:25:54.593+0000] {logging_mixin.py:188} INFO - Uploading /opt/***/data/minio/AMZN/1771227165.json to Snowflake stage...
[2026-02-17T06:25:55.304+0000] {logging_mixin.py:188} INFO - Uploading /opt/***/data/minio/AMZN/1771227180.json to Snowflake stage...
[2026-02-17T06:25:55.988+0000] {logging_mixin.py:188} INFO - Uploading /opt/***/data/minio/AMZN/1771227190.json to Snowflake stage...
[2026-02-17T06:25:56.639+0000] {logging_mixin.py:188} INFO - Uploading /opt/***/data/minio/AMZN/1771227201.json to Snowflake stage...
[2026-02-17T06:25:57.309+0000] {logging_mixin.py:188} INFO - Uploading /opt/***/data/minio/AMZN/1771227213.json to Snowflake stage...
[2026-02-17T06:25:58.073+0000] {logging_mixin.py:188} INFO - Uploading /opt/***/data/minio/AMZN/1771227224.json to Snowflake stage...
[2026-02-17T06:25:58.880+0000] {logging_mixin.py:188} INFO - Uploading /opt/***/data/minio/AMZN/1771227236.json to Snowflake stage...
[2026-02-17T06:25:59.526+0000] {logging_mixin.py:188} INFO - Uploading /opt/***/data/minio/AMZN/1771227248.json to Snowflake stage...
[2026-02-17T06:26:00.178+0000] {logging_mixin.py:188} INFO - Uploading /opt/***/data/minio/AMZN/1771227260.json to Snowflake stage...
[2026-02-17T06:26:00.813+0000] {logging_mixin.py:188} INFO - Uploading /opt/***/data/minio/AMZN/1771227273.json to Snowflake stage...
[2026-02-17T06:26:01.453+0000] {logging_mixin.py:188} INFO - Uploading /opt/***/data/minio/AMZN/1771227286.json to Snowflake stage...
[2026-02-17T06:26:02.264+0000] {logging_mixin.py:188} INFO - Uploading /opt/***/data/minio/AMZN/1771227297.json to Snowflake stage...
[2026-02-17T06:26:02.917+0000] {logging_mixin.py:188} INFO - Uploading /opt/***/data/minio/AMZN/1771227309.json to Snowflake stage...
[2026-02-17T06:26:03.630+0000] {logging_mixin.py:188} INFO - Uploading /opt/***/data/minio/AMZN/1771227320.json to Snowflake stage...
[2026-02-17T06:26:04.374+0000] {logging_mixin.py:188} INFO - Uploading /opt/***/data/minio/AMZN/1771227331.json to Snowflake stage...
[2026-02-17T06:26:05.121+0000] {logging_mixin.py:188} INFO - Uploading /opt/***/data/minio/AMZN/1771227341.json to Snowflake stage...
[2026-02-17T06:26:05.815+0000] {logging_mixin.py:188} INFO - Uploading /opt/***/data/minio/AMZN/1771227354.json to Snowflake stage...
[2026-02-17T06:26:06.363+0000] {logging_mixin.py:188} INFO - Uploading /opt/***/data/minio/AMZN/1771227364.json to Snowflake stage...
[2026-02-17T06:26:06.946+0000] {logging_mixin.py:188} INFO - Uploading /opt/***/data/minio/AMZN/1771227378.json to Snowflake stage...
[2026-02-17T06:26:07.550+0000] {logging_mixin.py:188} INFO - Uploading /opt/***/data/minio/AMZN/1771227389.json to Snowflake stage...
[2026-02-17T06:26:08.305+0000] {logging_mixin.py:188} INFO - Uploading /opt/***/data/minio/AMZN/1771227401.json to Snowflake stage...
[2026-02-17T06:26:08.987+0000] {logging_mixin.py:188} INFO - Uploading /opt/***/data/minio/AMZN/1771227411.json to Snowflake stage...
[2026-02-17T06:26:10.611+0000] {logging_mixin.py:188} INFO - Uploading /opt/***/data/minio/AMZN/1771227423.json to Snowflake stage...
[2026-02-17T06:26:11.280+0000] {logging_mixin.py:188} INFO - Uploading /opt/***/data/minio/AMZN/1771227434.json to Snowflake stage...
[2026-02-17T06:26:12.071+0000] {logging_mixin.py:188} INFO - Uploading /opt/***/data/minio/AMZN/1771227445.json to Snowflake stage...
[2026-02-17T06:26:12.755+0000] {logging_mixin.py:188} INFO - Uploading /opt/***/data/minio/AMZN/1771227455.json to Snowflake stage...
[2026-02-17T06:26:13.445+0000] {logging_mixin.py:188} INFO - Uploading /opt/***/data/minio/AMZN/1771227466.json to Snowflake stage...
[2026-02-17T06:26:14.096+0000] {logging_mixin.py:188} INFO - Uploading /opt/***/data/minio/AMZN/1771227478.json to Snowflake stage...
[2026-02-17T06:26:14.637+0000] {logging_mixin.py:188} INFO - Uploading /opt/***/data/minio/AMZN/1771227489.json to Snowflake stage...
[2026-02-17T06:26:15.151+0000] {logging_mixin.py:188} INFO - Uploading /opt/***/data/minio/AMZN/1771227499.json to Snowflake stage...
[2026-02-17T06:26:16.245+0000] {logging_mixin.py:188} INFO - Uploading /opt/***/data/minio/AMZN/1771227510.json to Snowflake stage...
[2026-02-17T06:26:16.753+0000] {logging_mixin.py:188} INFO - Uploading /opt/***/data/minio/AMZN/1771227521.json to Snowflake stage...
[2026-02-17T06:26:17.282+0000] {logging_mixin.py:188} INFO - Uploading /opt/***/data/minio/AMZN/1771227532.json to Snowflake stage...
[2026-02-17T06:26:17.828+0000] {logging_mixin.py:188} INFO - Uploading /opt/***/data/minio/AMZN/1771227543.json to Snowflake stage...
[2026-02-17T06:26:18.477+0000] {logging_mixin.py:188} INFO - Uploading /opt/***/data/minio/AMZN/1771227554.json to Snowflake stage...
[2026-02-17T06:26:18.961+0000] {logging_mixin.py:188} INFO - Uploading /opt/***/data/minio/AMZN/1771227564.json to Snowflake stage...
[2026-02-17T06:26:19.480+0000] {logging_mixin.py:188} INFO - Uploading /opt/***/data/minio/AMZN/1771227575.json to Snowflake stage...
[2026-02-17T06:26:20.021+0000] {logging_mixin.py:188} INFO - Uploading /opt/***/data/minio/AMZN/1771227585.json to Snowflake stage...
[2026-02-17T06:26:20.651+0000] {logging_mixin.py:188} INFO - Uploading /opt/***/data/minio/AMZN/1771227596.json to Snowflake stage...
[2026-02-17T06:26:21.301+0000] {logging_mixin.py:188} INFO - Uploading /opt/***/data/minio/AMZN/1771227607.json to Snowflake stage...
[2026-02-17T06:26:22.111+0000] {logging_mixin.py:188} INFO - Uploading /opt/***/data/minio/AMZN/1771227618.json to Snowflake stage...
[2026-02-17T06:26:22.843+0000] {logging_mixin.py:188} INFO - Uploading /opt/***/data/minio/AMZN/1771227629.json to Snowflake stage...
[2026-02-17T06:26:23.411+0000] {logging_mixin.py:188} INFO - Uploading /opt/***/data/minio/AMZN/1771227639.json to Snowflake stage...
[2026-02-17T06:26:24.052+0000] {logging_mixin.py:188} INFO - Uploading /opt/***/data/minio/AMZN/1771227650.json to Snowflake stage...
[2026-02-17T06:26:24.617+0000] {logging_mixin.py:188} INFO - Uploading /opt/***/data/minio/AMZN/1771227661.json to Snowflake stage...
[2026-02-17T06:26:25.221+0000] {logging_mixin.py:188} INFO - Uploading /opt/***/data/minio/AMZN/1771227671.json to Snowflake stage...
[2026-02-17T06:26:25.791+0000] {logging_mixin.py:188} INFO - Uploading /opt/***/data/minio/AMZN/1771227681.json to Snowflake stage...
[2026-02-17T06:26:26.312+0000] {logging_mixin.py:188} INFO - Uploading /opt/***/data/minio/AMZN/1771227692.json to Snowflake stage...
[2026-02-17T06:26:26.819+0000] {logging_mixin.py:188} INFO - Uploading /opt/***/data/minio/AMZN/1771227702.json to Snowflake stage...
[2026-02-17T06:26:27.327+0000] {logging_mixin.py:188} INFO - Uploading /opt/***/data/minio/AMZN/1771227713.json to Snowflake stage...
[2026-02-17T06:26:27.947+0000] {logging_mixin.py:188} INFO - Uploading /opt/***/data/minio/AMZN/1771227725.json to Snowflake stage...
[2026-02-17T06:26:28.546+0000] {logging_mixin.py:188} INFO - Uploading /opt/***/data/minio/AMZN/1771227735.json to Snowflake stage...
[2026-02-17T06:26:29.156+0000] {logging_mixin.py:188} INFO - Uploading /opt/***/data/minio/AMZN/1771227745.json to Snowflake stage...
[2026-02-17T06:26:29.757+0000] {logging_mixin.py:188} INFO - Uploading /opt/***/data/minio/AMZN/1771227755.json to Snowflake stage...
[2026-02-17T06:26:30.377+0000] {logging_mixin.py:188} INFO - Uploading /opt/***/data/minio/AMZN/1771227766.json to Snowflake stage...
[2026-02-17T06:26:31.827+0000] {logging_mixin.py:188} INFO - Uploading /opt/***/data/minio/AMZN/1771227776.json to Snowflake stage...
[2026-02-17T06:26:32.594+0000] {logging_mixin.py:188} INFO - Uploading /opt/***/data/minio/AMZN/1771227787.json to Snowflake stage...
[2026-02-17T06:26:33.289+0000] {logging_mixin.py:188} INFO - Uploading /opt/***/data/minio/AMZN/1771227797.json to Snowflake stage...
[2026-02-17T06:26:33.925+0000] {logging_mixin.py:188} INFO - Uploading /opt/***/data/minio/AMZN/1771227807.json to Snowflake stage...
[2026-02-17T06:26:34.665+0000] {logging_mixin.py:188} INFO - Uploading /opt/***/data/minio/AMZN/1771227818.json to Snowflake stage...
[2026-02-17T06:26:35.488+0000] {logging_mixin.py:188} INFO - Uploading /opt/***/data/minio/AMZN/1771227829.json to Snowflake stage...
[2026-02-17T06:26:36.199+0000] {logging_mixin.py:188} INFO - Uploading /opt/***/data/minio/AMZN/1771227840.json to Snowflake stage...
[2026-02-17T06:26:36.807+0000] {logging_mixin.py:188} INFO - Uploading /opt/***/data/minio/AMZN/1771227851.json to Snowflake stage...
[2026-02-17T06:26:37.382+0000] {logging_mixin.py:188} INFO - Uploading /opt/***/data/minio/AMZN/1771227862.json to Snowflake stage...
[2026-02-17T06:26:37.996+0000] {logging_mixin.py:188} INFO - Uploading /opt/***/data/minio/AMZN/1771227872.json to Snowflake stage...
[2026-02-17T06:26:38.633+0000] {logging_mixin.py:188} INFO - Uploading /opt/***/data/minio/AMZN/1771227882.json to Snowflake stage...
[2026-02-17T06:26:39.285+0000] {logging_mixin.py:188} INFO - Uploading /opt/***/data/minio/AMZN/1771227892.json to Snowflake stage...
[2026-02-17T06:26:39.987+0000] {logging_mixin.py:188} INFO - Uploading /opt/***/data/minio/AMZN/1771227903.json to Snowflake stage...
[2026-02-17T06:26:40.746+0000] {logging_mixin.py:188} INFO - Uploading /opt/***/data/minio/AMZN/1771227914.json to Snowflake stage...
[2026-02-17T06:26:41.371+0000] {logging_mixin.py:188} INFO - Uploading /opt/***/data/minio/AMZN/1771227924.json to Snowflake stage...
[2026-02-17T06:26:42.086+0000] {logging_mixin.py:188} INFO - Uploading /opt/***/data/minio/AMZN/1771227934.json to Snowflake stage...
[2026-02-17T06:26:42.709+0000] {logging_mixin.py:188} INFO - Uploading /opt/***/data/minio/AMZN/1771227944.json to Snowflake stage...
[2026-02-17T06:26:43.248+0000] {logging_mixin.py:188} INFO - Uploading /opt/***/data/minio/AMZN/1771227955.json to Snowflake stage...
[2026-02-17T06:26:43.780+0000] {logging_mixin.py:188} INFO - Uploading /opt/***/data/minio/AMZN/1771227965.json to Snowflake stage...
[2026-02-17T06:26:44.391+0000] {logging_mixin.py:188} INFO - Uploading /opt/***/data/minio/AMZN/1771227976.json to Snowflake stage...
[2026-02-17T06:26:44.933+0000] {logging_mixin.py:188} INFO - Uploading /opt/***/data/minio/AMZN/1771227986.json to Snowflake stage...
[2026-02-17T06:26:45.461+0000] {logging_mixin.py:188} INFO - Uploading /opt/***/data/minio/AMZN/1771227997.json to Snowflake stage...
[2026-02-17T06:26:46.093+0000] {logging_mixin.py:188} INFO - Uploading /opt/***/data/minio/AMZN/1771228008.json to Snowflake stage...
[2026-02-17T06:26:46.819+0000] {logging_mixin.py:188} INFO - Uploading /opt/***/data/minio/AMZN/1771228018.json to Snowflake stage...
[2026-02-17T06:26:47.529+0000] {logging_mixin.py:188} INFO - Uploading /opt/***/data/minio/AMZN/1771228028.json to Snowflake stage...
[2026-02-17T06:26:48.185+0000] {logging_mixin.py:188} INFO - Uploading /opt/***/data/minio/AMZN/1771228039.json to Snowflake stage...
[2026-02-17T06:26:48.822+0000] {logging_mixin.py:188} INFO - Uploading /opt/***/data/minio/AMZN/1771228050.json to Snowflake stage...
[2026-02-17T06:26:49.465+0000] {logging_mixin.py:188} INFO - Uploading /opt/***/data/minio/AMZN/1771228061.json to Snowflake stage...
[2026-02-17T06:26:50.091+0000] {logging_mixin.py:188} INFO - Uploading /opt/***/data/minio/AMZN/1771228071.json to Snowflake stage...
[2026-02-17T06:26:50.774+0000] {logging_mixin.py:188} INFO - Uploading /opt/***/data/minio/AMZN/1771228082.json to Snowflake stage...
[2026-02-17T06:26:51.308+0000] {logging_mixin.py:188} INFO - Uploading /opt/***/data/minio/AMZN/1771228093.json to Snowflake stage...
[2026-02-17T06:26:51.819+0000] {logging_mixin.py:188} INFO - Uploading /opt/***/data/minio/AMZN/1771228103.json to Snowflake stage...
[2026-02-17T06:26:52.352+0000] {logging_mixin.py:188} INFO - Uploading /opt/***/data/minio/AMZN/1771228114.json to Snowflake stage...
[2026-02-17T06:26:53.492+0000] {logging_mixin.py:188} INFO - Uploading /opt/***/data/minio/AMZN/1771228124.json to Snowflake stage...
[2026-02-17T06:26:54.274+0000] {logging_mixin.py:188} INFO - Uploading /opt/***/data/minio/AMZN/1771228135.json to Snowflake stage...
[2026-02-17T06:26:54.941+0000] {logging_mixin.py:188} INFO - Uploading /opt/***/data/minio/AMZN/1771228145.json to Snowflake stage...
[2026-02-17T06:26:55.492+0000] {logging_mixin.py:188} INFO - Uploading /opt/***/data/minio/AMZN/1771228155.json to Snowflake stage...
[2026-02-17T06:26:56.033+0000] {logging_mixin.py:188} INFO - Uploading /opt/***/data/minio/AMZN/1771228165.json to Snowflake stage...
[2026-02-17T06:26:56.670+0000] {logging_mixin.py:188} INFO - Uploading /opt/***/data/minio/AMZN/1771228175.json to Snowflake stage...
[2026-02-17T06:26:57.403+0000] {logging_mixin.py:188} INFO - Uploading /opt/***/data/minio/AMZN/1771228185.json to Snowflake stage...
[2026-02-17T06:26:58.047+0000] {logging_mixin.py:188} INFO - Uploading /opt/***/data/minio/AMZN/1771228196.json to Snowflake stage...
[2026-02-17T06:26:58.765+0000] {logging_mixin.py:188} INFO - Uploading /opt/***/data/minio/AMZN/1771228206.json to Snowflake stage...
[2026-02-17T06:26:59.401+0000] {logging_mixin.py:188} INFO - Uploading /opt/***/data/minio/AMZN/1771228217.json to Snowflake stage...
[2026-02-17T06:27:00.852+0000] {logging_mixin.py:188} INFO - Uploading /opt/***/data/minio/AMZN/1771228227.json to Snowflake stage...
[2026-02-17T06:27:01.572+0000] {logging_mixin.py:188} INFO - Uploading /opt/***/data/minio/AMZN/1771228238.json to Snowflake stage...
[2026-02-17T06:27:02.375+0000] {logging_mixin.py:188} INFO - Uploading /opt/***/data/minio/AMZN/1771228248.json to Snowflake stage...
[2026-02-17T06:27:03.017+0000] {logging_mixin.py:188} INFO - Uploading /opt/***/data/minio/AMZN/1771228259.json to Snowflake stage...
[2026-02-17T06:27:03.664+0000] {logging_mixin.py:188} INFO - Uploading /opt/***/data/minio/AMZN/1771228270.json to Snowflake stage...
[2026-02-17T06:27:04.457+0000] {logging_mixin.py:188} INFO - Uploading /opt/***/data/minio/AMZN/1771228281.json to Snowflake stage...
[2026-02-17T06:27:05.175+0000] {logging_mixin.py:188} INFO - Uploading /opt/***/data/minio/AMZN/1771228292.json to Snowflake stage...
[2026-02-17T06:27:05.821+0000] {logging_mixin.py:188} INFO - Uploading /opt/***/data/minio/AMZN/1771228303.json to Snowflake stage...
[2026-02-17T06:27:06.459+0000] {logging_mixin.py:188} INFO - Uploading /opt/***/data/minio/AMZN/1771228313.json to Snowflake stage...
[2026-02-17T06:27:07.061+0000] {logging_mixin.py:188} INFO - Uploading /opt/***/data/minio/AMZN/1771228325.json to Snowflake stage...
[2026-02-17T06:27:07.668+0000] {logging_mixin.py:188} INFO - Uploading /opt/***/data/minio/AMZN/1771228335.json to Snowflake stage...
[2026-02-17T06:27:08.389+0000] {logging_mixin.py:188} INFO - Uploading /opt/***/data/minio/AMZN/1771228345.json to Snowflake stage...
[2026-02-17T06:27:09.018+0000] {logging_mixin.py:188} INFO - Uploading /opt/***/data/minio/AMZN/1771228355.json to Snowflake stage...
[2026-02-17T06:27:09.682+0000] {logging_mixin.py:188} INFO - Uploading /opt/***/data/minio/AMZN/1771228366.json to Snowflake stage...
[2026-02-17T06:27:10.313+0000] {logging_mixin.py:188} INFO - Uploading /opt/***/data/minio/AMZN/1771228377.json to Snowflake stage...
[2026-02-17T06:27:11.018+0000] {logging_mixin.py:188} INFO - Uploading /opt/***/data/minio/AMZN/1771228387.json to Snowflake stage...
[2026-02-17T06:27:11.611+0000] {logging_mixin.py:188} INFO - Uploading /opt/***/data/minio/AMZN/1771228397.json to Snowflake stage...
[2026-02-17T06:27:12.181+0000] {logging_mixin.py:188} INFO - Uploading /opt/***/data/minio/AMZN/1771228408.json to Snowflake stage...
[2026-02-17T06:27:12.753+0000] {logging_mixin.py:188} INFO - Uploading /opt/***/data/minio/AMZN/1771228418.json to Snowflake stage...
[2026-02-17T06:27:13.402+0000] {logging_mixin.py:188} INFO - Uploading /opt/***/data/minio/AMZN/1771228429.json to Snowflake stage...
[2026-02-17T06:27:14.156+0000] {logging_mixin.py:188} INFO - Uploading /opt/***/data/minio/AMZN/1771228440.json to Snowflake stage...
[2026-02-17T06:27:15.183+0000] {logging_mixin.py:188} INFO - Uploading /opt/***/data/minio/AMZN/1771228450.json to Snowflake stage...
[2026-02-17T06:27:15.808+0000] {logging_mixin.py:188} INFO - Uploading /opt/***/data/minio/AMZN/1771228461.json to Snowflake stage...
[2026-02-17T06:27:16.352+0000] {logging_mixin.py:188} INFO - Uploading /opt/***/data/minio/AMZN/1771228471.json to Snowflake stage...
[2026-02-17T06:27:17.421+0000] {logging_mixin.py:188} INFO - Uploading /opt/***/data/minio/AMZN/1771228482.json to Snowflake stage...
[2026-02-17T06:27:18.062+0000] {logging_mixin.py:188} INFO - Uploading /opt/***/data/minio/AMZN/1771228492.json to Snowflake stage...
[2026-02-17T06:27:18.688+0000] {logging_mixin.py:188} INFO - Uploading /opt/***/data/minio/AMZN/1771228503.json to Snowflake stage...
[2026-02-17T06:27:19.207+0000] {logging_mixin.py:188} INFO - Uploading /opt/***/data/minio/AMZN/1771228513.json to Snowflake stage...
[2026-02-17T06:27:19.765+0000] {logging_mixin.py:188} INFO - Uploading /opt/***/data/minio/AMZN/1771228524.json to Snowflake stage...
[2026-02-17T06:27:20.320+0000] {logging_mixin.py:188} INFO - Uploading /opt/***/data/minio/AMZN/1771228535.json to Snowflake stage...
[2026-02-17T06:27:20.939+0000] {logging_mixin.py:188} INFO - Uploading /opt/***/data/minio/AMZN/1771228545.json to Snowflake stage...
[2026-02-17T06:27:21.586+0000] {logging_mixin.py:188} INFO - Uploading /opt/***/data/minio/AMZN/1771228556.json to Snowflake stage...
[2026-02-17T06:27:22.388+0000] {logging_mixin.py:188} INFO - Uploading /opt/***/data/minio/AMZN/1771228566.json to Snowflake stage...
[2026-02-17T06:27:22.950+0000] {logging_mixin.py:188} INFO - Uploading /opt/***/data/minio/AMZN/1771228577.json to Snowflake stage...
[2026-02-17T06:27:23.601+0000] {logging_mixin.py:188} INFO - Uploading /opt/***/data/minio/AMZN/1771228587.json to Snowflake stage...
[2026-02-17T06:27:24.127+0000] {logging_mixin.py:188} INFO - Uploading /opt/***/data/minio/AMZN/1771228598.json to Snowflake stage...
[2026-02-17T06:27:24.795+0000] {logging_mixin.py:188} INFO - Uploading /opt/***/data/minio/AMZN/1771228609.json to Snowflake stage...
[2026-02-17T06:27:25.349+0000] {logging_mixin.py:188} INFO - Uploading /opt/***/data/minio/AMZN/1771228621.json to Snowflake stage...
[2026-02-17T06:27:25.919+0000] {logging_mixin.py:188} INFO - Uploading /opt/***/data/minio/AMZN/1771228632.json to Snowflake stage...
[2026-02-17T06:27:26.483+0000] {logging_mixin.py:188} INFO - Uploading /opt/***/data/minio/AMZN/1771228642.json to Snowflake stage...
[2026-02-17T06:27:27.025+0000] {logging_mixin.py:188} INFO - Uploading /opt/***/data/minio/AMZN/1771228652.json to Snowflake stage...
[2026-02-17T06:27:27.654+0000] {logging_mixin.py:188} INFO - Uploading /opt/***/data/minio/AMZN/1771228663.json to Snowflake stage...
[2026-02-17T06:27:28.303+0000] {logging_mixin.py:188} INFO - Uploading /opt/***/data/minio/AMZN/1771228673.json to Snowflake stage...
[2026-02-17T06:27:28.901+0000] {logging_mixin.py:188} INFO - Uploading /opt/***/data/minio/AMZN/1771228684.json to Snowflake stage...
[2026-02-17T06:27:29.627+0000] {logging_mixin.py:188} INFO - Uploading /opt/***/data/minio/AMZN/1771228695.json to Snowflake stage...
[2026-02-17T06:27:30.249+0000] {logging_mixin.py:188} INFO - Uploading /opt/***/data/minio/AMZN/1771228705.json to Snowflake stage...
[2026-02-17T06:27:30.902+0000] {logging_mixin.py:188} INFO - Uploading /opt/***/data/minio/AMZN/1771228716.json to Snowflake stage...
[2026-02-17T06:27:31.526+0000] {logging_mixin.py:188} INFO - Uploading /opt/***/data/minio/AMZN/1771228727.json to Snowflake stage...
[2026-02-17T06:27:32.169+0000] {logging_mixin.py:188} INFO - Uploading /opt/***/data/minio/AMZN/1771228737.json to Snowflake stage...
[2026-02-17T06:27:32.807+0000] {logging_mixin.py:188} INFO - Uploading /opt/***/data/minio/AMZN/1771228748.json to Snowflake stage...
[2026-02-17T06:27:33.539+0000] {logging_mixin.py:188} INFO - Uploading /opt/***/data/minio/AMZN/1771228758.json to Snowflake stage...
[2026-02-17T06:27:34.255+0000] {logging_mixin.py:188} INFO - Uploading /opt/***/data/minio/AMZN/1771228769.json to Snowflake stage...
[2026-02-17T06:27:34.978+0000] {logging_mixin.py:188} INFO - Uploading /opt/***/data/minio/AMZN/1771228779.json to Snowflake stage...
[2026-02-17T06:27:35.857+0000] {logging_mixin.py:188} INFO - Uploading /opt/***/data/minio/AMZN/1771228790.json to Snowflake stage...
[2026-02-17T06:27:36.385+0000] {logging_mixin.py:188} INFO - Uploading /opt/***/data/minio/AMZN/1771228800.json to Snowflake stage...
[2026-02-17T06:27:36.882+0000] {logging_mixin.py:188} INFO - Uploading /opt/***/data/minio/AMZN/1771228812.json to Snowflake stage...
[2026-02-17T06:27:37.389+0000] {logging_mixin.py:188} INFO - Uploading /opt/***/data/minio/AMZN/1771228823.json to Snowflake stage...
[2026-02-17T06:27:38.346+0000] {logging_mixin.py:188} INFO - Uploading /opt/***/data/minio/AMZN/1771228834.json to Snowflake stage...
[2026-02-17T06:27:38.977+0000] {logging_mixin.py:188} INFO - Uploading /opt/***/data/minio/AMZN/1771228844.json to Snowflake stage...
[2026-02-17T06:27:39.617+0000] {logging_mixin.py:188} INFO - Uploading /opt/***/data/minio/AMZN/1771228856.json to Snowflake stage...
[2026-02-17T06:27:40.258+0000] {logging_mixin.py:188} INFO - Uploading /opt/***/data/minio/AMZN/1771228868.json to Snowflake stage...
[2026-02-17T06:27:40.902+0000] {logging_mixin.py:188} INFO - Uploading /opt/***/data/minio/AMZN/1771228878.json to Snowflake stage...
[2026-02-17T06:27:41.542+0000] {logging_mixin.py:188} INFO - Uploading /opt/***/data/minio/AMZN/1771228891.json to Snowflake stage...
[2026-02-17T06:27:42.182+0000] {logging_mixin.py:188} INFO - Uploading /opt/***/data/minio/AMZN/1771228901.json to Snowflake stage...
[2026-02-17T06:27:42.820+0000] {logging_mixin.py:188} INFO - Uploading /opt/***/data/minio/AMZN/1771228912.json to Snowflake stage...
[2026-02-17T06:27:43.460+0000] {logging_mixin.py:188} INFO - Uploading /opt/***/data/minio/AMZN/1771228925.json to Snowflake stage...
[2026-02-17T06:27:44.097+0000] {logging_mixin.py:188} INFO - Uploading /opt/***/data/minio/AMZN/1771228937.json to Snowflake stage...
[2026-02-17T06:27:44.806+0000] {logging_mixin.py:188} INFO - Uploading /opt/***/data/minio/AMZN/1771228947.json to Snowflake stage...
[2026-02-17T06:27:45.463+0000] {logging_mixin.py:188} INFO - Uploading /opt/***/data/minio/AMZN/1771228958.json to Snowflake stage...
[2026-02-17T06:27:46.094+0000] {logging_mixin.py:188} INFO - Uploading /opt/***/data/minio/AMZN/1771228969.json to Snowflake stage...
[2026-02-17T06:27:46.831+0000] {logging_mixin.py:188} INFO - Uploading /opt/***/data/minio/AMZN/1771228980.json to Snowflake stage...
[2026-02-17T06:27:47.462+0000] {logging_mixin.py:188} INFO - Uploading /opt/***/data/minio/AMZN/1771228991.json to Snowflake stage...
[2026-02-17T06:27:47.990+0000] {logging_mixin.py:188} INFO - Uploading /opt/***/data/minio/AMZN/1771229002.json to Snowflake stage...
[2026-02-17T06:27:48.483+0000] {logging_mixin.py:188} INFO - Uploading /opt/***/data/minio/AMZN/1771229012.json to Snowflake stage...
[2026-02-17T06:27:48.993+0000] {logging_mixin.py:188} INFO - Uploading /opt/***/data/minio/AMZN/1771229023.json to Snowflake stage...
[2026-02-17T06:27:49.538+0000] {logging_mixin.py:188} INFO - Uploading /opt/***/data/minio/AMZN/1771229034.json to Snowflake stage...
[2026-02-17T06:27:50.188+0000] {logging_mixin.py:188} INFO - Uploading /opt/***/data/minio/AMZN/1771229045.json to Snowflake stage...
[2026-02-17T06:27:50.752+0000] {logging_mixin.py:188} INFO - Uploading /opt/***/data/minio/AMZN/1771229055.json to Snowflake stage...
[2026-02-17T06:27:51.272+0000] {logging_mixin.py:188} INFO - Uploading /opt/***/data/minio/AMZN/1771229066.json to Snowflake stage...
[2026-02-17T06:27:51.810+0000] {logging_mixin.py:188} INFO - Uploading /opt/***/data/minio/AMZN/1771229077.json to Snowflake stage...
[2026-02-17T06:27:52.341+0000] {logging_mixin.py:188} INFO - Uploading /opt/***/data/minio/AMZN/1771229089.json to Snowflake stage...
[2026-02-17T06:27:52.973+0000] {logging_mixin.py:188} INFO - Uploading /opt/***/data/minio/AMZN/1771229100.json to Snowflake stage...
[2026-02-17T06:27:53.697+0000] {logging_mixin.py:188} INFO - Uploading /opt/***/data/minio/AMZN/1771229111.json to Snowflake stage...
[2026-02-17T06:27:54.347+0000] {logging_mixin.py:188} INFO - Uploading /opt/***/data/minio/AMZN/1771229122.json to Snowflake stage...
[2026-02-17T06:27:54.896+0000] {logging_mixin.py:188} INFO - Uploading /opt/***/data/minio/AMZN/1771229134.json to Snowflake stage...
[2026-02-17T06:27:55.435+0000] {logging_mixin.py:188} INFO - Uploading /opt/***/data/minio/AMZN/1771229150.json to Snowflake stage...
[2026-02-17T06:27:55.996+0000] {logging_mixin.py:188} INFO - Uploading /opt/***/data/minio/AMZN/1771229161.json to Snowflake stage...
[2026-02-17T06:27:56.573+0000] {logging_mixin.py:188} INFO - Uploading /opt/***/data/minio/AMZN/1771229173.json to Snowflake stage...
[2026-02-17T06:27:57.212+0000] {logging_mixin.py:188} INFO - Uploading /opt/***/data/minio/AMZN/1771229183.json to Snowflake stage...
[2026-02-17T06:27:57.856+0000] {logging_mixin.py:188} INFO - Uploading /opt/***/data/minio/AMZN/1771229194.json to Snowflake stage...
[2026-02-17T06:27:58.906+0000] {logging_mixin.py:188} INFO - Uploading /opt/***/data/minio/AMZN/1771229205.json to Snowflake stage...
[2026-02-17T06:27:59.458+0000] {logging_mixin.py:188} INFO - Uploading /opt/***/data/minio/AMZN/1771229216.json to Snowflake stage...
[2026-02-17T06:28:00.322+0000] {logging_mixin.py:188} INFO - Uploading /opt/***/data/minio/AMZN/1771229227.json to Snowflake stage...
[2026-02-17T06:28:00.864+0000] {logging_mixin.py:188} INFO - Uploading /opt/***/data/minio/AMZN/1771229237.json to Snowflake stage...
[2026-02-17T06:28:01.384+0000] {logging_mixin.py:188} INFO - Uploading /opt/***/data/minio/AMZN/1771229249.json to Snowflake stage...
[2026-02-17T06:28:01.914+0000] {logging_mixin.py:188} INFO - Uploading /opt/***/data/minio/AMZN/1771229260.json to Snowflake stage...
[2026-02-17T06:28:02.496+0000] {logging_mixin.py:188} INFO - Uploading /opt/***/data/minio/AMZN/1771229271.json to Snowflake stage...
[2026-02-17T06:28:03.135+0000] {logging_mixin.py:188} INFO - Uploading /opt/***/data/minio/AMZN/1771229285.json to Snowflake stage...
[2026-02-17T06:28:03.693+0000] {logging_mixin.py:188} INFO - Uploading /opt/***/data/minio/AMZN/1771229296.json to Snowflake stage...
[2026-02-17T06:28:04.419+0000] {logging_mixin.py:188} INFO - Uploading /opt/***/data/minio/AMZN/1771229308.json to Snowflake stage...
[2026-02-17T06:28:05.049+0000] {logging_mixin.py:188} INFO - Uploading /opt/***/data/minio/AMZN/1771229318.json to Snowflake stage...
[2026-02-17T06:28:05.775+0000] {logging_mixin.py:188} INFO - Uploading /opt/***/data/minio/AMZN/1771229329.json to Snowflake stage...
[2026-02-17T06:28:06.412+0000] {logging_mixin.py:188} INFO - Uploading /opt/***/data/minio/AMZN/1771308355.json to Snowflake stage...
[2026-02-17T06:28:07.041+0000] {logging_mixin.py:188} INFO - Uploading /opt/***/data/minio/AMZN/1771308365.json to Snowflake stage...
[2026-02-17T06:28:07.559+0000] {logging_mixin.py:188} INFO - Uploading /opt/***/data/minio/AMZN/1771308375.json to Snowflake stage...
[2026-02-17T06:28:08.264+0000] {logging_mixin.py:188} INFO - Uploading /opt/***/data/minio/AMZN/1771308385.json to Snowflake stage...
[2026-02-17T06:28:08.969+0000] {logging_mixin.py:188} INFO - Uploading /opt/***/data/minio/AMZN/1771308395.json to Snowflake stage...
[2026-02-17T06:28:09.598+0000] {logging_mixin.py:188} INFO - Uploading /opt/***/data/minio/AMZN/1771308405.json to Snowflake stage...
[2026-02-17T06:28:10.255+0000] {logging_mixin.py:188} INFO - Uploading /opt/***/data/minio/AMZN/1771308415.json to Snowflake stage...
[2026-02-17T06:28:10.906+0000] {logging_mixin.py:188} INFO - Uploading /opt/***/data/minio/AMZN/1771308426.json to Snowflake stage...
[2026-02-17T06:28:11.416+0000] {logging_mixin.py:188} INFO - Uploading /opt/***/data/minio/AMZN/1771308436.json to Snowflake stage...
[2026-02-17T06:28:11.891+0000] {logging_mixin.py:188} INFO - Uploading /opt/***/data/minio/AMZN/1771308446.json to Snowflake stage...
[2026-02-17T06:28:12.369+0000] {logging_mixin.py:188} INFO - Uploading /opt/***/data/minio/AMZN/1771308456.json to Snowflake stage...
[2026-02-17T06:28:12.823+0000] {logging_mixin.py:188} INFO - Uploading /opt/***/data/minio/AMZN/1771308466.json to Snowflake stage...
[2026-02-17T06:28:13.454+0000] {logging_mixin.py:188} INFO - Uploading /opt/***/data/minio/AMZN/1771308476.json to Snowflake stage...
[2026-02-17T06:28:14.099+0000] {logging_mixin.py:188} INFO - Uploading /opt/***/data/minio/AMZN/1771308487.json to Snowflake stage...
[2026-02-17T06:28:14.723+0000] {logging_mixin.py:188} INFO - Uploading /opt/***/data/minio/AMZN/1771308497.json to Snowflake stage...
[2026-02-17T06:28:15.848+0000] {logging_mixin.py:188} INFO - Uploading /opt/***/data/minio/AMZN/1771308507.json to Snowflake stage...
[2026-02-17T06:28:16.307+0000] {logging_mixin.py:188} INFO - Uploading /opt/***/data/minio/AMZN/1771308517.json to Snowflake stage...
[2026-02-17T06:28:16.787+0000] {logging_mixin.py:188} INFO - Uploading /opt/***/data/minio/AMZN/1771308527.json to Snowflake stage...
[2026-02-17T06:28:17.271+0000] {logging_mixin.py:188} INFO - Uploading /opt/***/data/minio/AMZN/1771308537.json to Snowflake stage...
[2026-02-17T06:28:17.937+0000] {logging_mixin.py:188} INFO - Uploading /opt/***/data/minio/AMZN/1771308548.json to Snowflake stage...
[2026-02-17T06:28:18.741+0000] {logging_mixin.py:188} INFO - Uploading /opt/***/data/minio/AMZN/1771308557.json to Snowflake stage...
[2026-02-17T06:28:19.251+0000] {logging_mixin.py:188} INFO - Uploading /opt/***/data/minio/AMZN/1771308567.json to Snowflake stage...
[2026-02-17T06:28:20.177+0000] {logging_mixin.py:188} INFO - Uploading /opt/***/data/minio/AMZN/1771308578.json to Snowflake stage...
[2026-02-17T06:28:20.712+0000] {logging_mixin.py:188} INFO - Uploading /opt/***/data/minio/AMZN/1771308587.json to Snowflake stage...
[2026-02-17T06:28:21.291+0000] {logging_mixin.py:188} INFO - Uploading /opt/***/data/minio/AMZN/1771308598.json to Snowflake stage...
[2026-02-17T06:28:21.941+0000] {logging_mixin.py:188} INFO - Uploading /opt/***/data/minio/AMZN/1771308608.json to Snowflake stage...
[2026-02-17T06:28:22.575+0000] {logging_mixin.py:188} INFO - Uploading /opt/***/data/minio/AMZN/1771308618.json to Snowflake stage...
[2026-02-17T06:28:23.305+0000] {logging_mixin.py:188} INFO - Uploading /opt/***/data/minio/AMZN/1771308629.json to Snowflake stage...
[2026-02-17T06:28:24.039+0000] {logging_mixin.py:188} INFO - Uploading /opt/***/data/minio/GOOGL/1771221450.json to Snowflake stage...
[2026-02-17T06:28:25.528+0000] {logging_mixin.py:188} INFO - Uploading /opt/***/data/minio/GOOGL/1771221462.json to Snowflake stage...
[2026-02-17T06:28:26.140+0000] {logging_mixin.py:188} INFO - Uploading /opt/***/data/minio/GOOGL/1771221475.json to Snowflake stage...
[2026-02-17T06:28:26.929+0000] {logging_mixin.py:188} INFO - Uploading /opt/***/data/minio/GOOGL/1771221488.json to Snowflake stage...
[2026-02-17T06:28:27.493+0000] {logging_mixin.py:188} INFO - Uploading /opt/***/data/minio/GOOGL/1771221500.json to Snowflake stage...
[2026-02-17T06:28:27.996+0000] {logging_mixin.py:188} INFO - Uploading /opt/***/data/minio/GOOGL/1771221512.json to Snowflake stage...
[2026-02-17T06:28:28.560+0000] {logging_mixin.py:188} INFO - Uploading /opt/***/data/minio/GOOGL/1771221525.json to Snowflake stage...
[2026-02-17T06:28:29.213+0000] {logging_mixin.py:188} INFO - Uploading /opt/***/data/minio/GOOGL/1771221537.json to Snowflake stage...
[2026-02-17T06:28:29.856+0000] {logging_mixin.py:188} INFO - Uploading /opt/***/data/minio/GOOGL/1771221549.json to Snowflake stage...
[2026-02-17T06:28:30.414+0000] {logging_mixin.py:188} INFO - Uploading /opt/***/data/minio/GOOGL/1771221560.json to Snowflake stage...
[2026-02-17T06:28:31.052+0000] {logging_mixin.py:188} INFO - Uploading /opt/***/data/minio/GOOGL/1771221571.json to Snowflake stage...
[2026-02-17T06:28:31.686+0000] {logging_mixin.py:188} INFO - Uploading /opt/***/data/minio/GOOGL/1771221583.json to Snowflake stage...
[2026-02-17T06:28:32.338+0000] {logging_mixin.py:188} INFO - Uploading /opt/***/data/minio/GOOGL/1771221595.json to Snowflake stage...
[2026-02-17T06:28:32.975+0000] {logging_mixin.py:188} INFO - Uploading /opt/***/data/minio/GOOGL/1771221607.json to Snowflake stage...
[2026-02-17T06:28:33.530+0000] {logging_mixin.py:188} INFO - Uploading /opt/***/data/minio/GOOGL/1771221619.json to Snowflake stage...
[2026-02-17T06:28:34.252+0000] {logging_mixin.py:188} INFO - Uploading /opt/***/data/minio/GOOGL/1771221630.json to Snowflake stage...
[2026-02-17T06:28:34.891+0000] {logging_mixin.py:188} INFO - Uploading /opt/***/data/minio/GOOGL/1771221642.json to Snowflake stage...
[2026-02-17T06:28:35.550+0000] {logging_mixin.py:188} INFO - Uploading /opt/***/data/minio/GOOGL/1771221653.json to Snowflake stage...
[2026-02-17T06:28:36.172+0000] {logging_mixin.py:188} INFO - Uploading /opt/***/data/minio/GOOGL/1771221665.json to Snowflake stage...
[2026-02-17T06:28:36.901+0000] {logging_mixin.py:188} INFO - Uploading /opt/***/data/minio/GOOGL/1771221677.json to Snowflake stage...
[2026-02-17T06:28:37.615+0000] {logging_mixin.py:188} INFO - Uploading /opt/***/data/minio/GOOGL/1771221689.json to Snowflake stage...
[2026-02-17T06:28:38.241+0000] {logging_mixin.py:188} INFO - Uploading /opt/***/data/minio/GOOGL/1771221701.json to Snowflake stage...
[2026-02-17T06:28:38.871+0000] {logging_mixin.py:188} INFO - Uploading /opt/***/data/minio/GOOGL/1771221712.json to Snowflake stage...
[2026-02-17T06:28:39.542+0000] {logging_mixin.py:188} INFO - Uploading /opt/***/data/minio/GOOGL/1771221724.json to Snowflake stage...
[2026-02-17T06:28:40.170+0000] {logging_mixin.py:188} INFO - Uploading /opt/***/data/minio/GOOGL/1771221736.json to Snowflake stage...
[2026-02-17T06:28:40.806+0000] {logging_mixin.py:188} INFO - Uploading /opt/***/data/minio/GOOGL/1771221748.json to Snowflake stage...
[2026-02-17T06:28:41.542+0000] {logging_mixin.py:188} INFO - Uploading /opt/***/data/minio/GOOGL/1771221760.json to Snowflake stage...
[2026-02-17T06:28:43.058+0000] {logging_mixin.py:188} INFO - Uploading /opt/***/data/minio/GOOGL/1771221771.json to Snowflake stage...
[2026-02-17T06:28:43.646+0000] {logging_mixin.py:188} INFO - Uploading /opt/***/data/minio/GOOGL/1771221783.json to Snowflake stage...
[2026-02-17T06:28:44.278+0000] {logging_mixin.py:188} INFO - Uploading /opt/***/data/minio/GOOGL/1771221799.json to Snowflake stage...
[2026-02-17T06:28:45.000+0000] {logging_mixin.py:188} INFO - Uploading /opt/***/data/minio/GOOGL/1771221811.json to Snowflake stage...
[2026-02-17T06:28:45.752+0000] {logging_mixin.py:188} INFO - Uploading /opt/***/data/minio/GOOGL/1771221823.json to Snowflake stage...
[2026-02-17T06:28:46.303+0000] {logging_mixin.py:188} INFO - Uploading /opt/***/data/minio/GOOGL/1771221835.json to Snowflake stage...
[2026-02-17T06:28:46.848+0000] {logging_mixin.py:188} INFO - Uploading /opt/***/data/minio/GOOGL/1771221850.json to Snowflake stage...
[2026-02-17T06:28:47.447+0000] {logging_mixin.py:188} INFO - Uploading /opt/***/data/minio/GOOGL/1771221862.json to Snowflake stage...
[2026-02-17T06:28:48.171+0000] {logging_mixin.py:188} INFO - Uploading /opt/***/data/minio/GOOGL/1771221874.json to Snowflake stage...
[2026-02-17T06:28:48.888+0000] {logging_mixin.py:188} INFO - Uploading /opt/***/data/minio/GOOGL/1771221886.json to Snowflake stage...
[2026-02-17T06:28:49.843+0000] {logging_mixin.py:188} INFO - Uploading /opt/***/data/minio/GOOGL/1771221898.json to Snowflake stage...
[2026-02-17T06:28:50.487+0000] {logging_mixin.py:188} INFO - Uploading /opt/***/data/minio/GOOGL/1771221910.json to Snowflake stage...
[2026-02-17T06:28:51.065+0000] {logging_mixin.py:188} INFO - Uploading /opt/***/data/minio/GOOGL/1771221921.json to Snowflake stage...
[2026-02-17T06:28:51.687+0000] {logging_mixin.py:188} INFO - Uploading /opt/***/data/minio/GOOGL/1771221933.json to Snowflake stage...
[2026-02-17T06:28:52.334+0000] {logging_mixin.py:188} INFO - Uploading /opt/***/data/minio/GOOGL/1771221945.json to Snowflake stage...
[2026-02-17T06:28:52.887+0000] {logging_mixin.py:188} INFO - Uploading /opt/***/data/minio/GOOGL/1771221957.json to Snowflake stage...
[2026-02-17T06:28:53.534+0000] {logging_mixin.py:188} INFO - Uploading /opt/***/data/minio/GOOGL/1771221968.json to Snowflake stage...
[2026-02-17T06:28:54.180+0000] {logging_mixin.py:188} INFO - Uploading /opt/***/data/minio/GOOGL/1771221980.json to Snowflake stage...
[2026-02-17T06:28:54.780+0000] {logging_mixin.py:188} INFO - Uploading /opt/***/data/minio/GOOGL/1771222084.json to Snowflake stage...
[2026-02-17T06:28:55.444+0000] {logging_mixin.py:188} INFO - Uploading /opt/***/data/minio/GOOGL/1771222107.json to Snowflake stage...
[2026-02-17T06:28:56.087+0000] {logging_mixin.py:188} INFO - Uploading /opt/***/data/minio/GOOGL/1771222119.json to Snowflake stage...
[2026-02-17T06:28:56.729+0000] {logging_mixin.py:188} INFO - Uploading /opt/***/data/minio/GOOGL/1771222131.json to Snowflake stage...
[2026-02-17T06:28:57.375+0000] {logging_mixin.py:188} INFO - Uploading /opt/***/data/minio/GOOGL/1771222143.json to Snowflake stage...
[2026-02-17T06:28:58.092+0000] {logging_mixin.py:188} INFO - Uploading /opt/***/data/minio/GOOGL/1771222156.json to Snowflake stage...
[2026-02-17T06:28:58.975+0000] {logging_mixin.py:188} INFO - Uploading /opt/***/data/minio/GOOGL/1771222197.json to Snowflake stage...
[2026-02-17T06:28:59.608+0000] {logging_mixin.py:188} INFO - Uploading /opt/***/data/minio/GOOGL/1771222209.json to Snowflake stage...
[2026-02-17T06:29:00.174+0000] {logging_mixin.py:188} INFO - Uploading /opt/***/data/minio/GOOGL/1771222221.json to Snowflake stage...
[2026-02-17T06:29:00.719+0000] {logging_mixin.py:188} INFO - Uploading /opt/***/data/minio/GOOGL/1771222232.json to Snowflake stage...
[2026-02-17T06:29:01.300+0000] {logging_mixin.py:188} INFO - Uploading /opt/***/data/minio/GOOGL/1771222244.json to Snowflake stage...
[2026-02-17T06:29:01.940+0000] {logging_mixin.py:188} INFO - Uploading /opt/***/data/minio/GOOGL/1771222255.json to Snowflake stage...
[2026-02-17T06:29:02.579+0000] {logging_mixin.py:188} INFO - Uploading /opt/***/data/minio/GOOGL/1771222267.json to Snowflake stage...
[2026-02-17T06:29:03.221+0000] {logging_mixin.py:188} INFO - Uploading /opt/***/data/minio/GOOGL/1771222278.json to Snowflake stage...
[2026-02-17T06:29:03.887+0000] {logging_mixin.py:188} INFO - Uploading /opt/***/data/minio/GOOGL/1771222290.json to Snowflake stage...
[2026-02-17T06:29:04.853+0000] {logging_mixin.py:188} INFO - Uploading /opt/***/data/minio/GOOGL/1771222301.json to Snowflake stage...
[2026-02-17T06:29:05.456+0000] {logging_mixin.py:188} INFO - Uploading /opt/***/data/minio/GOOGL/1771222312.json to Snowflake stage...
[2026-02-17T06:29:06.104+0000] {logging_mixin.py:188} INFO - Uploading /opt/***/data/minio/GOOGL/1771222323.json to Snowflake stage...
[2026-02-17T06:29:06.741+0000] {logging_mixin.py:188} INFO - Uploading /opt/***/data/minio/GOOGL/1771222335.json to Snowflake stage...
[2026-02-17T06:29:07.406+0000] {logging_mixin.py:188} INFO - Uploading /opt/***/data/minio/GOOGL/1771222347.json to Snowflake stage...
[2026-02-17T06:29:08.098+0000] {logging_mixin.py:188} INFO - Uploading /opt/***/data/minio/GOOGL/1771222358.json to Snowflake stage...
[2026-02-17T06:29:08.659+0000] {logging_mixin.py:188} INFO - Uploading /opt/***/data/minio/GOOGL/1771222370.json to Snowflake stage...
[2026-02-17T06:29:09.167+0000] {logging_mixin.py:188} INFO - Uploading /opt/***/data/minio/GOOGL/1771222380.json to Snowflake stage...
[2026-02-17T06:29:09.694+0000] {logging_mixin.py:188} INFO - Uploading /opt/***/data/minio/GOOGL/1771222392.json to Snowflake stage...
[2026-02-17T06:29:10.262+0000] {logging_mixin.py:188} INFO - Uploading /opt/***/data/minio/GOOGL/1771222403.json to Snowflake stage...
[2026-02-17T06:29:10.907+0000] {logging_mixin.py:188} INFO - Uploading /opt/***/data/minio/GOOGL/1771222443.json to Snowflake stage...
[2026-02-17T06:29:11.422+0000] {logging_mixin.py:188} INFO - Uploading /opt/***/data/minio/GOOGL/1771222455.json to Snowflake stage...
[2026-02-17T06:29:11.945+0000] {logging_mixin.py:188} INFO - Uploading /opt/***/data/minio/GOOGL/1771222466.json to Snowflake stage...
[2026-02-17T06:29:12.506+0000] {logging_mixin.py:188} INFO - Uploading /opt/***/data/minio/GOOGL/1771222479.json to Snowflake stage...
[2026-02-17T06:29:13.028+0000] {logging_mixin.py:188} INFO - Uploading /opt/***/data/minio/GOOGL/1771222523.json to Snowflake stage...
[2026-02-17T06:29:13.651+0000] {logging_mixin.py:188} INFO - Uploading /opt/***/data/minio/GOOGL/1771222535.json to Snowflake stage...
[2026-02-17T06:29:14.394+0000] {logging_mixin.py:188} INFO - Uploading /opt/***/data/minio/GOOGL/1771222548.json to Snowflake stage...
[2026-02-17T06:29:15.110+0000] {logging_mixin.py:188} INFO - Uploading /opt/***/data/minio/GOOGL/1771222561.json to Snowflake stage...
[2026-02-17T06:29:15.752+0000] {logging_mixin.py:188} INFO - Uploading /opt/***/data/minio/GOOGL/1771222573.json to Snowflake stage...
[2026-02-17T06:29:16.346+0000] {logging_mixin.py:188} INFO - Uploading /opt/***/data/minio/GOOGL/1771222584.json to Snowflake stage...
[2026-02-17T06:29:16.940+0000] {logging_mixin.py:188} INFO - Uploading /opt/***/data/minio/GOOGL/1771222596.json to Snowflake stage...
[2026-02-17T06:29:17.497+0000] {logging_mixin.py:188} INFO - Uploading /opt/***/data/minio/GOOGL/1771222608.json to Snowflake stage...
[2026-02-17T06:29:18.073+0000] {logging_mixin.py:188} INFO - Uploading /opt/***/data/minio/GOOGL/1771222621.json to Snowflake stage...
[2026-02-17T06:29:18.966+0000] {logging_mixin.py:188} INFO - Uploading /opt/***/data/minio/GOOGL/1771222634.json to Snowflake stage...
[2026-02-17T06:29:19.588+0000] {logging_mixin.py:188} INFO - Uploading /opt/***/data/minio/GOOGL/1771222675.json to Snowflake stage...
[2026-02-17T06:29:20.217+0000] {logging_mixin.py:188} INFO - Uploading /opt/***/data/minio/GOOGL/1771222701.json to Snowflake stage...
[2026-02-17T06:29:20.807+0000] {logging_mixin.py:188} INFO - Uploading /opt/***/data/minio/GOOGL/1771222713.json to Snowflake stage...
[2026-02-17T06:29:21.382+0000] {logging_mixin.py:188} INFO - Uploading /opt/***/data/minio/GOOGL/1771222725.json to Snowflake stage...
[2026-02-17T06:29:22.005+0000] {logging_mixin.py:188} INFO - Uploading /opt/***/data/minio/GOOGL/1771222736.json to Snowflake stage...
[2026-02-17T06:29:22.640+0000] {logging_mixin.py:188} INFO - Uploading /opt/***/data/minio/GOOGL/1771222748.json to Snowflake stage...
[2026-02-17T06:29:23.380+0000] {logging_mixin.py:188} INFO - Uploading /opt/***/data/minio/GOOGL/1771222763.json to Snowflake stage...
[2026-02-17T06:29:24.026+0000] {logging_mixin.py:188} INFO - Uploading /opt/***/data/minio/GOOGL/1771222778.json to Snowflake stage...
[2026-02-17T06:29:24.750+0000] {logging_mixin.py:188} INFO - Uploading /opt/***/data/minio/GOOGL/1771222796.json to Snowflake stage...
[2026-02-17T06:29:25.379+0000] {logging_mixin.py:188} INFO - Uploading /opt/***/data/minio/GOOGL/1771222848.json to Snowflake stage...
[2026-02-17T06:29:26.491+0000] {logging_mixin.py:188} INFO - Uploading /opt/***/data/minio/GOOGL/1771222861.json to Snowflake stage...
[2026-02-17T06:29:27.124+0000] {logging_mixin.py:188} INFO - Uploading /opt/***/data/minio/GOOGL/1771222872.json to Snowflake stage...
[2026-02-17T06:29:27.709+0000] {logging_mixin.py:188} INFO - Uploading /opt/***/data/minio/GOOGL/1771222887.json to Snowflake stage...
[2026-02-17T06:29:28.289+0000] {logging_mixin.py:188} INFO - Uploading /opt/***/data/minio/GOOGL/1771222900.json to Snowflake stage...
[2026-02-17T06:29:28.987+0000] {logging_mixin.py:188} INFO - Uploading /opt/***/data/minio/GOOGL/1771222915.json to Snowflake stage...
[2026-02-17T06:29:29.617+0000] {logging_mixin.py:188} INFO - Uploading /opt/***/data/minio/GOOGL/1771222927.json to Snowflake stage...
[2026-02-17T06:29:30.271+0000] {logging_mixin.py:188} INFO - Uploading /opt/***/data/minio/GOOGL/1771222938.json to Snowflake stage...
[2026-02-17T06:29:31.076+0000] {logging_mixin.py:188} INFO - Uploading /opt/***/data/minio/GOOGL/1771222958.json to Snowflake stage...
[2026-02-17T06:29:31.725+0000] {logging_mixin.py:188} INFO - Uploading /opt/***/data/minio/GOOGL/1771222971.json to Snowflake stage...
[2026-02-17T06:29:32.270+0000] {logging_mixin.py:188} INFO - Uploading /opt/***/data/minio/GOOGL/1771222982.json to Snowflake stage...
[2026-02-17T06:29:32.838+0000] {logging_mixin.py:188} INFO - Uploading /opt/***/data/minio/GOOGL/1771222992.json to Snowflake stage...
[2026-02-17T06:29:33.476+0000] {logging_mixin.py:188} INFO - Uploading /opt/***/data/minio/GOOGL/1771223002.json to Snowflake stage...
[2026-02-17T06:29:34.203+0000] {logging_mixin.py:188} INFO - Uploading /opt/***/data/minio/GOOGL/1771223013.json to Snowflake stage...
[2026-02-17T06:29:35.369+0000] {logging_mixin.py:188} INFO - Uploading /opt/***/data/minio/GOOGL/1771223023.json to Snowflake stage...
[2026-02-17T06:29:36.047+0000] {logging_mixin.py:188} INFO - Uploading /opt/***/data/minio/GOOGL/1771223036.json to Snowflake stage...
[2026-02-17T06:29:36.760+0000] {logging_mixin.py:188} INFO - Uploading /opt/***/data/minio/GOOGL/1771223048.json to Snowflake stage...
[2026-02-17T06:29:37.384+0000] {logging_mixin.py:188} INFO - Uploading /opt/***/data/minio/GOOGL/1771223060.json to Snowflake stage...
[2026-02-17T06:29:38.039+0000] {logging_mixin.py:188} INFO - Uploading /opt/***/data/minio/GOOGL/1771223162.json to Snowflake stage...
[2026-02-17T06:29:38.669+0000] {logging_mixin.py:188} INFO - Uploading /opt/***/data/minio/GOOGL/1771223373.json to Snowflake stage...
[2026-02-17T06:29:39.316+0000] {logging_mixin.py:188} INFO - Uploading /opt/***/data/minio/GOOGL/1771223385.json to Snowflake stage...
[2026-02-17T06:29:39.948+0000] {logging_mixin.py:188} INFO - Uploading /opt/***/data/minio/GOOGL/1771223398.json to Snowflake stage...
[2026-02-17T06:29:40.588+0000] {logging_mixin.py:188} INFO - Uploading /opt/***/data/minio/GOOGL/1771223408.json to Snowflake stage...
[2026-02-17T06:29:41.239+0000] {logging_mixin.py:188} INFO - Uploading /opt/***/data/minio/GOOGL/1771223420.json to Snowflake stage...
[2026-02-17T06:29:41.877+0000] {logging_mixin.py:188} INFO - Uploading /opt/***/data/minio/GOOGL/1771223431.json to Snowflake stage...
[2026-02-17T06:29:42.512+0000] {logging_mixin.py:188} INFO - Uploading /opt/***/data/minio/GOOGL/1771223442.json to Snowflake stage...
[2026-02-17T06:29:43.148+0000] {logging_mixin.py:188} INFO - Uploading /opt/***/data/minio/GOOGL/1771223452.json to Snowflake stage...
[2026-02-17T06:29:43.783+0000] {logging_mixin.py:188} INFO - Uploading /opt/***/data/minio/GOOGL/1771223463.json to Snowflake stage...
[2026-02-17T06:29:44.434+0000] {logging_mixin.py:188} INFO - Uploading /opt/***/data/minio/GOOGL/1771223475.json to Snowflake stage...
[2026-02-17T06:29:45.145+0000] {logging_mixin.py:188} INFO - Uploading /opt/***/data/minio/GOOGL/1771223487.json to Snowflake stage...
[2026-02-17T06:29:45.864+0000] {logging_mixin.py:188} INFO - Uploading /opt/***/data/minio/GOOGL/1771223497.json to Snowflake stage...
[2026-02-17T06:29:46.587+0000] {logging_mixin.py:188} INFO - Uploading /opt/***/data/minio/GOOGL/1771223509.json to Snowflake stage...
[2026-02-17T06:29:47.230+0000] {logging_mixin.py:188} INFO - Uploading /opt/***/data/minio/GOOGL/1771223520.json to Snowflake stage...
[2026-02-17T06:29:47.865+0000] {logging_mixin.py:188} INFO - Uploading /opt/***/data/minio/GOOGL/1771223530.json to Snowflake stage...
[2026-02-17T06:29:48.892+0000] {logging_mixin.py:188} INFO - Uploading /opt/***/data/minio/GOOGL/1771223540.json to Snowflake stage...
[2026-02-17T06:29:49.512+0000] {logging_mixin.py:188} INFO - Uploading /opt/***/data/minio/GOOGL/1771223551.json to Snowflake stage...
[2026-02-17T06:29:50.055+0000] {logging_mixin.py:188} INFO - Uploading /opt/***/data/minio/GOOGL/1771223562.json to Snowflake stage...
[2026-02-17T06:29:50.730+0000] {logging_mixin.py:188} INFO - Uploading /opt/***/data/minio/GOOGL/1771223572.json to Snowflake stage...
[2026-02-17T06:29:51.365+0000] {logging_mixin.py:188} INFO - Uploading /opt/***/data/minio/GOOGL/1771223584.json to Snowflake stage...
[2026-02-17T06:29:52.012+0000] {logging_mixin.py:188} INFO - Uploading /opt/***/data/minio/GOOGL/1771223597.json to Snowflake stage...
[2026-02-17T06:29:52.640+0000] {logging_mixin.py:188} INFO - Uploading /opt/***/data/minio/GOOGL/1771223611.json to Snowflake stage...
[2026-02-17T06:29:53.294+0000] {logging_mixin.py:188} INFO - Uploading /opt/***/data/minio/GOOGL/1771223622.json to Snowflake stage...
[2026-02-17T06:29:53.946+0000] {logging_mixin.py:188} INFO - Uploading /opt/***/data/minio/GOOGL/1771223634.json to Snowflake stage...
[2026-02-17T06:29:54.585+0000] {logging_mixin.py:188} INFO - Uploading /opt/***/data/minio/GOOGL/1771223647.json to Snowflake stage...
[2026-02-17T06:29:55.215+0000] {logging_mixin.py:188} INFO - Uploading /opt/***/data/minio/GOOGL/1771223658.json to Snowflake stage...
[2026-02-17T06:29:55.858+0000] {logging_mixin.py:188} INFO - Uploading /opt/***/data/minio/GOOGL/1771223678.json to Snowflake stage...
[2026-02-17T06:29:56.497+0000] {logging_mixin.py:188} INFO - Uploading /opt/***/data/minio/GOOGL/1771223690.json to Snowflake stage...
[2026-02-17T06:29:57.133+0000] {logging_mixin.py:188} INFO - Uploading /opt/***/data/minio/GOOGL/1771223702.json to Snowflake stage...
[2026-02-17T06:29:57.777+0000] {logging_mixin.py:188} INFO - Uploading /opt/***/data/minio/GOOGL/1771223712.json to Snowflake stage...
[2026-02-17T06:29:58.521+0000] {logging_mixin.py:188} INFO - Uploading /opt/***/data/minio/GOOGL/1771223722.json to Snowflake stage...
[2026-02-17T06:29:59.062+0000] {logging_mixin.py:188} INFO - Uploading /opt/***/data/minio/GOOGL/1771223733.json to Snowflake stage...
[2026-02-17T06:29:59.693+0000] {logging_mixin.py:188} INFO - Uploading /opt/***/data/minio/GOOGL/1771223743.json to Snowflake stage...
[2026-02-17T06:30:00.337+0000] {logging_mixin.py:188} INFO - Uploading /opt/***/data/minio/GOOGL/1771223753.json to Snowflake stage...
[2026-02-17T06:30:00.887+0000] {logging_mixin.py:188} INFO - Uploading /opt/***/data/minio/GOOGL/1771223765.json to Snowflake stage...
[2026-02-17T06:30:01.958+0000] {logging_mixin.py:188} INFO - Uploading /opt/***/data/minio/GOOGL/1771223778.json to Snowflake stage...
[2026-02-17T06:30:02.462+0000] {logging_mixin.py:188} INFO - Uploading /opt/***/data/minio/GOOGL/1771223789.json to Snowflake stage...
[2026-02-17T06:30:03.050+0000] {logging_mixin.py:188} INFO - Uploading /opt/***/data/minio/GOOGL/1771223802.json to Snowflake stage...
[2026-02-17T06:30:03.698+0000] {logging_mixin.py:188} INFO - Uploading /opt/***/data/minio/GOOGL/1771223835.json to Snowflake stage...
[2026-02-17T06:30:04.264+0000] {logging_mixin.py:188} INFO - Uploading /opt/***/data/minio/GOOGL/1771223898.json to Snowflake stage...
[2026-02-17T06:30:04.831+0000] {logging_mixin.py:188} INFO - Uploading /opt/***/data/minio/GOOGL/1771223935.json to Snowflake stage...
[2026-02-17T06:30:05.371+0000] {logging_mixin.py:188} INFO - Uploading /opt/***/data/minio/GOOGL/1771223948.json to Snowflake stage...
[2026-02-17T06:30:05.989+0000] {logging_mixin.py:188} INFO - Uploading /opt/***/data/minio/GOOGL/1771223961.json to Snowflake stage...
[2026-02-17T06:30:06.660+0000] {logging_mixin.py:188} INFO - Uploading /opt/***/data/minio/GOOGL/1771223975.json to Snowflake stage...
[2026-02-17T06:30:07.297+0000] {logging_mixin.py:188} INFO - Uploading /opt/***/data/minio/GOOGL/1771223987.json to Snowflake stage...
[2026-02-17T06:30:07.930+0000] {logging_mixin.py:188} INFO - Uploading /opt/***/data/minio/GOOGL/1771223998.json to Snowflake stage...
[2026-02-17T06:30:08.663+0000] {logging_mixin.py:188} INFO - Uploading /opt/***/data/minio/GOOGL/1771224009.json to Snowflake stage...
[2026-02-17T06:30:09.297+0000] {logging_mixin.py:188} INFO - Uploading /opt/***/data/minio/GOOGL/1771224020.json to Snowflake stage...
[2026-02-17T06:30:10.536+0000] {logging_mixin.py:188} INFO - Uploading /opt/***/data/minio/GOOGL/1771224032.json to Snowflake stage...
[2026-02-17T06:30:11.148+0000] {logging_mixin.py:188} INFO - Uploading /opt/***/data/minio/GOOGL/1771224043.json to Snowflake stage...
[2026-02-17T06:30:11.788+0000] {logging_mixin.py:188} INFO - Uploading /opt/***/data/minio/GOOGL/1771224054.json to Snowflake stage...
[2026-02-17T06:30:12.455+0000] {logging_mixin.py:188} INFO - Uploading /opt/***/data/minio/GOOGL/1771224068.json to Snowflake stage...
[2026-02-17T06:30:13.152+0000] {logging_mixin.py:188} INFO - Uploading /opt/***/data/minio/GOOGL/1771224080.json to Snowflake stage...
[2026-02-17T06:30:13.874+0000] {logging_mixin.py:188} INFO - Uploading /opt/***/data/minio/GOOGL/1771224091.json to Snowflake stage...
[2026-02-17T06:30:14.660+0000] {logging_mixin.py:188} INFO - Uploading /opt/***/data/minio/GOOGL/1771224102.json to Snowflake stage...
[2026-02-17T06:30:15.296+0000] {logging_mixin.py:188} INFO - Uploading /opt/***/data/minio/GOOGL/1771224113.json to Snowflake stage...
[2026-02-17T06:30:15.938+0000] {logging_mixin.py:188} INFO - Uploading /opt/***/data/minio/GOOGL/1771224123.json to Snowflake stage...
[2026-02-17T06:30:16.684+0000] {logging_mixin.py:188} INFO - Uploading /opt/***/data/minio/GOOGL/1771224135.json to Snowflake stage...
[2026-02-17T06:30:17.302+0000] {logging_mixin.py:188} INFO - Uploading /opt/***/data/minio/GOOGL/1771224145.json to Snowflake stage...
[2026-02-17T06:30:17.967+0000] {logging_mixin.py:188} INFO - Uploading /opt/***/data/minio/GOOGL/1771224156.json to Snowflake stage...
[2026-02-17T06:30:18.666+0000] {logging_mixin.py:188} INFO - Uploading /opt/***/data/minio/GOOGL/1771224167.json to Snowflake stage...
[2026-02-17T06:30:19.391+0000] {logging_mixin.py:188} INFO - Uploading /opt/***/data/minio/GOOGL/1771224178.json to Snowflake stage...
[2026-02-17T06:30:20.087+0000] {logging_mixin.py:188} INFO - Uploading /opt/***/data/minio/GOOGL/1771224190.json to Snowflake stage...
[2026-02-17T06:30:20.694+0000] {logging_mixin.py:188} INFO - Uploading /opt/***/data/minio/GOOGL/1771224202.json to Snowflake stage...
[2026-02-17T06:30:21.274+0000] {logging_mixin.py:188} INFO - Uploading /opt/***/data/minio/GOOGL/1771224214.json to Snowflake stage...
[2026-02-17T06:30:21.833+0000] {logging_mixin.py:188} INFO - Uploading /opt/***/data/minio/GOOGL/1771224227.json to Snowflake stage...
[2026-02-17T06:30:22.503+0000] {logging_mixin.py:188} INFO - Uploading /opt/***/data/minio/GOOGL/1771224241.json to Snowflake stage...
[2026-02-17T06:30:23.153+0000] {logging_mixin.py:188} INFO - Uploading /opt/***/data/minio/GOOGL/1771224254.json to Snowflake stage...
[2026-02-17T06:30:53.831+0000] {connectionpool.py:824} WARNING - Retrying (Retry(total=0, connect=None, read=None, redirect=None, status=None)) after connection broken by 'ProtocolError('Connection aborted.', RemoteDisconnected('Remote end closed connection without response'))': /?accelerate
[2026-02-17T06:30:55.816+0000] {logging_mixin.py:188} INFO - Uploading /opt/***/data/minio/GOOGL/1771224516.json to Snowflake stage...
[2026-02-17T06:30:56.608+0000] {logging_mixin.py:188} INFO - Uploading /opt/***/data/minio/GOOGL/1771224528.json to Snowflake stage...
[2026-02-17T06:31:21.047+0000] {connectionpool.py:824} WARNING - Retrying (Retry(total=0, connect=None, read=None, redirect=None, status=None)) after connection broken by 'NewConnectionError('<snowflake.connector.vendored.urllib3.connection.HTTPSConnection object at 0x73c87ed5bc50>: Failed to establish a new connection: [Errno -3] Temporary failure in name resolution')': /?accelerate
[2026-02-17T06:31:29.402+0000] {logging_mixin.py:188} INFO - Uploading /opt/***/data/minio/GOOGL/1771224542.json to Snowflake stage...
[2026-02-17T06:31:30.155+0000] {logging_mixin.py:188} INFO - Uploading /opt/***/data/minio/GOOGL/1771224554.json to Snowflake stage...
[2026-02-17T06:32:01.620+0000] {job.py:226} ERROR - Job heartbeat failed with error. Scheduler is in unhealthy state
[2026-02-17T06:32:15.282+0000] {connectionpool.py:824} WARNING - Retrying (Retry(total=0, connect=None, read=None, redirect=None, status=None)) after connection broken by 'ProtocolError('Connection aborted.', RemoteDisconnected('Remote end closed connection without response'))': /ev2g1000-s/tables/83986386969/1771224554.json.gz
[2026-02-17T06:32:17.128+0000] {logging_mixin.py:188} INFO - Uploading /opt/***/data/minio/GOOGL/1771224567.json to Snowflake stage...
[2026-02-17T06:32:17.764+0000] {logging_mixin.py:188} INFO - Uploading /opt/***/data/minio/GOOGL/1771224580.json to Snowflake stage...
[2026-02-17T06:32:18.576+0000] {logging_mixin.py:188} INFO - Uploading /opt/***/data/minio/GOOGL/1771224592.json to Snowflake stage...
[2026-02-17T06:32:20.136+0000] {logging_mixin.py:188} INFO - Uploading /opt/***/data/minio/GOOGL/1771224605.json to Snowflake stage...
[2026-02-17T06:33:06.861+0000] {job.py:226} ERROR - Job heartbeat failed with error. Scheduler is in unhealthy state
[2026-02-17T06:33:35.634+0000] {logging_mixin.py:188} INFO - Uploading /opt/***/data/minio/GOOGL/1771224615.json to Snowflake stage...
[2026-02-17T06:33:36.313+0000] {logging_mixin.py:188} INFO - Uploading /opt/***/data/minio/GOOGL/1771224626.json to Snowflake stage...
[2026-02-17T06:33:37.871+0000] {logging_mixin.py:188} INFO - Uploading /opt/***/data/minio/GOOGL/1771224637.json to Snowflake stage...
[2026-02-17T06:33:38.689+0000] {logging_mixin.py:188} INFO - Uploading /opt/***/data/minio/GOOGL/1771224658.json to Snowflake stage...
[2026-02-17T06:33:39.393+0000] {logging_mixin.py:188} INFO - Uploading /opt/***/data/minio/GOOGL/1771224670.json to Snowflake stage...
[2026-02-17T06:33:40.130+0000] {logging_mixin.py:188} INFO - Uploading /opt/***/data/minio/GOOGL/1771224682.json to Snowflake stage...
[2026-02-17T06:33:40.810+0000] {logging_mixin.py:188} INFO - Uploading /opt/***/data/minio/GOOGL/1771224695.json to Snowflake stage...
[2026-02-17T06:33:41.364+0000] {logging_mixin.py:188} INFO - Uploading /opt/***/data/minio/GOOGL/1771224707.json to Snowflake stage...
[2026-02-17T06:33:41.860+0000] {logging_mixin.py:188} INFO - Uploading /opt/***/data/minio/GOOGL/1771224720.json to Snowflake stage...
[2026-02-17T06:33:42.398+0000] {logging_mixin.py:188} INFO - Uploading /opt/***/data/minio/GOOGL/1771224733.json to Snowflake stage...
[2026-02-17T06:33:43.009+0000] {logging_mixin.py:188} INFO - Uploading /opt/***/data/minio/GOOGL/1771224744.json to Snowflake stage...
[2026-02-17T06:33:43.649+0000] {logging_mixin.py:188} INFO - Uploading /opt/***/data/minio/GOOGL/1771224758.json to Snowflake stage...
[2026-02-17T06:33:44.315+0000] {logging_mixin.py:188} INFO - Uploading /opt/***/data/minio/GOOGL/1771224772.json to Snowflake stage...
[2026-02-17T06:33:44.993+0000] {logging_mixin.py:188} INFO - Uploading /opt/***/data/minio/GOOGL/1771224786.json to Snowflake stage...
[2026-02-17T06:33:45.613+0000] {logging_mixin.py:188} INFO - Uploading /opt/***/data/minio/GOOGL/1771224798.json to Snowflake stage...
[2026-02-17T06:33:46.209+0000] {logging_mixin.py:188} INFO - Uploading /opt/***/data/minio/GOOGL/1771224811.json to Snowflake stage...
[2026-02-17T06:33:46.914+0000] {logging_mixin.py:188} INFO - Uploading /opt/***/data/minio/GOOGL/1771224822.json to Snowflake stage...
[2026-02-17T06:33:47.852+0000] {logging_mixin.py:188} INFO - Uploading /opt/***/data/minio/GOOGL/1771224834.json to Snowflake stage...
[2026-02-17T06:33:48.395+0000] {logging_mixin.py:188} INFO - Uploading /opt/***/data/minio/GOOGL/1771224846.json to Snowflake stage...
[2026-02-17T06:33:48.984+0000] {logging_mixin.py:188} INFO - Uploading /opt/***/data/minio/GOOGL/1771224858.json to Snowflake stage...
[2026-02-17T06:33:49.590+0000] {logging_mixin.py:188} INFO - Uploading /opt/***/data/minio/GOOGL/1771224869.json to Snowflake stage...
[2026-02-17T06:33:50.352+0000] {logging_mixin.py:188} INFO - Uploading /opt/***/data/minio/GOOGL/1771224880.json to Snowflake stage...
[2026-02-17T06:33:51.117+0000] {logging_mixin.py:188} INFO - Uploading /opt/***/data/minio/GOOGL/1771224891.json to Snowflake stage...
[2026-02-17T06:33:51.860+0000] {logging_mixin.py:188} INFO - Uploading /opt/***/data/minio/GOOGL/1771224903.json to Snowflake stage...
[2026-02-17T06:33:53.360+0000] {logging_mixin.py:188} INFO - Uploading /opt/***/data/minio/GOOGL/1771224913.json to Snowflake stage...
[2026-02-17T06:36:36.110+0000] {logging_mixin.py:188} INFO - Uploading /opt/***/data/minio/GOOGL/1771224923.json to Snowflake stage...
[2026-02-17T06:36:41.684+0000] {logging_mixin.py:188} INFO - Uploading /opt/***/data/minio/GOOGL/1771224934.json to Snowflake stage...
[2026-02-17T06:36:42.801+0000] {logging_mixin.py:188} INFO - Uploading /opt/***/data/minio/GOOGL/1771224945.json to Snowflake stage...
[2026-02-17T06:36:45.119+0000] {logging_mixin.py:188} INFO - Uploading /opt/***/data/minio/GOOGL/1771224956.json to Snowflake stage...
[2026-02-17T06:36:46.161+0000] {logging_mixin.py:188} INFO - Uploading /opt/***/data/minio/GOOGL/1771224966.json to Snowflake stage...
[2026-02-17T06:36:48.238+0000] {logging_mixin.py:188} INFO - Uploading /opt/***/data/minio/GOOGL/1771224978.json to Snowflake stage...
[2026-02-17T06:36:51.531+0000] {logging_mixin.py:188} INFO - Uploading /opt/***/data/minio/GOOGL/1771224988.json to Snowflake stage...
[2026-02-17T06:36:52.121+0000] {logging_mixin.py:188} INFO - Uploading /opt/***/data/minio/GOOGL/1771224999.json to Snowflake stage...
[2026-02-17T06:36:52.991+0000] {logging_mixin.py:188} INFO - Uploading /opt/***/data/minio/GOOGL/1771225011.json to Snowflake stage...
[2026-02-17T06:36:54.082+0000] {logging_mixin.py:188} INFO - Uploading /opt/***/data/minio/GOOGL/1771225021.json to Snowflake stage...
[2026-02-17T06:36:54.706+0000] {logging_mixin.py:188} INFO - Uploading /opt/***/data/minio/GOOGL/1771225032.json to Snowflake stage...
[2026-02-17T06:36:55.319+0000] {logging_mixin.py:188} INFO - Uploading /opt/***/data/minio/GOOGL/1771225044.json to Snowflake stage...
[2026-02-17T06:36:56.137+0000] {logging_mixin.py:188} INFO - Uploading /opt/***/data/minio/GOOGL/1771225055.json to Snowflake stage...
[2026-02-17T06:36:57.057+0000] {logging_mixin.py:188} INFO - Uploading /opt/***/data/minio/GOOGL/1771225066.json to Snowflake stage...
[2026-02-17T06:36:57.689+0000] {logging_mixin.py:188} INFO - Uploading /opt/***/data/minio/GOOGL/1771225077.json to Snowflake stage...
[2026-02-17T06:36:58.304+0000] {logging_mixin.py:188} INFO - Uploading /opt/***/data/minio/GOOGL/1771225087.json to Snowflake stage...
[2026-02-17T06:36:58.984+0000] {logging_mixin.py:188} INFO - Uploading /opt/***/data/minio/GOOGL/1771225098.json to Snowflake stage...
[2026-02-17T06:36:59.787+0000] {logging_mixin.py:188} INFO - Uploading /opt/***/data/minio/GOOGL/1771225109.json to Snowflake stage...
[2026-02-17T06:37:00.605+0000] {logging_mixin.py:188} INFO - Uploading /opt/***/data/minio/GOOGL/1771225121.json to Snowflake stage...
[2026-02-17T06:37:01.251+0000] {logging_mixin.py:188} INFO - Uploading /opt/***/data/minio/GOOGL/1771225136.json to Snowflake stage...
[2026-02-17T06:37:01.958+0000] {logging_mixin.py:188} INFO - Uploading /opt/***/data/minio/GOOGL/1771225147.json to Snowflake stage...
[2026-02-17T06:37:02.956+0000] {logging_mixin.py:188} INFO - Uploading /opt/***/data/minio/GOOGL/1771225158.json to Snowflake stage...
[2026-02-17T06:37:03.665+0000] {logging_mixin.py:188} INFO - Uploading /opt/***/data/minio/GOOGL/1771225169.json to Snowflake stage...
[2026-02-17T06:37:04.586+0000] {logging_mixin.py:188} INFO - Uploading /opt/***/data/minio/GOOGL/1771225190.json to Snowflake stage...
[2026-02-17T06:37:05.217+0000] {logging_mixin.py:188} INFO - Uploading /opt/***/data/minio/GOOGL/1771225202.json to Snowflake stage...
[2026-02-17T06:37:06.001+0000] {logging_mixin.py:188} INFO - Uploading /opt/***/data/minio/GOOGL/1771225215.json to Snowflake stage...
[2026-02-17T06:37:06.788+0000] {logging_mixin.py:188} INFO - Uploading /opt/***/data/minio/GOOGL/1771225227.json to Snowflake stage...
[2026-02-17T06:37:07.528+0000] {logging_mixin.py:188} INFO - Uploading /opt/***/data/minio/GOOGL/1771225239.json to Snowflake stage...
[2026-02-17T06:37:08.185+0000] {logging_mixin.py:188} INFO - Uploading /opt/***/data/minio/GOOGL/1771225252.json to Snowflake stage...
[2026-02-17T06:37:09.068+0000] {logging_mixin.py:188} INFO - Uploading /opt/***/data/minio/GOOGL/1771225262.json to Snowflake stage...
[2026-02-17T06:37:09.957+0000] {logging_mixin.py:188} INFO - Uploading /opt/***/data/minio/GOOGL/1771225278.json to Snowflake stage...
[2026-02-17T06:37:10.932+0000] {logging_mixin.py:188} INFO - Uploading /opt/***/data/minio/GOOGL/1771225289.json to Snowflake stage...
[2026-02-17T06:37:11.530+0000] {logging_mixin.py:188} INFO - Uploading /opt/***/data/minio/GOOGL/1771225300.json to Snowflake stage...
[2026-02-17T06:37:12.088+0000] {logging_mixin.py:188} INFO - Uploading /opt/***/data/minio/GOOGL/1771225311.json to Snowflake stage...
[2026-02-17T06:37:13.557+0000] {logging_mixin.py:188} INFO - Uploading /opt/***/data/minio/GOOGL/1771225322.json to Snowflake stage...
[2026-02-17T06:37:14.513+0000] {logging_mixin.py:188} INFO - Uploading /opt/***/data/minio/GOOGL/1771225334.json to Snowflake stage...
[2026-02-17T06:37:15.032+0000] {logging_mixin.py:188} INFO - Uploading /opt/***/data/minio/GOOGL/1771225346.json to Snowflake stage...
[2026-02-17T06:37:15.642+0000] {logging_mixin.py:188} INFO - Uploading /opt/***/data/minio/GOOGL/1771225357.json to Snowflake stage...
[2026-02-17T06:37:16.246+0000] {logging_mixin.py:188} INFO - Uploading /opt/***/data/minio/GOOGL/1771225370.json to Snowflake stage...
[2026-02-17T06:37:16.843+0000] {logging_mixin.py:188} INFO - Uploading /opt/***/data/minio/GOOGL/1771225381.json to Snowflake stage...
[2026-02-17T06:37:17.794+0000] {logging_mixin.py:188} INFO - Uploading /opt/***/data/minio/GOOGL/1771225391.json to Snowflake stage...
[2026-02-17T06:37:18.400+0000] {logging_mixin.py:188} INFO - Uploading /opt/***/data/minio/GOOGL/1771225402.json to Snowflake stage...
[2026-02-17T06:37:18.951+0000] {logging_mixin.py:188} INFO - Uploading /opt/***/data/minio/GOOGL/1771225412.json to Snowflake stage...
[2026-02-17T06:37:19.564+0000] {logging_mixin.py:188} INFO - Uploading /opt/***/data/minio/GOOGL/1771225422.json to Snowflake stage...
[2026-02-17T06:37:20.134+0000] {logging_mixin.py:188} INFO - Uploading /opt/***/data/minio/GOOGL/1771225435.json to Snowflake stage...
[2026-02-17T06:37:20.935+0000] {logging_mixin.py:188} INFO - Uploading /opt/***/data/minio/GOOGL/1771225446.json to Snowflake stage...
[2026-02-17T06:37:21.731+0000] {logging_mixin.py:188} INFO - Uploading /opt/***/data/minio/GOOGL/1771225456.json to Snowflake stage...
[2026-02-17T06:37:22.354+0000] {logging_mixin.py:188} INFO - Uploading /opt/***/data/minio/GOOGL/1771225467.json to Snowflake stage...
[2026-02-17T06:37:23.046+0000] {logging_mixin.py:188} INFO - Uploading /opt/***/data/minio/GOOGL/1771225479.json to Snowflake stage...
[2026-02-17T06:37:23.864+0000] {logging_mixin.py:188} INFO - Uploading /opt/***/data/minio/GOOGL/1771225489.json to Snowflake stage...
[2026-02-17T06:37:24.562+0000] {logging_mixin.py:188} INFO - Uploading /opt/***/data/minio/GOOGL/1771225500.json to Snowflake stage...
[2026-02-17T06:37:25.208+0000] {logging_mixin.py:188} INFO - Uploading /opt/***/data/minio/GOOGL/1771225510.json to Snowflake stage...
[2026-02-17T06:37:25.825+0000] {logging_mixin.py:188} INFO - Uploading /opt/***/data/minio/GOOGL/1771225521.json to Snowflake stage...
[2026-02-17T06:37:26.479+0000] {logging_mixin.py:188} INFO - Uploading /opt/***/data/minio/GOOGL/1771225532.json to Snowflake stage...
[2026-02-17T06:37:27.030+0000] {logging_mixin.py:188} INFO - Uploading /opt/***/data/minio/GOOGL/1771225543.json to Snowflake stage...
[2026-02-17T06:37:27.597+0000] {logging_mixin.py:188} INFO - Uploading /opt/***/data/minio/GOOGL/1771225554.json to Snowflake stage...
[2026-02-17T06:37:28.169+0000] {logging_mixin.py:188} INFO - Uploading /opt/***/data/minio/GOOGL/1771225565.json to Snowflake stage...
[2026-02-17T06:37:28.881+0000] {logging_mixin.py:188} INFO - Uploading /opt/***/data/minio/GOOGL/1771225578.json to Snowflake stage...
[2026-02-17T06:37:29.548+0000] {logging_mixin.py:188} INFO - Uploading /opt/***/data/minio/GOOGL/1771225589.json to Snowflake stage...
[2026-02-17T06:37:30.279+0000] {logging_mixin.py:188} INFO - Uploading /opt/***/data/minio/GOOGL/1771225600.json to Snowflake stage...
[2026-02-17T06:37:31.066+0000] {logging_mixin.py:188} INFO - Uploading /opt/***/data/minio/GOOGL/1771225611.json to Snowflake stage...
[2026-02-17T06:37:31.778+0000] {logging_mixin.py:188} INFO - Uploading /opt/***/data/minio/GOOGL/1771225622.json to Snowflake stage...
[2026-02-17T06:37:32.495+0000] {logging_mixin.py:188} INFO - Uploading /opt/***/data/minio/GOOGL/1771225633.json to Snowflake stage...
[2026-02-17T06:37:33.246+0000] {logging_mixin.py:188} INFO - Uploading /opt/***/data/minio/GOOGL/1771225644.json to Snowflake stage...
[2026-02-17T06:37:33.806+0000] {logging_mixin.py:188} INFO - Uploading /opt/***/data/minio/GOOGL/1771225655.json to Snowflake stage...
[2026-02-17T06:37:34.321+0000] {logging_mixin.py:188} INFO - Uploading /opt/***/data/minio/GOOGL/1771225666.json to Snowflake stage...
[2026-02-17T06:37:34.801+0000] {logging_mixin.py:188} INFO - Uploading /opt/***/data/minio/GOOGL/1771225676.json to Snowflake stage...
[2026-02-17T06:37:36.130+0000] {logging_mixin.py:188} INFO - Uploading /opt/***/data/minio/GOOGL/1771225686.json to Snowflake stage...
[2026-02-17T06:37:36.649+0000] {logging_mixin.py:188} INFO - Uploading /opt/***/data/minio/GOOGL/1771225697.json to Snowflake stage...
[2026-02-17T06:37:37.166+0000] {logging_mixin.py:188} INFO - Uploading /opt/***/data/minio/GOOGL/1771225708.json to Snowflake stage...
[2026-02-17T06:37:37.664+0000] {logging_mixin.py:188} INFO - Uploading /opt/***/data/minio/GOOGL/1771225718.json to Snowflake stage...
[2026-02-17T06:37:38.280+0000] {logging_mixin.py:188} INFO - Uploading /opt/***/data/minio/GOOGL/1771225730.json to Snowflake stage...
[2026-02-17T06:37:38.960+0000] {logging_mixin.py:188} INFO - Uploading /opt/***/data/minio/GOOGL/1771225741.json to Snowflake stage...
[2026-02-17T06:37:39.689+0000] {logging_mixin.py:188} INFO - Uploading /opt/***/data/minio/GOOGL/1771225752.json to Snowflake stage...
[2026-02-17T06:37:40.617+0000] {logging_mixin.py:188} INFO - Uploading /opt/***/data/minio/GOOGL/1771225762.json to Snowflake stage...
[2026-02-17T06:37:41.440+0000] {logging_mixin.py:188} INFO - Uploading /opt/***/data/minio/GOOGL/1771225774.json to Snowflake stage...
[2026-02-17T06:37:42.165+0000] {logging_mixin.py:188} INFO - Uploading /opt/***/data/minio/GOOGL/1771225784.json to Snowflake stage...
[2026-02-17T06:37:42.850+0000] {logging_mixin.py:188} INFO - Uploading /opt/***/data/minio/GOOGL/1771225795.json to Snowflake stage...
[2026-02-17T06:37:43.534+0000] {logging_mixin.py:188} INFO - Uploading /opt/***/data/minio/GOOGL/1771225805.json to Snowflake stage...
[2026-02-17T06:37:44.348+0000] {logging_mixin.py:188} INFO - Uploading /opt/***/data/minio/GOOGL/1771225816.json to Snowflake stage...
[2026-02-17T06:37:45.134+0000] {logging_mixin.py:188} INFO - Uploading /opt/***/data/minio/GOOGL/1771225827.json to Snowflake stage...
[2026-02-17T06:37:45.854+0000] {logging_mixin.py:188} INFO - Uploading /opt/***/data/minio/GOOGL/1771225838.json to Snowflake stage...
[2026-02-17T06:37:46.647+0000] {logging_mixin.py:188} INFO - Uploading /opt/***/data/minio/GOOGL/1771225849.json to Snowflake stage...
[2026-02-17T06:37:47.161+0000] {logging_mixin.py:188} INFO - Uploading /opt/***/data/minio/GOOGL/1771225861.json to Snowflake stage...
[2026-02-17T06:37:47.761+0000] {logging_mixin.py:188} INFO - Uploading /opt/***/data/minio/GOOGL/1771225872.json to Snowflake stage...
[2026-02-17T06:37:48.363+0000] {logging_mixin.py:188} INFO - Uploading /opt/***/data/minio/GOOGL/1771225882.json to Snowflake stage...
[2026-02-17T06:37:49.038+0000] {logging_mixin.py:188} INFO - Uploading /opt/***/data/minio/GOOGL/1771225893.json to Snowflake stage...
[2026-02-17T06:37:49.690+0000] {logging_mixin.py:188} INFO - Uploading /opt/***/data/minio/GOOGL/1771225904.json to Snowflake stage...
[2026-02-17T06:37:50.320+0000] {logging_mixin.py:188} INFO - Uploading /opt/***/data/minio/GOOGL/1771225914.json to Snowflake stage...
[2026-02-17T06:37:50.912+0000] {logging_mixin.py:188} INFO - Uploading /opt/***/data/minio/GOOGL/1771225925.json to Snowflake stage...
[2026-02-17T06:37:51.623+0000] {logging_mixin.py:188} INFO - Uploading /opt/***/data/minio/GOOGL/1771225936.json to Snowflake stage...
[2026-02-17T06:37:52.240+0000] {logging_mixin.py:188} INFO - Uploading /opt/***/data/minio/GOOGL/1771225946.json to Snowflake stage...
[2026-02-17T06:37:52.899+0000] {logging_mixin.py:188} INFO - Uploading /opt/***/data/minio/GOOGL/1771225956.json to Snowflake stage...
[2026-02-17T06:37:53.610+0000] {logging_mixin.py:188} INFO - Uploading /opt/***/data/minio/GOOGL/1771225967.json to Snowflake stage...
[2026-02-17T06:37:54.161+0000] {logging_mixin.py:188} INFO - Uploading /opt/***/data/minio/GOOGL/1771225978.json to Snowflake stage...
[2026-02-17T06:37:54.704+0000] {logging_mixin.py:188} INFO - Uploading /opt/***/data/minio/GOOGL/1771225988.json to Snowflake stage...
[2026-02-17T06:37:55.356+0000] {logging_mixin.py:188} INFO - Uploading /opt/***/data/minio/GOOGL/1771225999.json to Snowflake stage...
[2026-02-17T06:37:56.006+0000] {logging_mixin.py:188} INFO - Uploading /opt/***/data/minio/GOOGL/1771226009.json to Snowflake stage...
[2026-02-17T06:37:56.727+0000] {logging_mixin.py:188} INFO - Uploading /opt/***/data/minio/GOOGL/1771226020.json to Snowflake stage...
[2026-02-17T06:37:57.360+0000] {logging_mixin.py:188} INFO - Uploading /opt/***/data/minio/GOOGL/1771226030.json to Snowflake stage...
[2026-02-17T06:37:58.011+0000] {logging_mixin.py:188} INFO - Uploading /opt/***/data/minio/GOOGL/1771226041.json to Snowflake stage...
[2026-02-17T06:37:59.583+0000] {logging_mixin.py:188} INFO - Uploading /opt/***/data/minio/GOOGL/1771226052.json to Snowflake stage...
[2026-02-17T06:38:00.261+0000] {logging_mixin.py:188} INFO - Uploading /opt/***/data/minio/GOOGL/1771226062.json to Snowflake stage...
[2026-02-17T06:38:01.208+0000] {logging_mixin.py:188} INFO - Uploading /opt/***/data/minio/GOOGL/1771226073.json to Snowflake stage...
[2026-02-17T06:38:03.255+0000] {logging_mixin.py:188} INFO - Uploading /opt/***/data/minio/GOOGL/1771226084.json to Snowflake stage...
[2026-02-17T06:38:04.181+0000] {logging_mixin.py:188} INFO - Uploading /opt/***/data/minio/GOOGL/1771226094.json to Snowflake stage...
[2026-02-17T06:38:05.380+0000] {logging_mixin.py:188} INFO - Uploading /opt/***/data/minio/GOOGL/1771226106.json to Snowflake stage...
[2026-02-17T06:38:06.516+0000] {logging_mixin.py:188} INFO - Uploading /opt/***/data/minio/GOOGL/1771226117.json to Snowflake stage...
[2026-02-17T06:38:07.953+0000] {logging_mixin.py:188} INFO - Uploading /opt/***/data/minio/GOOGL/1771226128.json to Snowflake stage...
[2026-02-17T06:38:08.901+0000] {logging_mixin.py:188} INFO - Uploading /opt/***/data/minio/GOOGL/1771226139.json to Snowflake stage...
[2026-02-17T06:38:09.788+0000] {logging_mixin.py:188} INFO - Uploading /opt/***/data/minio/GOOGL/1771226150.json to Snowflake stage...
[2026-02-17T06:38:10.491+0000] {logging_mixin.py:188} INFO - Uploading /opt/***/data/minio/GOOGL/1771226161.json to Snowflake stage...
[2026-02-17T06:38:11.247+0000] {logging_mixin.py:188} INFO - Uploading /opt/***/data/minio/GOOGL/1771226172.json to Snowflake stage...
[2026-02-17T06:38:12.703+0000] {logging_mixin.py:188} INFO - Uploading /opt/***/data/minio/GOOGL/1771226182.json to Snowflake stage...
[2026-02-17T06:38:13.444+0000] {logging_mixin.py:188} INFO - Uploading /opt/***/data/minio/GOOGL/1771226193.json to Snowflake stage...
[2026-02-17T06:38:14.047+0000] {logging_mixin.py:188} INFO - Uploading /opt/***/data/minio/GOOGL/1771226204.json to Snowflake stage...
[2026-02-17T06:38:14.655+0000] {logging_mixin.py:188} INFO - Uploading /opt/***/data/minio/GOOGL/1771226216.json to Snowflake stage...
[2026-02-17T06:38:15.292+0000] {logging_mixin.py:188} INFO - Uploading /opt/***/data/minio/GOOGL/1771226226.json to Snowflake stage...
[2026-02-17T06:38:16.024+0000] {logging_mixin.py:188} INFO - Uploading /opt/***/data/minio/GOOGL/1771226237.json to Snowflake stage...
[2026-02-17T06:38:16.824+0000] {logging_mixin.py:188} INFO - Uploading /opt/***/data/minio/GOOGL/1771226247.json to Snowflake stage...
[2026-02-17T06:38:17.579+0000] {logging_mixin.py:188} INFO - Uploading /opt/***/data/minio/GOOGL/1771226257.json to Snowflake stage...
[2026-02-17T06:38:18.265+0000] {logging_mixin.py:188} INFO - Uploading /opt/***/data/minio/GOOGL/1771226268.json to Snowflake stage...
[2026-02-17T06:38:18.987+0000] {logging_mixin.py:188} INFO - Uploading /opt/***/data/minio/GOOGL/1771226279.json to Snowflake stage...
[2026-02-17T06:38:19.699+0000] {logging_mixin.py:188} INFO - Uploading /opt/***/data/minio/GOOGL/1771226289.json to Snowflake stage...
[2026-02-17T06:38:20.424+0000] {logging_mixin.py:188} INFO - Uploading /opt/***/data/minio/GOOGL/1771226300.json to Snowflake stage...
[2026-02-17T06:38:21.069+0000] {logging_mixin.py:188} INFO - Uploading /opt/***/data/minio/GOOGL/1771226312.json to Snowflake stage...
[2026-02-17T06:38:21.934+0000] {logging_mixin.py:188} INFO - Uploading /opt/***/data/minio/GOOGL/1771226322.json to Snowflake stage...
[2026-02-17T06:38:22.753+0000] {logging_mixin.py:188} INFO - Uploading /opt/***/data/minio/GOOGL/1771226333.json to Snowflake stage...
[2026-02-17T06:38:23.386+0000] {logging_mixin.py:188} INFO - Uploading /opt/***/data/minio/GOOGL/1771226344.json to Snowflake stage...
[2026-02-17T06:38:23.959+0000] {logging_mixin.py:188} INFO - Uploading /opt/***/data/minio/GOOGL/1771226355.json to Snowflake stage...
[2026-02-17T06:38:24.534+0000] {logging_mixin.py:188} INFO - Uploading /opt/***/data/minio/GOOGL/1771226366.json to Snowflake stage...
[2026-02-17T06:38:25.218+0000] {logging_mixin.py:188} INFO - Uploading /opt/***/data/minio/GOOGL/1771226377.json to Snowflake stage...
[2026-02-17T06:38:26.538+0000] {logging_mixin.py:188} INFO - Uploading /opt/***/data/minio/GOOGL/1771226389.json to Snowflake stage...
[2026-02-17T06:38:27.250+0000] {logging_mixin.py:188} INFO - Uploading /opt/***/data/minio/GOOGL/1771226400.json to Snowflake stage...
[2026-02-17T06:38:28.475+0000] {logging_mixin.py:188} INFO - Uploading /opt/***/data/minio/GOOGL/1771226411.json to Snowflake stage...
[2026-02-17T06:38:29.294+0000] {logging_mixin.py:188} INFO - Uploading /opt/***/data/minio/GOOGL/1771226422.json to Snowflake stage...
[2026-02-17T06:38:30.278+0000] {logging_mixin.py:188} INFO - Uploading /opt/***/data/minio/GOOGL/1771226435.json to Snowflake stage...
[2026-02-17T06:38:31.023+0000] {logging_mixin.py:188} INFO - Uploading /opt/***/data/minio/GOOGL/1771226445.json to Snowflake stage...
[2026-02-17T06:38:31.736+0000] {logging_mixin.py:188} INFO - Uploading /opt/***/data/minio/GOOGL/1771226456.json to Snowflake stage...
[2026-02-17T06:38:32.395+0000] {logging_mixin.py:188} INFO - Uploading /opt/***/data/minio/GOOGL/1771226468.json to Snowflake stage...
[2026-02-17T06:38:33.120+0000] {logging_mixin.py:188} INFO - Uploading /opt/***/data/minio/GOOGL/1771226480.json to Snowflake stage...
[2026-02-17T06:38:33.845+0000] {logging_mixin.py:188} INFO - Uploading /opt/***/data/minio/GOOGL/1771226490.json to Snowflake stage...
[2026-02-17T06:38:34.644+0000] {logging_mixin.py:188} INFO - Uploading /opt/***/data/minio/GOOGL/1771226502.json to Snowflake stage...
[2026-02-17T06:38:35.292+0000] {logging_mixin.py:188} INFO - Uploading /opt/***/data/minio/GOOGL/1771226513.json to Snowflake stage...
[2026-02-17T06:38:36.013+0000] {logging_mixin.py:188} INFO - Uploading /opt/***/data/minio/GOOGL/1771226525.json to Snowflake stage...
[2026-02-17T06:38:36.784+0000] {logging_mixin.py:188} INFO - Uploading /opt/***/data/minio/GOOGL/1771226536.json to Snowflake stage...
[2026-02-17T06:38:37.550+0000] {logging_mixin.py:188} INFO - Uploading /opt/***/data/minio/GOOGL/1771226547.json to Snowflake stage...
[2026-02-17T06:38:38.098+0000] {logging_mixin.py:188} INFO - Uploading /opt/***/data/minio/GOOGL/1771226558.json to Snowflake stage...
[2026-02-17T06:38:38.704+0000] {logging_mixin.py:188} INFO - Uploading /opt/***/data/minio/GOOGL/1771226568.json to Snowflake stage...
[2026-02-17T06:38:39.705+0000] {logging_mixin.py:188} INFO - Uploading /opt/***/data/minio/GOOGL/1771226579.json to Snowflake stage...
[2026-02-17T06:38:40.357+0000] {logging_mixin.py:188} INFO - Uploading /opt/***/data/minio/GOOGL/1771226590.json to Snowflake stage...
[2026-02-17T06:38:41.039+0000] {logging_mixin.py:188} INFO - Uploading /opt/***/data/minio/GOOGL/1771226601.json to Snowflake stage...
[2026-02-17T06:38:41.767+0000] {logging_mixin.py:188} INFO - Uploading /opt/***/data/minio/GOOGL/1771226614.json to Snowflake stage...
[2026-02-17T06:38:42.300+0000] {logging_mixin.py:188} INFO - Uploading /opt/***/data/minio/GOOGL/1771226626.json to Snowflake stage...
[2026-02-17T06:38:42.914+0000] {logging_mixin.py:188} INFO - Uploading /opt/***/data/minio/GOOGL/1771226637.json to Snowflake stage...
[2026-02-17T06:38:43.488+0000] {logging_mixin.py:188} INFO - Uploading /opt/***/data/minio/GOOGL/1771226648.json to Snowflake stage...
[2026-02-17T06:38:44.090+0000] {logging_mixin.py:188} INFO - Uploading /opt/***/data/minio/GOOGL/1771226660.json to Snowflake stage...
[2026-02-17T06:38:44.982+0000] {logging_mixin.py:188} INFO - Uploading /opt/***/data/minio/GOOGL/1771226671.json to Snowflake stage...
[2026-02-17T06:38:45.823+0000] {logging_mixin.py:188} INFO - Uploading /opt/***/data/minio/GOOGL/1771226682.json to Snowflake stage...
[2026-02-17T06:38:46.412+0000] {logging_mixin.py:188} INFO - Uploading /opt/***/data/minio/GOOGL/1771226693.json to Snowflake stage...
[2026-02-17T06:38:46.991+0000] {logging_mixin.py:188} INFO - Uploading /opt/***/data/minio/GOOGL/1771226704.json to Snowflake stage...
[2026-02-17T06:38:47.629+0000] {logging_mixin.py:188} INFO - Uploading /opt/***/data/minio/GOOGL/1771226714.json to Snowflake stage...
[2026-02-17T06:38:48.351+0000] {logging_mixin.py:188} INFO - Uploading /opt/***/data/minio/GOOGL/1771226725.json to Snowflake stage...
[2026-02-17T06:38:48.922+0000] {logging_mixin.py:188} INFO - Uploading /opt/***/data/minio/GOOGL/1771226736.json to Snowflake stage...
[2026-02-17T06:38:49.508+0000] {logging_mixin.py:188} INFO - Uploading /opt/***/data/minio/GOOGL/1771226747.json to Snowflake stage...
[2026-02-17T06:38:50.159+0000] {logging_mixin.py:188} INFO - Uploading /opt/***/data/minio/GOOGL/1771226758.json to Snowflake stage...
[2026-02-17T06:38:51.049+0000] {logging_mixin.py:188} INFO - Uploading /opt/***/data/minio/GOOGL/1771226769.json to Snowflake stage...
[2026-02-17T06:38:52.389+0000] {logging_mixin.py:188} INFO - Uploading /opt/***/data/minio/GOOGL/1771226780.json to Snowflake stage...
[2026-02-17T06:38:53.001+0000] {logging_mixin.py:188} INFO - Uploading /opt/***/data/minio/GOOGL/1771226792.json to Snowflake stage...
[2026-02-17T06:38:53.670+0000] {logging_mixin.py:188} INFO - Uploading /opt/***/data/minio/GOOGL/1771226802.json to Snowflake stage...
[2026-02-17T06:38:54.249+0000] {logging_mixin.py:188} INFO - Uploading /opt/***/data/minio/GOOGL/1771226816.json to Snowflake stage...
[2026-02-17T06:38:54.970+0000] {logging_mixin.py:188} INFO - Uploading /opt/***/data/minio/GOOGL/1771226830.json to Snowflake stage...
[2026-02-17T06:38:55.585+0000] {logging_mixin.py:188} INFO - Uploading /opt/***/data/minio/GOOGL/1771226841.json to Snowflake stage...
[2026-02-17T06:38:56.902+0000] {logging_mixin.py:188} INFO - Uploading /opt/***/data/minio/GOOGL/1771226853.json to Snowflake stage...
[2026-02-17T06:38:57.625+0000] {logging_mixin.py:188} INFO - Uploading /opt/***/data/minio/GOOGL/1771226872.json to Snowflake stage...
[2026-02-17T06:38:58.238+0000] {logging_mixin.py:188} INFO - Uploading /opt/***/data/minio/GOOGL/1771226886.json to Snowflake stage...
[2026-02-17T06:38:58.899+0000] {logging_mixin.py:188} INFO - Uploading /opt/***/data/minio/GOOGL/1771226899.json to Snowflake stage...
[2026-02-17T06:38:59.475+0000] {logging_mixin.py:188} INFO - Uploading /opt/***/data/minio/GOOGL/1771226911.json to Snowflake stage...
[2026-02-17T06:39:00.202+0000] {logging_mixin.py:188} INFO - Uploading /opt/***/data/minio/GOOGL/1771226927.json to Snowflake stage...
[2026-02-17T06:39:01.229+0000] {logging_mixin.py:188} INFO - Uploading /opt/***/data/minio/GOOGL/1771226940.json to Snowflake stage...
[2026-02-17T06:39:02.013+0000] {logging_mixin.py:188} INFO - Uploading /opt/***/data/minio/GOOGL/1771226954.json to Snowflake stage...
[2026-02-17T06:39:02.826+0000] {logging_mixin.py:188} INFO - Uploading /opt/***/data/minio/GOOGL/1771226967.json to Snowflake stage...
[2026-02-17T06:39:03.704+0000] {logging_mixin.py:188} INFO - Uploading /opt/***/data/minio/GOOGL/1771226978.json to Snowflake stage...
[2026-02-17T06:39:04.676+0000] {logging_mixin.py:188} INFO - Uploading /opt/***/data/minio/GOOGL/1771226988.json to Snowflake stage...
[2026-02-17T06:39:05.382+0000] {logging_mixin.py:188} INFO - Uploading /opt/***/data/minio/GOOGL/1771227001.json to Snowflake stage...
[2026-02-17T06:39:06.199+0000] {logging_mixin.py:188} INFO - Uploading /opt/***/data/minio/GOOGL/1771227011.json to Snowflake stage...
[2026-02-17T06:39:06.994+0000] {logging_mixin.py:188} INFO - Uploading /opt/***/data/minio/GOOGL/1771227023.json to Snowflake stage...
[2026-02-17T06:39:07.846+0000] {logging_mixin.py:188} INFO - Uploading /opt/***/data/minio/GOOGL/1771227033.json to Snowflake stage...
[2026-02-17T06:39:08.558+0000] {logging_mixin.py:188} INFO - Uploading /opt/***/data/minio/GOOGL/1771227043.json to Snowflake stage...
[2026-02-17T06:39:09.309+0000] {logging_mixin.py:188} INFO - Uploading /opt/***/data/minio/GOOGL/1771227054.json to Snowflake stage...
[2026-02-17T06:39:10.037+0000] {logging_mixin.py:188} INFO - Uploading /opt/***/data/minio/GOOGL/1771227065.json to Snowflake stage...
[2026-02-17T06:39:11.318+0000] {logging_mixin.py:188} INFO - Uploading /opt/***/data/minio/GOOGL/1771227076.json to Snowflake stage...
[2026-02-17T06:39:12.174+0000] {logging_mixin.py:188} INFO - Uploading /opt/***/data/minio/GOOGL/1771227086.json to Snowflake stage...
[2026-02-17T06:39:12.809+0000] {logging_mixin.py:188} INFO - Uploading /opt/***/data/minio/GOOGL/1771227097.json to Snowflake stage...
[2026-02-17T06:39:13.637+0000] {logging_mixin.py:188} INFO - Uploading /opt/***/data/minio/GOOGL/1771227108.json to Snowflake stage...
[2026-02-17T06:39:14.280+0000] {logging_mixin.py:188} INFO - Uploading /opt/***/data/minio/GOOGL/1771227120.json to Snowflake stage...
[2026-02-17T06:39:14.994+0000] {logging_mixin.py:188} INFO - Uploading /opt/***/data/minio/GOOGL/1771227131.json to Snowflake stage...
[2026-02-17T06:39:15.715+0000] {logging_mixin.py:188} INFO - Uploading /opt/***/data/minio/GOOGL/1771227143.json to Snowflake stage...
[2026-02-17T06:39:16.518+0000] {logging_mixin.py:188} INFO - Uploading /opt/***/data/minio/GOOGL/1771227154.json to Snowflake stage...
[2026-02-17T06:39:17.259+0000] {logging_mixin.py:188} INFO - Uploading /opt/***/data/minio/GOOGL/1771227164.json to Snowflake stage...
[2026-02-17T06:39:17.834+0000] {logging_mixin.py:188} INFO - Uploading /opt/***/data/minio/GOOGL/1771227179.json to Snowflake stage...
[2026-02-17T06:39:18.997+0000] {logging_mixin.py:188} INFO - Uploading /opt/***/data/minio/GOOGL/1771227189.json to Snowflake stage...
[2026-02-17T06:39:19.662+0000] {logging_mixin.py:188} INFO - Uploading /opt/***/data/minio/GOOGL/1771227200.json to Snowflake stage...
[2026-02-17T06:39:20.382+0000] {logging_mixin.py:188} INFO - Uploading /opt/***/data/minio/GOOGL/1771227212.json to Snowflake stage...
[2026-02-17T06:39:21.106+0000] {logging_mixin.py:188} INFO - Uploading /opt/***/data/minio/GOOGL/1771227223.json to Snowflake stage...
[2026-02-17T06:39:21.830+0000] {logging_mixin.py:188} INFO - Uploading /opt/***/data/minio/GOOGL/1771227235.json to Snowflake stage...
[2026-02-17T06:39:23.375+0000] {logging_mixin.py:188} INFO - Uploading /opt/***/data/minio/GOOGL/1771227247.json to Snowflake stage...
[2026-02-17T06:39:23.901+0000] {logging_mixin.py:188} INFO - Uploading /opt/***/data/minio/GOOGL/1771227259.json to Snowflake stage...
[2026-02-17T06:39:24.410+0000] {logging_mixin.py:188} INFO - Uploading /opt/***/data/minio/GOOGL/1771227272.json to Snowflake stage...
[2026-02-17T06:39:24.971+0000] {logging_mixin.py:188} INFO - Uploading /opt/***/data/minio/GOOGL/1771227283.json to Snowflake stage...
[2026-02-17T06:39:25.596+0000] {logging_mixin.py:188} INFO - Uploading /opt/***/data/minio/GOOGL/1771227296.json to Snowflake stage...
[2026-02-17T06:39:26.334+0000] {logging_mixin.py:188} INFO - Uploading /opt/***/data/minio/GOOGL/1771227308.json to Snowflake stage...
[2026-02-17T06:39:27.038+0000] {logging_mixin.py:188} INFO - Uploading /opt/***/data/minio/GOOGL/1771227319.json to Snowflake stage...
[2026-02-17T06:39:27.754+0000] {logging_mixin.py:188} INFO - Uploading /opt/***/data/minio/GOOGL/1771227330.json to Snowflake stage...
[2026-02-17T06:39:28.413+0000] {logging_mixin.py:188} INFO - Uploading /opt/***/data/minio/GOOGL/1771227340.json to Snowflake stage...
[2026-02-17T06:39:29.062+0000] {logging_mixin.py:188} INFO - Uploading /opt/***/data/minio/GOOGL/1771227352.json to Snowflake stage...
[2026-02-17T06:39:29.694+0000] {logging_mixin.py:188} INFO - Uploading /opt/***/data/minio/GOOGL/1771227363.json to Snowflake stage...
[2026-02-17T06:39:30.319+0000] {logging_mixin.py:188} INFO - Uploading /opt/***/data/minio/GOOGL/1771227377.json to Snowflake stage...
[2026-02-17T06:39:30.971+0000] {logging_mixin.py:188} INFO - Uploading /opt/***/data/minio/GOOGL/1771227388.json to Snowflake stage...
[2026-02-17T06:39:31.615+0000] {logging_mixin.py:188} INFO - Uploading /opt/***/data/minio/GOOGL/1771227400.json to Snowflake stage...
[2026-02-17T06:39:32.640+0000] {logging_mixin.py:188} INFO - Uploading /opt/***/data/minio/GOOGL/1771227410.json to Snowflake stage...
[2026-02-17T06:39:33.255+0000] {logging_mixin.py:188} INFO - Uploading /opt/***/data/minio/GOOGL/1771227422.json to Snowflake stage...
[2026-02-17T06:39:33.927+0000] {logging_mixin.py:188} INFO - Uploading /opt/***/data/minio/GOOGL/1771227433.json to Snowflake stage...
[2026-02-17T06:39:34.502+0000] {logging_mixin.py:188} INFO - Uploading /opt/***/data/minio/GOOGL/1771227444.json to Snowflake stage...
[2026-02-17T06:39:35.076+0000] {logging_mixin.py:188} INFO - Uploading /opt/***/data/minio/GOOGL/1771227454.json to Snowflake stage...
[2026-02-17T06:39:35.633+0000] {logging_mixin.py:188} INFO - Uploading /opt/***/data/minio/GOOGL/1771227465.json to Snowflake stage...
[2026-02-17T06:39:36.192+0000] {logging_mixin.py:188} INFO - Uploading /opt/***/data/minio/GOOGL/1771227477.json to Snowflake stage...
[2026-02-17T06:39:36.851+0000] {logging_mixin.py:188} INFO - Uploading /opt/***/data/minio/GOOGL/1771227488.json to Snowflake stage...
[2026-02-17T06:39:37.450+0000] {logging_mixin.py:188} INFO - Uploading /opt/***/data/minio/GOOGL/1771227498.json to Snowflake stage...
[2026-02-17T06:39:38.180+0000] {logging_mixin.py:188} INFO - Uploading /opt/***/data/minio/GOOGL/1771227509.json to Snowflake stage...
[2026-02-17T06:39:38.726+0000] {logging_mixin.py:188} INFO - Uploading /opt/***/data/minio/GOOGL/1771227520.json to Snowflake stage...
[2026-02-17T06:39:39.524+0000] {logging_mixin.py:188} INFO - Uploading /opt/***/data/minio/GOOGL/1771227530.json to Snowflake stage...
[2026-02-17T06:39:40.168+0000] {logging_mixin.py:188} INFO - Uploading /opt/***/data/minio/GOOGL/1771227542.json to Snowflake stage...
[2026-02-17T06:39:40.806+0000] {logging_mixin.py:188} INFO - Uploading /opt/***/data/minio/GOOGL/1771227553.json to Snowflake stage...
[2026-02-17T06:39:42.175+0000] {logging_mixin.py:188} INFO - Uploading /opt/***/data/minio/GOOGL/1771227563.json to Snowflake stage...
[2026-02-17T06:39:42.751+0000] {logging_mixin.py:188} INFO - Uploading /opt/***/data/minio/GOOGL/1771227574.json to Snowflake stage...
[2026-02-17T06:39:43.439+0000] {logging_mixin.py:188} INFO - Uploading /opt/***/data/minio/GOOGL/1771227584.json to Snowflake stage...
[2026-02-17T06:39:43.971+0000] {logging_mixin.py:188} INFO - Uploading /opt/***/data/minio/GOOGL/1771227595.json to Snowflake stage...
[2026-02-17T06:39:44.579+0000] {logging_mixin.py:188} INFO - Uploading /opt/***/data/minio/GOOGL/1771227606.json to Snowflake stage...
[2026-02-17T06:39:46.784+0000] {logging_mixin.py:188} INFO - Uploading /opt/***/data/minio/GOOGL/1771227617.json to Snowflake stage...
[2026-02-17T06:39:47.346+0000] {logging_mixin.py:188} INFO - Uploading /opt/***/data/minio/GOOGL/1771227628.json to Snowflake stage...
[2026-02-17T06:39:48.118+0000] {logging_mixin.py:188} INFO - Uploading /opt/***/data/minio/GOOGL/1771227638.json to Snowflake stage...
[2026-02-17T06:39:48.849+0000] {logging_mixin.py:188} INFO - Uploading /opt/***/data/minio/GOOGL/1771227649.json to Snowflake stage...
[2026-02-17T06:39:49.504+0000] {logging_mixin.py:188} INFO - Uploading /opt/***/data/minio/GOOGL/1771227659.json to Snowflake stage...
[2026-02-17T06:39:50.121+0000] {logging_mixin.py:188} INFO - Uploading /opt/***/data/minio/GOOGL/1771227670.json to Snowflake stage...
[2026-02-17T06:39:50.722+0000] {logging_mixin.py:188} INFO - Uploading /opt/***/data/minio/GOOGL/1771227681.json to Snowflake stage...
[2026-02-17T06:39:51.370+0000] {logging_mixin.py:188} INFO - Uploading /opt/***/data/minio/GOOGL/1771227691.json to Snowflake stage...
[2026-02-17T06:39:52.436+0000] {logging_mixin.py:188} INFO - Uploading /opt/***/data/minio/GOOGL/1771227702.json to Snowflake stage...
[2026-02-17T06:39:53.053+0000] {logging_mixin.py:188} INFO - Uploading /opt/***/data/minio/GOOGL/1771227713.json to Snowflake stage...
[2026-02-17T06:39:53.719+0000] {logging_mixin.py:188} INFO - Uploading /opt/***/data/minio/GOOGL/1771227723.json to Snowflake stage...
[2026-02-17T06:39:54.256+0000] {logging_mixin.py:188} INFO - Uploading /opt/***/data/minio/GOOGL/1771227734.json to Snowflake stage...
[2026-02-17T06:39:54.867+0000] {logging_mixin.py:188} INFO - Uploading /opt/***/data/minio/GOOGL/1771227744.json to Snowflake stage...
[2026-02-17T06:39:55.530+0000] {logging_mixin.py:188} INFO - Uploading /opt/***/data/minio/GOOGL/1771227754.json to Snowflake stage...
[2026-02-17T06:39:56.332+0000] {logging_mixin.py:188} INFO - Uploading /opt/***/data/minio/GOOGL/1771227765.json to Snowflake stage...
[2026-02-17T06:39:56.974+0000] {logging_mixin.py:188} INFO - Uploading /opt/***/data/minio/GOOGL/1771227776.json to Snowflake stage...
[2026-02-17T06:39:57.552+0000] {logging_mixin.py:188} INFO - Uploading /opt/***/data/minio/GOOGL/1771227786.json to Snowflake stage...
[2026-02-17T06:39:58.111+0000] {logging_mixin.py:188} INFO - Uploading /opt/***/data/minio/GOOGL/1771227796.json to Snowflake stage...
[2026-02-17T06:39:58.694+0000] {logging_mixin.py:188} INFO - Uploading /opt/***/data/minio/GOOGL/1771227806.json to Snowflake stage...
[2026-02-17T06:39:59.365+0000] {logging_mixin.py:188} INFO - Uploading /opt/***/data/minio/GOOGL/1771227817.json to Snowflake stage...
[2026-02-17T06:40:00.093+0000] {logging_mixin.py:188} INFO - Uploading /opt/***/data/minio/GOOGL/1771227828.json to Snowflake stage...
[2026-02-17T06:40:00.817+0000] {logging_mixin.py:188} INFO - Uploading /opt/***/data/minio/GOOGL/1771227839.json to Snowflake stage...
[2026-02-17T06:40:01.782+0000] {logging_mixin.py:188} INFO - Uploading /opt/***/data/minio/GOOGL/1771227850.json to Snowflake stage...
[2026-02-17T06:40:02.494+0000] {logging_mixin.py:188} INFO - Uploading /opt/***/data/minio/GOOGL/1771227860.json to Snowflake stage...
[2026-02-17T06:40:03.160+0000] {logging_mixin.py:188} INFO - Uploading /opt/***/data/minio/GOOGL/1771227871.json to Snowflake stage...
[2026-02-17T06:40:03.735+0000] {logging_mixin.py:188} INFO - Uploading /opt/***/data/minio/GOOGL/1771227881.json to Snowflake stage...
[2026-02-17T06:40:04.398+0000] {logging_mixin.py:188} INFO - Uploading /opt/***/data/minio/GOOGL/1771227892.json to Snowflake stage...
[2026-02-17T06:40:04.954+0000] {logging_mixin.py:188} INFO - Uploading /opt/***/data/minio/GOOGL/1771227902.json to Snowflake stage...
[2026-02-17T06:40:07.195+0000] {logging_mixin.py:188} INFO - Uploading /opt/***/data/minio/GOOGL/1771227913.json to Snowflake stage...
[2026-02-17T06:40:07.916+0000] {logging_mixin.py:188} INFO - Uploading /opt/***/data/minio/GOOGL/1771227923.json to Snowflake stage...
[2026-02-17T06:40:08.712+0000] {logging_mixin.py:188} INFO - Uploading /opt/***/data/minio/GOOGL/1771227933.json to Snowflake stage...
[2026-02-17T06:40:09.507+0000] {logging_mixin.py:188} INFO - Uploading /opt/***/data/minio/GOOGL/1771227943.json to Snowflake stage...
[2026-02-17T06:40:10.358+0000] {logging_mixin.py:188} INFO - Uploading /opt/***/data/minio/GOOGL/1771227954.json to Snowflake stage...
[2026-02-17T06:40:11.571+0000] {logging_mixin.py:188} INFO - Uploading /opt/***/data/minio/GOOGL/1771227964.json to Snowflake stage...
[2026-02-17T06:40:12.275+0000] {logging_mixin.py:188} INFO - Uploading /opt/***/data/minio/GOOGL/1771227975.json to Snowflake stage...
[2026-02-17T06:40:12.952+0000] {logging_mixin.py:188} INFO - Uploading /opt/***/data/minio/GOOGL/1771227985.json to Snowflake stage...
[2026-02-17T06:40:13.586+0000] {logging_mixin.py:188} INFO - Uploading /opt/***/data/minio/GOOGL/1771227996.json to Snowflake stage...
[2026-02-17T06:40:14.323+0000] {logging_mixin.py:188} INFO - Uploading /opt/***/data/minio/GOOGL/1771228007.json to Snowflake stage...
[2026-02-17T06:40:14.971+0000] {logging_mixin.py:188} INFO - Uploading /opt/***/data/minio/GOOGL/1771228017.json to Snowflake stage...
[2026-02-17T06:40:15.672+0000] {logging_mixin.py:188} INFO - Uploading /opt/***/data/minio/GOOGL/1771228028.json to Snowflake stage...
[2026-02-17T06:40:16.528+0000] {logging_mixin.py:188} INFO - Uploading /opt/***/data/minio/GOOGL/1771228038.json to Snowflake stage...
[2026-02-17T06:40:17.342+0000] {logging_mixin.py:188} INFO - Uploading /opt/***/data/minio/GOOGL/1771228049.json to Snowflake stage...
[2026-02-17T06:40:20.137+0000] {logging_mixin.py:188} INFO - Uploading /opt/***/data/minio/GOOGL/1771228060.json to Snowflake stage...
[2026-02-17T06:41:10.270+0000] {job.py:226} ERROR - Job heartbeat failed with error. Scheduler is in unhealthy state
[2026-02-17T06:41:17.641+0000] {connectionpool.py:824} WARNING - Retrying (Retry(total=0, connect=None, read=None, redirect=None, status=None)) after connection broken by 'ProtocolError('Connection aborted.', RemoteDisconnected('Remote end closed connection without response'))': /ev2g1000-s/tables/83986386969/1771228060.json.gz
[2026-02-17T06:41:19.293+0000] {logging_mixin.py:188} INFO - Uploading /opt/***/data/minio/GOOGL/1771228071.json to Snowflake stage...
[2026-02-17T06:41:20.187+0000] {logging_mixin.py:188} INFO - Uploading /opt/***/data/minio/GOOGL/1771228081.json to Snowflake stage...
[2026-02-17T06:41:20.776+0000] {logging_mixin.py:188} INFO - Uploading /opt/***/data/minio/GOOGL/1771228092.json to Snowflake stage...
[2026-02-17T06:41:21.320+0000] {logging_mixin.py:188} INFO - Uploading /opt/***/data/minio/GOOGL/1771228102.json to Snowflake stage...
[2026-02-17T06:41:21.924+0000] {logging_mixin.py:188} INFO - Uploading /opt/***/data/minio/GOOGL/1771228113.json to Snowflake stage...
[2026-02-17T06:41:22.563+0000] {logging_mixin.py:188} INFO - Uploading /opt/***/data/minio/GOOGL/1771228123.json to Snowflake stage...
[2026-02-17T06:41:23.183+0000] {logging_mixin.py:188} INFO - Uploading /opt/***/data/minio/GOOGL/1771228134.json to Snowflake stage...
[2026-02-17T06:41:23.927+0000] {logging_mixin.py:188} INFO - Uploading /opt/***/data/minio/GOOGL/1771228144.json to Snowflake stage...
[2026-02-17T06:41:24.724+0000] {logging_mixin.py:188} INFO - Uploading /opt/***/data/minio/GOOGL/1771228154.json to Snowflake stage...
[2026-02-17T06:41:25.307+0000] {logging_mixin.py:188} INFO - Uploading /opt/***/data/minio/GOOGL/1771228164.json to Snowflake stage...
[2026-02-17T06:41:25.921+0000] {logging_mixin.py:188} INFO - Uploading /opt/***/data/minio/GOOGL/1771228174.json to Snowflake stage...
[2026-02-17T06:41:26.556+0000] {logging_mixin.py:188} INFO - Uploading /opt/***/data/minio/GOOGL/1771228185.json to Snowflake stage...
[2026-02-17T06:41:27.209+0000] {logging_mixin.py:188} INFO - Uploading /opt/***/data/minio/GOOGL/1771228195.json to Snowflake stage...
[2026-02-17T06:41:28.190+0000] {logging_mixin.py:188} INFO - Uploading /opt/***/data/minio/GOOGL/1771228205.json to Snowflake stage...
[2026-02-17T06:41:28.809+0000] {logging_mixin.py:188} INFO - Uploading /opt/***/data/minio/GOOGL/1771228216.json to Snowflake stage...
[2026-02-17T06:41:29.460+0000] {logging_mixin.py:188} INFO - Uploading /opt/***/data/minio/GOOGL/1771228226.json to Snowflake stage...
[2026-02-17T06:41:30.742+0000] {logging_mixin.py:188} INFO - Uploading /opt/***/data/minio/GOOGL/1771228237.json to Snowflake stage...
[2026-02-17T06:41:31.462+0000] {logging_mixin.py:188} INFO - Uploading /opt/***/data/minio/GOOGL/1771228247.json to Snowflake stage...
[2026-02-17T06:41:32.166+0000] {logging_mixin.py:188} INFO - Uploading /opt/***/data/minio/GOOGL/1771228258.json to Snowflake stage...
[2026-02-17T06:41:33.073+0000] {logging_mixin.py:188} INFO - Uploading /opt/***/data/minio/GOOGL/1771228268.json to Snowflake stage...
[2026-02-17T06:41:33.830+0000] {logging_mixin.py:188} INFO - Uploading /opt/***/data/minio/GOOGL/1771228281.json to Snowflake stage...
[2026-02-17T06:41:34.488+0000] {logging_mixin.py:188} INFO - Uploading /opt/***/data/minio/GOOGL/1771228291.json to Snowflake stage...
[2026-02-17T06:41:35.064+0000] {logging_mixin.py:188} INFO - Uploading /opt/***/data/minio/GOOGL/1771228302.json to Snowflake stage...
[2026-02-17T06:41:35.688+0000] {logging_mixin.py:188} INFO - Uploading /opt/***/data/minio/GOOGL/1771228313.json to Snowflake stage...
[2026-02-17T06:41:36.530+0000] {logging_mixin.py:188} INFO - Uploading /opt/***/data/minio/GOOGL/1771228324.json to Snowflake stage...
[2026-02-17T06:41:37.360+0000] {logging_mixin.py:188} INFO - Uploading /opt/***/data/minio/GOOGL/1771228334.json to Snowflake stage...
[2026-02-17T06:41:38.169+0000] {logging_mixin.py:188} INFO - Uploading /opt/***/data/minio/GOOGL/1771228344.json to Snowflake stage...
[2026-02-17T06:41:39.045+0000] {logging_mixin.py:188} INFO - Uploading /opt/***/data/minio/GOOGL/1771228354.json to Snowflake stage...
[2026-02-17T06:41:39.626+0000] {logging_mixin.py:188} INFO - Uploading /opt/***/data/minio/GOOGL/1771228365.json to Snowflake stage...
[2026-02-17T06:41:40.329+0000] {logging_mixin.py:188} INFO - Uploading /opt/***/data/minio/GOOGL/1771228376.json to Snowflake stage...
[2026-02-17T06:41:40.914+0000] {logging_mixin.py:188} INFO - Uploading /opt/***/data/minio/GOOGL/1771228386.json to Snowflake stage...
[2026-02-17T06:41:41.527+0000] {logging_mixin.py:188} INFO - Uploading /opt/***/data/minio/GOOGL/1771228397.json to Snowflake stage...
[2026-02-17T06:41:42.255+0000] {logging_mixin.py:188} INFO - Uploading /opt/***/data/minio/GOOGL/1771228407.json to Snowflake stage...
[2026-02-17T06:41:43.582+0000] {logging_mixin.py:188} INFO - Uploading /opt/***/data/minio/GOOGL/1771228418.json to Snowflake stage...
[2026-02-17T06:41:44.226+0000] {logging_mixin.py:188} INFO - Uploading /opt/***/data/minio/GOOGL/1771228428.json to Snowflake stage...
[2026-02-17T06:41:44.796+0000] {logging_mixin.py:188} INFO - Uploading /opt/***/data/minio/GOOGL/1771228439.json to Snowflake stage...
[2026-02-17T06:41:45.458+0000] {logging_mixin.py:188} INFO - Uploading /opt/***/data/minio/GOOGL/1771228449.json to Snowflake stage...
[2026-02-17T06:41:46.253+0000] {logging_mixin.py:188} INFO - Uploading /opt/***/data/minio/GOOGL/1771228460.json to Snowflake stage...
[2026-02-17T06:41:46.861+0000] {logging_mixin.py:188} INFO - Uploading /opt/***/data/minio/GOOGL/1771228470.json to Snowflake stage...
[2026-02-17T06:41:47.435+0000] {logging_mixin.py:188} INFO - Uploading /opt/***/data/minio/GOOGL/1771228481.json to Snowflake stage...
[2026-02-17T06:41:47.955+0000] {logging_mixin.py:188} INFO - Uploading /opt/***/data/minio/GOOGL/1771228492.json to Snowflake stage...
[2026-02-17T06:41:48.556+0000] {logging_mixin.py:188} INFO - Uploading /opt/***/data/minio/GOOGL/1771228502.json to Snowflake stage...
[2026-02-17T06:41:49.244+0000] {logging_mixin.py:188} INFO - Uploading /opt/***/data/minio/GOOGL/1771228512.json to Snowflake stage...
[2026-02-17T06:41:49.912+0000] {logging_mixin.py:188} INFO - Uploading /opt/***/data/minio/GOOGL/1771228523.json to Snowflake stage...
[2026-02-17T06:41:50.558+0000] {logging_mixin.py:188} INFO - Uploading /opt/***/data/minio/GOOGL/1771228534.json to Snowflake stage...
[2026-02-17T06:41:51.167+0000] {logging_mixin.py:188} INFO - Uploading /opt/***/data/minio/GOOGL/1771228544.json to Snowflake stage...
[2026-02-17T06:41:51.836+0000] {logging_mixin.py:188} INFO - Uploading /opt/***/data/minio/GOOGL/1771228555.json to Snowflake stage...
[2026-02-17T06:41:52.533+0000] {logging_mixin.py:188} INFO - Uploading /opt/***/data/minio/GOOGL/1771228565.json to Snowflake stage...
[2026-02-17T06:41:53.241+0000] {logging_mixin.py:188} INFO - Uploading /opt/***/data/minio/GOOGL/1771228576.json to Snowflake stage...
[2026-02-17T06:41:53.910+0000] {logging_mixin.py:188} INFO - Uploading /opt/***/data/minio/GOOGL/1771228587.json to Snowflake stage...
[2026-02-17T06:41:54.469+0000] {logging_mixin.py:188} INFO - Uploading /opt/***/data/minio/GOOGL/1771228597.json to Snowflake stage...
[2026-02-17T06:41:55.113+0000] {logging_mixin.py:188} INFO - Uploading /opt/***/data/minio/GOOGL/1771228609.json to Snowflake stage...
[2026-02-17T06:41:55.808+0000] {logging_mixin.py:188} INFO - Uploading /opt/***/data/minio/GOOGL/1771228620.json to Snowflake stage...
[2026-02-17T06:41:56.626+0000] {logging_mixin.py:188} INFO - Uploading /opt/***/data/minio/GOOGL/1771228631.json to Snowflake stage...
[2026-02-17T06:41:57.265+0000] {logging_mixin.py:188} INFO - Uploading /opt/***/data/minio/GOOGL/1771228641.json to Snowflake stage...
[2026-02-17T06:41:57.918+0000] {logging_mixin.py:188} INFO - Uploading /opt/***/data/minio/GOOGL/1771228651.json to Snowflake stage...
[2026-02-17T06:41:58.601+0000] {logging_mixin.py:188} INFO - Uploading /opt/***/data/minio/GOOGL/1771228662.json to Snowflake stage...
[2026-02-17T06:41:59.289+0000] {logging_mixin.py:188} INFO - Uploading /opt/***/data/minio/GOOGL/1771228672.json to Snowflake stage...
[2026-02-17T06:41:59.929+0000] {logging_mixin.py:188} INFO - Uploading /opt/***/data/minio/GOOGL/1771228683.json to Snowflake stage...
[2026-02-17T06:42:00.505+0000] {logging_mixin.py:188} INFO - Uploading /opt/***/data/minio/GOOGL/1771228694.json to Snowflake stage...
[2026-02-17T06:42:01.099+0000] {logging_mixin.py:188} INFO - Uploading /opt/***/data/minio/GOOGL/1771228704.json to Snowflake stage...
[2026-02-17T06:42:01.819+0000] {logging_mixin.py:188} INFO - Uploading /opt/***/data/minio/GOOGL/1771228715.json to Snowflake stage...
[2026-02-17T06:42:02.445+0000] {logging_mixin.py:188} INFO - Uploading /opt/***/data/minio/GOOGL/1771228726.json to Snowflake stage...
[2026-02-17T06:42:03.072+0000] {logging_mixin.py:188} INFO - Uploading /opt/***/data/minio/GOOGL/1771228736.json to Snowflake stage...
[2026-02-17T06:42:03.673+0000] {logging_mixin.py:188} INFO - Uploading /opt/***/data/minio/GOOGL/1771228747.json to Snowflake stage...
[2026-02-17T06:42:04.293+0000] {logging_mixin.py:188} INFO - Uploading /opt/***/data/minio/GOOGL/1771228757.json to Snowflake stage...
[2026-02-17T06:42:04.956+0000] {logging_mixin.py:188} INFO - Uploading /opt/***/data/minio/GOOGL/1771228768.json to Snowflake stage...
[2026-02-17T06:42:06.274+0000] {logging_mixin.py:188} INFO - Uploading /opt/***/data/minio/GOOGL/1771228778.json to Snowflake stage...
[2026-02-17T06:42:06.964+0000] {logging_mixin.py:188} INFO - Uploading /opt/***/data/minio/GOOGL/1771228789.json to Snowflake stage...
[2026-02-17T06:42:07.556+0000] {logging_mixin.py:188} INFO - Uploading /opt/***/data/minio/GOOGL/1771228799.json to Snowflake stage...
[2026-02-17T06:42:08.089+0000] {logging_mixin.py:188} INFO - Uploading /opt/***/data/minio/GOOGL/1771228811.json to Snowflake stage...
[2026-02-17T06:42:08.977+0000] {logging_mixin.py:188} INFO - Uploading /opt/***/data/minio/GOOGL/1771228822.json to Snowflake stage...
[2026-02-17T06:42:09.652+0000] {logging_mixin.py:188} INFO - Uploading /opt/***/data/minio/GOOGL/1771228833.json to Snowflake stage...
[2026-02-17T06:42:10.357+0000] {logging_mixin.py:188} INFO - Uploading /opt/***/data/minio/GOOGL/1771228844.json to Snowflake stage...
[2026-02-17T06:42:11.047+0000] {logging_mixin.py:188} INFO - Uploading /opt/***/data/minio/GOOGL/1771228854.json to Snowflake stage...
[2026-02-17T06:42:11.702+0000] {logging_mixin.py:188} INFO - Uploading /opt/***/data/minio/GOOGL/1771228867.json to Snowflake stage...
[2026-02-17T06:42:12.340+0000] {logging_mixin.py:188} INFO - Uploading /opt/***/data/minio/GOOGL/1771228878.json to Snowflake stage...
[2026-02-17T06:42:12.987+0000] {logging_mixin.py:188} INFO - Uploading /opt/***/data/minio/GOOGL/1771228888.json to Snowflake stage...
[2026-02-17T06:42:13.494+0000] {logging_mixin.py:188} INFO - Uploading /opt/***/data/minio/GOOGL/1771228900.json to Snowflake stage...
[2026-02-17T06:42:14.093+0000] {logging_mixin.py:188} INFO - Uploading /opt/***/data/minio/GOOGL/1771228911.json to Snowflake stage...
[2026-02-17T06:42:14.966+0000] {logging_mixin.py:188} INFO - Uploading /opt/***/data/minio/GOOGL/1771228923.json to Snowflake stage...
[2026-02-17T06:42:15.604+0000] {logging_mixin.py:188} INFO - Uploading /opt/***/data/minio/GOOGL/1771228936.json to Snowflake stage...
[2026-02-17T06:42:16.337+0000] {logging_mixin.py:188} INFO - Uploading /opt/***/data/minio/GOOGL/1771228947.json to Snowflake stage...
[2026-02-17T06:42:17.503+0000] {logging_mixin.py:188} INFO - Uploading /opt/***/data/minio/GOOGL/1771228957.json to Snowflake stage...
[2026-02-17T06:42:18.119+0000] {logging_mixin.py:188} INFO - Uploading /opt/***/data/minio/GOOGL/1771228968.json to Snowflake stage...
[2026-02-17T06:42:18.687+0000] {logging_mixin.py:188} INFO - Uploading /opt/***/data/minio/GOOGL/1771228979.json to Snowflake stage...
[2026-02-17T06:42:19.411+0000] {logging_mixin.py:188} INFO - Uploading /opt/***/data/minio/GOOGL/1771228990.json to Snowflake stage...
[2026-02-17T06:42:20.091+0000] {logging_mixin.py:188} INFO - Uploading /opt/***/data/minio/GOOGL/1771229001.json to Snowflake stage...
[2026-02-17T06:42:20.688+0000] {logging_mixin.py:188} INFO - Uploading /opt/***/data/minio/GOOGL/1771229012.json to Snowflake stage...
[2026-02-17T06:42:21.334+0000] {logging_mixin.py:188} INFO - Uploading /opt/***/data/minio/GOOGL/1771229022.json to Snowflake stage...
[2026-02-17T06:42:21.979+0000] {logging_mixin.py:188} INFO - Uploading /opt/***/data/minio/GOOGL/1771229033.json to Snowflake stage...
[2026-02-17T06:42:22.592+0000] {logging_mixin.py:188} INFO - Uploading /opt/***/data/minio/GOOGL/1771229044.json to Snowflake stage...
[2026-02-17T06:42:23.194+0000] {logging_mixin.py:188} INFO - Uploading /opt/***/data/minio/GOOGL/1771229054.json to Snowflake stage...
[2026-02-17T06:42:23.782+0000] {logging_mixin.py:188} INFO - Uploading /opt/***/data/minio/GOOGL/1771229065.json to Snowflake stage...
[2026-02-17T06:42:24.370+0000] {logging_mixin.py:188} INFO - Uploading /opt/***/data/minio/GOOGL/1771229076.json to Snowflake stage...
[2026-02-17T06:42:25.148+0000] {logging_mixin.py:188} INFO - Uploading /opt/***/data/minio/GOOGL/1771229087.json to Snowflake stage...
[2026-02-17T06:42:25.830+0000] {logging_mixin.py:188} INFO - Uploading /opt/***/data/minio/GOOGL/1771229099.json to Snowflake stage...
[2026-02-17T06:42:26.652+0000] {logging_mixin.py:188} INFO - Uploading /opt/***/data/minio/GOOGL/1771229110.json to Snowflake stage...
[2026-02-17T06:42:27.256+0000] {logging_mixin.py:188} INFO - Uploading /opt/***/data/minio/GOOGL/1771229121.json to Snowflake stage...
[2026-02-17T06:42:27.916+0000] {logging_mixin.py:188} INFO - Uploading /opt/***/data/minio/GOOGL/1771229133.json to Snowflake stage...
[2026-02-17T06:42:29.686+0000] {logging_mixin.py:188} INFO - Uploading /opt/***/data/minio/GOOGL/1771229149.json to Snowflake stage...
[2026-02-17T06:42:30.431+0000] {logging_mixin.py:188} INFO - Uploading /opt/***/data/minio/GOOGL/1771229160.json to Snowflake stage...
[2026-02-17T06:42:31.558+0000] {logging_mixin.py:188} INFO - Uploading /opt/***/data/minio/GOOGL/1771229172.json to Snowflake stage...
[2026-02-17T06:42:33.289+0000] {logging_mixin.py:188} INFO - Uploading /opt/***/data/minio/GOOGL/1771229182.json to Snowflake stage...
[2026-02-17T06:42:34.830+0000] {logging_mixin.py:188} INFO - Uploading /opt/***/data/minio/GOOGL/1771229193.json to Snowflake stage...
[2026-02-17T06:42:35.541+0000] {logging_mixin.py:188} INFO - Uploading /opt/***/data/minio/GOOGL/1771229204.json to Snowflake stage...
[2026-02-17T06:42:36.345+0000] {logging_mixin.py:188} INFO - Uploading /opt/***/data/minio/GOOGL/1771229215.json to Snowflake stage...
[2026-02-17T06:42:49.268+0000] {job.py:221} ERROR - Job heartbeat failed with error. Scheduler may go into unhealthy state
[2026-02-17T06:42:59.175+0000] {logging_mixin.py:188} INFO - Uploading /opt/***/data/minio/GOOGL/1771229225.json to Snowflake stage...
[2026-02-17T06:42:59.970+0000] {logging_mixin.py:188} INFO - Uploading /opt/***/data/minio/GOOGL/1771229236.json to Snowflake stage...
[2026-02-17T06:43:01.739+0000] {logging_mixin.py:188} INFO - Uploading /opt/***/data/minio/GOOGL/1771229248.json to Snowflake stage...
[2026-02-17T06:43:02.330+0000] {logging_mixin.py:188} INFO - Uploading /opt/***/data/minio/GOOGL/1771229259.json to Snowflake stage...
[2026-02-17T06:43:02.893+0000] {logging_mixin.py:188} INFO - Uploading /opt/***/data/minio/GOOGL/1771229270.json to Snowflake stage...
[2026-02-17T06:43:03.422+0000] {logging_mixin.py:188} INFO - Uploading /opt/***/data/minio/GOOGL/1771229284.json to Snowflake stage...
[2026-02-17T06:43:04.126+0000] {logging_mixin.py:188} INFO - Uploading /opt/***/data/minio/GOOGL/1771229295.json to Snowflake stage...
[2026-02-17T06:43:04.810+0000] {logging_mixin.py:188} INFO - Uploading /opt/***/data/minio/GOOGL/1771229307.json to Snowflake stage...
[2026-02-17T06:43:59.278+0000] {logging_mixin.py:188} INFO - Uploading /opt/***/data/minio/GOOGL/1771229317.json to Snowflake stage...
[2026-02-17T06:43:59.936+0000] {logging_mixin.py:188} INFO - Uploading /opt/***/data/minio/GOOGL/1771229328.json to Snowflake stage...
[2026-02-17T06:44:00.578+0000] {logging_mixin.py:188} INFO - Uploading /opt/***/data/minio/GOOGL/1771308354.json to Snowflake stage...
[2026-02-17T06:44:01.129+0000] {logging_mixin.py:188} INFO - Uploading /opt/***/data/minio/GOOGL/1771308364.json to Snowflake stage...
[2026-02-17T06:44:01.679+0000] {logging_mixin.py:188} INFO - Uploading /opt/***/data/minio/GOOGL/1771308374.json to Snowflake stage...
[2026-02-17T06:44:02.264+0000] {logging_mixin.py:188} INFO - Uploading /opt/***/data/minio/GOOGL/1771308384.json to Snowflake stage...
[2026-02-17T06:44:03.101+0000] {logging_mixin.py:188} INFO - Uploading /opt/***/data/minio/GOOGL/1771308394.json to Snowflake stage...
[2026-02-17T06:44:03.815+0000] {logging_mixin.py:188} INFO - Uploading /opt/***/data/minio/GOOGL/1771308404.json to Snowflake stage...
[2026-02-17T06:44:04.543+0000] {logging_mixin.py:188} INFO - Uploading /opt/***/data/minio/GOOGL/1771308415.json to Snowflake stage...
[2026-02-17T06:44:05.468+0000] {logging_mixin.py:188} INFO - Uploading /opt/***/data/minio/GOOGL/1771308424.json to Snowflake stage...
[2026-02-17T06:44:09.709+0000] {logging_mixin.py:188} INFO - Uploading /opt/***/data/minio/GOOGL/1771308435.json to Snowflake stage...
[2026-02-17T06:44:10.269+0000] {logging_mixin.py:188} INFO - Uploading /opt/***/data/minio/GOOGL/1771308445.json to Snowflake stage...
[2026-02-17T06:44:10.829+0000] {logging_mixin.py:188} INFO - Uploading /opt/***/data/minio/GOOGL/1771308455.json to Snowflake stage...
[2026-02-17T06:44:11.373+0000] {logging_mixin.py:188} INFO - Uploading /opt/***/data/minio/GOOGL/1771308465.json to Snowflake stage...
[2026-02-17T06:44:11.986+0000] {logging_mixin.py:188} INFO - Uploading /opt/***/data/minio/GOOGL/1771308476.json to Snowflake stage...
[2026-02-17T06:44:12.621+0000] {logging_mixin.py:188} INFO - Uploading /opt/***/data/minio/GOOGL/1771308486.json to Snowflake stage...
[2026-02-17T06:44:13.361+0000] {logging_mixin.py:188} INFO - Uploading /opt/***/data/minio/GOOGL/1771308496.json to Snowflake stage...
[2026-02-17T06:44:13.989+0000] {logging_mixin.py:188} INFO - Uploading /opt/***/data/minio/GOOGL/1771308506.json to Snowflake stage...
[2026-02-17T06:44:14.725+0000] {logging_mixin.py:188} INFO - Uploading /opt/***/data/minio/GOOGL/1771308516.json to Snowflake stage...
[2026-02-17T06:44:15.360+0000] {logging_mixin.py:188} INFO - Uploading /opt/***/data/minio/GOOGL/1771308526.json to Snowflake stage...
[2026-02-17T06:44:16.086+0000] {logging_mixin.py:188} INFO - Uploading /opt/***/data/minio/GOOGL/1771308537.json to Snowflake stage...
[2026-02-17T06:44:16.724+0000] {logging_mixin.py:188} INFO - Uploading /opt/***/data/minio/GOOGL/1771308547.json to Snowflake stage...
[2026-02-17T06:44:17.481+0000] {logging_mixin.py:188} INFO - Uploading /opt/***/data/minio/GOOGL/1771308557.json to Snowflake stage...
[2026-02-17T06:44:18.022+0000] {logging_mixin.py:188} INFO - Uploading /opt/***/data/minio/GOOGL/1771308567.json to Snowflake stage...
[2026-02-17T06:44:18.833+0000] {logging_mixin.py:188} INFO - Uploading /opt/***/data/minio/GOOGL/1771308577.json to Snowflake stage...
[2026-02-17T06:44:19.426+0000] {logging_mixin.py:188} INFO - Uploading /opt/***/data/minio/GOOGL/1771308587.json to Snowflake stage...
[2026-02-17T06:44:20.548+0000] {logging_mixin.py:188} INFO - Uploading /opt/***/data/minio/GOOGL/1771308597.json to Snowflake stage...
[2026-02-17T06:44:21.028+0000] {logging_mixin.py:188} INFO - Uploading /opt/***/data/minio/GOOGL/1771308607.json to Snowflake stage...
[2026-02-17T06:44:21.524+0000] {logging_mixin.py:188} INFO - Uploading /opt/***/data/minio/GOOGL/1771308618.json to Snowflake stage...
[2026-02-17T06:44:22.052+0000] {logging_mixin.py:188} INFO - Uploading /opt/***/data/minio/GOOGL/1771308628.json to Snowflake stage...
[2026-02-17T06:44:22.684+0000] {logging_mixin.py:188} INFO - Uploading /opt/***/data/minio/MSFT/1771221448.json to Snowflake stage...
[2026-02-17T06:44:23.323+0000] {logging_mixin.py:188} INFO - Uploading /opt/***/data/minio/MSFT/1771221460.json to Snowflake stage...
[2026-02-17T06:44:23.956+0000] {logging_mixin.py:188} INFO - Uploading /opt/***/data/minio/MSFT/1771221472.json to Snowflake stage...
[2026-02-17T06:44:25.719+0000] {logging_mixin.py:188} INFO - Uploading /opt/***/data/minio/MSFT/1771221484.json to Snowflake stage...
[2026-02-17T06:44:26.312+0000] {logging_mixin.py:188} INFO - Uploading /opt/***/data/minio/MSFT/1771221497.json to Snowflake stage...
[2026-02-17T06:44:26.904+0000] {logging_mixin.py:188} INFO - Uploading /opt/***/data/minio/MSFT/1771221509.json to Snowflake stage...
[2026-02-17T06:44:27.569+0000] {logging_mixin.py:188} INFO - Uploading /opt/***/data/minio/MSFT/1771221523.json to Snowflake stage...
[2026-02-17T06:44:28.230+0000] {logging_mixin.py:188} INFO - Uploading /opt/***/data/minio/MSFT/1771221534.json to Snowflake stage...
[2026-02-17T06:44:28.882+0000] {logging_mixin.py:188} INFO - Uploading /opt/***/data/minio/MSFT/1771221546.json to Snowflake stage...
[2026-02-17T06:44:29.647+0000] {logging_mixin.py:188} INFO - Uploading /opt/***/data/minio/MSFT/1771221558.json to Snowflake stage...
[2026-02-17T06:44:30.441+0000] {logging_mixin.py:188} INFO - Uploading /opt/***/data/minio/MSFT/1771221569.json to Snowflake stage...
[2026-02-17T06:44:31.738+0000] {logging_mixin.py:188} INFO - Uploading /opt/***/data/minio/MSFT/1771221581.json to Snowflake stage...
[2026-02-17T06:44:32.804+0000] {logging_mixin.py:188} INFO - Uploading /opt/***/data/minio/MSFT/1771221593.json to Snowflake stage...
[2026-02-17T06:44:33.094+0000] {logging_mixin.py:188} INFO - Uploading /opt/***/data/minio/MSFT/1771221604.json to Snowflake stage...
[2026-02-17T06:44:33.904+0000] {logging_mixin.py:188} INFO - Uploading /opt/***/data/minio/MSFT/1771221616.json to Snowflake stage...
[2026-02-17T06:44:34.701+0000] {logging_mixin.py:188} INFO - Uploading /opt/***/data/minio/MSFT/1771221628.json to Snowflake stage...
[2026-02-17T06:44:35.460+0000] {logging_mixin.py:188} INFO - Uploading /opt/***/data/minio/MSFT/1771221640.json to Snowflake stage...
[2026-02-17T06:44:36.223+0000] {logging_mixin.py:188} INFO - Uploading /opt/***/data/minio/MSFT/1771221651.json to Snowflake stage...
[2026-02-17T06:44:37.037+0000] {logging_mixin.py:188} INFO - Uploading /opt/***/data/minio/MSFT/1771221663.json to Snowflake stage...
[2026-02-17T06:44:37.823+0000] {logging_mixin.py:188} INFO - Uploading /opt/***/data/minio/MSFT/1771221675.json to Snowflake stage...
[2026-02-17T06:44:38.372+0000] {logging_mixin.py:188} INFO - Uploading /opt/***/data/minio/MSFT/1771221687.json to Snowflake stage...
[2026-02-17T06:44:38.834+0000] {logging_mixin.py:188} INFO - Uploading /opt/***/data/minio/MSFT/1771221698.json to Snowflake stage...
[2026-02-17T06:44:39.322+0000] {logging_mixin.py:188} INFO - Uploading /opt/***/data/minio/MSFT/1771221710.json to Snowflake stage...
[2026-02-17T06:44:39.875+0000] {logging_mixin.py:188} INFO - Uploading /opt/***/data/minio/MSFT/1771221722.json to Snowflake stage...
[2026-02-17T06:44:40.550+0000] {logging_mixin.py:188} INFO - Uploading /opt/***/data/minio/MSFT/1771221734.json to Snowflake stage...
[2026-02-17T06:44:41.339+0000] {logging_mixin.py:188} INFO - Uploading /opt/***/data/minio/MSFT/1771221746.json to Snowflake stage...
[2026-02-17T06:44:42.067+0000] {logging_mixin.py:188} INFO - Uploading /opt/***/data/minio/MSFT/1771221758.json to Snowflake stage...
[2026-02-17T06:44:43.345+0000] {logging_mixin.py:188} INFO - Uploading /opt/***/data/minio/MSFT/1771221769.json to Snowflake stage...
[2026-02-17T06:44:44.908+0000] {logging_mixin.py:188} INFO - Uploading /opt/***/data/minio/MSFT/1771221781.json to Snowflake stage...
[2026-02-17T06:44:46.438+0000] {logging_mixin.py:188} INFO - Uploading /opt/***/data/minio/MSFT/1771221797.json to Snowflake stage...
[2026-02-17T06:44:48.670+0000] {logging_mixin.py:188} INFO - Uploading /opt/***/data/minio/MSFT/1771221808.json to Snowflake stage...
[2026-02-17T06:44:49.714+0000] {logging_mixin.py:188} INFO - Uploading /opt/***/data/minio/MSFT/1771221821.json to Snowflake stage...
[2026-02-17T06:44:50.656+0000] {logging_mixin.py:188} INFO - Uploading /opt/***/data/minio/MSFT/1771221832.json to Snowflake stage...
[2026-02-17T06:44:51.927+0000] {logging_mixin.py:188} INFO - Uploading /opt/***/data/minio/MSFT/1771221848.json to Snowflake stage...
[2026-02-17T06:44:53.191+0000] {logging_mixin.py:188} INFO - Uploading /opt/***/data/minio/MSFT/1771221859.json to Snowflake stage...
[2026-02-17T06:44:55.501+0000] {logging_mixin.py:188} INFO - Uploading /opt/***/data/minio/MSFT/1771221872.json to Snowflake stage...
[2026-02-17T06:44:58.272+0000] {logging_mixin.py:188} INFO - Uploading /opt/***/data/minio/MSFT/1771221884.json to Snowflake stage...
[2026-02-17T06:44:59.068+0000] {logging_mixin.py:188} INFO - Uploading /opt/***/data/minio/MSFT/1771221896.json to Snowflake stage...
[2026-02-17T06:44:59.881+0000] {logging_mixin.py:188} INFO - Uploading /opt/***/data/minio/MSFT/1771221907.json to Snowflake stage...
[2026-02-17T06:45:00.956+0000] {logging_mixin.py:188} INFO - Uploading /opt/***/data/minio/MSFT/1771221919.json to Snowflake stage...
[2026-02-17T06:45:02.042+0000] {logging_mixin.py:188} INFO - Uploading /opt/***/data/minio/MSFT/1771221931.json to Snowflake stage...
[2026-02-17T06:45:03.286+0000] {logging_mixin.py:188} INFO - Uploading /opt/***/data/minio/MSFT/1771221942.json to Snowflake stage...
[2026-02-17T06:45:04.121+0000] {logging_mixin.py:188} INFO - Uploading /opt/***/data/minio/MSFT/1771221954.json to Snowflake stage...
[2026-02-17T06:45:05.547+0000] {logging_mixin.py:188} INFO - Uploading /opt/***/data/minio/MSFT/1771221966.json to Snowflake stage...
[2026-02-17T06:45:06.152+0000] {logging_mixin.py:188} INFO - Uploading /opt/***/data/minio/MSFT/1771221978.json to Snowflake stage...
[2026-02-17T06:45:06.759+0000] {logging_mixin.py:188} INFO - Uploading /opt/***/data/minio/MSFT/1771222021.json to Snowflake stage...
[2026-02-17T06:45:07.376+0000] {logging_mixin.py:188} INFO - Uploading /opt/***/data/minio/MSFT/1771222105.json to Snowflake stage...
[2026-02-17T06:45:07.983+0000] {logging_mixin.py:188} INFO - Uploading /opt/***/data/minio/MSFT/1771222117.json to Snowflake stage...
[2026-02-17T06:45:08.766+0000] {logging_mixin.py:188} INFO - Uploading /opt/***/data/minio/MSFT/1771222128.json to Snowflake stage...
[2026-02-17T06:45:09.388+0000] {logging_mixin.py:188} INFO - Uploading /opt/***/data/minio/MSFT/1771222140.json to Snowflake stage...
[2026-02-17T06:45:09.976+0000] {logging_mixin.py:188} INFO - Uploading /opt/***/data/minio/MSFT/1771222153.json to Snowflake stage...
[2026-02-17T06:45:10.628+0000] {logging_mixin.py:188} INFO - Uploading /opt/***/data/minio/MSFT/1771222195.json to Snowflake stage...
[2026-02-17T06:45:11.293+0000] {logging_mixin.py:188} INFO - Uploading /opt/***/data/minio/MSFT/1771222207.json to Snowflake stage...
[2026-02-17T06:45:11.963+0000] {logging_mixin.py:188} INFO - Uploading /opt/***/data/minio/MSFT/1771222218.json to Snowflake stage...
[2026-02-17T06:45:12.778+0000] {logging_mixin.py:188} INFO - Uploading /opt/***/data/minio/MSFT/1771222230.json to Snowflake stage...
[2026-02-17T06:45:13.726+0000] {logging_mixin.py:188} INFO - Uploading /opt/***/data/minio/MSFT/1771222242.json to Snowflake stage...
[2026-02-17T06:45:14.419+0000] {logging_mixin.py:188} INFO - Uploading /opt/***/data/minio/MSFT/1771222253.json to Snowflake stage...
[2026-02-17T06:45:15.042+0000] {logging_mixin.py:188} INFO - Uploading /opt/***/data/minio/MSFT/1771222264.json to Snowflake stage...
[2026-02-17T06:45:15.705+0000] {logging_mixin.py:188} INFO - Uploading /opt/***/data/minio/MSFT/1771222276.json to Snowflake stage...
[2026-02-17T06:45:16.406+0000] {logging_mixin.py:188} INFO - Uploading /opt/***/data/minio/MSFT/1771222287.json to Snowflake stage...
[2026-02-17T06:45:16.960+0000] {logging_mixin.py:188} INFO - Uploading /opt/***/data/minio/MSFT/1771222299.json to Snowflake stage...
[2026-02-17T06:45:17.801+0000] {logging_mixin.py:188} INFO - Uploading /opt/***/data/minio/MSFT/1771222310.json to Snowflake stage...
[2026-02-17T06:45:18.445+0000] {logging_mixin.py:188} INFO - Uploading /opt/***/data/minio/MSFT/1771222321.json to Snowflake stage...
[2026-02-17T06:45:19.032+0000] {logging_mixin.py:188} INFO - Uploading /opt/***/data/minio/MSFT/1771222333.json to Snowflake stage...
[2026-02-17T06:45:19.569+0000] {logging_mixin.py:188} INFO - Uploading /opt/***/data/minio/MSFT/1771222345.json to Snowflake stage...
[2026-02-17T06:45:20.431+0000] {logging_mixin.py:188} INFO - Uploading /opt/***/data/minio/MSFT/1771222356.json to Snowflake stage...
[2026-02-17T06:45:21.149+0000] {logging_mixin.py:188} INFO - Uploading /opt/***/data/minio/MSFT/1771222368.json to Snowflake stage...
[2026-02-17T06:45:21.784+0000] {logging_mixin.py:188} INFO - Uploading /opt/***/data/minio/MSFT/1771222378.json to Snowflake stage...
[2026-02-17T06:45:22.434+0000] {logging_mixin.py:188} INFO - Uploading /opt/***/data/minio/MSFT/1771222389.json to Snowflake stage...
[2026-02-17T06:45:23.147+0000] {logging_mixin.py:188} INFO - Uploading /opt/***/data/minio/MSFT/1771222401.json to Snowflake stage...
[2026-02-17T06:45:24.185+0000] {logging_mixin.py:188} INFO - Uploading /opt/***/data/minio/MSFT/1771222413.json to Snowflake stage...
[2026-02-17T06:45:24.810+0000] {logging_mixin.py:188} INFO - Uploading /opt/***/data/minio/MSFT/1771222452.json to Snowflake stage...
[2026-02-17T06:45:25.458+0000] {logging_mixin.py:188} INFO - Uploading /opt/***/data/minio/MSFT/1771222464.json to Snowflake stage...
[2026-02-17T06:45:26.087+0000] {logging_mixin.py:188} INFO - Uploading /opt/***/data/minio/MSFT/1771222477.json to Snowflake stage...
[2026-02-17T06:45:26.792+0000] {logging_mixin.py:188} INFO - Uploading /opt/***/data/minio/MSFT/1771222519.json to Snowflake stage...
[2026-02-17T06:45:27.660+0000] {logging_mixin.py:188} INFO - Uploading /opt/***/data/minio/MSFT/1771222533.json to Snowflake stage...
[2026-02-17T06:45:28.242+0000] {logging_mixin.py:188} INFO - Uploading /opt/***/data/minio/MSFT/1771222546.json to Snowflake stage...
[2026-02-17T06:45:28.772+0000] {logging_mixin.py:188} INFO - Uploading /opt/***/data/minio/MSFT/1771222559.json to Snowflake stage...
[2026-02-17T06:45:29.372+0000] {logging_mixin.py:188} INFO - Uploading /opt/***/data/minio/MSFT/1771222570.json to Snowflake stage...
[2026-02-17T06:45:29.893+0000] {logging_mixin.py:188} INFO - Uploading /opt/***/data/minio/MSFT/1771222582.json to Snowflake stage...
[2026-02-17T06:45:30.576+0000] {logging_mixin.py:188} INFO - Uploading /opt/***/data/minio/MSFT/1771222594.json to Snowflake stage...
[2026-02-17T06:45:31.221+0000] {logging_mixin.py:188} INFO - Uploading /opt/***/data/minio/MSFT/1771222606.json to Snowflake stage...
[2026-02-17T06:45:31.933+0000] {logging_mixin.py:188} INFO - Uploading /opt/***/data/minio/MSFT/1771222618.json to Snowflake stage...
[2026-02-17T06:45:32.602+0000] {logging_mixin.py:188} INFO - Uploading /opt/***/data/minio/MSFT/1771222631.json to Snowflake stage...
[2026-02-17T06:45:33.181+0000] {logging_mixin.py:188} INFO - Uploading /opt/***/data/minio/MSFT/1771222648.json to Snowflake stage...
[2026-02-17T06:45:33.557+0000] {logging_mixin.py:188} INFO - Uploading /opt/***/data/minio/MSFT/1771222697.json to Snowflake stage...
[2026-02-17T06:45:34.080+0000] {logging_mixin.py:188} INFO - Uploading /opt/***/data/minio/MSFT/1771222711.json to Snowflake stage...
[2026-02-17T06:45:34.751+0000] {logging_mixin.py:188} INFO - Uploading /opt/***/data/minio/MSFT/1771222723.json to Snowflake stage...
[2026-02-17T06:45:35.340+0000] {logging_mixin.py:188} INFO - Uploading /opt/***/data/minio/MSFT/1771222734.json to Snowflake stage...
[2026-02-17T06:45:35.832+0000] {logging_mixin.py:188} INFO - Uploading /opt/***/data/minio/MSFT/1771222746.json to Snowflake stage...
[2026-02-17T06:45:36.372+0000] {logging_mixin.py:188} INFO - Uploading /opt/***/data/minio/MSFT/1771222758.json to Snowflake stage...
[2026-02-17T06:45:37.067+0000] {logging_mixin.py:188} INFO - Uploading /opt/***/data/minio/MSFT/1771222774.json to Snowflake stage...
[2026-02-17T06:45:37.759+0000] {logging_mixin.py:188} INFO - Uploading /opt/***/data/minio/MSFT/1771222791.json to Snowflake stage...
[2026-02-17T06:45:38.386+0000] {logging_mixin.py:188} INFO - Uploading /opt/***/data/minio/MSFT/1771222831.json to Snowflake stage...
[2026-02-17T06:45:38.936+0000] {logging_mixin.py:188} INFO - Uploading /opt/***/data/minio/MSFT/1771222858.json to Snowflake stage...
[2026-02-17T06:45:39.607+0000] {logging_mixin.py:188} INFO - Uploading /opt/***/data/minio/MSFT/1771222870.json to Snowflake stage...
[2026-02-17T06:45:40.727+0000] {logging_mixin.py:188} INFO - Uploading /opt/***/data/minio/MSFT/1771222884.json to Snowflake stage...
[2026-02-17T06:45:41.435+0000] {logging_mixin.py:188} INFO - Uploading /opt/***/data/minio/MSFT/1771222897.json to Snowflake stage...
[2026-02-17T06:45:42.108+0000] {logging_mixin.py:188} INFO - Uploading /opt/***/data/minio/MSFT/1771222911.json to Snowflake stage...
[2026-02-17T06:45:42.859+0000] {logging_mixin.py:188} INFO - Uploading /opt/***/data/minio/MSFT/1771222924.json to Snowflake stage...
[2026-02-17T06:45:43.452+0000] {logging_mixin.py:188} INFO - Uploading /opt/***/data/minio/MSFT/1771222936.json to Snowflake stage...
[2026-02-17T06:45:44.009+0000] {logging_mixin.py:188} INFO - Uploading /opt/***/data/minio/MSFT/1771222955.json to Snowflake stage...
[2026-02-17T06:45:44.532+0000] {logging_mixin.py:188} INFO - Uploading /opt/***/data/minio/MSFT/1771222969.json to Snowflake stage...
[2026-02-17T06:45:46.504+0000] {logging_mixin.py:188} INFO - Uploading /opt/***/data/minio/MSFT/1771222980.json to Snowflake stage...
[2026-02-17T06:45:47.197+0000] {logging_mixin.py:188} INFO - Uploading /opt/***/data/minio/MSFT/1771222990.json to Snowflake stage...
[2026-02-17T06:45:48.117+0000] {logging_mixin.py:188} INFO - Uploading /opt/***/data/minio/MSFT/1771223001.json to Snowflake stage...
[2026-02-17T06:45:48.977+0000] {logging_mixin.py:188} INFO - Uploading /opt/***/data/minio/MSFT/1771223011.json to Snowflake stage...
[2026-02-17T06:45:49.582+0000] {logging_mixin.py:188} INFO - Uploading /opt/***/data/minio/MSFT/1771223022.json to Snowflake stage...
[2026-02-17T06:45:50.316+0000] {logging_mixin.py:188} INFO - Uploading /opt/***/data/minio/MSFT/1771223033.json to Snowflake stage...
[2026-02-17T06:45:50.978+0000] {logging_mixin.py:188} INFO - Uploading /opt/***/data/minio/MSFT/1771223045.json to Snowflake stage...
[2026-02-17T06:45:51.716+0000] {logging_mixin.py:188} INFO - Uploading /opt/***/data/minio/MSFT/1771223059.json to Snowflake stage...
[2026-02-17T06:45:52.477+0000] {logging_mixin.py:188} INFO - Uploading /opt/***/data/minio/MSFT/1771223100.json to Snowflake stage...
[2026-02-17T06:45:53.374+0000] {logging_mixin.py:188} INFO - Uploading /opt/***/data/minio/MSFT/1771223321.json to Snowflake stage...
[2026-02-17T06:45:54.092+0000] {logging_mixin.py:188} INFO - Uploading /opt/***/data/minio/MSFT/1771223383.json to Snowflake stage...
[2026-02-17T06:45:54.893+0000] {logging_mixin.py:188} INFO - Uploading /opt/***/data/minio/MSFT/1771223395.json to Snowflake stage...
[2026-02-17T06:45:55.557+0000] {logging_mixin.py:188} INFO - Uploading /opt/***/data/minio/MSFT/1771223407.json to Snowflake stage...
[2026-02-17T06:45:56.194+0000] {logging_mixin.py:188} INFO - Uploading /opt/***/data/minio/MSFT/1771223418.json to Snowflake stage...
[2026-02-17T06:45:56.949+0000] {logging_mixin.py:188} INFO - Uploading /opt/***/data/minio/MSFT/1771223430.json to Snowflake stage...
[2026-02-17T06:45:57.857+0000] {logging_mixin.py:188} INFO - Uploading /opt/***/data/minio/MSFT/1771223440.json to Snowflake stage...
[2026-02-17T06:45:59.690+0000] {logging_mixin.py:188} INFO - Uploading /opt/***/data/minio/MSFT/1771223450.json to Snowflake stage...
[2026-02-17T06:46:03.351+0000] {logging_mixin.py:188} INFO - Uploading /opt/***/data/minio/MSFT/1771223461.json to Snowflake stage...
[2026-02-17T06:46:04.261+0000] {logging_mixin.py:188} INFO - Uploading /opt/***/data/minio/MSFT/1771223472.json to Snowflake stage...
[2026-02-17T06:46:06.186+0000] {logging_mixin.py:188} INFO - Uploading /opt/***/data/minio/MSFT/1771223485.json to Snowflake stage...
[2026-02-17T06:46:07.003+0000] {logging_mixin.py:188} INFO - Uploading /opt/***/data/minio/MSFT/1771223495.json to Snowflake stage...
[2026-02-17T06:46:07.753+0000] {logging_mixin.py:188} INFO - Uploading /opt/***/data/minio/MSFT/1771223506.json to Snowflake stage...
[2026-02-17T06:46:08.421+0000] {logging_mixin.py:188} INFO - Uploading /opt/***/data/minio/MSFT/1771223518.json to Snowflake stage...
[2026-02-17T06:46:09.169+0000] {logging_mixin.py:188} INFO - Uploading /opt/***/data/minio/MSFT/1771223528.json to Snowflake stage...
[2026-02-17T06:46:09.889+0000] {logging_mixin.py:188} INFO - Uploading /opt/***/data/minio/MSFT/1771223538.json to Snowflake stage...
[2026-02-17T06:46:10.552+0000] {logging_mixin.py:188} INFO - Uploading /opt/***/data/minio/MSFT/1771223549.json to Snowflake stage...
[2026-02-17T06:46:11.195+0000] {logging_mixin.py:188} INFO - Uploading /opt/***/data/minio/MSFT/1771223560.json to Snowflake stage...
[2026-02-17T06:46:11.958+0000] {logging_mixin.py:188} INFO - Uploading /opt/***/data/minio/MSFT/1771223570.json to Snowflake stage...
[2026-02-17T06:46:12.935+0000] {logging_mixin.py:188} INFO - Uploading /opt/***/data/minio/MSFT/1771223581.json to Snowflake stage...
[2026-02-17T06:46:13.761+0000] {logging_mixin.py:188} INFO - Uploading /opt/***/data/minio/MSFT/1771223594.json to Snowflake stage...
[2026-02-17T06:46:14.465+0000] {logging_mixin.py:188} INFO - Uploading /opt/***/data/minio/MSFT/1771223609.json to Snowflake stage...
[2026-02-17T06:46:15.112+0000] {logging_mixin.py:188} INFO - Uploading /opt/***/data/minio/MSFT/1771223621.json to Snowflake stage...
[2026-02-17T06:46:15.693+0000] {logging_mixin.py:188} INFO - Uploading /opt/***/data/minio/MSFT/1771223632.json to Snowflake stage...
[2026-02-17T06:46:17.079+0000] {logging_mixin.py:188} INFO - Uploading /opt/***/data/minio/MSFT/1771223644.json to Snowflake stage...
[2026-02-17T06:46:17.665+0000] {logging_mixin.py:188} INFO - Uploading /opt/***/data/minio/MSFT/1771223656.json to Snowflake stage...
[2026-02-17T06:46:18.363+0000] {logging_mixin.py:188} INFO - Uploading /opt/***/data/minio/MSFT/1771223675.json to Snowflake stage...
[2026-02-17T06:46:18.977+0000] {logging_mixin.py:188} INFO - Uploading /opt/***/data/minio/MSFT/1771223687.json to Snowflake stage...
[2026-02-17T06:46:19.626+0000] {logging_mixin.py:188} INFO - Uploading /opt/***/data/minio/MSFT/1771223700.json to Snowflake stage...
[2026-02-17T06:46:20.354+0000] {logging_mixin.py:188} INFO - Uploading /opt/***/data/minio/MSFT/1771223711.json to Snowflake stage...
[2026-02-17T06:46:21.006+0000] {logging_mixin.py:188} INFO - Uploading /opt/***/data/minio/MSFT/1771223721.json to Snowflake stage...
[2026-02-17T06:46:21.648+0000] {logging_mixin.py:188} INFO - Uploading /opt/***/data/minio/MSFT/1771223731.json to Snowflake stage...
[2026-02-17T06:46:22.355+0000] {logging_mixin.py:188} INFO - Uploading /opt/***/data/minio/MSFT/1771223741.json to Snowflake stage...
[2026-02-17T06:46:23.017+0000] {logging_mixin.py:188} INFO - Uploading /opt/***/data/minio/MSFT/1771223752.json to Snowflake stage...
[2026-02-17T06:46:23.634+0000] {logging_mixin.py:188} INFO - Uploading /opt/***/data/minio/MSFT/1771223764.json to Snowflake stage...
[2026-02-17T06:46:24.412+0000] {logging_mixin.py:188} INFO - Uploading /opt/***/data/minio/MSFT/1771223776.json to Snowflake stage...
[2026-02-17T06:46:25.186+0000] {logging_mixin.py:188} INFO - Uploading /opt/***/data/minio/MSFT/1771223787.json to Snowflake stage...
[2026-02-17T06:46:25.914+0000] {logging_mixin.py:188} INFO - Uploading /opt/***/data/minio/MSFT/1771223799.json to Snowflake stage...
[2026-02-17T06:46:26.670+0000] {logging_mixin.py:188} INFO - Uploading /opt/***/data/minio/MSFT/1771223814.json to Snowflake stage...
[2026-02-17T06:46:27.339+0000] {logging_mixin.py:188} INFO - Uploading /opt/***/data/minio/MSFT/1771223868.json to Snowflake stage...
[2026-02-17T06:46:27.962+0000] {logging_mixin.py:188} INFO - Uploading /opt/***/data/minio/MSFT/1771223932.json to Snowflake stage...
[2026-02-17T06:46:28.536+0000] {logging_mixin.py:188} INFO - Uploading /opt/***/data/minio/MSFT/1771223945.json to Snowflake stage...
[2026-02-17T06:46:29.258+0000] {logging_mixin.py:188} INFO - Uploading /opt/***/data/minio/MSFT/1771223959.json to Snowflake stage...
[2026-02-17T06:46:29.845+0000] {logging_mixin.py:188} INFO - Uploading /opt/***/data/minio/MSFT/1771223972.json to Snowflake stage...
[2026-02-17T06:46:30.609+0000] {logging_mixin.py:188} INFO - Uploading /opt/***/data/minio/MSFT/1771223985.json to Snowflake stage...
[2026-02-17T06:46:31.345+0000] {logging_mixin.py:188} INFO - Uploading /opt/***/data/minio/MSFT/1771223997.json to Snowflake stage...
[2026-02-17T06:46:32.121+0000] {logging_mixin.py:188} INFO - Uploading /opt/***/data/minio/MSFT/1771224007.json to Snowflake stage...
[2026-02-17T06:46:32.846+0000] {logging_mixin.py:188} INFO - Uploading /opt/***/data/minio/MSFT/1771224018.json to Snowflake stage...
[2026-02-17T06:46:33.558+0000] {logging_mixin.py:188} INFO - Uploading /opt/***/data/minio/MSFT/1771224030.json to Snowflake stage...
[2026-02-17T06:46:34.259+0000] {logging_mixin.py:188} INFO - Uploading /opt/***/data/minio/MSFT/1771224041.json to Snowflake stage...
[2026-02-17T06:46:34.884+0000] {logging_mixin.py:188} INFO - Uploading /opt/***/data/minio/MSFT/1771224052.json to Snowflake stage...
[2026-02-17T06:46:35.556+0000] {logging_mixin.py:188} INFO - Uploading /opt/***/data/minio/MSFT/1771224065.json to Snowflake stage...
[2026-02-17T06:46:36.268+0000] {logging_mixin.py:188} INFO - Uploading /opt/***/data/minio/MSFT/1771224078.json to Snowflake stage...
[2026-02-17T06:46:36.879+0000] {logging_mixin.py:188} INFO - Uploading /opt/***/data/minio/MSFT/1771224089.json to Snowflake stage...
[2026-02-17T06:46:37.625+0000] {logging_mixin.py:188} INFO - Uploading /opt/***/data/minio/MSFT/1771224100.json to Snowflake stage...
[2026-02-17T06:46:38.324+0000] {logging_mixin.py:188} INFO - Uploading /opt/***/data/minio/MSFT/1771224111.json to Snowflake stage...
[2026-02-17T06:46:38.973+0000] {logging_mixin.py:188} INFO - Uploading /opt/***/data/minio/MSFT/1771224122.json to Snowflake stage...
[2026-02-17T06:46:39.616+0000] {logging_mixin.py:188} INFO - Uploading /opt/***/data/minio/MSFT/1771224133.json to Snowflake stage...
[2026-02-17T06:46:40.811+0000] {logging_mixin.py:188} INFO - Uploading /opt/***/data/minio/MSFT/1771224144.json to Snowflake stage...
[2026-02-17T06:46:41.373+0000] {logging_mixin.py:188} INFO - Uploading /opt/***/data/minio/MSFT/1771224154.json to Snowflake stage...
[2026-02-17T06:46:41.958+0000] {logging_mixin.py:188} INFO - Uploading /opt/***/data/minio/MSFT/1771224165.json to Snowflake stage...
[2026-02-17T06:46:42.544+0000] {logging_mixin.py:188} INFO - Uploading /opt/***/data/minio/MSFT/1771224176.json to Snowflake stage...
[2026-02-17T06:46:43.199+0000] {logging_mixin.py:188} INFO - Uploading /opt/***/data/minio/MSFT/1771224188.json to Snowflake stage...
[2026-02-17T06:46:43.932+0000] {logging_mixin.py:188} INFO - Uploading /opt/***/data/minio/MSFT/1771224199.json to Snowflake stage...
[2026-02-17T06:46:44.739+0000] {logging_mixin.py:188} INFO - Uploading /opt/***/data/minio/MSFT/1771224212.json to Snowflake stage...
[2026-02-17T06:46:45.619+0000] {logging_mixin.py:188} INFO - Uploading /opt/***/data/minio/MSFT/1771224224.json to Snowflake stage...
[2026-02-17T06:46:46.545+0000] {logging_mixin.py:188} INFO - Uploading /opt/***/data/minio/MSFT/1771224238.json to Snowflake stage...
[2026-02-17T06:46:47.111+0000] {logging_mixin.py:188} INFO - Uploading /opt/***/data/minio/MSFT/1771224252.json to Snowflake stage...
[2026-02-17T06:46:47.692+0000] {logging_mixin.py:188} INFO - Uploading /opt/***/data/minio/MSFT/1771224513.json to Snowflake stage...
[2026-02-17T06:46:48.408+0000] {logging_mixin.py:188} INFO - Uploading /opt/***/data/minio/MSFT/1771224526.json to Snowflake stage...
[2026-02-17T06:46:49.445+0000] {logging_mixin.py:188} INFO - Uploading /opt/***/data/minio/MSFT/1771224539.json to Snowflake stage...
[2026-02-17T06:46:51.705+0000] {logging_mixin.py:188} INFO - Uploading /opt/***/data/minio/MSFT/1771224552.json to Snowflake stage...
[2026-02-17T06:46:52.226+0000] {logging_mixin.py:188} INFO - Uploading /opt/***/data/minio/MSFT/1771224565.json to Snowflake stage...
[2026-02-17T06:46:52.824+0000] {logging_mixin.py:188} INFO - Uploading /opt/***/data/minio/MSFT/1771224577.json to Snowflake stage...
[2026-02-17T06:46:53.322+0000] {logging_mixin.py:188} INFO - Uploading /opt/***/data/minio/MSFT/1771224589.json to Snowflake stage...
[2026-02-17T06:46:53.814+0000] {logging_mixin.py:188} INFO - Uploading /opt/***/data/minio/MSFT/1771224602.json to Snowflake stage...
[2026-02-17T06:46:54.596+0000] {logging_mixin.py:188} INFO - Uploading /opt/***/data/minio/MSFT/1771224613.json to Snowflake stage...
[2026-02-17T06:46:55.219+0000] {logging_mixin.py:188} INFO - Uploading /opt/***/data/minio/MSFT/1771224624.json to Snowflake stage...
[2026-02-17T06:46:55.783+0000] {logging_mixin.py:188} INFO - Uploading /opt/***/data/minio/MSFT/1771224635.json to Snowflake stage...
[2026-02-17T06:46:56.285+0000] {logging_mixin.py:188} INFO - Uploading /opt/***/data/minio/MSFT/1771224648.json to Snowflake stage...
[2026-02-17T06:46:56.807+0000] {logging_mixin.py:188} INFO - Uploading /opt/***/data/minio/MSFT/1771224668.json to Snowflake stage...
[2026-02-17T06:46:57.459+0000] {logging_mixin.py:188} INFO - Uploading /opt/***/data/minio/MSFT/1771224679.json to Snowflake stage...
[2026-02-17T06:46:58.182+0000] {logging_mixin.py:188} INFO - Uploading /opt/***/data/minio/MSFT/1771224692.json to Snowflake stage...
[2026-02-17T06:46:58.769+0000] {logging_mixin.py:188} INFO - Uploading /opt/***/data/minio/MSFT/1771224705.json to Snowflake stage...
[2026-02-17T06:46:59.288+0000] {logging_mixin.py:188} INFO - Uploading /opt/***/data/minio/MSFT/1771224717.json to Snowflake stage...
[2026-02-17T06:47:00.111+0000] {logging_mixin.py:188} INFO - Uploading /opt/***/data/minio/MSFT/1771224730.json to Snowflake stage...
[2026-02-17T06:47:00.733+0000] {logging_mixin.py:188} INFO - Uploading /opt/***/data/minio/MSFT/1771224742.json to Snowflake stage...
[2026-02-17T06:47:01.242+0000] {logging_mixin.py:188} INFO - Uploading /opt/***/data/minio/MSFT/1771224754.json to Snowflake stage...
[2026-02-17T06:47:01.771+0000] {logging_mixin.py:188} INFO - Uploading /opt/***/data/minio/MSFT/1771224769.json to Snowflake stage...
[2026-02-17T06:47:02.382+0000] {logging_mixin.py:188} INFO - Uploading /opt/***/data/minio/MSFT/1771224782.json to Snowflake stage...
[2026-02-17T06:47:02.891+0000] {logging_mixin.py:188} INFO - Uploading /opt/***/data/minio/MSFT/1771224796.json to Snowflake stage...
[2026-02-17T06:47:04.262+0000] {logging_mixin.py:188} INFO - Uploading /opt/***/data/minio/MSFT/1771224808.json to Snowflake stage...
[2026-02-17T06:47:04.901+0000] {logging_mixin.py:188} INFO - Uploading /opt/***/data/minio/MSFT/1771224820.json to Snowflake stage...
[2026-02-17T06:47:05.427+0000] {logging_mixin.py:188} INFO - Uploading /opt/***/data/minio/MSFT/1771224832.json to Snowflake stage...
[2026-02-17T06:47:05.882+0000] {logging_mixin.py:188} INFO - Uploading /opt/***/data/minio/MSFT/1771224843.json to Snowflake stage...
[2026-02-17T06:47:06.412+0000] {logging_mixin.py:188} INFO - Uploading /opt/***/data/minio/MSFT/1771224856.json to Snowflake stage...
[2026-02-17T06:47:07.037+0000] {logging_mixin.py:188} INFO - Uploading /opt/***/data/minio/MSFT/1771224867.json to Snowflake stage...
[2026-02-17T06:47:07.754+0000] {logging_mixin.py:188} INFO - Uploading /opt/***/data/minio/MSFT/1771224879.json to Snowflake stage...
[2026-02-17T06:47:08.472+0000] {logging_mixin.py:188} INFO - Uploading /opt/***/data/minio/MSFT/1771224889.json to Snowflake stage...
[2026-02-17T06:47:09.074+0000] {logging_mixin.py:188} INFO - Uploading /opt/***/data/minio/MSFT/1771224901.json to Snowflake stage...
[2026-02-17T06:47:09.815+0000] {logging_mixin.py:188} INFO - Uploading /opt/***/data/minio/MSFT/1771224911.json to Snowflake stage...
[2026-02-17T06:47:10.474+0000] {logging_mixin.py:188} INFO - Uploading /opt/***/data/minio/MSFT/1771224922.json to Snowflake stage...
[2026-02-17T06:47:11.253+0000] {logging_mixin.py:188} INFO - Uploading /opt/***/data/minio/MSFT/1771224932.json to Snowflake stage...
[2026-02-17T06:47:11.893+0000] {logging_mixin.py:188} INFO - Uploading /opt/***/data/minio/MSFT/1771224943.json to Snowflake stage...
[2026-02-17T06:47:12.488+0000] {logging_mixin.py:188} INFO - Uploading /opt/***/data/minio/MSFT/1771224954.json to Snowflake stage...
[2026-02-17T06:47:13.080+0000] {logging_mixin.py:188} INFO - Uploading /opt/***/data/minio/MSFT/1771224964.json to Snowflake stage...
[2026-02-17T06:47:13.668+0000] {logging_mixin.py:188} INFO - Uploading /opt/***/data/minio/MSFT/1771224975.json to Snowflake stage...
[2026-02-17T06:47:14.323+0000] {logging_mixin.py:188} INFO - Uploading /opt/***/data/minio/MSFT/1771224986.json to Snowflake stage...
[2026-02-17T06:47:15.561+0000] {logging_mixin.py:188} INFO - Uploading /opt/***/data/minio/MSFT/1771224997.json to Snowflake stage...
[2026-02-17T06:47:16.335+0000] {logging_mixin.py:188} INFO - Uploading /opt/***/data/minio/MSFT/1771225009.json to Snowflake stage...
[2026-02-17T06:47:17.106+0000] {logging_mixin.py:188} INFO - Uploading /opt/***/data/minio/MSFT/1771225019.json to Snowflake stage...
[2026-02-17T06:47:17.721+0000] {logging_mixin.py:188} INFO - Uploading /opt/***/data/minio/MSFT/1771225030.json to Snowflake stage...
[2026-02-17T06:47:18.464+0000] {logging_mixin.py:188} INFO - Uploading /opt/***/data/minio/MSFT/1771225042.json to Snowflake stage...
[2026-02-17T06:47:19.125+0000] {logging_mixin.py:188} INFO - Uploading /opt/***/data/minio/MSFT/1771225053.json to Snowflake stage...
[2026-02-17T06:47:19.858+0000] {logging_mixin.py:188} INFO - Uploading /opt/***/data/minio/MSFT/1771225063.json to Snowflake stage...
[2026-02-17T06:47:20.729+0000] {logging_mixin.py:188} INFO - Uploading /opt/***/data/minio/MSFT/1771225075.json to Snowflake stage...
[2026-02-17T06:47:21.550+0000] {logging_mixin.py:188} INFO - Uploading /opt/***/data/minio/MSFT/1771225086.json to Snowflake stage...
[2026-02-17T06:47:22.231+0000] {logging_mixin.py:188} INFO - Uploading /opt/***/data/minio/MSFT/1771225096.json to Snowflake stage...
[2026-02-17T06:47:22.785+0000] {logging_mixin.py:188} INFO - Uploading /opt/***/data/minio/MSFT/1771225107.json to Snowflake stage...
[2026-02-17T06:47:23.552+0000] {logging_mixin.py:188} INFO - Uploading /opt/***/data/minio/MSFT/1771225118.json to Snowflake stage...
[2026-02-17T06:47:24.136+0000] {logging_mixin.py:188} INFO - Uploading /opt/***/data/minio/MSFT/1771225132.json to Snowflake stage...
[2026-02-17T06:47:24.761+0000] {logging_mixin.py:188} INFO - Uploading /opt/***/data/minio/MSFT/1771225145.json to Snowflake stage...
[2026-02-17T06:47:25.374+0000] {logging_mixin.py:188} INFO - Uploading /opt/***/data/minio/MSFT/1771225156.json to Snowflake stage...
[2026-02-17T06:47:26.222+0000] {logging_mixin.py:188} INFO - Uploading /opt/***/data/minio/MSFT/1771225167.json to Snowflake stage...
[2026-02-17T06:47:28.190+0000] {logging_mixin.py:188} INFO - Uploading /opt/***/data/minio/MSFT/1771225178.json to Snowflake stage...
[2026-02-17T06:47:28.979+0000] {logging_mixin.py:188} INFO - Uploading /opt/***/data/minio/MSFT/1771225200.json to Snowflake stage...
[2026-02-17T06:47:29.613+0000] {logging_mixin.py:188} INFO - Uploading /opt/***/data/minio/MSFT/1771225212.json to Snowflake stage...
[2026-02-17T06:47:30.175+0000] {logging_mixin.py:188} INFO - Uploading /opt/***/data/minio/MSFT/1771225224.json to Snowflake stage...
[2026-02-17T06:47:30.922+0000] {logging_mixin.py:188} INFO - Uploading /opt/***/data/minio/MSFT/1771225237.json to Snowflake stage...
[2026-02-17T06:47:31.723+0000] {logging_mixin.py:188} INFO - Uploading /opt/***/data/minio/MSFT/1771225249.json to Snowflake stage...
[2026-02-17T06:47:32.994+0000] {logging_mixin.py:188} INFO - Uploading /opt/***/data/minio/MSFT/1771225261.json to Snowflake stage...
[2026-02-17T06:47:33.859+0000] {logging_mixin.py:188} INFO - Uploading /opt/***/data/minio/MSFT/1771225275.json to Snowflake stage...
[2026-02-17T06:47:34.786+0000] {logging_mixin.py:188} INFO - Uploading /opt/***/data/minio/MSFT/1771225287.json to Snowflake stage...
[2026-02-17T06:47:35.521+0000] {logging_mixin.py:188} INFO - Uploading /opt/***/data/minio/MSFT/1771225298.json to Snowflake stage...
[2026-02-17T06:47:36.103+0000] {logging_mixin.py:188} INFO - Uploading /opt/***/data/minio/MSFT/1771225309.json to Snowflake stage...
[2026-02-17T06:47:36.831+0000] {logging_mixin.py:188} INFO - Uploading /opt/***/data/minio/MSFT/1771225320.json to Snowflake stage...
[2026-02-17T06:47:37.688+0000] {logging_mixin.py:188} INFO - Uploading /opt/***/data/minio/MSFT/1771225332.json to Snowflake stage...
[2026-02-17T06:47:38.414+0000] {logging_mixin.py:188} INFO - Uploading /opt/***/data/minio/MSFT/1771225343.json to Snowflake stage...
[2026-02-17T06:47:39.175+0000] {logging_mixin.py:188} INFO - Uploading /opt/***/data/minio/MSFT/1771225355.json to Snowflake stage...
[2026-02-17T06:47:40.029+0000] {logging_mixin.py:188} INFO - Uploading /opt/***/data/minio/MSFT/1771225368.json to Snowflake stage...
[2026-02-17T06:47:40.700+0000] {logging_mixin.py:188} INFO - Uploading /opt/***/data/minio/MSFT/1771225378.json to Snowflake stage...
[2026-02-17T06:47:41.337+0000] {logging_mixin.py:188} INFO - Uploading /opt/***/data/minio/MSFT/1771225389.json to Snowflake stage...
[2026-02-17T06:47:42.243+0000] {logging_mixin.py:188} INFO - Uploading /opt/***/data/minio/MSFT/1771225400.json to Snowflake stage...
[2026-02-17T06:47:42.982+0000] {logging_mixin.py:188} INFO - Uploading /opt/***/data/minio/MSFT/1771225410.json to Snowflake stage...
[2026-02-17T06:47:43.560+0000] {logging_mixin.py:188} INFO - Uploading /opt/***/data/minio/MSFT/1771225421.json to Snowflake stage...
[2026-02-17T06:47:44.218+0000] {logging_mixin.py:188} INFO - Uploading /opt/***/data/minio/MSFT/1771225433.json to Snowflake stage...
[2026-02-17T06:47:44.755+0000] {logging_mixin.py:188} INFO - Uploading /opt/***/data/minio/MSFT/1771225444.json to Snowflake stage...
[2026-02-17T06:47:45.450+0000] {logging_mixin.py:188} INFO - Uploading /opt/***/data/minio/MSFT/1771225454.json to Snowflake stage...
[2026-02-17T06:47:46.122+0000] {logging_mixin.py:188} INFO - Uploading /opt/***/data/minio/MSFT/1771225465.json to Snowflake stage...
[2026-02-17T06:47:46.910+0000] {logging_mixin.py:188} INFO - Uploading /opt/***/data/minio/MSFT/1771225476.json to Snowflake stage...
[2026-02-17T06:47:47.633+0000] {logging_mixin.py:188} INFO - Uploading /opt/***/data/minio/MSFT/1771225487.json to Snowflake stage...
[2026-02-17T06:47:48.259+0000] {logging_mixin.py:188} INFO - Uploading /opt/***/data/minio/MSFT/1771225498.json to Snowflake stage...
[2026-02-17T06:47:48.809+0000] {logging_mixin.py:188} INFO - Uploading /opt/***/data/minio/MSFT/1771225508.json to Snowflake stage...
[2026-02-17T06:47:49.313+0000] {logging_mixin.py:188} INFO - Uploading /opt/***/data/minio/MSFT/1771225519.json to Snowflake stage...
[2026-02-17T06:47:49.936+0000] {logging_mixin.py:188} INFO - Uploading /opt/***/data/minio/MSFT/1771225530.json to Snowflake stage...
[2026-02-17T06:47:50.610+0000] {logging_mixin.py:188} INFO - Uploading /opt/***/data/minio/MSFT/1771225541.json to Snowflake stage...
[2026-02-17T06:47:51.401+0000] {logging_mixin.py:188} INFO - Uploading /opt/***/data/minio/MSFT/1771225552.json to Snowflake stage...
[2026-02-17T06:47:52.215+0000] {logging_mixin.py:188} INFO - Uploading /opt/***/data/minio/MSFT/1771225564.json to Snowflake stage...
[2026-02-17T06:47:58.067+0000] {connectionpool.py:824} WARNING - Retrying (Retry(total=0, connect=None, read=None, redirect=None, status=None)) after connection broken by 'NewConnectionError('<snowflake.connector.vendored.urllib3.connection.HTTPSConnection object at 0x73c87ed082f0>: Failed to establish a new connection: [Errno -3] Temporary failure in name resolution')': /?accelerate
[2026-02-17T06:48:00.303+0000] {logging_mixin.py:188} INFO - Uploading /opt/***/data/minio/MSFT/1771225576.json to Snowflake stage...
[2026-02-17T06:48:00.994+0000] {logging_mixin.py:188} INFO - Uploading /opt/***/data/minio/MSFT/1771225587.json to Snowflake stage...
[2026-02-17T06:48:01.681+0000] {logging_mixin.py:188} INFO - Uploading /opt/***/data/minio/MSFT/1771225598.json to Snowflake stage...
[2026-02-17T06:48:02.541+0000] {logging_mixin.py:188} INFO - Uploading /opt/***/data/minio/MSFT/1771225609.json to Snowflake stage...
[2026-02-17T06:48:03.764+0000] {logging_mixin.py:188} INFO - Uploading /opt/***/data/minio/MSFT/1771225620.json to Snowflake stage...
[2026-02-17T06:48:04.343+0000] {logging_mixin.py:188} INFO - Uploading /opt/***/data/minio/MSFT/1771225631.json to Snowflake stage...
[2026-02-17T06:48:04.897+0000] {logging_mixin.py:188} INFO - Uploading /opt/***/data/minio/MSFT/1771225642.json to Snowflake stage...
[2026-02-17T06:48:05.429+0000] {logging_mixin.py:188} INFO - Uploading /opt/***/data/minio/MSFT/1771225653.json to Snowflake stage...
[2026-02-17T06:48:05.950+0000] {logging_mixin.py:188} INFO - Uploading /opt/***/data/minio/MSFT/1771225664.json to Snowflake stage...
[2026-02-17T06:48:06.654+0000] {logging_mixin.py:188} INFO - Uploading /opt/***/data/minio/MSFT/1771225674.json to Snowflake stage...
[2026-02-17T06:48:07.534+0000] {logging_mixin.py:188} INFO - Uploading /opt/***/data/minio/MSFT/1771225685.json to Snowflake stage...
[2026-02-17T06:48:08.368+0000] {logging_mixin.py:188} INFO - Uploading /opt/***/data/minio/MSFT/1771225695.json to Snowflake stage...
[2026-02-17T06:48:09.056+0000] {logging_mixin.py:188} INFO - Uploading /opt/***/data/minio/MSFT/1771225706.json to Snowflake stage...
[2026-02-17T06:48:09.686+0000] {logging_mixin.py:188} INFO - Uploading /opt/***/data/minio/MSFT/1771225716.json to Snowflake stage...
[2026-02-17T06:48:10.331+0000] {logging_mixin.py:188} INFO - Uploading /opt/***/data/minio/MSFT/1771225728.json to Snowflake stage...
[2026-02-17T06:48:10.995+0000] {logging_mixin.py:188} INFO - Uploading /opt/***/data/minio/MSFT/1771225739.json to Snowflake stage...
[2026-02-17T06:48:11.717+0000] {logging_mixin.py:188} INFO - Uploading /opt/***/data/minio/MSFT/1771225750.json to Snowflake stage...
[2026-02-17T06:48:12.594+0000] {logging_mixin.py:188} INFO - Uploading /opt/***/data/minio/MSFT/1771225760.json to Snowflake stage...
[2026-02-17T06:48:13.702+0000] {logging_mixin.py:188} INFO - Uploading /opt/***/data/minio/MSFT/1771225771.json to Snowflake stage...
[2026-02-17T06:48:14.497+0000] {logging_mixin.py:188} INFO - Uploading /opt/***/data/minio/MSFT/1771225782.json to Snowflake stage...
[2026-02-17T06:48:15.212+0000] {logging_mixin.py:188} INFO - Uploading /opt/***/data/minio/MSFT/1771225792.json to Snowflake stage...
[2026-02-17T06:48:16.046+0000] {logging_mixin.py:188} INFO - Uploading /opt/***/data/minio/MSFT/1771225803.json to Snowflake stage...
[2026-02-17T06:48:16.950+0000] {logging_mixin.py:188} INFO - Uploading /opt/***/data/minio/MSFT/1771225814.json to Snowflake stage...
[2026-02-17T06:48:17.716+0000] {logging_mixin.py:188} INFO - Uploading /opt/***/data/minio/MSFT/1771225825.json to Snowflake stage...
[2026-02-17T06:48:18.588+0000] {logging_mixin.py:188} INFO - Uploading /opt/***/data/minio/MSFT/1771225836.json to Snowflake stage...
[2026-02-17T06:48:19.370+0000] {logging_mixin.py:188} INFO - Uploading /opt/***/data/minio/MSFT/1771225847.json to Snowflake stage...
[2026-02-17T06:48:20.003+0000] {logging_mixin.py:188} INFO - Uploading /opt/***/data/minio/MSFT/1771225858.json to Snowflake stage...
[2026-02-17T06:48:20.767+0000] {logging_mixin.py:188} INFO - Uploading /opt/***/data/minio/MSFT/1771225870.json to Snowflake stage...
[2026-02-17T06:48:21.434+0000] {logging_mixin.py:188} INFO - Uploading /opt/***/data/minio/MSFT/1771225880.json to Snowflake stage...
[2026-02-17T06:48:22.178+0000] {logging_mixin.py:188} INFO - Uploading /opt/***/data/minio/MSFT/1771225891.json to Snowflake stage...
[2026-02-17T06:48:23.046+0000] {logging_mixin.py:188} INFO - Uploading /opt/***/data/minio/MSFT/1771225902.json to Snowflake stage...
[2026-02-17T06:48:23.765+0000] {logging_mixin.py:188} INFO - Uploading /opt/***/data/minio/MSFT/1771225912.json to Snowflake stage...
[2026-02-17T06:48:24.467+0000] {logging_mixin.py:188} INFO - Uploading /opt/***/data/minio/MSFT/1771225923.json to Snowflake stage...
[2026-02-17T06:48:25.934+0000] {logging_mixin.py:188} INFO - Uploading /opt/***/data/minio/MSFT/1771225934.json to Snowflake stage...
[2026-02-17T06:48:26.907+0000] {logging_mixin.py:188} INFO - Uploading /opt/***/data/minio/MSFT/1771225944.json to Snowflake stage...
[2026-02-17T06:48:27.797+0000] {logging_mixin.py:188} INFO - Uploading /opt/***/data/minio/MSFT/1771225955.json to Snowflake stage...
[2026-02-17T06:48:28.744+0000] {logging_mixin.py:188} INFO - Uploading /opt/***/data/minio/MSFT/1771225965.json to Snowflake stage...
[2026-02-17T06:48:29.540+0000] {logging_mixin.py:188} INFO - Uploading /opt/***/data/minio/MSFT/1771225976.json to Snowflake stage...
[2026-02-17T06:48:30.562+0000] {logging_mixin.py:188} INFO - Uploading /opt/***/data/minio/MSFT/1771225986.json to Snowflake stage...
[2026-02-17T06:48:31.560+0000] {logging_mixin.py:188} INFO - Uploading /opt/***/data/minio/MSFT/1771225997.json to Snowflake stage...
[2026-02-17T06:48:32.333+0000] {logging_mixin.py:188} INFO - Uploading /opt/***/data/minio/MSFT/1771226008.json to Snowflake stage...
[2026-02-17T06:48:33.070+0000] {logging_mixin.py:188} INFO - Uploading /opt/***/data/minio/MSFT/1771226018.json to Snowflake stage...
[2026-02-17T06:48:33.708+0000] {logging_mixin.py:188} INFO - Uploading /opt/***/data/minio/MSFT/1771226029.json to Snowflake stage...
[2026-02-17T06:48:34.427+0000] {logging_mixin.py:188} INFO - Uploading /opt/***/data/minio/MSFT/1771226039.json to Snowflake stage...
[2026-02-17T06:48:35.225+0000] {logging_mixin.py:188} INFO - Uploading /opt/***/data/minio/MSFT/1771226050.json to Snowflake stage...
[2026-02-17T06:48:35.948+0000] {logging_mixin.py:188} INFO - Uploading /opt/***/data/minio/MSFT/1771226060.json to Snowflake stage...
[2026-02-17T06:48:36.561+0000] {logging_mixin.py:188} INFO - Uploading /opt/***/data/minio/MSFT/1771226071.json to Snowflake stage...
[2026-02-17T06:48:37.200+0000] {logging_mixin.py:188} INFO - Uploading /opt/***/data/minio/MSFT/1771226082.json to Snowflake stage...
[2026-02-17T06:48:37.873+0000] {logging_mixin.py:188} INFO - Uploading /opt/***/data/minio/MSFT/1771226092.json to Snowflake stage...
[2026-02-17T06:48:38.511+0000] {logging_mixin.py:188} INFO - Uploading /opt/***/data/minio/MSFT/1771226104.json to Snowflake stage...
[2026-02-17T06:48:39.172+0000] {logging_mixin.py:188} INFO - Uploading /opt/***/data/minio/MSFT/1771226115.json to Snowflake stage...
[2026-02-17T06:48:39.981+0000] {logging_mixin.py:188} INFO - Uploading /opt/***/data/minio/MSFT/1771226126.json to Snowflake stage...
[2026-02-17T06:48:42.234+0000] {logging_mixin.py:188} INFO - Uploading /opt/***/data/minio/MSFT/1771226137.json to Snowflake stage...
[2026-02-17T06:48:42.999+0000] {logging_mixin.py:188} INFO - Uploading /opt/***/data/minio/MSFT/1771226149.json to Snowflake stage...
[2026-02-17T06:48:44.088+0000] {logging_mixin.py:188} INFO - Uploading /opt/***/data/minio/MSFT/1771226159.json to Snowflake stage...
[2026-02-17T06:49:26.890+0000] {connectionpool.py:824} WARNING - Retrying (Retry(total=0, connect=None, read=None, redirect=None, status=None)) after connection broken by 'ProtocolError('Connection aborted.', RemoteDisconnected('Remote end closed connection without response'))': /?accelerate
[2026-02-17T06:49:29.336+0000] {logging_mixin.py:188} INFO - Uploading /opt/***/data/minio/MSFT/1771226170.json to Snowflake stage...
[2026-02-17T06:49:29.982+0000] {logging_mixin.py:188} INFO - Uploading /opt/***/data/minio/MSFT/1771226181.json to Snowflake stage...
[2026-02-17T06:49:31.892+0000] {logging_mixin.py:188} INFO - Uploading /opt/***/data/minio/MSFT/1771226191.json to Snowflake stage...
[2026-02-17T06:49:32.486+0000] {logging_mixin.py:188} INFO - Uploading /opt/***/data/minio/MSFT/1771226202.json to Snowflake stage...
[2026-02-17T06:49:33.155+0000] {logging_mixin.py:188} INFO - Uploading /opt/***/data/minio/MSFT/1771226214.json to Snowflake stage...
[2026-02-17T06:49:33.866+0000] {logging_mixin.py:188} INFO - Uploading /opt/***/data/minio/MSFT/1771226225.json to Snowflake stage...
[2026-02-17T06:49:34.452+0000] {logging_mixin.py:188} INFO - Uploading /opt/***/data/minio/MSFT/1771226235.json to Snowflake stage...
[2026-02-17T06:49:34.938+0000] {logging_mixin.py:188} INFO - Uploading /opt/***/data/minio/MSFT/1771226245.json to Snowflake stage...
[2026-02-17T06:49:35.484+0000] {logging_mixin.py:188} INFO - Uploading /opt/***/data/minio/MSFT/1771226255.json to Snowflake stage...
[2026-02-17T06:49:36.060+0000] {logging_mixin.py:188} INFO - Uploading /opt/***/data/minio/MSFT/1771226266.json to Snowflake stage...
[2026-02-17T06:49:36.744+0000] {logging_mixin.py:188} INFO - Uploading /opt/***/data/minio/MSFT/1771226277.json to Snowflake stage...
[2026-02-17T06:49:37.494+0000] {logging_mixin.py:188} INFO - Uploading /opt/***/data/minio/MSFT/1771226287.json to Snowflake stage...
[2026-02-17T06:49:38.038+0000] {logging_mixin.py:188} INFO - Uploading /opt/***/data/minio/MSFT/1771226298.json to Snowflake stage...
[2026-02-17T06:49:38.717+0000] {logging_mixin.py:188} INFO - Uploading /opt/***/data/minio/MSFT/1771226310.json to Snowflake stage...
[2026-02-17T06:49:39.480+0000] {logging_mixin.py:188} INFO - Uploading /opt/***/data/minio/MSFT/1771226320.json to Snowflake stage...
[2026-02-17T06:49:40.085+0000] {logging_mixin.py:188} INFO - Uploading /opt/***/data/minio/MSFT/1771226331.json to Snowflake stage...
[2026-02-17T06:49:40.727+0000] {logging_mixin.py:188} INFO - Uploading /opt/***/data/minio/MSFT/1771226342.json to Snowflake stage...
[2026-02-17T06:49:41.426+0000] {logging_mixin.py:188} INFO - Uploading /opt/***/data/minio/MSFT/1771226353.json to Snowflake stage...
[2026-02-17T06:49:42.643+0000] {logging_mixin.py:188} INFO - Uploading /opt/***/data/minio/MSFT/1771226364.json to Snowflake stage...
[2026-02-17T06:49:43.414+0000] {logging_mixin.py:188} INFO - Uploading /opt/***/data/minio/MSFT/1771226375.json to Snowflake stage...
[2026-02-17T06:49:44.089+0000] {logging_mixin.py:188} INFO - Uploading /opt/***/data/minio/MSFT/1771226386.json to Snowflake stage...
[2026-02-17T06:49:44.709+0000] {logging_mixin.py:188} INFO - Uploading /opt/***/data/minio/MSFT/1771226398.json to Snowflake stage...
[2026-02-17T06:49:45.423+0000] {logging_mixin.py:188} INFO - Uploading /opt/***/data/minio/MSFT/1771226409.json to Snowflake stage...
[2026-02-17T06:49:46.138+0000] {logging_mixin.py:188} INFO - Uploading /opt/***/data/minio/MSFT/1771226420.json to Snowflake stage...
[2026-02-17T06:49:46.876+0000] {logging_mixin.py:188} INFO - Uploading /opt/***/data/minio/MSFT/1771226432.json to Snowflake stage...
[2026-02-17T06:49:47.513+0000] {logging_mixin.py:188} INFO - Uploading /opt/***/data/minio/MSFT/1771226443.json to Snowflake stage...
[2026-02-17T06:49:48.191+0000] {logging_mixin.py:188} INFO - Uploading /opt/***/data/minio/MSFT/1771226454.json to Snowflake stage...
[2026-02-17T06:49:48.854+0000] {logging_mixin.py:188} INFO - Uploading /opt/***/data/minio/MSFT/1771226466.json to Snowflake stage...
[2026-02-17T06:49:49.438+0000] {logging_mixin.py:188} INFO - Uploading /opt/***/data/minio/MSFT/1771226478.json to Snowflake stage...
[2026-02-17T06:49:50.038+0000] {logging_mixin.py:188} INFO - Uploading /opt/***/data/minio/MSFT/1771226489.json to Snowflake stage...
[2026-02-17T06:49:50.552+0000] {logging_mixin.py:188} INFO - Uploading /opt/***/data/minio/MSFT/1771226499.json to Snowflake stage...
[2026-02-17T06:49:51.123+0000] {logging_mixin.py:188} INFO - Uploading /opt/***/data/minio/MSFT/1771226510.json to Snowflake stage...
[2026-02-17T06:49:51.633+0000] {logging_mixin.py:188} INFO - Uploading /opt/***/data/minio/MSFT/1771226522.json to Snowflake stage...
[2026-02-17T06:49:53.012+0000] {logging_mixin.py:188} INFO - Uploading /opt/***/data/minio/MSFT/1771226534.json to Snowflake stage...
[2026-02-17T06:49:53.661+0000] {logging_mixin.py:188} INFO - Uploading /opt/***/data/minio/MSFT/1771226545.json to Snowflake stage...
[2026-02-17T06:49:54.267+0000] {logging_mixin.py:188} INFO - Uploading /opt/***/data/minio/MSFT/1771226556.json to Snowflake stage...
[2026-02-17T06:49:54.938+0000] {logging_mixin.py:188} INFO - Uploading /opt/***/data/minio/MSFT/1771226566.json to Snowflake stage...
[2026-02-17T06:49:55.629+0000] {logging_mixin.py:188} INFO - Uploading /opt/***/data/minio/MSFT/1771226577.json to Snowflake stage...
[2026-02-17T06:49:56.370+0000] {logging_mixin.py:188} INFO - Uploading /opt/***/data/minio/MSFT/1771226588.json to Snowflake stage...
[2026-02-17T06:49:57.720+0000] {logging_mixin.py:188} INFO - Uploading /opt/***/data/minio/MSFT/1771226599.json to Snowflake stage...
[2026-02-17T06:49:58.569+0000] {logging_mixin.py:188} INFO - Uploading /opt/***/data/minio/MSFT/1771226611.json to Snowflake stage...
[2026-02-17T06:49:59.163+0000] {logging_mixin.py:188} INFO - Uploading /opt/***/data/minio/MSFT/1771226624.json to Snowflake stage...
[2026-02-17T06:49:59.837+0000] {logging_mixin.py:188} INFO - Uploading /opt/***/data/minio/MSFT/1771226635.json to Snowflake stage...
[2026-02-17T06:50:00.539+0000] {logging_mixin.py:188} INFO - Uploading /opt/***/data/minio/MSFT/1771226646.json to Snowflake stage...
[2026-02-17T06:50:01.217+0000] {logging_mixin.py:188} INFO - Uploading /opt/***/data/minio/MSFT/1771226657.json to Snowflake stage...
[2026-02-17T06:50:02.295+0000] {logging_mixin.py:188} INFO - Uploading /opt/***/data/minio/MSFT/1771226669.json to Snowflake stage...
[2026-02-17T06:50:31.469+0000] {connectionpool.py:824} WARNING - Retrying (Retry(total=0, connect=None, read=None, redirect=None, status=None)) after connection broken by 'ProtocolError('Connection aborted.', RemoteDisconnected('Remote end closed connection without response'))': /ev2g1000-s/tables/83986386969/1771226669.json.gz
[2026-02-17T06:50:32.581+0000] {logging_mixin.py:188} INFO - Uploading /opt/***/data/minio/MSFT/1771226680.json to Snowflake stage...
[2026-02-17T06:50:33.428+0000] {logging_mixin.py:188} INFO - Uploading /opt/***/data/minio/MSFT/1771226691.json to Snowflake stage...
[2026-02-17T06:50:33.946+0000] {logging_mixin.py:188} INFO - Uploading /opt/***/data/minio/MSFT/1771226702.json to Snowflake stage...
[2026-02-17T06:50:34.467+0000] {logging_mixin.py:188} INFO - Uploading /opt/***/data/minio/MSFT/1771226713.json to Snowflake stage...
[2026-02-17T06:50:35.264+0000] {logging_mixin.py:188} INFO - Uploading /opt/***/data/minio/MSFT/1771226724.json to Snowflake stage...
[2026-02-17T06:50:35.908+0000] {logging_mixin.py:188} INFO - Uploading /opt/***/data/minio/MSFT/1771226734.json to Snowflake stage...
[2026-02-17T06:50:36.400+0000] {logging_mixin.py:188} INFO - Uploading /opt/***/data/minio/MSFT/1771226745.json to Snowflake stage...
[2026-02-17T06:50:36.887+0000] {logging_mixin.py:188} INFO - Uploading /opt/***/data/minio/MSFT/1771226756.json to Snowflake stage...
[2026-02-17T06:50:37.391+0000] {logging_mixin.py:188} INFO - Uploading /opt/***/data/minio/MSFT/1771226767.json to Snowflake stage...
[2026-02-17T06:50:37.946+0000] {logging_mixin.py:188} INFO - Uploading /opt/***/data/minio/MSFT/1771226778.json to Snowflake stage...
[2026-02-17T06:50:38.617+0000] {logging_mixin.py:188} INFO - Uploading /opt/***/data/minio/MSFT/1771226790.json to Snowflake stage...
[2026-02-17T06:50:39.373+0000] {logging_mixin.py:188} INFO - Uploading /opt/***/data/minio/MSFT/1771226800.json to Snowflake stage...
[2026-02-17T06:50:40.079+0000] {logging_mixin.py:188} INFO - Uploading /opt/***/data/minio/MSFT/1771226812.json to Snowflake stage...
[2026-02-17T06:50:40.818+0000] {logging_mixin.py:188} INFO - Uploading /opt/***/data/minio/MSFT/1771226826.json to Snowflake stage...
[2026-02-17T06:50:41.475+0000] {logging_mixin.py:188} INFO - Uploading /opt/***/data/minio/MSFT/1771226840.json to Snowflake stage...
[2026-02-17T06:50:42.061+0000] {logging_mixin.py:188} INFO - Uploading /opt/***/data/minio/MSFT/1771226851.json to Snowflake stage...
[2026-02-17T06:50:42.868+0000] {logging_mixin.py:188} INFO - Uploading /opt/***/data/minio/MSFT/1771226863.json to Snowflake stage...
[2026-02-17T06:50:43.763+0000] {logging_mixin.py:188} INFO - Uploading /opt/***/data/minio/MSFT/1771226882.json to Snowflake stage...
[2026-02-17T06:50:44.727+0000] {logging_mixin.py:188} INFO - Uploading /opt/***/data/minio/MSFT/1771226897.json to Snowflake stage...
[2026-02-17T06:50:45.680+0000] {logging_mixin.py:188} INFO - Uploading /opt/***/data/minio/MSFT/1771226909.json to Snowflake stage...
[2026-02-17T06:50:46.333+0000] {logging_mixin.py:188} INFO - Uploading /opt/***/data/minio/MSFT/1771226925.json to Snowflake stage...
[2026-02-17T06:50:46.964+0000] {logging_mixin.py:188} INFO - Uploading /opt/***/data/minio/MSFT/1771226937.json to Snowflake stage...
[2026-02-17T06:50:47.608+0000] {logging_mixin.py:188} INFO - Uploading /opt/***/data/minio/MSFT/1771226951.json to Snowflake stage...
[2026-02-17T06:50:48.187+0000] {logging_mixin.py:188} INFO - Uploading /opt/***/data/minio/MSFT/1771226965.json to Snowflake stage...
[2026-02-17T06:50:48.787+0000] {logging_mixin.py:188} INFO - Uploading /opt/***/data/minio/MSFT/1771226976.json to Snowflake stage...
[2026-02-17T06:50:49.332+0000] {logging_mixin.py:188} INFO - Uploading /opt/***/data/minio/MSFT/1771226986.json to Snowflake stage...
[2026-02-17T06:50:50.014+0000] {logging_mixin.py:188} INFO - Uploading /opt/***/data/minio/MSFT/1771226999.json to Snowflake stage...
[2026-02-17T06:50:50.743+0000] {logging_mixin.py:188} INFO - Uploading /opt/***/data/minio/MSFT/1771227009.json to Snowflake stage...
[2026-02-17T06:50:51.527+0000] {logging_mixin.py:188} INFO - Uploading /opt/***/data/minio/MSFT/1771227021.json to Snowflake stage...
[2026-02-17T06:50:52.351+0000] {logging_mixin.py:188} INFO - Uploading /opt/***/data/minio/MSFT/1771227031.json to Snowflake stage...
[2026-02-17T06:51:27.186+0000] {logging_mixin.py:188} INFO - Uploading /opt/***/data/minio/MSFT/1771227042.json to Snowflake stage...
[2026-02-17T06:51:27.796+0000] {logging_mixin.py:188} INFO - Uploading /opt/***/data/minio/MSFT/1771227052.json to Snowflake stage...
[2026-02-17T06:51:28.624+0000] {logging_mixin.py:188} INFO - Uploading /opt/***/data/minio/MSFT/1771227063.json to Snowflake stage...
[2026-02-17T06:51:29.320+0000] {logging_mixin.py:188} INFO - Uploading /opt/***/data/minio/MSFT/1771227073.json to Snowflake stage...
[2026-02-17T06:51:29.868+0000] {logging_mixin.py:188} INFO - Uploading /opt/***/data/minio/MSFT/1771227084.json to Snowflake stage...
[2026-02-17T06:51:30.451+0000] {logging_mixin.py:188} INFO - Uploading /opt/***/data/minio/MSFT/1771227095.json to Snowflake stage...
[2026-02-17T06:51:31.049+0000] {logging_mixin.py:188} INFO - Uploading /opt/***/data/minio/MSFT/1771227106.json to Snowflake stage...
[2026-02-17T06:51:32.021+0000] {logging_mixin.py:188} INFO - Uploading /opt/***/data/minio/MSFT/1771227118.json to Snowflake stage...
[2026-02-17T06:51:32.898+0000] {logging_mixin.py:188} INFO - Uploading /opt/***/data/minio/MSFT/1771227129.json to Snowflake stage...
[2026-02-17T06:51:33.686+0000] {logging_mixin.py:188} INFO - Uploading /opt/***/data/minio/MSFT/1771227141.json to Snowflake stage...
[2026-02-17T06:51:34.275+0000] {logging_mixin.py:188} INFO - Uploading /opt/***/data/minio/MSFT/1771227152.json to Snowflake stage...
[2026-02-17T06:51:34.801+0000] {logging_mixin.py:188} INFO - Uploading /opt/***/data/minio/MSFT/1771227162.json to Snowflake stage...
[2026-02-17T06:51:35.357+0000] {logging_mixin.py:188} INFO - Uploading /opt/***/data/minio/MSFT/1771227175.json to Snowflake stage...
[2026-02-17T06:51:35.899+0000] {logging_mixin.py:188} INFO - Uploading /opt/***/data/minio/MSFT/1771227187.json to Snowflake stage...
[2026-02-17T06:51:36.568+0000] {logging_mixin.py:188} INFO - Uploading /opt/***/data/minio/MSFT/1771227198.json to Snowflake stage...
[2026-02-17T06:51:37.276+0000] {logging_mixin.py:188} INFO - Uploading /opt/***/data/minio/MSFT/1771227209.json to Snowflake stage...
[2026-02-17T06:51:37.924+0000] {logging_mixin.py:188} INFO - Uploading /opt/***/data/minio/MSFT/1771227221.json to Snowflake stage...
[2026-02-17T06:51:38.485+0000] {logging_mixin.py:188} INFO - Uploading /opt/***/data/minio/MSFT/1771227232.json to Snowflake stage...
[2026-02-17T06:51:39.129+0000] {logging_mixin.py:188} INFO - Uploading /opt/***/data/minio/MSFT/1771227244.json to Snowflake stage...
[2026-02-17T06:51:39.767+0000] {logging_mixin.py:188} INFO - Uploading /opt/***/data/minio/MSFT/1771227256.json to Snowflake stage...
[2026-02-17T06:51:40.409+0000] {logging_mixin.py:188} INFO - Uploading /opt/***/data/minio/MSFT/1771227268.json to Snowflake stage...
[2026-02-17T06:51:40.964+0000] {logging_mixin.py:188} INFO - Uploading /opt/***/data/minio/MSFT/1771227281.json to Snowflake stage...
[2026-02-17T06:51:41.452+0000] {logging_mixin.py:188} INFO - Uploading /opt/***/data/minio/MSFT/1771227294.json to Snowflake stage...
[2026-02-17T06:51:42.037+0000] {logging_mixin.py:188} INFO - Uploading /opt/***/data/minio/MSFT/1771227306.json to Snowflake stage...
[2026-02-17T06:51:42.573+0000] {logging_mixin.py:188} INFO - Uploading /opt/***/data/minio/MSFT/1771227317.json to Snowflake stage...
[2026-02-17T06:51:43.392+0000] {logging_mixin.py:188} INFO - Uploading /opt/***/data/minio/MSFT/1771227328.json to Snowflake stage...
[2026-02-17T06:51:44.115+0000] {logging_mixin.py:188} INFO - Uploading /opt/***/data/minio/MSFT/1771227339.json to Snowflake stage...
[2026-02-17T06:51:44.735+0000] {logging_mixin.py:188} INFO - Uploading /opt/***/data/minio/MSFT/1771227349.json to Snowflake stage...
[2026-02-17T06:51:45.300+0000] {logging_mixin.py:188} INFO - Uploading /opt/***/data/minio/MSFT/1771227362.json to Snowflake stage...
[2026-02-17T06:51:46.011+0000] {logging_mixin.py:188} INFO - Uploading /opt/***/data/minio/MSFT/1771227375.json to Snowflake stage...
[2026-02-17T06:51:46.798+0000] {logging_mixin.py:188} INFO - Uploading /opt/***/data/minio/MSFT/1771227386.json to Snowflake stage...
[2026-02-17T06:51:47.385+0000] {logging_mixin.py:188} INFO - Uploading /opt/***/data/minio/MSFT/1771227398.json to Snowflake stage...
[2026-02-17T06:51:48.115+0000] {logging_mixin.py:188} INFO - Uploading /opt/***/data/minio/MSFT/1771227408.json to Snowflake stage...
[2026-02-17T06:51:49.525+0000] {logging_mixin.py:188} INFO - Uploading /opt/***/data/minio/MSFT/1771227420.json to Snowflake stage...
[2026-02-17T06:51:50.136+0000] {logging_mixin.py:188} INFO - Uploading /opt/***/data/minio/MSFT/1771227431.json to Snowflake stage...
[2026-02-17T06:51:50.700+0000] {logging_mixin.py:188} INFO - Uploading /opt/***/data/minio/MSFT/1771227442.json to Snowflake stage...
[2026-02-17T06:51:51.318+0000] {logging_mixin.py:188} INFO - Uploading /opt/***/data/minio/MSFT/1771227453.json to Snowflake stage...
[2026-02-17T06:51:51.951+0000] {logging_mixin.py:188} INFO - Uploading /opt/***/data/minio/MSFT/1771227463.json to Snowflake stage...
[2026-02-17T06:51:52.617+0000] {logging_mixin.py:188} INFO - Uploading /opt/***/data/minio/MSFT/1771227475.json to Snowflake stage...
[2026-02-17T06:51:53.343+0000] {logging_mixin.py:188} INFO - Uploading /opt/***/data/minio/MSFT/1771227486.json to Snowflake stage...
[2026-02-17T06:51:54.034+0000] {logging_mixin.py:188} INFO - Uploading /opt/***/data/minio/MSFT/1771227496.json to Snowflake stage...
[2026-02-17T06:51:54.761+0000] {logging_mixin.py:188} INFO - Uploading /opt/***/data/minio/MSFT/1771227507.json to Snowflake stage...
[2026-02-17T06:51:55.455+0000] {logging_mixin.py:188} INFO - Uploading /opt/***/data/minio/MSFT/1771227518.json to Snowflake stage...
[2026-02-17T06:51:56.117+0000] {logging_mixin.py:188} INFO - Uploading /opt/***/data/minio/MSFT/1771227529.json to Snowflake stage...
[2026-02-17T06:51:56.759+0000] {logging_mixin.py:188} INFO - Uploading /opt/***/data/minio/MSFT/1771227539.json to Snowflake stage...
[2026-02-17T06:51:57.519+0000] {logging_mixin.py:188} INFO - Uploading /opt/***/data/minio/MSFT/1771227551.json to Snowflake stage...
[2026-02-17T06:51:58.281+0000] {logging_mixin.py:188} INFO - Uploading /opt/***/data/minio/MSFT/1771227562.json to Snowflake stage...
[2026-02-17T06:51:59.006+0000] {logging_mixin.py:188} INFO - Uploading /opt/***/data/minio/MSFT/1771227572.json to Snowflake stage...
[2026-02-17T06:51:59.721+0000] {logging_mixin.py:188} INFO - Uploading /opt/***/data/minio/MSFT/1771227583.json to Snowflake stage...
[2026-02-17T06:52:00.369+0000] {logging_mixin.py:188} INFO - Uploading /opt/***/data/minio/MSFT/1771227593.json to Snowflake stage...
[2026-02-17T06:52:01.175+0000] {logging_mixin.py:188} INFO - Uploading /opt/***/data/minio/MSFT/1771227604.json to Snowflake stage...
[2026-02-17T06:52:01.897+0000] {logging_mixin.py:188} INFO - Uploading /opt/***/data/minio/MSFT/1771227615.json to Snowflake stage...
[2026-02-17T06:52:02.578+0000] {logging_mixin.py:188} INFO - Uploading /opt/***/data/minio/MSFT/1771227626.json to Snowflake stage...
[2026-02-17T06:52:03.228+0000] {logging_mixin.py:188} INFO - Uploading /opt/***/data/minio/MSFT/1771227637.json to Snowflake stage...
[2026-02-17T06:52:03.932+0000] {logging_mixin.py:188} INFO - Uploading /opt/***/data/minio/MSFT/1771227647.json to Snowflake stage...
[2026-02-17T06:52:04.659+0000] {logging_mixin.py:188} INFO - Uploading /opt/***/data/minio/MSFT/1771227658.json to Snowflake stage...
[2026-02-17T06:52:05.378+0000] {logging_mixin.py:188} INFO - Uploading /opt/***/data/minio/MSFT/1771227668.json to Snowflake stage...
[2026-02-17T06:52:06.023+0000] {logging_mixin.py:188} INFO - Uploading /opt/***/data/minio/MSFT/1771227679.json to Snowflake stage...
[2026-02-17T06:52:06.653+0000] {logging_mixin.py:188} INFO - Uploading /opt/***/data/minio/MSFT/1771227689.json to Snowflake stage...
[2026-02-17T06:52:07.298+0000] {logging_mixin.py:188} INFO - Uploading /opt/***/data/minio/MSFT/1771227700.json to Snowflake stage...
[2026-02-17T06:52:07.946+0000] {logging_mixin.py:188} INFO - Uploading /opt/***/data/minio/MSFT/1771227710.json to Snowflake stage...
[2026-02-17T06:52:08.578+0000] {logging_mixin.py:188} INFO - Uploading /opt/***/data/minio/MSFT/1771227721.json to Snowflake stage...
[2026-02-17T06:52:09.102+0000] {logging_mixin.py:188} INFO - Uploading /opt/***/data/minio/MSFT/1771227732.json to Snowflake stage...
[2026-02-17T06:52:09.706+0000] {logging_mixin.py:188} INFO - Uploading /opt/***/data/minio/MSFT/1771227743.json to Snowflake stage...
[2026-02-17T06:52:10.328+0000] {logging_mixin.py:188} INFO - Uploading /opt/***/data/minio/MSFT/1771227753.json to Snowflake stage...
[2026-02-17T06:52:11.057+0000] {logging_mixin.py:188} INFO - Uploading /opt/***/data/minio/MSFT/1771227763.json to Snowflake stage...
[2026-02-17T06:52:12.351+0000] {logging_mixin.py:188} INFO - Uploading /opt/***/data/minio/MSFT/1771227774.json to Snowflake stage...
[2026-02-17T06:52:12.980+0000] {logging_mixin.py:188} INFO - Uploading /opt/***/data/minio/MSFT/1771227784.json to Snowflake stage...
[2026-02-17T06:52:13.539+0000] {logging_mixin.py:188} INFO - Uploading /opt/***/data/minio/MSFT/1771227795.json to Snowflake stage...
[2026-02-17T06:52:14.633+0000] {logging_mixin.py:188} INFO - Uploading /opt/***/data/minio/MSFT/1771227805.json to Snowflake stage...
[2026-02-17T06:52:15.151+0000] {logging_mixin.py:188} INFO - Uploading /opt/***/data/minio/MSFT/1771227815.json to Snowflake stage...
[2026-02-17T06:52:15.682+0000] {logging_mixin.py:188} INFO - Uploading /opt/***/data/minio/MSFT/1771227826.json to Snowflake stage...
[2026-02-17T06:52:16.213+0000] {logging_mixin.py:188} INFO - Uploading /opt/***/data/minio/MSFT/1771227837.json to Snowflake stage...
[2026-02-17T06:52:16.994+0000] {logging_mixin.py:188} INFO - Uploading /opt/***/data/minio/MSFT/1771227848.json to Snowflake stage...
[2026-02-17T06:52:17.617+0000] {logging_mixin.py:188} INFO - Uploading /opt/***/data/minio/MSFT/1771227859.json to Snowflake stage...
[2026-02-17T06:52:18.336+0000] {logging_mixin.py:188} INFO - Uploading /opt/***/data/minio/MSFT/1771227869.json to Snowflake stage...
[2026-02-17T06:52:18.981+0000] {logging_mixin.py:188} INFO - Uploading /opt/***/data/minio/MSFT/1771227880.json to Snowflake stage...
[2026-02-17T06:52:19.693+0000] {logging_mixin.py:188} INFO - Uploading /opt/***/data/minio/MSFT/1771227890.json to Snowflake stage...
[2026-02-17T06:52:20.335+0000] {logging_mixin.py:188} INFO - Uploading /opt/***/data/minio/MSFT/1771227900.json to Snowflake stage...
[2026-02-17T06:52:20.974+0000] {logging_mixin.py:188} INFO - Uploading /opt/***/data/minio/MSFT/1771227911.json to Snowflake stage...
[2026-02-17T06:52:22.608+0000] {logging_mixin.py:188} INFO - Uploading /opt/***/data/minio/MSFT/1771227921.json to Snowflake stage...
[2026-02-17T06:52:23.468+0000] {logging_mixin.py:188} INFO - Uploading /opt/***/data/minio/MSFT/1771227931.json to Snowflake stage...
[2026-02-17T06:52:24.248+0000] {logging_mixin.py:188} INFO - Uploading /opt/***/data/minio/MSFT/1771227942.json to Snowflake stage...
[2026-02-17T06:52:24.904+0000] {logging_mixin.py:188} INFO - Uploading /opt/***/data/minio/MSFT/1771227952.json to Snowflake stage...
[2026-02-17T06:52:25.715+0000] {logging_mixin.py:188} INFO - Uploading /opt/***/data/minio/MSFT/1771227962.json to Snowflake stage...
[2026-02-17T06:52:26.511+0000] {logging_mixin.py:188} INFO - Uploading /opt/***/data/minio/MSFT/1771227973.json to Snowflake stage...
[2026-02-17T06:52:27.279+0000] {logging_mixin.py:188} INFO - Uploading /opt/***/data/minio/MSFT/1771227983.json to Snowflake stage...
[2026-02-17T06:52:28.178+0000] {logging_mixin.py:188} INFO - Uploading /opt/***/data/minio/MSFT/1771227994.json to Snowflake stage...
[2026-02-17T06:52:29.075+0000] {logging_mixin.py:188} INFO - Uploading /opt/***/data/minio/MSFT/1771228005.json to Snowflake stage...
[2026-02-17T06:52:29.915+0000] {logging_mixin.py:188} INFO - Uploading /opt/***/data/minio/MSFT/1771228015.json to Snowflake stage...
[2026-02-17T06:52:30.477+0000] {logging_mixin.py:188} INFO - Uploading /opt/***/data/minio/MSFT/1771228026.json to Snowflake stage...
[2026-02-17T06:52:31.005+0000] {logging_mixin.py:188} INFO - Uploading /opt/***/data/minio/MSFT/1771228036.json to Snowflake stage...
[2026-02-17T06:52:31.744+0000] {logging_mixin.py:188} INFO - Uploading /opt/***/data/minio/MSFT/1771228047.json to Snowflake stage...
[2026-02-17T06:52:33.464+0000] {logging_mixin.py:188} INFO - Uploading /opt/***/data/minio/MSFT/1771228058.json to Snowflake stage...
[2026-02-17T06:52:34.105+0000] {logging_mixin.py:188} INFO - Uploading /opt/***/data/minio/MSFT/1771228069.json to Snowflake stage...
[2026-02-17T06:52:34.654+0000] {logging_mixin.py:188} INFO - Uploading /opt/***/data/minio/MSFT/1771228079.json to Snowflake stage...
[2026-02-17T06:52:35.250+0000] {logging_mixin.py:188} INFO - Uploading /opt/***/data/minio/MSFT/1771228090.json to Snowflake stage...
[2026-02-17T06:52:35.788+0000] {logging_mixin.py:188} INFO - Uploading /opt/***/data/minio/MSFT/1771228101.json to Snowflake stage...
[2026-02-17T06:52:36.417+0000] {logging_mixin.py:188} INFO - Uploading /opt/***/data/minio/MSFT/1771228111.json to Snowflake stage...
[2026-02-17T06:52:36.982+0000] {logging_mixin.py:188} INFO - Uploading /opt/***/data/minio/MSFT/1771228122.json to Snowflake stage...
[2026-02-17T06:52:38.743+0000] {logging_mixin.py:188} INFO - Uploading /opt/***/data/minio/MSFT/1771228132.json to Snowflake stage...
[2026-02-17T06:52:39.558+0000] {logging_mixin.py:188} INFO - Uploading /opt/***/data/minio/MSFT/1771228142.json to Snowflake stage...
[2026-02-17T06:52:40.346+0000] {logging_mixin.py:188} INFO - Uploading /opt/***/data/minio/MSFT/1771228153.json to Snowflake stage...
[2026-02-17T06:52:40.947+0000] {logging_mixin.py:188} INFO - Uploading /opt/***/data/minio/MSFT/1771228162.json to Snowflake stage...
[2026-02-17T06:52:41.543+0000] {logging_mixin.py:188} INFO - Uploading /opt/***/data/minio/MSFT/1771228173.json to Snowflake stage...
[2026-02-17T06:52:42.187+0000] {logging_mixin.py:188} INFO - Uploading /opt/***/data/minio/MSFT/1771228183.json to Snowflake stage...
[2026-02-17T06:52:42.785+0000] {logging_mixin.py:188} INFO - Uploading /opt/***/data/minio/MSFT/1771228193.json to Snowflake stage...
[2026-02-17T06:52:43.274+0000] {logging_mixin.py:188} INFO - Uploading /opt/***/data/minio/MSFT/1771228204.json to Snowflake stage...
[2026-02-17T06:52:43.831+0000] {logging_mixin.py:188} INFO - Uploading /opt/***/data/minio/MSFT/1771228214.json to Snowflake stage...
[2026-02-17T06:52:44.451+0000] {logging_mixin.py:188} INFO - Uploading /opt/***/data/minio/MSFT/1771228225.json to Snowflake stage...
[2026-02-17T06:52:45.180+0000] {logging_mixin.py:188} INFO - Uploading /opt/***/data/minio/MSFT/1771228235.json to Snowflake stage...
[2026-02-17T06:52:45.877+0000] {logging_mixin.py:188} INFO - Uploading /opt/***/data/minio/MSFT/1771228246.json to Snowflake stage...
[2026-02-17T06:52:46.620+0000] {logging_mixin.py:188} INFO - Uploading /opt/***/data/minio/MSFT/1771228256.json to Snowflake stage...
[2026-02-17T06:52:47.303+0000] {logging_mixin.py:188} INFO - Uploading /opt/***/data/minio/MSFT/1771228267.json to Snowflake stage...
[2026-02-17T06:52:48.120+0000] {logging_mixin.py:188} INFO - Uploading /opt/***/data/minio/MSFT/1771228279.json to Snowflake stage...
[2026-02-17T06:52:48.766+0000] {logging_mixin.py:188} INFO - Uploading /opt/***/data/minio/MSFT/1771228289.json to Snowflake stage...
[2026-02-17T06:52:49.325+0000] {logging_mixin.py:188} INFO - Uploading /opt/***/data/minio/MSFT/1771228300.json to Snowflake stage...
[2026-02-17T06:52:49.936+0000] {logging_mixin.py:188} INFO - Uploading /opt/***/data/minio/MSFT/1771228310.json to Snowflake stage...
[2026-02-17T06:52:50.539+0000] {logging_mixin.py:188} INFO - Uploading /opt/***/data/minio/MSFT/1771228322.json to Snowflake stage...
[2026-02-17T06:52:51.437+0000] {logging_mixin.py:188} INFO - Uploading /opt/***/data/minio/MSFT/1771228332.json to Snowflake stage...
[2026-02-17T06:52:52.009+0000] {logging_mixin.py:188} INFO - Uploading /opt/***/data/minio/MSFT/1771228343.json to Snowflake stage...
[2026-02-17T06:52:52.764+0000] {logging_mixin.py:188} INFO - Uploading /opt/***/data/minio/MSFT/1771228353.json to Snowflake stage...
[2026-02-17T06:52:53.379+0000] {logging_mixin.py:188} INFO - Uploading /opt/***/data/minio/MSFT/1771228363.json to Snowflake stage...
[2026-02-17T06:52:53.964+0000] {logging_mixin.py:188} INFO - Uploading /opt/***/data/minio/MSFT/1771228374.json to Snowflake stage...
[2026-02-17T06:52:54.564+0000] {logging_mixin.py:188} INFO - Uploading /opt/***/data/minio/MSFT/1771228384.json to Snowflake stage...
[2026-02-17T06:52:55.280+0000] {logging_mixin.py:188} INFO - Uploading /opt/***/data/minio/MSFT/1771228394.json to Snowflake stage...
[2026-02-17T06:52:55.943+0000] {logging_mixin.py:188} INFO - Uploading /opt/***/data/minio/MSFT/1771228405.json to Snowflake stage...
[2026-02-17T06:52:56.940+0000] {logging_mixin.py:188} INFO - Uploading /opt/***/data/minio/MSFT/1771228416.json to Snowflake stage...
[2026-02-17T06:52:57.777+0000] {logging_mixin.py:188} INFO - Uploading /opt/***/data/minio/MSFT/1771228426.json to Snowflake stage...
[2026-02-17T06:52:58.480+0000] {logging_mixin.py:188} INFO - Uploading /opt/***/data/minio/MSFT/1771228437.json to Snowflake stage...
[2026-02-17T06:52:59.198+0000] {logging_mixin.py:188} INFO - Uploading /opt/***/data/minio/MSFT/1771228448.json to Snowflake stage...
[2026-02-17T06:52:59.900+0000] {logging_mixin.py:188} INFO - Uploading /opt/***/data/minio/MSFT/1771228458.json to Snowflake stage...
[2026-02-17T06:53:00.862+0000] {logging_mixin.py:188} INFO - Uploading /opt/***/data/minio/MSFT/1771228468.json to Snowflake stage...
[2026-02-17T06:53:02.534+0000] {logging_mixin.py:188} INFO - Uploading /opt/***/data/minio/MSFT/1771228479.json to Snowflake stage...
[2026-02-17T06:53:03.098+0000] {logging_mixin.py:188} INFO - Uploading /opt/***/data/minio/MSFT/1771228490.json to Snowflake stage...
[2026-02-17T06:53:03.768+0000] {logging_mixin.py:188} INFO - Uploading /opt/***/data/minio/MSFT/1771228500.json to Snowflake stage...
[2026-02-17T06:53:04.391+0000] {logging_mixin.py:188} INFO - Uploading /opt/***/data/minio/MSFT/1771228511.json to Snowflake stage...
[2026-02-17T06:53:04.943+0000] {logging_mixin.py:188} INFO - Uploading /opt/***/data/minio/MSFT/1771228521.json to Snowflake stage...
[2026-02-17T06:53:05.532+0000] {logging_mixin.py:188} INFO - Uploading /opt/***/data/minio/MSFT/1771228532.json to Snowflake stage...
[2026-02-17T06:53:06.265+0000] {logging_mixin.py:188} INFO - Uploading /opt/***/data/minio/MSFT/1771228542.json to Snowflake stage...
[2026-02-17T06:53:06.807+0000] {logging_mixin.py:188} INFO - Uploading /opt/***/data/minio/MSFT/1771228553.json to Snowflake stage...
[2026-02-17T06:53:07.348+0000] {logging_mixin.py:188} INFO - Uploading /opt/***/data/minio/MSFT/1771228563.json to Snowflake stage...
[2026-02-17T06:53:08.023+0000] {logging_mixin.py:188} INFO - Uploading /opt/***/data/minio/MSFT/1771228574.json to Snowflake stage...
[2026-02-17T06:53:08.756+0000] {logging_mixin.py:188} INFO - Uploading /opt/***/data/minio/MSFT/1771228585.json to Snowflake stage...
[2026-02-17T06:53:09.316+0000] {logging_mixin.py:188} INFO - Uploading /opt/***/data/minio/MSFT/1771228595.json to Snowflake stage...
[2026-02-17T06:53:09.947+0000] {logging_mixin.py:188} INFO - Uploading /opt/***/data/minio/MSFT/1771228606.json to Snowflake stage...
[2026-02-17T06:53:10.628+0000] {logging_mixin.py:188} INFO - Uploading /opt/***/data/minio/MSFT/1771228618.json to Snowflake stage...
[2026-02-17T06:53:11.351+0000] {logging_mixin.py:188} INFO - Uploading /opt/***/data/minio/MSFT/1771228629.json to Snowflake stage...
[2026-02-17T06:53:11.950+0000] {logging_mixin.py:188} INFO - Uploading /opt/***/data/minio/MSFT/1771228639.json to Snowflake stage...
[2026-02-17T06:53:12.515+0000] {logging_mixin.py:188} INFO - Uploading /opt/***/data/minio/MSFT/1771228650.json to Snowflake stage...
[2026-02-17T06:53:13.279+0000] {logging_mixin.py:188} INFO - Uploading /opt/***/data/minio/MSFT/1771228660.json to Snowflake stage...
[2026-02-17T06:53:13.920+0000] {logging_mixin.py:188} INFO - Uploading /opt/***/data/minio/MSFT/1771228671.json to Snowflake stage...
[2026-02-17T06:53:14.761+0000] {logging_mixin.py:188} INFO - Uploading /opt/***/data/minio/MSFT/1771228681.json to Snowflake stage...
[2026-02-17T06:53:15.514+0000] {logging_mixin.py:188} INFO - Uploading /opt/***/data/minio/MSFT/1771228692.json to Snowflake stage...
[2026-02-17T06:53:16.045+0000] {logging_mixin.py:188} INFO - Uploading /opt/***/data/minio/MSFT/1771228703.json to Snowflake stage...
[2026-02-17T06:53:16.587+0000] {logging_mixin.py:188} INFO - Uploading /opt/***/data/minio/MSFT/1771228713.json to Snowflake stage...
[2026-02-17T06:53:17.189+0000] {logging_mixin.py:188} INFO - Uploading /opt/***/data/minio/MSFT/1771228724.json to Snowflake stage...
[2026-02-17T06:53:17.875+0000] {logging_mixin.py:188} INFO - Uploading /opt/***/data/minio/MSFT/1771228734.json to Snowflake stage...
[2026-02-17T06:53:18.533+0000] {logging_mixin.py:188} INFO - Uploading /opt/***/data/minio/MSFT/1771228745.json to Snowflake stage...
[2026-02-17T06:53:19.155+0000] {logging_mixin.py:188} INFO - Uploading /opt/***/data/minio/MSFT/1771228755.json to Snowflake stage...
[2026-02-17T06:53:19.772+0000] {logging_mixin.py:188} INFO - Uploading /opt/***/data/minio/MSFT/1771228766.json to Snowflake stage...
[2026-02-17T06:53:20.800+0000] {logging_mixin.py:188} INFO - Uploading /opt/***/data/minio/MSFT/1771228777.json to Snowflake stage...
[2026-02-17T06:53:21.533+0000] {logging_mixin.py:188} INFO - Uploading /opt/***/data/minio/MSFT/1771228787.json to Snowflake stage...
[2026-02-17T06:53:22.150+0000] {logging_mixin.py:188} INFO - Uploading /opt/***/data/minio/MSFT/1771228797.json to Snowflake stage...
[2026-02-17T06:53:22.890+0000] {logging_mixin.py:188} INFO - Uploading /opt/***/data/minio/MSFT/1771228808.json to Snowflake stage...
[2026-02-17T06:53:23.508+0000] {logging_mixin.py:188} INFO - Uploading /opt/***/data/minio/MSFT/1771228820.json to Snowflake stage...
[2026-02-17T06:53:24.674+0000] {logging_mixin.py:188} INFO - Uploading /opt/***/data/minio/MSFT/1771228831.json to Snowflake stage...
[2026-02-17T06:53:25.262+0000] {logging_mixin.py:188} INFO - Uploading /opt/***/data/minio/MSFT/1771228842.json to Snowflake stage...
[2026-02-17T06:53:25.800+0000] {logging_mixin.py:188} INFO - Uploading /opt/***/data/minio/MSFT/1771228852.json to Snowflake stage...
[2026-02-17T06:53:26.373+0000] {logging_mixin.py:188} INFO - Uploading /opt/***/data/minio/MSFT/1771228864.json to Snowflake stage...
[2026-02-17T06:53:26.899+0000] {logging_mixin.py:188} INFO - Uploading /opt/***/data/minio/MSFT/1771228876.json to Snowflake stage...
[2026-02-17T06:53:27.480+0000] {logging_mixin.py:188} INFO - Uploading /opt/***/data/minio/MSFT/1771228886.json to Snowflake stage...
[2026-02-17T06:53:28.085+0000] {logging_mixin.py:188} INFO - Uploading /opt/***/data/minio/MSFT/1771228899.json to Snowflake stage...
[2026-02-17T06:53:28.735+0000] {logging_mixin.py:188} INFO - Uploading /opt/***/data/minio/MSFT/1771228909.json to Snowflake stage...
[2026-02-17T06:53:29.366+0000] {logging_mixin.py:188} INFO - Uploading /opt/***/data/minio/MSFT/1771228920.json to Snowflake stage...
[2026-02-17T06:53:30.017+0000] {logging_mixin.py:188} INFO - Uploading /opt/***/data/minio/MSFT/1771228934.json to Snowflake stage...
[2026-02-17T06:53:30.646+0000] {logging_mixin.py:188} INFO - Uploading /opt/***/data/minio/MSFT/1771228945.json to Snowflake stage...
[2026-02-17T06:53:31.388+0000] {logging_mixin.py:188} INFO - Uploading /opt/***/data/minio/MSFT/1771228955.json to Snowflake stage...
[2026-02-17T06:53:32.084+0000] {logging_mixin.py:188} INFO - Uploading /opt/***/data/minio/MSFT/1771228966.json to Snowflake stage...
[2026-02-17T06:53:32.826+0000] {logging_mixin.py:188} INFO - Uploading /opt/***/data/minio/MSFT/1771228977.json to Snowflake stage...
[2026-02-17T06:53:33.455+0000] {logging_mixin.py:188} INFO - Uploading /opt/***/data/minio/MSFT/1771228988.json to Snowflake stage...
[2026-02-17T06:53:34.097+0000] {logging_mixin.py:188} INFO - Uploading /opt/***/data/minio/MSFT/1771228999.json to Snowflake stage...
[2026-02-17T06:53:34.737+0000] {logging_mixin.py:188} INFO - Uploading /opt/***/data/minio/MSFT/1771229010.json to Snowflake stage...
[2026-02-17T06:53:35.376+0000] {logging_mixin.py:188} INFO - Uploading /opt/***/data/minio/MSFT/1771229021.json to Snowflake stage...
[2026-02-17T06:53:36.087+0000] {logging_mixin.py:188} INFO - Uploading /opt/***/data/minio/MSFT/1771229031.json to Snowflake stage...
[2026-02-17T06:53:36.755+0000] {logging_mixin.py:188} INFO - Uploading /opt/***/data/minio/MSFT/1771229042.json to Snowflake stage...
[2026-02-17T06:53:37.564+0000] {logging_mixin.py:188} INFO - Uploading /opt/***/data/minio/MSFT/1771229053.json to Snowflake stage...
[2026-02-17T06:53:38.252+0000] {logging_mixin.py:188} INFO - Uploading /opt/***/data/minio/MSFT/1771229063.json to Snowflake stage...
[2026-02-17T06:53:38.888+0000] {logging_mixin.py:188} INFO - Uploading /opt/***/data/minio/MSFT/1771229074.json to Snowflake stage...
[2026-02-17T06:53:39.534+0000] {logging_mixin.py:188} INFO - Uploading /opt/***/data/minio/MSFT/1771229085.json to Snowflake stage...
[2026-02-17T06:53:40.135+0000] {logging_mixin.py:188} INFO - Uploading /opt/***/data/minio/MSFT/1771229097.json to Snowflake stage...
[2026-02-17T06:53:45.276+0000] {logging_mixin.py:188} INFO - Uploading /opt/***/data/minio/MSFT/1771229108.json to Snowflake stage...
[2026-02-17T06:53:45.937+0000] {logging_mixin.py:188} INFO - Uploading /opt/***/data/minio/MSFT/1771229119.json to Snowflake stage...
[2026-02-17T06:53:46.518+0000] {logging_mixin.py:188} INFO - Uploading /opt/***/data/minio/MSFT/1771229130.json to Snowflake stage...
[2026-02-17T06:53:47.076+0000] {logging_mixin.py:188} INFO - Uploading /opt/***/data/minio/MSFT/1771229144.json to Snowflake stage...
[2026-02-17T06:53:47.686+0000] {logging_mixin.py:188} INFO - Uploading /opt/***/data/minio/MSFT/1771229159.json to Snowflake stage...
[2026-02-17T06:53:48.387+0000] {logging_mixin.py:188} INFO - Uploading /opt/***/data/minio/MSFT/1771229169.json to Snowflake stage...
[2026-02-17T06:53:48.949+0000] {logging_mixin.py:188} INFO - Uploading /opt/***/data/minio/MSFT/1771229181.json to Snowflake stage...
[2026-02-17T06:53:49.494+0000] {logging_mixin.py:188} INFO - Uploading /opt/***/data/minio/MSFT/1771229191.json to Snowflake stage...
[2026-02-17T06:53:50.078+0000] {logging_mixin.py:188} INFO - Uploading /opt/***/data/minio/MSFT/1771229202.json to Snowflake stage...
[2026-02-17T06:53:51.451+0000] {logging_mixin.py:188} INFO - Uploading /opt/***/data/minio/MSFT/1771229213.json to Snowflake stage...
[2026-02-17T06:53:52.181+0000] {logging_mixin.py:188} INFO - Uploading /opt/***/data/minio/MSFT/1771229224.json to Snowflake stage...
[2026-02-17T06:53:52.871+0000] {logging_mixin.py:188} INFO - Uploading /opt/***/data/minio/MSFT/1771229235.json to Snowflake stage...
[2026-02-17T06:53:53.527+0000] {logging_mixin.py:188} INFO - Uploading /opt/***/data/minio/MSFT/1771229246.json to Snowflake stage...
[2026-02-17T06:53:54.265+0000] {logging_mixin.py:188} INFO - Uploading /opt/***/data/minio/MSFT/1771229257.json to Snowflake stage...
[2026-02-17T06:53:54.886+0000] {logging_mixin.py:188} INFO - Uploading /opt/***/data/minio/MSFT/1771229268.json to Snowflake stage...
[2026-02-17T06:53:55.562+0000] {logging_mixin.py:188} INFO - Uploading /opt/***/data/minio/MSFT/1771229281.json to Snowflake stage...
[2026-02-17T06:53:56.254+0000] {logging_mixin.py:188} INFO - Uploading /opt/***/data/minio/MSFT/1771229293.json to Snowflake stage...
[2026-02-17T06:53:56.980+0000] {logging_mixin.py:188} INFO - Uploading /opt/***/data/minio/MSFT/1771229305.json to Snowflake stage...
[2026-02-17T06:53:57.698+0000] {logging_mixin.py:188} INFO - Uploading /opt/***/data/minio/MSFT/1771229316.json to Snowflake stage...
[2026-02-17T06:53:58.331+0000] {logging_mixin.py:188} INFO - Uploading /opt/***/data/minio/MSFT/1771229326.json to Snowflake stage...
[2026-02-17T06:53:59.054+0000] {logging_mixin.py:188} INFO - Uploading /opt/***/data/minio/MSFT/1771308352.json to Snowflake stage...
[2026-02-17T06:53:59.707+0000] {logging_mixin.py:188} INFO - Uploading /opt/***/data/minio/MSFT/1771308362.json to Snowflake stage...
[2026-02-17T06:54:00.330+0000] {logging_mixin.py:188} INFO - Uploading /opt/***/data/minio/MSFT/1771308373.json to Snowflake stage...
[2026-02-17T06:54:01.175+0000] {logging_mixin.py:188} INFO - Uploading /opt/***/data/minio/MSFT/1771308382.json to Snowflake stage...
[2026-02-17T06:54:01.885+0000] {logging_mixin.py:188} INFO - Uploading /opt/***/data/minio/MSFT/1771308393.json to Snowflake stage...
[2026-02-17T06:54:02.403+0000] {logging_mixin.py:188} INFO - Uploading /opt/***/data/minio/MSFT/1771308403.json to Snowflake stage...
[2026-02-17T06:54:02.957+0000] {logging_mixin.py:188} INFO - Uploading /opt/***/data/minio/MSFT/1771308413.json to Snowflake stage...
[2026-02-17T06:54:03.497+0000] {logging_mixin.py:188} INFO - Uploading /opt/***/data/minio/MSFT/1771308423.json to Snowflake stage...
[2026-02-17T06:54:04.088+0000] {logging_mixin.py:188} INFO - Uploading /opt/***/data/minio/MSFT/1771308434.json to Snowflake stage...
[2026-02-17T06:54:04.798+0000] {logging_mixin.py:188} INFO - Uploading /opt/***/data/minio/MSFT/1771308443.json to Snowflake stage...
[2026-02-17T06:54:05.439+0000] {logging_mixin.py:188} INFO - Uploading /opt/***/data/minio/MSFT/1771308454.json to Snowflake stage...
[2026-02-17T06:54:06.080+0000] {logging_mixin.py:188} INFO - Uploading /opt/***/data/minio/MSFT/1771308463.json to Snowflake stage...
[2026-02-17T06:54:06.720+0000] {logging_mixin.py:188} INFO - Uploading /opt/***/data/minio/MSFT/1771308474.json to Snowflake stage...
[2026-02-17T06:54:07.353+0000] {logging_mixin.py:188} INFO - Uploading /opt/***/data/minio/MSFT/1771308484.json to Snowflake stage...
[2026-02-17T06:54:07.995+0000] {logging_mixin.py:188} INFO - Uploading /opt/***/data/minio/MSFT/1771308494.json to Snowflake stage...
[2026-02-17T06:54:08.600+0000] {logging_mixin.py:188} INFO - Uploading /opt/***/data/minio/MSFT/1771308504.json to Snowflake stage...
[2026-02-17T06:54:09.232+0000] {logging_mixin.py:188} INFO - Uploading /opt/***/data/minio/MSFT/1771308515.json to Snowflake stage...
[2026-02-17T06:54:09.810+0000] {logging_mixin.py:188} INFO - Uploading /opt/***/data/minio/MSFT/1771308525.json to Snowflake stage...
[2026-02-17T06:54:10.351+0000] {logging_mixin.py:188} INFO - Uploading /opt/***/data/minio/MSFT/1771308535.json to Snowflake stage...
[2026-02-17T06:54:11.043+0000] {logging_mixin.py:188} INFO - Uploading /opt/***/data/minio/MSFT/1771308545.json to Snowflake stage...
[2026-02-17T06:54:11.766+0000] {logging_mixin.py:188} INFO - Uploading /opt/***/data/minio/MSFT/1771308555.json to Snowflake stage...
[2026-02-17T06:54:12.399+0000] {logging_mixin.py:188} INFO - Uploading /opt/***/data/minio/MSFT/1771308565.json to Snowflake stage...
[2026-02-17T06:54:13.480+0000] {logging_mixin.py:188} INFO - Uploading /opt/***/data/minio/MSFT/1771308575.json to Snowflake stage...
[2026-02-17T06:54:14.012+0000] {logging_mixin.py:188} INFO - Uploading /opt/***/data/minio/MSFT/1771308585.json to Snowflake stage...
[2026-02-17T06:54:14.544+0000] {logging_mixin.py:188} INFO - Uploading /opt/***/data/minio/MSFT/1771308595.json to Snowflake stage...
[2026-02-17T06:54:15.049+0000] {logging_mixin.py:188} INFO - Uploading /opt/***/data/minio/MSFT/1771308606.json to Snowflake stage...
[2026-02-17T06:54:15.754+0000] {logging_mixin.py:188} INFO - Uploading /opt/***/data/minio/MSFT/1771308616.json to Snowflake stage...
[2026-02-17T06:54:16.401+0000] {logging_mixin.py:188} INFO - Uploading /opt/***/data/minio/MSFT/1771308627.json to Snowflake stage...
[2026-02-17T06:54:17.091+0000] {logging_mixin.py:188} INFO - Uploading /opt/***/data/minio/TSLA/1771221449.json to Snowflake stage...
[2026-02-17T06:54:17.764+0000] {logging_mixin.py:188} INFO - Uploading /opt/***/data/minio/TSLA/1771221461.json to Snowflake stage...
[2026-02-17T06:54:18.276+0000] {logging_mixin.py:188} INFO - Uploading /opt/***/data/minio/TSLA/1771221473.json to Snowflake stage...
[2026-02-17T06:54:19.003+0000] {logging_mixin.py:188} INFO - Uploading /opt/***/data/minio/TSLA/1771221485.json to Snowflake stage...
[2026-02-17T06:54:19.562+0000] {logging_mixin.py:188} INFO - Uploading /opt/***/data/minio/TSLA/1771221498.json to Snowflake stage...
[2026-02-17T06:54:20.315+0000] {logging_mixin.py:188} INFO - Uploading /opt/***/data/minio/TSLA/1771221511.json to Snowflake stage...
[2026-02-17T06:54:20.967+0000] {logging_mixin.py:188} INFO - Uploading /opt/***/data/minio/TSLA/1771221524.json to Snowflake stage...
[2026-02-17T06:54:21.681+0000] {logging_mixin.py:188} INFO - Uploading /opt/***/data/minio/TSLA/1771221535.json to Snowflake stage...
[2026-02-17T06:54:22.423+0000] {logging_mixin.py:188} INFO - Uploading /opt/***/data/minio/TSLA/1771221547.json to Snowflake stage...
[2026-02-17T06:54:23.676+0000] {logging_mixin.py:188} INFO - Uploading /opt/***/data/minio/TSLA/1771221559.json to Snowflake stage...
[2026-02-17T06:54:24.271+0000] {logging_mixin.py:188} INFO - Uploading /opt/***/data/minio/TSLA/1771221570.json to Snowflake stage...
[2026-02-17T06:54:24.809+0000] {logging_mixin.py:188} INFO - Uploading /opt/***/data/minio/TSLA/1771221582.json to Snowflake stage...
[2026-02-17T06:54:25.346+0000] {logging_mixin.py:188} INFO - Uploading /opt/***/data/minio/TSLA/1771221594.json to Snowflake stage...
[2026-02-17T06:54:26.016+0000] {logging_mixin.py:188} INFO - Uploading /opt/***/data/minio/TSLA/1771221605.json to Snowflake stage...
[2026-02-17T06:54:26.637+0000] {logging_mixin.py:188} INFO - Uploading /opt/***/data/minio/TSLA/1771221617.json to Snowflake stage...
[2026-02-17T06:54:27.283+0000] {logging_mixin.py:188} INFO - Uploading /opt/***/data/minio/TSLA/1771221629.json to Snowflake stage...
[2026-02-17T06:54:28.003+0000] {logging_mixin.py:188} INFO - Uploading /opt/***/data/minio/TSLA/1771221641.json to Snowflake stage...
[2026-02-17T06:54:28.723+0000] {logging_mixin.py:188} INFO - Uploading /opt/***/data/minio/TSLA/1771221652.json to Snowflake stage...
[2026-02-17T06:54:29.471+0000] {logging_mixin.py:188} INFO - Uploading /opt/***/data/minio/TSLA/1771221664.json to Snowflake stage...
[2026-02-17T06:54:29.983+0000] {logging_mixin.py:188} INFO - Uploading /opt/***/data/minio/TSLA/1771221676.json to Snowflake stage...
[2026-02-17T06:54:30.476+0000] {logging_mixin.py:188} INFO - Uploading /opt/***/data/minio/TSLA/1771221688.json to Snowflake stage...
[2026-02-17T06:54:31.205+0000] {logging_mixin.py:188} INFO - Uploading /opt/***/data/minio/TSLA/1771221700.json to Snowflake stage...
[2026-02-17T06:54:31.842+0000] {logging_mixin.py:188} INFO - Uploading /opt/***/data/minio/TSLA/1771221711.json to Snowflake stage...
[2026-02-17T06:54:32.532+0000] {logging_mixin.py:188} INFO - Uploading /opt/***/data/minio/TSLA/1771221723.json to Snowflake stage...
[2026-02-17T06:54:33.172+0000] {logging_mixin.py:188} INFO - Uploading /opt/***/data/minio/TSLA/1771221735.json to Snowflake stage...
[2026-02-17T06:54:34.099+0000] {logging_mixin.py:188} INFO - Uploading /opt/***/data/minio/TSLA/1771221747.json to Snowflake stage...
[2026-02-17T06:54:34.879+0000] {logging_mixin.py:188} INFO - Uploading /opt/***/data/minio/TSLA/1771221759.json to Snowflake stage...
[2026-02-17T06:54:35.937+0000] {logging_mixin.py:188} INFO - Uploading /opt/***/data/minio/TSLA/1771221770.json to Snowflake stage...
[2026-02-17T06:54:36.695+0000] {logging_mixin.py:188} INFO - Uploading /opt/***/data/minio/TSLA/1771221782.json to Snowflake stage...
[2026-02-17T06:54:37.275+0000] {logging_mixin.py:188} INFO - Uploading /opt/***/data/minio/TSLA/1771221798.json to Snowflake stage...
[2026-02-17T06:54:37.776+0000] {logging_mixin.py:188} INFO - Uploading /opt/***/data/minio/TSLA/1771221810.json to Snowflake stage...
[2026-02-17T06:54:38.338+0000] {logging_mixin.py:188} INFO - Uploading /opt/***/data/minio/TSLA/1771221822.json to Snowflake stage...
[2026-02-17T06:54:38.961+0000] {logging_mixin.py:188} INFO - Uploading /opt/***/data/minio/TSLA/1771221834.json to Snowflake stage...
[2026-02-17T06:54:39.503+0000] {logging_mixin.py:188} INFO - Uploading /opt/***/data/minio/TSLA/1771221849.json to Snowflake stage...
[2026-02-17T06:54:40.099+0000] {logging_mixin.py:188} INFO - Uploading /opt/***/data/minio/TSLA/1771221861.json to Snowflake stage...
[2026-02-17T06:54:40.625+0000] {logging_mixin.py:188} INFO - Uploading /opt/***/data/minio/TSLA/1771221873.json to Snowflake stage...
[2026-02-17T06:54:41.129+0000] {logging_mixin.py:188} INFO - Uploading /opt/***/data/minio/TSLA/1771221885.json to Snowflake stage...
[2026-02-17T06:54:41.823+0000] {logging_mixin.py:188} INFO - Uploading /opt/***/data/minio/TSLA/1771221897.json to Snowflake stage...
[2026-02-17T06:54:42.501+0000] {logging_mixin.py:188} INFO - Uploading /opt/***/data/minio/TSLA/1771221908.json to Snowflake stage...
[2026-02-17T06:54:43.067+0000] {logging_mixin.py:188} INFO - Uploading /opt/***/data/minio/TSLA/1771221920.json to Snowflake stage...
[2026-02-17T06:54:43.577+0000] {logging_mixin.py:188} INFO - Uploading /opt/***/data/minio/TSLA/1771221932.json to Snowflake stage...
[2026-02-17T06:54:44.699+0000] {logging_mixin.py:188} INFO - Uploading /opt/***/data/minio/TSLA/1771221943.json to Snowflake stage...
[2026-02-17T06:54:45.430+0000] {logging_mixin.py:188} INFO - Uploading /opt/***/data/minio/TSLA/1771221955.json to Snowflake stage...
[2026-02-17T06:54:45.947+0000] {logging_mixin.py:188} INFO - Uploading /opt/***/data/minio/TSLA/1771221967.json to Snowflake stage...
[2026-02-17T06:54:46.482+0000] {logging_mixin.py:188} INFO - Uploading /opt/***/data/minio/TSLA/1771221979.json to Snowflake stage...
[2026-02-17T06:54:46.991+0000] {logging_mixin.py:188} INFO - Uploading /opt/***/data/minio/TSLA/1771222053.json to Snowflake stage...
[2026-02-17T06:54:47.599+0000] {logging_mixin.py:188} INFO - Uploading /opt/***/data/minio/TSLA/1771222106.json to Snowflake stage...
[2026-02-17T06:54:48.239+0000] {logging_mixin.py:188} INFO - Uploading /opt/***/data/minio/TSLA/1771222118.json to Snowflake stage...
[2026-02-17T06:54:48.878+0000] {logging_mixin.py:188} INFO - Uploading /opt/***/data/minio/TSLA/1771222129.json to Snowflake stage...
[2026-02-17T06:54:49.521+0000] {logging_mixin.py:188} INFO - Uploading /opt/***/data/minio/TSLA/1771222142.json to Snowflake stage...
[2026-02-17T06:54:50.270+0000] {logging_mixin.py:188} INFO - Uploading /opt/***/data/minio/TSLA/1771222154.json to Snowflake stage...
[2026-02-17T06:54:50.803+0000] {logging_mixin.py:188} INFO - Uploading /opt/***/data/minio/TSLA/1771222196.json to Snowflake stage...
[2026-02-17T06:54:51.385+0000] {logging_mixin.py:188} INFO - Uploading /opt/***/data/minio/TSLA/1771222208.json to Snowflake stage...
[2026-02-17T06:54:51.872+0000] {logging_mixin.py:188} INFO - Uploading /opt/***/data/minio/TSLA/1771222220.json to Snowflake stage...
[2026-02-17T06:54:52.359+0000] {logging_mixin.py:188} INFO - Uploading /opt/***/data/minio/TSLA/1771222231.json to Snowflake stage...
[2026-02-17T06:54:52.961+0000] {logging_mixin.py:188} INFO - Uploading /opt/***/data/minio/TSLA/1771222243.json to Snowflake stage...
[2026-02-17T06:54:53.594+0000] {logging_mixin.py:188} INFO - Uploading /opt/***/data/minio/TSLA/1771222254.json to Snowflake stage...
[2026-02-17T06:54:54.273+0000] {logging_mixin.py:188} INFO - Uploading /opt/***/data/minio/TSLA/1771222266.json to Snowflake stage...
[2026-02-17T06:54:54.954+0000] {logging_mixin.py:188} INFO - Uploading /opt/***/data/minio/TSLA/1771222277.json to Snowflake stage...
[2026-02-17T06:54:55.616+0000] {logging_mixin.py:188} INFO - Uploading /opt/***/data/minio/TSLA/1771222289.json to Snowflake stage...
[2026-02-17T06:54:56.239+0000] {logging_mixin.py:188} INFO - Uploading /opt/***/data/minio/TSLA/1771222300.json to Snowflake stage...
[2026-02-17T06:54:57.386+0000] {logging_mixin.py:188} INFO - Uploading /opt/***/data/minio/TSLA/1771222311.json to Snowflake stage...
[2026-02-17T06:54:58.022+0000] {logging_mixin.py:188} INFO - Uploading /opt/***/data/minio/TSLA/1771222322.json to Snowflake stage...
[2026-02-17T06:54:58.667+0000] {logging_mixin.py:188} INFO - Uploading /opt/***/data/minio/TSLA/1771222334.json to Snowflake stage...
[2026-02-17T06:54:59.300+0000] {logging_mixin.py:188} INFO - Uploading /opt/***/data/minio/TSLA/1771222346.json to Snowflake stage...
[2026-02-17T06:54:59.949+0000] {logging_mixin.py:188} INFO - Uploading /opt/***/data/minio/TSLA/1771222357.json to Snowflake stage...
[2026-02-17T06:55:00.581+0000] {logging_mixin.py:188} INFO - Uploading /opt/***/data/minio/TSLA/1771222369.json to Snowflake stage...
[2026-02-17T06:55:01.237+0000] {logging_mixin.py:188} INFO - Uploading /opt/***/data/minio/TSLA/1771222379.json to Snowflake stage...
[2026-02-17T06:55:01.852+0000] {logging_mixin.py:188} INFO - Uploading /opt/***/data/minio/TSLA/1771222390.json to Snowflake stage...
[2026-02-17T06:55:02.423+0000] {logging_mixin.py:188} INFO - Uploading /opt/***/data/minio/TSLA/1771222402.json to Snowflake stage...
[2026-02-17T06:55:02.986+0000] {logging_mixin.py:188} INFO - Uploading /opt/***/data/minio/TSLA/1771222414.json to Snowflake stage...
[2026-02-17T06:55:03.619+0000] {logging_mixin.py:188} INFO - Uploading /opt/***/data/minio/TSLA/1771222454.json to Snowflake stage...
[2026-02-17T06:55:04.247+0000] {logging_mixin.py:188} INFO - Uploading /opt/***/data/minio/TSLA/1771222465.json to Snowflake stage...
[2026-02-17T06:55:04.882+0000] {logging_mixin.py:188} INFO - Uploading /opt/***/data/minio/TSLA/1771222478.json to Snowflake stage...
[2026-02-17T06:55:05.514+0000] {logging_mixin.py:188} INFO - Uploading /opt/***/data/minio/TSLA/1771222522.json to Snowflake stage...
[2026-02-17T06:55:06.165+0000] {logging_mixin.py:188} INFO - Uploading /opt/***/data/minio/TSLA/1771222534.json to Snowflake stage...
[2026-02-17T06:55:06.922+0000] {logging_mixin.py:188} INFO - Uploading /opt/***/data/minio/TSLA/1771222547.json to Snowflake stage...
[2026-02-17T06:55:07.542+0000] {logging_mixin.py:188} INFO - Uploading /opt/***/data/minio/TSLA/1771222560.json to Snowflake stage...
[2026-02-17T06:55:08.216+0000] {logging_mixin.py:188} INFO - Uploading /opt/***/data/minio/TSLA/1771222572.json to Snowflake stage...
[2026-02-17T06:55:09.019+0000] {logging_mixin.py:188} INFO - Uploading /opt/***/data/minio/TSLA/1771222583.json to Snowflake stage...
[2026-02-17T06:55:09.777+0000] {logging_mixin.py:188} INFO - Uploading /opt/***/data/minio/TSLA/1771222595.json to Snowflake stage...
[2026-02-17T06:55:10.332+0000] {logging_mixin.py:188} INFO - Uploading /opt/***/data/minio/TSLA/1771222607.json to Snowflake stage...
[2026-02-17T06:55:10.972+0000] {logging_mixin.py:188} INFO - Uploading /opt/***/data/minio/TSLA/1771222619.json to Snowflake stage...
[2026-02-17T06:55:11.560+0000] {logging_mixin.py:188} INFO - Uploading /opt/***/data/minio/TSLA/1771222633.json to Snowflake stage...
[2026-02-17T06:55:12.111+0000] {logging_mixin.py:188} INFO - Uploading /opt/***/data/minio/TSLA/1771222658.json to Snowflake stage...
[2026-02-17T06:55:12.669+0000] {logging_mixin.py:188} INFO - Uploading /opt/***/data/minio/TSLA/1771222698.json to Snowflake stage...
[2026-02-17T06:55:13.266+0000] {logging_mixin.py:188} INFO - Uploading /opt/***/data/minio/TSLA/1771222712.json to Snowflake stage...
[2026-02-17T06:55:13.934+0000] {logging_mixin.py:188} INFO - Uploading /opt/***/data/minio/TSLA/1771222724.json to Snowflake stage...
[2026-02-17T06:55:14.483+0000] {logging_mixin.py:188} INFO - Uploading /opt/***/data/minio/TSLA/1771222735.json to Snowflake stage...
[2026-02-17T06:55:15.030+0000] {logging_mixin.py:188} INFO - Uploading /opt/***/data/minio/TSLA/1771222747.json to Snowflake stage...
[2026-02-17T06:55:15.576+0000] {logging_mixin.py:188} INFO - Uploading /opt/***/data/minio/TSLA/1771222759.json to Snowflake stage...
[2026-02-17T06:55:16.186+0000] {logging_mixin.py:188} INFO - Uploading /opt/***/data/minio/TSLA/1771222776.json to Snowflake stage...
[2026-02-17T06:55:17.108+0000] {logging_mixin.py:188} INFO - Uploading /opt/***/data/minio/TSLA/1771222792.json to Snowflake stage...
[2026-02-17T06:55:17.745+0000] {logging_mixin.py:188} INFO - Uploading /opt/***/data/minio/TSLA/1771222847.json to Snowflake stage...
[2026-02-17T06:55:18.943+0000] {logging_mixin.py:188} INFO - Uploading /opt/***/data/minio/TSLA/1771222860.json to Snowflake stage...
[2026-02-17T06:55:19.534+0000] {logging_mixin.py:188} INFO - Uploading /opt/***/data/minio/TSLA/1771222871.json to Snowflake stage...
[2026-02-17T06:55:20.332+0000] {logging_mixin.py:188} INFO - Uploading /opt/***/data/minio/TSLA/1771222885.json to Snowflake stage...
[2026-02-17T06:55:20.888+0000] {logging_mixin.py:188} INFO - Uploading /opt/***/data/minio/TSLA/1771222899.json to Snowflake stage...
[2026-02-17T06:55:37.383+0000] {job.py:221} ERROR - Job heartbeat failed with error. Scheduler may go into unhealthy state
[2026-02-17T06:56:03.925+0000] {job.py:221} ERROR - Job heartbeat failed with error. Scheduler may go into unhealthy state
[2026-02-17T06:56:08.787+0000] {connectionpool.py:824} WARNING - Retrying (Retry(total=0, connect=None, read=None, redirect=None, status=None)) after connection broken by 'ProtocolError('Connection aborted.', RemoteDisconnected('Remote end closed connection without response'))': /ev2g1000-s/tables/83986386969/1771222899.json.gz
[2026-02-17T06:56:11.544+0000] {logging_mixin.py:188} INFO - Uploading /opt/***/data/minio/TSLA/1771222912.json to Snowflake stage...
[2026-02-17T06:56:12.287+0000] {logging_mixin.py:188} INFO - Uploading /opt/***/data/minio/TSLA/1771222925.json to Snowflake stage...
[2026-02-17T06:56:15.509+0000] {logging_mixin.py:188} INFO - Uploading /opt/***/data/minio/TSLA/1771222937.json to Snowflake stage...
[2026-02-17T06:56:16.234+0000] {logging_mixin.py:188} INFO - Uploading /opt/***/data/minio/TSLA/1771222956.json to Snowflake stage...
[2026-02-17T06:56:17.103+0000] {logging_mixin.py:188} INFO - Uploading /opt/***/data/minio/TSLA/1771222970.json to Snowflake stage...
[2026-02-17T06:56:18.259+0000] {logging_mixin.py:188} INFO - Uploading /opt/***/data/minio/TSLA/1771222981.json to Snowflake stage...
[2026-02-17T06:56:19.112+0000] {logging_mixin.py:188} INFO - Uploading /opt/***/data/minio/TSLA/1771222991.json to Snowflake stage...
[2026-02-17T06:56:20.292+0000] {logging_mixin.py:188} INFO - Uploading /opt/***/data/minio/TSLA/1771223001.json to Snowflake stage...
[2026-02-17T06:56:21.422+0000] {logging_mixin.py:188} INFO - Uploading /opt/***/data/minio/TSLA/1771223012.json to Snowflake stage...
[2026-02-17T06:56:22.335+0000] {logging_mixin.py:188} INFO - Uploading /opt/***/data/minio/TSLA/1771223023.json to Snowflake stage...
[2026-02-17T06:56:25.576+0000] {logging_mixin.py:188} INFO - Uploading /opt/***/data/minio/TSLA/1771223035.json to Snowflake stage...
[2026-02-17T06:56:27.044+0000] {logging_mixin.py:188} INFO - Uploading /opt/***/data/minio/TSLA/1771223047.json to Snowflake stage...
[2026-02-17T06:56:27.865+0000] {logging_mixin.py:188} INFO - Uploading /opt/***/data/minio/TSLA/1771223059.json to Snowflake stage...
[2026-02-17T06:56:29.666+0000] {logging_mixin.py:188} INFO - Uploading /opt/***/data/minio/TSLA/1771223131.json to Snowflake stage...
[2026-02-17T06:56:30.290+0000] {logging_mixin.py:188} INFO - Uploading /opt/***/data/minio/TSLA/1771223352.json to Snowflake stage...
[2026-02-17T06:56:31.049+0000] {logging_mixin.py:188} INFO - Uploading /opt/***/data/minio/TSLA/1771223384.json to Snowflake stage...
[2026-02-17T06:56:32.914+0000] {logging_mixin.py:188} INFO - Uploading /opt/***/data/minio/TSLA/1771223396.json to Snowflake stage...
[2026-02-17T06:56:34.004+0000] {logging_mixin.py:188} INFO - Uploading /opt/***/data/minio/TSLA/1771223408.json to Snowflake stage...
[2026-02-17T06:56:35.360+0000] {logging_mixin.py:188} INFO - Uploading /opt/***/data/minio/TSLA/1771223419.json to Snowflake stage...
[2026-02-17T06:56:36.172+0000] {logging_mixin.py:188} INFO - Uploading /opt/***/data/minio/TSLA/1771223430.json to Snowflake stage...
[2026-02-17T06:56:37.044+0000] {logging_mixin.py:188} INFO - Uploading /opt/***/data/minio/TSLA/1771223441.json to Snowflake stage...
[2026-02-17T06:56:37.789+0000] {logging_mixin.py:188} INFO - Uploading /opt/***/data/minio/TSLA/1771223451.json to Snowflake stage...
[2026-02-17T06:56:38.558+0000] {logging_mixin.py:188} INFO - Uploading /opt/***/data/minio/TSLA/1771223462.json to Snowflake stage...
[2026-02-17T06:56:39.214+0000] {logging_mixin.py:188} INFO - Uploading /opt/***/data/minio/TSLA/1771223473.json to Snowflake stage...
[2026-02-17T06:56:39.913+0000] {logging_mixin.py:188} INFO - Uploading /opt/***/data/minio/TSLA/1771223486.json to Snowflake stage...
[2026-02-17T06:56:40.657+0000] {logging_mixin.py:188} INFO - Uploading /opt/***/data/minio/TSLA/1771223496.json to Snowflake stage...
[2026-02-17T06:56:41.427+0000] {logging_mixin.py:188} INFO - Uploading /opt/***/data/minio/TSLA/1771223508.json to Snowflake stage...
[2026-02-17T06:56:42.172+0000] {logging_mixin.py:188} INFO - Uploading /opt/***/data/minio/TSLA/1771223518.json to Snowflake stage...
[2026-02-17T06:56:43.103+0000] {logging_mixin.py:188} INFO - Uploading /opt/***/data/minio/TSLA/1771223529.json to Snowflake stage...
[2026-02-17T06:56:43.799+0000] {logging_mixin.py:188} INFO - Uploading /opt/***/data/minio/TSLA/1771223539.json to Snowflake stage...
[2026-02-17T06:56:44.539+0000] {logging_mixin.py:188} INFO - Uploading /opt/***/data/minio/TSLA/1771223550.json to Snowflake stage...
[2026-02-17T06:56:45.268+0000] {logging_mixin.py:188} INFO - Uploading /opt/***/data/minio/TSLA/1771223561.json to Snowflake stage...
[2026-02-17T06:56:46.269+0000] {logging_mixin.py:188} INFO - Uploading /opt/***/data/minio/TSLA/1771223571.json to Snowflake stage...
[2026-02-17T06:56:47.290+0000] {logging_mixin.py:188} INFO - Uploading /opt/***/data/minio/TSLA/1771223583.json to Snowflake stage...
[2026-02-17T06:56:49.866+0000] {logging_mixin.py:188} INFO - Uploading /opt/***/data/minio/TSLA/1771223595.json to Snowflake stage...
[2026-02-17T06:56:50.633+0000] {logging_mixin.py:188} INFO - Uploading /opt/***/data/minio/TSLA/1771223609.json to Snowflake stage...
[2026-02-17T06:56:51.576+0000] {logging_mixin.py:188} INFO - Uploading /opt/***/data/minio/TSLA/1771223621.json to Snowflake stage...
[2026-02-17T06:56:52.431+0000] {logging_mixin.py:188} INFO - Uploading /opt/***/data/minio/TSLA/1771223633.json to Snowflake stage...
[2026-02-17T06:56:53.049+0000] {logging_mixin.py:188} INFO - Uploading /opt/***/data/minio/TSLA/1771223645.json to Snowflake stage...
[2026-02-17T06:56:53.587+0000] {logging_mixin.py:188} INFO - Uploading /opt/***/data/minio/TSLA/1771223657.json to Snowflake stage...
[2026-02-17T06:56:54.178+0000] {logging_mixin.py:188} INFO - Uploading /opt/***/data/minio/TSLA/1771223677.json to Snowflake stage...
[2026-02-17T06:56:54.858+0000] {logging_mixin.py:188} INFO - Uploading /opt/***/data/minio/TSLA/1771223689.json to Snowflake stage...
[2026-02-17T06:56:55.441+0000] {logging_mixin.py:188} INFO - Uploading /opt/***/data/minio/TSLA/1771223701.json to Snowflake stage...
[2026-02-17T06:56:56.051+0000] {logging_mixin.py:188} INFO - Uploading /opt/***/data/minio/TSLA/1771223711.json to Snowflake stage...
[2026-02-17T06:56:56.666+0000] {logging_mixin.py:188} INFO - Uploading /opt/***/data/minio/TSLA/1771223722.json to Snowflake stage...
[2026-02-17T06:56:57.158+0000] {logging_mixin.py:188} INFO - Uploading /opt/***/data/minio/TSLA/1771223732.json to Snowflake stage...
[2026-02-17T06:56:57.675+0000] {logging_mixin.py:188} INFO - Uploading /opt/***/data/minio/TSLA/1771223742.json to Snowflake stage...
[2026-02-17T06:56:58.238+0000] {logging_mixin.py:188} INFO - Uploading /opt/***/data/minio/TSLA/1771223753.json to Snowflake stage...
[2026-02-17T06:56:58.886+0000] {logging_mixin.py:188} INFO - Uploading /opt/***/data/minio/TSLA/1771223765.json to Snowflake stage...
[2026-02-17T06:57:01.554+0000] {logging_mixin.py:188} INFO - Uploading /opt/***/data/minio/TSLA/1771223777.json to Snowflake stage...
[2026-02-17T06:57:02.270+0000] {logging_mixin.py:188} INFO - Uploading /opt/***/data/minio/TSLA/1771223788.json to Snowflake stage...
[2026-02-17T06:57:02.900+0000] {logging_mixin.py:188} INFO - Uploading /opt/***/data/minio/TSLA/1771223800.json to Snowflake stage...
[2026-02-17T06:57:03.742+0000] {logging_mixin.py:188} INFO - Uploading /opt/***/data/minio/TSLA/1771223821.json to Snowflake stage...
[2026-02-17T06:57:04.349+0000] {logging_mixin.py:188} INFO - Uploading /opt/***/data/minio/TSLA/1771223878.json to Snowflake stage...
[2026-02-17T06:57:05.190+0000] {logging_mixin.py:188} INFO - Uploading /opt/***/data/minio/TSLA/1771223933.json to Snowflake stage...
[2026-02-17T06:57:05.886+0000] {logging_mixin.py:188} INFO - Uploading /opt/***/data/minio/TSLA/1771223947.json to Snowflake stage...
[2026-02-17T06:57:06.719+0000] {logging_mixin.py:188} INFO - Uploading /opt/***/data/minio/TSLA/1771223960.json to Snowflake stage...
[2026-02-17T06:57:07.409+0000] {logging_mixin.py:188} INFO - Uploading /opt/***/data/minio/TSLA/1771223973.json to Snowflake stage...
[2026-02-17T06:57:07.987+0000] {logging_mixin.py:188} INFO - Uploading /opt/***/data/minio/TSLA/1771223986.json to Snowflake stage...
[2026-02-17T06:57:08.571+0000] {logging_mixin.py:188} INFO - Uploading /opt/***/data/minio/TSLA/1771223998.json to Snowflake stage...
[2026-02-17T06:57:09.193+0000] {logging_mixin.py:188} INFO - Uploading /opt/***/data/minio/TSLA/1771224008.json to Snowflake stage...
[2026-02-17T06:57:09.740+0000] {logging_mixin.py:188} INFO - Uploading /opt/***/data/minio/TSLA/1771224019.json to Snowflake stage...
[2026-02-17T06:57:10.375+0000] {logging_mixin.py:188} INFO - Uploading /opt/***/data/minio/TSLA/1771224031.json to Snowflake stage...
[2026-02-17T06:57:11.048+0000] {logging_mixin.py:188} INFO - Uploading /opt/***/data/minio/TSLA/1771224042.json to Snowflake stage...
[2026-02-17T06:57:11.752+0000] {logging_mixin.py:188} INFO - Uploading /opt/***/data/minio/TSLA/1771224053.json to Snowflake stage...
[2026-02-17T06:57:12.560+0000] {logging_mixin.py:188} INFO - Uploading /opt/***/data/minio/TSLA/1771224066.json to Snowflake stage...
[2026-02-17T06:57:13.423+0000] {logging_mixin.py:188} INFO - Uploading /opt/***/data/minio/TSLA/1771224079.json to Snowflake stage...
[2026-02-17T06:57:15.051+0000] {logging_mixin.py:188} INFO - Uploading /opt/***/data/minio/TSLA/1771224090.json to Snowflake stage...
[2026-02-17T06:57:16.081+0000] {logging_mixin.py:188} INFO - Uploading /opt/***/data/minio/TSLA/1771224101.json to Snowflake stage...
[2026-02-17T06:57:16.885+0000] {logging_mixin.py:188} INFO - Uploading /opt/***/data/minio/TSLA/1771224112.json to Snowflake stage...
[2026-02-17T06:57:17.569+0000] {logging_mixin.py:188} INFO - Uploading /opt/***/data/minio/TSLA/1771224123.json to Snowflake stage...
[2026-02-17T06:57:18.140+0000] {logging_mixin.py:188} INFO - Uploading /opt/***/data/minio/TSLA/1771224134.json to Snowflake stage...
[2026-02-17T06:57:18.815+0000] {logging_mixin.py:188} INFO - Uploading /opt/***/data/minio/TSLA/1771224145.json to Snowflake stage...
[2026-02-17T06:57:19.566+0000] {logging_mixin.py:188} INFO - Uploading /opt/***/data/minio/TSLA/1771224155.json to Snowflake stage...
[2026-02-17T06:57:20.505+0000] {logging_mixin.py:188} INFO - Uploading /opt/***/data/minio/TSLA/1771224166.json to Snowflake stage...
[2026-02-17T06:57:21.616+0000] {logging_mixin.py:188} INFO - Uploading /opt/***/data/minio/TSLA/1771224177.json to Snowflake stage...
[2026-02-17T06:57:22.517+0000] {logging_mixin.py:188} INFO - Uploading /opt/***/data/minio/TSLA/1771224189.json to Snowflake stage...
[2026-02-17T06:57:23.188+0000] {logging_mixin.py:188} INFO - Uploading /opt/***/data/minio/TSLA/1771224201.json to Snowflake stage...
[2026-02-17T06:57:24.002+0000] {logging_mixin.py:188} INFO - Uploading /opt/***/data/minio/TSLA/1771224213.json to Snowflake stage...
[2026-02-17T06:57:25.047+0000] {logging_mixin.py:188} INFO - Uploading /opt/***/data/minio/TSLA/1771224225.json to Snowflake stage...
[2026-02-17T06:57:26.230+0000] {logging_mixin.py:188} INFO - Uploading /opt/***/data/minio/TSLA/1771224240.json to Snowflake stage...
[2026-02-17T06:57:27.293+0000] {logging_mixin.py:188} INFO - Uploading /opt/***/data/minio/TSLA/1771224253.json to Snowflake stage...
[2026-02-17T06:57:28.669+0000] {logging_mixin.py:188} INFO - Uploading /opt/***/data/minio/TSLA/1771224514.json to Snowflake stage...
[2026-02-17T06:57:29.309+0000] {logging_mixin.py:188} INFO - Uploading /opt/***/data/minio/TSLA/1771224528.json to Snowflake stage...
[2026-02-17T06:57:29.972+0000] {logging_mixin.py:188} INFO - Uploading /opt/***/data/minio/TSLA/1771224541.json to Snowflake stage...
[2026-02-17T06:57:30.612+0000] {logging_mixin.py:188} INFO - Uploading /opt/***/data/minio/TSLA/1771224553.json to Snowflake stage...
[2026-02-17T06:57:31.389+0000] {logging_mixin.py:188} INFO - Uploading /opt/***/data/minio/TSLA/1771224566.json to Snowflake stage...
[2026-02-17T06:57:32.248+0000] {logging_mixin.py:188} INFO - Uploading /opt/***/data/minio/TSLA/1771224578.json to Snowflake stage...
[2026-02-17T06:57:32.925+0000] {logging_mixin.py:188} INFO - Uploading /opt/***/data/minio/TSLA/1771224591.json to Snowflake stage...
[2026-02-17T06:57:33.615+0000] {logging_mixin.py:188} INFO - Uploading /opt/***/data/minio/TSLA/1771224604.json to Snowflake stage...
[2026-02-17T06:57:34.341+0000] {logging_mixin.py:188} INFO - Uploading /opt/***/data/minio/TSLA/1771224614.json to Snowflake stage...
[2026-02-17T06:57:35.059+0000] {logging_mixin.py:188} INFO - Uploading /opt/***/data/minio/TSLA/1771224625.json to Snowflake stage...
[2026-02-17T06:57:35.956+0000] {logging_mixin.py:188} INFO - Uploading /opt/***/data/minio/TSLA/1771224636.json to Snowflake stage...
[2026-02-17T06:57:36.780+0000] {logging_mixin.py:188} INFO - Uploading /opt/***/data/minio/TSLA/1771224649.json to Snowflake stage...
[2026-02-17T06:58:33.124+0000] {logging_mixin.py:188} INFO - Uploading /opt/***/data/minio/TSLA/1771224669.json to Snowflake stage...
[2026-02-17T06:58:34.300+0000] {logging_mixin.py:188} INFO - Uploading /opt/***/data/minio/TSLA/1771224680.json to Snowflake stage...
[2026-02-17T06:58:34.974+0000] {logging_mixin.py:188} INFO - Uploading /opt/***/data/minio/TSLA/1771224693.json to Snowflake stage...
[2026-02-17T06:58:35.672+0000] {logging_mixin.py:188} INFO - Uploading /opt/***/data/minio/TSLA/1771224706.json to Snowflake stage...
[2026-02-17T06:58:36.589+0000] {logging_mixin.py:188} INFO - Uploading /opt/***/data/minio/TSLA/1771224719.json to Snowflake stage...
[2026-02-17T06:58:38.119+0000] {logging_mixin.py:188} INFO - Uploading /opt/***/data/minio/TSLA/1771224731.json to Snowflake stage...
[2026-02-17T06:58:38.902+0000] {logging_mixin.py:188} INFO - Uploading /opt/***/data/minio/TSLA/1771224744.json to Snowflake stage...
[2026-02-17T06:58:39.680+0000] {logging_mixin.py:188} INFO - Uploading /opt/***/data/minio/TSLA/1771224755.json to Snowflake stage...
[2026-02-17T06:58:40.540+0000] {logging_mixin.py:188} INFO - Uploading /opt/***/data/minio/TSLA/1771224770.json to Snowflake stage...
[2026-02-17T06:58:41.113+0000] {logging_mixin.py:188} INFO - Uploading /opt/***/data/minio/TSLA/1771224784.json to Snowflake stage...
[2026-02-17T06:58:41.830+0000] {logging_mixin.py:188} INFO - Uploading /opt/***/data/minio/TSLA/1771224797.json to Snowflake stage...
[2026-02-17T06:58:42.519+0000] {logging_mixin.py:188} INFO - Uploading /opt/***/data/minio/TSLA/1771224809.json to Snowflake stage...
[2026-02-17T06:58:43.254+0000] {logging_mixin.py:188} INFO - Uploading /opt/***/data/minio/TSLA/1771224821.json to Snowflake stage...
[2026-02-17T06:58:43.900+0000] {logging_mixin.py:188} INFO - Uploading /opt/***/data/minio/TSLA/1771224833.json to Snowflake stage...
[2026-02-17T06:58:44.905+0000] {logging_mixin.py:188} INFO - Uploading /opt/***/data/minio/TSLA/1771224845.json to Snowflake stage...
[2026-02-17T06:58:45.739+0000] {logging_mixin.py:188} INFO - Uploading /opt/***/data/minio/TSLA/1771224857.json to Snowflake stage...
[2026-02-17T06:58:46.453+0000] {logging_mixin.py:188} INFO - Uploading /opt/***/data/minio/TSLA/1771224868.json to Snowflake stage...
[2026-02-17T06:58:47.124+0000] {logging_mixin.py:188} INFO - Uploading /opt/***/data/minio/TSLA/1771224879.json to Snowflake stage...
[2026-02-17T06:58:47.807+0000] {logging_mixin.py:188} INFO - Uploading /opt/***/data/minio/TSLA/1771224890.json to Snowflake stage...
[2026-02-17T06:58:48.441+0000] {logging_mixin.py:188} INFO - Uploading /opt/***/data/minio/TSLA/1771224902.json to Snowflake stage...
[2026-02-17T06:58:48.962+0000] {logging_mixin.py:188} INFO - Uploading /opt/***/data/minio/TSLA/1771224912.json to Snowflake stage...
[2026-02-17T06:58:49.494+0000] {logging_mixin.py:188} INFO - Uploading /opt/***/data/minio/TSLA/1771224922.json to Snowflake stage...
[2026-02-17T06:58:50.081+0000] {logging_mixin.py:188} INFO - Uploading /opt/***/data/minio/TSLA/1771224933.json to Snowflake stage...
[2026-02-17T06:58:50.712+0000] {logging_mixin.py:188} INFO - Uploading /opt/***/data/minio/TSLA/1771224944.json to Snowflake stage...
[2026-02-17T06:58:51.408+0000] {logging_mixin.py:188} INFO - Uploading /opt/***/data/minio/TSLA/1771224955.json to Snowflake stage...
[2026-02-17T06:58:51.996+0000] {logging_mixin.py:188} INFO - Uploading /opt/***/data/minio/TSLA/1771224965.json to Snowflake stage...
[2026-02-17T06:58:52.745+0000] {logging_mixin.py:188} INFO - Uploading /opt/***/data/minio/TSLA/1771224976.json to Snowflake stage...
[2026-02-17T06:58:53.358+0000] {logging_mixin.py:188} INFO - Uploading /opt/***/data/minio/TSLA/1771224987.json to Snowflake stage...
[2026-02-17T06:58:54.042+0000] {logging_mixin.py:188} INFO - Uploading /opt/***/data/minio/TSLA/1771224998.json to Snowflake stage...
[2026-02-17T06:58:54.928+0000] {logging_mixin.py:188} INFO - Uploading /opt/***/data/minio/TSLA/1771225010.json to Snowflake stage...
[2026-02-17T06:58:55.531+0000] {logging_mixin.py:188} INFO - Uploading /opt/***/data/minio/TSLA/1771225020.json to Snowflake stage...
[2026-02-17T06:58:56.052+0000] {logging_mixin.py:188} INFO - Uploading /opt/***/data/minio/TSLA/1771225031.json to Snowflake stage...
[2026-02-17T06:58:56.522+0000] {logging_mixin.py:188} INFO - Uploading /opt/***/data/minio/TSLA/1771225043.json to Snowflake stage...
[2026-02-17T06:58:57.699+0000] {logging_mixin.py:188} INFO - Uploading /opt/***/data/minio/TSLA/1771225054.json to Snowflake stage...
[2026-02-17T06:58:58.412+0000] {logging_mixin.py:188} INFO - Uploading /opt/***/data/minio/TSLA/1771225065.json to Snowflake stage...
[2026-02-17T06:58:59.176+0000] {logging_mixin.py:188} INFO - Uploading /opt/***/data/minio/TSLA/1771225076.json to Snowflake stage...
[2026-02-17T06:58:59.948+0000] {logging_mixin.py:188} INFO - Uploading /opt/***/data/minio/TSLA/1771225087.json to Snowflake stage...
[2026-02-17T06:59:00.675+0000] {logging_mixin.py:188} INFO - Uploading /opt/***/data/minio/TSLA/1771225097.json to Snowflake stage...
[2026-02-17T06:59:01.383+0000] {logging_mixin.py:188} INFO - Uploading /opt/***/data/minio/TSLA/1771225108.json to Snowflake stage...
[2026-02-17T06:59:02.031+0000] {logging_mixin.py:188} INFO - Uploading /opt/***/data/minio/TSLA/1771225120.json to Snowflake stage...
[2026-02-17T06:59:02.784+0000] {logging_mixin.py:188} INFO - Uploading /opt/***/data/minio/TSLA/1771225134.json to Snowflake stage...
[2026-02-17T06:59:03.570+0000] {logging_mixin.py:188} INFO - Uploading /opt/***/data/minio/TSLA/1771225146.json to Snowflake stage...
[2026-02-17T06:59:04.273+0000] {logging_mixin.py:188} INFO - Uploading /opt/***/data/minio/TSLA/1771225157.json to Snowflake stage...
[2026-02-17T06:59:04.915+0000] {logging_mixin.py:188} INFO - Uploading /opt/***/data/minio/TSLA/1771225168.json to Snowflake stage...
[2026-02-17T06:59:05.633+0000] {logging_mixin.py:188} INFO - Uploading /opt/***/data/minio/TSLA/1771225189.json to Snowflake stage...
[2026-02-17T06:59:06.248+0000] {logging_mixin.py:188} INFO - Uploading /opt/***/data/minio/TSLA/1771225201.json to Snowflake stage...
[2026-02-17T06:59:06.822+0000] {logging_mixin.py:188} INFO - Uploading /opt/***/data/minio/TSLA/1771225214.json to Snowflake stage...
[2026-02-17T06:59:07.404+0000] {logging_mixin.py:188} INFO - Uploading /opt/***/data/minio/TSLA/1771225226.json to Snowflake stage...
[2026-02-17T06:59:08.006+0000] {logging_mixin.py:188} INFO - Uploading /opt/***/data/minio/TSLA/1771225238.json to Snowflake stage...
[2026-02-17T06:59:08.547+0000] {logging_mixin.py:188} INFO - Uploading /opt/***/data/minio/TSLA/1771225250.json to Snowflake stage...
[2026-02-17T06:59:09.106+0000] {logging_mixin.py:188} INFO - Uploading /opt/***/data/minio/TSLA/1771225262.json to Snowflake stage...
[2026-02-17T06:59:09.691+0000] {logging_mixin.py:188} INFO - Uploading /opt/***/data/minio/TSLA/1771225276.json to Snowflake stage...
[2026-02-17T06:59:10.296+0000] {logging_mixin.py:188} INFO - Uploading /opt/***/data/minio/TSLA/1771225288.json to Snowflake stage...
[2026-02-17T06:59:10.885+0000] {logging_mixin.py:188} INFO - Uploading /opt/***/data/minio/TSLA/1771225299.json to Snowflake stage...
[2026-02-17T06:59:11.464+0000] {logging_mixin.py:188} INFO - Uploading /opt/***/data/minio/TSLA/1771225310.json to Snowflake stage...
[2026-02-17T06:59:12.035+0000] {logging_mixin.py:188} INFO - Uploading /opt/***/data/minio/TSLA/1771225321.json to Snowflake stage...
[2026-02-17T06:59:12.564+0000] {logging_mixin.py:188} INFO - Uploading /opt/***/data/minio/TSLA/1771225333.json to Snowflake stage...
[2026-02-17T06:59:13.635+0000] {logging_mixin.py:188} INFO - Uploading /opt/***/data/minio/TSLA/1771225344.json to Snowflake stage...
[2026-02-17T06:59:14.308+0000] {logging_mixin.py:188} INFO - Uploading /opt/***/data/minio/TSLA/1771225356.json to Snowflake stage...
[2026-02-17T06:59:14.884+0000] {logging_mixin.py:188} INFO - Uploading /opt/***/data/minio/TSLA/1771225369.json to Snowflake stage...
[2026-02-17T06:59:15.454+0000] {logging_mixin.py:188} INFO - Uploading /opt/***/data/minio/TSLA/1771225380.json to Snowflake stage...
[2026-02-17T06:59:17.140+0000] {logging_mixin.py:188} INFO - Uploading /opt/***/data/minio/TSLA/1771225390.json to Snowflake stage...
[2026-02-17T06:59:17.765+0000] {logging_mixin.py:188} INFO - Uploading /opt/***/data/minio/TSLA/1771225401.json to Snowflake stage...
[2026-02-17T06:59:18.409+0000] {logging_mixin.py:188} INFO - Uploading /opt/***/data/minio/TSLA/1771225411.json to Snowflake stage...
[2026-02-17T06:59:19.070+0000] {logging_mixin.py:188} INFO - Uploading /opt/***/data/minio/TSLA/1771225422.json to Snowflake stage...
[2026-02-17T06:59:19.716+0000] {logging_mixin.py:188} INFO - Uploading /opt/***/data/minio/TSLA/1771225434.json to Snowflake stage...
[2026-02-17T06:59:21.058+0000] {logging_mixin.py:188} INFO - Uploading /opt/***/data/minio/TSLA/1771225445.json to Snowflake stage...
[2026-02-17T06:59:21.966+0000] {logging_mixin.py:188} INFO - Uploading /opt/***/data/minio/TSLA/1771225455.json to Snowflake stage...
[2026-02-17T06:59:22.947+0000] {logging_mixin.py:188} INFO - Uploading /opt/***/data/minio/TSLA/1771225466.json to Snowflake stage...
[2026-02-17T06:59:23.676+0000] {logging_mixin.py:188} INFO - Uploading /opt/***/data/minio/TSLA/1771225478.json to Snowflake stage...
[2026-02-17T06:59:24.373+0000] {logging_mixin.py:188} INFO - Uploading /opt/***/data/minio/TSLA/1771225488.json to Snowflake stage...
[2026-02-17T06:59:25.091+0000] {logging_mixin.py:188} INFO - Uploading /opt/***/data/minio/TSLA/1771225499.json to Snowflake stage...
[2026-02-17T06:59:25.909+0000] {logging_mixin.py:188} INFO - Uploading /opt/***/data/minio/TSLA/1771225509.json to Snowflake stage...
[2026-02-17T06:59:26.639+0000] {logging_mixin.py:188} INFO - Uploading /opt/***/data/minio/TSLA/1771225520.json to Snowflake stage...
[2026-02-17T06:59:27.261+0000] {logging_mixin.py:188} INFO - Uploading /opt/***/data/minio/TSLA/1771225531.json to Snowflake stage...
[2026-02-17T06:59:28.601+0000] {logging_mixin.py:188} INFO - Uploading /opt/***/data/minio/TSLA/1771225542.json to Snowflake stage...
[2026-02-17T06:59:29.302+0000] {logging_mixin.py:188} INFO - Uploading /opt/***/data/minio/TSLA/1771225553.json to Snowflake stage...
[2026-02-17T06:59:29.998+0000] {logging_mixin.py:188} INFO - Uploading /opt/***/data/minio/TSLA/1771225565.json to Snowflake stage...
[2026-02-17T06:59:30.718+0000] {logging_mixin.py:188} INFO - Uploading /opt/***/data/minio/TSLA/1771225577.json to Snowflake stage...
[2026-02-17T06:59:31.616+0000] {logging_mixin.py:188} INFO - Uploading /opt/***/data/minio/TSLA/1771225588.json to Snowflake stage...
[2026-02-17T06:59:32.533+0000] {logging_mixin.py:188} INFO - Uploading /opt/***/data/minio/TSLA/1771225599.json to Snowflake stage...
[2026-02-17T06:59:33.264+0000] {logging_mixin.py:188} INFO - Uploading /opt/***/data/minio/TSLA/1771225610.json to Snowflake stage...
[2026-02-17T06:59:34.105+0000] {logging_mixin.py:188} INFO - Uploading /opt/***/data/minio/TSLA/1771225621.json to Snowflake stage...
[2026-02-17T06:59:34.877+0000] {logging_mixin.py:188} INFO - Uploading /opt/***/data/minio/TSLA/1771225632.json to Snowflake stage...
[2026-02-17T06:59:35.595+0000] {logging_mixin.py:188} INFO - Uploading /opt/***/data/minio/TSLA/1771225643.json to Snowflake stage...
[2026-02-17T06:59:36.298+0000] {logging_mixin.py:188} INFO - Uploading /opt/***/data/minio/TSLA/1771225654.json to Snowflake stage...
[2026-02-17T06:59:37.013+0000] {logging_mixin.py:188} INFO - Uploading /opt/***/data/minio/TSLA/1771225665.json to Snowflake stage...
[2026-02-17T06:59:37.727+0000] {logging_mixin.py:188} INFO - Uploading /opt/***/data/minio/TSLA/1771225675.json to Snowflake stage...
[2026-02-17T06:59:38.323+0000] {logging_mixin.py:188} INFO - Uploading /opt/***/data/minio/TSLA/1771225685.json to Snowflake stage...
[2026-02-17T06:59:38.901+0000] {logging_mixin.py:188} INFO - Uploading /opt/***/data/minio/TSLA/1771225696.json to Snowflake stage...
[2026-02-17T06:59:39.455+0000] {logging_mixin.py:188} INFO - Uploading /opt/***/data/minio/TSLA/1771225707.json to Snowflake stage...
[2026-02-17T06:59:40.027+0000] {logging_mixin.py:188} INFO - Uploading /opt/***/data/minio/TSLA/1771225717.json to Snowflake stage...
[2026-02-17T06:59:40.715+0000] {logging_mixin.py:188} INFO - Uploading /opt/***/data/minio/TSLA/1771225729.json to Snowflake stage...
[2026-02-17T06:59:41.315+0000] {logging_mixin.py:188} INFO - Uploading /opt/***/data/minio/TSLA/1771225740.json to Snowflake stage...
[2026-02-17T06:59:41.796+0000] {logging_mixin.py:188} INFO - Uploading /opt/***/data/minio/TSLA/1771225751.json to Snowflake stage...
[2026-02-17T06:59:42.287+0000] {logging_mixin.py:188} INFO - Uploading /opt/***/data/minio/TSLA/1771225761.json to Snowflake stage...
[2026-02-17T06:59:42.874+0000] {logging_mixin.py:188} INFO - Uploading /opt/***/data/minio/TSLA/1771225773.json to Snowflake stage...
[2026-02-17T06:59:43.590+0000] {logging_mixin.py:188} INFO - Uploading /opt/***/data/minio/TSLA/1771225783.json to Snowflake stage...
[2026-02-17T06:59:44.194+0000] {logging_mixin.py:188} INFO - Uploading /opt/***/data/minio/TSLA/1771225793.json to Snowflake stage...
[2026-02-17T06:59:44.778+0000] {logging_mixin.py:188} INFO - Uploading /opt/***/data/minio/TSLA/1771225804.json to Snowflake stage...
[2026-02-17T06:59:46.270+0000] {logging_mixin.py:188} INFO - Uploading /opt/***/data/minio/TSLA/1771225815.json to Snowflake stage...
[2026-02-17T06:59:47.037+0000] {logging_mixin.py:188} INFO - Uploading /opt/***/data/minio/TSLA/1771225826.json to Snowflake stage...
[2026-02-17T06:59:47.681+0000] {logging_mixin.py:188} INFO - Uploading /opt/***/data/minio/TSLA/1771225837.json to Snowflake stage...
[2026-02-17T06:59:48.388+0000] {logging_mixin.py:188} INFO - Uploading /opt/***/data/minio/TSLA/1771225848.json to Snowflake stage...
[2026-02-17T06:59:49.038+0000] {logging_mixin.py:188} INFO - Uploading /opt/***/data/minio/TSLA/1771225860.json to Snowflake stage...
[2026-02-17T06:59:49.645+0000] {logging_mixin.py:188} INFO - Uploading /opt/***/data/minio/TSLA/1771225871.json to Snowflake stage...
[2026-02-17T06:59:50.177+0000] {logging_mixin.py:188} INFO - Uploading /opt/***/data/minio/TSLA/1771225881.json to Snowflake stage...
[2026-02-17T06:59:50.728+0000] {logging_mixin.py:188} INFO - Uploading /opt/***/data/minio/TSLA/1771225892.json to Snowflake stage...
[2026-02-17T06:59:51.361+0000] {logging_mixin.py:188} INFO - Uploading /opt/***/data/minio/TSLA/1771225903.json to Snowflake stage...
[2026-02-17T06:59:52.012+0000] {logging_mixin.py:188} INFO - Uploading /opt/***/data/minio/TSLA/1771225913.json to Snowflake stage...
[2026-02-17T06:59:52.643+0000] {logging_mixin.py:188} INFO - Uploading /opt/***/data/minio/TSLA/1771225924.json to Snowflake stage...
[2026-02-17T06:59:53.377+0000] {logging_mixin.py:188} INFO - Uploading /opt/***/data/minio/TSLA/1771225935.json to Snowflake stage...
[2026-02-17T06:59:54.464+0000] {logging_mixin.py:188} INFO - Uploading /opt/***/data/minio/TSLA/1771225945.json to Snowflake stage...
[2026-02-17T06:59:55.095+0000] {logging_mixin.py:188} INFO - Uploading /opt/***/data/minio/TSLA/1771225955.json to Snowflake stage...
[2026-02-17T06:59:55.780+0000] {logging_mixin.py:188} INFO - Uploading /opt/***/data/minio/TSLA/1771225966.json to Snowflake stage...
[2026-02-17T06:59:56.483+0000] {logging_mixin.py:188} INFO - Uploading /opt/***/data/minio/TSLA/1771225977.json to Snowflake stage...
[2026-02-17T06:59:57.242+0000] {logging_mixin.py:188} INFO - Uploading /opt/***/data/minio/TSLA/1771225987.json to Snowflake stage...
[2026-02-17T06:59:57.929+0000] {logging_mixin.py:188} INFO - Uploading /opt/***/data/minio/TSLA/1771225998.json to Snowflake stage...
[2026-02-17T06:59:58.657+0000] {logging_mixin.py:188} INFO - Uploading /opt/***/data/minio/TSLA/1771226009.json to Snowflake stage...
[2026-02-17T06:59:59.315+0000] {logging_mixin.py:188} INFO - Uploading /opt/***/data/minio/TSLA/1771226019.json to Snowflake stage...
[2026-02-17T07:00:00.027+0000] {logging_mixin.py:188} INFO - Uploading /opt/***/data/minio/TSLA/1771226030.json to Snowflake stage...
[2026-02-17T07:00:00.662+0000] {logging_mixin.py:188} INFO - Uploading /opt/***/data/minio/TSLA/1771226040.json to Snowflake stage...
[2026-02-17T07:00:01.379+0000] {logging_mixin.py:188} INFO - Uploading /opt/***/data/minio/TSLA/1771226051.json to Snowflake stage...
[2026-02-17T07:00:02.103+0000] {logging_mixin.py:188} INFO - Uploading /opt/***/data/minio/TSLA/1771226061.json to Snowflake stage...
[2026-02-17T07:00:02.824+0000] {logging_mixin.py:188} INFO - Uploading /opt/***/data/minio/TSLA/1771226072.json to Snowflake stage...
[2026-02-17T07:00:03.473+0000] {logging_mixin.py:188} INFO - Uploading /opt/***/data/minio/TSLA/1771226083.json to Snowflake stage...
[2026-02-17T07:00:04.192+0000] {logging_mixin.py:188} INFO - Uploading /opt/***/data/minio/TSLA/1771226093.json to Snowflake stage...
[2026-02-17T07:00:04.833+0000] {logging_mixin.py:188} INFO - Uploading /opt/***/data/minio/TSLA/1771226105.json to Snowflake stage...
[2026-02-17T07:00:05.607+0000] {logging_mixin.py:188} INFO - Uploading /opt/***/data/minio/TSLA/1771226116.json to Snowflake stage...
[2026-02-17T07:00:06.410+0000] {logging_mixin.py:188} INFO - Uploading /opt/***/data/minio/TSLA/1771226127.json to Snowflake stage...
[2026-02-17T07:00:07.040+0000] {logging_mixin.py:188} INFO - Uploading /opt/***/data/minio/TSLA/1771226138.json to Snowflake stage...
[2026-02-17T07:00:07.805+0000] {logging_mixin.py:188} INFO - Uploading /opt/***/data/minio/TSLA/1771226149.json to Snowflake stage...
[2026-02-17T07:00:09.487+0000] {logging_mixin.py:188} INFO - Uploading /opt/***/data/minio/TSLA/1771226160.json to Snowflake stage...
[2026-02-17T07:00:12.312+0000] {logging_mixin.py:188} INFO - Uploading /opt/***/data/minio/TSLA/1771226171.json to Snowflake stage...
[2026-02-17T07:00:14.403+0000] {logging_mixin.py:188} INFO - Uploading /opt/***/data/minio/TSLA/1771226182.json to Snowflake stage...
[2026-02-17T07:00:15.088+0000] {logging_mixin.py:188} INFO - Uploading /opt/***/data/minio/TSLA/1771226192.json to Snowflake stage...
[2026-02-17T07:00:15.838+0000] {logging_mixin.py:188} INFO - Uploading /opt/***/data/minio/TSLA/1771226203.json to Snowflake stage...
[2026-02-17T07:00:16.638+0000] {logging_mixin.py:188} INFO - Uploading /opt/***/data/minio/TSLA/1771226215.json to Snowflake stage...
[2026-02-17T07:00:17.368+0000] {logging_mixin.py:188} INFO - Uploading /opt/***/data/minio/TSLA/1771226225.json to Snowflake stage...
[2026-02-17T07:00:18.366+0000] {logging_mixin.py:188} INFO - Uploading /opt/***/data/minio/TSLA/1771226236.json to Snowflake stage...
[2026-02-17T07:00:19.141+0000] {logging_mixin.py:188} INFO - Uploading /opt/***/data/minio/TSLA/1771226246.json to Snowflake stage...
[2026-02-17T07:00:19.720+0000] {logging_mixin.py:188} INFO - Uploading /opt/***/data/minio/TSLA/1771226256.json to Snowflake stage...
[2026-02-17T07:00:20.522+0000] {logging_mixin.py:188} INFO - Uploading /opt/***/data/minio/TSLA/1771226267.json to Snowflake stage...
[2026-02-17T07:00:21.378+0000] {logging_mixin.py:188} INFO - Uploading /opt/***/data/minio/TSLA/1771226278.json to Snowflake stage...
[2026-02-17T07:00:21.975+0000] {logging_mixin.py:188} INFO - Uploading /opt/***/data/minio/TSLA/1771226288.json to Snowflake stage...
[2026-02-17T07:00:22.551+0000] {logging_mixin.py:188} INFO - Uploading /opt/***/data/minio/TSLA/1771226299.json to Snowflake stage...
[2026-02-17T07:00:23.175+0000] {logging_mixin.py:188} INFO - Uploading /opt/***/data/minio/TSLA/1771226311.json to Snowflake stage...
[2026-02-17T07:00:23.735+0000] {logging_mixin.py:188} INFO - Uploading /opt/***/data/minio/TSLA/1771226321.json to Snowflake stage...
[2026-02-17T07:00:24.561+0000] {logging_mixin.py:188} INFO - Uploading /opt/***/data/minio/TSLA/1771226332.json to Snowflake stage...
[2026-02-17T07:00:25.299+0000] {logging_mixin.py:188} INFO - Uploading /opt/***/data/minio/TSLA/1771226343.json to Snowflake stage...
[2026-02-17T07:00:26.491+0000] {logging_mixin.py:188} INFO - Uploading /opt/***/data/minio/TSLA/1771226354.json to Snowflake stage...
[2026-02-17T07:00:27.284+0000] {logging_mixin.py:188} INFO - Uploading /opt/***/data/minio/TSLA/1771226365.json to Snowflake stage...
[2026-02-17T07:00:28.169+0000] {logging_mixin.py:188} INFO - Uploading /opt/***/data/minio/TSLA/1771226376.json to Snowflake stage...
[2026-02-17T07:00:29.457+0000] {logging_mixin.py:188} INFO - Uploading /opt/***/data/minio/TSLA/1771226388.json to Snowflake stage...
[2026-02-17T07:00:30.512+0000] {logging_mixin.py:188} INFO - Uploading /opt/***/data/minio/TSLA/1771226399.json to Snowflake stage...
[2026-02-17T07:00:31.222+0000] {logging_mixin.py:188} INFO - Uploading /opt/***/data/minio/TSLA/1771226410.json to Snowflake stage...
[2026-02-17T07:00:32.270+0000] {logging_mixin.py:188} INFO - Uploading /opt/***/data/minio/TSLA/1771226421.json to Snowflake stage...
[2026-02-17T07:00:32.810+0000] {logging_mixin.py:188} INFO - Uploading /opt/***/data/minio/TSLA/1771226433.json to Snowflake stage...
[2026-02-17T07:00:34.943+0000] {logging_mixin.py:188} INFO - Uploading /opt/***/data/minio/TSLA/1771226444.json to Snowflake stage...
[2026-02-17T07:00:36.198+0000] {logging_mixin.py:188} INFO - Uploading /opt/***/data/minio/TSLA/1771226455.json to Snowflake stage...
[2026-02-17T07:00:38.601+0000] {logging_mixin.py:188} INFO - Uploading /opt/***/data/minio/TSLA/1771226467.json to Snowflake stage...
[2026-02-17T07:00:39.750+0000] {logging_mixin.py:188} INFO - Uploading /opt/***/data/minio/TSLA/1771226479.json to Snowflake stage...
[2026-02-17T07:00:40.448+0000] {logging_mixin.py:188} INFO - Uploading /opt/***/data/minio/TSLA/1771226489.json to Snowflake stage...
[2026-02-17T07:00:41.075+0000] {logging_mixin.py:188} INFO - Uploading /opt/***/data/minio/TSLA/1771226501.json to Snowflake stage...
[2026-02-17T07:00:41.720+0000] {logging_mixin.py:188} INFO - Uploading /opt/***/data/minio/TSLA/1771226512.json to Snowflake stage...
[2026-02-17T07:00:42.301+0000] {logging_mixin.py:188} INFO - Uploading /opt/***/data/minio/TSLA/1771226524.json to Snowflake stage...
[2026-02-17T07:00:43.904+0000] {logging_mixin.py:188} INFO - Uploading /opt/***/data/minio/TSLA/1771226535.json to Snowflake stage...
[2026-02-17T07:00:44.406+0000] {logging_mixin.py:188} INFO - Uploading /opt/***/data/minio/TSLA/1771226546.json to Snowflake stage...
[2026-02-17T07:00:44.975+0000] {logging_mixin.py:188} INFO - Uploading /opt/***/data/minio/TSLA/1771226557.json to Snowflake stage...
[2026-02-17T07:00:45.520+0000] {logging_mixin.py:188} INFO - Uploading /opt/***/data/minio/TSLA/1771226567.json to Snowflake stage...
[2026-02-17T07:00:46.087+0000] {logging_mixin.py:188} INFO - Uploading /opt/***/data/minio/TSLA/1771226578.json to Snowflake stage...
[2026-02-17T07:00:46.798+0000] {logging_mixin.py:188} INFO - Uploading /opt/***/data/minio/TSLA/1771226589.json to Snowflake stage...
[2026-02-17T07:00:47.807+0000] {logging_mixin.py:188} INFO - Uploading /opt/***/data/minio/TSLA/1771226600.json to Snowflake stage...
[2026-02-17T07:00:48.334+0000] {logging_mixin.py:188} INFO - Uploading /opt/***/data/minio/TSLA/1771226612.json to Snowflake stage...
[2026-02-17T07:00:48.843+0000] {logging_mixin.py:188} INFO - Uploading /opt/***/data/minio/TSLA/1771226625.json to Snowflake stage...
[2026-02-17T07:00:49.388+0000] {logging_mixin.py:188} INFO - Uploading /opt/***/data/minio/TSLA/1771226636.json to Snowflake stage...
[2026-02-17T07:00:50.016+0000] {logging_mixin.py:188} INFO - Uploading /opt/***/data/minio/TSLA/1771226647.json to Snowflake stage...
[2026-02-17T07:00:50.574+0000] {logging_mixin.py:188} INFO - Uploading /opt/***/data/minio/TSLA/1771226659.json to Snowflake stage...
[2026-02-17T07:00:51.157+0000] {logging_mixin.py:188} INFO - Uploading /opt/***/data/minio/TSLA/1771226670.json to Snowflake stage...
[2026-02-17T07:00:51.672+0000] {logging_mixin.py:188} INFO - Uploading /opt/***/data/minio/TSLA/1771226681.json to Snowflake stage...
[2026-02-17T07:00:52.314+0000] {logging_mixin.py:188} INFO - Uploading /opt/***/data/minio/TSLA/1771226692.json to Snowflake stage...
[2026-02-17T07:00:53.057+0000] {logging_mixin.py:188} INFO - Uploading /opt/***/data/minio/TSLA/1771226703.json to Snowflake stage...
[2026-02-17T07:00:53.781+0000] {logging_mixin.py:188} INFO - Uploading /opt/***/data/minio/TSLA/1771226714.json to Snowflake stage...
[2026-02-17T07:00:54.678+0000] {logging_mixin.py:188} INFO - Uploading /opt/***/data/minio/TSLA/1771226725.json to Snowflake stage...
[2026-02-17T07:00:55.295+0000] {logging_mixin.py:188} INFO - Uploading /opt/***/data/minio/TSLA/1771226735.json to Snowflake stage...
[2026-02-17T07:00:55.903+0000] {logging_mixin.py:188} INFO - Uploading /opt/***/data/minio/TSLA/1771226746.json to Snowflake stage...
[2026-02-17T07:00:56.576+0000] {logging_mixin.py:188} INFO - Uploading /opt/***/data/minio/TSLA/1771226757.json to Snowflake stage...
[2026-02-17T07:00:57.480+0000] {logging_mixin.py:188} INFO - Uploading /opt/***/data/minio/TSLA/1771226768.json to Snowflake stage...
[2026-02-17T07:00:58.037+0000] {logging_mixin.py:188} INFO - Uploading /opt/***/data/minio/TSLA/1771226779.json to Snowflake stage...
[2026-02-17T07:00:58.676+0000] {logging_mixin.py:188} INFO - Uploading /opt/***/data/minio/TSLA/1771226791.json to Snowflake stage...
[2026-02-17T07:00:59.231+0000] {logging_mixin.py:188} INFO - Uploading /opt/***/data/minio/TSLA/1771226801.json to Snowflake stage...
[2026-02-17T07:00:59.874+0000] {logging_mixin.py:188} INFO - Uploading /opt/***/data/minio/TSLA/1771226814.json to Snowflake stage...
[2026-02-17T07:01:00.459+0000] {logging_mixin.py:188} INFO - Uploading /opt/***/data/minio/TSLA/1771226829.json to Snowflake stage...
[2026-02-17T07:01:00.999+0000] {logging_mixin.py:188} INFO - Uploading /opt/***/data/minio/TSLA/1771226841.json to Snowflake stage...
[2026-02-17T07:01:01.646+0000] {logging_mixin.py:188} INFO - Uploading /opt/***/data/minio/TSLA/1771226852.json to Snowflake stage...
[2026-02-17T07:01:02.232+0000] {logging_mixin.py:188} INFO - Uploading /opt/***/data/minio/TSLA/1771226869.json to Snowflake stage...
[2026-02-17T07:01:02.916+0000] {logging_mixin.py:188} INFO - Uploading /opt/***/data/minio/TSLA/1771226883.json to Snowflake stage...
[2026-02-17T07:01:03.473+0000] {logging_mixin.py:188} INFO - Uploading /opt/***/data/minio/TSLA/1771226898.json to Snowflake stage...
[2026-02-17T07:01:04.107+0000] {logging_mixin.py:188} INFO - Uploading /opt/***/data/minio/TSLA/1771226910.json to Snowflake stage...
[2026-02-17T07:01:04.680+0000] {logging_mixin.py:188} INFO - Uploading /opt/***/data/minio/TSLA/1771226926.json to Snowflake stage...
[2026-02-17T07:01:06.129+0000] {logging_mixin.py:188} INFO - Uploading /opt/***/data/minio/TSLA/1771226938.json to Snowflake stage...
[2026-02-17T07:01:06.827+0000] {logging_mixin.py:188} INFO - Uploading /opt/***/data/minio/TSLA/1771226953.json to Snowflake stage...
[2026-02-17T07:01:07.556+0000] {logging_mixin.py:188} INFO - Uploading /opt/***/data/minio/TSLA/1771226966.json to Snowflake stage...
[2026-02-17T07:01:08.271+0000] {logging_mixin.py:188} INFO - Uploading /opt/***/data/minio/TSLA/1771226977.json to Snowflake stage...
[2026-02-17T07:01:09.052+0000] {logging_mixin.py:188} INFO - Uploading /opt/***/data/minio/TSLA/1771226987.json to Snowflake stage...
[2026-02-17T07:01:09.804+0000] {logging_mixin.py:188} INFO - Uploading /opt/***/data/minio/TSLA/1771227000.json to Snowflake stage...
[2026-02-17T07:01:10.436+0000] {logging_mixin.py:188} INFO - Uploading /opt/***/data/minio/TSLA/1771227010.json to Snowflake stage...
[2026-02-17T07:01:11.136+0000] {logging_mixin.py:188} INFO - Uploading /opt/***/data/minio/TSLA/1771227022.json to Snowflake stage...
[2026-02-17T07:01:11.687+0000] {logging_mixin.py:188} INFO - Uploading /opt/***/data/minio/TSLA/1771227032.json to Snowflake stage...
[2026-02-17T07:01:12.230+0000] {logging_mixin.py:188} INFO - Uploading /opt/***/data/minio/TSLA/1771227042.json to Snowflake stage...
[2026-02-17T07:01:12.813+0000] {logging_mixin.py:188} INFO - Uploading /opt/***/data/minio/TSLA/1771227053.json to Snowflake stage...
[2026-02-17T07:01:13.354+0000] {logging_mixin.py:188} INFO - Uploading /opt/***/data/minio/TSLA/1771227064.json to Snowflake stage...
[2026-02-17T07:01:14.022+0000] {logging_mixin.py:188} INFO - Uploading /opt/***/data/minio/TSLA/1771227074.json to Snowflake stage...
[2026-02-17T07:01:14.743+0000] {logging_mixin.py:188} INFO - Uploading /opt/***/data/minio/TSLA/1771227085.json to Snowflake stage...
[2026-02-17T07:01:15.541+0000] {logging_mixin.py:188} INFO - Uploading /opt/***/data/minio/TSLA/1771227096.json to Snowflake stage...
[2026-02-17T07:01:17.064+0000] {logging_mixin.py:188} INFO - Uploading /opt/***/data/minio/TSLA/1771227107.json to Snowflake stage...
[2026-02-17T07:01:17.996+0000] {logging_mixin.py:188} INFO - Uploading /opt/***/data/minio/TSLA/1771227119.json to Snowflake stage...
[2026-02-17T07:01:18.884+0000] {logging_mixin.py:188} INFO - Uploading /opt/***/data/minio/TSLA/1771227130.json to Snowflake stage...
[2026-02-17T07:01:19.694+0000] {logging_mixin.py:188} INFO - Uploading /opt/***/data/minio/TSLA/1771227142.json to Snowflake stage...
[2026-02-17T07:01:20.297+0000] {logging_mixin.py:188} INFO - Uploading /opt/***/data/minio/TSLA/1771227153.json to Snowflake stage...
[2026-02-17T07:01:20.975+0000] {logging_mixin.py:188} INFO - Uploading /opt/***/data/minio/TSLA/1771227163.json to Snowflake stage...
[2026-02-17T07:01:21.701+0000] {logging_mixin.py:188} INFO - Uploading /opt/***/data/minio/TSLA/1771227177.json to Snowflake stage...
[2026-02-17T07:01:22.499+0000] {logging_mixin.py:188} INFO - Uploading /opt/***/data/minio/TSLA/1771227188.json to Snowflake stage...
[2026-02-17T07:01:23.301+0000] {logging_mixin.py:188} INFO - Uploading /opt/***/data/minio/TSLA/1771227199.json to Snowflake stage...
[2026-02-17T07:01:24.106+0000] {logging_mixin.py:188} INFO - Uploading /opt/***/data/minio/TSLA/1771227211.json to Snowflake stage...
[2026-02-17T07:01:25.294+0000] {logging_mixin.py:188} INFO - Uploading /opt/***/data/minio/TSLA/1771227222.json to Snowflake stage...
[2026-02-17T07:01:26.410+0000] {logging_mixin.py:188} INFO - Uploading /opt/***/data/minio/TSLA/1771227233.json to Snowflake stage...
[2026-02-17T07:01:27.172+0000] {logging_mixin.py:188} INFO - Uploading /opt/***/data/minio/TSLA/1771227246.json to Snowflake stage...
[2026-02-17T07:01:28.026+0000] {logging_mixin.py:188} INFO - Uploading /opt/***/data/minio/TSLA/1771227257.json to Snowflake stage...
[2026-02-17T07:01:28.659+0000] {logging_mixin.py:188} INFO - Uploading /opt/***/data/minio/TSLA/1771227271.json to Snowflake stage...
[2026-02-17T07:01:29.762+0000] {logging_mixin.py:188} INFO - Uploading /opt/***/data/minio/TSLA/1771227282.json to Snowflake stage...
[2026-02-17T07:01:31.112+0000] {logging_mixin.py:188} INFO - Uploading /opt/***/data/minio/TSLA/1771227295.json to Snowflake stage...
[2026-02-17T07:01:31.839+0000] {logging_mixin.py:188} INFO - Uploading /opt/***/data/minio/TSLA/1771227307.json to Snowflake stage...
[2026-02-17T07:01:33.425+0000] {logging_mixin.py:188} INFO - Uploading /opt/***/data/minio/TSLA/1771227318.json to Snowflake stage...
[2026-02-17T07:01:34.016+0000] {logging_mixin.py:188} INFO - Uploading /opt/***/data/minio/TSLA/1771227329.json to Snowflake stage...
[2026-02-17T07:01:34.665+0000] {logging_mixin.py:188} INFO - Uploading /opt/***/data/minio/TSLA/1771227340.json to Snowflake stage...
[2026-02-17T07:01:35.376+0000] {logging_mixin.py:188} INFO - Uploading /opt/***/data/minio/TSLA/1771227350.json to Snowflake stage...
[2026-02-17T07:01:36.007+0000] {logging_mixin.py:188} INFO - Uploading /opt/***/data/minio/TSLA/1771227363.json to Snowflake stage...
[2026-02-17T07:01:36.735+0000] {logging_mixin.py:188} INFO - Uploading /opt/***/data/minio/TSLA/1771227376.json to Snowflake stage...
[2026-02-17T07:01:37.455+0000] {logging_mixin.py:188} INFO - Uploading /opt/***/data/minio/TSLA/1771227387.json to Snowflake stage...
[2026-02-17T07:01:38.025+0000] {logging_mixin.py:188} INFO - Uploading /opt/***/data/minio/TSLA/1771227399.json to Snowflake stage...
[2026-02-17T07:01:38.734+0000] {logging_mixin.py:188} INFO - Uploading /opt/***/data/minio/TSLA/1771227409.json to Snowflake stage...
[2026-02-17T07:01:39.373+0000] {logging_mixin.py:188} INFO - Uploading /opt/***/data/minio/TSLA/1771227421.json to Snowflake stage...
[2026-02-17T07:01:40.100+0000] {logging_mixin.py:188} INFO - Uploading /opt/***/data/minio/TSLA/1771227432.json to Snowflake stage...
[2026-02-17T07:01:40.816+0000] {logging_mixin.py:188} INFO - Uploading /opt/***/data/minio/TSLA/1771227443.json to Snowflake stage...
[2026-02-17T07:01:41.458+0000] {logging_mixin.py:188} INFO - Uploading /opt/***/data/minio/TSLA/1771227453.json to Snowflake stage...
[2026-02-17T07:01:42.061+0000] {logging_mixin.py:188} INFO - Uploading /opt/***/data/minio/TSLA/1771227464.json to Snowflake stage...
[2026-02-17T07:01:42.624+0000] {logging_mixin.py:188} INFO - Uploading /opt/***/data/minio/TSLA/1771227476.json to Snowflake stage...
[2026-02-17T07:01:43.263+0000] {logging_mixin.py:188} INFO - Uploading /opt/***/data/minio/TSLA/1771227487.json to Snowflake stage...
[2026-02-17T07:01:43.887+0000] {logging_mixin.py:188} INFO - Uploading /opt/***/data/minio/TSLA/1771227498.json to Snowflake stage...
[2026-02-17T07:01:44.609+0000] {logging_mixin.py:188} INFO - Uploading /opt/***/data/minio/TSLA/1771227508.json to Snowflake stage...
[2026-02-17T07:01:45.347+0000] {logging_mixin.py:188} INFO - Uploading /opt/***/data/minio/TSLA/1771227519.json to Snowflake stage...
[2026-02-17T07:01:46.052+0000] {logging_mixin.py:188} INFO - Uploading /opt/***/data/minio/TSLA/1771227529.json to Snowflake stage...
[2026-02-17T07:01:46.816+0000] {logging_mixin.py:188} INFO - Uploading /opt/***/data/minio/TSLA/1771227540.json to Snowflake stage...
[2026-02-17T07:01:47.614+0000] {logging_mixin.py:188} INFO - Uploading /opt/***/data/minio/TSLA/1771227552.json to Snowflake stage...
[2026-02-17T07:01:48.371+0000] {logging_mixin.py:188} INFO - Uploading /opt/***/data/minio/TSLA/1771227562.json to Snowflake stage...
[2026-02-17T07:01:49.194+0000] {logging_mixin.py:188} INFO - Uploading /opt/***/data/minio/TSLA/1771227573.json to Snowflake stage...
[2026-02-17T07:01:50.141+0000] {logging_mixin.py:188} INFO - Uploading /opt/***/data/minio/TSLA/1771227584.json to Snowflake stage...
[2026-02-17T07:01:50.940+0000] {logging_mixin.py:188} INFO - Uploading /opt/***/data/minio/TSLA/1771227594.json to Snowflake stage...
[2026-02-17T07:01:51.861+0000] {logging_mixin.py:188} INFO - Uploading /opt/***/data/minio/TSLA/1771227605.json to Snowflake stage...
[2026-02-17T07:01:52.654+0000] {logging_mixin.py:188} INFO - Uploading /opt/***/data/minio/TSLA/1771227616.json to Snowflake stage...
[2026-02-17T07:01:53.416+0000] {logging_mixin.py:188} INFO - Uploading /opt/***/data/minio/TSLA/1771227627.json to Snowflake stage...
[2026-02-17T07:01:54.308+0000] {logging_mixin.py:188} INFO - Uploading /opt/***/data/minio/TSLA/1771227637.json to Snowflake stage...
[2026-02-17T07:01:55.359+0000] {logging_mixin.py:188} INFO - Uploading /opt/***/data/minio/TSLA/1771227648.json to Snowflake stage...
[2026-02-17T07:01:55.969+0000] {logging_mixin.py:188} INFO - Uploading /opt/***/data/minio/TSLA/1771227658.json to Snowflake stage...
[2026-02-17T07:01:56.740+0000] {logging_mixin.py:188} INFO - Uploading /opt/***/data/minio/TSLA/1771227669.json to Snowflake stage...
[2026-02-17T07:01:58.170+0000] {logging_mixin.py:188} INFO - Uploading /opt/***/data/minio/TSLA/1771227680.json to Snowflake stage...
[2026-02-17T07:01:58.769+0000] {logging_mixin.py:188} INFO - Uploading /opt/***/data/minio/TSLA/1771227690.json to Snowflake stage...
[2026-02-17T07:01:59.458+0000] {logging_mixin.py:188} INFO - Uploading /opt/***/data/minio/TSLA/1771227701.json to Snowflake stage...
[2026-02-17T07:02:00.305+0000] {logging_mixin.py:188} INFO - Uploading /opt/***/data/minio/TSLA/1771227711.json to Snowflake stage...
[2026-02-17T07:02:01.191+0000] {logging_mixin.py:188} INFO - Uploading /opt/***/data/minio/TSLA/1771227723.json to Snowflake stage...
[2026-02-17T07:02:01.965+0000] {logging_mixin.py:188} INFO - Uploading /opt/***/data/minio/TSLA/1771227733.json to Snowflake stage...
[2026-02-17T07:02:02.727+0000] {logging_mixin.py:188} INFO - Uploading /opt/***/data/minio/TSLA/1771227743.json to Snowflake stage...
[2026-02-17T07:02:03.913+0000] {logging_mixin.py:188} INFO - Uploading /opt/***/data/minio/TSLA/1771227754.json to Snowflake stage...
[2026-02-17T07:02:04.584+0000] {logging_mixin.py:188} INFO - Uploading /opt/***/data/minio/TSLA/1771227764.json to Snowflake stage...
[2026-02-17T07:02:05.269+0000] {logging_mixin.py:188} INFO - Uploading /opt/***/data/minio/TSLA/1771227775.json to Snowflake stage...
[2026-02-17T07:02:38.958+0000] {job.py:226} ERROR - Job heartbeat failed with error. Scheduler is in unhealthy state
[2026-02-17T07:02:45.746+0000] {connectionpool.py:824} WARNING - Retrying (Retry(total=0, connect=None, read=None, redirect=None, status=None)) after connection broken by 'ProtocolError('Connection aborted.', RemoteDisconnected('Remote end closed connection without response'))': /ev2g1000-s/tables/83986386969/1771227775.json.gz
[2026-02-17T07:02:47.083+0000] {logging_mixin.py:188} INFO - Uploading /opt/***/data/minio/TSLA/1771227785.json to Snowflake stage...
[2026-02-17T07:02:48.121+0000] {logging_mixin.py:188} INFO - Uploading /opt/***/data/minio/TSLA/1771227795.json to Snowflake stage...
[2026-02-17T07:02:51.618+0000] {logging_mixin.py:188} INFO - Uploading /opt/***/data/minio/TSLA/1771227806.json to Snowflake stage...
[2026-02-17T07:02:52.313+0000] {logging_mixin.py:188} INFO - Uploading /opt/***/data/minio/TSLA/1771227816.json to Snowflake stage...
[2026-02-17T07:02:53.481+0000] {logging_mixin.py:188} INFO - Uploading /opt/***/data/minio/TSLA/1771227827.json to Snowflake stage...
[2026-02-17T07:02:54.130+0000] {logging_mixin.py:188} INFO - Uploading /opt/***/data/minio/TSLA/1771227838.json to Snowflake stage...
[2026-02-17T07:02:56.745+0000] {logging_mixin.py:188} INFO - Uploading /opt/***/data/minio/TSLA/1771227849.json to Snowflake stage...
[2026-02-17T07:02:57.960+0000] {logging_mixin.py:188} INFO - Uploading /opt/***/data/minio/TSLA/1771227859.json to Snowflake stage...
[2026-02-17T07:03:01.456+0000] {logging_mixin.py:188} INFO - Uploading /opt/***/data/minio/TSLA/1771227870.json to Snowflake stage...
[2026-02-17T07:03:02.194+0000] {logging_mixin.py:188} INFO - Uploading /opt/***/data/minio/TSLA/1771227881.json to Snowflake stage...
[2026-02-17T07:03:02.785+0000] {logging_mixin.py:188} INFO - Uploading /opt/***/data/minio/TSLA/1771227891.json to Snowflake stage...
[2026-02-17T07:03:03.336+0000] {logging_mixin.py:188} INFO - Uploading /opt/***/data/minio/TSLA/1771227901.json to Snowflake stage...
[2026-02-17T07:03:04.122+0000] {logging_mixin.py:188} INFO - Uploading /opt/***/data/minio/TSLA/1771227912.json to Snowflake stage...
[2026-02-17T07:03:04.750+0000] {logging_mixin.py:188} INFO - Uploading /opt/***/data/minio/TSLA/1771227922.json to Snowflake stage...
[2026-02-17T07:03:05.447+0000] {logging_mixin.py:188} INFO - Uploading /opt/***/data/minio/TSLA/1771227932.json to Snowflake stage...
[2026-02-17T07:03:06.040+0000] {logging_mixin.py:188} INFO - Uploading /opt/***/data/minio/TSLA/1771227943.json to Snowflake stage...
[2026-02-17T07:03:06.707+0000] {logging_mixin.py:188} INFO - Uploading /opt/***/data/minio/TSLA/1771227953.json to Snowflake stage...
[2026-02-17T07:03:07.221+0000] {logging_mixin.py:188} INFO - Uploading /opt/***/data/minio/TSLA/1771227963.json to Snowflake stage...
[2026-02-17T07:03:07.913+0000] {logging_mixin.py:188} INFO - Uploading /opt/***/data/minio/TSLA/1771227974.json to Snowflake stage...
[2026-02-17T07:03:08.551+0000] {logging_mixin.py:188} INFO - Uploading /opt/***/data/minio/TSLA/1771227984.json to Snowflake stage...
[2026-02-17T07:03:09.286+0000] {logging_mixin.py:188} INFO - Uploading /opt/***/data/minio/TSLA/1771227995.json to Snowflake stage...
[2026-02-17T07:03:09.826+0000] {logging_mixin.py:188} INFO - Uploading /opt/***/data/minio/TSLA/1771228006.json to Snowflake stage...
[2026-02-17T07:03:10.482+0000] {logging_mixin.py:188} INFO - Uploading /opt/***/data/minio/TSLA/1771228017.json to Snowflake stage...
[2026-02-17T07:03:11.036+0000] {logging_mixin.py:188} INFO - Uploading /opt/***/data/minio/TSLA/1771228027.json to Snowflake stage...
[2026-02-17T07:03:11.839+0000] {logging_mixin.py:188} INFO - Uploading /opt/***/data/minio/TSLA/1771228037.json to Snowflake stage...
[2026-02-17T07:03:12.474+0000] {logging_mixin.py:188} INFO - Uploading /opt/***/data/minio/TSLA/1771228048.json to Snowflake stage...
[2026-02-17T07:03:13.206+0000] {logging_mixin.py:188} INFO - Uploading /opt/***/data/minio/TSLA/1771228059.json to Snowflake stage...
[2026-02-17T07:03:13.834+0000] {logging_mixin.py:188} INFO - Uploading /opt/***/data/minio/TSLA/1771228070.json to Snowflake stage...
[2026-02-17T07:03:14.507+0000] {logging_mixin.py:188} INFO - Uploading /opt/***/data/minio/TSLA/1771228080.json to Snowflake stage...
[2026-02-17T07:03:15.111+0000] {logging_mixin.py:188} INFO - Uploading /opt/***/data/minio/TSLA/1771228091.json to Snowflake stage...
[2026-02-17T07:03:15.832+0000] {logging_mixin.py:188} INFO - Uploading /opt/***/data/minio/TSLA/1771228101.json to Snowflake stage...
[2026-02-17T07:03:16.624+0000] {logging_mixin.py:188} INFO - Uploading /opt/***/data/minio/TSLA/1771228112.json to Snowflake stage...
[2026-02-17T07:03:17.245+0000] {logging_mixin.py:188} INFO - Uploading /opt/***/data/minio/TSLA/1771228122.json to Snowflake stage...
[2026-02-17T07:03:18.479+0000] {logging_mixin.py:188} INFO - Uploading /opt/***/data/minio/TSLA/1771228133.json to Snowflake stage...
[2026-02-17T07:03:19.188+0000] {logging_mixin.py:188} INFO - Uploading /opt/***/data/minio/TSLA/1771228143.json to Snowflake stage...
[2026-02-17T07:03:19.912+0000] {logging_mixin.py:188} INFO - Uploading /opt/***/data/minio/TSLA/1771228153.json to Snowflake stage...
[2026-02-17T07:03:20.504+0000] {logging_mixin.py:188} INFO - Uploading /opt/***/data/minio/TSLA/1771228163.json to Snowflake stage...
[2026-02-17T07:03:21.204+0000] {logging_mixin.py:188} INFO - Uploading /opt/***/data/minio/TSLA/1771228174.json to Snowflake stage...
[2026-02-17T07:03:21.919+0000] {logging_mixin.py:188} INFO - Uploading /opt/***/data/minio/TSLA/1771228184.json to Snowflake stage...
[2026-02-17T07:03:23.478+0000] {logging_mixin.py:188} INFO - Uploading /opt/***/data/minio/TSLA/1771228194.json to Snowflake stage...
[2026-02-17T07:03:53.628+0000] {job.py:226} ERROR - Job heartbeat failed with error. Scheduler is in unhealthy state
[2026-02-17T07:04:01.815+0000] {connectionpool.py:824} WARNING - Retrying (Retry(total=0, connect=None, read=None, redirect=None, status=None)) after connection broken by 'ProtocolError('Connection aborted.', RemoteDisconnected('Remote end closed connection without response'))': /ev2g1000-s/tables/83986386969/1771228194.json.gz
[2026-02-17T07:04:02.847+0000] {logging_mixin.py:188} INFO - Uploading /opt/***/data/minio/TSLA/1771228204.json to Snowflake stage...
[2026-02-17T07:04:03.351+0000] {logging_mixin.py:188} INFO - Uploading /opt/***/data/minio/TSLA/1771228215.json to Snowflake stage...
[2026-02-17T07:04:03.942+0000] {logging_mixin.py:188} INFO - Uploading /opt/***/data/minio/TSLA/1771228225.json to Snowflake stage...
[2026-02-17T07:04:04.636+0000] {logging_mixin.py:188} INFO - Uploading /opt/***/data/minio/TSLA/1771228236.json to Snowflake stage...
[2026-02-17T07:04:05.078+0000] {local_task_job_runner.py:124} ERROR - Received SIGTERM. Terminating subprocesses
[2026-02-17T07:04:05.823+0000] {logging_mixin.py:188} INFO - Uploading /opt/***/data/minio/TSLA/1771228247.json to Snowflake stage...
[2026-02-17T07:04:06.400+0000] {process_utils.py:132} INFO - Sending 15 to group 34771. PIDs of all processes in the group: [34771]
[2026-02-17T07:04:06.676+0000] {process_utils.py:87} INFO - Sending the signal 15 to group 34771
[2026-02-17T07:04:07.187+0000] {taskinstance.py:2611} ERROR - Received SIGTERM. Terminating subprocesses.
[2026-02-17T07:04:09.156+0000] {connection.py:773} INFO - closed
[2026-02-17T07:04:09.758+0000] {connection.py:779} INFO - No async queries seem to be running, deleting session
[2026-02-17T07:04:11.252+0000] {taskinstance.py:441} INFO - ::group::Post task execution logs
