[2026-02-17T12:30:07.892+0000] {local_task_job_runner.py:120} INFO - ::group::Pre task execution logs
[2026-02-17T12:30:08.095+0000] {taskinstance.py:2076} INFO - Dependencies all met for dep_context=non-requeueable deps ti=<TaskInstance: minio_to_snowflake.download_minio scheduled__2026-02-17T12:25:00+00:00 [queued]>
[2026-02-17T12:30:08.117+0000] {taskinstance.py:2076} INFO - Dependencies all met for dep_context=requeueable deps ti=<TaskInstance: minio_to_snowflake.download_minio scheduled__2026-02-17T12:25:00+00:00 [queued]>
[2026-02-17T12:30:08.120+0000] {taskinstance.py:2306} INFO - Starting attempt 1 of 2
[2026-02-17T12:30:08.157+0000] {taskinstance.py:2330} INFO - Executing <Task(PythonOperator): download_minio> on 2026-02-17 12:25:00+00:00
[2026-02-17T12:30:08.194+0000] {logging_mixin.py:188} WARNING - /home/***/.local/lib/python3.12/site-packages/***/task/task_runner/standard_task_runner.py:62 DeprecationWarning: This process (pid=96561) is multi-threaded, use of fork() may lead to deadlocks in the child.
[2026-02-17T12:30:08.198+0000] {standard_task_runner.py:90} INFO - Running: ['***', 'tasks', 'run', 'minio_to_snowflake', 'download_minio', 'scheduled__2026-02-17T12:25:00+00:00', '--job-id', '1563', '--raw', '--subdir', 'DAGS_FOLDER/minio_to_snowflake.py', '--cfg-path', '/tmp/tmplzhl9zd7']
[2026-02-17T12:30:08.219+0000] {standard_task_runner.py:64} INFO - Started process 96651 to run task
[2026-02-17T12:30:08.225+0000] {standard_task_runner.py:91} INFO - Job 1563: Subtask download_minio
[2026-02-17T12:30:09.094+0000] {task_command.py:426} INFO - Running <TaskInstance: minio_to_snowflake.download_minio scheduled__2026-02-17T12:25:00+00:00 [running]> on host bc06947cd9a6
[2026-02-17T12:30:09.788+0000] {taskinstance.py:2648} INFO - Exporting env vars: AIRFLOW_CTX_DAG_OWNER='***' AIRFLOW_CTX_DAG_ID='minio_to_snowflake' AIRFLOW_CTX_TASK_ID='download_minio' AIRFLOW_CTX_EXECUTION_DATE='2026-02-17T12:25:00+00:00' AIRFLOW_CTX_TRY_NUMBER='1' AIRFLOW_CTX_DAG_RUN_ID='scheduled__2026-02-17T12:25:00+00:00'
[2026-02-17T12:30:09.792+0000] {taskinstance.py:430} INFO - ::endgroup::
[2026-02-17T12:30:14.460+0000] {logging_mixin.py:188} INFO - Downloaded AAPL/1771324930.json
[2026-02-17T12:30:14.494+0000] {logging_mixin.py:188} INFO - Downloaded AAPL/1771324943.json
[2026-02-17T12:30:14.530+0000] {logging_mixin.py:188} INFO - Downloaded AAPL/1771324953.json
[2026-02-17T12:30:14.555+0000] {logging_mixin.py:188} INFO - Downloaded AAPL/1771324964.json
[2026-02-17T12:30:14.580+0000] {logging_mixin.py:188} INFO - Downloaded AAPL/1771324974.json
[2026-02-17T12:30:14.623+0000] {logging_mixin.py:188} INFO - Downloaded AAPL/1771324985.json
[2026-02-17T12:30:14.669+0000] {logging_mixin.py:188} INFO - Downloaded AAPL/1771324996.json
[2026-02-17T12:30:14.697+0000] {logging_mixin.py:188} INFO - Downloaded AAPL/1771325007.json
[2026-02-17T12:30:14.742+0000] {logging_mixin.py:188} INFO - Downloaded AAPL/1771325017.json
[2026-02-17T12:30:14.779+0000] {logging_mixin.py:188} INFO - Downloaded AAPL/1771325028.json
[2026-02-17T12:30:14.807+0000] {logging_mixin.py:188} INFO - Downloaded AAPL/1771325039.json
[2026-02-17T12:30:14.837+0000] {logging_mixin.py:188} INFO - Downloaded AAPL/1771325049.json
[2026-02-17T12:30:14.873+0000] {logging_mixin.py:188} INFO - Downloaded AAPL/1771325059.json
[2026-02-17T12:30:14.901+0000] {logging_mixin.py:188} INFO - Downloaded AAPL/1771325069.json
[2026-02-17T12:30:14.926+0000] {logging_mixin.py:188} INFO - Downloaded AAPL/1771325080.json
[2026-02-17T12:30:14.949+0000] {logging_mixin.py:188} INFO - Downloaded AAPL/1771325090.json
[2026-02-17T12:30:14.978+0000] {logging_mixin.py:188} INFO - Downloaded AAPL/1771325101.json
[2026-02-17T12:30:15.002+0000] {logging_mixin.py:188} INFO - Downloaded AAPL/1771325112.json
[2026-02-17T12:30:15.033+0000] {logging_mixin.py:188} INFO - Downloaded AAPL/1771325122.json
[2026-02-17T12:30:15.054+0000] {logging_mixin.py:188} INFO - Downloaded AAPL/1771325132.json
[2026-02-17T12:30:15.081+0000] {logging_mixin.py:188} INFO - Downloaded AAPL/1771325143.json
[2026-02-17T12:30:15.102+0000] {logging_mixin.py:188} INFO - Downloaded AAPL/1771325153.json
[2026-02-17T12:30:15.128+0000] {logging_mixin.py:188} INFO - Downloaded AAPL/1771325163.json
[2026-02-17T12:30:15.152+0000] {logging_mixin.py:188} INFO - Downloaded AAPL/1771325174.json
[2026-02-17T12:30:15.184+0000] {logging_mixin.py:188} INFO - Downloaded AAPL/1771325184.json
[2026-02-17T12:30:15.240+0000] {logging_mixin.py:188} INFO - Downloaded AAPL/1771325195.json
[2026-02-17T12:30:15.268+0000] {logging_mixin.py:188} INFO - Downloaded AAPL/1771325205.json
[2026-02-17T12:30:15.301+0000] {logging_mixin.py:188} INFO - Downloaded AAPL/1771325215.json
[2026-02-17T12:30:15.327+0000] {logging_mixin.py:188} INFO - Downloaded AAPL/1771325226.json
[2026-02-17T12:30:15.353+0000] {logging_mixin.py:188} INFO - Downloaded AAPL/1771325236.json
[2026-02-17T12:30:15.378+0000] {logging_mixin.py:188} INFO - Downloaded AAPL/1771325247.json
[2026-02-17T12:30:15.421+0000] {logging_mixin.py:188} INFO - Downloaded AAPL/1771325257.json
[2026-02-17T12:30:15.458+0000] {logging_mixin.py:188} INFO - Downloaded AAPL/1771325269.json
[2026-02-17T12:30:15.493+0000] {logging_mixin.py:188} INFO - Downloaded AAPL/1771325279.json
[2026-02-17T12:30:15.520+0000] {logging_mixin.py:188} INFO - Downloaded AAPL/1771325289.json
[2026-02-17T12:30:15.552+0000] {logging_mixin.py:188} INFO - Downloaded AAPL/1771325300.json
[2026-02-17T12:30:15.603+0000] {logging_mixin.py:188} INFO - Downloaded AAPL/1771325334.json
[2026-02-17T12:30:15.644+0000] {logging_mixin.py:188} INFO - Downloaded AAPL/1771325344.json
[2026-02-17T12:30:15.682+0000] {logging_mixin.py:188} INFO - Downloaded AAPL/1771325354.json
[2026-02-17T12:30:15.709+0000] {logging_mixin.py:188} INFO - Downloaded AAPL/1771325365.json
[2026-02-17T12:30:15.733+0000] {logging_mixin.py:188} INFO - Downloaded AAPL/1771325375.json
[2026-02-17T12:30:15.771+0000] {logging_mixin.py:188} INFO - Downloaded AAPL/1771325385.json
[2026-02-17T12:30:15.829+0000] {logging_mixin.py:188} INFO - Downloaded AAPL/1771325396.json
[2026-02-17T12:30:15.858+0000] {logging_mixin.py:188} INFO - Downloaded AAPL/1771325408.json
[2026-02-17T12:30:15.885+0000] {logging_mixin.py:188} INFO - Downloaded AAPL/1771325419.json
[2026-02-17T12:30:15.914+0000] {logging_mixin.py:188} INFO - Downloaded AAPL/1771325431.json
[2026-02-17T12:30:15.946+0000] {logging_mixin.py:188} INFO - Downloaded AAPL/1771325442.json
[2026-02-17T12:30:15.969+0000] {logging_mixin.py:188} INFO - Downloaded AAPL/1771325454.json
[2026-02-17T12:30:15.997+0000] {logging_mixin.py:188} INFO - Downloaded AAPL/1771325464.json
[2026-02-17T12:30:16.026+0000] {logging_mixin.py:188} INFO - Downloaded AAPL/1771325474.json
[2026-02-17T12:30:16.052+0000] {logging_mixin.py:188} INFO - Downloaded AAPL/1771325485.json
[2026-02-17T12:30:16.082+0000] {logging_mixin.py:188} INFO - Downloaded AAPL/1771325496.json
[2026-02-17T12:30:16.107+0000] {logging_mixin.py:188} INFO - Downloaded AAPL/1771325507.json
[2026-02-17T12:30:16.132+0000] {logging_mixin.py:188} INFO - Downloaded AAPL/1771325517.json
[2026-02-17T12:30:16.155+0000] {logging_mixin.py:188} INFO - Downloaded AAPL/1771325528.json
[2026-02-17T12:30:16.179+0000] {logging_mixin.py:188} INFO - Downloaded AAPL/1771325539.json
[2026-02-17T12:30:16.201+0000] {logging_mixin.py:188} INFO - Downloaded AAPL/1771325549.json
[2026-02-17T12:30:16.231+0000] {logging_mixin.py:188} INFO - Downloaded AAPL/1771325559.json
[2026-02-17T12:30:16.260+0000] {logging_mixin.py:188} INFO - Downloaded AAPL/1771325569.json
[2026-02-17T12:30:16.294+0000] {logging_mixin.py:188} INFO - Downloaded AAPL/1771325580.json
[2026-02-17T12:30:16.318+0000] {logging_mixin.py:188} INFO - Downloaded AAPL/1771325590.json
[2026-02-17T12:30:16.346+0000] {logging_mixin.py:188} INFO - Downloaded AAPL/1771325600.json
[2026-02-17T12:30:16.391+0000] {logging_mixin.py:188} INFO - Downloaded AAPL/1771325612.json
[2026-02-17T12:30:16.417+0000] {logging_mixin.py:188} INFO - Downloaded AAPL/1771325623.json
[2026-02-17T12:30:16.440+0000] {logging_mixin.py:188} INFO - Downloaded AAPL/1771325633.json
[2026-02-17T12:30:16.464+0000] {logging_mixin.py:188} INFO - Downloaded AAPL/1771325644.json
[2026-02-17T12:30:16.508+0000] {logging_mixin.py:188} INFO - Downloaded AAPL/1771325655.json
[2026-02-17T12:30:16.556+0000] {logging_mixin.py:188} INFO - Downloaded AAPL/1771325666.json
[2026-02-17T12:30:16.580+0000] {logging_mixin.py:188} INFO - Downloaded AAPL/1771325676.json
[2026-02-17T12:30:16.621+0000] {logging_mixin.py:188} INFO - Downloaded AAPL/1771325686.json
[2026-02-17T12:30:16.659+0000] {logging_mixin.py:188} INFO - Downloaded AAPL/1771325697.json
[2026-02-17T12:30:16.688+0000] {logging_mixin.py:188} INFO - Downloaded AAPL/1771325708.json
[2026-02-17T12:30:16.722+0000] {logging_mixin.py:188} INFO - Downloaded AAPL/1771325718.json
[2026-02-17T12:30:16.756+0000] {logging_mixin.py:188} INFO - Downloaded AAPL/1771325729.json
[2026-02-17T12:30:16.804+0000] {logging_mixin.py:188} INFO - Downloaded AAPL/1771325739.json
[2026-02-17T12:30:16.843+0000] {logging_mixin.py:188} INFO - Downloaded AAPL/1771325750.json
[2026-02-17T12:30:16.876+0000] {logging_mixin.py:188} INFO - Downloaded AAPL/1771325761.json
[2026-02-17T12:30:16.918+0000] {logging_mixin.py:188} INFO - Downloaded AAPL/1771325776.json
[2026-02-17T12:30:16.957+0000] {logging_mixin.py:188} INFO - Downloaded AAPL/1771325787.json
[2026-02-17T12:30:16.988+0000] {logging_mixin.py:188} INFO - Downloaded AAPL/1771325800.json
[2026-02-17T12:30:17.022+0000] {logging_mixin.py:188} INFO - Downloaded AAPL/1771325810.json
[2026-02-17T12:30:17.056+0000] {logging_mixin.py:188} INFO - Downloaded AAPL/1771325820.json
[2026-02-17T12:30:17.084+0000] {logging_mixin.py:188} INFO - Downloaded AAPL/1771325831.json
[2026-02-17T12:30:17.114+0000] {logging_mixin.py:188} INFO - Downloaded AAPL/1771325841.json
[2026-02-17T12:30:17.147+0000] {logging_mixin.py:188} INFO - Downloaded AAPL/1771325851.json
[2026-02-17T12:30:17.176+0000] {logging_mixin.py:188} INFO - Downloaded AAPL/1771325863.json
[2026-02-17T12:30:17.207+0000] {logging_mixin.py:188} INFO - Downloaded AAPL/1771325874.json
[2026-02-17T12:30:17.232+0000] {logging_mixin.py:188} INFO - Downloaded AAPL/1771325885.json
[2026-02-17T12:30:17.260+0000] {logging_mixin.py:188} INFO - Downloaded AAPL/1771325898.json
[2026-02-17T12:30:17.288+0000] {logging_mixin.py:188} INFO - Downloaded AAPL/1771325910.json
[2026-02-17T12:30:17.312+0000] {logging_mixin.py:188} INFO - Downloaded AAPL/1771325921.json
[2026-02-17T12:30:17.337+0000] {logging_mixin.py:188} INFO - Downloaded AAPL/1771325932.json
[2026-02-17T12:30:17.359+0000] {logging_mixin.py:188} INFO - Downloaded AAPL/1771325944.json
[2026-02-17T12:30:17.384+0000] {logging_mixin.py:188} INFO - Downloaded AAPL/1771325955.json
[2026-02-17T12:30:17.404+0000] {logging_mixin.py:188} INFO - Downloaded AAPL/1771325969.json
[2026-02-17T12:30:17.428+0000] {logging_mixin.py:188} INFO - Downloaded AAPL/1771325980.json
[2026-02-17T12:30:17.461+0000] {logging_mixin.py:188} INFO - Downloaded AAPL/1771325991.json
[2026-02-17T12:30:17.484+0000] {logging_mixin.py:188} INFO - Downloaded AAPL/1771326002.json
[2026-02-17T12:30:17.506+0000] {logging_mixin.py:188} INFO - Downloaded AAPL/1771326012.json
[2026-02-17T12:30:17.531+0000] {logging_mixin.py:188} INFO - Downloaded AAPL/1771326023.json
[2026-02-17T12:30:17.553+0000] {logging_mixin.py:188} INFO - Downloaded AAPL/1771326034.json
[2026-02-17T12:30:17.576+0000] {logging_mixin.py:188} INFO - Downloaded AAPL/1771326044.json
[2026-02-17T12:30:17.602+0000] {logging_mixin.py:188} INFO - Downloaded AAPL/1771326054.json
[2026-02-17T12:30:17.632+0000] {logging_mixin.py:188} INFO - Downloaded AAPL/1771326064.json
[2026-02-17T12:30:17.670+0000] {logging_mixin.py:188} INFO - Downloaded AAPL/1771326074.json
[2026-02-17T12:30:17.705+0000] {logging_mixin.py:188} INFO - Downloaded AAPL/1771326084.json
[2026-02-17T12:30:17.741+0000] {logging_mixin.py:188} INFO - Downloaded AAPL/1771326095.json
[2026-02-17T12:30:17.787+0000] {logging_mixin.py:188} INFO - Downloaded AAPL/1771326108.json
[2026-02-17T12:30:17.832+0000] {logging_mixin.py:188} INFO - Downloaded AAPL/1771326121.json
[2026-02-17T12:30:17.881+0000] {logging_mixin.py:188} INFO - Downloaded AAPL/1771326135.json
[2026-02-17T12:30:17.917+0000] {logging_mixin.py:188} INFO - Downloaded AAPL/1771326145.json
[2026-02-17T12:30:17.954+0000] {logging_mixin.py:188} INFO - Downloaded AAPL/1771326157.json
[2026-02-17T12:30:18.163+0000] {logging_mixin.py:188} INFO - Downloaded AAPL/1771326168.json
[2026-02-17T12:30:18.383+0000] {logging_mixin.py:188} INFO - Downloaded AAPL/1771326180.json
[2026-02-17T12:30:18.452+0000] {logging_mixin.py:188} INFO - Downloaded AAPL/1771326190.json
[2026-02-17T12:30:18.505+0000] {logging_mixin.py:188} INFO - Downloaded AAPL/1771326201.json
[2026-02-17T12:30:18.568+0000] {logging_mixin.py:188} INFO - Downloaded AAPL/1771326211.json
[2026-02-17T12:30:18.640+0000] {logging_mixin.py:188} INFO - Downloaded AAPL/1771326221.json
[2026-02-17T12:30:18.671+0000] {logging_mixin.py:188} INFO - Downloaded AAPL/1771326231.json
[2026-02-17T12:30:18.699+0000] {logging_mixin.py:188} INFO - Downloaded AAPL/1771326241.json
[2026-02-17T12:30:18.721+0000] {logging_mixin.py:188} INFO - Downloaded AAPL/1771326252.json
[2026-02-17T12:30:18.741+0000] {logging_mixin.py:188} INFO - Downloaded AAPL/1771326262.json
[2026-02-17T12:30:18.761+0000] {logging_mixin.py:188} INFO - Downloaded AAPL/1771326272.json
[2026-02-17T12:30:18.783+0000] {logging_mixin.py:188} INFO - Downloaded AAPL/1771326282.json
[2026-02-17T12:30:18.808+0000] {logging_mixin.py:188} INFO - Downloaded AAPL/1771326293.json
[2026-02-17T12:30:18.835+0000] {logging_mixin.py:188} INFO - Downloaded AAPL/1771326309.json
[2026-02-17T12:30:18.864+0000] {logging_mixin.py:188} INFO - Downloaded AAPL/1771326320.json
[2026-02-17T12:30:18.892+0000] {logging_mixin.py:188} INFO - Downloaded AAPL/1771326331.json
[2026-02-17T12:30:18.918+0000] {logging_mixin.py:188} INFO - Downloaded AAPL/1771326347.json
[2026-02-17T12:30:18.943+0000] {logging_mixin.py:188} INFO - Downloaded AAPL/1771326358.json
[2026-02-17T12:30:18.982+0000] {logging_mixin.py:188} INFO - Downloaded AAPL/1771326370.json
[2026-02-17T12:30:19.010+0000] {logging_mixin.py:188} INFO - Downloaded AAPL/1771326381.json
[2026-02-17T12:30:19.039+0000] {logging_mixin.py:188} INFO - Downloaded AAPL/1771326391.json
[2026-02-17T12:30:19.073+0000] {logging_mixin.py:188} INFO - Downloaded AAPL/1771326402.json
[2026-02-17T12:30:19.118+0000] {logging_mixin.py:188} INFO - Downloaded AAPL/1771326412.json
[2026-02-17T12:30:19.156+0000] {logging_mixin.py:188} INFO - Downloaded AAPL/1771326422.json
[2026-02-17T12:30:19.194+0000] {logging_mixin.py:188} INFO - Downloaded AAPL/1771326433.json
[2026-02-17T12:30:19.236+0000] {logging_mixin.py:188} INFO - Downloaded AAPL/1771326443.json
[2026-02-17T12:30:19.279+0000] {logging_mixin.py:188} INFO - Downloaded AAPL/1771326452.json
[2026-02-17T12:30:19.318+0000] {logging_mixin.py:188} INFO - Downloaded AAPL/1771326463.json
[2026-02-17T12:30:19.356+0000] {logging_mixin.py:188} INFO - Downloaded AAPL/1771326473.json
[2026-02-17T12:30:19.402+0000] {logging_mixin.py:188} INFO - Downloaded AAPL/1771326483.json
[2026-02-17T12:30:19.486+0000] {logging_mixin.py:188} INFO - Downloaded AAPL/1771326493.json
[2026-02-17T12:30:19.549+0000] {logging_mixin.py:188} INFO - Downloaded AAPL/1771326504.json
[2026-02-17T12:30:19.597+0000] {logging_mixin.py:188} INFO - Downloaded AAPL/1771326514.json
[2026-02-17T12:30:19.641+0000] {logging_mixin.py:188} INFO - Downloaded AAPL/1771326525.json
[2026-02-17T12:30:19.694+0000] {logging_mixin.py:188} INFO - Downloaded AAPL/1771326535.json
[2026-02-17T12:30:19.737+0000] {logging_mixin.py:188} INFO - Downloaded AAPL/1771326545.json
[2026-02-17T12:30:19.767+0000] {logging_mixin.py:188} INFO - Downloaded AAPL/1771326555.json
[2026-02-17T12:30:19.798+0000] {logging_mixin.py:188} INFO - Downloaded AAPL/1771326566.json
[2026-02-17T12:30:19.832+0000] {logging_mixin.py:188} INFO - Downloaded AAPL/1771326576.json
[2026-02-17T12:30:19.870+0000] {logging_mixin.py:188} INFO - Downloaded AAPL/1771326585.json
[2026-02-17T12:30:19.898+0000] {logging_mixin.py:188} INFO - Downloaded AAPL/1771326595.json
[2026-02-17T12:30:19.925+0000] {logging_mixin.py:188} INFO - Downloaded AAPL/1771326605.json
[2026-02-17T12:30:19.954+0000] {logging_mixin.py:188} INFO - Downloaded AAPL/1771326615.json
[2026-02-17T12:30:19.978+0000] {logging_mixin.py:188} INFO - Downloaded AAPL/1771326626.json
[2026-02-17T12:30:20.019+0000] {logging_mixin.py:188} INFO - Downloaded AAPL/1771326636.json
[2026-02-17T12:30:20.050+0000] {logging_mixin.py:188} INFO - Downloaded AAPL/1771326646.json
[2026-02-17T12:30:20.077+0000] {logging_mixin.py:188} INFO - Downloaded AAPL/1771326656.json
[2026-02-17T12:30:20.103+0000] {logging_mixin.py:188} INFO - Downloaded AAPL/1771326666.json
[2026-02-17T12:30:20.126+0000] {logging_mixin.py:188} INFO - Downloaded AAPL/1771326677.json
[2026-02-17T12:30:20.151+0000] {logging_mixin.py:188} INFO - Downloaded AAPL/1771326687.json
[2026-02-17T12:30:20.176+0000] {logging_mixin.py:188} INFO - Downloaded AAPL/1771326697.json
[2026-02-17T12:30:20.202+0000] {logging_mixin.py:188} INFO - Downloaded AAPL/1771326708.json
[2026-02-17T12:30:20.230+0000] {logging_mixin.py:188} INFO - Downloaded AAPL/1771326718.json
[2026-02-17T12:30:20.262+0000] {logging_mixin.py:188} INFO - Downloaded AAPL/1771326728.json
[2026-02-17T12:30:20.308+0000] {logging_mixin.py:188} INFO - Downloaded AAPL/1771326738.json
[2026-02-17T12:30:20.343+0000] {logging_mixin.py:188} INFO - Downloaded AAPL/1771326748.json
[2026-02-17T12:30:20.372+0000] {logging_mixin.py:188} INFO - Downloaded AAPL/1771326759.json
[2026-02-17T12:30:20.414+0000] {logging_mixin.py:188} INFO - Downloaded AAPL/1771326769.json
[2026-02-17T12:30:20.446+0000] {logging_mixin.py:188} INFO - Downloaded AAPL/1771326779.json
[2026-02-17T12:30:20.483+0000] {logging_mixin.py:188} INFO - Downloaded AAPL/1771326789.json
[2026-02-17T12:30:20.509+0000] {logging_mixin.py:188} INFO - Downloaded AAPL/1771326799.json
[2026-02-17T12:30:20.531+0000] {logging_mixin.py:188} INFO - Downloaded AAPL/1771326810.json
[2026-02-17T12:30:20.556+0000] {logging_mixin.py:188} INFO - Downloaded AAPL/1771326820.json
[2026-02-17T12:30:20.587+0000] {logging_mixin.py:188} INFO - Downloaded AAPL/1771326830.json
[2026-02-17T12:30:20.612+0000] {logging_mixin.py:188} INFO - Downloaded AAPL/1771326840.json
[2026-02-17T12:30:20.635+0000] {logging_mixin.py:188} INFO - Downloaded AAPL/1771326850.json
[2026-02-17T12:30:20.662+0000] {logging_mixin.py:188} INFO - Downloaded AAPL/1771326860.json
[2026-02-17T12:30:20.692+0000] {logging_mixin.py:188} INFO - Downloaded AAPL/1771326870.json
[2026-02-17T12:30:20.728+0000] {logging_mixin.py:188} INFO - Downloaded AAPL/1771326881.json
[2026-02-17T12:30:20.761+0000] {logging_mixin.py:188} INFO - Downloaded AAPL/1771326891.json
[2026-02-17T12:30:20.788+0000] {logging_mixin.py:188} INFO - Downloaded AAPL/1771326902.json
[2026-02-17T12:30:20.817+0000] {logging_mixin.py:188} INFO - Downloaded AAPL/1771326912.json
[2026-02-17T12:30:20.851+0000] {logging_mixin.py:188} INFO - Downloaded AAPL/1771326923.json
[2026-02-17T12:30:20.881+0000] {logging_mixin.py:188} INFO - Downloaded AAPL/1771326934.json
[2026-02-17T12:30:20.913+0000] {logging_mixin.py:188} INFO - Downloaded AAPL/1771326944.json
[2026-02-17T12:30:20.945+0000] {logging_mixin.py:188} INFO - Downloaded AAPL/1771326955.json
[2026-02-17T12:30:20.975+0000] {logging_mixin.py:188} INFO - Downloaded AAPL/1771326966.json
[2026-02-17T12:30:21.004+0000] {logging_mixin.py:188} INFO - Downloaded AAPL/1771326976.json
[2026-02-17T12:30:21.034+0000] {logging_mixin.py:188} INFO - Downloaded AAPL/1771326986.json
[2026-02-17T12:30:21.072+0000] {logging_mixin.py:188} INFO - Downloaded AAPL/1771326997.json
[2026-02-17T12:30:21.104+0000] {logging_mixin.py:188} INFO - Downloaded AAPL/1771327008.json
[2026-02-17T12:30:21.130+0000] {logging_mixin.py:188} INFO - Downloaded AAPL/1771327018.json
[2026-02-17T12:30:21.157+0000] {logging_mixin.py:188} INFO - Downloaded AAPL/1771327029.json
[2026-02-17T12:30:21.188+0000] {logging_mixin.py:188} INFO - Downloaded AAPL/1771327039.json
[2026-02-17T12:30:21.226+0000] {logging_mixin.py:188} INFO - Downloaded AAPL/1771327049.json
[2026-02-17T12:30:21.259+0000] {logging_mixin.py:188} INFO - Downloaded AAPL/1771327059.json
[2026-02-17T12:30:21.289+0000] {logging_mixin.py:188} INFO - Downloaded AAPL/1771327080.json
[2026-02-17T12:30:21.315+0000] {logging_mixin.py:188} INFO - Downloaded AAPL/1771327098.json
[2026-02-17T12:30:21.344+0000] {logging_mixin.py:188} INFO - Downloaded AAPL/1771327113.json
[2026-02-17T12:30:21.369+0000] {logging_mixin.py:188} INFO - Downloaded AAPL/1771327127.json
[2026-02-17T12:30:21.399+0000] {logging_mixin.py:188} INFO - Downloaded AAPL/1771327138.json
[2026-02-17T12:30:21.425+0000] {logging_mixin.py:188} INFO - Downloaded AAPL/1771327148.json
[2026-02-17T12:30:21.450+0000] {logging_mixin.py:188} INFO - Downloaded AAPL/1771327158.json
[2026-02-17T12:30:21.480+0000] {logging_mixin.py:188} INFO - Downloaded AAPL/1771327168.json
[2026-02-17T12:30:21.541+0000] {logging_mixin.py:188} INFO - Downloaded AAPL/1771327178.json
[2026-02-17T12:30:21.578+0000] {logging_mixin.py:188} INFO - Downloaded AAPL/1771327189.json
[2026-02-17T12:30:21.605+0000] {logging_mixin.py:188} INFO - Downloaded AAPL/1771327198.json
[2026-02-17T12:30:21.635+0000] {logging_mixin.py:188} INFO - Downloaded AAPL/1771327209.json
[2026-02-17T12:30:21.672+0000] {logging_mixin.py:188} INFO - Downloaded AAPL/1771327220.json
[2026-02-17T12:30:21.706+0000] {logging_mixin.py:188} INFO - Downloaded AAPL/1771327230.json
[2026-02-17T12:30:21.737+0000] {logging_mixin.py:188} INFO - Downloaded AAPL/1771327241.json
[2026-02-17T12:30:21.764+0000] {logging_mixin.py:188} INFO - Downloaded AAPL/1771327252.json
[2026-02-17T12:30:21.791+0000] {logging_mixin.py:188} INFO - Downloaded AAPL/1771327262.json
[2026-02-17T12:30:21.834+0000] {logging_mixin.py:188} INFO - Downloaded AAPL/1771327272.json
[2026-02-17T12:30:21.862+0000] {logging_mixin.py:188} INFO - Downloaded AAPL/1771327282.json
[2026-02-17T12:30:21.886+0000] {logging_mixin.py:188} INFO - Downloaded AAPL/1771327292.json
[2026-02-17T12:30:21.921+0000] {logging_mixin.py:188} INFO - Downloaded AAPL/1771327303.json
[2026-02-17T12:30:21.953+0000] {logging_mixin.py:188} INFO - Downloaded AAPL/1771327313.json
[2026-02-17T12:30:21.980+0000] {logging_mixin.py:188} INFO - Downloaded AAPL/1771327324.json
[2026-02-17T12:30:22.010+0000] {logging_mixin.py:188} INFO - Downloaded AAPL/1771327334.json
[2026-02-17T12:30:22.058+0000] {logging_mixin.py:188} INFO - Downloaded AAPL/1771327344.json
[2026-02-17T12:30:22.131+0000] {logging_mixin.py:188} INFO - Downloaded AAPL/1771327354.json
[2026-02-17T12:30:22.224+0000] {logging_mixin.py:188} INFO - Downloaded AAPL/1771327364.json
[2026-02-17T12:30:22.296+0000] {logging_mixin.py:188} INFO - Downloaded AAPL/1771327374.json
[2026-02-17T12:30:22.343+0000] {logging_mixin.py:188} INFO - Downloaded AAPL/1771327384.json
[2026-02-17T12:30:22.440+0000] {logging_mixin.py:188} INFO - Downloaded AAPL/1771327395.json
[2026-02-17T12:30:22.504+0000] {logging_mixin.py:188} INFO - Downloaded AAPL/1771327406.json
[2026-02-17T12:30:22.561+0000] {logging_mixin.py:188} INFO - Downloaded AAPL/1771327417.json
[2026-02-17T12:30:22.606+0000] {logging_mixin.py:188} INFO - Downloaded AAPL/1771327427.json
[2026-02-17T12:30:22.661+0000] {logging_mixin.py:188} INFO - Downloaded AAPL/1771327437.json
[2026-02-17T12:30:22.717+0000] {logging_mixin.py:188} INFO - Downloaded AAPL/1771327447.json
[2026-02-17T12:30:22.756+0000] {logging_mixin.py:188} INFO - Downloaded AAPL/1771327457.json
[2026-02-17T12:30:22.799+0000] {logging_mixin.py:188} INFO - Downloaded AAPL/1771327468.json
[2026-02-17T12:30:22.852+0000] {logging_mixin.py:188} INFO - Downloaded AAPL/1771327479.json
[2026-02-17T12:30:22.925+0000] {logging_mixin.py:188} INFO - Downloaded AAPL/1771327489.json
[2026-02-17T12:30:22.990+0000] {logging_mixin.py:188} INFO - Downloaded AAPL/1771327499.json
[2026-02-17T12:30:23.047+0000] {logging_mixin.py:188} INFO - Downloaded AAPL/1771327511.json
[2026-02-17T12:30:23.190+0000] {logging_mixin.py:188} INFO - Downloaded AAPL/1771327521.json
[2026-02-17T12:30:23.227+0000] {logging_mixin.py:188} INFO - Downloaded AAPL/1771327531.json
[2026-02-17T12:30:23.271+0000] {logging_mixin.py:188} INFO - Downloaded AAPL/1771327542.json
[2026-02-17T12:30:23.322+0000] {logging_mixin.py:188} INFO - Downloaded AAPL/1771327552.json
[2026-02-17T12:30:23.405+0000] {logging_mixin.py:188} INFO - Downloaded AAPL/1771327562.json
[2026-02-17T12:30:23.460+0000] {logging_mixin.py:188} INFO - Downloaded AAPL/1771327573.json
[2026-02-17T12:30:23.512+0000] {logging_mixin.py:188} INFO - Downloaded AAPL/1771327585.json
[2026-02-17T12:30:23.583+0000] {logging_mixin.py:188} INFO - Downloaded AAPL/1771327597.json
[2026-02-17T12:30:23.633+0000] {logging_mixin.py:188} INFO - Downloaded AAPL/1771327607.json
[2026-02-17T12:30:23.673+0000] {logging_mixin.py:188} INFO - Downloaded AAPL/1771327617.json
[2026-02-17T12:30:23.715+0000] {logging_mixin.py:188} INFO - Downloaded AAPL/1771327627.json
[2026-02-17T12:30:23.748+0000] {logging_mixin.py:188} INFO - Downloaded AAPL/1771327638.json
[2026-02-17T12:30:23.786+0000] {logging_mixin.py:188} INFO - Downloaded AAPL/1771327648.json
[2026-02-17T12:30:23.815+0000] {logging_mixin.py:188} INFO - Downloaded AAPL/1771327658.json
[2026-02-17T12:30:23.844+0000] {logging_mixin.py:188} INFO - Downloaded AAPL/1771327668.json
[2026-02-17T12:30:23.870+0000] {logging_mixin.py:188} INFO - Downloaded AAPL/1771327679.json
[2026-02-17T12:30:23.894+0000] {logging_mixin.py:188} INFO - Downloaded AAPL/1771327689.json
[2026-02-17T12:30:23.919+0000] {logging_mixin.py:188} INFO - Downloaded AAPL/1771327699.json
[2026-02-17T12:30:23.947+0000] {logging_mixin.py:188} INFO - Downloaded AAPL/1771327710.json
[2026-02-17T12:30:23.968+0000] {logging_mixin.py:188} INFO - Downloaded AAPL/1771327720.json
[2026-02-17T12:30:24.001+0000] {logging_mixin.py:188} INFO - Downloaded AAPL/1771327730.json
[2026-02-17T12:30:24.032+0000] {logging_mixin.py:188} INFO - Downloaded AAPL/1771327740.json
[2026-02-17T12:30:24.058+0000] {logging_mixin.py:188} INFO - Downloaded AAPL/1771327750.json
[2026-02-17T12:30:24.089+0000] {logging_mixin.py:188} INFO - Downloaded AAPL/1771327761.json
[2026-02-17T12:30:24.124+0000] {logging_mixin.py:188} INFO - Downloaded AAPL/1771327771.json
[2026-02-17T12:30:24.147+0000] {logging_mixin.py:188} INFO - Downloaded AAPL/1771327782.json
[2026-02-17T12:30:24.170+0000] {logging_mixin.py:188} INFO - Downloaded AAPL/1771327792.json
[2026-02-17T12:30:24.196+0000] {logging_mixin.py:188} INFO - Downloaded AAPL/1771327803.json
[2026-02-17T12:30:24.224+0000] {logging_mixin.py:188} INFO - Downloaded AAPL/1771327813.json
[2026-02-17T12:30:24.253+0000] {logging_mixin.py:188} INFO - Downloaded AAPL/1771327823.json
[2026-02-17T12:30:24.284+0000] {logging_mixin.py:188} INFO - Downloaded AAPL/1771327834.json
[2026-02-17T12:30:24.314+0000] {logging_mixin.py:188} INFO - Downloaded AAPL/1771327844.json
[2026-02-17T12:30:24.342+0000] {logging_mixin.py:188} INFO - Downloaded AAPL/1771327854.json
[2026-02-17T12:30:24.381+0000] {logging_mixin.py:188} INFO - Downloaded AAPL/1771327865.json
[2026-02-17T12:30:24.413+0000] {logging_mixin.py:188} INFO - Downloaded AAPL/1771327876.json
[2026-02-17T12:30:24.437+0000] {logging_mixin.py:188} INFO - Downloaded AAPL/1771327887.json
[2026-02-17T12:30:24.462+0000] {logging_mixin.py:188} INFO - Downloaded AAPL/1771327897.json
[2026-02-17T12:30:24.488+0000] {logging_mixin.py:188} INFO - Downloaded AAPL/1771327907.json
[2026-02-17T12:30:24.520+0000] {logging_mixin.py:188} INFO - Downloaded AAPL/1771327918.json
[2026-02-17T12:30:24.545+0000] {logging_mixin.py:188} INFO - Downloaded AAPL/1771327928.json
[2026-02-17T12:30:24.571+0000] {logging_mixin.py:188} INFO - Downloaded AAPL/1771327938.json
[2026-02-17T12:30:24.597+0000] {logging_mixin.py:188} INFO - Downloaded AAPL/1771327949.json
[2026-02-17T12:30:24.635+0000] {logging_mixin.py:188} INFO - Downloaded AAPL/1771327959.json
[2026-02-17T12:30:24.677+0000] {logging_mixin.py:188} INFO - Downloaded AAPL/1771327969.json
[2026-02-17T12:30:24.718+0000] {logging_mixin.py:188} INFO - Downloaded AAPL/1771327980.json
[2026-02-17T12:30:24.749+0000] {logging_mixin.py:188} INFO - Downloaded AAPL/1771327990.json
[2026-02-17T12:30:24.783+0000] {logging_mixin.py:188} INFO - Downloaded AAPL/1771328000.json
[2026-02-17T12:30:24.828+0000] {logging_mixin.py:188} INFO - Downloaded AAPL/1771328010.json
[2026-02-17T12:30:24.891+0000] {logging_mixin.py:188} INFO - Downloaded AAPL/1771328020.json
[2026-02-17T12:30:24.937+0000] {logging_mixin.py:188} INFO - Downloaded AAPL/1771328030.json
[2026-02-17T12:30:24.977+0000] {logging_mixin.py:188} INFO - Downloaded AAPL/1771328040.json
[2026-02-17T12:30:25.011+0000] {logging_mixin.py:188} INFO - Downloaded AAPL/1771328051.json
[2026-02-17T12:30:25.076+0000] {logging_mixin.py:188} INFO - Downloaded AAPL/1771328061.json
[2026-02-17T12:30:25.125+0000] {logging_mixin.py:188} INFO - Downloaded AAPL/1771328071.json
[2026-02-17T12:30:25.174+0000] {logging_mixin.py:188} INFO - Downloaded AAPL/1771328081.json
[2026-02-17T12:30:25.216+0000] {logging_mixin.py:188} INFO - Downloaded AAPL/1771328092.json
[2026-02-17T12:30:25.249+0000] {logging_mixin.py:188} INFO - Downloaded AAPL/1771328103.json
[2026-02-17T12:30:25.278+0000] {logging_mixin.py:188} INFO - Downloaded AAPL/1771328116.json
[2026-02-17T12:30:25.308+0000] {logging_mixin.py:188} INFO - Downloaded AAPL/1771328127.json
[2026-02-17T12:30:25.333+0000] {logging_mixin.py:188} INFO - Downloaded AAPL/1771328138.json
[2026-02-17T12:30:25.360+0000] {logging_mixin.py:188} INFO - Downloaded AAPL/1771328150.json
[2026-02-17T12:30:25.381+0000] {logging_mixin.py:188} INFO - Downloaded AAPL/1771328161.json
[2026-02-17T12:30:25.431+0000] {logging_mixin.py:188} INFO - Downloaded AAPL/1771328172.json
[2026-02-17T12:30:25.478+0000] {logging_mixin.py:188} INFO - Downloaded AAPL/1771328210.json
[2026-02-17T12:30:25.506+0000] {logging_mixin.py:188} INFO - Downloaded AAPL/1771328220.json
[2026-02-17T12:30:25.534+0000] {logging_mixin.py:188} INFO - Downloaded AAPL/1771328230.json
[2026-02-17T12:30:25.557+0000] {logging_mixin.py:188} INFO - Downloaded AAPL/1771328240.json
[2026-02-17T12:30:25.589+0000] {logging_mixin.py:188} INFO - Downloaded AAPL/1771328251.json
[2026-02-17T12:30:25.625+0000] {logging_mixin.py:188} INFO - Downloaded AAPL/1771328261.json
[2026-02-17T12:30:25.648+0000] {logging_mixin.py:188} INFO - Downloaded AAPL/1771328272.json
[2026-02-17T12:30:25.677+0000] {logging_mixin.py:188} INFO - Downloaded AAPL/1771328283.json
[2026-02-17T12:30:25.707+0000] {logging_mixin.py:188} INFO - Downloaded AAPL/1771328293.json
[2026-02-17T12:30:25.733+0000] {logging_mixin.py:188} INFO - Downloaded AAPL/1771328304.json
[2026-02-17T12:30:25.760+0000] {logging_mixin.py:188} INFO - Downloaded AAPL/1771328314.json
[2026-02-17T12:30:25.784+0000] {logging_mixin.py:188} INFO - Downloaded AAPL/1771328324.json
[2026-02-17T12:30:25.806+0000] {logging_mixin.py:188} INFO - Downloaded AAPL/1771328334.json
[2026-02-17T12:30:25.834+0000] {logging_mixin.py:188} INFO - Downloaded AAPL/1771328345.json
[2026-02-17T12:30:25.860+0000] {logging_mixin.py:188} INFO - Downloaded AAPL/1771328355.json
[2026-02-17T12:30:25.885+0000] {logging_mixin.py:188} INFO - Downloaded AAPL/1771328369.json
[2026-02-17T12:30:25.911+0000] {logging_mixin.py:188} INFO - Downloaded AAPL/1771328384.json
[2026-02-17T12:30:25.933+0000] {logging_mixin.py:188} INFO - Downloaded AAPL/1771328396.json
[2026-02-17T12:30:25.967+0000] {logging_mixin.py:188} INFO - Downloaded AAPL/1771328406.json
[2026-02-17T12:30:26.026+0000] {logging_mixin.py:188} INFO - Downloaded AAPL/1771328417.json
[2026-02-17T12:30:26.065+0000] {logging_mixin.py:188} INFO - Downloaded AAPL/1771328428.json
[2026-02-17T12:30:26.109+0000] {logging_mixin.py:188} INFO - Downloaded AAPL/1771328518.json
[2026-02-17T12:30:26.144+0000] {logging_mixin.py:188} INFO - Downloaded AAPL/1771328528.json
[2026-02-17T12:30:26.179+0000] {logging_mixin.py:188} INFO - Downloaded AAPL/1771328538.json
[2026-02-17T12:30:26.244+0000] {logging_mixin.py:188} INFO - Downloaded AAPL/1771328728.json
[2026-02-17T12:30:26.288+0000] {logging_mixin.py:188} INFO - Downloaded AAPL/1771328738.json
[2026-02-17T12:30:26.326+0000] {logging_mixin.py:188} INFO - Downloaded AAPL/1771328749.json
[2026-02-17T12:30:26.373+0000] {logging_mixin.py:188} INFO - Downloaded AAPL/1771328759.json
[2026-02-17T12:30:26.406+0000] {logging_mixin.py:188} INFO - Downloaded AAPL/1771328771.json
[2026-02-17T12:30:26.438+0000] {logging_mixin.py:188} INFO - Downloaded AAPL/1771328781.json
[2026-02-17T12:30:26.472+0000] {logging_mixin.py:188} INFO - Downloaded AAPL/1771328791.json
[2026-02-17T12:30:26.500+0000] {logging_mixin.py:188} INFO - Downloaded AAPL/1771328801.json
[2026-02-17T12:30:26.539+0000] {logging_mixin.py:188} INFO - Downloaded AAPL/1771328811.json
[2026-02-17T12:30:26.568+0000] {logging_mixin.py:188} INFO - Downloaded AAPL/1771328822.json
[2026-02-17T12:30:26.599+0000] {logging_mixin.py:188} INFO - Downloaded AAPL/1771328832.json
[2026-02-17T12:30:26.636+0000] {logging_mixin.py:188} INFO - Downloaded AAPL/1771328843.json
[2026-02-17T12:30:26.666+0000] {logging_mixin.py:188} INFO - Downloaded AAPL/1771328853.json
[2026-02-17T12:30:26.696+0000] {logging_mixin.py:188} INFO - Downloaded AAPL/1771328865.json
[2026-02-17T12:30:26.724+0000] {logging_mixin.py:188} INFO - Downloaded AAPL/1771328876.json
[2026-02-17T12:30:26.756+0000] {logging_mixin.py:188} INFO - Downloaded AAPL/1771328887.json
[2026-02-17T12:30:26.782+0000] {logging_mixin.py:188} INFO - Downloaded AAPL/1771328898.json
[2026-02-17T12:30:26.808+0000] {logging_mixin.py:188} INFO - Downloaded AAPL/1771328908.json
[2026-02-17T12:30:26.838+0000] {logging_mixin.py:188} INFO - Downloaded AAPL/1771328938.json
[2026-02-17T12:30:26.866+0000] {logging_mixin.py:188} INFO - Downloaded AAPL/1771328948.json
[2026-02-17T12:30:26.900+0000] {logging_mixin.py:188} INFO - Downloaded AAPL/1771328959.json
[2026-02-17T12:30:26.929+0000] {logging_mixin.py:188} INFO - Downloaded AAPL/1771328969.json
[2026-02-17T12:30:26.955+0000] {logging_mixin.py:188} INFO - Downloaded AAPL/1771328984.json
[2026-02-17T12:30:26.983+0000] {logging_mixin.py:188} INFO - Downloaded AAPL/1771328995.json
[2026-02-17T12:30:27.014+0000] {logging_mixin.py:188} INFO - Downloaded AAPL/1771329005.json
[2026-02-17T12:30:27.046+0000] {logging_mixin.py:188} INFO - Downloaded AAPL/1771329016.json
[2026-02-17T12:30:27.082+0000] {logging_mixin.py:188} INFO - Downloaded AAPL/1771329029.json
[2026-02-17T12:30:27.112+0000] {logging_mixin.py:188} INFO - Downloaded AAPL/1771329040.json
[2026-02-17T12:30:27.145+0000] {logging_mixin.py:188} INFO - Downloaded AAPL/1771329051.json
[2026-02-17T12:30:27.185+0000] {logging_mixin.py:188} INFO - Downloaded AAPL/1771329093.json
[2026-02-17T12:30:27.213+0000] {logging_mixin.py:188} INFO - Downloaded AAPL/1771329104.json
[2026-02-17T12:30:27.243+0000] {logging_mixin.py:188} INFO - Downloaded AAPL/1771329115.json
[2026-02-17T12:30:27.273+0000] {logging_mixin.py:188} INFO - Downloaded AAPL/1771329142.json
[2026-02-17T12:30:27.306+0000] {logging_mixin.py:188} INFO - Downloaded AAPL/1771329153.json
[2026-02-17T12:30:27.345+0000] {logging_mixin.py:188} INFO - Downloaded AAPL/1771329164.json
[2026-02-17T12:30:27.393+0000] {logging_mixin.py:188} INFO - Downloaded AAPL/1771329176.json
[2026-02-17T12:30:27.433+0000] {logging_mixin.py:188} INFO - Downloaded AAPL/1771329187.json
[2026-02-17T12:30:27.469+0000] {logging_mixin.py:188} INFO - Downloaded AAPL/1771329198.json
[2026-02-17T12:30:27.505+0000] {logging_mixin.py:188} INFO - Downloaded AAPL/1771329210.json
[2026-02-17T12:30:27.558+0000] {logging_mixin.py:188} INFO - Downloaded AAPL/1771329220.json
[2026-02-17T12:30:27.628+0000] {logging_mixin.py:188} INFO - Downloaded AAPL/1771329231.json
[2026-02-17T12:30:27.664+0000] {logging_mixin.py:188} INFO - Downloaded AAPL/1771329241.json
[2026-02-17T12:30:27.713+0000] {logging_mixin.py:188} INFO - Downloaded AAPL/1771329251.json
[2026-02-17T12:30:27.760+0000] {logging_mixin.py:188} INFO - Downloaded AAPL/1771329262.json
[2026-02-17T12:30:27.795+0000] {logging_mixin.py:188} INFO - Downloaded AAPL/1771329272.json
[2026-02-17T12:30:27.830+0000] {logging_mixin.py:188} INFO - Downloaded AAPL/1771329283.json
[2026-02-17T12:30:27.864+0000] {logging_mixin.py:188} INFO - Downloaded AAPL/1771329293.json
[2026-02-17T12:30:27.901+0000] {logging_mixin.py:188} INFO - Downloaded AAPL/1771329303.json
[2026-02-17T12:30:27.931+0000] {logging_mixin.py:188} INFO - Downloaded AAPL/1771329313.json
[2026-02-17T12:30:27.960+0000] {logging_mixin.py:188} INFO - Downloaded AAPL/1771329324.json
[2026-02-17T12:30:27.982+0000] {logging_mixin.py:188} INFO - Downloaded AAPL/1771329334.json
[2026-02-17T12:30:28.007+0000] {logging_mixin.py:188} INFO - Downloaded AAPL/1771329344.json
[2026-02-17T12:30:28.034+0000] {logging_mixin.py:188} INFO - Downloaded AAPL/1771329354.json
[2026-02-17T12:30:28.059+0000] {logging_mixin.py:188} INFO - Downloaded AAPL/1771329365.json
[2026-02-17T12:30:28.079+0000] {logging_mixin.py:188} INFO - Downloaded AAPL/1771329375.json
[2026-02-17T12:30:28.105+0000] {logging_mixin.py:188} INFO - Downloaded AAPL/1771329386.json
[2026-02-17T12:30:28.130+0000] {logging_mixin.py:188} INFO - Downloaded AAPL/1771329396.json
[2026-02-17T12:30:28.155+0000] {logging_mixin.py:188} INFO - Downloaded AAPL/1771329406.json
[2026-02-17T12:30:28.178+0000] {logging_mixin.py:188} INFO - Downloaded AAPL/1771329416.json
[2026-02-17T12:30:28.200+0000] {logging_mixin.py:188} INFO - Downloaded AAPL/1771329426.json
[2026-02-17T12:30:28.224+0000] {logging_mixin.py:188} INFO - Downloaded AAPL/1771329436.json
[2026-02-17T12:30:28.246+0000] {logging_mixin.py:188} INFO - Downloaded AAPL/1771329445.json
[2026-02-17T12:30:28.272+0000] {logging_mixin.py:188} INFO - Downloaded AAPL/1771329456.json
[2026-02-17T12:30:28.298+0000] {logging_mixin.py:188} INFO - Downloaded AAPL/1771329467.json
[2026-02-17T12:30:28.325+0000] {logging_mixin.py:188} INFO - Downloaded AAPL/1771329477.json
[2026-02-17T12:30:28.346+0000] {logging_mixin.py:188} INFO - Downloaded AAPL/1771329487.json
[2026-02-17T12:30:28.369+0000] {logging_mixin.py:188} INFO - Downloaded AAPL/1771329497.json
[2026-02-17T12:30:28.396+0000] {logging_mixin.py:188} INFO - Downloaded AAPL/1771329509.json
[2026-02-17T12:30:28.420+0000] {logging_mixin.py:188} INFO - Downloaded AAPL/1771329519.json
[2026-02-17T12:30:28.445+0000] {logging_mixin.py:188} INFO - Downloaded AAPL/1771329533.json
[2026-02-17T12:30:28.469+0000] {logging_mixin.py:188} INFO - Downloaded AAPL/1771329548.json
[2026-02-17T12:30:28.490+0000] {logging_mixin.py:188} INFO - Downloaded AAPL/1771329558.json
[2026-02-17T12:30:28.517+0000] {logging_mixin.py:188} INFO - Downloaded AAPL/1771329568.json
[2026-02-17T12:30:28.541+0000] {logging_mixin.py:188} INFO - Downloaded AAPL/1771329578.json
[2026-02-17T12:30:28.565+0000] {logging_mixin.py:188} INFO - Downloaded AAPL/1771329588.json
[2026-02-17T12:30:28.588+0000] {logging_mixin.py:188} INFO - Downloaded AAPL/1771329598.json
[2026-02-17T12:30:28.611+0000] {logging_mixin.py:188} INFO - Downloaded AAPL/1771329610.json
[2026-02-17T12:30:28.698+0000] {logging_mixin.py:188} INFO - Downloaded AAPL/1771329621.json
[2026-02-17T12:30:28.752+0000] {logging_mixin.py:188} INFO - Downloaded AAPL/1771329631.json
[2026-02-17T12:30:28.782+0000] {logging_mixin.py:188} INFO - Downloaded AAPL/1771329644.json
[2026-02-17T12:30:28.825+0000] {logging_mixin.py:188} INFO - Downloaded AAPL/1771329695.json
[2026-02-17T12:30:28.915+0000] {logging_mixin.py:188} INFO - Downloaded AAPL/1771329707.json
[2026-02-17T12:30:28.996+0000] {logging_mixin.py:188} INFO - Downloaded AAPL/1771329718.json
[2026-02-17T12:30:29.084+0000] {logging_mixin.py:188} INFO - Downloaded AAPL/1771329728.json
[2026-02-17T12:30:29.165+0000] {logging_mixin.py:188} INFO - Downloaded AAPL/1771329739.json
[2026-02-17T12:30:29.222+0000] {logging_mixin.py:188} INFO - Downloaded AAPL/1771329749.json
[2026-02-17T12:30:29.271+0000] {logging_mixin.py:188} INFO - Downloaded AAPL/1771329760.json
[2026-02-17T12:30:29.316+0000] {logging_mixin.py:188} INFO - Downloaded AAPL/1771329772.json
[2026-02-17T12:30:29.338+0000] {logging_mixin.py:188} INFO - Downloaded AAPL/1771329783.json
[2026-02-17T12:30:29.360+0000] {logging_mixin.py:188} INFO - Downloaded AAPL/1771329794.json
[2026-02-17T12:30:29.407+0000] {logging_mixin.py:188} INFO - Downloaded AAPL/1771329806.json
[2026-02-17T12:30:29.442+0000] {logging_mixin.py:188} INFO - Downloaded AAPL/1771329817.json
[2026-02-17T12:30:29.488+0000] {logging_mixin.py:188} INFO - Downloaded AAPL/1771329828.json
[2026-02-17T12:30:29.553+0000] {logging_mixin.py:188} INFO - Downloaded AAPL/1771329839.json
[2026-02-17T12:30:29.600+0000] {logging_mixin.py:188} INFO - Downloaded AAPL/1771329851.json
[2026-02-17T12:30:29.650+0000] {logging_mixin.py:188} INFO - Downloaded AAPL/1771329888.json
[2026-02-17T12:30:29.723+0000] {logging_mixin.py:188} INFO - Downloaded AAPL/1771329897.json
[2026-02-17T12:30:29.797+0000] {logging_mixin.py:188} INFO - Downloaded AAPL/1771329908.json
[2026-02-17T12:30:29.855+0000] {logging_mixin.py:188} INFO - Downloaded AAPL/1771329918.json
[2026-02-17T12:30:29.953+0000] {logging_mixin.py:188} INFO - Downloaded AAPL/1771329928.json
[2026-02-17T12:30:30.000+0000] {logging_mixin.py:188} INFO - Downloaded AAPL/1771329939.json
[2026-02-17T12:30:30.065+0000] {logging_mixin.py:188} INFO - Downloaded AAPL/1771329950.json
[2026-02-17T12:30:30.117+0000] {logging_mixin.py:188} INFO - Downloaded AAPL/1771329961.json
[2026-02-17T12:30:30.162+0000] {logging_mixin.py:188} INFO - Downloaded AAPL/1771329971.json
[2026-02-17T12:30:30.230+0000] {logging_mixin.py:188} INFO - Downloaded AAPL/1771329982.json
[2026-02-17T12:30:30.306+0000] {logging_mixin.py:188} INFO - Downloaded AAPL/1771329994.json
[2026-02-17T12:30:30.365+0000] {logging_mixin.py:188} INFO - Downloaded AAPL/1771330004.json
[2026-02-17T12:30:30.420+0000] {logging_mixin.py:188} INFO - Downloaded AAPL/1771330019.json
[2026-02-17T12:30:30.487+0000] {logging_mixin.py:188} INFO - Downloaded AAPL/1771330035.json
[2026-02-17T12:30:30.532+0000] {logging_mixin.py:188} INFO - Downloaded AAPL/1771330046.json
[2026-02-17T12:30:30.561+0000] {logging_mixin.py:188} INFO - Downloaded AAPL/1771330058.json
[2026-02-17T12:30:30.592+0000] {logging_mixin.py:188} INFO - Downloaded AAPL/1771330089.json
[2026-02-17T12:30:30.632+0000] {logging_mixin.py:188} INFO - Downloaded AAPL/1771330101.json
[2026-02-17T12:30:30.669+0000] {logging_mixin.py:188} INFO - Downloaded AAPL/1771330112.json
[2026-02-17T12:30:30.713+0000] {logging_mixin.py:188} INFO - Downloaded AAPL/1771330123.json
[2026-02-17T12:30:30.767+0000] {logging_mixin.py:188} INFO - Downloaded AAPL/1771330135.json
[2026-02-17T12:30:30.817+0000] {logging_mixin.py:188} INFO - Downloaded AAPL/1771330146.json
[2026-02-17T12:30:30.862+0000] {logging_mixin.py:188} INFO - Downloaded AAPL/1771330156.json
[2026-02-17T12:30:30.887+0000] {logging_mixin.py:188} INFO - Downloaded AAPL/1771330167.json
[2026-02-17T12:30:30.912+0000] {logging_mixin.py:188} INFO - Downloaded AAPL/1771330177.json
[2026-02-17T12:30:30.938+0000] {logging_mixin.py:188} INFO - Downloaded AAPL/1771330188.json
[2026-02-17T12:30:30.964+0000] {logging_mixin.py:188} INFO - Downloaded AAPL/1771330198.json
[2026-02-17T12:30:30.987+0000] {logging_mixin.py:188} INFO - Downloaded AAPL/1771330210.json
[2026-02-17T12:30:31.014+0000] {logging_mixin.py:188} INFO - Downloaded AAPL/1771330222.json
[2026-02-17T12:30:31.070+0000] {logging_mixin.py:188} INFO - Downloaded AAPL/1771330233.json
[2026-02-17T12:30:31.103+0000] {logging_mixin.py:188} INFO - Downloaded AAPL/1771330244.json
[2026-02-17T12:30:31.139+0000] {logging_mixin.py:188} INFO - Downloaded AAPL/1771330255.json
[2026-02-17T12:30:31.171+0000] {logging_mixin.py:188} INFO - Downloaded AAPL/1771330265.json
[2026-02-17T12:30:31.208+0000] {logging_mixin.py:188} INFO - Downloaded AAPL/1771330276.json
[2026-02-17T12:30:31.234+0000] {logging_mixin.py:188} INFO - Downloaded AAPL/1771330286.json
[2026-02-17T12:30:31.259+0000] {logging_mixin.py:188} INFO - Downloaded AAPL/1771330297.json
[2026-02-17T12:30:31.288+0000] {logging_mixin.py:188} INFO - Downloaded AAPL/1771330307.json
[2026-02-17T12:30:31.313+0000] {logging_mixin.py:188} INFO - Downloaded AAPL/1771330319.json
[2026-02-17T12:30:31.339+0000] {logging_mixin.py:188} INFO - Downloaded AAPL/1771330330.json
[2026-02-17T12:30:31.364+0000] {logging_mixin.py:188} INFO - Downloaded AAPL/1771330340.json
[2026-02-17T12:30:31.388+0000] {logging_mixin.py:188} INFO - Downloaded AAPL/1771330351.json
[2026-02-17T12:30:31.420+0000] {logging_mixin.py:188} INFO - Downloaded AAPL/1771330361.json
[2026-02-17T12:30:31.466+0000] {logging_mixin.py:188} INFO - Downloaded AAPL/1771330372.json
[2026-02-17T12:30:31.523+0000] {logging_mixin.py:188} INFO - Downloaded AAPL/1771330383.json
[2026-02-17T12:30:31.584+0000] {logging_mixin.py:188} INFO - Downloaded AAPL/1771330394.json
[2026-02-17T12:30:31.656+0000] {logging_mixin.py:188} INFO - Downloaded AAPL/1771330405.json
[2026-02-17T12:30:31.744+0000] {logging_mixin.py:188} INFO - Downloaded AAPL/1771330418.json
[2026-02-17T12:30:31.776+0000] {logging_mixin.py:188} INFO - Downloaded AAPL/1771330428.json
[2026-02-17T12:30:31.810+0000] {logging_mixin.py:188} INFO - Downloaded AAPL/1771330439.json
[2026-02-17T12:30:31.871+0000] {logging_mixin.py:188} INFO - Downloaded AAPL/1771330450.json
[2026-02-17T12:30:31.903+0000] {logging_mixin.py:188} INFO - Downloaded AAPL/1771330460.json
[2026-02-17T12:30:31.934+0000] {logging_mixin.py:188} INFO - Downloaded AAPL/1771330471.json
[2026-02-17T12:30:31.975+0000] {logging_mixin.py:188} INFO - Downloaded AAPL/1771330482.json
[2026-02-17T12:30:32.012+0000] {logging_mixin.py:188} INFO - Downloaded AAPL/1771330492.json
[2026-02-17T12:30:32.040+0000] {logging_mixin.py:188} INFO - Downloaded AAPL/1771330502.json
[2026-02-17T12:30:32.063+0000] {logging_mixin.py:188} INFO - Downloaded AAPL/1771330513.json
[2026-02-17T12:30:32.103+0000] {logging_mixin.py:188} INFO - Downloaded AAPL/1771330523.json
[2026-02-17T12:30:32.132+0000] {logging_mixin.py:188} INFO - Downloaded AAPL/1771330534.json
[2026-02-17T12:30:32.152+0000] {logging_mixin.py:188} INFO - Downloaded AAPL/1771330547.json
[2026-02-17T12:30:32.172+0000] {logging_mixin.py:188} INFO - Downloaded AAPL/1771330557.json
[2026-02-17T12:30:32.194+0000] {logging_mixin.py:188} INFO - Downloaded AAPL/1771330573.json
[2026-02-17T12:30:32.214+0000] {logging_mixin.py:188} INFO - Downloaded AAPL/1771330585.json
[2026-02-17T12:30:32.242+0000] {logging_mixin.py:188} INFO - Downloaded AAPL/1771330597.json
[2026-02-17T12:30:32.276+0000] {logging_mixin.py:188} INFO - Downloaded AAPL/1771330608.json
[2026-02-17T12:30:32.309+0000] {logging_mixin.py:188} INFO - Downloaded AAPL/1771330619.json
[2026-02-17T12:30:32.343+0000] {logging_mixin.py:188} INFO - Downloaded AAPL/1771330630.json
[2026-02-17T12:30:32.385+0000] {logging_mixin.py:188} INFO - Downloaded AAPL/1771330641.json
[2026-02-17T12:30:32.418+0000] {logging_mixin.py:188} INFO - Downloaded AAPL/1771330652.json
[2026-02-17T12:30:32.461+0000] {logging_mixin.py:188} INFO - Downloaded AAPL/1771330663.json
[2026-02-17T12:30:32.501+0000] {logging_mixin.py:188} INFO - Downloaded AAPL/1771330673.json
[2026-02-17T12:30:32.543+0000] {logging_mixin.py:188} INFO - Downloaded AAPL/1771330687.json
[2026-02-17T12:30:32.621+0000] {logging_mixin.py:188} INFO - Downloaded AAPL/1771330698.json
[2026-02-17T12:30:32.717+0000] {logging_mixin.py:188} INFO - Downloaded AAPL/1771330709.json
[2026-02-17T12:30:32.767+0000] {logging_mixin.py:188} INFO - Downloaded AAPL/1771330719.json
[2026-02-17T12:30:32.822+0000] {logging_mixin.py:188} INFO - Downloaded AAPL/1771330733.json
[2026-02-17T12:30:32.885+0000] {logging_mixin.py:188} INFO - Downloaded AAPL/1771330743.json
[2026-02-17T12:30:32.943+0000] {logging_mixin.py:188} INFO - Downloaded AAPL/1771330754.json
[2026-02-17T12:30:33.011+0000] {logging_mixin.py:188} INFO - Downloaded AAPL/1771330764.json
[2026-02-17T12:30:33.079+0000] {logging_mixin.py:188} INFO - Downloaded AAPL/1771330774.json
[2026-02-17T12:30:33.194+0000] {logging_mixin.py:188} INFO - Downloaded AAPL/1771330785.json
[2026-02-17T12:30:33.272+0000] {logging_mixin.py:188} INFO - Downloaded AAPL/1771330795.json
[2026-02-17T12:30:33.351+0000] {logging_mixin.py:188} INFO - Downloaded AAPL/1771330806.json
[2026-02-17T12:30:33.421+0000] {logging_mixin.py:188} INFO - Downloaded AAPL/1771330816.json
[2026-02-17T12:30:33.472+0000] {logging_mixin.py:188} INFO - Downloaded AAPL/1771330827.json
[2026-02-17T12:30:33.503+0000] {logging_mixin.py:188} INFO - Downloaded AAPL/1771330839.json
[2026-02-17T12:30:33.534+0000] {logging_mixin.py:188} INFO - Downloaded AAPL/1771330855.json
[2026-02-17T12:30:33.561+0000] {logging_mixin.py:188} INFO - Downloaded AAPL/1771330869.json
[2026-02-17T12:30:33.593+0000] {logging_mixin.py:188} INFO - Downloaded AAPL/1771330882.json
[2026-02-17T12:30:33.631+0000] {logging_mixin.py:188} INFO - Downloaded AAPL/1771330897.json
[2026-02-17T12:30:33.680+0000] {logging_mixin.py:188} INFO - Downloaded AAPL/1771330907.json
[2026-02-17T12:30:33.722+0000] {logging_mixin.py:188} INFO - Downloaded AAPL/1771330917.json
[2026-02-17T12:30:33.752+0000] {logging_mixin.py:188} INFO - Downloaded AAPL/1771330928.json
[2026-02-17T12:30:33.787+0000] {logging_mixin.py:188} INFO - Downloaded AAPL/1771330938.json
[2026-02-17T12:30:33.833+0000] {logging_mixin.py:188} INFO - Downloaded AAPL/1771330949.json
[2026-02-17T12:30:33.863+0000] {logging_mixin.py:188} INFO - Downloaded AAPL/1771330959.json
[2026-02-17T12:30:33.894+0000] {logging_mixin.py:188} INFO - Downloaded AAPL/1771330971.json
[2026-02-17T12:30:33.926+0000] {logging_mixin.py:188} INFO - Downloaded AAPL/1771330984.json
[2026-02-17T12:30:33.957+0000] {logging_mixin.py:188} INFO - Downloaded AAPL/1771330995.json
[2026-02-17T12:30:33.988+0000] {logging_mixin.py:188} INFO - Downloaded AAPL/1771331005.json
[2026-02-17T12:30:34.013+0000] {logging_mixin.py:188} INFO - Downloaded AAPL/1771331015.json
[2026-02-17T12:30:34.036+0000] {logging_mixin.py:188} INFO - Downloaded AAPL/1771331026.json
[2026-02-17T12:30:34.061+0000] {logging_mixin.py:188} INFO - Downloaded AAPL/1771331036.json
[2026-02-17T12:30:34.109+0000] {logging_mixin.py:188} INFO - Downloaded AAPL/1771331046.json
[2026-02-17T12:30:34.145+0000] {logging_mixin.py:188} INFO - Downloaded AAPL/1771331057.json
[2026-02-17T12:30:34.174+0000] {logging_mixin.py:188} INFO - Downloaded AAPL/1771331068.json
[2026-02-17T12:30:34.199+0000] {logging_mixin.py:188} INFO - Downloaded AAPL/1771331079.json
[2026-02-17T12:30:34.225+0000] {logging_mixin.py:188} INFO - Downloaded AAPL/1771331090.json
[2026-02-17T12:30:34.250+0000] {logging_mixin.py:188} INFO - Downloaded AAPL/1771331100.json
[2026-02-17T12:30:34.287+0000] {logging_mixin.py:188} INFO - Downloaded AAPL/1771331110.json
[2026-02-17T12:30:34.324+0000] {logging_mixin.py:188} INFO - Downloaded AAPL/1771331121.json
[2026-02-17T12:30:34.352+0000] {logging_mixin.py:188} INFO - Downloaded AAPL/1771331131.json
[2026-02-17T12:30:34.381+0000] {logging_mixin.py:188} INFO - Downloaded AAPL/1771331142.json
[2026-02-17T12:30:34.420+0000] {logging_mixin.py:188} INFO - Downloaded AAPL/1771331152.json
[2026-02-17T12:30:34.482+0000] {logging_mixin.py:188} INFO - Downloaded AAPL/1771331162.json
[2026-02-17T12:30:34.537+0000] {logging_mixin.py:188} INFO - Downloaded AAPL/1771331173.json
[2026-02-17T12:30:34.566+0000] {logging_mixin.py:188} INFO - Downloaded AAPL/1771331184.json
[2026-02-17T12:30:34.620+0000] {logging_mixin.py:188} INFO - Downloaded AAPL/1771331194.json
[2026-02-17T12:30:34.650+0000] {logging_mixin.py:188} INFO - Downloaded AAPL/1771331204.json
[2026-02-17T12:30:34.677+0000] {logging_mixin.py:188} INFO - Downloaded AAPL/1771331215.json
[2026-02-17T12:30:34.704+0000] {logging_mixin.py:188} INFO - Downloaded AAPL/1771331227.json
[2026-02-17T12:30:34.749+0000] {logging_mixin.py:188} INFO - Downloaded AAPL/1771331237.json
[2026-02-17T12:30:34.799+0000] {logging_mixin.py:188} INFO - Downloaded AAPL/1771331250.json
[2026-02-17T12:30:34.825+0000] {logging_mixin.py:188} INFO - Downloaded AAPL/1771331261.json
[2026-02-17T12:30:34.847+0000] {logging_mixin.py:188} INFO - Downloaded AAPL/1771331273.json
[2026-02-17T12:30:34.877+0000] {logging_mixin.py:188} INFO - Downloaded AAPL/1771331284.json
[2026-02-17T12:30:34.928+0000] {logging_mixin.py:188} INFO - Downloaded AAPL/1771331295.json
[2026-02-17T12:30:34.952+0000] {logging_mixin.py:188} INFO - Downloaded AAPL/1771331305.json
[2026-02-17T12:30:34.983+0000] {logging_mixin.py:188} INFO - Downloaded AAPL/1771331315.json
[2026-02-17T12:30:35.003+0000] {logging_mixin.py:188} INFO - Downloaded AAPL/1771331325.json
[2026-02-17T12:30:35.045+0000] {logging_mixin.py:188} INFO - Downloaded AAPL/1771331336.json
[2026-02-17T12:30:35.072+0000] {logging_mixin.py:188} INFO - Downloaded AAPL/1771331346.json
[2026-02-17T12:30:35.096+0000] {logging_mixin.py:188} INFO - Downloaded AAPL/1771331356.json
[2026-02-17T12:30:35.118+0000] {logging_mixin.py:188} INFO - Downloaded AAPL/1771331366.json
[2026-02-17T12:30:35.146+0000] {logging_mixin.py:188} INFO - Downloaded AAPL/1771331377.json
[2026-02-17T12:30:35.174+0000] {logging_mixin.py:188} INFO - Downloaded AAPL/1771331387.json
[2026-02-17T12:30:35.198+0000] {logging_mixin.py:188} INFO - Downloaded AAPL/1771331397.json
[2026-02-17T12:30:35.225+0000] {logging_mixin.py:188} INFO - Downloaded AAPL/1771331408.json
[2026-02-17T12:30:35.256+0000] {logging_mixin.py:188} INFO - Downloaded AMZN/1771324936.json
[2026-02-17T12:30:35.289+0000] {logging_mixin.py:188} INFO - Downloaded AMZN/1771324946.json
[2026-02-17T12:30:35.321+0000] {logging_mixin.py:188} INFO - Downloaded AMZN/1771324957.json
[2026-02-17T12:30:35.392+0000] {logging_mixin.py:188} INFO - Downloaded AMZN/1771324968.json
[2026-02-17T12:30:35.447+0000] {logging_mixin.py:188} INFO - Downloaded AMZN/1771324978.json
[2026-02-17T12:30:35.492+0000] {logging_mixin.py:188} INFO - Downloaded AMZN/1771324989.json
[2026-02-17T12:30:35.525+0000] {logging_mixin.py:188} INFO - Downloaded AMZN/1771325000.json
[2026-02-17T12:30:35.720+0000] {logging_mixin.py:188} INFO - Downloaded AMZN/1771325010.json
[2026-02-17T12:30:35.780+0000] {logging_mixin.py:188} INFO - Downloaded AMZN/1771325021.json
[2026-02-17T12:30:35.851+0000] {logging_mixin.py:188} INFO - Downloaded AMZN/1771325032.json
[2026-02-17T12:30:35.864+0000] {logging_mixin.py:188} INFO - Downloaded AMZN/1771325042.json
[2026-02-17T12:30:35.899+0000] {logging_mixin.py:188} INFO - Downloaded AMZN/1771325052.json
[2026-02-17T12:30:35.944+0000] {logging_mixin.py:188} INFO - Downloaded AMZN/1771325063.json
[2026-02-17T12:30:35.978+0000] {logging_mixin.py:188} INFO - Downloaded AMZN/1771325073.json
[2026-02-17T12:30:36.017+0000] {logging_mixin.py:188} INFO - Downloaded AMZN/1771325083.json
[2026-02-17T12:30:36.048+0000] {logging_mixin.py:188} INFO - Downloaded AMZN/1771325094.json
[2026-02-17T12:30:36.079+0000] {logging_mixin.py:188} INFO - Downloaded AMZN/1771325105.json
[2026-02-17T12:30:36.115+0000] {logging_mixin.py:188} INFO - Downloaded AMZN/1771325115.json
[2026-02-17T12:30:36.146+0000] {logging_mixin.py:188} INFO - Downloaded AMZN/1771325125.json
[2026-02-17T12:30:36.182+0000] {logging_mixin.py:188} INFO - Downloaded AMZN/1771325136.json
[2026-02-17T12:30:36.213+0000] {logging_mixin.py:188} INFO - Downloaded AMZN/1771325146.json
[2026-02-17T12:30:36.243+0000] {logging_mixin.py:188} INFO - Downloaded AMZN/1771325156.json
[2026-02-17T12:30:36.269+0000] {logging_mixin.py:188} INFO - Downloaded AMZN/1771325167.json
[2026-02-17T12:30:36.300+0000] {logging_mixin.py:188} INFO - Downloaded AMZN/1771325177.json
[2026-02-17T12:30:36.334+0000] {logging_mixin.py:188} INFO - Downloaded AMZN/1771325188.json
[2026-02-17T12:30:36.367+0000] {logging_mixin.py:188} INFO - Downloaded AMZN/1771325198.json
[2026-02-17T12:30:36.402+0000] {logging_mixin.py:188} INFO - Downloaded AMZN/1771325209.json
[2026-02-17T12:30:36.431+0000] {logging_mixin.py:188} INFO - Downloaded AMZN/1771325219.json
[2026-02-17T12:30:36.461+0000] {logging_mixin.py:188} INFO - Downloaded AMZN/1771325229.json
[2026-02-17T12:30:36.493+0000] {logging_mixin.py:188} INFO - Downloaded AMZN/1771325240.json
[2026-02-17T12:30:36.529+0000] {logging_mixin.py:188} INFO - Downloaded AMZN/1771325250.json
[2026-02-17T12:30:36.570+0000] {logging_mixin.py:188} INFO - Downloaded AMZN/1771325262.json
[2026-02-17T12:30:36.601+0000] {logging_mixin.py:188} INFO - Downloaded AMZN/1771325272.json
[2026-02-17T12:30:36.637+0000] {logging_mixin.py:188} INFO - Downloaded AMZN/1771325283.json
[2026-02-17T12:30:36.669+0000] {logging_mixin.py:188} INFO - Downloaded AMZN/1771325293.json
[2026-02-17T12:30:36.706+0000] {logging_mixin.py:188} INFO - Downloaded AMZN/1771325337.json
[2026-02-17T12:30:36.741+0000] {logging_mixin.py:188} INFO - Downloaded AMZN/1771325347.json
[2026-02-17T12:30:36.769+0000] {logging_mixin.py:188} INFO - Downloaded AMZN/1771325358.json
[2026-02-17T12:30:36.798+0000] {logging_mixin.py:188} INFO - Downloaded AMZN/1771325368.json
[2026-02-17T12:30:36.824+0000] {logging_mixin.py:188} INFO - Downloaded AMZN/1771325378.json
[2026-02-17T12:30:36.859+0000] {logging_mixin.py:188} INFO - Downloaded AMZN/1771325389.json
[2026-02-17T12:30:36.903+0000] {logging_mixin.py:188} INFO - Downloaded AMZN/1771325401.json
[2026-02-17T12:30:36.936+0000] {logging_mixin.py:188} INFO - Downloaded AMZN/1771325412.json
[2026-02-17T12:30:36.968+0000] {logging_mixin.py:188} INFO - Downloaded AMZN/1771325424.json
[2026-02-17T12:30:37.010+0000] {logging_mixin.py:188} INFO - Downloaded AMZN/1771325435.json
[2026-02-17T12:30:37.053+0000] {logging_mixin.py:188} INFO - Downloaded AMZN/1771325447.json
[2026-02-17T12:30:37.088+0000] {logging_mixin.py:188} INFO - Downloaded AMZN/1771325457.json
[2026-02-17T12:30:37.115+0000] {logging_mixin.py:188} INFO - Downloaded AMZN/1771325468.json
[2026-02-17T12:30:37.148+0000] {logging_mixin.py:188} INFO - Downloaded AMZN/1771325477.json
[2026-02-17T12:30:37.188+0000] {logging_mixin.py:188} INFO - Downloaded AMZN/1771325489.json
[2026-02-17T12:30:37.230+0000] {logging_mixin.py:188} INFO - Downloaded AMZN/1771325500.json
[2026-02-17T12:30:37.262+0000] {logging_mixin.py:188} INFO - Downloaded AMZN/1771325510.json
[2026-02-17T12:30:37.287+0000] {logging_mixin.py:188} INFO - Downloaded AMZN/1771325521.json
[2026-02-17T12:30:37.317+0000] {logging_mixin.py:188} INFO - Downloaded AMZN/1771325532.json
[2026-02-17T12:30:37.359+0000] {logging_mixin.py:188} INFO - Downloaded AMZN/1771325542.json
[2026-02-17T12:30:37.390+0000] {logging_mixin.py:188} INFO - Downloaded AMZN/1771325552.json
[2026-02-17T12:30:37.416+0000] {logging_mixin.py:188} INFO - Downloaded AMZN/1771325562.json
[2026-02-17T12:30:37.443+0000] {logging_mixin.py:188} INFO - Downloaded AMZN/1771325573.json
[2026-02-17T12:30:37.469+0000] {logging_mixin.py:188} INFO - Downloaded AMZN/1771325583.json
[2026-02-17T12:30:37.496+0000] {logging_mixin.py:188} INFO - Downloaded AMZN/1771325593.json
[2026-02-17T12:30:37.519+0000] {logging_mixin.py:188} INFO - Downloaded AMZN/1771325605.json
[2026-02-17T12:30:37.547+0000] {logging_mixin.py:188} INFO - Downloaded AMZN/1771325616.json
[2026-02-17T12:30:37.576+0000] {logging_mixin.py:188} INFO - Downloaded AMZN/1771325626.json
[2026-02-17T12:30:37.607+0000] {logging_mixin.py:188} INFO - Downloaded AMZN/1771325637.json
[2026-02-17T12:30:37.632+0000] {logging_mixin.py:188} INFO - Downloaded AMZN/1771325648.json
[2026-02-17T12:30:37.658+0000] {logging_mixin.py:188} INFO - Downloaded AMZN/1771325659.json
[2026-02-17T12:30:37.684+0000] {logging_mixin.py:188} INFO - Downloaded AMZN/1771325669.json
[2026-02-17T12:30:37.714+0000] {logging_mixin.py:188} INFO - Downloaded AMZN/1771325679.json
[2026-02-17T12:30:37.742+0000] {logging_mixin.py:188} INFO - Downloaded AMZN/1771325691.json
[2026-02-17T12:30:37.770+0000] {logging_mixin.py:188} INFO - Downloaded AMZN/1771325701.json
[2026-02-17T12:30:37.796+0000] {logging_mixin.py:188} INFO - Downloaded AMZN/1771325711.json
[2026-02-17T12:30:37.822+0000] {logging_mixin.py:188} INFO - Downloaded AMZN/1771325722.json
[2026-02-17T12:30:37.847+0000] {logging_mixin.py:188} INFO - Downloaded AMZN/1771325732.json
[2026-02-17T12:30:37.882+0000] {logging_mixin.py:188} INFO - Downloaded AMZN/1771325743.json
[2026-02-17T12:30:37.909+0000] {logging_mixin.py:188} INFO - Downloaded AMZN/1771325753.json
[2026-02-17T12:30:37.933+0000] {logging_mixin.py:188} INFO - Downloaded AMZN/1771325769.json
[2026-02-17T12:30:37.962+0000] {logging_mixin.py:188} INFO - Downloaded AMZN/1771325780.json
[2026-02-17T12:30:38.005+0000] {logging_mixin.py:188} INFO - Downloaded AMZN/1771325792.json
[2026-02-17T12:30:38.030+0000] {logging_mixin.py:188} INFO - Downloaded AMZN/1771325803.json
[2026-02-17T12:30:38.057+0000] {logging_mixin.py:188} INFO - Downloaded AMZN/1771325813.json
[2026-02-17T12:30:38.081+0000] {logging_mixin.py:188} INFO - Downloaded AMZN/1771325824.json
[2026-02-17T12:30:38.109+0000] {logging_mixin.py:188} INFO - Downloaded AMZN/1771325834.json
[2026-02-17T12:30:38.140+0000] {logging_mixin.py:188} INFO - Downloaded AMZN/1771325844.json
[2026-02-17T12:30:38.166+0000] {logging_mixin.py:188} INFO - Downloaded AMZN/1771325857.json
[2026-02-17T12:30:38.192+0000] {logging_mixin.py:188} INFO - Downloaded AMZN/1771325867.json
[2026-02-17T12:30:38.716+0000] {logging_mixin.py:188} INFO - Downloaded AMZN/1771325878.json
[2026-02-17T12:30:38.740+0000] {logging_mixin.py:188} INFO - Downloaded AMZN/1771325891.json
[2026-02-17T12:30:38.763+0000] {logging_mixin.py:188} INFO - Downloaded AMZN/1771325902.json
[2026-02-17T12:30:38.789+0000] {logging_mixin.py:188} INFO - Downloaded AMZN/1771325914.json
[2026-02-17T12:30:38.823+0000] {logging_mixin.py:188} INFO - Downloaded AMZN/1771325925.json
[2026-02-17T12:30:38.852+0000] {logging_mixin.py:188} INFO - Downloaded AMZN/1771325937.json
[2026-02-17T12:30:38.882+0000] {logging_mixin.py:188} INFO - Downloaded AMZN/1771325948.json
[2026-02-17T12:30:38.915+0000] {logging_mixin.py:188} INFO - Downloaded AMZN/1771325962.json
[2026-02-17T12:30:38.943+0000] {logging_mixin.py:188} INFO - Downloaded AMZN/1771325973.json
[2026-02-17T12:30:38.972+0000] {logging_mixin.py:188} INFO - Downloaded AMZN/1771325984.json
[2026-02-17T12:30:39.014+0000] {logging_mixin.py:188} INFO - Downloaded AMZN/1771325995.json
[2026-02-17T12:30:39.048+0000] {logging_mixin.py:188} INFO - Downloaded AMZN/1771326005.json
[2026-02-17T12:30:39.087+0000] {logging_mixin.py:188} INFO - Downloaded AMZN/1771326016.json
[2026-02-17T12:30:39.137+0000] {logging_mixin.py:188} INFO - Downloaded AMZN/1771326027.json
[2026-02-17T12:30:39.184+0000] {logging_mixin.py:188} INFO - Downloaded AMZN/1771326037.json
[2026-02-17T12:30:39.235+0000] {logging_mixin.py:188} INFO - Downloaded AMZN/1771326047.json
[2026-02-17T12:30:39.273+0000] {logging_mixin.py:188} INFO - Downloaded AMZN/1771326058.json
[2026-02-17T12:30:39.335+0000] {logging_mixin.py:188} INFO - Downloaded AMZN/1771326067.json
[2026-02-17T12:30:39.395+0000] {logging_mixin.py:188} INFO - Downloaded AMZN/1771326077.json
[2026-02-17T12:30:39.430+0000] {logging_mixin.py:188} INFO - Downloaded AMZN/1771326087.json
[2026-02-17T12:30:39.459+0000] {logging_mixin.py:188} INFO - Downloaded AMZN/1771326101.json
[2026-02-17T12:30:39.510+0000] {logging_mixin.py:188} INFO - Downloaded AMZN/1771326115.json
[2026-02-17T12:30:39.555+0000] {logging_mixin.py:188} INFO - Downloaded AMZN/1771326128.json
[2026-02-17T12:30:39.622+0000] {logging_mixin.py:188} INFO - Downloaded AMZN/1771326139.json
[2026-02-17T12:30:39.684+0000] {logging_mixin.py:188} INFO - Downloaded AMZN/1771326151.json
[2026-02-17T12:30:39.748+0000] {logging_mixin.py:188} INFO - Downloaded AMZN/1771326161.json
[2026-02-17T12:30:39.777+0000] {logging_mixin.py:188} INFO - Downloaded AMZN/1771326173.json
[2026-02-17T12:30:39.808+0000] {logging_mixin.py:188} INFO - Downloaded AMZN/1771326183.json
[2026-02-17T12:30:39.844+0000] {logging_mixin.py:188} INFO - Downloaded AMZN/1771326194.json
[2026-02-17T12:30:39.878+0000] {logging_mixin.py:188} INFO - Downloaded AMZN/1771326204.json
[2026-02-17T12:30:39.912+0000] {logging_mixin.py:188} INFO - Downloaded AMZN/1771326215.json
[2026-02-17T12:30:39.943+0000] {logging_mixin.py:188} INFO - Downloaded AMZN/1771326225.json
[2026-02-17T12:30:39.967+0000] {logging_mixin.py:188} INFO - Downloaded AMZN/1771326235.json
[2026-02-17T12:30:40.002+0000] {logging_mixin.py:188} INFO - Downloaded AMZN/1771326245.json
[2026-02-17T12:30:40.032+0000] {logging_mixin.py:188} INFO - Downloaded AMZN/1771326255.json
[2026-02-17T12:30:40.061+0000] {logging_mixin.py:188} INFO - Downloaded AMZN/1771326265.json
[2026-02-17T12:30:40.087+0000] {logging_mixin.py:188} INFO - Downloaded AMZN/1771326275.json
[2026-02-17T12:30:40.114+0000] {logging_mixin.py:188} INFO - Downloaded AMZN/1771326286.json
[2026-02-17T12:30:40.140+0000] {logging_mixin.py:188} INFO - Downloaded AMZN/1771326301.json
[2026-02-17T12:30:40.168+0000] {logging_mixin.py:188} INFO - Downloaded AMZN/1771326314.json
[2026-02-17T12:30:40.198+0000] {logging_mixin.py:188} INFO - Downloaded AMZN/1771326324.json
[2026-02-17T12:30:40.227+0000] {logging_mixin.py:188} INFO - Downloaded AMZN/1771326335.json
[2026-02-17T12:30:40.259+0000] {logging_mixin.py:188} INFO - Downloaded AMZN/1771326351.json
[2026-02-17T12:30:40.282+0000] {logging_mixin.py:188} INFO - Downloaded AMZN/1771326362.json
[2026-02-17T12:30:40.307+0000] {logging_mixin.py:188} INFO - Downloaded AMZN/1771326374.json
[2026-02-17T12:30:40.336+0000] {logging_mixin.py:188} INFO - Downloaded AMZN/1771326384.json
[2026-02-17T12:30:40.362+0000] {logging_mixin.py:188} INFO - Downloaded AMZN/1771326395.json
[2026-02-17T12:30:40.387+0000] {logging_mixin.py:188} INFO - Downloaded AMZN/1771326405.json
[2026-02-17T12:30:40.422+0000] {logging_mixin.py:188} INFO - Downloaded AMZN/1771326415.json
[2026-02-17T12:30:40.458+0000] {logging_mixin.py:188} INFO - Downloaded AMZN/1771326425.json
[2026-02-17T12:30:40.500+0000] {logging_mixin.py:188} INFO - Downloaded AMZN/1771326436.json
[2026-02-17T12:30:40.534+0000] {logging_mixin.py:188} INFO - Downloaded AMZN/1771326446.json
[2026-02-17T12:30:40.568+0000] {logging_mixin.py:188} INFO - Downloaded AMZN/1771326456.json
[2026-02-17T12:30:40.604+0000] {logging_mixin.py:188} INFO - Downloaded AMZN/1771326466.json
[2026-02-17T12:30:40.651+0000] {logging_mixin.py:188} INFO - Downloaded AMZN/1771326476.json
[2026-02-17T12:30:40.685+0000] {logging_mixin.py:188} INFO - Downloaded AMZN/1771326486.json
[2026-02-17T12:30:40.727+0000] {logging_mixin.py:188} INFO - Downloaded AMZN/1771326497.json
[2026-02-17T12:30:40.760+0000] {logging_mixin.py:188} INFO - Downloaded AMZN/1771326508.json
[2026-02-17T12:30:40.801+0000] {logging_mixin.py:188} INFO - Downloaded AMZN/1771326518.json
[2026-02-17T12:30:40.858+0000] {logging_mixin.py:188} INFO - Downloaded AMZN/1771326528.json
[2026-02-17T12:30:40.899+0000] {logging_mixin.py:188} INFO - Downloaded AMZN/1771326538.json
[2026-02-17T12:30:40.949+0000] {logging_mixin.py:188} INFO - Downloaded AMZN/1771326548.json
[2026-02-17T12:30:40.996+0000] {logging_mixin.py:188} INFO - Downloaded AMZN/1771326559.json
[2026-02-17T12:30:41.037+0000] {logging_mixin.py:188} INFO - Downloaded AMZN/1771326569.json
[2026-02-17T12:30:41.076+0000] {logging_mixin.py:188} INFO - Downloaded AMZN/1771326578.json
[2026-02-17T12:30:41.109+0000] {logging_mixin.py:188} INFO - Downloaded AMZN/1771326588.json
[2026-02-17T12:30:41.141+0000] {logging_mixin.py:188} INFO - Downloaded AMZN/1771326599.json
[2026-02-17T12:30:41.179+0000] {logging_mixin.py:188} INFO - Downloaded AMZN/1771326609.json
[2026-02-17T12:30:41.211+0000] {logging_mixin.py:188} INFO - Downloaded AMZN/1771326619.json
[2026-02-17T12:30:41.237+0000] {logging_mixin.py:188} INFO - Downloaded AMZN/1771326629.json
[2026-02-17T12:30:41.264+0000] {logging_mixin.py:188} INFO - Downloaded AMZN/1771326639.json
[2026-02-17T12:30:41.291+0000] {logging_mixin.py:188} INFO - Downloaded AMZN/1771326650.json
[2026-02-17T12:30:41.317+0000] {logging_mixin.py:188} INFO - Downloaded AMZN/1771326659.json
[2026-02-17T12:30:41.346+0000] {logging_mixin.py:188} INFO - Downloaded AMZN/1771326670.json
[2026-02-17T12:30:41.369+0000] {logging_mixin.py:188} INFO - Downloaded AMZN/1771326680.json
[2026-02-17T12:30:41.394+0000] {logging_mixin.py:188} INFO - Downloaded AMZN/1771326690.json
[2026-02-17T12:30:41.423+0000] {logging_mixin.py:188} INFO - Downloaded AMZN/1771326701.json
[2026-02-17T12:30:41.448+0000] {logging_mixin.py:188} INFO - Downloaded AMZN/1771326711.json
[2026-02-17T12:30:41.475+0000] {logging_mixin.py:188} INFO - Downloaded AMZN/1771326721.json
[2026-02-17T12:30:41.504+0000] {logging_mixin.py:188} INFO - Downloaded AMZN/1771326731.json
[2026-02-17T12:30:41.539+0000] {logging_mixin.py:188} INFO - Downloaded AMZN/1771326741.json
[2026-02-17T12:30:41.570+0000] {logging_mixin.py:188} INFO - Downloaded AMZN/1771326752.json
[2026-02-17T12:30:41.599+0000] {logging_mixin.py:188} INFO - Downloaded AMZN/1771326762.json
[2026-02-17T12:30:41.629+0000] {logging_mixin.py:188} INFO - Downloaded AMZN/1771326772.json
[2026-02-17T12:30:41.694+0000] {logging_mixin.py:188} INFO - Downloaded AMZN/1771326782.json
[2026-02-17T12:30:41.744+0000] {logging_mixin.py:188} INFO - Downloaded AMZN/1771326793.json
[2026-02-17T12:30:41.779+0000] {logging_mixin.py:188} INFO - Downloaded AMZN/1771326802.json
[2026-02-17T12:30:41.809+0000] {logging_mixin.py:188} INFO - Downloaded AMZN/1771326813.json
[2026-02-17T12:30:41.869+0000] {logging_mixin.py:188} INFO - Downloaded AMZN/1771326823.json
[2026-02-17T12:30:41.896+0000] {logging_mixin.py:188} INFO - Downloaded AMZN/1771326834.json
[2026-02-17T12:30:41.926+0000] {logging_mixin.py:188} INFO - Downloaded AMZN/1771326844.json
[2026-02-17T12:30:41.952+0000] {logging_mixin.py:188} INFO - Downloaded AMZN/1771326854.json
[2026-02-17T12:30:41.981+0000] {logging_mixin.py:188} INFO - Downloaded AMZN/1771326863.json
[2026-02-17T12:30:42.010+0000] {logging_mixin.py:188} INFO - Downloaded AMZN/1771326874.json
[2026-02-17T12:30:42.036+0000] {logging_mixin.py:188} INFO - Downloaded AMZN/1771326884.json
[2026-02-17T12:30:42.061+0000] {logging_mixin.py:188} INFO - Downloaded AMZN/1771326895.json
[2026-02-17T12:30:42.091+0000] {logging_mixin.py:188} INFO - Downloaded AMZN/1771326905.json
[2026-02-17T12:30:42.122+0000] {logging_mixin.py:188} INFO - Downloaded AMZN/1771326916.json
[2026-02-17T12:30:42.160+0000] {logging_mixin.py:188} INFO - Downloaded AMZN/1771326927.json
[2026-02-17T12:30:42.191+0000] {logging_mixin.py:188} INFO - Downloaded AMZN/1771326937.json
[2026-02-17T12:30:42.225+0000] {logging_mixin.py:188} INFO - Downloaded AMZN/1771326948.json
[2026-02-17T12:30:42.289+0000] {logging_mixin.py:188} INFO - Downloaded AMZN/1771326959.json
[2026-02-17T12:30:42.372+0000] {logging_mixin.py:188} INFO - Downloaded AMZN/1771326969.json
[2026-02-17T12:30:42.457+0000] {logging_mixin.py:188} INFO - Downloaded AMZN/1771326980.json
[2026-02-17T12:30:42.516+0000] {logging_mixin.py:188} INFO - Downloaded AMZN/1771326990.json
[2026-02-17T12:30:42.576+0000] {logging_mixin.py:188} INFO - Downloaded AMZN/1771327001.json
[2026-02-17T12:30:42.640+0000] {logging_mixin.py:188} INFO - Downloaded AMZN/1771327011.json
[2026-02-17T12:30:42.693+0000] {logging_mixin.py:188} INFO - Downloaded AMZN/1771327022.json
[2026-02-17T12:30:42.744+0000] {logging_mixin.py:188} INFO - Downloaded AMZN/1771327032.json
[2026-02-17T12:30:42.805+0000] {logging_mixin.py:188} INFO - Downloaded AMZN/1771327043.json
[2026-02-17T12:30:42.853+0000] {logging_mixin.py:188} INFO - Downloaded AMZN/1771327053.json
[2026-02-17T12:30:42.905+0000] {logging_mixin.py:188} INFO - Downloaded AMZN/1771327071.json
[2026-02-17T12:30:42.947+0000] {logging_mixin.py:188} INFO - Downloaded AMZN/1771327090.json
[2026-02-17T12:30:43.001+0000] {logging_mixin.py:188} INFO - Downloaded AMZN/1771327105.json
[2026-02-17T12:30:43.070+0000] {logging_mixin.py:188} INFO - Downloaded AMZN/1771327119.json
[2026-02-17T12:30:43.107+0000] {logging_mixin.py:188} INFO - Downloaded AMZN/1771327131.json
[2026-02-17T12:30:43.148+0000] {logging_mixin.py:188} INFO - Downloaded AMZN/1771327141.json
[2026-02-17T12:30:43.213+0000] {logging_mixin.py:188} INFO - Downloaded AMZN/1771327151.json
[2026-02-17T12:30:43.275+0000] {logging_mixin.py:188} INFO - Downloaded AMZN/1771327162.json
[2026-02-17T12:30:43.312+0000] {logging_mixin.py:188} INFO - Downloaded AMZN/1771327172.json
[2026-02-17T12:30:43.334+0000] {logging_mixin.py:188} INFO - Downloaded AMZN/1771327182.json
[2026-02-17T12:30:43.358+0000] {logging_mixin.py:188} INFO - Downloaded AMZN/1771327192.json
[2026-02-17T12:30:43.379+0000] {logging_mixin.py:188} INFO - Downloaded AMZN/1771327202.json
[2026-02-17T12:30:43.405+0000] {logging_mixin.py:188} INFO - Downloaded AMZN/1771327213.json
[2026-02-17T12:30:43.433+0000] {logging_mixin.py:188} INFO - Downloaded AMZN/1771327224.json
[2026-02-17T12:30:43.459+0000] {logging_mixin.py:188} INFO - Downloaded AMZN/1771327234.json
[2026-02-17T12:30:43.479+0000] {logging_mixin.py:188} INFO - Downloaded AMZN/1771327245.json
[2026-02-17T12:30:43.507+0000] {logging_mixin.py:188} INFO - Downloaded AMZN/1771327255.json
[2026-02-17T12:30:43.535+0000] {logging_mixin.py:188} INFO - Downloaded AMZN/1771327265.json
[2026-02-17T12:30:43.557+0000] {logging_mixin.py:188} INFO - Downloaded AMZN/1771327276.json
[2026-02-17T12:30:43.582+0000] {logging_mixin.py:188} INFO - Downloaded AMZN/1771327285.json
[2026-02-17T12:30:43.610+0000] {logging_mixin.py:188} INFO - Downloaded AMZN/1771327296.json
[2026-02-17T12:30:43.643+0000] {logging_mixin.py:188} INFO - Downloaded AMZN/1771327306.json
[2026-02-17T12:30:43.680+0000] {logging_mixin.py:188} INFO - Downloaded AMZN/1771327317.json
[2026-02-17T12:30:43.719+0000] {logging_mixin.py:188} INFO - Downloaded AMZN/1771327327.json
[2026-02-17T12:30:43.750+0000] {logging_mixin.py:188} INFO - Downloaded AMZN/1771327337.json
[2026-02-17T12:30:43.780+0000] {logging_mixin.py:188} INFO - Downloaded AMZN/1771327347.json
[2026-02-17T12:30:43.815+0000] {logging_mixin.py:188} INFO - Downloaded AMZN/1771327357.json
[2026-02-17T12:30:43.844+0000] {logging_mixin.py:188} INFO - Downloaded AMZN/1771327367.json
[2026-02-17T12:30:43.871+0000] {logging_mixin.py:188} INFO - Downloaded AMZN/1771327378.json
[2026-02-17T12:30:43.893+0000] {logging_mixin.py:188} INFO - Downloaded AMZN/1771327388.json
[2026-02-17T12:30:43.928+0000] {logging_mixin.py:188} INFO - Downloaded AMZN/1771327398.json
[2026-02-17T12:30:43.950+0000] {logging_mixin.py:188} INFO - Downloaded AMZN/1771327410.json
[2026-02-17T12:30:43.972+0000] {logging_mixin.py:188} INFO - Downloaded AMZN/1771327420.json
[2026-02-17T12:30:43.994+0000] {logging_mixin.py:188} INFO - Downloaded AMZN/1771327430.json
[2026-02-17T12:30:44.022+0000] {logging_mixin.py:188} INFO - Downloaded AMZN/1771327441.json
[2026-02-17T12:30:44.043+0000] {logging_mixin.py:188} INFO - Downloaded AMZN/1771327450.json
[2026-02-17T12:30:44.065+0000] {logging_mixin.py:188} INFO - Downloaded AMZN/1771327461.json
[2026-02-17T12:30:44.088+0000] {logging_mixin.py:188} INFO - Downloaded AMZN/1771327472.json
[2026-02-17T12:30:44.109+0000] {logging_mixin.py:188} INFO - Downloaded AMZN/1771327482.json
[2026-02-17T12:30:44.134+0000] {logging_mixin.py:188} INFO - Downloaded AMZN/1771327492.json
[2026-02-17T12:30:44.159+0000] {logging_mixin.py:188} INFO - Downloaded AMZN/1771327504.json
[2026-02-17T12:30:44.182+0000] {logging_mixin.py:188} INFO - Downloaded AMZN/1771327514.json
[2026-02-17T12:30:44.208+0000] {logging_mixin.py:188} INFO - Downloaded AMZN/1771327524.json
[2026-02-17T12:30:44.233+0000] {logging_mixin.py:188} INFO - Downloaded AMZN/1771327535.json
[2026-02-17T12:30:44.268+0000] {logging_mixin.py:188} INFO - Downloaded AMZN/1771327545.json
[2026-02-17T12:30:44.296+0000] {logging_mixin.py:188} INFO - Downloaded AMZN/1771327555.json
[2026-02-17T12:30:44.324+0000] {logging_mixin.py:188} INFO - Downloaded AMZN/1771327566.json
[2026-02-17T12:30:44.352+0000] {logging_mixin.py:188} INFO - Downloaded AMZN/1771327578.json
[2026-02-17T12:30:44.379+0000] {logging_mixin.py:188} INFO - Downloaded AMZN/1771327590.json
[2026-02-17T12:30:44.401+0000] {logging_mixin.py:188} INFO - Downloaded AMZN/1771327600.json
[2026-02-17T12:30:44.431+0000] {logging_mixin.py:188} INFO - Downloaded AMZN/1771327610.json
[2026-02-17T12:30:44.465+0000] {logging_mixin.py:188} INFO - Downloaded AMZN/1771327621.json
[2026-02-17T12:30:44.498+0000] {logging_mixin.py:188} INFO - Downloaded AMZN/1771327631.json
[2026-02-17T12:30:44.523+0000] {logging_mixin.py:188} INFO - Downloaded AMZN/1771327641.json
[2026-02-17T12:30:44.546+0000] {logging_mixin.py:188} INFO - Downloaded AMZN/1771327651.json
[2026-02-17T12:30:44.570+0000] {logging_mixin.py:188} INFO - Downloaded AMZN/1771327661.json
[2026-02-17T12:30:44.594+0000] {logging_mixin.py:188} INFO - Downloaded AMZN/1771327672.json
[2026-02-17T12:30:44.624+0000] {logging_mixin.py:188} INFO - Downloaded AMZN/1771327682.json
[2026-02-17T12:30:44.655+0000] {logging_mixin.py:188} INFO - Downloaded AMZN/1771327692.json
[2026-02-17T12:30:44.683+0000] {logging_mixin.py:188} INFO - Downloaded AMZN/1771327703.json
[2026-02-17T12:30:44.713+0000] {logging_mixin.py:188} INFO - Downloaded AMZN/1771327713.json
[2026-02-17T12:30:44.742+0000] {logging_mixin.py:188} INFO - Downloaded AMZN/1771327723.json
[2026-02-17T12:30:44.767+0000] {logging_mixin.py:188} INFO - Downloaded AMZN/1771327733.json
[2026-02-17T12:30:44.800+0000] {logging_mixin.py:188} INFO - Downloaded AMZN/1771327743.json
[2026-02-17T12:30:44.830+0000] {logging_mixin.py:188} INFO - Downloaded AMZN/1771327754.json
[2026-02-17T12:30:44.855+0000] {logging_mixin.py:188} INFO - Downloaded AMZN/1771327764.json
[2026-02-17T12:30:44.880+0000] {logging_mixin.py:188} INFO - Downloaded AMZN/1771327774.json
[2026-02-17T12:30:44.904+0000] {logging_mixin.py:188} INFO - Downloaded AMZN/1771327786.json
[2026-02-17T12:30:44.929+0000] {logging_mixin.py:188} INFO - Downloaded AMZN/1771327795.json
[2026-02-17T12:30:44.960+0000] {logging_mixin.py:188} INFO - Downloaded AMZN/1771327806.json
[2026-02-17T12:30:44.998+0000] {logging_mixin.py:188} INFO - Downloaded AMZN/1771327816.json
[2026-02-17T12:30:45.030+0000] {logging_mixin.py:188} INFO - Downloaded AMZN/1771327827.json
[2026-02-17T12:30:45.060+0000] {logging_mixin.py:188} INFO - Downloaded AMZN/1771327837.json
[2026-02-17T12:30:45.092+0000] {logging_mixin.py:188} INFO - Downloaded AMZN/1771327847.json
[2026-02-17T12:30:45.137+0000] {logging_mixin.py:188} INFO - Downloaded AMZN/1771327858.json
[2026-02-17T12:30:45.175+0000] {logging_mixin.py:188} INFO - Downloaded AMZN/1771327869.json
[2026-02-17T12:30:45.213+0000] {logging_mixin.py:188} INFO - Downloaded AMZN/1771327879.json
[2026-02-17T12:30:45.251+0000] {logging_mixin.py:188} INFO - Downloaded AMZN/1771327890.json
[2026-02-17T12:30:45.285+0000] {logging_mixin.py:188} INFO - Downloaded AMZN/1771327900.json
[2026-02-17T12:30:45.351+0000] {logging_mixin.py:188} INFO - Downloaded AMZN/1771327911.json
[2026-02-17T12:30:45.375+0000] {logging_mixin.py:188} INFO - Downloaded AMZN/1771327921.json
[2026-02-17T12:30:45.396+0000] {logging_mixin.py:188} INFO - Downloaded AMZN/1771327931.json
[2026-02-17T12:30:45.415+0000] {logging_mixin.py:188} INFO - Downloaded AMZN/1771327942.json
[2026-02-17T12:30:45.436+0000] {logging_mixin.py:188} INFO - Downloaded AMZN/1771327952.json
[2026-02-17T12:30:45.457+0000] {logging_mixin.py:188} INFO - Downloaded AMZN/1771327962.json
[2026-02-17T12:30:45.480+0000] {logging_mixin.py:188} INFO - Downloaded AMZN/1771327973.json
[2026-02-17T12:30:45.506+0000] {logging_mixin.py:188} INFO - Downloaded AMZN/1771327983.json
[2026-02-17T12:30:45.527+0000] {logging_mixin.py:188} INFO - Downloaded AMZN/1771327993.json
[2026-02-17T12:30:45.550+0000] {logging_mixin.py:188} INFO - Downloaded AMZN/1771328004.json
[2026-02-17T12:30:45.574+0000] {logging_mixin.py:188} INFO - Downloaded AMZN/1771328013.json
[2026-02-17T12:30:45.608+0000] {logging_mixin.py:188} INFO - Downloaded AMZN/1771328023.json
[2026-02-17T12:30:45.636+0000] {logging_mixin.py:188} INFO - Downloaded AMZN/1771328033.json
[2026-02-17T12:30:45.668+0000] {logging_mixin.py:188} INFO - Downloaded AMZN/1771328044.json
[2026-02-17T12:30:45.702+0000] {logging_mixin.py:188} INFO - Downloaded AMZN/1771328054.json
[2026-02-17T12:30:45.728+0000] {logging_mixin.py:188} INFO - Downloaded AMZN/1771328064.json
[2026-02-17T12:30:45.751+0000] {logging_mixin.py:188} INFO - Downloaded AMZN/1771328074.json
[2026-02-17T12:30:45.775+0000] {logging_mixin.py:188} INFO - Downloaded AMZN/1771328085.json
[2026-02-17T12:30:45.797+0000] {logging_mixin.py:188} INFO - Downloaded AMZN/1771328096.json
[2026-02-17T12:30:45.839+0000] {logging_mixin.py:188} INFO - Downloaded AMZN/1771328109.json
[2026-02-17T12:30:45.905+0000] {logging_mixin.py:188} INFO - Downloaded AMZN/1771328120.json
[2026-02-17T12:30:45.934+0000] {logging_mixin.py:188} INFO - Downloaded AMZN/1771328131.json
[2026-02-17T12:30:45.968+0000] {logging_mixin.py:188} INFO - Downloaded AMZN/1771328143.json
[2026-02-17T12:30:46.011+0000] {logging_mixin.py:188} INFO - Downloaded AMZN/1771328153.json
[2026-02-17T12:30:46.038+0000] {logging_mixin.py:188} INFO - Downloaded AMZN/1771328165.json
[2026-02-17T12:30:46.061+0000] {logging_mixin.py:188} INFO - Downloaded AMZN/1771328203.json
[2026-02-17T12:30:46.086+0000] {logging_mixin.py:188} INFO - Downloaded AMZN/1771328213.json
[2026-02-17T12:30:46.113+0000] {logging_mixin.py:188} INFO - Downloaded AMZN/1771328223.json
[2026-02-17T12:30:46.135+0000] {logging_mixin.py:188} INFO - Downloaded AMZN/1771328234.json
[2026-02-17T12:30:46.162+0000] {logging_mixin.py:188} INFO - Downloaded AMZN/1771328244.json
[2026-02-17T12:30:46.193+0000] {logging_mixin.py:188} INFO - Downloaded AMZN/1771328254.json
[2026-02-17T12:30:46.231+0000] {logging_mixin.py:188} INFO - Downloaded AMZN/1771328265.json
[2026-02-17T12:30:46.265+0000] {logging_mixin.py:188} INFO - Downloaded AMZN/1771328276.json
[2026-02-17T12:30:46.297+0000] {logging_mixin.py:188} INFO - Downloaded AMZN/1771328287.json
[2026-02-17T12:30:46.329+0000] {logging_mixin.py:188} INFO - Downloaded AMZN/1771328297.json
[2026-02-17T12:30:46.359+0000] {logging_mixin.py:188} INFO - Downloaded AMZN/1771328307.json
[2026-02-17T12:30:46.410+0000] {logging_mixin.py:188} INFO - Downloaded AMZN/1771328317.json
[2026-02-17T12:30:46.463+0000] {logging_mixin.py:188} INFO - Downloaded AMZN/1771328328.json
[2026-02-17T12:30:46.499+0000] {logging_mixin.py:188} INFO - Downloaded AMZN/1771328338.json
[2026-02-17T12:30:46.532+0000] {logging_mixin.py:188} INFO - Downloaded AMZN/1771328348.json
[2026-02-17T12:30:46.570+0000] {logging_mixin.py:188} INFO - Downloaded AMZN/1771328361.json
[2026-02-17T12:30:46.618+0000] {logging_mixin.py:188} INFO - Downloaded AMZN/1771328376.json
[2026-02-17T12:30:46.657+0000] {logging_mixin.py:188} INFO - Downloaded AMZN/1771328389.json
[2026-02-17T12:30:46.693+0000] {logging_mixin.py:188} INFO - Downloaded AMZN/1771328399.json
[2026-02-17T12:30:46.740+0000] {logging_mixin.py:188} INFO - Downloaded AMZN/1771328410.json
[2026-02-17T12:30:46.771+0000] {logging_mixin.py:188} INFO - Downloaded AMZN/1771328421.json
[2026-02-17T12:30:46.813+0000] {logging_mixin.py:188} INFO - Downloaded AMZN/1771328495.json
[2026-02-17T12:30:46.850+0000] {logging_mixin.py:188} INFO - Downloaded AMZN/1771328521.json
[2026-02-17T12:30:46.881+0000] {logging_mixin.py:188} INFO - Downloaded AMZN/1771328531.json
[2026-02-17T12:30:46.911+0000] {logging_mixin.py:188} INFO - Downloaded AMZN/1771328634.json
[2026-02-17T12:30:46.944+0000] {logging_mixin.py:188} INFO - Downloaded AMZN/1771328731.json
[2026-02-17T12:30:46.967+0000] {logging_mixin.py:188} INFO - Downloaded AMZN/1771328742.json
[2026-02-17T12:30:46.995+0000] {logging_mixin.py:188} INFO - Downloaded AMZN/1771328752.json
[2026-02-17T12:30:47.025+0000] {logging_mixin.py:188} INFO - Downloaded AMZN/1771328764.json
[2026-02-17T12:30:47.051+0000] {logging_mixin.py:188} INFO - Downloaded AMZN/1771328774.json
[2026-02-17T12:30:47.078+0000] {logging_mixin.py:188} INFO - Downloaded AMZN/1771328784.json
[2026-02-17T12:30:47.105+0000] {logging_mixin.py:188} INFO - Downloaded AMZN/1771328794.json
[2026-02-17T12:30:47.130+0000] {logging_mixin.py:188} INFO - Downloaded AMZN/1771328804.json
[2026-02-17T12:30:47.161+0000] {logging_mixin.py:188} INFO - Downloaded AMZN/1771328815.json
[2026-02-17T12:30:47.194+0000] {logging_mixin.py:188} INFO - Downloaded AMZN/1771328825.json
[2026-02-17T12:30:47.222+0000] {logging_mixin.py:188} INFO - Downloaded AMZN/1771328836.json
[2026-02-17T12:30:47.259+0000] {logging_mixin.py:188} INFO - Downloaded AMZN/1771328846.json
[2026-02-17T12:30:47.292+0000] {logging_mixin.py:188} INFO - Downloaded AMZN/1771328858.json
[2026-02-17T12:30:47.335+0000] {logging_mixin.py:188} INFO - Downloaded AMZN/1771328869.json
[2026-02-17T12:30:47.366+0000] {logging_mixin.py:188} INFO - Downloaded AMZN/1771328880.json
[2026-02-17T12:30:47.391+0000] {logging_mixin.py:188} INFO - Downloaded AMZN/1771328891.json
[2026-02-17T12:30:47.414+0000] {logging_mixin.py:188} INFO - Downloaded AMZN/1771328901.json
[2026-02-17T12:30:47.438+0000] {logging_mixin.py:188} INFO - Downloaded AMZN/1771328931.json
[2026-02-17T12:30:47.464+0000] {logging_mixin.py:188} INFO - Downloaded AMZN/1771328942.json
[2026-02-17T12:30:47.488+0000] {logging_mixin.py:188} INFO - Downloaded AMZN/1771328952.json
[2026-02-17T12:30:47.518+0000] {logging_mixin.py:188} INFO - Downloaded AMZN/1771328962.json
[2026-02-17T12:30:47.547+0000] {logging_mixin.py:188} INFO - Downloaded AMZN/1771328977.json
[2026-02-17T12:30:47.576+0000] {logging_mixin.py:188} INFO - Downloaded AMZN/1771328988.json
[2026-02-17T12:30:47.616+0000] {logging_mixin.py:188} INFO - Downloaded AMZN/1771328998.json
[2026-02-17T12:30:47.652+0000] {logging_mixin.py:188} INFO - Downloaded AMZN/1771329009.json
[2026-02-17T12:30:47.688+0000] {logging_mixin.py:188} INFO - Downloaded AMZN/1771329022.json
[2026-02-17T12:30:47.732+0000] {logging_mixin.py:188} INFO - Downloaded AMZN/1771329033.json
[2026-02-17T12:30:47.800+0000] {logging_mixin.py:188} INFO - Downloaded AMZN/1771329044.json
[2026-02-17T12:30:47.835+0000] {logging_mixin.py:188} INFO - Downloaded AMZN/1771329086.json
[2026-02-17T12:30:47.875+0000] {logging_mixin.py:188} INFO - Downloaded AMZN/1771329097.json
[2026-02-17T12:30:47.904+0000] {logging_mixin.py:188} INFO - Downloaded AMZN/1771329108.json
[2026-02-17T12:30:47.944+0000] {logging_mixin.py:188} INFO - Downloaded AMZN/1771329134.json
[2026-02-17T12:30:47.991+0000] {logging_mixin.py:188} INFO - Downloaded AMZN/1771329146.json
[2026-02-17T12:30:48.030+0000] {logging_mixin.py:188} INFO - Downloaded AMZN/1771329157.json
[2026-02-17T12:30:48.066+0000] {logging_mixin.py:188} INFO - Downloaded AMZN/1771329169.json
[2026-02-17T12:30:48.108+0000] {logging_mixin.py:188} INFO - Downloaded AMZN/1771329180.json
[2026-02-17T12:30:48.132+0000] {logging_mixin.py:188} INFO - Downloaded AMZN/1771329191.json
[2026-02-17T12:30:48.152+0000] {logging_mixin.py:188} INFO - Downloaded AMZN/1771329203.json
[2026-02-17T12:30:48.175+0000] {logging_mixin.py:188} INFO - Downloaded AMZN/1771329214.json
[2026-02-17T12:30:48.203+0000] {logging_mixin.py:188} INFO - Downloaded AMZN/1771329224.json
[2026-02-17T12:30:48.224+0000] {logging_mixin.py:188} INFO - Downloaded AMZN/1771329234.json
[2026-02-17T12:30:48.243+0000] {logging_mixin.py:188} INFO - Downloaded AMZN/1771329245.json
[2026-02-17T12:30:48.262+0000] {logging_mixin.py:188} INFO - Downloaded AMZN/1771329255.json
[2026-02-17T12:30:48.286+0000] {logging_mixin.py:188} INFO - Downloaded AMZN/1771329266.json
[2026-02-17T12:30:48.314+0000] {logging_mixin.py:188} INFO - Downloaded AMZN/1771329276.json
[2026-02-17T12:30:48.337+0000] {logging_mixin.py:188} INFO - Downloaded AMZN/1771329286.json
[2026-02-17T12:30:48.373+0000] {logging_mixin.py:188} INFO - Downloaded AMZN/1771329296.json
[2026-02-17T12:30:48.396+0000] {logging_mixin.py:188} INFO - Downloaded AMZN/1771329306.json
[2026-02-17T12:30:48.417+0000] {logging_mixin.py:188} INFO - Downloaded AMZN/1771329317.json
[2026-02-17T12:30:48.442+0000] {logging_mixin.py:188} INFO - Downloaded AMZN/1771329327.json
[2026-02-17T12:30:48.468+0000] {logging_mixin.py:188} INFO - Downloaded AMZN/1771329337.json
[2026-02-17T12:30:48.497+0000] {logging_mixin.py:188} INFO - Downloaded AMZN/1771329348.json
[2026-02-17T12:30:48.520+0000] {logging_mixin.py:188} INFO - Downloaded AMZN/1771329358.json
[2026-02-17T12:30:48.542+0000] {logging_mixin.py:188} INFO - Downloaded AMZN/1771329368.json
[2026-02-17T12:30:48.571+0000] {logging_mixin.py:188} INFO - Downloaded AMZN/1771329379.json
[2026-02-17T12:30:48.600+0000] {logging_mixin.py:188} INFO - Downloaded AMZN/1771329389.json
[2026-02-17T12:30:48.629+0000] {logging_mixin.py:188} INFO - Downloaded AMZN/1771329399.json
[2026-02-17T12:30:48.653+0000] {logging_mixin.py:188} INFO - Downloaded AMZN/1771329409.json
[2026-02-17T12:30:48.675+0000] {logging_mixin.py:188} INFO - Downloaded AMZN/1771329419.json
[2026-02-17T12:30:48.703+0000] {logging_mixin.py:188} INFO - Downloaded AMZN/1771329429.json
[2026-02-17T12:30:48.730+0000] {logging_mixin.py:188} INFO - Downloaded AMZN/1771329439.json
[2026-02-17T12:30:48.754+0000] {logging_mixin.py:188} INFO - Downloaded AMZN/1771329449.json
[2026-02-17T12:30:48.779+0000] {logging_mixin.py:188} INFO - Downloaded AMZN/1771329460.json
[2026-02-17T12:30:48.801+0000] {logging_mixin.py:188} INFO - Downloaded AMZN/1771329470.json
[2026-02-17T12:30:48.825+0000] {logging_mixin.py:188} INFO - Downloaded AMZN/1771329480.json
[2026-02-17T12:30:48.848+0000] {logging_mixin.py:188} INFO - Downloaded AMZN/1771329490.json
[2026-02-17T12:30:48.882+0000] {logging_mixin.py:188} INFO - Downloaded AMZN/1771329502.json
[2026-02-17T12:30:48.936+0000] {logging_mixin.py:188} INFO - Downloaded AMZN/1771329512.json
[2026-02-17T12:30:48.974+0000] {logging_mixin.py:188} INFO - Downloaded AMZN/1771329524.json
[2026-02-17T12:30:49.005+0000] {logging_mixin.py:188} INFO - Downloaded AMZN/1771329540.json
[2026-02-17T12:30:49.047+0000] {logging_mixin.py:188} INFO - Downloaded AMZN/1771329551.json
[2026-02-17T12:30:49.113+0000] {logging_mixin.py:188} INFO - Downloaded AMZN/1771329561.json
[2026-02-17T12:30:49.144+0000] {logging_mixin.py:188} INFO - Downloaded AMZN/1771329571.json
[2026-02-17T12:30:49.179+0000] {logging_mixin.py:188} INFO - Downloaded AMZN/1771329581.json
[2026-02-17T12:30:49.212+0000] {logging_mixin.py:188} INFO - Downloaded AMZN/1771329591.json
[2026-02-17T12:30:49.250+0000] {logging_mixin.py:188} INFO - Downloaded AMZN/1771329602.json
[2026-02-17T12:30:49.280+0000] {logging_mixin.py:188} INFO - Downloaded AMZN/1771329614.json
[2026-02-17T12:30:49.317+0000] {logging_mixin.py:188} INFO - Downloaded AMZN/1771329624.json
[2026-02-17T12:30:49.350+0000] {logging_mixin.py:188} INFO - Downloaded AMZN/1771329637.json
[2026-02-17T12:30:49.387+0000] {logging_mixin.py:188} INFO - Downloaded AMZN/1771329682.json
[2026-02-17T12:30:49.418+0000] {logging_mixin.py:188} INFO - Downloaded AMZN/1771329700.json
[2026-02-17T12:30:49.460+0000] {logging_mixin.py:188} INFO - Downloaded AMZN/1771329711.json
[2026-02-17T12:30:49.488+0000] {logging_mixin.py:188} INFO - Downloaded AMZN/1771329721.json
[2026-02-17T12:30:49.532+0000] {logging_mixin.py:188} INFO - Downloaded AMZN/1771329732.json
[2026-02-17T12:30:49.599+0000] {logging_mixin.py:188} INFO - Downloaded AMZN/1771329742.json
[2026-02-17T12:30:49.678+0000] {logging_mixin.py:188} INFO - Downloaded AMZN/1771329753.json
[2026-02-17T12:30:49.738+0000] {logging_mixin.py:188} INFO - Downloaded AMZN/1771329765.json
[2026-02-17T12:30:49.789+0000] {logging_mixin.py:188} INFO - Downloaded AMZN/1771329776.json
[2026-02-17T12:30:49.831+0000] {logging_mixin.py:188} INFO - Downloaded AMZN/1771329787.json
[2026-02-17T12:30:49.862+0000] {logging_mixin.py:188} INFO - Downloaded AMZN/1771329799.json
[2026-02-17T12:30:49.899+0000] {logging_mixin.py:188} INFO - Downloaded AMZN/1771329810.json
[2026-02-17T12:30:49.940+0000] {logging_mixin.py:188} INFO - Downloaded AMZN/1771329821.json
[2026-02-17T12:30:49.980+0000] {logging_mixin.py:188} INFO - Downloaded AMZN/1771329832.json
[2026-02-17T12:30:50.007+0000] {logging_mixin.py:188} INFO - Downloaded AMZN/1771329843.json
[2026-02-17T12:30:50.032+0000] {logging_mixin.py:188} INFO - Downloaded AMZN/1771329880.json
[2026-02-17T12:30:50.058+0000] {logging_mixin.py:188} INFO - Downloaded AMZN/1771329891.json
[2026-02-17T12:30:50.081+0000] {logging_mixin.py:188} INFO - Downloaded AMZN/1771329901.json
[2026-02-17T12:30:50.105+0000] {logging_mixin.py:188} INFO - Downloaded AMZN/1771329911.json
[2026-02-17T12:30:50.133+0000] {logging_mixin.py:188} INFO - Downloaded AMZN/1771329922.json
[2026-02-17T12:30:50.160+0000] {logging_mixin.py:188} INFO - Downloaded AMZN/1771329932.json
[2026-02-17T12:30:50.184+0000] {logging_mixin.py:188} INFO - Downloaded AMZN/1771329943.json
[2026-02-17T12:30:50.209+0000] {logging_mixin.py:188} INFO - Downloaded AMZN/1771329953.json
[2026-02-17T12:30:50.236+0000] {logging_mixin.py:188} INFO - Downloaded AMZN/1771329964.json
[2026-02-17T12:30:50.265+0000] {logging_mixin.py:188} INFO - Downloaded AMZN/1771329975.json
[2026-02-17T12:30:50.295+0000] {logging_mixin.py:188} INFO - Downloaded AMZN/1771329987.json
[2026-02-17T12:30:50.328+0000] {logging_mixin.py:188} INFO - Downloaded AMZN/1771329997.json
[2026-02-17T12:30:50.358+0000] {logging_mixin.py:188} INFO - Downloaded AMZN/1771330009.json
[2026-02-17T12:30:50.398+0000] {logging_mixin.py:188} INFO - Downloaded AMZN/1771330027.json
[2026-02-17T12:30:50.441+0000] {logging_mixin.py:188} INFO - Downloaded AMZN/1771330039.json
[2026-02-17T12:30:50.483+0000] {logging_mixin.py:188} INFO - Downloaded AMZN/1771330050.json
[2026-02-17T12:30:50.518+0000] {logging_mixin.py:188} INFO - Downloaded AMZN/1771330082.json
[2026-02-17T12:30:50.563+0000] {logging_mixin.py:188} INFO - Downloaded AMZN/1771330094.json
[2026-02-17T12:30:50.617+0000] {logging_mixin.py:188} INFO - Downloaded AMZN/1771330105.json
[2026-02-17T12:30:50.669+0000] {logging_mixin.py:188} INFO - Downloaded AMZN/1771330116.json
[2026-02-17T12:30:50.704+0000] {logging_mixin.py:188} INFO - Downloaded AMZN/1771330127.json
[2026-02-17T12:30:50.741+0000] {logging_mixin.py:188} INFO - Downloaded AMZN/1771330139.json
[2026-02-17T12:30:50.775+0000] {logging_mixin.py:188} INFO - Downloaded AMZN/1771330149.json
[2026-02-17T12:30:53.797+0000] {logging_mixin.py:188} INFO - Downloaded AMZN/1771330160.json
[2026-02-17T12:30:53.819+0000] {logging_mixin.py:188} INFO - Downloaded AMZN/1771330170.json
[2026-02-17T12:30:53.841+0000] {logging_mixin.py:188} INFO - Downloaded AMZN/1771330181.json
[2026-02-17T12:30:53.863+0000] {logging_mixin.py:188} INFO - Downloaded AMZN/1771330191.json
[2026-02-17T12:30:53.884+0000] {logging_mixin.py:188} INFO - Downloaded AMZN/1771330203.json
[2026-02-17T12:30:53.908+0000] {logging_mixin.py:188} INFO - Downloaded AMZN/1771330214.json
[2026-02-17T12:30:53.929+0000] {logging_mixin.py:188} INFO - Downloaded AMZN/1771330226.json
[2026-02-17T12:30:53.950+0000] {logging_mixin.py:188} INFO - Downloaded AMZN/1771330237.json
[2026-02-17T12:30:53.973+0000] {logging_mixin.py:188} INFO - Downloaded AMZN/1771330248.json
[2026-02-17T12:30:53.999+0000] {logging_mixin.py:188} INFO - Downloaded AMZN/1771330258.json
[2026-02-17T12:30:54.021+0000] {logging_mixin.py:188} INFO - Downloaded AMZN/1771330269.json
[2026-02-17T12:30:54.049+0000] {logging_mixin.py:188} INFO - Downloaded AMZN/1771330279.json
[2026-02-17T12:30:54.105+0000] {logging_mixin.py:188} INFO - Downloaded AMZN/1771330290.json
[2026-02-17T12:30:54.160+0000] {logging_mixin.py:188} INFO - Downloaded AMZN/1771330300.json
[2026-02-17T12:30:54.205+0000] {logging_mixin.py:188} INFO - Downloaded AMZN/1771330312.json
[2026-02-17T12:30:54.263+0000] {logging_mixin.py:188} INFO - Downloaded AMZN/1771330323.json
[2026-02-17T12:30:54.319+0000] {logging_mixin.py:188} INFO - Downloaded AMZN/1771330334.json
[2026-02-17T12:30:54.367+0000] {logging_mixin.py:188} INFO - Downloaded AMZN/1771330344.json
[2026-02-17T12:30:54.427+0000] {logging_mixin.py:188} INFO - Downloaded AMZN/1771330355.json
[2026-02-17T12:30:54.478+0000] {logging_mixin.py:188} INFO - Downloaded AMZN/1771330366.json
[2026-02-17T12:30:54.526+0000] {logging_mixin.py:188} INFO - Downloaded AMZN/1771330376.json
[2026-02-17T12:30:54.569+0000] {logging_mixin.py:188} INFO - Downloaded AMZN/1771330387.json
[2026-02-17T12:30:54.628+0000] {logging_mixin.py:188} INFO - Downloaded AMZN/1771330398.json
[2026-02-17T12:30:54.669+0000] {logging_mixin.py:188} INFO - Downloaded AMZN/1771330409.json
[2026-02-17T12:30:54.706+0000] {logging_mixin.py:188} INFO - Downloaded AMZN/1771330421.json
[2026-02-17T12:30:54.740+0000] {logging_mixin.py:188} INFO - Downloaded AMZN/1771330432.json
[2026-02-17T12:30:54.786+0000] {logging_mixin.py:188} INFO - Downloaded AMZN/1771330443.json
[2026-02-17T12:30:54.815+0000] {logging_mixin.py:188} INFO - Downloaded AMZN/1771330453.json
[2026-02-17T12:30:54.840+0000] {logging_mixin.py:188} INFO - Downloaded AMZN/1771330464.json
[2026-02-17T12:30:54.871+0000] {logging_mixin.py:188} INFO - Downloaded AMZN/1771330475.json
[2026-02-17T12:30:54.897+0000] {logging_mixin.py:188} INFO - Downloaded AMZN/1771330485.json
[2026-02-17T12:30:54.924+0000] {logging_mixin.py:188} INFO - Downloaded AMZN/1771330495.json
[2026-02-17T12:30:54.951+0000] {logging_mixin.py:188} INFO - Downloaded AMZN/1771330506.json
[2026-02-17T12:30:54.979+0000] {logging_mixin.py:188} INFO - Downloaded AMZN/1771330516.json
[2026-02-17T12:30:55.008+0000] {logging_mixin.py:188} INFO - Downloaded AMZN/1771330527.json
[2026-02-17T12:30:55.041+0000] {logging_mixin.py:188} INFO - Downloaded AMZN/1771330540.json
[2026-02-17T12:30:55.064+0000] {logging_mixin.py:188} INFO - Downloaded AMZN/1771330550.json
[2026-02-17T12:30:55.088+0000] {logging_mixin.py:188} INFO - Downloaded AMZN/1771330566.json
[2026-02-17T12:30:55.114+0000] {logging_mixin.py:188} INFO - Downloaded AMZN/1771330578.json
[2026-02-17T12:30:55.142+0000] {logging_mixin.py:188} INFO - Downloaded AMZN/1771330590.json
[2026-02-17T12:30:55.400+0000] {logging_mixin.py:188} INFO - Downloaded AMZN/1771330602.json
[2026-02-17T12:30:55.486+0000] {logging_mixin.py:188} INFO - Downloaded AMZN/1771330612.json
[2026-02-17T12:30:55.539+0000] {logging_mixin.py:188} INFO - Downloaded AMZN/1771330623.json
[2026-02-17T12:30:55.616+0000] {logging_mixin.py:188} INFO - Downloaded AMZN/1771330634.json
[2026-02-17T12:30:55.717+0000] {logging_mixin.py:188} INFO - Downloaded AMZN/1771330645.json
[2026-02-17T12:30:55.810+0000] {logging_mixin.py:188} INFO - Downloaded AMZN/1771330656.json
[2026-02-17T12:30:55.952+0000] {logging_mixin.py:188} INFO - Downloaded AMZN/1771330667.json
[2026-02-17T12:30:56.122+0000] {logging_mixin.py:188} INFO - Downloaded AMZN/1771330681.json
[2026-02-17T12:30:56.215+0000] {logging_mixin.py:188} INFO - Downloaded AMZN/1771330691.json
[2026-02-17T12:30:56.287+0000] {logging_mixin.py:188} INFO - Downloaded AMZN/1771330702.json
[2026-02-17T12:30:56.344+0000] {logging_mixin.py:188} INFO - Downloaded AMZN/1771330712.json
[2026-02-17T12:30:56.382+0000] {logging_mixin.py:188} INFO - Downloaded AMZN/1771330726.json
[2026-02-17T12:30:56.430+0000] {logging_mixin.py:188} INFO - Downloaded AMZN/1771330737.json
[2026-02-17T12:30:56.460+0000] {logging_mixin.py:188} INFO - Downloaded AMZN/1771330747.json
[2026-02-17T12:30:56.504+0000] {logging_mixin.py:188} INFO - Downloaded AMZN/1771330757.json
[2026-02-17T12:30:56.533+0000] {logging_mixin.py:188} INFO - Downloaded AMZN/1771330768.json
[2026-02-17T12:30:56.561+0000] {logging_mixin.py:188} INFO - Downloaded AMZN/1771330778.json
[2026-02-17T12:30:56.597+0000] {logging_mixin.py:188} INFO - Downloaded AMZN/1771330788.json
[2026-02-17T12:30:56.622+0000] {logging_mixin.py:188} INFO - Downloaded AMZN/1771330799.json
[2026-02-17T12:30:56.652+0000] {logging_mixin.py:188} INFO - Downloaded AMZN/1771330809.json
[2026-02-17T12:30:56.680+0000] {logging_mixin.py:188} INFO - Downloaded AMZN/1771330820.json
[2026-02-17T12:30:56.711+0000] {logging_mixin.py:188} INFO - Downloaded AMZN/1771330831.json
[2026-02-17T12:30:56.742+0000] {logging_mixin.py:188} INFO - Downloaded AMZN/1771330847.json
[2026-02-17T12:30:56.771+0000] {logging_mixin.py:188} INFO - Downloaded AMZN/1771330861.json
[2026-02-17T12:30:56.802+0000] {logging_mixin.py:188} INFO - Downloaded AMZN/1771330874.json
[2026-02-17T12:30:56.833+0000] {logging_mixin.py:188} INFO - Downloaded AMZN/1771330889.json
[2026-02-17T12:30:56.860+0000] {logging_mixin.py:188} INFO - Downloaded AMZN/1771330900.json
[2026-02-17T12:30:56.895+0000] {logging_mixin.py:188} INFO - Downloaded AMZN/1771330911.json
[2026-02-17T12:30:56.938+0000] {logging_mixin.py:188} INFO - Downloaded AMZN/1771330921.json
[2026-02-17T12:30:56.983+0000] {logging_mixin.py:188} INFO - Downloaded AMZN/1771330931.json
[2026-02-17T12:30:57.011+0000] {logging_mixin.py:188} INFO - Downloaded AMZN/1771330941.json
[2026-02-17T12:30:57.048+0000] {logging_mixin.py:188} INFO - Downloaded AMZN/1771330952.json
[2026-02-17T12:30:57.086+0000] {logging_mixin.py:188} INFO - Downloaded AMZN/1771330963.json
[2026-02-17T12:30:57.140+0000] {logging_mixin.py:188} INFO - Downloaded AMZN/1771330977.json
[2026-02-17T12:30:57.192+0000] {logging_mixin.py:188} INFO - Downloaded AMZN/1771330988.json
[2026-02-17T12:30:57.242+0000] {logging_mixin.py:188} INFO - Downloaded AMZN/1771330998.json
[2026-02-17T12:30:57.282+0000] {logging_mixin.py:188} INFO - Downloaded AMZN/1771331009.json
[2026-02-17T12:30:57.321+0000] {logging_mixin.py:188} INFO - Downloaded AMZN/1771331019.json
[2026-02-17T12:30:57.348+0000] {logging_mixin.py:188} INFO - Downloaded AMZN/1771331029.json
[2026-02-17T12:30:57.373+0000] {logging_mixin.py:188} INFO - Downloaded AMZN/1771331039.json
[2026-02-17T12:30:57.396+0000] {logging_mixin.py:188} INFO - Downloaded AMZN/1771331050.json
[2026-02-17T12:30:57.424+0000] {logging_mixin.py:188} INFO - Downloaded AMZN/1771331061.json
[2026-02-17T12:30:57.447+0000] {logging_mixin.py:188} INFO - Downloaded AMZN/1771331072.json
[2026-02-17T12:30:57.472+0000] {logging_mixin.py:188} INFO - Downloaded AMZN/1771331083.json
[2026-02-17T12:30:57.494+0000] {logging_mixin.py:188} INFO - Downloaded AMZN/1771331093.json
[2026-02-17T12:30:57.519+0000] {logging_mixin.py:188} INFO - Downloaded AMZN/1771331103.json
[2026-02-17T12:30:57.546+0000] {logging_mixin.py:188} INFO - Downloaded AMZN/1771331114.json
[2026-02-17T12:30:57.575+0000] {logging_mixin.py:188} INFO - Downloaded AMZN/1771331124.json
[2026-02-17T12:30:57.616+0000] {logging_mixin.py:188} INFO - Downloaded AMZN/1771331135.json
[2026-02-17T12:30:57.647+0000] {logging_mixin.py:188} INFO - Downloaded AMZN/1771331145.json
[2026-02-17T12:30:57.673+0000] {logging_mixin.py:188} INFO - Downloaded AMZN/1771331155.json
[2026-02-17T12:30:57.698+0000] {logging_mixin.py:188} INFO - Downloaded AMZN/1771331166.json
[2026-02-17T12:30:57.723+0000] {logging_mixin.py:188} INFO - Downloaded AMZN/1771331177.json
[2026-02-17T12:30:57.746+0000] {logging_mixin.py:188} INFO - Downloaded AMZN/1771331187.json
[2026-02-17T12:30:57.769+0000] {logging_mixin.py:188} INFO - Downloaded AMZN/1771331198.json
[2026-02-17T12:30:57.792+0000] {logging_mixin.py:188} INFO - Downloaded AMZN/1771331208.json
[2026-02-17T12:30:57.819+0000] {logging_mixin.py:188} INFO - Downloaded AMZN/1771331219.json
[2026-02-17T12:30:57.855+0000] {logging_mixin.py:188} INFO - Downloaded AMZN/1771331230.json
[2026-02-17T12:30:57.874+0000] {logging_mixin.py:188} INFO - Downloaded AMZN/1771331243.json
[2026-02-17T12:30:57.893+0000] {logging_mixin.py:188} INFO - Downloaded AMZN/1771331254.json
[2026-02-17T12:30:57.916+0000] {logging_mixin.py:188} INFO - Downloaded AMZN/1771331266.json
[2026-02-17T12:30:57.934+0000] {logging_mixin.py:188} INFO - Downloaded AMZN/1771331277.json
[2026-02-17T12:30:57.953+0000] {logging_mixin.py:188} INFO - Downloaded AMZN/1771331288.json
[2026-02-17T12:30:57.980+0000] {logging_mixin.py:188} INFO - Downloaded AMZN/1771331298.json
[2026-02-17T12:30:58.003+0000] {logging_mixin.py:188} INFO - Downloaded AMZN/1771331308.json
[2026-02-17T12:30:58.028+0000] {logging_mixin.py:188} INFO - Downloaded AMZN/1771331319.json
[2026-02-17T12:30:58.050+0000] {logging_mixin.py:188} INFO - Downloaded AMZN/1771331329.json
[2026-02-17T12:30:58.073+0000] {logging_mixin.py:188} INFO - Downloaded AMZN/1771331339.json
[2026-02-17T12:30:58.097+0000] {logging_mixin.py:188} INFO - Downloaded AMZN/1771331349.json
[2026-02-17T12:30:58.124+0000] {logging_mixin.py:188} INFO - Downloaded AMZN/1771331360.json
[2026-02-17T12:30:58.150+0000] {logging_mixin.py:188} INFO - Downloaded AMZN/1771331371.json
[2026-02-17T12:30:58.175+0000] {logging_mixin.py:188} INFO - Downloaded AMZN/1771331381.json
[2026-02-17T12:30:58.198+0000] {logging_mixin.py:188} INFO - Downloaded AMZN/1771331390.json
[2026-02-17T12:30:58.218+0000] {logging_mixin.py:188} INFO - Downloaded AMZN/1771331401.json
[2026-02-17T12:30:58.241+0000] {logging_mixin.py:188} INFO - Downloaded AMZN/1771331411.json
[2026-02-17T12:30:58.263+0000] {logging_mixin.py:188} INFO - Downloaded AMZN/1771331421.json
[2026-02-17T12:30:58.288+0000] {logging_mixin.py:188} INFO - Downloaded AMZN/1771331432.json
[2026-02-17T12:30:58.308+0000] {logging_mixin.py:188} INFO - Downloaded AMZN/1771331442.json
[2026-02-17T12:30:58.332+0000] {logging_mixin.py:188} INFO - Downloaded GOOGL/1771324934.json
[2026-02-17T12:30:58.357+0000] {logging_mixin.py:188} INFO - Downloaded GOOGL/1771324945.json
[2026-02-17T12:30:58.388+0000] {logging_mixin.py:188} INFO - Downloaded GOOGL/1771324955.json
[2026-02-17T12:30:58.411+0000] {logging_mixin.py:188} INFO - Downloaded GOOGL/1771324965.json
[2026-02-17T12:30:58.434+0000] {logging_mixin.py:188} INFO - Downloaded GOOGL/1771324976.json
[2026-02-17T12:30:58.458+0000] {logging_mixin.py:188} INFO - Downloaded GOOGL/1771324987.json
[2026-02-17T12:30:58.505+0000] {logging_mixin.py:188} INFO - Downloaded GOOGL/1771324998.json
[2026-02-17T12:30:58.533+0000] {logging_mixin.py:188} INFO - Downloaded GOOGL/1771325008.json
[2026-02-17T12:30:58.553+0000] {logging_mixin.py:188} INFO - Downloaded GOOGL/1771325019.json
[2026-02-17T12:30:58.575+0000] {logging_mixin.py:188} INFO - Downloaded GOOGL/1771325030.json
[2026-02-17T12:30:58.602+0000] {logging_mixin.py:188} INFO - Downloaded GOOGL/1771325040.json
[2026-02-17T12:30:58.631+0000] {logging_mixin.py:188} INFO - Downloaded GOOGL/1771325050.json
[2026-02-17T12:30:58.661+0000] {logging_mixin.py:188} INFO - Downloaded GOOGL/1771325061.json
[2026-02-17T12:30:58.682+0000] {logging_mixin.py:188} INFO - Downloaded GOOGL/1771325071.json
[2026-02-17T12:30:58.703+0000] {logging_mixin.py:188} INFO - Downloaded GOOGL/1771325081.json
[2026-02-17T12:30:58.723+0000] {logging_mixin.py:188} INFO - Downloaded GOOGL/1771325092.json
[2026-02-17T12:30:58.748+0000] {logging_mixin.py:188} INFO - Downloaded GOOGL/1771325103.json
[2026-02-17T12:30:58.769+0000] {logging_mixin.py:188} INFO - Downloaded GOOGL/1771325113.json
[2026-02-17T12:30:58.792+0000] {logging_mixin.py:188} INFO - Downloaded GOOGL/1771325123.json
[2026-02-17T12:30:58.813+0000] {logging_mixin.py:188} INFO - Downloaded GOOGL/1771325134.json
[2026-02-17T12:30:58.832+0000] {logging_mixin.py:188} INFO - Downloaded GOOGL/1771325144.json
[2026-02-17T12:30:58.852+0000] {logging_mixin.py:188} INFO - Downloaded GOOGL/1771325155.json
[2026-02-17T12:30:58.874+0000] {logging_mixin.py:188} INFO - Downloaded GOOGL/1771325165.json
[2026-02-17T12:30:58.898+0000] {logging_mixin.py:188} INFO - Downloaded GOOGL/1771325176.json
[2026-02-17T12:30:58.927+0000] {logging_mixin.py:188} INFO - Downloaded GOOGL/1771325186.json
[2026-02-17T12:30:58.955+0000] {logging_mixin.py:188} INFO - Downloaded GOOGL/1771325196.json
[2026-02-17T12:30:58.978+0000] {logging_mixin.py:188} INFO - Downloaded GOOGL/1771325207.json
[2026-02-17T12:30:58.999+0000] {logging_mixin.py:188} INFO - Downloaded GOOGL/1771325217.json
[2026-02-17T12:30:59.023+0000] {logging_mixin.py:188} INFO - Downloaded GOOGL/1771325227.json
[2026-02-17T12:30:59.042+0000] {logging_mixin.py:188} INFO - Downloaded GOOGL/1771325238.json
[2026-02-17T12:30:59.066+0000] {logging_mixin.py:188} INFO - Downloaded GOOGL/1771325249.json
[2026-02-17T12:30:59.094+0000] {logging_mixin.py:188} INFO - Downloaded GOOGL/1771325260.json
[2026-02-17T12:30:59.121+0000] {logging_mixin.py:188} INFO - Downloaded GOOGL/1771325271.json
[2026-02-17T12:30:59.152+0000] {logging_mixin.py:188} INFO - Downloaded GOOGL/1771325281.json
[2026-02-17T12:30:59.184+0000] {logging_mixin.py:188} INFO - Downloaded GOOGL/1771325291.json
[2026-02-17T12:30:59.230+0000] {logging_mixin.py:188} INFO - Downloaded GOOGL/1771325303.json
[2026-02-17T12:30:59.262+0000] {logging_mixin.py:188} INFO - Downloaded GOOGL/1771325336.json
[2026-02-17T12:30:59.300+0000] {logging_mixin.py:188} INFO - Downloaded GOOGL/1771325346.json
[2026-02-17T12:30:59.333+0000] {logging_mixin.py:188} INFO - Downloaded GOOGL/1771325356.json
[2026-02-17T12:30:59.368+0000] {logging_mixin.py:188} INFO - Downloaded GOOGL/1771325366.json
[2026-02-17T12:30:59.392+0000] {logging_mixin.py:188} INFO - Downloaded GOOGL/1771325377.json
[2026-02-17T12:30:59.420+0000] {logging_mixin.py:188} INFO - Downloaded GOOGL/1771325387.json
[2026-02-17T12:30:59.457+0000] {logging_mixin.py:188} INFO - Downloaded GOOGL/1771325399.json
[2026-02-17T12:30:59.488+0000] {logging_mixin.py:188} INFO - Downloaded GOOGL/1771325410.json
[2026-02-17T12:30:59.539+0000] {logging_mixin.py:188} INFO - Downloaded GOOGL/1771325421.json
[2026-02-17T12:30:59.584+0000] {logging_mixin.py:188} INFO - Downloaded GOOGL/1771325433.json
[2026-02-17T12:30:59.613+0000] {logging_mixin.py:188} INFO - Downloaded GOOGL/1771325445.json
[2026-02-17T12:30:59.659+0000] {logging_mixin.py:188} INFO - Downloaded GOOGL/1771325455.json
[2026-02-17T12:30:59.704+0000] {logging_mixin.py:188} INFO - Downloaded GOOGL/1771325466.json
[2026-02-17T12:30:59.734+0000] {logging_mixin.py:188} INFO - Downloaded GOOGL/1771325476.json
[2026-02-17T12:30:59.776+0000] {logging_mixin.py:188} INFO - Downloaded GOOGL/1771325487.json
[2026-02-17T12:30:59.816+0000] {logging_mixin.py:188} INFO - Downloaded GOOGL/1771325498.json
[2026-02-17T12:30:59.858+0000] {logging_mixin.py:188} INFO - Downloaded GOOGL/1771325509.json
[2026-02-17T12:30:59.886+0000] {logging_mixin.py:188} INFO - Downloaded GOOGL/1771325519.json
[2026-02-17T12:30:59.910+0000] {logging_mixin.py:188} INFO - Downloaded GOOGL/1771325530.json
[2026-02-17T12:30:59.939+0000] {logging_mixin.py:188} INFO - Downloaded GOOGL/1771325540.json
[2026-02-17T12:30:59.960+0000] {logging_mixin.py:188} INFO - Downloaded GOOGL/1771325551.json
[2026-02-17T12:30:59.981+0000] {logging_mixin.py:188} INFO - Downloaded GOOGL/1771325561.json
[2026-02-17T12:31:00.008+0000] {logging_mixin.py:188} INFO - Downloaded GOOGL/1771325571.json
[2026-02-17T12:31:00.036+0000] {logging_mixin.py:188} INFO - Downloaded GOOGL/1771325581.json
[2026-02-17T12:31:00.058+0000] {logging_mixin.py:188} INFO - Downloaded GOOGL/1771325591.json
[2026-02-17T12:31:00.080+0000] {logging_mixin.py:188} INFO - Downloaded GOOGL/1771325603.json
[2026-02-17T12:31:00.102+0000] {logging_mixin.py:188} INFO - Downloaded GOOGL/1771325614.json
[2026-02-17T12:31:00.124+0000] {logging_mixin.py:188} INFO - Downloaded GOOGL/1771325624.json
[2026-02-17T12:31:00.149+0000] {logging_mixin.py:188} INFO - Downloaded GOOGL/1771325636.json
[2026-02-17T12:31:00.178+0000] {logging_mixin.py:188} INFO - Downloaded GOOGL/1771325646.json
[2026-02-17T12:31:00.200+0000] {logging_mixin.py:188} INFO - Downloaded GOOGL/1771325657.json
[2026-02-17T12:31:00.225+0000] {logging_mixin.py:188} INFO - Downloaded GOOGL/1771325667.json
[2026-02-17T12:31:00.245+0000] {logging_mixin.py:188} INFO - Downloaded GOOGL/1771325677.json
[2026-02-17T12:31:00.268+0000] {logging_mixin.py:188} INFO - Downloaded GOOGL/1771325688.json
[2026-02-17T12:31:00.290+0000] {logging_mixin.py:188} INFO - Downloaded GOOGL/1771325699.json
[2026-02-17T12:31:00.316+0000] {logging_mixin.py:188} INFO - Downloaded GOOGL/1771325709.json
[2026-02-17T12:31:00.341+0000] {logging_mixin.py:188} INFO - Downloaded GOOGL/1771325720.json
[2026-02-17T12:31:00.361+0000] {logging_mixin.py:188} INFO - Downloaded GOOGL/1771325730.json
[2026-02-17T12:31:00.390+0000] {logging_mixin.py:188} INFO - Downloaded GOOGL/1771325741.json
[2026-02-17T12:31:00.427+0000] {logging_mixin.py:188} INFO - Downloaded GOOGL/1771325752.json
[2026-02-17T12:31:00.465+0000] {logging_mixin.py:188} INFO - Downloaded GOOGL/1771325766.json
[2026-02-17T12:31:00.493+0000] {logging_mixin.py:188} INFO - Downloaded GOOGL/1771325778.json
[2026-02-17T12:31:00.519+0000] {logging_mixin.py:188} INFO - Downloaded GOOGL/1771325790.json
[2026-02-17T12:31:00.553+0000] {logging_mixin.py:188} INFO - Downloaded GOOGL/1771325801.json
[2026-02-17T12:31:00.584+0000] {logging_mixin.py:188} INFO - Downloaded GOOGL/1771325811.json
[2026-02-17T12:31:00.610+0000] {logging_mixin.py:188} INFO - Downloaded GOOGL/1771325822.json
[2026-02-17T12:31:00.632+0000] {logging_mixin.py:188} INFO - Downloaded GOOGL/1771325832.json
[2026-02-17T12:31:00.654+0000] {logging_mixin.py:188} INFO - Downloaded GOOGL/1771325842.json
[2026-02-17T12:31:00.674+0000] {logging_mixin.py:188} INFO - Downloaded GOOGL/1771325855.json
[2026-02-17T12:31:00.693+0000] {logging_mixin.py:188} INFO - Downloaded GOOGL/1771325865.json
[2026-02-17T12:31:00.719+0000] {logging_mixin.py:188} INFO - Downloaded GOOGL/1771325876.json
[2026-02-17T12:31:00.748+0000] {logging_mixin.py:188} INFO - Downloaded GOOGL/1771325888.json
[2026-02-17T12:31:00.771+0000] {logging_mixin.py:188} INFO - Downloaded GOOGL/1771325899.json
[2026-02-17T12:31:00.793+0000] {logging_mixin.py:188} INFO - Downloaded GOOGL/1771325912.json
[2026-02-17T12:31:00.812+0000] {logging_mixin.py:188} INFO - Downloaded GOOGL/1771325923.json
[2026-02-17T12:31:00.837+0000] {logging_mixin.py:188} INFO - Downloaded GOOGL/1771325934.json
[2026-02-17T12:31:00.858+0000] {logging_mixin.py:188} INFO - Downloaded GOOGL/1771325946.json
[2026-02-17T12:31:00.878+0000] {logging_mixin.py:188} INFO - Downloaded GOOGL/1771325959.json
[2026-02-17T12:31:00.897+0000] {logging_mixin.py:188} INFO - Downloaded GOOGL/1771325971.json
[2026-02-17T12:31:00.920+0000] {logging_mixin.py:188} INFO - Downloaded GOOGL/1771325982.json
[2026-02-17T12:31:00.942+0000] {logging_mixin.py:188} INFO - Downloaded GOOGL/1771325993.json
[2026-02-17T12:31:00.970+0000] {logging_mixin.py:188} INFO - Downloaded GOOGL/1771326003.json
[2026-02-17T12:31:00.999+0000] {logging_mixin.py:188} INFO - Downloaded GOOGL/1771326014.json
[2026-02-17T12:31:01.041+0000] {logging_mixin.py:188} INFO - Downloaded GOOGL/1771326025.json
[2026-02-17T12:31:01.071+0000] {logging_mixin.py:188} INFO - Downloaded GOOGL/1771326035.json
[2026-02-17T12:31:01.112+0000] {logging_mixin.py:188} INFO - Downloaded GOOGL/1771326045.json
[2026-02-17T12:31:01.142+0000] {logging_mixin.py:188} INFO - Downloaded GOOGL/1771326056.json
[2026-02-17T12:31:01.173+0000] {logging_mixin.py:188} INFO - Downloaded GOOGL/1771326066.json
[2026-02-17T12:31:01.217+0000] {logging_mixin.py:188} INFO - Downloaded GOOGL/1771326076.json
[2026-02-17T12:31:01.260+0000] {logging_mixin.py:188} INFO - Downloaded GOOGL/1771326086.json
[2026-02-17T12:31:01.289+0000] {logging_mixin.py:188} INFO - Downloaded GOOGL/1771326098.json
[2026-02-17T12:31:01.314+0000] {logging_mixin.py:188} INFO - Downloaded GOOGL/1771326111.json
[2026-02-17T12:31:01.335+0000] {logging_mixin.py:188} INFO - Downloaded GOOGL/1771326125.json
[2026-02-17T12:31:01.357+0000] {logging_mixin.py:188} INFO - Downloaded GOOGL/1771326137.json
[2026-02-17T12:31:01.385+0000] {logging_mixin.py:188} INFO - Downloaded GOOGL/1771326147.json
[2026-02-17T12:31:01.422+0000] {logging_mixin.py:188} INFO - Downloaded GOOGL/1771326159.json
[2026-02-17T12:31:01.457+0000] {logging_mixin.py:188} INFO - Downloaded GOOGL/1771326170.json
[2026-02-17T12:31:01.499+0000] {logging_mixin.py:188} INFO - Downloaded GOOGL/1771326181.json
[2026-02-17T12:31:01.527+0000] {logging_mixin.py:188} INFO - Downloaded GOOGL/1771326192.json
[2026-02-17T12:31:01.555+0000] {logging_mixin.py:188} INFO - Downloaded GOOGL/1771326202.json
[2026-02-17T12:31:01.609+0000] {logging_mixin.py:188} INFO - Downloaded GOOGL/1771326213.json
[2026-02-17T12:31:01.659+0000] {logging_mixin.py:188} INFO - Downloaded GOOGL/1771326223.json
[2026-02-17T12:31:01.683+0000] {logging_mixin.py:188} INFO - Downloaded GOOGL/1771326233.json
[2026-02-17T12:31:01.708+0000] {logging_mixin.py:188} INFO - Downloaded GOOGL/1771326243.json
[2026-02-17T12:31:01.730+0000] {logging_mixin.py:188} INFO - Downloaded GOOGL/1771326253.json
[2026-02-17T12:31:01.758+0000] {logging_mixin.py:188} INFO - Downloaded GOOGL/1771326263.json
[2026-02-17T12:31:01.795+0000] {logging_mixin.py:188} INFO - Downloaded GOOGL/1771326274.json
[2026-02-17T12:31:01.819+0000] {logging_mixin.py:188} INFO - Downloaded GOOGL/1771326284.json
[2026-02-17T12:31:01.843+0000] {logging_mixin.py:188} INFO - Downloaded GOOGL/1771326295.json
[2026-02-17T12:31:01.865+0000] {logging_mixin.py:188} INFO - Downloaded GOOGL/1771326311.json
[2026-02-17T12:31:01.886+0000] {logging_mixin.py:188} INFO - Downloaded GOOGL/1771326322.json
[2026-02-17T12:31:01.913+0000] {logging_mixin.py:188} INFO - Downloaded GOOGL/1771326333.json
[2026-02-17T12:31:01.935+0000] {logging_mixin.py:188} INFO - Downloaded GOOGL/1771326349.json
[2026-02-17T12:31:01.955+0000] {logging_mixin.py:188} INFO - Downloaded GOOGL/1771326360.json
[2026-02-17T12:31:01.976+0000] {logging_mixin.py:188} INFO - Downloaded GOOGL/1771326372.json
[2026-02-17T12:31:01.997+0000] {logging_mixin.py:188} INFO - Downloaded GOOGL/1771326382.json
[2026-02-17T12:31:02.024+0000] {logging_mixin.py:188} INFO - Downloaded GOOGL/1771326393.json
[2026-02-17T12:31:02.050+0000] {logging_mixin.py:188} INFO - Downloaded GOOGL/1771326403.json
[2026-02-17T12:31:02.071+0000] {logging_mixin.py:188} INFO - Downloaded GOOGL/1771326413.json
[2026-02-17T12:31:02.092+0000] {logging_mixin.py:188} INFO - Downloaded GOOGL/1771326424.json
[2026-02-17T12:31:02.113+0000] {logging_mixin.py:188} INFO - Downloaded GOOGL/1771326434.json
[2026-02-17T12:31:02.139+0000] {logging_mixin.py:188} INFO - Downloaded GOOGL/1771326444.json
[2026-02-17T12:31:02.163+0000] {logging_mixin.py:188} INFO - Downloaded GOOGL/1771326454.json
[2026-02-17T12:31:02.200+0000] {logging_mixin.py:188} INFO - Downloaded GOOGL/1771326465.json
[2026-02-17T12:31:02.234+0000] {logging_mixin.py:188} INFO - Downloaded GOOGL/1771326475.json
[2026-02-17T12:31:02.304+0000] {logging_mixin.py:188} INFO - Downloaded GOOGL/1771326485.json
[2026-02-17T12:31:02.369+0000] {logging_mixin.py:188} INFO - Downloaded GOOGL/1771326495.json
[2026-02-17T12:31:02.401+0000] {logging_mixin.py:188} INFO - Downloaded GOOGL/1771326506.json
[2026-02-17T12:31:02.445+0000] {logging_mixin.py:188} INFO - Downloaded GOOGL/1771326516.json
[2026-02-17T12:31:02.495+0000] {logging_mixin.py:188} INFO - Downloaded GOOGL/1771326526.json
[2026-02-17T12:31:02.532+0000] {logging_mixin.py:188} INFO - Downloaded GOOGL/1771326536.json
[2026-02-17T12:31:02.564+0000] {logging_mixin.py:188} INFO - Downloaded GOOGL/1771326547.json
[2026-02-17T12:31:02.600+0000] {logging_mixin.py:188} INFO - Downloaded GOOGL/1771326556.json
[2026-02-17T12:31:02.656+0000] {logging_mixin.py:188} INFO - Downloaded GOOGL/1771326567.json
[2026-02-17T12:31:02.724+0000] {logging_mixin.py:188} INFO - Downloaded GOOGL/1771326577.json
[2026-02-17T12:31:02.764+0000] {logging_mixin.py:188} INFO - Downloaded GOOGL/1771326587.json
[2026-02-17T12:31:02.812+0000] {logging_mixin.py:188} INFO - Downloaded GOOGL/1771326597.json
[2026-02-17T12:31:02.853+0000] {logging_mixin.py:188} INFO - Downloaded GOOGL/1771326607.json
[2026-02-17T12:31:02.904+0000] {logging_mixin.py:188} INFO - Downloaded GOOGL/1771326617.json
[2026-02-17T12:31:02.940+0000] {logging_mixin.py:188} INFO - Downloaded GOOGL/1771326627.json
[2026-02-17T12:31:02.977+0000] {logging_mixin.py:188} INFO - Downloaded GOOGL/1771326638.json
[2026-02-17T12:31:03.029+0000] {logging_mixin.py:188} INFO - Downloaded GOOGL/1771326647.json
[2026-02-17T12:31:03.081+0000] {logging_mixin.py:188} INFO - Downloaded GOOGL/1771326658.json
[2026-02-17T12:31:03.118+0000] {logging_mixin.py:188} INFO - Downloaded GOOGL/1771326668.json
[2026-02-17T12:31:03.149+0000] {logging_mixin.py:188} INFO - Downloaded GOOGL/1771326678.json
[2026-02-17T12:31:03.211+0000] {logging_mixin.py:188} INFO - Downloaded GOOGL/1771326689.json
[2026-02-17T12:31:03.259+0000] {logging_mixin.py:188} INFO - Downloaded GOOGL/1771326699.json
[2026-02-17T12:31:03.281+0000] {logging_mixin.py:188} INFO - Downloaded GOOGL/1771326709.json
[2026-02-17T12:31:03.307+0000] {logging_mixin.py:188} INFO - Downloaded GOOGL/1771326720.json
[2026-02-17T12:31:03.367+0000] {logging_mixin.py:188} INFO - Downloaded GOOGL/1771326730.json
[2026-02-17T12:31:03.395+0000] {logging_mixin.py:188} INFO - Downloaded GOOGL/1771326740.json
[2026-02-17T12:31:03.418+0000] {logging_mixin.py:188} INFO - Downloaded GOOGL/1771326750.json
[2026-02-17T12:31:03.439+0000] {logging_mixin.py:188} INFO - Downloaded GOOGL/1771326760.json
[2026-02-17T12:31:03.459+0000] {logging_mixin.py:188} INFO - Downloaded GOOGL/1771326771.json
[2026-02-17T12:31:03.504+0000] {logging_mixin.py:188} INFO - Downloaded GOOGL/1771326781.json
[2026-02-17T12:31:03.534+0000] {logging_mixin.py:188} INFO - Downloaded GOOGL/1771326791.json
[2026-02-17T12:31:03.561+0000] {logging_mixin.py:188} INFO - Downloaded GOOGL/1771326801.json
[2026-02-17T12:31:03.593+0000] {logging_mixin.py:188} INFO - Downloaded GOOGL/1771326811.json
[2026-02-17T12:31:03.650+0000] {logging_mixin.py:188} INFO - Downloaded GOOGL/1771326821.json
[2026-02-17T12:31:03.688+0000] {logging_mixin.py:188} INFO - Downloaded GOOGL/1771326832.json
[2026-02-17T12:31:03.720+0000] {logging_mixin.py:188} INFO - Downloaded GOOGL/1771326842.json
[2026-02-17T12:31:03.751+0000] {logging_mixin.py:188} INFO - Downloaded GOOGL/1771326852.json
[2026-02-17T12:31:03.800+0000] {logging_mixin.py:188} INFO - Downloaded GOOGL/1771326862.json
[2026-02-17T12:31:03.841+0000] {logging_mixin.py:188} INFO - Downloaded GOOGL/1771326873.json
[2026-02-17T12:31:03.867+0000] {logging_mixin.py:188} INFO - Downloaded GOOGL/1771326883.json
[2026-02-17T12:31:03.890+0000] {logging_mixin.py:188} INFO - Downloaded GOOGL/1771326893.json
[2026-02-17T12:31:03.909+0000] {logging_mixin.py:188} INFO - Downloaded GOOGL/1771326903.json
[2026-02-17T12:31:03.928+0000] {logging_mixin.py:188} INFO - Downloaded GOOGL/1771326914.json
[2026-02-17T12:31:03.947+0000] {logging_mixin.py:188} INFO - Downloaded GOOGL/1771326925.json
[2026-02-17T12:31:03.968+0000] {logging_mixin.py:188} INFO - Downloaded GOOGL/1771326936.json
[2026-02-17T12:31:03.994+0000] {logging_mixin.py:188} INFO - Downloaded GOOGL/1771326947.json
[2026-02-17T12:31:04.023+0000] {logging_mixin.py:188} INFO - Downloaded GOOGL/1771326957.json
[2026-02-17T12:31:04.046+0000] {logging_mixin.py:188} INFO - Downloaded GOOGL/1771326967.json
[2026-02-17T12:31:04.081+0000] {logging_mixin.py:188} INFO - Downloaded GOOGL/1771326978.json
[2026-02-17T12:31:04.103+0000] {logging_mixin.py:188} INFO - Downloaded GOOGL/1771326988.json
[2026-02-17T12:31:04.124+0000] {logging_mixin.py:188} INFO - Downloaded GOOGL/1771326999.json
[2026-02-17T12:31:04.146+0000] {logging_mixin.py:188} INFO - Downloaded GOOGL/1771327010.json
[2026-02-17T12:31:04.168+0000] {logging_mixin.py:188} INFO - Downloaded GOOGL/1771327020.json
[2026-02-17T12:31:04.191+0000] {logging_mixin.py:188} INFO - Downloaded GOOGL/1771327030.json
[2026-02-17T12:31:04.216+0000] {logging_mixin.py:188} INFO - Downloaded GOOGL/1771327041.json
[2026-02-17T12:31:04.262+0000] {logging_mixin.py:188} INFO - Downloaded GOOGL/1771327051.json
[2026-02-17T12:31:04.293+0000] {logging_mixin.py:188} INFO - Downloaded GOOGL/1771327063.json
[2026-02-17T12:31:04.318+0000] {logging_mixin.py:188} INFO - Downloaded GOOGL/1771327086.json
[2026-02-17T12:31:04.339+0000] {logging_mixin.py:188} INFO - Downloaded GOOGL/1771327101.json
[2026-02-17T12:31:04.364+0000] {logging_mixin.py:188} INFO - Downloaded GOOGL/1771327116.json
[2026-02-17T12:31:04.385+0000] {logging_mixin.py:188} INFO - Downloaded GOOGL/1771327129.json
[2026-02-17T12:31:04.407+0000] {logging_mixin.py:188} INFO - Downloaded GOOGL/1771327139.json
[2026-02-17T12:31:04.429+0000] {logging_mixin.py:188} INFO - Downloaded GOOGL/1771327150.json
[2026-02-17T12:31:04.452+0000] {logging_mixin.py:188} INFO - Downloaded GOOGL/1771327160.json
[2026-02-17T12:31:04.476+0000] {logging_mixin.py:188} INFO - Downloaded GOOGL/1771327170.json
[2026-02-17T12:31:04.496+0000] {logging_mixin.py:188} INFO - Downloaded GOOGL/1771327180.json
[2026-02-17T12:31:04.518+0000] {logging_mixin.py:188} INFO - Downloaded GOOGL/1771327190.json
[2026-02-17T12:31:04.540+0000] {logging_mixin.py:188} INFO - Downloaded GOOGL/1771327200.json
[2026-02-17T12:31:04.561+0000] {logging_mixin.py:188} INFO - Downloaded GOOGL/1771327211.json
[2026-02-17T12:31:04.587+0000] {logging_mixin.py:188} INFO - Downloaded GOOGL/1771327222.json
[2026-02-17T12:31:04.631+0000] {logging_mixin.py:188} INFO - Downloaded GOOGL/1771327232.json
[2026-02-17T12:31:04.664+0000] {logging_mixin.py:188} INFO - Downloaded GOOGL/1771327242.json
[2026-02-17T12:31:04.691+0000] {logging_mixin.py:188} INFO - Downloaded GOOGL/1771327254.json
[2026-02-17T12:31:04.714+0000] {logging_mixin.py:188} INFO - Downloaded GOOGL/1771327264.json
[2026-02-17T12:31:04.734+0000] {logging_mixin.py:188} INFO - Downloaded GOOGL/1771327274.json
[2026-02-17T12:31:04.758+0000] {logging_mixin.py:188} INFO - Downloaded GOOGL/1771327284.json
[2026-02-17T12:31:04.781+0000] {logging_mixin.py:188} INFO - Downloaded GOOGL/1771327294.json
[2026-02-17T12:31:04.804+0000] {logging_mixin.py:188} INFO - Downloaded GOOGL/1771327304.json
[2026-02-17T12:31:04.831+0000] {logging_mixin.py:188} INFO - Downloaded GOOGL/1771327315.json
[2026-02-17T12:31:04.857+0000] {logging_mixin.py:188} INFO - Downloaded GOOGL/1771327325.json
[2026-02-17T12:31:04.890+0000] {logging_mixin.py:188} INFO - Downloaded GOOGL/1771327336.json
[2026-02-17T12:31:04.924+0000] {logging_mixin.py:188} INFO - Downloaded GOOGL/1771327346.json
[2026-02-17T12:31:04.962+0000] {logging_mixin.py:188} INFO - Downloaded GOOGL/1771327356.json
[2026-02-17T12:31:04.995+0000] {logging_mixin.py:188} INFO - Downloaded GOOGL/1771327365.json
[2026-02-17T12:31:05.035+0000] {logging_mixin.py:188} INFO - Downloaded GOOGL/1771327375.json
[2026-02-17T12:31:05.074+0000] {logging_mixin.py:188} INFO - Downloaded GOOGL/1771327386.json
[2026-02-17T12:31:05.104+0000] {logging_mixin.py:188} INFO - Downloaded GOOGL/1771327397.json
[2026-02-17T12:31:05.134+0000] {logging_mixin.py:188} INFO - Downloaded GOOGL/1771327408.json
[2026-02-17T12:31:05.157+0000] {logging_mixin.py:188} INFO - Downloaded GOOGL/1771327418.json
[2026-02-17T12:31:05.182+0000] {logging_mixin.py:188} INFO - Downloaded GOOGL/1771327429.json
[2026-02-17T12:31:05.203+0000] {logging_mixin.py:188} INFO - Downloaded GOOGL/1771327439.json
[2026-02-17T12:31:05.230+0000] {logging_mixin.py:188} INFO - Downloaded GOOGL/1771327449.json
[2026-02-17T12:31:05.251+0000] {logging_mixin.py:188} INFO - Downloaded GOOGL/1771327459.json
[2026-02-17T12:31:05.270+0000] {logging_mixin.py:188} INFO - Downloaded GOOGL/1771327470.json
[2026-02-17T12:31:05.308+0000] {logging_mixin.py:188} INFO - Downloaded GOOGL/1771327480.json
[2026-02-17T12:31:05.350+0000] {logging_mixin.py:188} INFO - Downloaded GOOGL/1771327491.json
[2026-02-17T12:31:05.376+0000] {logging_mixin.py:188} INFO - Downloaded GOOGL/1771327501.json
[2026-02-17T12:31:05.396+0000] {logging_mixin.py:188} INFO - Downloaded GOOGL/1771327512.json
[2026-02-17T12:31:05.415+0000] {logging_mixin.py:188} INFO - Downloaded GOOGL/1771327522.json
[2026-02-17T12:31:05.436+0000] {logging_mixin.py:188} INFO - Downloaded GOOGL/1771327533.json
[2026-02-17T12:31:05.457+0000] {logging_mixin.py:188} INFO - Downloaded GOOGL/1771327543.json
[2026-02-17T12:31:05.477+0000] {logging_mixin.py:188} INFO - Downloaded GOOGL/1771327554.json
[2026-02-17T12:31:05.498+0000] {logging_mixin.py:188} INFO - Downloaded GOOGL/1771327564.json
[2026-02-17T12:31:05.531+0000] {logging_mixin.py:188} INFO - Downloaded GOOGL/1771327576.json
[2026-02-17T12:31:05.551+0000] {logging_mixin.py:188} INFO - Downloaded GOOGL/1771327588.json
[2026-02-17T12:31:05.572+0000] {logging_mixin.py:188} INFO - Downloaded GOOGL/1771327599.json
[2026-02-17T12:31:05.592+0000] {logging_mixin.py:188} INFO - Downloaded GOOGL/1771327609.json
[2026-02-17T12:31:05.616+0000] {logging_mixin.py:188} INFO - Downloaded GOOGL/1771327619.json
[2026-02-17T12:31:05.641+0000] {logging_mixin.py:188} INFO - Downloaded GOOGL/1771327629.json
[2026-02-17T12:31:05.677+0000] {logging_mixin.py:188} INFO - Downloaded GOOGL/1771327640.json
[2026-02-17T12:31:05.711+0000] {logging_mixin.py:188} INFO - Downloaded GOOGL/1771327649.json
[2026-02-17T12:31:05.739+0000] {logging_mixin.py:188} INFO - Downloaded GOOGL/1771327660.json
[2026-02-17T12:31:05.760+0000] {logging_mixin.py:188} INFO - Downloaded GOOGL/1771327670.json
[2026-02-17T12:31:05.785+0000] {logging_mixin.py:188} INFO - Downloaded GOOGL/1771327680.json
[2026-02-17T12:31:05.808+0000] {logging_mixin.py:188} INFO - Downloaded GOOGL/1771327691.json
[2026-02-17T12:31:05.830+0000] {logging_mixin.py:188} INFO - Downloaded GOOGL/1771327701.json
[2026-02-17T12:31:05.873+0000] {logging_mixin.py:188} INFO - Downloaded GOOGL/1771327711.json
[2026-02-17T12:31:05.920+0000] {logging_mixin.py:188} INFO - Downloaded GOOGL/1771327721.json
[2026-02-17T12:31:05.934+0000] {logging_mixin.py:188} INFO - Downloaded GOOGL/1771327731.json
[2026-02-17T12:31:05.956+0000] {logging_mixin.py:188} INFO - Downloaded GOOGL/1771327741.json
[2026-02-17T12:31:06.001+0000] {logging_mixin.py:188} INFO - Downloaded GOOGL/1771327752.json
[2026-02-17T12:31:06.049+0000] {logging_mixin.py:188} INFO - Downloaded GOOGL/1771327763.json
[2026-02-17T12:31:06.086+0000] {logging_mixin.py:188} INFO - Downloaded GOOGL/1771327772.json
[2026-02-17T12:31:06.110+0000] {logging_mixin.py:188} INFO - Downloaded GOOGL/1771327784.json
[2026-02-17T12:31:06.137+0000] {logging_mixin.py:188} INFO - Downloaded GOOGL/1771327794.json
[2026-02-17T12:31:06.159+0000] {logging_mixin.py:188} INFO - Downloaded GOOGL/1771327804.json
[2026-02-17T12:31:06.181+0000] {logging_mixin.py:188} INFO - Downloaded GOOGL/1771327814.json
[2026-02-17T12:31:06.207+0000] {logging_mixin.py:188} INFO - Downloaded GOOGL/1771327824.json
[2026-02-17T12:31:06.241+0000] {logging_mixin.py:188} INFO - Downloaded GOOGL/1771327835.json
[2026-02-17T12:31:06.273+0000] {logging_mixin.py:188} INFO - Downloaded GOOGL/1771327846.json
[2026-02-17T12:31:06.303+0000] {logging_mixin.py:188} INFO - Downloaded GOOGL/1771327856.json
[2026-02-17T12:31:06.358+0000] {logging_mixin.py:188} INFO - Downloaded GOOGL/1771327867.json
[2026-02-17T12:31:06.395+0000] {logging_mixin.py:188} INFO - Downloaded GOOGL/1771327878.json
[2026-02-17T12:31:06.444+0000] {logging_mixin.py:188} INFO - Downloaded GOOGL/1771327889.json
[2026-02-17T12:31:06.481+0000] {logging_mixin.py:188} INFO - Downloaded GOOGL/1771327899.json
[2026-02-17T12:31:06.518+0000] {logging_mixin.py:188} INFO - Downloaded GOOGL/1771327909.json
[2026-02-17T12:31:06.552+0000] {logging_mixin.py:188} INFO - Downloaded GOOGL/1771327919.json
[2026-02-17T12:31:06.606+0000] {logging_mixin.py:188} INFO - Downloaded GOOGL/1771327929.json
[2026-02-17T12:31:06.650+0000] {logging_mixin.py:188} INFO - Downloaded GOOGL/1771327940.json
[2026-02-17T12:31:06.677+0000] {logging_mixin.py:188} INFO - Downloaded GOOGL/1771327950.json
[2026-02-17T12:31:06.701+0000] {logging_mixin.py:188} INFO - Downloaded GOOGL/1771327960.json
[2026-02-17T12:31:06.727+0000] {logging_mixin.py:188} INFO - Downloaded GOOGL/1771327971.json
[2026-02-17T12:31:06.758+0000] {logging_mixin.py:188} INFO - Downloaded GOOGL/1771327981.json
[2026-02-17T12:31:06.802+0000] {logging_mixin.py:188} INFO - Downloaded GOOGL/1771327991.json
[2026-02-17T12:31:06.833+0000] {logging_mixin.py:188} INFO - Downloaded GOOGL/1771328002.json
[2026-02-17T12:31:06.862+0000] {logging_mixin.py:188} INFO - Downloaded GOOGL/1771328012.json
[2026-02-17T12:31:06.888+0000] {logging_mixin.py:188} INFO - Downloaded GOOGL/1771328022.json
[2026-02-17T12:31:06.913+0000] {logging_mixin.py:188} INFO - Downloaded GOOGL/1771328032.json
[2026-02-17T12:31:06.949+0000] {logging_mixin.py:188} INFO - Downloaded GOOGL/1771328042.json
[2026-02-17T12:31:06.990+0000] {logging_mixin.py:188} INFO - Downloaded GOOGL/1771328053.json
[2026-02-17T12:31:07.017+0000] {logging_mixin.py:188} INFO - Downloaded GOOGL/1771328063.json
[2026-02-17T12:31:07.049+0000] {logging_mixin.py:188} INFO - Downloaded GOOGL/1771328073.json
[2026-02-17T12:31:07.076+0000] {logging_mixin.py:188} INFO - Downloaded GOOGL/1771328083.json
[2026-02-17T12:31:07.103+0000] {logging_mixin.py:188} INFO - Downloaded GOOGL/1771328094.json
[2026-02-17T12:31:07.137+0000] {logging_mixin.py:188} INFO - Downloaded GOOGL/1771328107.json
[2026-02-17T12:31:07.170+0000] {logging_mixin.py:188} INFO - Downloaded GOOGL/1771328118.json
[2026-02-17T12:31:07.199+0000] {logging_mixin.py:188} INFO - Downloaded GOOGL/1771328129.json
[2026-02-17T12:31:07.231+0000] {logging_mixin.py:188} INFO - Downloaded GOOGL/1771328141.json
[2026-02-17T12:31:07.253+0000] {logging_mixin.py:188} INFO - Downloaded GOOGL/1771328151.json
[2026-02-17T12:31:07.284+0000] {logging_mixin.py:188} INFO - Downloaded GOOGL/1771328163.json
[2026-02-17T12:31:07.307+0000] {logging_mixin.py:188} INFO - Downloaded GOOGL/1771328187.json
[2026-02-17T12:31:07.334+0000] {logging_mixin.py:188} INFO - Downloaded GOOGL/1771328211.json
[2026-02-17T12:31:07.367+0000] {logging_mixin.py:188} INFO - Downloaded GOOGL/1771328221.json
[2026-02-17T12:31:07.398+0000] {logging_mixin.py:188} INFO - Downloaded GOOGL/1771328232.json
[2026-02-17T12:31:07.422+0000] {logging_mixin.py:188} INFO - Downloaded GOOGL/1771328242.json
[2026-02-17T12:31:07.450+0000] {logging_mixin.py:188} INFO - Downloaded GOOGL/1771328253.json
[2026-02-17T12:31:07.478+0000] {logging_mixin.py:188} INFO - Downloaded GOOGL/1771328263.json
[2026-02-17T12:31:07.521+0000] {logging_mixin.py:188} INFO - Downloaded GOOGL/1771328273.json
[2026-02-17T12:31:07.584+0000] {logging_mixin.py:188} INFO - Downloaded GOOGL/1771328285.json
[2026-02-17T12:31:07.621+0000] {logging_mixin.py:188} INFO - Downloaded GOOGL/1771328295.json
[2026-02-17T12:31:07.658+0000] {logging_mixin.py:188} INFO - Downloaded GOOGL/1771328305.json
[2026-02-17T12:31:07.715+0000] {logging_mixin.py:188} INFO - Downloaded GOOGL/1771328316.json
[2026-02-17T12:31:07.765+0000] {logging_mixin.py:188} INFO - Downloaded GOOGL/1771328326.json
[2026-02-17T12:31:07.817+0000] {logging_mixin.py:188} INFO - Downloaded GOOGL/1771328336.json
[2026-02-17T12:31:07.880+0000] {logging_mixin.py:188} INFO - Downloaded GOOGL/1771328346.json
[2026-02-17T12:31:07.937+0000] {logging_mixin.py:188} INFO - Downloaded GOOGL/1771328359.json
[2026-02-17T12:31:07.971+0000] {logging_mixin.py:188} INFO - Downloaded GOOGL/1771328375.json
[2026-02-17T12:31:08.008+0000] {logging_mixin.py:188} INFO - Downloaded GOOGL/1771328387.json
[2026-02-17T12:31:08.034+0000] {logging_mixin.py:188} INFO - Downloaded GOOGL/1771328398.json
[2026-02-17T12:31:08.058+0000] {logging_mixin.py:188} INFO - Downloaded GOOGL/1771328408.json
[2026-02-17T12:31:08.082+0000] {logging_mixin.py:188} INFO - Downloaded GOOGL/1771328419.json
[2026-02-17T12:31:08.105+0000] {logging_mixin.py:188} INFO - Downloaded GOOGL/1771328457.json
[2026-02-17T12:31:08.133+0000] {logging_mixin.py:188} INFO - Downloaded GOOGL/1771328519.json
[2026-02-17T12:31:08.161+0000] {logging_mixin.py:188} INFO - Downloaded GOOGL/1771328530.json
[2026-02-17T12:31:08.196+0000] {logging_mixin.py:188} INFO - Downloaded GOOGL/1771328572.json
[2026-02-17T12:31:08.226+0000] {logging_mixin.py:188} INFO - Downloaded GOOGL/1771328729.json
[2026-02-17T12:31:08.256+0000] {logging_mixin.py:188} INFO - Downloaded GOOGL/1771328741.json
[2026-02-17T12:31:08.287+0000] {logging_mixin.py:188} INFO - Downloaded GOOGL/1771328751.json
[2026-02-17T12:31:08.318+0000] {logging_mixin.py:188} INFO - Downloaded GOOGL/1771328761.json
[2026-02-17T12:31:08.364+0000] {logging_mixin.py:188} INFO - Downloaded GOOGL/1771328772.json
[2026-02-17T12:31:08.388+0000] {logging_mixin.py:188} INFO - Downloaded GOOGL/1771328782.json
[2026-02-17T12:31:08.417+0000] {logging_mixin.py:188} INFO - Downloaded GOOGL/1771328793.json
[2026-02-17T12:31:08.444+0000] {logging_mixin.py:188} INFO - Downloaded GOOGL/1771328803.json
[2026-02-17T12:31:08.483+0000] {logging_mixin.py:188} INFO - Downloaded GOOGL/1771328813.json
[2026-02-17T12:31:08.519+0000] {logging_mixin.py:188} INFO - Downloaded GOOGL/1771328823.json
[2026-02-17T12:31:08.542+0000] {logging_mixin.py:188} INFO - Downloaded GOOGL/1771328834.json
[2026-02-17T12:31:08.568+0000] {logging_mixin.py:188} INFO - Downloaded GOOGL/1771328845.json
[2026-02-17T12:31:08.591+0000] {logging_mixin.py:188} INFO - Downloaded GOOGL/1771328855.json
[2026-02-17T12:31:08.618+0000] {logging_mixin.py:188} INFO - Downloaded GOOGL/1771328867.json
[2026-02-17T12:31:08.648+0000] {logging_mixin.py:188} INFO - Downloaded GOOGL/1771328878.json
[2026-02-17T12:31:08.671+0000] {logging_mixin.py:188} INFO - Downloaded GOOGL/1771328889.json
[2026-02-17T12:31:08.694+0000] {logging_mixin.py:188} INFO - Downloaded GOOGL/1771328900.json
[2026-02-17T12:31:08.714+0000] {logging_mixin.py:188} INFO - Downloaded GOOGL/1771328930.json
[2026-02-17T12:31:08.740+0000] {logging_mixin.py:188} INFO - Downloaded GOOGL/1771328940.json
[2026-02-17T12:31:08.782+0000] {logging_mixin.py:188} INFO - Downloaded GOOGL/1771328950.json
[2026-02-17T12:31:08.802+0000] {logging_mixin.py:188} INFO - Downloaded GOOGL/1771328961.json
[2026-02-17T12:31:08.826+0000] {logging_mixin.py:188} INFO - Downloaded GOOGL/1771328976.json
[2026-02-17T12:31:08.857+0000] {logging_mixin.py:188} INFO - Downloaded GOOGL/1771328986.json
[2026-02-17T12:31:08.888+0000] {logging_mixin.py:188} INFO - Downloaded GOOGL/1771328996.json
[2026-02-17T12:31:08.933+0000] {logging_mixin.py:188} INFO - Downloaded GOOGL/1771329007.json
[2026-02-17T12:31:08.968+0000] {logging_mixin.py:188} INFO - Downloaded GOOGL/1771329021.json
[2026-02-17T12:31:09.019+0000] {logging_mixin.py:188} INFO - Downloaded GOOGL/1771329031.json
[2026-02-17T12:31:09.072+0000] {logging_mixin.py:188} INFO - Downloaded GOOGL/1771329042.json
[2026-02-17T12:31:09.115+0000] {logging_mixin.py:188} INFO - Downloaded GOOGL/1771329084.json
[2026-02-17T12:31:09.158+0000] {logging_mixin.py:188} INFO - Downloaded GOOGL/1771329095.json
[2026-02-17T12:31:09.188+0000] {logging_mixin.py:188} INFO - Downloaded GOOGL/1771329106.json
[2026-02-17T12:31:09.213+0000] {logging_mixin.py:188} INFO - Downloaded GOOGL/1771329133.json
[2026-02-17T12:31:09.241+0000] {logging_mixin.py:188} INFO - Downloaded GOOGL/1771329144.json
[2026-02-17T12:31:09.272+0000] {logging_mixin.py:188} INFO - Downloaded GOOGL/1771329155.json
[2026-02-17T12:31:09.313+0000] {logging_mixin.py:188} INFO - Downloaded GOOGL/1771329166.json
[2026-02-17T12:31:09.348+0000] {logging_mixin.py:188} INFO - Downloaded GOOGL/1771329178.json
[2026-02-17T12:31:09.379+0000] {logging_mixin.py:188} INFO - Downloaded GOOGL/1771329189.json
[2026-02-17T12:31:09.412+0000] {logging_mixin.py:188} INFO - Downloaded GOOGL/1771329200.json
[2026-02-17T12:31:09.446+0000] {logging_mixin.py:188} INFO - Downloaded GOOGL/1771329212.json
[2026-02-17T12:31:09.482+0000] {logging_mixin.py:188} INFO - Downloaded GOOGL/1771329222.json
[2026-02-17T12:31:09.525+0000] {logging_mixin.py:188} INFO - Downloaded GOOGL/1771329233.json
[2026-02-17T12:31:09.571+0000] {logging_mixin.py:188} INFO - Downloaded GOOGL/1771329243.json
[2026-02-17T12:31:09.606+0000] {logging_mixin.py:188} INFO - Downloaded GOOGL/1771329253.json
[2026-02-17T12:31:09.645+0000] {logging_mixin.py:188} INFO - Downloaded GOOGL/1771329264.json
[2026-02-17T12:31:09.689+0000] {logging_mixin.py:188} INFO - Downloaded GOOGL/1771329274.json
[2026-02-17T12:31:09.731+0000] {logging_mixin.py:188} INFO - Downloaded GOOGL/1771329284.json
[2026-02-17T12:31:09.756+0000] {logging_mixin.py:188} INFO - Downloaded GOOGL/1771329294.json
[2026-02-17T12:31:09.778+0000] {logging_mixin.py:188} INFO - Downloaded GOOGL/1771329304.json
[2026-02-17T12:31:09.803+0000] {logging_mixin.py:188} INFO - Downloaded GOOGL/1771329315.json
[2026-02-17T12:31:09.823+0000] {logging_mixin.py:188} INFO - Downloaded GOOGL/1771329325.json
[2026-02-17T12:31:09.845+0000] {logging_mixin.py:188} INFO - Downloaded GOOGL/1771329336.json
[2026-02-17T12:31:09.867+0000] {logging_mixin.py:188} INFO - Downloaded GOOGL/1771329346.json
[2026-02-17T12:31:09.897+0000] {logging_mixin.py:188} INFO - Downloaded GOOGL/1771329356.json
[2026-02-17T12:31:09.921+0000] {logging_mixin.py:188} INFO - Downloaded GOOGL/1771329366.json
[2026-02-17T12:31:09.947+0000] {logging_mixin.py:188} INFO - Downloaded GOOGL/1771329377.json
[2026-02-17T12:31:09.973+0000] {logging_mixin.py:188} INFO - Downloaded GOOGL/1771329387.json
[2026-02-17T12:31:10.000+0000] {logging_mixin.py:188} INFO - Downloaded GOOGL/1771329397.json
[2026-02-17T12:31:10.025+0000] {logging_mixin.py:188} INFO - Downloaded GOOGL/1771329408.json
[2026-02-17T12:31:10.047+0000] {logging_mixin.py:188} INFO - Downloaded GOOGL/1771329418.json
[2026-02-17T12:31:10.071+0000] {logging_mixin.py:188} INFO - Downloaded GOOGL/1771329428.json
[2026-02-17T12:31:10.101+0000] {logging_mixin.py:188} INFO - Downloaded GOOGL/1771329437.json
[2026-02-17T12:31:10.133+0000] {logging_mixin.py:188} INFO - Downloaded GOOGL/1771329447.json
[2026-02-17T12:31:10.164+0000] {logging_mixin.py:188} INFO - Downloaded GOOGL/1771329458.json
[2026-02-17T12:31:10.190+0000] {logging_mixin.py:188} INFO - Downloaded GOOGL/1771329468.json
[2026-02-17T12:31:10.231+0000] {logging_mixin.py:188} INFO - Downloaded GOOGL/1771329479.json
[2026-02-17T12:31:10.262+0000] {logging_mixin.py:188} INFO - Downloaded GOOGL/1771329488.json
[2026-02-17T12:31:10.293+0000] {logging_mixin.py:188} INFO - Downloaded GOOGL/1771329500.json
[2026-02-17T12:31:10.319+0000] {logging_mixin.py:188} INFO - Downloaded GOOGL/1771329511.json
[2026-02-17T12:31:10.349+0000] {logging_mixin.py:188} INFO - Downloaded GOOGL/1771329521.json
[2026-02-17T12:31:10.383+0000] {logging_mixin.py:188} INFO - Downloaded GOOGL/1771329538.json
[2026-02-17T12:31:10.421+0000] {logging_mixin.py:188} INFO - Downloaded GOOGL/1771329550.json
[2026-02-17T12:31:10.445+0000] {logging_mixin.py:188} INFO - Downloaded GOOGL/1771329560.json
[2026-02-17T12:31:10.471+0000] {logging_mixin.py:188} INFO - Downloaded GOOGL/1771329570.json
[2026-02-17T12:31:10.495+0000] {logging_mixin.py:188} INFO - Downloaded GOOGL/1771329579.json
[2026-02-17T12:31:10.518+0000] {logging_mixin.py:188} INFO - Downloaded GOOGL/1771329589.json
[2026-02-17T12:31:10.539+0000] {logging_mixin.py:188} INFO - Downloaded GOOGL/1771329600.json
[2026-02-17T12:31:10.559+0000] {logging_mixin.py:188} INFO - Downloaded GOOGL/1771329612.json
[2026-02-17T12:31:10.581+0000] {logging_mixin.py:188} INFO - Downloaded GOOGL/1771329623.json
[2026-02-17T12:31:10.606+0000] {logging_mixin.py:188} INFO - Downloaded GOOGL/1771329633.json
[2026-02-17T12:31:10.641+0000] {logging_mixin.py:188} INFO - Downloaded GOOGL/1771329674.json
[2026-02-17T12:31:10.678+0000] {logging_mixin.py:188} INFO - Downloaded GOOGL/1771329698.json
[2026-02-17T12:31:10.731+0000] {logging_mixin.py:188} INFO - Downloaded GOOGL/1771329709.json
[2026-02-17T12:31:10.759+0000] {logging_mixin.py:188} INFO - Downloaded GOOGL/1771329719.json
[2026-02-17T12:31:10.804+0000] {logging_mixin.py:188} INFO - Downloaded GOOGL/1771329730.json
[2026-02-17T12:31:10.852+0000] {logging_mixin.py:188} INFO - Downloaded GOOGL/1771329740.json
[2026-02-17T12:31:10.886+0000] {logging_mixin.py:188} INFO - Downloaded GOOGL/1771329751.json
[2026-02-17T12:31:10.914+0000] {logging_mixin.py:188} INFO - Downloaded GOOGL/1771329762.json
[2026-02-17T12:31:10.944+0000] {logging_mixin.py:188} INFO - Downloaded GOOGL/1771329774.json
[2026-02-17T12:31:10.975+0000] {logging_mixin.py:188} INFO - Downloaded GOOGL/1771329785.json
[2026-02-17T12:31:11.014+0000] {logging_mixin.py:188} INFO - Downloaded GOOGL/1771329797.json
[2026-02-17T12:31:11.040+0000] {logging_mixin.py:188} INFO - Downloaded GOOGL/1771329808.json
[2026-02-17T12:31:11.063+0000] {logging_mixin.py:188} INFO - Downloaded GOOGL/1771329819.json
[2026-02-17T12:31:11.091+0000] {logging_mixin.py:188} INFO - Downloaded GOOGL/1771329830.json
[2026-02-17T12:31:11.129+0000] {logging_mixin.py:188} INFO - Downloaded GOOGL/1771329841.json
[2026-02-17T12:31:11.200+0000] {logging_mixin.py:188} INFO - Downloaded GOOGL/1771329853.json
[2026-02-17T12:31:11.235+0000] {logging_mixin.py:188} INFO - Downloaded GOOGL/1771329889.json
[2026-02-17T12:31:11.259+0000] {logging_mixin.py:188} INFO - Downloaded GOOGL/1771329899.json
[2026-02-17T12:31:11.284+0000] {logging_mixin.py:188} INFO - Downloaded GOOGL/1771329909.json
[2026-02-17T12:31:11.311+0000] {logging_mixin.py:188} INFO - Downloaded GOOGL/1771329920.json
[2026-02-17T12:31:11.339+0000] {logging_mixin.py:188} INFO - Downloaded GOOGL/1771329930.json
[2026-02-17T12:31:11.392+0000] {logging_mixin.py:188} INFO - Downloaded GOOGL/1771329941.json
[2026-02-17T12:31:11.427+0000] {logging_mixin.py:188} INFO - Downloaded GOOGL/1771329952.json
[2026-02-17T12:31:11.463+0000] {logging_mixin.py:188} INFO - Downloaded GOOGL/1771329962.json
[2026-02-17T12:31:11.522+0000] {logging_mixin.py:188} INFO - Downloaded GOOGL/1771329973.json
[2026-02-17T12:31:11.563+0000] {logging_mixin.py:188} INFO - Downloaded GOOGL/1771329984.json
[2026-02-17T12:31:11.611+0000] {logging_mixin.py:188} INFO - Downloaded GOOGL/1771329995.json
[2026-02-17T12:31:11.649+0000] {logging_mixin.py:188} INFO - Downloaded GOOGL/1771330006.json
[2026-02-17T12:31:11.696+0000] {logging_mixin.py:188} INFO - Downloaded GOOGL/1771330025.json
[2026-02-17T12:31:11.752+0000] {logging_mixin.py:188} INFO - Downloaded GOOGL/1771330037.json
[2026-02-17T12:31:11.835+0000] {logging_mixin.py:188} INFO - Downloaded GOOGL/1771330048.json
[2026-02-17T12:31:11.876+0000] {logging_mixin.py:188} INFO - Downloaded GOOGL/1771330060.json
[2026-02-17T12:31:11.918+0000] {logging_mixin.py:188} INFO - Downloaded GOOGL/1771330092.json
[2026-02-17T12:31:11.970+0000] {logging_mixin.py:188} INFO - Downloaded GOOGL/1771330103.json
[2026-02-17T12:31:12.000+0000] {logging_mixin.py:188} INFO - Downloaded GOOGL/1771330114.json
[2026-02-17T12:31:12.032+0000] {logging_mixin.py:188} INFO - Downloaded GOOGL/1771330126.json
[2026-02-17T12:31:12.070+0000] {logging_mixin.py:188} INFO - Downloaded GOOGL/1771330137.json
[2026-02-17T12:31:12.109+0000] {logging_mixin.py:188} INFO - Downloaded GOOGL/1771330147.json
[2026-02-17T12:31:12.138+0000] {logging_mixin.py:188} INFO - Downloaded GOOGL/1771330158.json
[2026-02-17T12:31:12.172+0000] {logging_mixin.py:188} INFO - Downloaded GOOGL/1771330169.json
[2026-02-17T12:31:12.211+0000] {logging_mixin.py:188} INFO - Downloaded GOOGL/1771330179.json
[2026-02-17T12:31:12.238+0000] {logging_mixin.py:188} INFO - Downloaded GOOGL/1771330190.json
[2026-02-17T12:31:12.269+0000] {logging_mixin.py:188} INFO - Downloaded GOOGL/1771330201.json
[2026-02-17T12:31:12.300+0000] {logging_mixin.py:188} INFO - Downloaded GOOGL/1771330212.json
[2026-02-17T12:31:12.332+0000] {logging_mixin.py:188} INFO - Downloaded GOOGL/1771330223.json
[2026-02-17T12:31:12.378+0000] {logging_mixin.py:188} INFO - Downloaded GOOGL/1771330235.json
[2026-02-17T12:31:12.423+0000] {logging_mixin.py:188} INFO - Downloaded GOOGL/1771330246.json
[2026-02-17T12:31:12.471+0000] {logging_mixin.py:188} INFO - Downloaded GOOGL/1771330256.json
[2026-02-17T12:31:12.561+0000] {logging_mixin.py:188} INFO - Downloaded GOOGL/1771330267.json
[2026-02-17T12:31:12.595+0000] {logging_mixin.py:188} INFO - Downloaded GOOGL/1771330278.json
[2026-02-17T12:31:12.636+0000] {logging_mixin.py:188} INFO - Downloaded GOOGL/1771330288.json
[2026-02-17T12:31:12.694+0000] {logging_mixin.py:188} INFO - Downloaded GOOGL/1771330298.json
[2026-02-17T12:31:12.744+0000] {logging_mixin.py:188} INFO - Downloaded GOOGL/1771330309.json
[2026-02-17T12:31:12.782+0000] {logging_mixin.py:188} INFO - Downloaded GOOGL/1771330320.json
[2026-02-17T12:31:12.822+0000] {logging_mixin.py:188} INFO - Downloaded GOOGL/1771330332.json
[2026-02-17T12:31:12.854+0000] {logging_mixin.py:188} INFO - Downloaded GOOGL/1771330342.json
[2026-02-17T12:31:12.903+0000] {logging_mixin.py:188} INFO - Downloaded GOOGL/1771330353.json
[2026-02-17T12:31:12.949+0000] {logging_mixin.py:188} INFO - Downloaded GOOGL/1771330364.json
[2026-02-17T12:31:13.008+0000] {logging_mixin.py:188} INFO - Downloaded GOOGL/1771330375.json
[2026-02-17T12:31:13.072+0000] {logging_mixin.py:188} INFO - Downloaded GOOGL/1771330385.json
[2026-02-17T12:31:13.142+0000] {logging_mixin.py:188} INFO - Downloaded GOOGL/1771330396.json
[2026-02-17T12:31:13.174+0000] {logging_mixin.py:188} INFO - Downloaded GOOGL/1771330407.json
[2026-02-17T12:31:13.208+0000] {logging_mixin.py:188} INFO - Downloaded GOOGL/1771330420.json
[2026-02-17T12:31:13.253+0000] {logging_mixin.py:188} INFO - Downloaded GOOGL/1771330430.json
[2026-02-17T12:31:13.288+0000] {logging_mixin.py:188} INFO - Downloaded GOOGL/1771330441.json
[2026-02-17T12:31:13.346+0000] {logging_mixin.py:188} INFO - Downloaded GOOGL/1771330451.json
[2026-02-17T12:31:13.441+0000] {logging_mixin.py:188} INFO - Downloaded GOOGL/1771330462.json
[2026-02-17T12:31:13.471+0000] {logging_mixin.py:188} INFO - Downloaded GOOGL/1771330473.json
[2026-02-17T12:31:13.510+0000] {logging_mixin.py:188} INFO - Downloaded GOOGL/1771330483.json
[2026-02-17T12:31:13.612+0000] {logging_mixin.py:188} INFO - Downloaded GOOGL/1771330493.json
[2026-02-17T12:31:13.646+0000] {logging_mixin.py:188} INFO - Downloaded GOOGL/1771330504.json
[2026-02-17T12:31:13.679+0000] {logging_mixin.py:188} INFO - Downloaded GOOGL/1771330515.json
[2026-02-17T12:31:13.729+0000] {logging_mixin.py:188} INFO - Downloaded GOOGL/1771330525.json
[2026-02-17T12:31:13.768+0000] {logging_mixin.py:188} INFO - Downloaded GOOGL/1771330537.json
[2026-02-17T12:31:13.817+0000] {logging_mixin.py:188} INFO - Downloaded GOOGL/1771330548.json
[2026-02-17T12:31:13.861+0000] {logging_mixin.py:188} INFO - Downloaded GOOGL/1771330561.json
[2026-02-17T12:31:13.898+0000] {logging_mixin.py:188} INFO - Downloaded GOOGL/1771330576.json
[2026-02-17T12:31:13.949+0000] {logging_mixin.py:188} INFO - Downloaded GOOGL/1771330588.json
[2026-02-17T12:31:13.990+0000] {logging_mixin.py:188} INFO - Downloaded GOOGL/1771330600.json
[2026-02-17T12:31:14.048+0000] {logging_mixin.py:188} INFO - Downloaded GOOGL/1771330611.json
[2026-02-17T12:31:14.154+0000] {logging_mixin.py:188} INFO - Downloaded GOOGL/1771330621.json
[2026-02-17T12:31:14.218+0000] {logging_mixin.py:188} INFO - Downloaded GOOGL/1771330632.json
[2026-02-17T12:31:14.271+0000] {logging_mixin.py:188} INFO - Downloaded GOOGL/1771330643.json
[2026-02-17T12:31:14.309+0000] {logging_mixin.py:188} INFO - Downloaded GOOGL/1771330654.json
[2026-02-17T12:31:14.409+0000] {logging_mixin.py:188} INFO - Downloaded GOOGL/1771330665.json
[2026-02-17T12:31:14.467+0000] {logging_mixin.py:188} INFO - Downloaded GOOGL/1771330678.json
[2026-02-17T12:31:14.508+0000] {logging_mixin.py:188} INFO - Downloaded GOOGL/1771330689.json
[2026-02-17T12:31:14.561+0000] {logging_mixin.py:188} INFO - Downloaded GOOGL/1771330700.json
[2026-02-17T12:31:14.605+0000] {logging_mixin.py:188} INFO - Downloaded GOOGL/1771330711.json
[2026-02-17T12:31:14.658+0000] {logging_mixin.py:188} INFO - Downloaded GOOGL/1771330724.json
[2026-02-17T12:31:14.716+0000] {logging_mixin.py:188} INFO - Downloaded GOOGL/1771330735.json
[2026-02-17T12:31:14.756+0000] {logging_mixin.py:188} INFO - Downloaded GOOGL/1771330745.json
[2026-02-17T12:31:14.791+0000] {logging_mixin.py:188} INFO - Downloaded GOOGL/1771330755.json
[2026-02-17T12:31:14.883+0000] {logging_mixin.py:188} INFO - Downloaded GOOGL/1771330766.json
[2026-02-17T12:31:14.964+0000] {logging_mixin.py:188} INFO - Downloaded GOOGL/1771330776.json
[2026-02-17T12:31:14.996+0000] {logging_mixin.py:188} INFO - Downloaded GOOGL/1771330786.json
[2026-02-17T12:31:15.035+0000] {logging_mixin.py:188} INFO - Downloaded GOOGL/1771330797.json
[2026-02-17T12:31:15.071+0000] {logging_mixin.py:188} INFO - Downloaded GOOGL/1771330808.json
[2026-02-17T12:31:15.148+0000] {logging_mixin.py:188} INFO - Downloaded GOOGL/1771330818.json
[2026-02-17T12:31:15.224+0000] {logging_mixin.py:188} INFO - Downloaded GOOGL/1771330829.json
[2026-02-17T12:31:15.304+0000] {logging_mixin.py:188} INFO - Downloaded GOOGL/1771330843.json
[2026-02-17T12:31:15.359+0000] {logging_mixin.py:188} INFO - Downloaded GOOGL/1771330858.json
[2026-02-17T12:31:15.392+0000] {logging_mixin.py:188} INFO - Downloaded GOOGL/1771330871.json
[2026-02-17T12:31:15.421+0000] {logging_mixin.py:188} INFO - Downloaded GOOGL/1771330886.json
[2026-02-17T12:31:15.484+0000] {logging_mixin.py:188} INFO - Downloaded GOOGL/1771330899.json
[2026-02-17T12:31:15.542+0000] {logging_mixin.py:188} INFO - Downloaded GOOGL/1771330909.json
[2026-02-17T12:31:15.638+0000] {logging_mixin.py:188} INFO - Downloaded GOOGL/1771330919.json
[2026-02-17T12:31:15.706+0000] {logging_mixin.py:188} INFO - Downloaded GOOGL/1771330930.json
[2026-02-17T12:31:15.822+0000] {logging_mixin.py:188} INFO - Downloaded GOOGL/1771330940.json
[2026-02-17T12:31:15.902+0000] {logging_mixin.py:188} INFO - Downloaded GOOGL/1771330951.json
[2026-02-17T12:31:15.991+0000] {logging_mixin.py:188} INFO - Downloaded GOOGL/1771330961.json
[2026-02-17T12:31:16.067+0000] {logging_mixin.py:188} INFO - Downloaded GOOGL/1771330976.json
[2026-02-17T12:31:16.111+0000] {logging_mixin.py:188} INFO - Downloaded GOOGL/1771330986.json
[2026-02-17T12:31:16.150+0000] {logging_mixin.py:188} INFO - Downloaded GOOGL/1771330997.json
[2026-02-17T12:31:16.177+0000] {logging_mixin.py:188} INFO - Downloaded GOOGL/1771331007.json
[2026-02-17T12:31:16.228+0000] {logging_mixin.py:188} INFO - Downloaded GOOGL/1771331017.json
[2026-02-17T12:31:16.268+0000] {logging_mixin.py:188} INFO - Downloaded GOOGL/1771331027.json
[2026-02-17T12:31:16.318+0000] {logging_mixin.py:188} INFO - Downloaded GOOGL/1771331037.json
[2026-02-17T12:31:16.365+0000] {logging_mixin.py:188} INFO - Downloaded GOOGL/1771331048.json
[2026-02-17T12:31:16.412+0000] {logging_mixin.py:188} INFO - Downloaded GOOGL/1771331059.json
[2026-02-17T12:31:16.451+0000] {logging_mixin.py:188} INFO - Downloaded GOOGL/1771331070.json
[2026-02-17T12:31:16.542+0000] {logging_mixin.py:188} INFO - Downloaded GOOGL/1771331082.json
[2026-02-17T12:31:16.575+0000] {logging_mixin.py:188} INFO - Downloaded GOOGL/1771331092.json
[2026-02-17T12:31:16.607+0000] {logging_mixin.py:188} INFO - Downloaded GOOGL/1771331102.json
[2026-02-17T12:31:16.642+0000] {logging_mixin.py:188} INFO - Downloaded GOOGL/1771331112.json
[2026-02-17T12:31:16.711+0000] {logging_mixin.py:188} INFO - Downloaded GOOGL/1771331123.json
[2026-02-17T12:31:16.785+0000] {logging_mixin.py:188} INFO - Downloaded GOOGL/1771331133.json
[2026-02-17T12:31:16.888+0000] {logging_mixin.py:188} INFO - Downloaded GOOGL/1771331144.json
[2026-02-17T12:31:16.939+0000] {logging_mixin.py:188} INFO - Downloaded GOOGL/1771331154.json
[2026-02-17T12:31:16.991+0000] {logging_mixin.py:188} INFO - Downloaded GOOGL/1771331164.json
[2026-02-17T12:31:17.059+0000] {logging_mixin.py:188} INFO - Downloaded GOOGL/1771331175.json
[2026-02-17T12:31:17.130+0000] {logging_mixin.py:188} INFO - Downloaded GOOGL/1771331185.json
[2026-02-17T12:31:17.177+0000] {logging_mixin.py:188} INFO - Downloaded GOOGL/1771331196.json
[2026-02-17T12:31:17.251+0000] {logging_mixin.py:188} INFO - Downloaded GOOGL/1771331206.json
[2026-02-17T12:31:17.336+0000] {logging_mixin.py:188} INFO - Downloaded GOOGL/1771331217.json
[2026-02-17T12:31:17.385+0000] {logging_mixin.py:188} INFO - Downloaded GOOGL/1771331228.json
[2026-02-17T12:31:17.431+0000] {logging_mixin.py:188} INFO - Downloaded GOOGL/1771331239.json
[2026-02-17T12:31:17.515+0000] {logging_mixin.py:188} INFO - Downloaded GOOGL/1771331251.json
[2026-02-17T12:31:17.612+0000] {logging_mixin.py:188} INFO - Downloaded GOOGL/1771331264.json
[2026-02-17T12:31:17.858+0000] {logging_mixin.py:188} INFO - Downloaded GOOGL/1771331275.json
[2026-02-17T12:31:17.926+0000] {logging_mixin.py:188} INFO - Downloaded GOOGL/1771331286.json
[2026-02-17T12:31:18.118+0000] {logging_mixin.py:188} INFO - Downloaded GOOGL/1771331296.json
[2026-02-17T12:31:18.276+0000] {logging_mixin.py:188} INFO - Downloaded GOOGL/1771331307.json
[2026-02-17T12:31:18.370+0000] {logging_mixin.py:188} INFO - Downloaded GOOGL/1771331317.json
[2026-02-17T12:31:18.431+0000] {logging_mixin.py:188} INFO - Downloaded GOOGL/1771331327.json
[2026-02-17T12:31:18.482+0000] {logging_mixin.py:188} INFO - Downloaded GOOGL/1771331337.json
[2026-02-17T12:31:18.540+0000] {logging_mixin.py:188} INFO - Downloaded GOOGL/1771331348.json
[2026-02-17T12:31:18.602+0000] {logging_mixin.py:188} INFO - Downloaded GOOGL/1771331358.json
[2026-02-17T12:31:18.708+0000] {logging_mixin.py:188} INFO - Downloaded GOOGL/1771331369.json
[2026-02-17T12:31:18.773+0000] {logging_mixin.py:188} INFO - Downloaded GOOGL/1771331379.json
[2026-02-17T12:31:18.888+0000] {logging_mixin.py:188} INFO - Downloaded GOOGL/1771331389.json
[2026-02-17T12:31:19.110+0000] {logging_mixin.py:188} INFO - Downloaded GOOGL/1771331399.json
[2026-02-17T12:31:19.163+0000] {logging_mixin.py:188} INFO - Downloaded GOOGL/1771331409.json
[2026-02-17T12:31:19.265+0000] {logging_mixin.py:188} INFO - Downloaded GOOGL/1771331420.json
[2026-02-17T12:31:19.381+0000] {logging_mixin.py:188} INFO - Downloaded GOOGL/1771331430.json
[2026-02-17T12:31:19.477+0000] {logging_mixin.py:188} INFO - Downloaded GOOGL/1771331440.json
[2026-02-17T12:31:19.698+0000] {logging_mixin.py:188} INFO - Downloaded MSFT/1771324933.json
[2026-02-17T12:31:19.784+0000] {logging_mixin.py:188} INFO - Downloaded MSFT/1771324944.json
[2026-02-17T12:31:19.902+0000] {logging_mixin.py:188} INFO - Downloaded MSFT/1771324954.json
[2026-02-17T12:31:19.979+0000] {logging_mixin.py:188} INFO - Downloaded MSFT/1771324965.json
[2026-02-17T12:31:20.033+0000] {logging_mixin.py:188} INFO - Downloaded MSFT/1771324975.json
[2026-02-17T12:31:20.098+0000] {logging_mixin.py:188} INFO - Downloaded MSFT/1771324986.json
[2026-02-17T12:31:20.149+0000] {logging_mixin.py:188} INFO - Downloaded MSFT/1771324997.json
[2026-02-17T12:31:20.202+0000] {logging_mixin.py:188} INFO - Downloaded MSFT/1771325008.json
[2026-02-17T12:31:20.272+0000] {logging_mixin.py:188} INFO - Downloaded MSFT/1771325018.json
[2026-02-17T12:31:20.601+0000] {logging_mixin.py:188} INFO - Downloaded MSFT/1771325029.json
[2026-02-17T12:31:20.861+0000] {logging_mixin.py:188} INFO - Downloaded MSFT/1771325039.json
[2026-02-17T12:31:20.968+0000] {logging_mixin.py:188} INFO - Downloaded MSFT/1771325050.json
[2026-02-17T12:31:21.287+0000] {logging_mixin.py:188} INFO - Downloaded MSFT/1771325060.json
[2026-02-17T12:31:21.534+0000] {logging_mixin.py:188} INFO - Downloaded MSFT/1771325070.json
[2026-02-17T12:31:21.732+0000] {logging_mixin.py:188} INFO - Downloaded MSFT/1771325080.json
[2026-02-17T12:31:21.872+0000] {logging_mixin.py:188} INFO - Downloaded MSFT/1771325091.json
[2026-02-17T12:31:21.981+0000] {logging_mixin.py:188} INFO - Downloaded MSFT/1771325102.json
[2026-02-17T12:31:22.082+0000] {logging_mixin.py:188} INFO - Downloaded MSFT/1771325113.json
[2026-02-17T12:31:22.186+0000] {logging_mixin.py:188} INFO - Downloaded MSFT/1771325123.json
[2026-02-17T12:31:22.301+0000] {logging_mixin.py:188} INFO - Downloaded MSFT/1771325133.json
[2026-02-17T12:31:22.358+0000] {logging_mixin.py:188} INFO - Downloaded MSFT/1771325143.json
[2026-02-17T12:31:22.444+0000] {logging_mixin.py:188} INFO - Downloaded MSFT/1771325154.json
[2026-02-17T12:31:22.542+0000] {logging_mixin.py:188} INFO - Downloaded MSFT/1771325164.json
[2026-02-17T12:31:22.713+0000] {logging_mixin.py:188} INFO - Downloaded MSFT/1771325175.json
[2026-02-17T12:31:22.895+0000] {logging_mixin.py:188} INFO - Downloaded MSFT/1771325185.json
[2026-02-17T12:31:23.114+0000] {logging_mixin.py:188} INFO - Downloaded MSFT/1771325195.json
[2026-02-17T12:31:23.220+0000] {logging_mixin.py:188} INFO - Downloaded MSFT/1771325206.json
[2026-02-17T12:31:23.300+0000] {logging_mixin.py:188} INFO - Downloaded MSFT/1771325216.json
[2026-02-17T12:31:23.442+0000] {logging_mixin.py:188} INFO - Downloaded MSFT/1771325226.json
[2026-02-17T12:31:23.537+0000] {logging_mixin.py:188} INFO - Downloaded MSFT/1771325237.json
[2026-02-17T12:31:23.586+0000] {logging_mixin.py:188} INFO - Downloaded MSFT/1771325248.json
[2026-02-17T12:31:23.657+0000] {logging_mixin.py:188} INFO - Downloaded MSFT/1771325258.json
[2026-02-17T12:31:23.715+0000] {logging_mixin.py:188} INFO - Downloaded MSFT/1771325270.json
[2026-02-17T12:31:23.764+0000] {logging_mixin.py:188} INFO - Downloaded MSFT/1771325280.json
[2026-02-17T12:31:23.830+0000] {logging_mixin.py:188} INFO - Downloaded MSFT/1771325290.json
[2026-02-17T12:31:23.895+0000] {logging_mixin.py:188} INFO - Downloaded MSFT/1771325301.json
[2026-02-17T12:31:23.954+0000] {logging_mixin.py:188} INFO - Downloaded MSFT/1771325335.json
[2026-02-17T12:31:24.049+0000] {logging_mixin.py:188} INFO - Downloaded MSFT/1771325345.json
[2026-02-17T12:31:24.170+0000] {logging_mixin.py:188} INFO - Downloaded MSFT/1771325355.json
[2026-02-17T12:31:24.255+0000] {logging_mixin.py:188} INFO - Downloaded MSFT/1771325366.json
[2026-02-17T12:31:24.338+0000] {logging_mixin.py:188} INFO - Downloaded MSFT/1771325376.json
[2026-02-17T12:31:24.466+0000] {logging_mixin.py:188} INFO - Downloaded MSFT/1771325386.json
[2026-02-17T12:31:24.564+0000] {logging_mixin.py:188} INFO - Downloaded MSFT/1771325398.json
[2026-02-17T12:31:24.693+0000] {logging_mixin.py:188} INFO - Downloaded MSFT/1771325409.json
[2026-02-17T12:31:24.765+0000] {logging_mixin.py:188} INFO - Downloaded MSFT/1771325420.json
[2026-02-17T12:31:24.851+0000] {logging_mixin.py:188} INFO - Downloaded MSFT/1771325432.json
[2026-02-17T12:31:24.914+0000] {logging_mixin.py:188} INFO - Downloaded MSFT/1771325444.json
[2026-02-17T12:31:25.062+0000] {logging_mixin.py:188} INFO - Downloaded MSFT/1771325455.json
[2026-02-17T12:31:25.147+0000] {logging_mixin.py:188} INFO - Downloaded MSFT/1771325465.json
[2026-02-17T12:31:25.271+0000] {logging_mixin.py:188} INFO - Downloaded MSFT/1771325475.json
[2026-02-17T12:31:25.446+0000] {logging_mixin.py:188} INFO - Downloaded MSFT/1771325486.json
[2026-02-17T12:31:25.557+0000] {logging_mixin.py:188} INFO - Downloaded MSFT/1771325497.json
[2026-02-17T12:31:25.615+0000] {logging_mixin.py:188} INFO - Downloaded MSFT/1771325508.json
[2026-02-17T12:31:25.669+0000] {logging_mixin.py:188} INFO - Downloaded MSFT/1771325518.json
[2026-02-17T12:31:25.705+0000] {logging_mixin.py:188} INFO - Downloaded MSFT/1771325529.json
[2026-02-17T12:31:25.740+0000] {logging_mixin.py:188} INFO - Downloaded MSFT/1771325539.json
[2026-02-17T12:31:25.779+0000] {logging_mixin.py:188} INFO - Downloaded MSFT/1771325550.json
[2026-02-17T12:31:25.811+0000] {logging_mixin.py:188} INFO - Downloaded MSFT/1771325560.json
[2026-02-17T12:31:25.879+0000] {logging_mixin.py:188} INFO - Downloaded MSFT/1771325570.json
[2026-02-17T12:31:25.937+0000] {logging_mixin.py:188} INFO - Downloaded MSFT/1771325580.json
[2026-02-17T12:31:26.062+0000] {logging_mixin.py:188} INFO - Downloaded MSFT/1771325590.json
[2026-02-17T12:31:26.165+0000] {logging_mixin.py:188} INFO - Downloaded MSFT/1771325601.json
[2026-02-17T12:31:26.359+0000] {logging_mixin.py:188} INFO - Downloaded MSFT/1771325613.json
[2026-02-17T12:31:26.405+0000] {logging_mixin.py:188} INFO - Downloaded MSFT/1771325624.json
[2026-02-17T12:31:26.444+0000] {logging_mixin.py:188} INFO - Downloaded MSFT/1771325634.json
[2026-02-17T12:31:26.491+0000] {logging_mixin.py:188} INFO - Downloaded MSFT/1771325645.json
[2026-02-17T12:31:26.717+0000] {logging_mixin.py:188} INFO - Downloaded MSFT/1771325656.json
[2026-02-17T12:31:26.794+0000] {logging_mixin.py:188} INFO - Downloaded MSFT/1771325666.json
[2026-02-17T12:31:26.839+0000] {logging_mixin.py:188} INFO - Downloaded MSFT/1771325677.json
[2026-02-17T12:31:26.892+0000] {logging_mixin.py:188} INFO - Downloaded MSFT/1771325687.json
[2026-02-17T12:31:27.118+0000] {logging_mixin.py:188} INFO - Downloaded MSFT/1771325698.json
[2026-02-17T12:31:27.179+0000] {logging_mixin.py:188} INFO - Downloaded MSFT/1771325708.json
[2026-02-17T12:31:27.226+0000] {logging_mixin.py:188} INFO - Downloaded MSFT/1771325719.json
[2026-02-17T12:31:27.313+0000] {logging_mixin.py:188} INFO - Downloaded MSFT/1771325730.json
[2026-02-17T12:31:27.394+0000] {logging_mixin.py:188} INFO - Downloaded MSFT/1771325740.json
[2026-02-17T12:31:27.543+0000] {logging_mixin.py:188} INFO - Downloaded MSFT/1771325751.json
[2026-02-17T12:31:27.655+0000] {logging_mixin.py:188} INFO - Downloaded MSFT/1771325777.json
[2026-02-17T12:31:27.842+0000] {logging_mixin.py:188} INFO - Downloaded MSFT/1771325788.json
[2026-02-17T12:31:27.903+0000] {logging_mixin.py:188} INFO - Downloaded MSFT/1771325801.json
[2026-02-17T12:31:28.021+0000] {logging_mixin.py:188} INFO - Downloaded MSFT/1771325811.json
[2026-02-17T12:31:28.102+0000] {logging_mixin.py:188} INFO - Downloaded MSFT/1771325821.json
[2026-02-17T12:31:28.155+0000] {logging_mixin.py:188} INFO - Downloaded MSFT/1771325831.json
[2026-02-17T12:31:28.232+0000] {logging_mixin.py:188} INFO - Downloaded MSFT/1771325841.json
[2026-02-17T12:31:28.309+0000] {logging_mixin.py:188} INFO - Downloaded MSFT/1771325853.json
[2026-02-17T12:31:28.365+0000] {logging_mixin.py:188} INFO - Downloaded MSFT/1771325864.json
[2026-02-17T12:31:28.463+0000] {logging_mixin.py:188} INFO - Downloaded MSFT/1771325875.json
[2026-02-17T12:31:28.497+0000] {logging_mixin.py:188} INFO - Downloaded MSFT/1771325887.json
[2026-02-17T12:31:28.562+0000] {logging_mixin.py:188} INFO - Downloaded MSFT/1771325899.json
[2026-02-17T12:31:28.615+0000] {logging_mixin.py:188} INFO - Downloaded MSFT/1771325911.json
[2026-02-17T12:31:28.724+0000] {logging_mixin.py:188} INFO - Downloaded MSFT/1771325922.json
[2026-02-17T12:31:28.768+0000] {logging_mixin.py:188} INFO - Downloaded MSFT/1771325933.json
[2026-02-17T12:31:28.857+0000] {logging_mixin.py:188} INFO - Downloaded MSFT/1771325945.json
[2026-02-17T12:31:28.968+0000] {logging_mixin.py:188} INFO - Downloaded MSFT/1771325956.json
[2026-02-17T12:31:29.011+0000] {logging_mixin.py:188} INFO - Downloaded MSFT/1771325970.json
[2026-02-17T12:31:29.081+0000] {logging_mixin.py:188} INFO - Downloaded MSFT/1771325981.json
[2026-02-17T12:31:29.134+0000] {logging_mixin.py:188} INFO - Downloaded MSFT/1771325992.json
[2026-02-17T12:31:29.194+0000] {logging_mixin.py:188} INFO - Downloaded MSFT/1771326003.json
[2026-02-17T12:31:29.231+0000] {logging_mixin.py:188} INFO - Downloaded MSFT/1771326013.json
[2026-02-17T12:31:29.278+0000] {logging_mixin.py:188} INFO - Downloaded MSFT/1771326024.json
[2026-02-17T12:31:29.331+0000] {logging_mixin.py:188} INFO - Downloaded MSFT/1771326035.json
[2026-02-17T12:31:29.402+0000] {logging_mixin.py:188} INFO - Downloaded MSFT/1771326045.json
[2026-02-17T12:31:29.439+0000] {logging_mixin.py:188} INFO - Downloaded MSFT/1771326055.json
[2026-02-17T12:31:29.618+0000] {logging_mixin.py:188} INFO - Downloaded MSFT/1771326065.json
[2026-02-17T12:31:29.724+0000] {logging_mixin.py:188} INFO - Downloaded MSFT/1771326075.json
[2026-02-17T12:31:29.816+0000] {logging_mixin.py:188} INFO - Downloaded MSFT/1771326085.json
[2026-02-17T12:31:29.860+0000] {logging_mixin.py:188} INFO - Downloaded MSFT/1771326096.json
[2026-02-17T12:31:29.927+0000] {logging_mixin.py:188} INFO - Downloaded MSFT/1771326108.json
[2026-02-17T12:31:29.974+0000] {logging_mixin.py:188} INFO - Downloaded MSFT/1771326123.json
[2026-02-17T12:31:30.038+0000] {logging_mixin.py:188} INFO - Downloaded MSFT/1771326136.json
[2026-02-17T12:31:30.225+0000] {logging_mixin.py:188} INFO - Downloaded MSFT/1771326146.json
[2026-02-17T12:31:30.319+0000] {logging_mixin.py:188} INFO - Downloaded MSFT/1771326158.json
[2026-02-17T12:31:30.426+0000] {logging_mixin.py:188} INFO - Downloaded MSFT/1771326169.json
[2026-02-17T12:31:30.477+0000] {logging_mixin.py:188} INFO - Downloaded MSFT/1771326180.json
[2026-02-17T12:31:30.569+0000] {logging_mixin.py:188} INFO - Downloaded MSFT/1771326191.json
[2026-02-17T12:31:30.638+0000] {logging_mixin.py:188} INFO - Downloaded MSFT/1771326202.json
[2026-02-17T12:31:30.695+0000] {logging_mixin.py:188} INFO - Downloaded MSFT/1771326212.json
[2026-02-17T12:31:30.752+0000] {logging_mixin.py:188} INFO - Downloaded MSFT/1771326222.json
[2026-02-17T12:31:30.811+0000] {logging_mixin.py:188} INFO - Downloaded MSFT/1771326232.json
[2026-02-17T12:31:30.885+0000] {logging_mixin.py:188} INFO - Downloaded MSFT/1771326243.json
[2026-02-17T12:31:30.942+0000] {logging_mixin.py:188} INFO - Downloaded MSFT/1771326252.json
[2026-02-17T12:31:31.045+0000] {logging_mixin.py:188} INFO - Downloaded MSFT/1771326263.json
[2026-02-17T12:31:31.185+0000] {logging_mixin.py:188} INFO - Downloaded MSFT/1771326273.json
[2026-02-17T12:31:31.266+0000] {logging_mixin.py:188} INFO - Downloaded MSFT/1771326283.json
[2026-02-17T12:31:31.322+0000] {logging_mixin.py:188} INFO - Downloaded MSFT/1771326294.json
[2026-02-17T12:31:31.374+0000] {logging_mixin.py:188} INFO - Downloaded MSFT/1771326310.json
[2026-02-17T12:31:31.456+0000] {logging_mixin.py:188} INFO - Downloaded MSFT/1771326321.json
[2026-02-17T12:31:31.585+0000] {logging_mixin.py:188} INFO - Downloaded MSFT/1771326332.json
[2026-02-17T12:31:31.780+0000] {logging_mixin.py:188} INFO - Downloaded MSFT/1771326348.json
[2026-02-17T12:31:31.915+0000] {logging_mixin.py:188} INFO - Downloaded MSFT/1771326359.json
[2026-02-17T12:31:31.977+0000] {logging_mixin.py:188} INFO - Downloaded MSFT/1771326371.json
[2026-02-17T12:31:32.032+0000] {logging_mixin.py:188} INFO - Downloaded MSFT/1771326382.json
[2026-02-17T12:31:32.099+0000] {logging_mixin.py:188} INFO - Downloaded MSFT/1771326392.json
[2026-02-17T12:31:32.169+0000] {logging_mixin.py:188} INFO - Downloaded MSFT/1771326402.json
[2026-02-17T12:31:32.232+0000] {logging_mixin.py:188} INFO - Downloaded MSFT/1771326412.json
[2026-02-17T12:31:32.282+0000] {logging_mixin.py:188} INFO - Downloaded MSFT/1771326423.json
[2026-02-17T12:31:32.382+0000] {logging_mixin.py:188} INFO - Downloaded MSFT/1771326433.json
[2026-02-17T12:31:32.573+0000] {logging_mixin.py:188} INFO - Downloaded MSFT/1771326443.json
[2026-02-17T12:31:32.704+0000] {logging_mixin.py:188} INFO - Downloaded MSFT/1771326453.json
[2026-02-17T12:31:32.851+0000] {logging_mixin.py:188} INFO - Downloaded MSFT/1771326464.json
[2026-02-17T12:31:32.915+0000] {logging_mixin.py:188} INFO - Downloaded MSFT/1771326474.json
[2026-02-17T12:31:32.980+0000] {logging_mixin.py:188} INFO - Downloaded MSFT/1771326484.json
[2026-02-17T12:31:33.039+0000] {logging_mixin.py:188} INFO - Downloaded MSFT/1771326494.json
[2026-02-17T12:31:33.113+0000] {logging_mixin.py:188} INFO - Downloaded MSFT/1771326505.json
[2026-02-17T12:31:33.162+0000] {logging_mixin.py:188} INFO - Downloaded MSFT/1771326515.json
[2026-02-17T12:31:33.229+0000] {logging_mixin.py:188} INFO - Downloaded MSFT/1771326526.json
[2026-02-17T12:31:33.326+0000] {logging_mixin.py:188} INFO - Downloaded MSFT/1771326535.json
[2026-02-17T12:31:33.408+0000] {logging_mixin.py:188} INFO - Downloaded MSFT/1771326546.json
[2026-02-17T12:31:33.476+0000] {logging_mixin.py:188} INFO - Downloaded MSFT/1771326556.json
[2026-02-17T12:31:33.568+0000] {logging_mixin.py:188} INFO - Downloaded MSFT/1771326567.json
[2026-02-17T12:31:33.663+0000] {logging_mixin.py:188} INFO - Downloaded MSFT/1771326576.json
[2026-02-17T12:31:33.716+0000] {logging_mixin.py:188} INFO - Downloaded MSFT/1771326586.json
[2026-02-17T12:31:33.772+0000] {logging_mixin.py:188} INFO - Downloaded MSFT/1771326596.json
[2026-02-17T12:31:33.893+0000] {logging_mixin.py:188} INFO - Downloaded MSFT/1771326606.json
[2026-02-17T12:31:33.969+0000] {logging_mixin.py:188} INFO - Downloaded MSFT/1771326616.json
[2026-02-17T12:31:34.076+0000] {logging_mixin.py:188} INFO - Downloaded MSFT/1771326627.json
[2026-02-17T12:31:34.174+0000] {logging_mixin.py:188} INFO - Downloaded MSFT/1771326637.json
[2026-02-17T12:31:34.289+0000] {logging_mixin.py:188} INFO - Downloaded MSFT/1771326647.json
[2026-02-17T12:31:34.382+0000] {logging_mixin.py:188} INFO - Downloaded MSFT/1771326657.json
[2026-02-17T12:31:34.485+0000] {logging_mixin.py:188} INFO - Downloaded MSFT/1771326667.json
[2026-02-17T12:31:34.573+0000] {logging_mixin.py:188} INFO - Downloaded MSFT/1771326678.json
[2026-02-17T12:31:34.672+0000] {logging_mixin.py:188} INFO - Downloaded MSFT/1771326688.json
[2026-02-17T12:31:34.753+0000] {logging_mixin.py:188} INFO - Downloaded MSFT/1771326698.json
[2026-02-17T12:31:34.832+0000] {logging_mixin.py:188} INFO - Downloaded MSFT/1771326708.json
[2026-02-17T12:31:34.951+0000] {logging_mixin.py:188} INFO - Downloaded MSFT/1771326719.json
[2026-02-17T12:31:35.023+0000] {logging_mixin.py:188} INFO - Downloaded MSFT/1771326729.json
[2026-02-17T12:31:35.074+0000] {logging_mixin.py:188} INFO - Downloaded MSFT/1771326739.json
[2026-02-17T12:31:35.127+0000] {logging_mixin.py:188} INFO - Downloaded MSFT/1771326749.json
[2026-02-17T12:31:35.187+0000] {logging_mixin.py:188} INFO - Downloaded MSFT/1771326759.json
[2026-02-17T12:31:35.275+0000] {logging_mixin.py:188} INFO - Downloaded MSFT/1771326770.json
[2026-02-17T12:31:35.357+0000] {logging_mixin.py:188} INFO - Downloaded MSFT/1771326780.json
[2026-02-17T12:31:35.423+0000] {logging_mixin.py:188} INFO - Downloaded MSFT/1771326790.json
[2026-02-17T12:31:35.467+0000] {logging_mixin.py:188} INFO - Downloaded MSFT/1771326800.json
[2026-02-17T12:31:35.523+0000] {logging_mixin.py:188} INFO - Downloaded MSFT/1771326810.json
[2026-02-17T12:31:35.602+0000] {logging_mixin.py:188} INFO - Downloaded MSFT/1771326820.json
[2026-02-17T12:31:35.690+0000] {logging_mixin.py:188} INFO - Downloaded MSFT/1771326831.json
[2026-02-17T12:31:35.731+0000] {logging_mixin.py:188} INFO - Downloaded MSFT/1771326841.json
[2026-02-17T12:31:35.778+0000] {logging_mixin.py:188} INFO - Downloaded MSFT/1771326851.json
[2026-02-17T12:31:35.836+0000] {logging_mixin.py:188} INFO - Downloaded MSFT/1771326861.json
[2026-02-17T12:31:35.883+0000] {logging_mixin.py:188} INFO - Downloaded MSFT/1771326871.json
[2026-02-17T12:31:35.934+0000] {logging_mixin.py:188} INFO - Downloaded MSFT/1771326882.json
[2026-02-17T12:31:36.034+0000] {logging_mixin.py:188} INFO - Downloaded MSFT/1771326892.json
[2026-02-17T12:31:36.087+0000] {logging_mixin.py:188} INFO - Downloaded MSFT/1771326902.json
[2026-02-17T12:31:36.132+0000] {logging_mixin.py:188} INFO - Downloaded MSFT/1771326913.json
[2026-02-17T12:31:36.167+0000] {logging_mixin.py:188} INFO - Downloaded MSFT/1771326924.json
[2026-02-17T12:31:36.178+0000] {logging_mixin.py:188} INFO - Downloaded MSFT/1771326935.json
[2026-02-17T12:31:36.216+0000] {logging_mixin.py:188} INFO - Downloaded MSFT/1771326946.json
[2026-02-17T12:31:36.254+0000] {logging_mixin.py:188} INFO - Downloaded MSFT/1771326956.json
[2026-02-17T12:31:36.291+0000] {logging_mixin.py:188} INFO - Downloaded MSFT/1771326966.json
[2026-02-17T12:31:36.319+0000] {logging_mixin.py:188} INFO - Downloaded MSFT/1771326977.json
[2026-02-17T12:31:36.348+0000] {logging_mixin.py:188} INFO - Downloaded MSFT/1771326987.json
[2026-02-17T12:31:36.378+0000] {logging_mixin.py:188} INFO - Downloaded MSFT/1771326997.json
[2026-02-17T12:31:36.412+0000] {logging_mixin.py:188} INFO - Downloaded MSFT/1771327009.json
[2026-02-17T12:31:36.446+0000] {logging_mixin.py:188} INFO - Downloaded MSFT/1771327019.json
[2026-02-17T12:31:36.474+0000] {logging_mixin.py:188} INFO - Downloaded MSFT/1771327029.json
[2026-02-17T12:31:36.518+0000] {logging_mixin.py:188} INFO - Downloaded MSFT/1771327040.json
[2026-02-17T12:31:36.545+0000] {logging_mixin.py:188} INFO - Downloaded MSFT/1771327050.json
[2026-02-17T12:31:36.581+0000] {logging_mixin.py:188} INFO - Downloaded MSFT/1771327060.json
[2026-02-17T12:31:36.639+0000] {logging_mixin.py:188} INFO - Downloaded MSFT/1771327083.json
[2026-02-17T12:31:36.683+0000] {logging_mixin.py:188} INFO - Downloaded MSFT/1771327099.json
[2026-02-17T12:31:36.725+0000] {logging_mixin.py:188} INFO - Downloaded MSFT/1771327115.json
[2026-02-17T12:31:36.793+0000] {logging_mixin.py:188} INFO - Downloaded MSFT/1771327128.json
[2026-02-17T12:31:36.845+0000] {logging_mixin.py:188} INFO - Downloaded MSFT/1771327139.json
[2026-02-17T12:31:36.891+0000] {logging_mixin.py:188} INFO - Downloaded MSFT/1771327149.json
[2026-02-17T12:31:36.957+0000] {logging_mixin.py:188} INFO - Downloaded MSFT/1771327159.json
[2026-02-17T12:31:37.016+0000] {logging_mixin.py:188} INFO - Downloaded MSFT/1771327169.json
[2026-02-17T12:31:37.093+0000] {logging_mixin.py:188} INFO - Downloaded MSFT/1771327179.json
[2026-02-17T12:31:37.198+0000] {logging_mixin.py:188} INFO - Downloaded MSFT/1771327189.json
[2026-02-17T12:31:37.241+0000] {logging_mixin.py:188} INFO - Downloaded MSFT/1771327199.json
[2026-02-17T12:31:37.286+0000] {logging_mixin.py:188} INFO - Downloaded MSFT/1771327210.json
[2026-02-17T12:31:37.318+0000] {logging_mixin.py:188} INFO - Downloaded MSFT/1771327221.json
[2026-02-17T12:31:37.346+0000] {logging_mixin.py:188} INFO - Downloaded MSFT/1771327231.json
[2026-02-17T12:31:37.382+0000] {logging_mixin.py:188} INFO - Downloaded MSFT/1771327241.json
[2026-02-17T12:31:37.418+0000] {logging_mixin.py:188} INFO - Downloaded MSFT/1771327253.json
[2026-02-17T12:31:37.446+0000] {logging_mixin.py:188} INFO - Downloaded MSFT/1771327263.json
[2026-02-17T12:31:37.474+0000] {logging_mixin.py:188} INFO - Downloaded MSFT/1771327273.json
[2026-02-17T12:31:37.503+0000] {logging_mixin.py:188} INFO - Downloaded MSFT/1771327283.json
[2026-02-17T12:31:37.536+0000] {logging_mixin.py:188} INFO - Downloaded MSFT/1771327293.json
[2026-02-17T12:31:37.568+0000] {logging_mixin.py:188} INFO - Downloaded MSFT/1771327303.json
[2026-02-17T12:31:37.636+0000] {logging_mixin.py:188} INFO - Downloaded MSFT/1771327314.json
[2026-02-17T12:31:37.666+0000] {logging_mixin.py:188} INFO - Downloaded MSFT/1771327324.json
[2026-02-17T12:31:37.714+0000] {logging_mixin.py:188} INFO - Downloaded MSFT/1771327335.json
[2026-02-17T12:31:37.747+0000] {logging_mixin.py:188} INFO - Downloaded MSFT/1771327345.json
[2026-02-17T12:31:37.775+0000] {logging_mixin.py:188} INFO - Downloaded MSFT/1771327355.json
[2026-02-17T12:31:37.806+0000] {logging_mixin.py:188} INFO - Downloaded MSFT/1771327365.json
[2026-02-17T12:31:37.839+0000] {logging_mixin.py:188} INFO - Downloaded MSFT/1771327375.json
[2026-02-17T12:31:37.868+0000] {logging_mixin.py:188} INFO - Downloaded MSFT/1771327385.json
[2026-02-17T12:31:37.895+0000] {logging_mixin.py:188} INFO - Downloaded MSFT/1771327396.json
[2026-02-17T12:31:37.927+0000] {logging_mixin.py:188} INFO - Downloaded MSFT/1771327407.json
[2026-02-17T12:31:37.959+0000] {logging_mixin.py:188} INFO - Downloaded MSFT/1771327418.json
[2026-02-17T12:31:37.987+0000] {logging_mixin.py:188} INFO - Downloaded MSFT/1771327428.json
[2026-02-17T12:31:38.025+0000] {logging_mixin.py:188} INFO - Downloaded MSFT/1771327438.json
[2026-02-17T12:31:38.051+0000] {logging_mixin.py:188} INFO - Downloaded MSFT/1771327448.json
[2026-02-17T12:31:38.081+0000] {logging_mixin.py:188} INFO - Downloaded MSFT/1771327458.json
[2026-02-17T12:31:38.113+0000] {logging_mixin.py:188} INFO - Downloaded MSFT/1771327469.json
[2026-02-17T12:31:38.146+0000] {logging_mixin.py:188} INFO - Downloaded MSFT/1771327479.json
[2026-02-17T12:31:38.177+0000] {logging_mixin.py:188} INFO - Downloaded MSFT/1771327490.json
[2026-02-17T12:31:38.208+0000] {logging_mixin.py:188} INFO - Downloaded MSFT/1771327500.json
[2026-02-17T12:31:38.246+0000] {logging_mixin.py:188} INFO - Downloaded MSFT/1771327511.json
[2026-02-17T12:31:38.334+0000] {logging_mixin.py:188} INFO - Downloaded MSFT/1771327522.json
[2026-02-17T12:31:38.388+0000] {logging_mixin.py:188} INFO - Downloaded MSFT/1771327532.json
[2026-02-17T12:31:38.417+0000] {logging_mixin.py:188} INFO - Downloaded MSFT/1771327542.json
[2026-02-17T12:31:38.446+0000] {logging_mixin.py:188} INFO - Downloaded MSFT/1771327553.json
[2026-02-17T12:31:38.475+0000] {logging_mixin.py:188} INFO - Downloaded MSFT/1771327563.json
[2026-02-17T12:31:38.520+0000] {logging_mixin.py:188} INFO - Downloaded MSFT/1771327575.json
[2026-02-17T12:31:38.550+0000] {logging_mixin.py:188} INFO - Downloaded MSFT/1771327587.json
[2026-02-17T12:31:38.574+0000] {logging_mixin.py:188} INFO - Downloaded MSFT/1771327598.json
[2026-02-17T12:31:38.599+0000] {logging_mixin.py:188} INFO - Downloaded MSFT/1771327608.json
[2026-02-17T12:31:38.625+0000] {logging_mixin.py:188} INFO - Downloaded MSFT/1771327618.json
[2026-02-17T12:31:38.652+0000] {logging_mixin.py:188} INFO - Downloaded MSFT/1771327629.json
[2026-02-17T12:31:38.679+0000] {logging_mixin.py:188} INFO - Downloaded MSFT/1771327639.json
[2026-02-17T12:31:38.703+0000] {logging_mixin.py:188} INFO - Downloaded MSFT/1771327649.json
[2026-02-17T12:31:38.728+0000] {logging_mixin.py:188} INFO - Downloaded MSFT/1771327659.json
[2026-02-17T12:31:38.752+0000] {logging_mixin.py:188} INFO - Downloaded MSFT/1771327669.json
[2026-02-17T12:31:38.783+0000] {logging_mixin.py:188} INFO - Downloaded MSFT/1771327679.json
[2026-02-17T12:31:38.806+0000] {logging_mixin.py:188} INFO - Downloaded MSFT/1771327690.json
[2026-02-17T12:31:38.834+0000] {logging_mixin.py:188} INFO - Downloaded MSFT/1771327700.json
[2026-02-17T12:31:38.871+0000] {logging_mixin.py:188} INFO - Downloaded MSFT/1771327710.json
[2026-02-17T12:31:38.914+0000] {logging_mixin.py:188} INFO - Downloaded MSFT/1771327720.json
[2026-02-17T12:31:38.940+0000] {logging_mixin.py:188} INFO - Downloaded MSFT/1771327730.json
[2026-02-17T12:31:38.963+0000] {logging_mixin.py:188} INFO - Downloaded MSFT/1771327741.json
[2026-02-17T12:31:38.984+0000] {logging_mixin.py:188} INFO - Downloaded MSFT/1771327751.json
[2026-02-17T12:31:39.010+0000] {logging_mixin.py:188} INFO - Downloaded MSFT/1771327762.json
[2026-02-17T12:31:39.047+0000] {logging_mixin.py:188} INFO - Downloaded MSFT/1771327772.json
[2026-02-17T12:31:39.079+0000] {logging_mixin.py:188} INFO - Downloaded MSFT/1771327783.json
[2026-02-17T12:31:39.105+0000] {logging_mixin.py:188} INFO - Downloaded MSFT/1771327793.json
[2026-02-17T12:31:39.129+0000] {logging_mixin.py:188} INFO - Downloaded MSFT/1771327803.json
[2026-02-17T12:31:39.151+0000] {logging_mixin.py:188} INFO - Downloaded MSFT/1771327814.json
[2026-02-17T12:31:39.175+0000] {logging_mixin.py:188} INFO - Downloaded MSFT/1771327824.json
[2026-02-17T12:31:39.203+0000] {logging_mixin.py:188} INFO - Downloaded MSFT/1771327834.json
[2026-02-17T12:31:39.225+0000] {logging_mixin.py:188} INFO - Downloaded MSFT/1771327845.json
[2026-02-17T12:31:39.248+0000] {logging_mixin.py:188} INFO - Downloaded MSFT/1771327855.json
[2026-02-17T12:31:39.271+0000] {logging_mixin.py:188} INFO - Downloaded MSFT/1771327866.json
[2026-02-17T12:31:39.294+0000] {logging_mixin.py:188} INFO - Downloaded MSFT/1771327877.json
[2026-02-17T12:31:39.315+0000] {logging_mixin.py:188} INFO - Downloaded MSFT/1771327888.json
[2026-02-17T12:31:39.338+0000] {logging_mixin.py:188} INFO - Downloaded MSFT/1771327898.json
[2026-02-17T12:31:39.370+0000] {logging_mixin.py:188} INFO - Downloaded MSFT/1771327908.json
[2026-02-17T12:31:39.400+0000] {logging_mixin.py:188} INFO - Downloaded MSFT/1771327919.json
[2026-02-17T12:31:39.425+0000] {logging_mixin.py:188} INFO - Downloaded MSFT/1771327929.json
[2026-02-17T12:31:39.451+0000] {logging_mixin.py:188} INFO - Downloaded MSFT/1771327939.json
[2026-02-17T12:31:39.476+0000] {logging_mixin.py:188} INFO - Downloaded MSFT/1771327949.json
[2026-02-17T12:31:39.514+0000] {logging_mixin.py:188} INFO - Downloaded MSFT/1771327959.json
[2026-02-17T12:31:39.565+0000] {logging_mixin.py:188} INFO - Downloaded MSFT/1771327970.json
[2026-02-17T12:31:39.596+0000] {logging_mixin.py:188} INFO - Downloaded MSFT/1771327980.json
[2026-02-17T12:31:39.628+0000] {logging_mixin.py:188} INFO - Downloaded MSFT/1771327991.json
[2026-02-17T12:31:39.676+0000] {logging_mixin.py:188} INFO - Downloaded MSFT/1771328001.json
[2026-02-17T12:31:39.714+0000] {logging_mixin.py:188} INFO - Downloaded MSFT/1771328011.json
[2026-02-17T12:31:39.753+0000] {logging_mixin.py:188} INFO - Downloaded MSFT/1771328021.json
[2026-02-17T12:31:39.804+0000] {logging_mixin.py:188} INFO - Downloaded MSFT/1771328031.json
[2026-02-17T12:31:39.844+0000] {logging_mixin.py:188} INFO - Downloaded MSFT/1771328041.json
[2026-02-17T12:31:39.869+0000] {logging_mixin.py:188} INFO - Downloaded MSFT/1771328052.json
[2026-02-17T12:31:39.894+0000] {logging_mixin.py:188} INFO - Downloaded MSFT/1771328062.json
[2026-02-17T12:31:39.920+0000] {logging_mixin.py:188} INFO - Downloaded MSFT/1771328072.json
[2026-02-17T12:31:39.947+0000] {logging_mixin.py:188} INFO - Downloaded MSFT/1771328082.json
[2026-02-17T12:31:39.970+0000] {logging_mixin.py:188} INFO - Downloaded MSFT/1771328093.json
[2026-02-17T12:31:39.998+0000] {logging_mixin.py:188} INFO - Downloaded MSFT/1771328105.json
[2026-02-17T12:31:40.031+0000] {logging_mixin.py:188} INFO - Downloaded MSFT/1771328117.json
[2026-02-17T12:31:40.059+0000] {logging_mixin.py:188} INFO - Downloaded MSFT/1771328128.json
[2026-02-17T12:31:40.092+0000] {logging_mixin.py:188} INFO - Downloaded MSFT/1771328139.json
[2026-02-17T12:31:40.117+0000] {logging_mixin.py:188} INFO - Downloaded MSFT/1771328151.json
[2026-02-17T12:31:40.139+0000] {logging_mixin.py:188} INFO - Downloaded MSFT/1771328162.json
[2026-02-17T12:31:40.163+0000] {logging_mixin.py:188} INFO - Downloaded MSFT/1771328186.json
[2026-02-17T12:31:40.192+0000] {logging_mixin.py:188} INFO - Downloaded MSFT/1771328210.json
[2026-02-17T12:31:40.223+0000] {logging_mixin.py:188} INFO - Downloaded MSFT/1771328221.json
[2026-02-17T12:31:40.249+0000] {logging_mixin.py:188} INFO - Downloaded MSFT/1771328231.json
[2026-02-17T12:31:40.291+0000] {logging_mixin.py:188} INFO - Downloaded MSFT/1771328241.json
[2026-02-17T12:31:40.330+0000] {logging_mixin.py:188} INFO - Downloaded MSFT/1771328252.json
[2026-02-17T12:31:40.356+0000] {logging_mixin.py:188} INFO - Downloaded MSFT/1771328262.json
[2026-02-17T12:31:40.380+0000] {logging_mixin.py:188} INFO - Downloaded MSFT/1771328273.json
[2026-02-17T12:31:40.403+0000] {logging_mixin.py:188} INFO - Downloaded MSFT/1771328284.json
[2026-02-17T12:31:40.429+0000] {logging_mixin.py:188} INFO - Downloaded MSFT/1771328294.json
[2026-02-17T12:31:40.484+0000] {logging_mixin.py:188} INFO - Downloaded MSFT/1771328305.json
[2026-02-17T12:31:40.523+0000] {logging_mixin.py:188} INFO - Downloaded MSFT/1771328315.json
[2026-02-17T12:31:40.565+0000] {logging_mixin.py:188} INFO - Downloaded MSFT/1771328325.json
[2026-02-17T12:31:40.601+0000] {logging_mixin.py:188} INFO - Downloaded MSFT/1771328335.json
[2026-02-17T12:31:40.704+0000] {logging_mixin.py:188} INFO - Downloaded MSFT/1771328346.json
[2026-02-17T12:31:40.820+0000] {logging_mixin.py:188} INFO - Downloaded MSFT/1771328358.json
[2026-02-17T12:31:40.941+0000] {logging_mixin.py:188} INFO - Downloaded MSFT/1771328374.json
[2026-02-17T12:31:40.977+0000] {logging_mixin.py:188} INFO - Downloaded MSFT/1771328385.json
[2026-02-17T12:31:41.030+0000] {logging_mixin.py:188} INFO - Downloaded MSFT/1771328397.json
[2026-02-17T12:31:41.082+0000] {logging_mixin.py:188} INFO - Downloaded MSFT/1771328408.json
[2026-02-17T12:31:41.131+0000] {logging_mixin.py:188} INFO - Downloaded MSFT/1771328418.json
[2026-02-17T12:31:41.612+0000] {logging_mixin.py:188} INFO - Downloaded MSFT/1771328436.json
[2026-02-17T12:31:41.641+0000] {logging_mixin.py:188} INFO - Downloaded MSFT/1771328518.json
[2026-02-17T12:31:41.676+0000] {logging_mixin.py:188} INFO - Downloaded MSFT/1771328529.json
[2026-02-17T12:31:41.705+0000] {logging_mixin.py:188} INFO - Downloaded MSFT/1771328540.json
[2026-02-17T12:31:41.744+0000] {logging_mixin.py:188} INFO - Downloaded MSFT/1771328728.json
[2026-02-17T12:31:41.769+0000] {logging_mixin.py:188} INFO - Downloaded MSFT/1771328740.json
[2026-02-17T12:31:41.795+0000] {logging_mixin.py:188} INFO - Downloaded MSFT/1771328750.json
[2026-02-17T12:31:41.817+0000] {logging_mixin.py:188} INFO - Downloaded MSFT/1771328760.json
[2026-02-17T12:31:41.846+0000] {logging_mixin.py:188} INFO - Downloaded MSFT/1771328771.json
[2026-02-17T12:31:41.875+0000] {logging_mixin.py:188} INFO - Downloaded MSFT/1771328782.json
[2026-02-17T12:31:41.899+0000] {logging_mixin.py:188} INFO - Downloaded MSFT/1771328792.json
[2026-02-17T12:31:41.923+0000] {logging_mixin.py:188} INFO - Downloaded MSFT/1771328802.json
[2026-02-17T12:31:41.946+0000] {logging_mixin.py:188} INFO - Downloaded MSFT/1771328812.json
[2026-02-17T12:31:41.966+0000] {logging_mixin.py:188} INFO - Downloaded MSFT/1771328822.json
[2026-02-17T12:31:41.990+0000] {logging_mixin.py:188} INFO - Downloaded MSFT/1771328833.json
[2026-02-17T12:31:42.018+0000] {logging_mixin.py:188} INFO - Downloaded MSFT/1771328844.json
[2026-02-17T12:31:42.050+0000] {logging_mixin.py:188} INFO - Downloaded MSFT/1771328854.json
[2026-02-17T12:31:42.077+0000] {logging_mixin.py:188} INFO - Downloaded MSFT/1771328866.json
[2026-02-17T12:31:42.102+0000] {logging_mixin.py:188} INFO - Downloaded MSFT/1771328877.json
[2026-02-17T12:31:42.126+0000] {logging_mixin.py:188} INFO - Downloaded MSFT/1771328888.json
[2026-02-17T12:31:42.153+0000] {logging_mixin.py:188} INFO - Downloaded MSFT/1771328899.json
[2026-02-17T12:31:42.187+0000] {logging_mixin.py:188} INFO - Downloaded MSFT/1771328929.json
[2026-02-17T12:31:42.212+0000] {logging_mixin.py:188} INFO - Downloaded MSFT/1771328939.json
[2026-02-17T12:31:42.254+0000] {logging_mixin.py:188} INFO - Downloaded MSFT/1771328949.json
[2026-02-17T12:31:42.305+0000] {logging_mixin.py:188} INFO - Downloaded MSFT/1771328960.json
[2026-02-17T12:31:42.363+0000] {logging_mixin.py:188} INFO - Downloaded MSFT/1771328975.json
[2026-02-17T12:31:42.399+0000] {logging_mixin.py:188} INFO - Downloaded MSFT/1771328985.json
[2026-02-17T12:31:42.437+0000] {logging_mixin.py:188} INFO - Downloaded MSFT/1771328995.json
[2026-02-17T12:31:42.474+0000] {logging_mixin.py:188} INFO - Downloaded MSFT/1771329006.json
[2026-02-17T12:31:42.524+0000] {logging_mixin.py:188} INFO - Downloaded MSFT/1771329020.json
[2026-02-17T12:31:42.572+0000] {logging_mixin.py:188} INFO - Downloaded MSFT/1771329030.json
[2026-02-17T12:31:42.616+0000] {logging_mixin.py:188} INFO - Downloaded MSFT/1771329041.json
[2026-02-17T12:31:42.664+0000] {logging_mixin.py:188} INFO - Downloaded MSFT/1771329082.json
[2026-02-17T12:31:42.701+0000] {logging_mixin.py:188} INFO - Downloaded MSFT/1771329094.json
[2026-02-17T12:31:42.749+0000] {logging_mixin.py:188} INFO - Downloaded MSFT/1771329105.json
[2026-02-17T12:31:42.788+0000] {logging_mixin.py:188} INFO - Downloaded MSFT/1771329131.json
[2026-02-17T12:31:42.868+0000] {logging_mixin.py:188} INFO - Downloaded MSFT/1771329143.json
[2026-02-17T12:31:42.922+0000] {logging_mixin.py:188} INFO - Downloaded MSFT/1771329154.json
[2026-02-17T12:31:42.985+0000] {logging_mixin.py:188} INFO - Downloaded MSFT/1771329165.json
[2026-02-17T12:31:43.028+0000] {logging_mixin.py:188} INFO - Downloaded MSFT/1771329178.json
[2026-02-17T12:31:43.082+0000] {logging_mixin.py:188} INFO - Downloaded MSFT/1771329188.json
[2026-02-17T12:31:43.137+0000] {logging_mixin.py:188} INFO - Downloaded MSFT/1771329199.json
[2026-02-17T12:31:43.199+0000] {logging_mixin.py:188} INFO - Downloaded MSFT/1771329211.json
[2026-02-17T12:31:43.261+0000] {logging_mixin.py:188} INFO - Downloaded MSFT/1771329221.json
[2026-02-17T12:31:43.312+0000] {logging_mixin.py:188} INFO - Downloaded MSFT/1771329232.json
[2026-02-17T12:31:43.360+0000] {logging_mixin.py:188} INFO - Downloaded MSFT/1771329242.json
[2026-02-17T12:31:43.412+0000] {logging_mixin.py:188} INFO - Downloaded MSFT/1771329252.json
[2026-02-17T12:31:43.454+0000] {logging_mixin.py:188} INFO - Downloaded MSFT/1771329263.json
[2026-02-17T12:31:43.506+0000] {logging_mixin.py:188} INFO - Downloaded MSFT/1771329273.json
[2026-02-17T12:31:43.556+0000] {logging_mixin.py:188} INFO - Downloaded MSFT/1771329283.json
[2026-02-17T12:31:43.629+0000] {logging_mixin.py:188} INFO - Downloaded MSFT/1771329293.json
[2026-02-17T12:31:43.672+0000] {logging_mixin.py:188} INFO - Downloaded MSFT/1771329304.json
[2026-02-17T12:31:43.721+0000] {logging_mixin.py:188} INFO - Downloaded MSFT/1771329314.json
[2026-02-17T12:31:43.764+0000] {logging_mixin.py:188} INFO - Downloaded MSFT/1771329324.json
[2026-02-17T12:31:43.791+0000] {logging_mixin.py:188} INFO - Downloaded MSFT/1771329335.json
[2026-02-17T12:31:43.831+0000] {logging_mixin.py:188} INFO - Downloaded MSFT/1771329345.json
[2026-02-17T12:31:43.876+0000] {logging_mixin.py:188} INFO - Downloaded MSFT/1771329355.json
[2026-02-17T12:31:43.904+0000] {logging_mixin.py:188} INFO - Downloaded MSFT/1771329366.json
[2026-02-17T12:31:43.938+0000] {logging_mixin.py:188} INFO - Downloaded MSFT/1771329376.json
[2026-02-17T12:31:43.967+0000] {logging_mixin.py:188} INFO - Downloaded MSFT/1771329386.json
[2026-02-17T12:31:44.007+0000] {logging_mixin.py:188} INFO - Downloaded MSFT/1771329396.json
[2026-02-17T12:31:44.054+0000] {logging_mixin.py:188} INFO - Downloaded MSFT/1771329407.json
[2026-02-17T12:31:44.085+0000] {logging_mixin.py:188} INFO - Downloaded MSFT/1771329417.json
[2026-02-17T12:31:44.118+0000] {logging_mixin.py:188} INFO - Downloaded MSFT/1771329427.json
[2026-02-17T12:31:44.146+0000] {logging_mixin.py:188} INFO - Downloaded MSFT/1771329436.json
[2026-02-17T12:31:44.177+0000] {logging_mixin.py:188} INFO - Downloaded MSFT/1771329446.json
[2026-02-17T12:31:44.202+0000] {logging_mixin.py:188} INFO - Downloaded MSFT/1771329457.json
[2026-02-17T12:31:44.236+0000] {logging_mixin.py:188} INFO - Downloaded MSFT/1771329468.json
[2026-02-17T12:31:44.282+0000] {logging_mixin.py:188} INFO - Downloaded MSFT/1771329478.json
[2026-02-17T12:31:44.317+0000] {logging_mixin.py:188} INFO - Downloaded MSFT/1771329488.json
[2026-02-17T12:31:44.384+0000] {logging_mixin.py:188} INFO - Downloaded MSFT/1771329499.json
[2026-02-17T12:31:44.427+0000] {logging_mixin.py:188} INFO - Downloaded MSFT/1771329510.json
[2026-02-17T12:31:44.467+0000] {logging_mixin.py:188} INFO - Downloaded MSFT/1771329520.json
[2026-02-17T12:31:44.503+0000] {logging_mixin.py:188} INFO - Downloaded MSFT/1771329536.json
[2026-02-17T12:31:44.547+0000] {logging_mixin.py:188} INFO - Downloaded MSFT/1771329549.json
[2026-02-17T12:31:44.597+0000] {logging_mixin.py:188} INFO - Downloaded MSFT/1771329559.json
[2026-02-17T12:31:44.683+0000] {logging_mixin.py:188} INFO - Downloaded MSFT/1771329569.json
[2026-02-17T12:31:44.717+0000] {logging_mixin.py:188} INFO - Downloaded MSFT/1771329579.json
[2026-02-17T12:31:44.744+0000] {logging_mixin.py:188} INFO - Downloaded MSFT/1771329589.json
[2026-02-17T12:31:44.773+0000] {logging_mixin.py:188} INFO - Downloaded MSFT/1771329599.json
[2026-02-17T12:31:44.809+0000] {logging_mixin.py:188} INFO - Downloaded MSFT/1771329611.json
[2026-02-17T12:31:44.849+0000] {logging_mixin.py:188} INFO - Downloaded MSFT/1771329622.json
[2026-02-17T12:31:44.874+0000] {logging_mixin.py:188} INFO - Downloaded MSFT/1771329632.json
[2026-02-17T12:31:44.898+0000] {logging_mixin.py:188} INFO - Downloaded MSFT/1771329664.json
[2026-02-17T12:31:44.922+0000] {logging_mixin.py:188} INFO - Downloaded MSFT/1771329697.json
[2026-02-17T12:31:44.947+0000] {logging_mixin.py:188} INFO - Downloaded MSFT/1771329708.json
[2026-02-17T12:31:44.977+0000] {logging_mixin.py:188} INFO - Downloaded MSFT/1771329718.json
[2026-02-17T12:31:45.010+0000] {logging_mixin.py:188} INFO - Downloaded MSFT/1771329729.json
[2026-02-17T12:31:45.071+0000] {logging_mixin.py:188} INFO - Downloaded MSFT/1771329740.json
[2026-02-17T12:31:45.113+0000] {logging_mixin.py:188} INFO - Downloaded MSFT/1771329750.json
[2026-02-17T12:31:45.149+0000] {logging_mixin.py:188} INFO - Downloaded MSFT/1771329761.json
[2026-02-17T12:31:45.200+0000] {logging_mixin.py:188} INFO - Downloaded MSFT/1771329773.json
[2026-02-17T12:31:45.267+0000] {logging_mixin.py:188} INFO - Downloaded MSFT/1771329784.json
[2026-02-17T12:31:45.304+0000] {logging_mixin.py:188} INFO - Downloaded MSFT/1771329796.json
[2026-02-17T12:31:45.343+0000] {logging_mixin.py:188} INFO - Downloaded MSFT/1771329807.json
[2026-02-17T12:31:45.372+0000] {logging_mixin.py:188} INFO - Downloaded MSFT/1771329818.json
[2026-02-17T12:31:45.396+0000] {logging_mixin.py:188} INFO - Downloaded MSFT/1771329829.json
[2026-02-17T12:31:45.421+0000] {logging_mixin.py:188} INFO - Downloaded MSFT/1771329840.json
[2026-02-17T12:31:45.448+0000] {logging_mixin.py:188} INFO - Downloaded MSFT/1771329851.json
[2026-02-17T12:31:45.476+0000] {logging_mixin.py:188} INFO - Downloaded MSFT/1771329888.json
[2026-02-17T12:31:45.513+0000] {logging_mixin.py:188} INFO - Downloaded MSFT/1771329898.json
[2026-02-17T12:31:45.542+0000] {logging_mixin.py:188} INFO - Downloaded MSFT/1771329909.json
[2026-02-17T12:31:45.570+0000] {logging_mixin.py:188} INFO - Downloaded MSFT/1771329919.json
[2026-02-17T12:31:45.599+0000] {logging_mixin.py:188} INFO - Downloaded MSFT/1771329929.json
[2026-02-17T12:31:45.632+0000] {logging_mixin.py:188} INFO - Downloaded MSFT/1771329940.json
[2026-02-17T12:31:45.684+0000] {logging_mixin.py:188} INFO - Downloaded MSFT/1771329951.json
[2026-02-17T12:31:45.732+0000] {logging_mixin.py:188} INFO - Downloaded MSFT/1771329962.json
[2026-02-17T12:31:45.785+0000] {logging_mixin.py:188} INFO - Downloaded MSFT/1771329972.json
[2026-02-17T12:31:45.815+0000] {logging_mixin.py:188} INFO - Downloaded MSFT/1771329983.json
[2026-02-17T12:31:45.839+0000] {logging_mixin.py:188} INFO - Downloaded MSFT/1771329994.json
[2026-02-17T12:31:45.864+0000] {logging_mixin.py:188} INFO - Downloaded MSFT/1771330005.json
[2026-02-17T12:31:45.894+0000] {logging_mixin.py:188} INFO - Downloaded MSFT/1771330023.json
[2026-02-17T12:31:45.919+0000] {logging_mixin.py:188} INFO - Downloaded MSFT/1771330036.json
[2026-02-17T12:31:45.946+0000] {logging_mixin.py:188} INFO - Downloaded MSFT/1771330047.json
[2026-02-17T12:31:45.974+0000] {logging_mixin.py:188} INFO - Downloaded MSFT/1771330059.json
[2026-02-17T12:31:46.014+0000] {logging_mixin.py:188} INFO - Downloaded MSFT/1771330091.json
[2026-02-17T12:31:46.070+0000] {logging_mixin.py:188} INFO - Downloaded MSFT/1771330102.json
[2026-02-17T12:31:46.107+0000] {logging_mixin.py:188} INFO - Downloaded MSFT/1771330113.json
[2026-02-17T12:31:46.138+0000] {logging_mixin.py:188} INFO - Downloaded MSFT/1771330124.json
[2026-02-17T12:31:46.174+0000] {logging_mixin.py:188} INFO - Downloaded MSFT/1771330136.json
[2026-02-17T12:31:46.223+0000] {logging_mixin.py:188} INFO - Downloaded MSFT/1771330147.json
[2026-02-17T12:31:46.274+0000] {logging_mixin.py:188} INFO - Downloaded MSFT/1771330157.json
[2026-02-17T12:31:46.317+0000] {logging_mixin.py:188} INFO - Downloaded MSFT/1771330168.json
[2026-02-17T12:31:46.354+0000] {logging_mixin.py:188} INFO - Downloaded MSFT/1771330178.json
[2026-02-17T12:31:46.396+0000] {logging_mixin.py:188} INFO - Downloaded MSFT/1771330189.json
[2026-02-17T12:31:46.442+0000] {logging_mixin.py:188} INFO - Downloaded MSFT/1771330199.json
[2026-02-17T12:31:46.484+0000] {logging_mixin.py:188} INFO - Downloaded MSFT/1771330212.json
[2026-02-17T12:31:46.514+0000] {logging_mixin.py:188} INFO - Downloaded MSFT/1771330222.json
[2026-02-17T12:31:46.560+0000] {logging_mixin.py:188} INFO - Downloaded MSFT/1771330234.json
[2026-02-17T12:31:46.615+0000] {logging_mixin.py:188} INFO - Downloaded MSFT/1771330245.json
[2026-02-17T12:31:46.704+0000] {logging_mixin.py:188} INFO - Downloaded MSFT/1771330256.json
[2026-02-17T12:31:46.778+0000] {logging_mixin.py:188} INFO - Downloaded MSFT/1771330266.json
[2026-02-17T12:31:46.845+0000] {logging_mixin.py:188} INFO - Downloaded MSFT/1771330277.json
[2026-02-17T12:31:46.876+0000] {logging_mixin.py:188} INFO - Downloaded MSFT/1771330287.json
[2026-02-17T12:31:46.904+0000] {logging_mixin.py:188} INFO - Downloaded MSFT/1771330298.json
[2026-02-17T12:31:46.935+0000] {logging_mixin.py:188} INFO - Downloaded MSFT/1771330308.json
[2026-02-17T12:31:46.971+0000] {logging_mixin.py:188} INFO - Downloaded MSFT/1771330319.json
[2026-02-17T12:31:47.009+0000] {logging_mixin.py:188} INFO - Downloaded MSFT/1771330331.json
[2026-02-17T12:31:47.054+0000] {logging_mixin.py:188} INFO - Downloaded MSFT/1771330341.json
[2026-02-17T12:31:47.085+0000] {logging_mixin.py:188} INFO - Downloaded MSFT/1771330352.json
[2026-02-17T12:31:47.114+0000] {logging_mixin.py:188} INFO - Downloaded MSFT/1771330363.json
[2026-02-17T12:31:47.151+0000] {logging_mixin.py:188} INFO - Downloaded MSFT/1771330373.json
[2026-02-17T12:31:47.180+0000] {logging_mixin.py:188} INFO - Downloaded MSFT/1771330384.json
[2026-02-17T12:31:47.207+0000] {logging_mixin.py:188} INFO - Downloaded MSFT/1771330395.json
[2026-02-17T12:31:47.235+0000] {logging_mixin.py:188} INFO - Downloaded MSFT/1771330406.json
[2026-02-17T12:31:47.258+0000] {logging_mixin.py:188} INFO - Downloaded MSFT/1771330419.json
[2026-02-17T12:31:47.282+0000] {logging_mixin.py:188} INFO - Downloaded MSFT/1771330429.json
[2026-02-17T12:31:47.307+0000] {logging_mixin.py:188} INFO - Downloaded MSFT/1771330440.json
[2026-02-17T12:31:47.333+0000] {logging_mixin.py:188} INFO - Downloaded MSFT/1771330450.json
[2026-02-17T12:31:47.362+0000] {logging_mixin.py:188} INFO - Downloaded MSFT/1771330461.json
[2026-02-17T12:31:47.435+0000] {logging_mixin.py:188} INFO - Downloaded MSFT/1771330472.json
[2026-02-17T12:31:47.475+0000] {logging_mixin.py:188} INFO - Downloaded MSFT/1771330482.json
[2026-02-17T12:31:47.510+0000] {logging_mixin.py:188} INFO - Downloaded MSFT/1771330493.json
[2026-02-17T12:31:47.535+0000] {logging_mixin.py:188} INFO - Downloaded MSFT/1771330503.json
[2026-02-17T12:31:47.559+0000] {logging_mixin.py:188} INFO - Downloaded MSFT/1771330514.json
[2026-02-17T12:31:47.584+0000] {logging_mixin.py:188} INFO - Downloaded MSFT/1771330524.json
[2026-02-17T12:31:47.619+0000] {logging_mixin.py:188} INFO - Downloaded MSFT/1771330535.json
[2026-02-17T12:31:47.648+0000] {logging_mixin.py:188} INFO - Downloaded MSFT/1771330548.json
[2026-02-17T12:31:47.674+0000] {logging_mixin.py:188} INFO - Downloaded MSFT/1771330559.json
[2026-02-17T12:31:47.702+0000] {logging_mixin.py:188} INFO - Downloaded MSFT/1771330575.json
[2026-02-17T12:31:47.726+0000] {logging_mixin.py:188} INFO - Downloaded MSFT/1771330586.json
[2026-02-17T12:31:47.752+0000] {logging_mixin.py:188} INFO - Downloaded MSFT/1771330599.json
[2026-02-17T12:31:47.785+0000] {logging_mixin.py:188} INFO - Downloaded MSFT/1771330609.json
[2026-02-17T12:31:47.814+0000] {logging_mixin.py:188} INFO - Downloaded MSFT/1771330620.json
[2026-02-17T12:31:47.848+0000] {logging_mixin.py:188} INFO - Downloaded MSFT/1771330631.json
[2026-02-17T12:31:47.883+0000] {logging_mixin.py:188} INFO - Downloaded MSFT/1771330642.json
[2026-02-17T12:31:47.911+0000] {logging_mixin.py:188} INFO - Downloaded MSFT/1771330653.json
[2026-02-17T12:31:47.942+0000] {logging_mixin.py:188} INFO - Downloaded MSFT/1771330664.json
[2026-02-17T12:31:47.971+0000] {logging_mixin.py:188} INFO - Downloaded MSFT/1771330674.json
[2026-02-17T12:31:48.002+0000] {logging_mixin.py:188} INFO - Downloaded MSFT/1771330689.json
[2026-02-17T12:31:48.038+0000] {logging_mixin.py:188} INFO - Downloaded MSFT/1771330700.json
[2026-02-17T12:31:48.075+0000] {logging_mixin.py:188} INFO - Downloaded MSFT/1771330710.json
[2026-02-17T12:31:48.104+0000] {logging_mixin.py:188} INFO - Downloaded MSFT/1771330723.json
[2026-02-17T12:31:48.131+0000] {logging_mixin.py:188} INFO - Downloaded MSFT/1771330734.json
[2026-02-17T12:31:48.158+0000] {logging_mixin.py:188} INFO - Downloaded MSFT/1771330744.json
[2026-02-17T12:31:48.185+0000] {logging_mixin.py:188} INFO - Downloaded MSFT/1771330754.json
[2026-02-17T12:31:48.222+0000] {logging_mixin.py:188} INFO - Downloaded MSFT/1771330765.json
[2026-02-17T12:31:48.261+0000] {logging_mixin.py:188} INFO - Downloaded MSFT/1771330775.json
[2026-02-17T12:31:48.291+0000] {logging_mixin.py:188} INFO - Downloaded MSFT/1771330786.json
[2026-02-17T12:31:48.322+0000] {logging_mixin.py:188} INFO - Downloaded MSFT/1771330796.json
[2026-02-17T12:31:48.356+0000] {logging_mixin.py:188} INFO - Downloaded MSFT/1771330807.json
[2026-02-17T12:31:48.389+0000] {logging_mixin.py:188} INFO - Downloaded MSFT/1771330817.json
[2026-02-17T12:31:48.417+0000] {logging_mixin.py:188} INFO - Downloaded MSFT/1771330828.json
[2026-02-17T12:31:48.443+0000] {logging_mixin.py:188} INFO - Downloaded MSFT/1771330841.json
[2026-02-17T12:31:48.478+0000] {logging_mixin.py:188} INFO - Downloaded MSFT/1771330857.json
[2026-02-17T12:31:48.510+0000] {logging_mixin.py:188} INFO - Downloaded MSFT/1771330870.json
[2026-02-17T12:31:48.540+0000] {logging_mixin.py:188} INFO - Downloaded MSFT/1771330885.json
[2026-02-17T12:31:48.580+0000] {logging_mixin.py:188} INFO - Downloaded MSFT/1771330898.json
[2026-02-17T12:31:48.606+0000] {logging_mixin.py:188} INFO - Downloaded MSFT/1771330908.json
[2026-02-17T12:31:48.636+0000] {logging_mixin.py:188} INFO - Downloaded MSFT/1771330918.json
[2026-02-17T12:31:48.659+0000] {logging_mixin.py:188} INFO - Downloaded MSFT/1771330929.json
[2026-02-17T12:31:48.709+0000] {logging_mixin.py:188} INFO - Downloaded MSFT/1771330939.json
[2026-02-17T12:31:48.732+0000] {logging_mixin.py:188} INFO - Downloaded MSFT/1771330950.json
[2026-02-17T12:31:48.766+0000] {logging_mixin.py:188} INFO - Downloaded MSFT/1771330960.json
[2026-02-17T12:31:48.804+0000] {logging_mixin.py:188} INFO - Downloaded MSFT/1771330973.json
[2026-02-17T12:31:48.827+0000] {logging_mixin.py:188} INFO - Downloaded MSFT/1771330985.json
[2026-02-17T12:31:48.854+0000] {logging_mixin.py:188} INFO - Downloaded MSFT/1771330996.json
[2026-02-17T12:31:48.880+0000] {logging_mixin.py:188} INFO - Downloaded MSFT/1771331006.json
[2026-02-17T12:31:48.935+0000] {logging_mixin.py:188} INFO - Downloaded MSFT/1771331016.json
[2026-02-17T12:31:48.991+0000] {logging_mixin.py:188} INFO - Downloaded MSFT/1771331027.json
[2026-02-17T12:31:49.024+0000] {logging_mixin.py:188} INFO - Downloaded MSFT/1771331037.json
[2026-02-17T12:31:49.051+0000] {logging_mixin.py:188} INFO - Downloaded MSFT/1771331047.json
[2026-02-17T12:31:49.083+0000] {logging_mixin.py:188} INFO - Downloaded MSFT/1771331058.json
[2026-02-17T12:31:49.126+0000] {logging_mixin.py:188} INFO - Downloaded MSFT/1771331069.json
[2026-02-17T12:31:49.160+0000] {logging_mixin.py:188} INFO - Downloaded MSFT/1771331081.json
[2026-02-17T12:31:49.190+0000] {logging_mixin.py:188} INFO - Downloaded MSFT/1771331091.json
[2026-02-17T12:31:49.216+0000] {logging_mixin.py:188} INFO - Downloaded MSFT/1771331101.json
[2026-02-17T12:31:49.249+0000] {logging_mixin.py:188} INFO - Downloaded MSFT/1771331111.json
[2026-02-17T12:31:49.287+0000] {logging_mixin.py:188} INFO - Downloaded MSFT/1771331122.json
[2026-02-17T12:31:49.317+0000] {logging_mixin.py:188} INFO - Downloaded MSFT/1771331132.json
[2026-02-17T12:31:49.355+0000] {logging_mixin.py:188} INFO - Downloaded MSFT/1771331142.json
[2026-02-17T12:31:49.381+0000] {logging_mixin.py:188} INFO - Downloaded MSFT/1771331153.json
[2026-02-17T12:31:49.420+0000] {logging_mixin.py:188} INFO - Downloaded MSFT/1771331163.json
[2026-02-17T12:31:49.450+0000] {logging_mixin.py:188} INFO - Downloaded MSFT/1771331174.json
[2026-02-17T12:31:49.473+0000] {logging_mixin.py:188} INFO - Downloaded MSFT/1771331185.json
[2026-02-17T12:31:49.498+0000] {logging_mixin.py:188} INFO - Downloaded MSFT/1771331195.json
[2026-02-17T12:31:49.523+0000] {logging_mixin.py:188} INFO - Downloaded MSFT/1771331205.json
[2026-02-17T12:31:49.554+0000] {logging_mixin.py:188} INFO - Downloaded MSFT/1771331216.json
[2026-02-17T12:31:49.576+0000] {logging_mixin.py:188} INFO - Downloaded MSFT/1771331227.json
[2026-02-17T12:31:49.601+0000] {logging_mixin.py:188} INFO - Downloaded MSFT/1771331238.json
[2026-02-17T12:31:49.628+0000] {logging_mixin.py:188} INFO - Downloaded MSFT/1771331251.json
[2026-02-17T12:31:49.654+0000] {logging_mixin.py:188} INFO - Downloaded MSFT/1771331263.json
[2026-02-17T12:31:49.676+0000] {logging_mixin.py:188} INFO - Downloaded MSFT/1771331275.json
[2026-02-17T12:31:49.699+0000] {logging_mixin.py:188} INFO - Downloaded MSFT/1771331285.json
[2026-02-17T12:31:49.720+0000] {logging_mixin.py:188} INFO - Downloaded MSFT/1771331295.json
[2026-02-17T12:31:49.745+0000] {logging_mixin.py:188} INFO - Downloaded MSFT/1771331306.json
[2026-02-17T12:31:49.767+0000] {logging_mixin.py:188} INFO - Downloaded MSFT/1771331316.json
[2026-02-17T12:31:49.793+0000] {logging_mixin.py:188} INFO - Downloaded MSFT/1771331326.json
[2026-02-17T12:31:49.816+0000] {logging_mixin.py:188} INFO - Downloaded MSFT/1771331337.json
[2026-02-17T12:31:49.837+0000] {logging_mixin.py:188} INFO - Downloaded MSFT/1771331347.json
[2026-02-17T12:31:49.859+0000] {logging_mixin.py:188} INFO - Downloaded MSFT/1771331357.json
[2026-02-17T12:31:49.886+0000] {logging_mixin.py:188} INFO - Downloaded MSFT/1771331368.json
[2026-02-17T12:31:49.912+0000] {logging_mixin.py:188} INFO - Downloaded MSFT/1771331378.json
[2026-02-17T12:31:49.948+0000] {logging_mixin.py:188} INFO - Downloaded MSFT/1771331388.json
[2026-02-17T12:31:49.974+0000] {logging_mixin.py:188} INFO - Downloaded MSFT/1771331398.json
[2026-02-17T12:31:49.998+0000] {logging_mixin.py:188} INFO - Downloaded MSFT/1771331408.json
[2026-02-17T12:31:50.021+0000] {logging_mixin.py:188} INFO - Downloaded MSFT/1771331419.json
[2026-02-17T12:31:50.053+0000] {logging_mixin.py:188} INFO - Downloaded MSFT/1771331429.json
[2026-02-17T12:31:50.078+0000] {logging_mixin.py:188} INFO - Downloaded MSFT/1771331439.json
[2026-02-17T12:31:50.103+0000] {logging_mixin.py:188} INFO - Downloaded MSFT/1771331450.json
[2026-02-17T12:31:50.126+0000] {logging_mixin.py:188} INFO - Downloaded TSLA/1771324935.json
[2026-02-17T12:31:50.156+0000] {logging_mixin.py:188} INFO - Downloaded TSLA/1771324946.json
[2026-02-17T12:31:50.190+0000] {logging_mixin.py:188} INFO - Downloaded TSLA/1771324956.json
[2026-02-17T12:31:50.217+0000] {logging_mixin.py:188} INFO - Downloaded TSLA/1771324967.json
[2026-02-17T12:31:50.244+0000] {logging_mixin.py:188} INFO - Downloaded TSLA/1771324977.json
[2026-02-17T12:31:50.277+0000] {logging_mixin.py:188} INFO - Downloaded TSLA/1771324988.json
[2026-02-17T12:31:50.317+0000] {logging_mixin.py:188} INFO - Downloaded TSLA/1771324999.json
[2026-02-17T12:31:50.365+0000] {logging_mixin.py:188} INFO - Downloaded TSLA/1771325009.json
[2026-02-17T12:31:50.400+0000] {logging_mixin.py:188} INFO - Downloaded TSLA/1771325020.json
[2026-02-17T12:31:50.459+0000] {logging_mixin.py:188} INFO - Downloaded TSLA/1771325030.json
[2026-02-17T12:31:50.502+0000] {logging_mixin.py:188} INFO - Downloaded TSLA/1771325041.json
[2026-02-17T12:31:50.545+0000] {logging_mixin.py:188} INFO - Downloaded TSLA/1771325051.json
[2026-02-17T12:31:50.589+0000] {logging_mixin.py:188} INFO - Downloaded TSLA/1771325062.json
[2026-02-17T12:31:50.630+0000] {logging_mixin.py:188} INFO - Downloaded TSLA/1771325072.json
[2026-02-17T12:31:50.670+0000] {logging_mixin.py:188} INFO - Downloaded TSLA/1771325082.json
[2026-02-17T12:31:50.704+0000] {logging_mixin.py:188} INFO - Downloaded TSLA/1771325093.json
[2026-02-17T12:31:50.731+0000] {logging_mixin.py:188} INFO - Downloaded TSLA/1771325104.json
[2026-02-17T12:31:50.764+0000] {logging_mixin.py:188} INFO - Downloaded TSLA/1771325114.json
[2026-02-17T12:31:50.789+0000] {logging_mixin.py:188} INFO - Downloaded TSLA/1771325124.json
[2026-02-17T12:31:50.812+0000] {logging_mixin.py:188} INFO - Downloaded TSLA/1771325135.json
[2026-02-17T12:31:50.839+0000] {logging_mixin.py:188} INFO - Downloaded TSLA/1771325145.json
[2026-02-17T12:31:50.862+0000] {logging_mixin.py:188} INFO - Downloaded TSLA/1771325156.json
[2026-02-17T12:31:50.888+0000] {logging_mixin.py:188} INFO - Downloaded TSLA/1771325166.json
[2026-02-17T12:31:50.910+0000] {logging_mixin.py:188} INFO - Downloaded TSLA/1771325176.json
[2026-02-17T12:31:50.939+0000] {logging_mixin.py:188} INFO - Downloaded TSLA/1771325187.json
[2026-02-17T12:31:50.970+0000] {logging_mixin.py:188} INFO - Downloaded TSLA/1771325197.json
[2026-02-17T12:31:51.001+0000] {logging_mixin.py:188} INFO - Downloaded TSLA/1771325208.json
[2026-02-17T12:31:51.028+0000] {logging_mixin.py:188} INFO - Downloaded TSLA/1771325218.json
[2026-02-17T12:31:51.053+0000] {logging_mixin.py:188} INFO - Downloaded TSLA/1771325228.json
[2026-02-17T12:31:51.080+0000] {logging_mixin.py:188} INFO - Downloaded TSLA/1771325239.json
[2026-02-17T12:31:51.108+0000] {logging_mixin.py:188} INFO - Downloaded TSLA/1771325249.json
[2026-02-17T12:31:51.136+0000] {logging_mixin.py:188} INFO - Downloaded TSLA/1771325261.json
[2026-02-17T12:31:51.161+0000] {logging_mixin.py:188} INFO - Downloaded TSLA/1771325271.json
[2026-02-17T12:31:51.188+0000] {logging_mixin.py:188} INFO - Downloaded TSLA/1771325282.json
[2026-02-17T12:31:51.222+0000] {logging_mixin.py:188} INFO - Downloaded TSLA/1771325292.json
[2026-02-17T12:31:51.243+0000] {logging_mixin.py:188} INFO - Downloaded TSLA/1771325336.json
[2026-02-17T12:31:51.265+0000] {logging_mixin.py:188} INFO - Downloaded TSLA/1771325347.json
[2026-02-17T12:31:51.296+0000] {logging_mixin.py:188} INFO - Downloaded TSLA/1771325357.json
[2026-02-17T12:31:51.323+0000] {logging_mixin.py:188} INFO - Downloaded TSLA/1771325367.json
[2026-02-17T12:31:51.345+0000] {logging_mixin.py:188} INFO - Downloaded TSLA/1771325377.json
[2026-02-17T12:31:51.373+0000] {logging_mixin.py:188} INFO - Downloaded TSLA/1771325388.json
[2026-02-17T12:31:51.402+0000] {logging_mixin.py:188} INFO - Downloaded TSLA/1771325400.json
[2026-02-17T12:31:51.429+0000] {logging_mixin.py:188} INFO - Downloaded TSLA/1771325411.json
[2026-02-17T12:31:51.462+0000] {logging_mixin.py:188} INFO - Downloaded TSLA/1771325423.json
[2026-02-17T12:31:51.493+0000] {logging_mixin.py:188} INFO - Downloaded TSLA/1771325434.json
[2026-02-17T12:31:51.530+0000] {logging_mixin.py:188} INFO - Downloaded TSLA/1771325446.json
[2026-02-17T12:31:51.579+0000] {logging_mixin.py:188} INFO - Downloaded TSLA/1771325456.json
[2026-02-17T12:31:51.612+0000] {logging_mixin.py:188} INFO - Downloaded TSLA/1771325467.json
[2026-02-17T12:31:51.645+0000] {logging_mixin.py:188} INFO - Downloaded TSLA/1771325477.json
[2026-02-17T12:31:51.670+0000] {logging_mixin.py:188} INFO - Downloaded TSLA/1771325488.json
[2026-02-17T12:31:51.699+0000] {logging_mixin.py:188} INFO - Downloaded TSLA/1771325499.json
[2026-02-17T12:31:51.727+0000] {logging_mixin.py:188} INFO - Downloaded TSLA/1771325509.json
[2026-02-17T12:31:51.753+0000] {logging_mixin.py:188} INFO - Downloaded TSLA/1771325520.json
[2026-02-17T12:31:51.778+0000] {logging_mixin.py:188} INFO - Downloaded TSLA/1771325531.json
[2026-02-17T12:31:51.806+0000] {logging_mixin.py:188} INFO - Downloaded TSLA/1771325541.json
[2026-02-17T12:31:51.834+0000] {logging_mixin.py:188} INFO - Downloaded TSLA/1771325552.json
[2026-02-17T12:31:51.867+0000] {logging_mixin.py:188} INFO - Downloaded TSLA/1771325561.json
[2026-02-17T12:31:51.891+0000] {logging_mixin.py:188} INFO - Downloaded TSLA/1771325572.json
[2026-02-17T12:31:51.916+0000] {logging_mixin.py:188} INFO - Downloaded TSLA/1771325582.json
[2026-02-17T12:31:51.941+0000] {logging_mixin.py:188} INFO - Downloaded TSLA/1771325592.json
[2026-02-17T12:31:51.970+0000] {logging_mixin.py:188} INFO - Downloaded TSLA/1771325604.json
[2026-02-17T12:31:51.994+0000] {logging_mixin.py:188} INFO - Downloaded TSLA/1771325615.json
[2026-02-17T12:31:52.024+0000] {logging_mixin.py:188} INFO - Downloaded TSLA/1771325625.json
[2026-02-17T12:31:52.046+0000] {logging_mixin.py:188} INFO - Downloaded TSLA/1771325637.json
[2026-02-17T12:31:52.071+0000] {logging_mixin.py:188} INFO - Downloaded TSLA/1771325647.json
[2026-02-17T12:31:52.097+0000] {logging_mixin.py:188} INFO - Downloaded TSLA/1771325658.json
[2026-02-17T12:31:52.120+0000] {logging_mixin.py:188} INFO - Downloaded TSLA/1771325668.json
[2026-02-17T12:31:52.142+0000] {logging_mixin.py:188} INFO - Downloaded TSLA/1771325678.json
[2026-02-17T12:31:52.165+0000] {logging_mixin.py:188} INFO - Downloaded TSLA/1771325690.json
[2026-02-17T12:31:52.199+0000] {logging_mixin.py:188} INFO - Downloaded TSLA/1771325700.json
[2026-02-17T12:31:52.222+0000] {logging_mixin.py:188} INFO - Downloaded TSLA/1771325710.json
[2026-02-17T12:31:52.246+0000] {logging_mixin.py:188} INFO - Downloaded TSLA/1771325721.json
[2026-02-17T12:31:52.271+0000] {logging_mixin.py:188} INFO - Downloaded TSLA/1771325731.json
[2026-02-17T12:31:52.298+0000] {logging_mixin.py:188} INFO - Downloaded TSLA/1771325742.json
[2026-02-17T12:31:52.330+0000] {logging_mixin.py:188} INFO - Downloaded TSLA/1771325752.json
[2026-02-17T12:31:52.355+0000] {logging_mixin.py:188} INFO - Downloaded TSLA/1771325767.json
[2026-02-17T12:31:52.380+0000] {logging_mixin.py:188} INFO - Downloaded TSLA/1771325779.json
[2026-02-17T12:31:52.406+0000] {logging_mixin.py:188} INFO - Downloaded TSLA/1771325791.json
[2026-02-17T12:31:52.429+0000] {logging_mixin.py:188} INFO - Downloaded TSLA/1771325802.json
[2026-02-17T12:31:52.453+0000] {logging_mixin.py:188} INFO - Downloaded TSLA/1771325812.json
[2026-02-17T12:31:52.479+0000] {logging_mixin.py:188} INFO - Downloaded TSLA/1771325823.json
[2026-02-17T12:31:52.522+0000] {logging_mixin.py:188} INFO - Downloaded TSLA/1771325833.json
[2026-02-17T12:31:52.564+0000] {logging_mixin.py:188} INFO - Downloaded TSLA/1771325843.json
[2026-02-17T12:31:52.615+0000] {logging_mixin.py:188} INFO - Downloaded TSLA/1771325856.json
[2026-02-17T12:31:52.716+0000] {logging_mixin.py:188} INFO - Downloaded TSLA/1771325866.json
[2026-02-17T12:31:52.770+0000] {logging_mixin.py:188} INFO - Downloaded TSLA/1771325877.json
[2026-02-17T12:31:52.843+0000] {logging_mixin.py:188} INFO - Downloaded TSLA/1771325890.json
[2026-02-17T12:31:52.893+0000] {logging_mixin.py:188} INFO - Downloaded TSLA/1771325900.json
[2026-02-17T12:31:52.935+0000] {logging_mixin.py:188} INFO - Downloaded TSLA/1771325913.json
[2026-02-17T12:31:52.977+0000] {logging_mixin.py:188} INFO - Downloaded TSLA/1771325925.json
[2026-02-17T12:31:53.030+0000] {logging_mixin.py:188} INFO - Downloaded TSLA/1771325936.json
[2026-02-17T12:31:53.087+0000] {logging_mixin.py:188} INFO - Downloaded TSLA/1771325947.json
[2026-02-17T12:31:53.166+0000] {logging_mixin.py:188} INFO - Downloaded TSLA/1771325960.json
[2026-02-17T12:31:53.237+0000] {logging_mixin.py:188} INFO - Downloaded TSLA/1771325972.json
[2026-02-17T12:31:53.285+0000] {logging_mixin.py:188} INFO - Downloaded TSLA/1771325984.json
[2026-02-17T12:31:53.370+0000] {logging_mixin.py:188} INFO - Downloaded TSLA/1771325994.json
[2026-02-17T12:31:53.479+0000] {logging_mixin.py:188} INFO - Downloaded TSLA/1771326004.json
[2026-02-17T12:31:53.517+0000] {logging_mixin.py:188} INFO - Downloaded TSLA/1771326015.json
[2026-02-17T12:31:53.560+0000] {logging_mixin.py:188} INFO - Downloaded TSLA/1771326026.json
[2026-02-17T12:31:53.621+0000] {logging_mixin.py:188} INFO - Downloaded TSLA/1771326036.json
[2026-02-17T12:31:53.649+0000] {logging_mixin.py:188} INFO - Downloaded TSLA/1771326046.json
[2026-02-17T12:31:53.675+0000] {logging_mixin.py:188} INFO - Downloaded TSLA/1771326056.json
[2026-02-17T12:31:53.703+0000] {logging_mixin.py:188} INFO - Downloaded TSLA/1771326066.json
[2026-02-17T12:31:53.732+0000] {logging_mixin.py:188} INFO - Downloaded TSLA/1771326077.json
[2026-02-17T12:31:53.774+0000] {logging_mixin.py:188} INFO - Downloaded TSLA/1771326086.json
[2026-02-17T12:31:53.810+0000] {logging_mixin.py:188} INFO - Downloaded TSLA/1771326100.json
[2026-02-17T12:31:53.842+0000] {logging_mixin.py:188} INFO - Downloaded TSLA/1771326112.json
[2026-02-17T12:31:53.867+0000] {logging_mixin.py:188} INFO - Downloaded TSLA/1771326126.json
[2026-02-17T12:31:53.892+0000] {logging_mixin.py:188} INFO - Downloaded TSLA/1771326138.json
[2026-02-17T12:31:53.913+0000] {logging_mixin.py:188} INFO - Downloaded TSLA/1771326148.json
[2026-02-17T12:31:53.942+0000] {logging_mixin.py:188} INFO - Downloaded TSLA/1771326160.json
[2026-02-17T12:31:53.971+0000] {logging_mixin.py:188} INFO - Downloaded TSLA/1771326171.json
[2026-02-17T12:31:53.996+0000] {logging_mixin.py:188} INFO - Downloaded TSLA/1771326182.json
[2026-02-17T12:31:54.041+0000] {logging_mixin.py:188} INFO - Downloaded TSLA/1771326193.json
[2026-02-17T12:31:54.093+0000] {logging_mixin.py:188} INFO - Downloaded TSLA/1771326204.json
[2026-02-17T12:31:54.148+0000] {logging_mixin.py:188} INFO - Downloaded TSLA/1771326214.json
[2026-02-17T12:31:54.272+0000] {logging_mixin.py:188} INFO - Downloaded TSLA/1771326224.json
[2026-02-17T12:31:54.743+0000] {logging_mixin.py:188} INFO - Downloaded TSLA/1771326234.json
[2026-02-17T12:31:54.853+0000] {logging_mixin.py:188} INFO - Downloaded TSLA/1771326244.json
[2026-02-17T12:31:54.921+0000] {logging_mixin.py:188} INFO - Downloaded TSLA/1771326254.json
[2026-02-17T12:31:54.987+0000] {logging_mixin.py:188} INFO - Downloaded TSLA/1771326264.json
[2026-02-17T12:31:55.031+0000] {logging_mixin.py:188} INFO - Downloaded TSLA/1771326275.json
[2026-02-17T12:31:55.092+0000] {logging_mixin.py:188} INFO - Downloaded TSLA/1771326285.json
[2026-02-17T12:31:55.141+0000] {logging_mixin.py:188} INFO - Downloaded TSLA/1771326299.json
[2026-02-17T12:31:55.198+0000] {logging_mixin.py:188} INFO - Downloaded TSLA/1771326313.json
[2026-02-17T12:31:55.283+0000] {logging_mixin.py:188} INFO - Downloaded TSLA/1771326323.json
[2026-02-17T12:31:55.368+0000] {logging_mixin.py:188} INFO - Downloaded TSLA/1771326334.json
[2026-02-17T12:31:55.418+0000] {logging_mixin.py:188} INFO - Downloaded TSLA/1771326350.json
[2026-02-17T12:31:55.603+0000] {logging_mixin.py:188} INFO - Downloaded TSLA/1771326361.json
[2026-02-17T12:31:55.714+0000] {logging_mixin.py:188} INFO - Downloaded TSLA/1771326373.json
[2026-02-17T12:31:55.788+0000] {logging_mixin.py:188} INFO - Downloaded TSLA/1771326384.json
[2026-02-17T12:31:55.853+0000] {logging_mixin.py:188} INFO - Downloaded TSLA/1771326394.json
[2026-02-17T12:31:55.922+0000] {logging_mixin.py:188} INFO - Downloaded TSLA/1771326404.json
[2026-02-17T12:31:56.028+0000] {logging_mixin.py:188} INFO - Downloaded TSLA/1771326414.json
[2026-02-17T12:31:56.139+0000] {logging_mixin.py:188} INFO - Downloaded TSLA/1771326424.json
[2026-02-17T12:31:56.239+0000] {logging_mixin.py:188} INFO - Downloaded TSLA/1771326435.json
[2026-02-17T12:31:56.306+0000] {logging_mixin.py:188} INFO - Downloaded TSLA/1771326445.json
[2026-02-17T12:31:56.384+0000] {logging_mixin.py:188} INFO - Downloaded TSLA/1771326455.json
[2026-02-17T12:31:56.433+0000] {logging_mixin.py:188} INFO - Downloaded TSLA/1771326466.json
[2026-02-17T12:31:56.477+0000] {logging_mixin.py:188} INFO - Downloaded TSLA/1771326476.json
[2026-02-17T12:31:56.531+0000] {logging_mixin.py:188} INFO - Downloaded TSLA/1771326485.json
[2026-02-17T12:31:56.582+0000] {logging_mixin.py:188} INFO - Downloaded TSLA/1771326496.json
[2026-02-17T12:31:56.624+0000] {logging_mixin.py:188} INFO - Downloaded TSLA/1771326507.json
[2026-02-17T12:31:56.697+0000] {logging_mixin.py:188} INFO - Downloaded TSLA/1771326517.json
[2026-02-17T12:31:56.841+0000] {logging_mixin.py:188} INFO - Downloaded TSLA/1771326527.json
[2026-02-17T12:31:56.950+0000] {logging_mixin.py:188} INFO - Downloaded TSLA/1771326537.json
[2026-02-17T12:31:57.231+0000] {logging_mixin.py:188} INFO - Downloaded TSLA/1771326547.json
[2026-02-17T12:31:57.269+0000] {logging_mixin.py:188} INFO - Downloaded TSLA/1771326558.json
[2026-02-17T12:31:57.310+0000] {logging_mixin.py:188} INFO - Downloaded TSLA/1771326568.json
[2026-02-17T12:31:57.359+0000] {logging_mixin.py:188} INFO - Downloaded TSLA/1771326578.json
[2026-02-17T12:31:57.424+0000] {logging_mixin.py:188} INFO - Downloaded TSLA/1771326587.json
[2026-02-17T12:31:57.468+0000] {logging_mixin.py:188} INFO - Downloaded TSLA/1771326598.json
[2026-02-17T12:31:57.518+0000] {logging_mixin.py:188} INFO - Downloaded TSLA/1771326608.json
[2026-02-17T12:31:57.582+0000] {logging_mixin.py:188} INFO - Downloaded TSLA/1771326618.json
[2026-02-17T12:31:57.707+0000] {logging_mixin.py:188} INFO - Downloaded TSLA/1771326628.json
[2026-02-17T12:31:57.833+0000] {logging_mixin.py:188} INFO - Downloaded TSLA/1771326638.json
[2026-02-17T12:31:57.946+0000] {logging_mixin.py:188} INFO - Downloaded TSLA/1771326648.json
[2026-02-17T12:31:58.012+0000] {logging_mixin.py:188} INFO - Downloaded TSLA/1771326659.json
[2026-02-17T12:31:58.063+0000] {logging_mixin.py:188} INFO - Downloaded TSLA/1771326669.json
[2026-02-17T12:31:58.105+0000] {logging_mixin.py:188} INFO - Downloaded TSLA/1771326679.json
[2026-02-17T12:31:58.153+0000] {logging_mixin.py:188} INFO - Downloaded TSLA/1771326689.json
[2026-02-17T12:31:58.194+0000] {logging_mixin.py:188} INFO - Downloaded TSLA/1771326700.json
[2026-02-17T12:31:58.230+0000] {logging_mixin.py:188} INFO - Downloaded TSLA/1771326710.json
[2026-02-17T12:31:58.264+0000] {logging_mixin.py:188} INFO - Downloaded TSLA/1771326720.json
[2026-02-17T12:31:58.306+0000] {logging_mixin.py:188} INFO - Downloaded TSLA/1771326730.json
[2026-02-17T12:31:58.340+0000] {logging_mixin.py:188} INFO - Downloaded TSLA/1771326740.json
[2026-02-17T12:31:58.371+0000] {logging_mixin.py:188} INFO - Downloaded TSLA/1771326751.json
[2026-02-17T12:31:58.402+0000] {logging_mixin.py:188} INFO - Downloaded TSLA/1771326761.json
[2026-02-17T12:31:58.441+0000] {logging_mixin.py:188} INFO - Downloaded TSLA/1771326771.json
[2026-02-17T12:31:58.476+0000] {logging_mixin.py:188} INFO - Downloaded TSLA/1771326782.json
[2026-02-17T12:31:58.506+0000] {logging_mixin.py:188} INFO - Downloaded TSLA/1771326792.json
[2026-02-17T12:31:58.534+0000] {logging_mixin.py:188} INFO - Downloaded TSLA/1771326802.json
[2026-02-17T12:31:58.561+0000] {logging_mixin.py:188} INFO - Downloaded TSLA/1771326812.json
[2026-02-17T12:31:58.588+0000] {logging_mixin.py:188} INFO - Downloaded TSLA/1771326822.json
[2026-02-17T12:31:58.624+0000] {logging_mixin.py:188} INFO - Downloaded TSLA/1771326833.json
[2026-02-17T12:31:58.650+0000] {logging_mixin.py:188} INFO - Downloaded TSLA/1771326843.json
[2026-02-17T12:31:58.681+0000] {logging_mixin.py:188} INFO - Downloaded TSLA/1771326853.json
[2026-02-17T12:31:58.723+0000] {logging_mixin.py:188} INFO - Downloaded TSLA/1771326863.json
[2026-02-17T12:31:58.781+0000] {logging_mixin.py:188} INFO - Downloaded TSLA/1771326873.json
[2026-02-17T12:31:58.821+0000] {logging_mixin.py:188} INFO - Downloaded TSLA/1771326884.json
[2026-02-17T12:31:58.855+0000] {logging_mixin.py:188} INFO - Downloaded TSLA/1771326894.json
[2026-02-17T12:31:58.905+0000] {logging_mixin.py:188} INFO - Downloaded TSLA/1771326904.json
[2026-02-17T12:31:58.947+0000] {logging_mixin.py:188} INFO - Downloaded TSLA/1771326914.json
[2026-02-17T12:31:58.977+0000] {logging_mixin.py:188} INFO - Downloaded TSLA/1771326926.json
[2026-02-17T12:31:59.022+0000] {logging_mixin.py:188} INFO - Downloaded TSLA/1771326937.json
[2026-02-17T12:31:59.059+0000] {logging_mixin.py:188} INFO - Downloaded TSLA/1771326948.json
[2026-02-17T12:31:59.138+0000] {logging_mixin.py:188} INFO - Downloaded TSLA/1771326958.json
[2026-02-17T12:31:59.184+0000] {logging_mixin.py:188} INFO - Downloaded TSLA/1771326968.json
[2026-02-17T12:31:59.242+0000] {logging_mixin.py:188} INFO - Downloaded TSLA/1771326979.json
[2026-02-17T12:31:59.282+0000] {logging_mixin.py:188} INFO - Downloaded TSLA/1771326989.json
[2026-02-17T12:31:59.329+0000] {logging_mixin.py:188} INFO - Downloaded TSLA/1771327000.json
[2026-02-17T12:31:59.420+0000] {logging_mixin.py:188} INFO - Downloaded TSLA/1771327010.json
[2026-02-17T12:31:59.481+0000] {logging_mixin.py:188} INFO - Downloaded TSLA/1771327021.json
[2026-02-17T12:31:59.521+0000] {logging_mixin.py:188} INFO - Downloaded TSLA/1771327031.json
[2026-02-17T12:31:59.573+0000] {logging_mixin.py:188} INFO - Downloaded TSLA/1771327042.json
[2026-02-17T12:31:59.642+0000] {logging_mixin.py:188} INFO - Downloaded TSLA/1771327052.json
[2026-02-17T12:31:59.685+0000] {logging_mixin.py:188} INFO - Downloaded TSLA/1771327066.json
[2026-02-17T12:31:59.732+0000] {logging_mixin.py:188} INFO - Downloaded TSLA/1771327088.json
[2026-02-17T12:31:59.787+0000] {logging_mixin.py:188} INFO - Downloaded TSLA/1771327103.json
[2026-02-17T12:31:59.833+0000] {logging_mixin.py:188} INFO - Downloaded TSLA/1771327117.json
[2026-02-17T12:31:59.889+0000] {logging_mixin.py:188} INFO - Downloaded TSLA/1771327130.json
[2026-02-17T12:31:59.926+0000] {logging_mixin.py:188} INFO - Downloaded TSLA/1771327140.json
[2026-02-17T12:32:00.059+0000] {logging_mixin.py:188} INFO - Downloaded TSLA/1771327151.json
[2026-02-17T12:32:00.147+0000] {logging_mixin.py:188} INFO - Downloaded TSLA/1771327161.json
[2026-02-17T12:32:00.232+0000] {logging_mixin.py:188} INFO - Downloaded TSLA/1771327171.json
[2026-02-17T12:32:00.303+0000] {logging_mixin.py:188} INFO - Downloaded TSLA/1771327181.json
[2026-02-17T12:32:00.355+0000] {logging_mixin.py:188} INFO - Downloaded TSLA/1771327191.json
[2026-02-17T12:32:00.386+0000] {logging_mixin.py:188} INFO - Downloaded TSLA/1771327201.json
[2026-02-17T12:32:00.433+0000] {logging_mixin.py:188} INFO - Downloaded TSLA/1771327212.json
[2026-02-17T12:32:00.489+0000] {logging_mixin.py:188} INFO - Downloaded TSLA/1771327223.json
[2026-02-17T12:32:00.538+0000] {logging_mixin.py:188} INFO - Downloaded TSLA/1771327233.json
[2026-02-17T12:32:00.566+0000] {logging_mixin.py:188} INFO - Downloaded TSLA/1771327244.json
[2026-02-17T12:32:00.622+0000] {logging_mixin.py:188} INFO - Downloaded TSLA/1771327255.json
[2026-02-17T12:32:00.685+0000] {logging_mixin.py:188} INFO - Downloaded TSLA/1771327265.json
[2026-02-17T12:32:00.766+0000] {logging_mixin.py:188} INFO - Downloaded TSLA/1771327275.json
[2026-02-17T12:32:00.850+0000] {logging_mixin.py:188} INFO - Downloaded TSLA/1771327285.json
[2026-02-17T12:32:00.927+0000] {logging_mixin.py:188} INFO - Downloaded TSLA/1771327295.json
[2026-02-17T12:32:01.013+0000] {logging_mixin.py:188} INFO - Downloaded TSLA/1771327305.json
[2026-02-17T12:32:01.083+0000] {logging_mixin.py:188} INFO - Downloaded TSLA/1771327316.json
[2026-02-17T12:32:01.171+0000] {logging_mixin.py:188} INFO - Downloaded TSLA/1771327326.json
[2026-02-17T12:32:01.228+0000] {logging_mixin.py:188} INFO - Downloaded TSLA/1771327337.json
[2026-02-17T12:32:01.313+0000] {logging_mixin.py:188} INFO - Downloaded TSLA/1771327347.json
[2026-02-17T12:32:01.350+0000] {logging_mixin.py:188} INFO - Downloaded TSLA/1771327357.json
[2026-02-17T12:32:01.434+0000] {logging_mixin.py:188} INFO - Downloaded TSLA/1771327366.json
[2026-02-17T12:32:01.514+0000] {logging_mixin.py:188} INFO - Downloaded TSLA/1771327377.json
[2026-02-17T12:32:01.556+0000] {logging_mixin.py:188} INFO - Downloaded TSLA/1771327387.json
[2026-02-17T12:32:01.707+0000] {logging_mixin.py:188} INFO - Downloaded TSLA/1771327398.json
[2026-02-17T12:32:01.740+0000] {logging_mixin.py:188} INFO - Downloaded TSLA/1771327408.json
[2026-02-17T12:32:01.785+0000] {logging_mixin.py:188} INFO - Downloaded TSLA/1771327419.json
[2026-02-17T12:32:01.831+0000] {logging_mixin.py:188} INFO - Downloaded TSLA/1771327429.json
[2026-02-17T12:32:01.874+0000] {logging_mixin.py:188} INFO - Downloaded TSLA/1771327440.json
[2026-02-17T12:32:01.927+0000] {logging_mixin.py:188} INFO - Downloaded TSLA/1771327450.json
[2026-02-17T12:32:02.007+0000] {logging_mixin.py:188} INFO - Downloaded TSLA/1771327460.json
[2026-02-17T12:32:02.074+0000] {logging_mixin.py:188} INFO - Downloaded TSLA/1771327471.json
[2026-02-17T12:32:02.129+0000] {logging_mixin.py:188} INFO - Downloaded TSLA/1771327481.json
[2026-02-17T12:32:02.188+0000] {logging_mixin.py:188} INFO - Downloaded TSLA/1771327492.json
[2026-02-17T12:32:02.276+0000] {logging_mixin.py:188} INFO - Downloaded TSLA/1771327502.json
[2026-02-17T12:32:02.324+0000] {logging_mixin.py:188} INFO - Downloaded TSLA/1771327513.json
[2026-02-17T12:32:02.369+0000] {logging_mixin.py:188} INFO - Downloaded TSLA/1771327523.json
[2026-02-17T12:32:02.422+0000] {logging_mixin.py:188} INFO - Downloaded TSLA/1771327534.json
[2026-02-17T12:32:02.471+0000] {logging_mixin.py:188} INFO - Downloaded TSLA/1771327544.json
[2026-02-17T12:32:02.518+0000] {logging_mixin.py:188} INFO - Downloaded TSLA/1771327554.json
[2026-02-17T12:32:02.607+0000] {logging_mixin.py:188} INFO - Downloaded TSLA/1771327565.json
[2026-02-17T12:32:02.940+0000] {logging_mixin.py:188} INFO - Downloaded TSLA/1771327577.json
[2026-02-17T12:32:03.009+0000] {logging_mixin.py:188} INFO - Downloaded TSLA/1771327589.json
[2026-02-17T12:32:03.204+0000] {logging_mixin.py:188} INFO - Downloaded TSLA/1771327599.json
[2026-02-17T12:32:03.340+0000] {logging_mixin.py:188} INFO - Downloaded TSLA/1771327610.json
[2026-02-17T12:32:03.686+0000] {logging_mixin.py:188} INFO - Downloaded TSLA/1771327620.json
[2026-02-17T12:32:03.949+0000] {logging_mixin.py:188} INFO - Downloaded TSLA/1771327630.json
[2026-02-17T12:32:04.073+0000] {logging_mixin.py:188} INFO - Downloaded TSLA/1771327640.json
[2026-02-17T12:32:04.132+0000] {logging_mixin.py:188} INFO - Downloaded TSLA/1771327650.json
[2026-02-17T12:32:04.211+0000] {logging_mixin.py:188} INFO - Downloaded TSLA/1771327660.json
[2026-02-17T12:32:04.256+0000] {logging_mixin.py:188} INFO - Downloaded TSLA/1771327670.json
[2026-02-17T12:32:04.390+0000] {logging_mixin.py:188} INFO - Downloaded TSLA/1771327681.json
[2026-02-17T12:32:04.448+0000] {logging_mixin.py:188} INFO - Downloaded TSLA/1771327692.json
[2026-02-17T12:32:04.521+0000] {logging_mixin.py:188} INFO - Downloaded TSLA/1771327702.json
[2026-02-17T12:32:04.583+0000] {logging_mixin.py:188} INFO - Downloaded TSLA/1771327712.json
[2026-02-17T12:32:04.656+0000] {logging_mixin.py:188} INFO - Downloaded TSLA/1771327722.json
[2026-02-17T12:32:04.727+0000] {logging_mixin.py:188} INFO - Downloaded TSLA/1771327732.json
[2026-02-17T12:32:04.801+0000] {logging_mixin.py:188} INFO - Downloaded TSLA/1771327742.json
[2026-02-17T12:32:04.921+0000] {logging_mixin.py:188} INFO - Downloaded TSLA/1771327753.json
[2026-02-17T12:32:05.061+0000] {logging_mixin.py:188} INFO - Downloaded TSLA/1771327763.json
[2026-02-17T12:32:05.157+0000] {logging_mixin.py:188} INFO - Downloaded TSLA/1771327773.json
[2026-02-17T12:32:05.246+0000] {logging_mixin.py:188} INFO - Downloaded TSLA/1771327785.json
[2026-02-17T12:32:05.439+0000] {logging_mixin.py:188} INFO - Downloaded TSLA/1771327795.json
[2026-02-17T12:32:05.496+0000] {logging_mixin.py:188} INFO - Downloaded TSLA/1771327805.json
[2026-02-17T12:32:05.816+0000] {logging_mixin.py:188} INFO - Downloaded TSLA/1771327815.json
[2026-02-17T12:32:06.233+0000] {logging_mixin.py:188} INFO - Downloaded TSLA/1771327825.json
[2026-02-17T12:32:06.350+0000] {logging_mixin.py:188} INFO - Downloaded TSLA/1771327836.json
[2026-02-17T12:32:06.492+0000] {logging_mixin.py:188} INFO - Downloaded TSLA/1771327846.json
[2026-02-17T12:32:06.632+0000] {logging_mixin.py:188} INFO - Downloaded TSLA/1771327857.json
[2026-02-17T12:32:06.674+0000] {logging_mixin.py:188} INFO - Downloaded TSLA/1771327868.json
[2026-02-17T12:32:06.749+0000] {logging_mixin.py:188} INFO - Downloaded TSLA/1771327878.json
[2026-02-17T12:32:06.831+0000] {logging_mixin.py:188} INFO - Downloaded TSLA/1771327890.json
[2026-02-17T12:32:06.964+0000] {logging_mixin.py:188} INFO - Downloaded TSLA/1771327900.json
[2026-02-17T12:32:07.073+0000] {logging_mixin.py:188} INFO - Downloaded TSLA/1771327910.json
[2026-02-17T12:32:07.200+0000] {logging_mixin.py:188} INFO - Downloaded TSLA/1771327920.json
[2026-02-17T12:32:07.296+0000] {logging_mixin.py:188} INFO - Downloaded TSLA/1771327930.json
[2026-02-17T12:32:07.440+0000] {logging_mixin.py:188} INFO - Downloaded TSLA/1771327941.json
[2026-02-17T12:32:07.592+0000] {logging_mixin.py:188} INFO - Downloaded TSLA/1771327951.json
[2026-02-17T12:32:07.724+0000] {logging_mixin.py:188} INFO - Downloaded TSLA/1771327961.json
[2026-02-17T12:32:07.792+0000] {logging_mixin.py:188} INFO - Downloaded TSLA/1771327972.json
[2026-02-17T12:32:07.957+0000] {logging_mixin.py:188} INFO - Downloaded TSLA/1771327982.json
[2026-02-17T12:32:08.035+0000] {logging_mixin.py:188} INFO - Downloaded TSLA/1771327992.json
[2026-02-17T12:32:08.139+0000] {logging_mixin.py:188} INFO - Downloaded TSLA/1771328003.json
[2026-02-17T12:32:08.293+0000] {logging_mixin.py:188} INFO - Downloaded TSLA/1771328012.json
[2026-02-17T12:32:08.424+0000] {logging_mixin.py:188} INFO - Downloaded TSLA/1771328022.json
[2026-02-17T12:32:08.586+0000] {logging_mixin.py:188} INFO - Downloaded TSLA/1771328033.json
[2026-02-17T12:32:08.688+0000] {logging_mixin.py:188} INFO - Downloaded TSLA/1771328043.json
[2026-02-17T12:32:08.769+0000] {logging_mixin.py:188} INFO - Downloaded TSLA/1771328053.json
[2026-02-17T12:32:08.036+0000] {logging_mixin.py:188} INFO - Downloaded TSLA/1771328063.json
[2026-02-17T12:32:08.158+0000] {logging_mixin.py:188} INFO - Downloaded TSLA/1771328074.json
[2026-02-17T12:32:08.380+0000] {logging_mixin.py:188} INFO - Downloaded TSLA/1771328084.json
[2026-02-17T12:32:08.512+0000] {logging_mixin.py:188} INFO - Downloaded TSLA/1771328095.json
[2026-02-17T12:32:08.596+0000] {logging_mixin.py:188} INFO - Downloaded TSLA/1771328108.json
[2026-02-17T12:32:08.749+0000] {logging_mixin.py:188} INFO - Downloaded TSLA/1771328119.json
[2026-02-17T12:32:08.854+0000] {logging_mixin.py:188} INFO - Downloaded TSLA/1771328130.json
[2026-02-17T12:32:08.971+0000] {logging_mixin.py:188} INFO - Downloaded TSLA/1771328142.json
[2026-02-17T12:32:09.083+0000] {logging_mixin.py:188} INFO - Downloaded TSLA/1771328152.json
[2026-02-17T12:32:09.193+0000] {logging_mixin.py:188} INFO - Downloaded TSLA/1771328164.json
[2026-02-17T12:32:09.257+0000] {logging_mixin.py:188} INFO - Downloaded TSLA/1771328192.json
[2026-02-17T12:32:09.383+0000] {logging_mixin.py:188} INFO - Downloaded TSLA/1771328212.json
[2026-02-17T12:32:09.493+0000] {logging_mixin.py:188} INFO - Downloaded TSLA/1771328222.json
[2026-02-17T12:32:09.573+0000] {logging_mixin.py:188} INFO - Downloaded TSLA/1771328233.json
[2026-02-17T12:32:09.655+0000] {logging_mixin.py:188} INFO - Downloaded TSLA/1771328243.json
[2026-02-17T12:32:09.814+0000] {logging_mixin.py:188} INFO - Downloaded TSLA/1771328253.json
[2026-02-17T12:32:09.940+0000] {logging_mixin.py:188} INFO - Downloaded TSLA/1771328264.json
[2026-02-17T12:32:10.054+0000] {logging_mixin.py:188} INFO - Downloaded TSLA/1771328275.json
[2026-02-17T12:32:10.172+0000] {logging_mixin.py:188} INFO - Downloaded TSLA/1771328286.json
[2026-02-17T12:32:10.342+0000] {logging_mixin.py:188} INFO - Downloaded TSLA/1771328296.json
[2026-02-17T12:32:10.504+0000] {logging_mixin.py:188} INFO - Downloaded TSLA/1771328306.json
[2026-02-17T12:32:10.642+0000] {logging_mixin.py:188} INFO - Downloaded TSLA/1771328317.json
[2026-02-17T12:32:10.697+0000] {logging_mixin.py:188} INFO - Downloaded TSLA/1771328327.json
[2026-02-17T12:32:10.846+0000] {logging_mixin.py:188} INFO - Downloaded TSLA/1771328337.json
[2026-02-17T12:32:11.013+0000] {logging_mixin.py:188} INFO - Downloaded TSLA/1771328347.json
[2026-02-17T12:32:11.138+0000] {logging_mixin.py:188} INFO - Downloaded TSLA/1771328360.json
[2026-02-17T12:32:11.254+0000] {logging_mixin.py:188} INFO - Downloaded TSLA/1771328376.json
[2026-02-17T12:32:11.336+0000] {logging_mixin.py:188} INFO - Downloaded TSLA/1771328388.json
[2026-02-17T12:32:11.450+0000] {logging_mixin.py:188} INFO - Downloaded TSLA/1771328398.json
[2026-02-17T12:32:11.625+0000] {logging_mixin.py:188} INFO - Downloaded TSLA/1771328409.json
[2026-02-17T12:32:11.712+0000] {logging_mixin.py:188} INFO - Downloaded TSLA/1771328420.json
[2026-02-17T12:32:11.837+0000] {logging_mixin.py:188} INFO - Downloaded TSLA/1771328463.json
[2026-02-17T12:32:11.901+0000] {logging_mixin.py:188} INFO - Downloaded TSLA/1771328520.json
[2026-02-17T12:32:11.987+0000] {logging_mixin.py:188} INFO - Downloaded TSLA/1771328531.json
[2026-02-17T12:32:12.127+0000] {logging_mixin.py:188} INFO - Downloaded TSLA/1771328603.json
[2026-02-17T12:32:12.219+0000] {logging_mixin.py:188} INFO - Downloaded TSLA/1771328730.json
[2026-02-17T12:32:12.289+0000] {logging_mixin.py:188} INFO - Downloaded TSLA/1771328741.json
[2026-02-17T12:32:12.361+0000] {logging_mixin.py:188} INFO - Downloaded TSLA/1771328751.json
[2026-02-17T12:32:12.448+0000] {logging_mixin.py:188} INFO - Downloaded TSLA/1771328763.json
[2026-02-17T12:32:12.502+0000] {logging_mixin.py:188} INFO - Downloaded TSLA/1771328773.json
[2026-02-17T12:32:12.614+0000] {logging_mixin.py:188} INFO - Downloaded TSLA/1771328783.json
[2026-02-17T12:32:12.688+0000] {logging_mixin.py:188} INFO - Downloaded TSLA/1771328794.json
[2026-02-17T12:32:12.742+0000] {logging_mixin.py:188} INFO - Downloaded TSLA/1771328804.json
[2026-02-17T12:32:12.949+0000] {logging_mixin.py:188} INFO - Downloaded TSLA/1771328814.json
[2026-02-17T12:32:13.101+0000] {logging_mixin.py:188} INFO - Downloaded TSLA/1771328824.json
[2026-02-17T12:32:13.168+0000] {logging_mixin.py:188} INFO - Downloaded TSLA/1771328835.json
[2026-02-17T12:32:13.268+0000] {logging_mixin.py:188} INFO - Downloaded TSLA/1771328845.json
[2026-02-17T12:32:13.339+0000] {logging_mixin.py:188} INFO - Downloaded TSLA/1771328857.json
[2026-02-17T12:32:13.407+0000] {logging_mixin.py:188} INFO - Downloaded TSLA/1771328868.json
[2026-02-17T12:32:13.490+0000] {logging_mixin.py:188} INFO - Downloaded TSLA/1771328879.json
[2026-02-17T12:32:13.603+0000] {logging_mixin.py:188} INFO - Downloaded TSLA/1771328890.json
[2026-02-17T12:32:13.701+0000] {logging_mixin.py:188} INFO - Downloaded TSLA/1771328900.json
[2026-02-17T12:32:13.753+0000] {logging_mixin.py:188} INFO - Downloaded TSLA/1771328930.json
[2026-02-17T12:32:13.845+0000] {logging_mixin.py:188} INFO - Downloaded TSLA/1771328941.json
[2026-02-17T12:32:13.927+0000] {logging_mixin.py:188} INFO - Downloaded TSLA/1771328951.json
[2026-02-17T12:32:14.048+0000] {logging_mixin.py:188} INFO - Downloaded TSLA/1771328962.json
[2026-02-17T12:32:14.152+0000] {logging_mixin.py:188} INFO - Downloaded TSLA/1771328977.json
[2026-02-17T12:32:14.283+0000] {logging_mixin.py:188} INFO - Downloaded TSLA/1771328987.json
[2026-02-17T12:32:14.384+0000] {logging_mixin.py:188} INFO - Downloaded TSLA/1771328997.json
[2026-02-17T12:32:14.488+0000] {logging_mixin.py:188} INFO - Downloaded TSLA/1771329008.json
[2026-02-17T12:32:14.556+0000] {logging_mixin.py:188} INFO - Downloaded TSLA/1771329021.json
[2026-02-17T12:32:14.627+0000] {logging_mixin.py:188} INFO - Downloaded TSLA/1771329032.json
[2026-02-17T12:32:14.683+0000] {logging_mixin.py:188} INFO - Downloaded TSLA/1771329043.json
[2026-02-17T12:32:14.719+0000] {logging_mixin.py:188} INFO - Downloaded TSLA/1771329085.json
[2026-02-17T12:32:14.817+0000] {logging_mixin.py:188} INFO - Downloaded TSLA/1771329096.json
[2026-02-17T12:32:14.868+0000] {logging_mixin.py:188} INFO - Downloaded TSLA/1771329107.json
[2026-02-17T12:32:14.955+0000] {logging_mixin.py:188} INFO - Downloaded TSLA/1771329134.json
[2026-02-17T12:32:14.995+0000] {logging_mixin.py:188} INFO - Downloaded TSLA/1771329145.json
[2026-02-17T12:32:15.038+0000] {logging_mixin.py:188} INFO - Downloaded TSLA/1771329156.json
[2026-02-17T12:32:15.113+0000] {logging_mixin.py:188} INFO - Downloaded TSLA/1771329169.json
[2026-02-17T12:32:15.152+0000] {logging_mixin.py:188} INFO - Downloaded TSLA/1771329179.json
[2026-02-17T12:32:15.192+0000] {logging_mixin.py:188} INFO - Downloaded TSLA/1771329190.json
[2026-02-17T12:32:15.242+0000] {logging_mixin.py:188} INFO - Downloaded TSLA/1771329202.json
[2026-02-17T12:32:15.320+0000] {logging_mixin.py:188} INFO - Downloaded TSLA/1771329213.json
[2026-02-17T12:32:15.375+0000] {logging_mixin.py:188} INFO - Downloaded TSLA/1771329223.json
[2026-02-17T12:32:15.433+0000] {logging_mixin.py:188} INFO - Downloaded TSLA/1771329233.json
[2026-02-17T12:32:15.479+0000] {logging_mixin.py:188} INFO - Downloaded TSLA/1771329244.json
[2026-02-17T12:32:15.569+0000] {logging_mixin.py:188} INFO - Downloaded TSLA/1771329254.json
[2026-02-17T12:32:15.621+0000] {logging_mixin.py:188} INFO - Downloaded TSLA/1771329265.json
[2026-02-17T12:32:15.741+0000] {logging_mixin.py:188} INFO - Downloaded TSLA/1771329275.json
[2026-02-17T12:32:15.810+0000] {logging_mixin.py:188} INFO - Downloaded TSLA/1771329285.json
[2026-02-17T12:32:15.852+0000] {logging_mixin.py:188} INFO - Downloaded TSLA/1771329295.json
[2026-02-17T12:32:15.905+0000] {logging_mixin.py:188} INFO - Downloaded TSLA/1771329305.json
[2026-02-17T12:32:15.978+0000] {logging_mixin.py:188} INFO - Downloaded TSLA/1771329316.json
[2026-02-17T12:32:16.054+0000] {logging_mixin.py:188} INFO - Downloaded TSLA/1771329326.json
[2026-02-17T12:32:16.112+0000] {logging_mixin.py:188} INFO - Downloaded TSLA/1771329336.json
[2026-02-17T12:32:16.166+0000] {logging_mixin.py:188} INFO - Downloaded TSLA/1771329347.json
[2026-02-17T12:32:16.246+0000] {logging_mixin.py:188} INFO - Downloaded TSLA/1771329357.json
[2026-02-17T12:32:16.292+0000] {logging_mixin.py:188} INFO - Downloaded TSLA/1771329367.json
[2026-02-17T12:32:16.334+0000] {logging_mixin.py:188} INFO - Downloaded TSLA/1771329378.json
[2026-02-17T12:32:16.371+0000] {logging_mixin.py:188} INFO - Downloaded TSLA/1771329388.json
[2026-02-17T12:32:16.425+0000] {logging_mixin.py:188} INFO - Downloaded TSLA/1771329398.json
[2026-02-17T12:32:16.477+0000] {logging_mixin.py:188} INFO - Downloaded TSLA/1771329409.json
[2026-02-17T12:32:16.516+0000] {logging_mixin.py:188} INFO - Downloaded TSLA/1771329418.json
[2026-02-17T12:32:16.602+0000] {logging_mixin.py:188} INFO - Downloaded TSLA/1771329428.json
[2026-02-17T12:32:16.676+0000] {logging_mixin.py:188} INFO - Downloaded TSLA/1771329438.json
[2026-02-17T12:32:16.717+0000] {logging_mixin.py:188} INFO - Downloaded TSLA/1771329448.json
[2026-02-17T12:32:16.762+0000] {logging_mixin.py:188} INFO - Downloaded TSLA/1771329459.json
[2026-02-17T12:32:16.822+0000] {logging_mixin.py:188} INFO - Downloaded TSLA/1771329469.json
[2026-02-17T12:32:16.879+0000] {logging_mixin.py:188} INFO - Downloaded TSLA/1771329479.json
[2026-02-17T12:32:16.926+0000] {logging_mixin.py:188} INFO - Downloaded TSLA/1771329489.json
[2026-02-17T12:32:17.153+0000] {logging_mixin.py:188} INFO - Downloaded TSLA/1771329501.json
[2026-02-17T12:32:17.230+0000] {logging_mixin.py:188} INFO - Downloaded TSLA/1771329511.json
[2026-02-17T12:32:17.301+0000] {logging_mixin.py:188} INFO - Downloaded TSLA/1771329522.json
[2026-02-17T12:32:17.382+0000] {logging_mixin.py:188} INFO - Downloaded TSLA/1771329539.json
[2026-02-17T12:32:17.471+0000] {logging_mixin.py:188} INFO - Downloaded TSLA/1771329550.json
[2026-02-17T12:32:17.511+0000] {logging_mixin.py:188} INFO - Downloaded TSLA/1771329561.json
[2026-02-17T12:32:17.586+0000] {logging_mixin.py:188} INFO - Downloaded TSLA/1771329570.json
[2026-02-17T12:32:17.644+0000] {logging_mixin.py:188} INFO - Downloaded TSLA/1771329580.json
[2026-02-17T12:32:17.696+0000] {logging_mixin.py:188} INFO - Downloaded TSLA/1771329590.json
[2026-02-17T12:32:17.749+0000] {logging_mixin.py:188} INFO - Downloaded TSLA/1771329601.json
[2026-02-17T12:32:17.816+0000] {logging_mixin.py:188} INFO - Downloaded TSLA/1771329613.json
[2026-02-17T12:32:17.881+0000] {logging_mixin.py:188} INFO - Downloaded TSLA/1771329623.json
[2026-02-17T12:32:17.946+0000] {logging_mixin.py:188} INFO - Downloaded TSLA/1771329635.json
[2026-02-17T12:32:17.982+0000] {logging_mixin.py:188} INFO - Downloaded TSLA/1771329677.json
[2026-02-17T12:32:18.029+0000] {logging_mixin.py:188} INFO - Downloaded TSLA/1771329699.json
[2026-02-17T12:32:18.098+0000] {logging_mixin.py:188} INFO - Downloaded TSLA/1771329710.json
[2026-02-17T12:32:18.144+0000] {logging_mixin.py:188} INFO - Downloaded TSLA/1771329720.json
[2026-02-17T12:32:18.186+0000] {logging_mixin.py:188} INFO - Downloaded TSLA/1771329731.json
[2026-02-17T12:32:18.276+0000] {logging_mixin.py:188} INFO - Downloaded TSLA/1771329741.json
[2026-02-17T12:32:18.347+0000] {logging_mixin.py:188} INFO - Downloaded TSLA/1771329752.json
[2026-02-17T12:32:18.401+0000] {logging_mixin.py:188} INFO - Downloaded TSLA/1771329763.json
[2026-02-17T12:32:18.460+0000] {logging_mixin.py:188} INFO - Downloaded TSLA/1771329775.json
[2026-02-17T12:32:18.534+0000] {logging_mixin.py:188} INFO - Downloaded TSLA/1771329786.json
[2026-02-17T12:32:18.647+0000] {logging_mixin.py:188} INFO - Downloaded TSLA/1771329798.json
[2026-02-17T12:32:18.868+0000] {logging_mixin.py:188} INFO - Downloaded TSLA/1771329809.json
[2026-02-17T12:32:19.018+0000] {logging_mixin.py:188} INFO - Downloaded TSLA/1771329820.json
[2026-02-17T12:32:19.086+0000] {logging_mixin.py:188} INFO - Downloaded TSLA/1771329831.json
[2026-02-17T12:32:19.163+0000] {logging_mixin.py:188} INFO - Downloaded TSLA/1771329842.json
[2026-02-17T12:32:19.255+0000] {logging_mixin.py:188} INFO - Downloaded TSLA/1771329879.json
[2026-02-17T12:32:19.427+0000] {logging_mixin.py:188} INFO - Downloaded TSLA/1771329890.json
[2026-02-17T12:32:19.530+0000] {logging_mixin.py:188} INFO - Downloaded TSLA/1771329900.json
[2026-02-17T12:32:19.644+0000] {logging_mixin.py:188} INFO - Downloaded TSLA/1771329910.json
[2026-02-17T12:32:19.795+0000] {logging_mixin.py:188} INFO - Downloaded TSLA/1771329921.json
[2026-02-17T12:32:19.895+0000] {logging_mixin.py:188} INFO - Downloaded TSLA/1771329931.json
[2026-02-17T12:32:19.937+0000] {logging_mixin.py:188} INFO - Downloaded TSLA/1771329942.json
[2026-02-17T12:32:20.032+0000] {logging_mixin.py:188} INFO - Downloaded TSLA/1771329953.json
[2026-02-17T12:32:20.097+0000] {logging_mixin.py:188} INFO - Downloaded TSLA/1771329963.json
[2026-02-17T12:32:20.235+0000] {logging_mixin.py:188} INFO - Downloaded TSLA/1771329974.json
[2026-02-17T12:32:20.322+0000] {logging_mixin.py:188} INFO - Downloaded TSLA/1771329985.json
[2026-02-17T12:32:20.457+0000] {logging_mixin.py:188} INFO - Downloaded TSLA/1771329996.json
[2026-02-17T12:32:20.518+0000] {logging_mixin.py:188} INFO - Downloaded TSLA/1771330007.json
[2026-02-17T12:32:20.609+0000] {logging_mixin.py:188} INFO - Downloaded TSLA/1771330026.json
[2026-02-17T12:32:20.669+0000] {logging_mixin.py:188} INFO - Downloaded TSLA/1771330038.json
[2026-02-17T12:32:20.796+0000] {logging_mixin.py:188} INFO - Downloaded TSLA/1771330049.json
[2026-02-17T12:32:20.879+0000] {logging_mixin.py:188} INFO - Downloaded TSLA/1771330081.json
[2026-02-17T12:32:20.991+0000] {logging_mixin.py:188} INFO - Downloaded TSLA/1771330093.json
[2026-02-17T12:32:21.070+0000] {logging_mixin.py:188} INFO - Downloaded TSLA/1771330104.json
[2026-02-17T12:32:21.122+0000] {logging_mixin.py:188} INFO - Downloaded TSLA/1771330115.json
[2026-02-17T12:32:21.200+0000] {logging_mixin.py:188} INFO - Downloaded TSLA/1771330127.json
[2026-02-17T12:32:21.246+0000] {logging_mixin.py:188} INFO - Downloaded TSLA/1771330137.json
[2026-02-17T12:32:21.367+0000] {logging_mixin.py:188} INFO - Downloaded TSLA/1771330148.json
[2026-02-17T12:32:21.550+0000] {logging_mixin.py:188} INFO - Downloaded TSLA/1771330159.json
[2026-02-17T12:32:21.716+0000] {logging_mixin.py:188} INFO - Downloaded TSLA/1771330170.json
[2026-02-17T12:32:21.803+0000] {logging_mixin.py:188} INFO - Downloaded TSLA/1771330180.json
[2026-02-17T12:32:21.908+0000] {logging_mixin.py:188} INFO - Downloaded TSLA/1771330190.json
[2026-02-17T12:32:21.993+0000] {logging_mixin.py:188} INFO - Downloaded TSLA/1771330202.json
[2026-02-17T12:32:22.044+0000] {logging_mixin.py:188} INFO - Downloaded TSLA/1771330213.json
[2026-02-17T12:32:22.174+0000] {logging_mixin.py:188} INFO - Downloaded TSLA/1771330224.json
[2026-02-17T12:32:22.261+0000] {logging_mixin.py:188} INFO - Downloaded TSLA/1771330236.json
[2026-02-17T12:32:22.421+0000] {logging_mixin.py:188} INFO - Downloaded TSLA/1771330247.json
[2026-02-17T12:32:22.489+0000] {logging_mixin.py:188} INFO - Downloaded TSLA/1771330257.json
[2026-02-17T12:32:22.557+0000] {logging_mixin.py:188} INFO - Downloaded TSLA/1771330268.json
[2026-02-17T12:32:22.641+0000] {logging_mixin.py:188} INFO - Downloaded TSLA/1771330278.json
[2026-02-17T12:32:22.797+0000] {logging_mixin.py:188} INFO - Downloaded TSLA/1771330289.json
[2026-02-17T12:32:22.851+0000] {logging_mixin.py:188} INFO - Downloaded TSLA/1771330299.json
[2026-02-17T12:32:22.986+0000] {logging_mixin.py:188} INFO - Downloaded TSLA/1771330310.json
[2026-02-17T12:32:23.077+0000] {logging_mixin.py:188} INFO - Downloaded TSLA/1771330322.json
[2026-02-17T12:32:23.119+0000] {logging_mixin.py:188} INFO - Downloaded TSLA/1771330333.json
[2026-02-17T12:32:23.168+0000] {logging_mixin.py:188} INFO - Downloaded TSLA/1771330343.json
[2026-02-17T12:32:23.284+0000] {logging_mixin.py:188} INFO - Downloaded TSLA/1771330354.json
[2026-02-17T12:32:23.341+0000] {logging_mixin.py:188} INFO - Downloaded TSLA/1771330365.json
[2026-02-17T12:32:23.461+0000] {logging_mixin.py:188} INFO - Downloaded TSLA/1771330375.json
[2026-02-17T12:32:23.569+0000] {logging_mixin.py:188} INFO - Downloaded TSLA/1771330386.json
[2026-02-17T12:32:23.629+0000] {logging_mixin.py:188} INFO - Downloaded TSLA/1771330397.json
[2026-02-17T12:32:23.746+0000] {logging_mixin.py:188} INFO - Downloaded TSLA/1771330408.json
[2026-02-17T12:32:23.822+0000] {logging_mixin.py:188} INFO - Downloaded TSLA/1771330421.json
[2026-02-17T12:32:23.908+0000] {logging_mixin.py:188} INFO - Downloaded TSLA/1771330431.json
[2026-02-17T12:32:23.951+0000] {logging_mixin.py:188} INFO - Downloaded TSLA/1771330442.json
[2026-02-17T12:32:24.033+0000] {logging_mixin.py:188} INFO - Downloaded TSLA/1771330452.json
[2026-02-17T12:32:24.098+0000] {logging_mixin.py:188} INFO - Downloaded TSLA/1771330463.json
[2026-02-17T12:32:24.157+0000] {logging_mixin.py:188} INFO - Downloaded TSLA/1771330474.json
[2026-02-17T12:32:24.252+0000] {logging_mixin.py:188} INFO - Downloaded TSLA/1771330484.json
[2026-02-17T12:32:24.333+0000] {logging_mixin.py:188} INFO - Downloaded TSLA/1771330494.json
[2026-02-17T12:32:24.383+0000] {logging_mixin.py:188} INFO - Downloaded TSLA/1771330505.json
[2026-02-17T12:32:24.489+0000] {logging_mixin.py:188} INFO - Downloaded TSLA/1771330516.json
[2026-02-17T12:32:24.572+0000] {logging_mixin.py:188} INFO - Downloaded TSLA/1771330526.json
[2026-02-17T12:32:24.639+0000] {logging_mixin.py:188} INFO - Downloaded TSLA/1771330539.json
[2026-02-17T12:32:24.770+0000] {logging_mixin.py:188} INFO - Downloaded TSLA/1771330549.json
[2026-02-17T12:32:24.845+0000] {logging_mixin.py:188} INFO - Downloaded TSLA/1771330565.json
[2026-02-17T12:32:24.969+0000] {logging_mixin.py:188} INFO - Downloaded TSLA/1771330577.json
[2026-02-17T12:32:25.069+0000] {logging_mixin.py:188} INFO - Downloaded TSLA/1771330589.json
[2026-02-17T12:32:25.176+0000] {logging_mixin.py:188} INFO - Downloaded TSLA/1771330601.json
[2026-02-17T12:32:25.377+0000] {logging_mixin.py:188} INFO - Downloaded TSLA/1771330611.json
[2026-02-17T12:32:25.446+0000] {logging_mixin.py:188} INFO - Downloaded TSLA/1771330622.json
[2026-02-17T12:32:25.599+0000] {logging_mixin.py:188} INFO - Downloaded TSLA/1771330633.json
[2026-02-17T12:32:25.776+0000] {logging_mixin.py:188} INFO - Downloaded TSLA/1771330644.json
[2026-02-17T12:32:25.856+0000] {logging_mixin.py:188} INFO - Downloaded TSLA/1771330655.json
[2026-02-17T12:32:25.958+0000] {logging_mixin.py:188} INFO - Downloaded TSLA/1771330666.json
[2026-02-17T12:32:26.047+0000] {logging_mixin.py:188} INFO - Downloaded TSLA/1771330680.json
[2026-02-17T12:32:26.107+0000] {logging_mixin.py:188} INFO - Downloaded TSLA/1771330690.json
[2026-02-17T12:32:26.308+0000] {logging_mixin.py:188} INFO - Downloaded TSLA/1771330701.json
[2026-02-17T12:32:26.586+0000] {logging_mixin.py:188} INFO - Downloaded TSLA/1771330712.json
[2026-02-17T12:32:26.722+0000] {logging_mixin.py:188} INFO - Downloaded TSLA/1771330725.json
[2026-02-17T12:32:26.798+0000] {logging_mixin.py:188} INFO - Downloaded TSLA/1771330736.json
[2026-02-17T12:32:26.911+0000] {logging_mixin.py:188} INFO - Downloaded TSLA/1771330746.json
[2026-02-17T12:32:26.980+0000] {logging_mixin.py:188} INFO - Downloaded TSLA/1771330756.json
[2026-02-17T12:32:27.079+0000] {logging_mixin.py:188} INFO - Downloaded TSLA/1771330766.json
[2026-02-17T12:32:27.190+0000] {logging_mixin.py:188} INFO - Downloaded TSLA/1771330777.json
[2026-02-17T12:32:27.271+0000] {logging_mixin.py:188} INFO - Downloaded TSLA/1771330787.json
[2026-02-17T12:32:27.327+0000] {logging_mixin.py:188} INFO - Downloaded TSLA/1771330798.json
[2026-02-17T12:32:27.459+0000] {logging_mixin.py:188} INFO - Downloaded TSLA/1771330808.json
[2026-02-17T12:32:27.615+0000] {logging_mixin.py:188} INFO - Downloaded TSLA/1771330819.json
[2026-02-17T12:32:27.787+0000] {logging_mixin.py:188} INFO - Downloaded TSLA/1771330830.json
[2026-02-17T12:32:28.002+0000] {logging_mixin.py:188} INFO - Downloaded TSLA/1771330844.json
[2026-02-17T12:32:28.151+0000] {logging_mixin.py:188} INFO - Downloaded TSLA/1771330859.json
[2026-02-17T12:32:28.499+0000] {logging_mixin.py:188} INFO - Downloaded TSLA/1771330873.json
[2026-02-17T12:32:28.795+0000] {logging_mixin.py:188} INFO - Downloaded TSLA/1771330887.json
[2026-02-17T12:32:29.158+0000] {logging_mixin.py:188} INFO - Downloaded TSLA/1771330900.json
[2026-02-17T12:32:29.409+0000] {logging_mixin.py:188} INFO - Downloaded TSLA/1771330910.json
[2026-02-17T12:32:29.816+0000] {logging_mixin.py:188} INFO - Downloaded TSLA/1771330920.json
[2026-02-17T12:32:29.974+0000] {logging_mixin.py:188} INFO - Downloaded TSLA/1771330930.json
[2026-02-17T12:32:30.185+0000] {logging_mixin.py:188} INFO - Downloaded TSLA/1771330940.json
[2026-02-17T12:32:30.309+0000] {logging_mixin.py:188} INFO - Downloaded TSLA/1771330952.json
[2026-02-17T12:32:30.429+0000] {logging_mixin.py:188} INFO - Downloaded TSLA/1771330962.json
[2026-02-17T12:32:30.631+0000] {logging_mixin.py:188} INFO - Downloaded TSLA/1771330977.json
[2026-02-17T12:32:30.712+0000] {logging_mixin.py:188} INFO - Downloaded TSLA/1771330987.json
[2026-02-17T12:32:30.813+0000] {logging_mixin.py:188} INFO - Downloaded TSLA/1771330998.json
[2026-02-17T12:32:30.889+0000] {logging_mixin.py:188} INFO - Downloaded TSLA/1771331008.json
[2026-02-17T12:32:30.949+0000] {logging_mixin.py:188} INFO - Downloaded TSLA/1771331018.json
[2026-02-17T12:32:30.996+0000] {logging_mixin.py:188} INFO - Downloaded TSLA/1771331028.json
[2026-02-17T12:32:31.045+0000] {logging_mixin.py:188} INFO - Downloaded TSLA/1771331038.json
[2026-02-17T12:32:31.132+0000] {logging_mixin.py:188} INFO - Downloaded TSLA/1771331049.json
[2026-02-17T12:32:31.186+0000] {logging_mixin.py:188} INFO - Downloaded TSLA/1771331060.json
[2026-02-17T12:32:31.239+0000] {logging_mixin.py:188} INFO - Downloaded TSLA/1771331071.json
[2026-02-17T12:32:31.291+0000] {logging_mixin.py:188} INFO - Downloaded TSLA/1771331082.json
[2026-02-17T12:32:31.334+0000] {logging_mixin.py:188} INFO - Downloaded TSLA/1771331093.json
[2026-02-17T12:32:31.382+0000] {logging_mixin.py:188} INFO - Downloaded TSLA/1771331103.json
[2026-02-17T12:32:31.431+0000] {logging_mixin.py:188} INFO - Downloaded TSLA/1771331113.json
[2026-02-17T12:32:31.491+0000] {logging_mixin.py:188} INFO - Downloaded TSLA/1771331123.json
[2026-02-17T12:32:31.570+0000] {logging_mixin.py:188} INFO - Downloaded TSLA/1771331134.json
[2026-02-17T12:32:31.610+0000] {logging_mixin.py:188} INFO - Downloaded TSLA/1771331144.json
[2026-02-17T12:32:31.652+0000] {logging_mixin.py:188} INFO - Downloaded TSLA/1771331154.json
[2026-02-17T12:32:31.693+0000] {logging_mixin.py:188} INFO - Downloaded TSLA/1771331165.json
[2026-02-17T12:32:31.733+0000] {logging_mixin.py:188} INFO - Downloaded TSLA/1771331176.json
[2026-02-17T12:32:31.776+0000] {logging_mixin.py:188} INFO - Downloaded TSLA/1771331186.json
[2026-02-17T12:32:31.827+0000] {logging_mixin.py:188} INFO - Downloaded TSLA/1771331197.json
[2026-02-17T12:32:31.883+0000] {logging_mixin.py:188} INFO - Downloaded TSLA/1771331207.json
[2026-02-17T12:32:31.924+0000] {logging_mixin.py:188} INFO - Downloaded TSLA/1771331218.json
[2026-02-17T12:32:31.971+0000] {logging_mixin.py:188} INFO - Downloaded TSLA/1771331229.json
[2026-02-17T12:32:32.038+0000] {logging_mixin.py:188} INFO - Downloaded TSLA/1771331242.json
[2026-02-17T12:32:32.090+0000] {logging_mixin.py:188} INFO - Downloaded TSLA/1771331253.json
[2026-02-17T12:32:32.130+0000] {logging_mixin.py:188} INFO - Downloaded TSLA/1771331265.json
[2026-02-17T12:32:32.166+0000] {logging_mixin.py:188} INFO - Downloaded TSLA/1771331276.json
[2026-02-17T12:32:32.237+0000] {logging_mixin.py:188} INFO - Downloaded TSLA/1771331287.json
[2026-02-17T12:32:32.292+0000] {logging_mixin.py:188} INFO - Downloaded TSLA/1771331297.json
[2026-02-17T12:32:32.357+0000] {logging_mixin.py:188} INFO - Downloaded TSLA/1771331308.json
[2026-02-17T12:32:32.425+0000] {logging_mixin.py:188} INFO - Downloaded TSLA/1771331318.json
[2026-02-17T12:32:32.460+0000] {logging_mixin.py:188} INFO - Downloaded TSLA/1771331328.json
[2026-02-17T12:32:32.501+0000] {logging_mixin.py:188} INFO - Downloaded TSLA/1771331338.json
[2026-02-17T12:32:32.569+0000] {logging_mixin.py:188} INFO - Downloaded TSLA/1771331348.json
[2026-02-17T12:32:32.620+0000] {logging_mixin.py:188} INFO - Downloaded TSLA/1771331359.json
[2026-02-17T12:32:32.709+0000] {logging_mixin.py:188} INFO - Downloaded TSLA/1771331369.json
[2026-02-17T12:32:32.775+0000] {logging_mixin.py:188} INFO - Downloaded TSLA/1771331380.json
[2026-02-17T12:32:32.842+0000] {logging_mixin.py:188} INFO - Downloaded TSLA/1771331389.json
[2026-02-17T12:32:32.982+0000] {logging_mixin.py:188} INFO - Downloaded TSLA/1771331400.json
[2026-02-17T12:32:33.092+0000] {logging_mixin.py:188} INFO - Downloaded TSLA/1771331410.json
[2026-02-17T12:32:33.216+0000] {logging_mixin.py:188} INFO - Downloaded TSLA/1771331421.json
[2026-02-17T12:32:33.333+0000] {logging_mixin.py:188} INFO - Downloaded TSLA/1771331431.json
[2026-02-17T12:32:33.456+0000] {logging_mixin.py:188} INFO - Downloaded TSLA/1771331441.json
[2026-02-17T12:32:33.521+0000] {logging_mixin.py:188} INFO - Downloaded TSLA/1771331452.json
[2026-02-17T12:32:33.644+0000] {python.py:237} INFO - Done. Returned value was: ['/opt/***/data/minio/AAPL/1771324930.json', '/opt/***/data/minio/AAPL/1771324943.json', '/opt/***/data/minio/AAPL/1771324953.json', '/opt/***/data/minio/AAPL/1771324964.json', '/opt/***/data/minio/AAPL/1771324974.json', '/opt/***/data/minio/AAPL/1771324985.json', '/opt/***/data/minio/AAPL/1771324996.json', '/opt/***/data/minio/AAPL/1771325007.json', '/opt/***/data/minio/AAPL/1771325017.json', '/opt/***/data/minio/AAPL/1771325028.json', '/opt/***/data/minio/AAPL/1771325039.json', '/opt/***/data/minio/AAPL/1771325049.json', '/opt/***/data/minio/AAPL/1771325059.json', '/opt/***/data/minio/AAPL/1771325069.json', '/opt/***/data/minio/AAPL/1771325080.json', '/opt/***/data/minio/AAPL/1771325090.json', '/opt/***/data/minio/AAPL/1771325101.json', '/opt/***/data/minio/AAPL/1771325112.json', '/opt/***/data/minio/AAPL/1771325122.json', '/opt/***/data/minio/AAPL/1771325132.json', '/opt/***/data/minio/AAPL/1771325143.json', '/opt/***/data/minio/AAPL/1771325153.json', '/opt/***/data/minio/AAPL/1771325163.json', '/opt/***/data/minio/AAPL/1771325174.json', '/opt/***/data/minio/AAPL/1771325184.json', '/opt/***/data/minio/AAPL/1771325195.json', '/opt/***/data/minio/AAPL/1771325205.json', '/opt/***/data/minio/AAPL/1771325215.json', '/opt/***/data/minio/AAPL/1771325226.json', '/opt/***/data/minio/AAPL/1771325236.json', '/opt/***/data/minio/AAPL/1771325247.json', '/opt/***/data/minio/AAPL/1771325257.json', '/opt/***/data/minio/AAPL/1771325269.json', '/opt/***/data/minio/AAPL/1771325279.json', '/opt/***/data/minio/AAPL/1771325289.json', '/opt/***/data/minio/AAPL/1771325300.json', '/opt/***/data/minio/AAPL/1771325334.json', '/opt/***/data/minio/AAPL/1771325344.json', '/opt/***/data/minio/AAPL/1771325354.json', '/opt/***/data/minio/AAPL/1771325365.json', '/opt/***/data/minio/AAPL/1771325375.json', '/opt/***/data/minio/AAPL/1771325385.json', '/opt/***/data/minio/AAPL/1771325396.json', '/opt/***/data/minio/AAPL/1771325408.json', '/opt/***/data/minio/AAPL/1771325419.json', '/opt/***/data/minio/AAPL/1771325431.json', '/opt/***/data/minio/AAPL/1771325442.json', '/opt/***/data/minio/AAPL/1771325454.json', '/opt/***/data/minio/AAPL/1771325464.json', '/opt/***/data/minio/AAPL/1771325474.json', '/opt/***/data/minio/AAPL/1771325485.json', '/opt/***/data/minio/AAPL/1771325496.json', '/opt/***/data/minio/AAPL/1771325507.json', '/opt/***/data/minio/AAPL/1771325517.json', '/opt/***/data/minio/AAPL/1771325528.json', '/opt/***/data/minio/AAPL/1771325539.json', '/opt/***/data/minio/AAPL/1771325549.json', '/opt/***/data/minio/AAPL/1771325559.json', '/opt/***/data/minio/AAPL/1771325569.json', '/opt/***/data/minio/AAPL/1771325580.json', '/opt/***/data/minio/AAPL/1771325590.json', '/opt/***/data/minio/AAPL/1771325600.json', '/opt/***/data/minio/AAPL/1771325612.json', '/opt/***/data/minio/AAPL/1771325623.json', '/opt/***/data/minio/AAPL/1771325633.json', '/opt/***/data/minio/AAPL/1771325644.json', '/opt/***/data/minio/AAPL/1771325655.json', '/opt/***/data/minio/AAPL/1771325666.json', '/opt/***/data/minio/AAPL/1771325676.json', '/opt/***/data/minio/AAPL/1771325686.json', '/opt/***/data/minio/AAPL/1771325697.json', '/opt/***/data/minio/AAPL/1771325708.json', '/opt/***/data/minio/AAPL/1771325718.json', '/opt/***/data/minio/AAPL/1771325729.json', '/opt/***/data/minio/AAPL/1771325739.json', '/opt/***/data/minio/AAPL/1771325750.json', '/opt/***/data/minio/AAPL/1771325761.json', '/opt/***/data/minio/AAPL/1771325776.json', '/opt/***/data/minio/AAPL/1771325787.json', '/opt/***/data/minio/AAPL/1771325800.json', '/opt/***/data/minio/AAPL/1771325810.json', '/opt/***/data/minio/AAPL/1771325820.json', '/opt/***/data/minio/AAPL/1771325831.json', '/opt/***/data/minio/AAPL/1771325841.json', '/opt/***/data/minio/AAPL/1771325851.json', '/opt/***/data/minio/AAPL/1771325863.json', '/opt/***/data/minio/AAPL/1771325874.json', '/opt/***/data/minio/AAPL/1771325885.json', '/opt/***/data/minio/AAPL/1771325898.json', '/opt/***/data/minio/AAPL/1771325910.json', '/opt/***/data/minio/AAPL/1771325921.json', '/opt/***/data/minio/AAPL/1771325932.json', '/opt/***/data/minio/AAPL/1771325944.json', '/opt/***/data/minio/AAPL/1771325955.json', '/opt/***/data/minio/AAPL/1771325969.json', '/opt/***/data/minio/AAPL/1771325980.json', '/opt/***/data/minio/AAPL/1771325991.json', '/opt/***/data/minio/AAPL/1771326002.json', '/opt/***/data/minio/AAPL/1771326012.json', '/opt/***/data/minio/AAPL/1771326023.json', '/opt/***/data/minio/AAPL/1771326034.json', '/opt/***/data/minio/AAPL/1771326044.json', '/opt/***/data/minio/AAPL/1771326054.json', '/opt/***/data/minio/AAPL/1771326064.json', '/opt/***/data/minio/AAPL/1771326074.json', '/opt/***/data/minio/AAPL/1771326084.json', '/opt/***/data/minio/AAPL/1771326095.json', '/opt/***/data/minio/AAPL/1771326108.json', '/opt/***/data/minio/AAPL/1771326121.json', '/opt/***/data/minio/AAPL/1771326135.json', '/opt/***/data/minio/AAPL/1771326145.json', '/opt/***/data/minio/AAPL/1771326157.json', '/opt/***/data/minio/AAPL/1771326168.json', '/opt/***/data/minio/AAPL/1771326180.json', '/opt/***/data/minio/AAPL/1771326190.json', '/opt/***/data/minio/AAPL/1771326201.json', '/opt/***/data/minio/AAPL/1771326211.json', '/opt/***/data/minio/AAPL/1771326221.json', '/opt/***/data/minio/AAPL/1771326231.json', '/opt/***/data/minio/AAPL/1771326241.json', '/opt/***/data/minio/AAPL/1771326252.json', '/opt/***/data/minio/AAPL/1771326262.json', '/opt/***/data/minio/AAPL/1771326272.json', '/opt/***/data/minio/AAPL/1771326282.json', '/opt/***/data/minio/AAPL/1771326293.json', '/opt/***/data/minio/AAPL/1771326309.json', '/opt/***/data/minio/AAPL/1771326320.json', '/opt/***/data/minio/AAPL/1771326331.json', '/opt/***/data/minio/AAPL/1771326347.json', '/opt/***/data/minio/AAPL/1771326358.json', '/opt/***/data/minio/AAPL/1771326370.json', '/opt/***/data/minio/AAPL/1771326381.json', '/opt/***/data/minio/AAPL/1771326391.json', '/opt/***/data/minio/AAPL/1771326402.json', '/opt/***/data/minio/AAPL/1771326412.json', '/opt/***/data/minio/AAPL/1771326422.json', '/opt/***/data/minio/AAPL/1771326433.json', '/opt/***/data/minio/AAPL/1771326443.json', '/opt/***/data/minio/AAPL/1771326452.json', '/opt/***/data/minio/AAPL/1771326463.json', '/opt/***/data/minio/AAPL/1771326473.json', '/opt/***/data/minio/AAPL/1771326483.json', '/opt/***/data/minio/AAPL/1771326493.json', '/opt/***/data/minio/AAPL/1771326504.json', '/opt/***/data/minio/AAPL/1771326514.json', '/opt/***/data/minio/AAPL/1771326525.json', '/opt/***/data/minio/AAPL/1771326535.json', '/opt/***/data/minio/AAPL/1771326545.json', '/opt/***/data/minio/AAPL/1771326555.json', '/opt/***/data/minio/AAPL/1771326566.json', '/opt/***/data/minio/AAPL/1771326576.json', '/opt/***/data/minio/AAPL/1771326585.json', '/opt/***/data/minio/AAPL/1771326595.json', '/opt/***/data/minio/AAPL/1771326605.json', '/opt/***/data/minio/AAPL/1771326615.json', '/opt/***/data/minio/AAPL/1771326626.json', '/opt/***/data/minio/AAPL/1771326636.json', '/opt/***/data/minio/AAPL/1771326646.json', '/opt/***/data/minio/AAPL/1771326656.json', '/opt/***/data/minio/AAPL/1771326666.json', '/opt/***/data/minio/AAPL/1771326677.json', '/opt/***/data/minio/AAPL/1771326687.json', '/opt/***/data/minio/AAPL/1771326697.json', '/opt/***/data/minio/AAPL/1771326708.json', '/opt/***/data/minio/AAPL/1771326718.json', '/opt/***/data/minio/AAPL/1771326728.json', '/opt/***/data/minio/AAPL/1771326738.json', '/opt/***/data/minio/AAPL/1771326748.json', '/opt/***/data/minio/AAPL/1771326759.json', '/opt/***/data/minio/AAPL/1771326769.json', '/opt/***/data/minio/AAPL/1771326779.json', '/opt/***/data/minio/AAPL/1771326789.json', '/opt/***/data/minio/AAPL/1771326799.json', '/opt/***/data/minio/AAPL/1771326810.json', '/opt/***/data/minio/AAPL/1771326820.json', '/opt/***/data/minio/AAPL/1771326830.json', '/opt/***/data/minio/AAPL/1771326840.json', '/opt/***/data/minio/AAPL/1771326850.json', '/opt/***/data/minio/AAPL/1771326860.json', '/opt/***/data/minio/AAPL/1771326870.json', '/opt/***/data/minio/AAPL/1771326881.json', '/opt/***/data/minio/AAPL/1771326891.json', '/opt/***/data/minio/AAPL/1771326902.json', '/opt/***/data/minio/AAPL/1771326912.json', '/opt/***/data/minio/AAPL/1771326923.json', '/opt/***/data/minio/AAPL/1771326934.json', '/opt/***/data/minio/AAPL/1771326944.json', '/opt/***/data/minio/AAPL/1771326955.json', '/opt/***/data/minio/AAPL/1771326966.json', '/opt/***/data/minio/AAPL/1771326976.json', '/opt/***/data/minio/AAPL/1771326986.json', '/opt/***/data/minio/AAPL/1771326997.json', '/opt/***/data/minio/AAPL/1771327008.json', '/opt/***/data/minio/AAPL/1771327018.json', '/opt/***/data/minio/AAPL/1771327029.json', '/opt/***/data/minio/AAPL/1771327039.json', '/opt/***/data/minio/AAPL/1771327049.json', '/opt/***/data/minio/AAPL/1771327059.json', '/opt/***/data/minio/AAPL/1771327080.json', '/opt/***/data/minio/AAPL/1771327098.json', '/opt/***/data/minio/AAPL/1771327113.json', '/opt/***/data/minio/AAPL/1771327127.json', '/opt/***/data/minio/AAPL/1771327138.json', '/opt/***/data/minio/AAPL/1771327148.json', '/opt/***/data/minio/AAPL/1771327158.json', '/opt/***/data/minio/AAPL/1771327168.json', '/opt/***/data/minio/AAPL/1771327178.json', '/opt/***/data/minio/AAPL/1771327189.json', '/opt/***/data/minio/AAPL/1771327198.json', '/opt/***/data/minio/AAPL/1771327209.json', '/opt/***/data/minio/AAPL/1771327220.json', '/opt/***/data/minio/AAPL/1771327230.json', '/opt/***/data/minio/AAPL/1771327241.json', '/opt/***/data/minio/AAPL/1771327252.json', '/opt/***/data/minio/AAPL/1771327262.json', '/opt/***/data/minio/AAPL/1771327272.json', '/opt/***/data/minio/AAPL/1771327282.json', '/opt/***/data/minio/AAPL/1771327292.json', '/opt/***/data/minio/AAPL/1771327303.json', '/opt/***/data/minio/AAPL/1771327313.json', '/opt/***/data/minio/AAPL/1771327324.json', '/opt/***/data/minio/AAPL/1771327334.json', '/opt/***/data/minio/AAPL/1771327344.json', '/opt/***/data/minio/AAPL/1771327354.json', '/opt/***/data/minio/AAPL/1771327364.json', '/opt/***/data/minio/AAPL/1771327374.json', '/opt/***/data/minio/AAPL/1771327384.json', '/opt/***/data/minio/AAPL/1771327395.json', '/opt/***/data/minio/AAPL/1771327406.json', '/opt/***/data/minio/AAPL/1771327417.json', '/opt/***/data/minio/AAPL/1771327427.json', '/opt/***/data/minio/AAPL/1771327437.json', '/opt/***/data/minio/AAPL/1771327447.json', '/opt/***/data/minio/AAPL/1771327457.json', '/opt/***/data/minio/AAPL/1771327468.json', '/opt/***/data/minio/AAPL/1771327479.json', '/opt/***/data/minio/AAPL/1771327489.json', '/opt/***/data/minio/AAPL/1771327499.json', '/opt/***/data/minio/AAPL/1771327511.json', '/opt/***/data/minio/AAPL/1771327521.json', '/opt/***/data/minio/AAPL/1771327531.json', '/opt/***/data/minio/AAPL/1771327542.json', '/opt/***/data/minio/AAPL/1771327552.json', '/opt/***/data/minio/AAPL/1771327562.json', '/opt/***/data/minio/AAPL/1771327573.json', '/opt/***/data/minio/AAPL/1771327585.json', '/opt/***/data/minio/AAPL/1771327597.json', '/opt/***/data/minio/AAPL/1771327607.json', '/opt/***/data/minio/AAPL/1771327617.json', '/opt/***/data/minio/AAPL/1771327627.json', '/opt/***/data/minio/AAPL/1771327638.json', '/opt/***/data/minio/AAPL/1771327648.json', '/opt/***/data/minio/AAPL/1771327658.json', '/opt/***/data/minio/AAPL/1771327668.json', '/opt/***/data/minio/AAPL/1771327679.json', '/opt/***/data/minio/AAPL/1771327689.json', '/opt/***/data/minio/AAPL/1771327699.json', '/opt/***/data/minio/AAPL/1771327710.json', '/opt/***/data/minio/AAPL/1771327720.json', '/opt/***/data/minio/AAPL/1771327730.json', '/opt/***/data/minio/AAPL/1771327740.json', '/opt/***/data/minio/AAPL/1771327750.json', '/opt/***/data/minio/AAPL/1771327761.json', '/opt/***/data/minio/AAPL/1771327771.json', '/opt/***/data/minio/AAPL/1771327782.json', '/opt/***/data/minio/AAPL/1771327792.json', '/opt/***/data/minio/AAPL/1771327803.json', '/opt/***/data/minio/AAPL/1771327813.json', '/opt/***/data/minio/AAPL/1771327823.json', '/opt/***/data/minio/AAPL/1771327834.json', '/opt/***/data/minio/AAPL/1771327844.json', '/opt/***/data/minio/AAPL/1771327854.json', '/opt/***/data/minio/AAPL/1771327865.json', '/opt/***/data/minio/AAPL/1771327876.json', '/opt/***/data/minio/AAPL/1771327887.json', '/opt/***/data/minio/AAPL/1771327897.json', '/opt/***/data/minio/AAPL/1771327907.json', '/opt/***/data/minio/AAPL/1771327918.json', '/opt/***/data/minio/AAPL/1771327928.json', '/opt/***/data/minio/AAPL/1771327938.json', '/opt/***/data/minio/AAPL/1771327949.json', '/opt/***/data/minio/AAPL/1771327959.json', '/opt/***/data/minio/AAPL/1771327969.json', '/opt/***/data/minio/AAPL/1771327980.json', '/opt/***/data/minio/AAPL/1771327990.json', '/opt/***/data/minio/AAPL/1771328000.json', '/opt/***/data/minio/AAPL/1771328010.json', '/opt/***/data/minio/AAPL/1771328020.json', '/opt/***/data/minio/AAPL/1771328030.json', '/opt/***/data/minio/AAPL/1771328040.json', '/opt/***/data/minio/AAPL/1771328051.json', '/opt/***/data/minio/AAPL/1771328061.json', '/opt/***/data/minio/AAPL/1771328071.json', '/opt/***/data/minio/AAPL/1771328081.json', '/opt/***/data/minio/AAPL/1771328092.json', '/opt/***/data/minio/AAPL/1771328103.json', '/opt/***/data/minio/AAPL/1771328116.json', '/opt/***/data/minio/AAPL/1771328127.json', '/opt/***/data/minio/AAPL/1771328138.json', '/opt/***/data/minio/AAPL/1771328150.json', '/opt/***/data/minio/AAPL/1771328161.json', '/opt/***/data/minio/AAPL/1771328172.json', '/opt/***/data/minio/AAPL/1771328210.json', '/opt/***/data/minio/AAPL/1771328220.json', '/opt/***/data/minio/AAPL/1771328230.json', '/opt/***/data/minio/AAPL/1771328240.json', '/opt/***/data/minio/AAPL/1771328251.json', '/opt/***/data/minio/AAPL/1771328261.json', '/opt/***/data/minio/AAPL/1771328272.json', '/opt/***/data/minio/AAPL/1771328283.json', '/opt/***/data/minio/AAPL/1771328293.json', '/opt/***/data/minio/AAPL/1771328304.json', '/opt/***/data/minio/AAPL/1771328314.json', '/opt/***/data/minio/AAPL/1771328324.json', '/opt/***/data/minio/AAPL/1771328334.json', '/opt/***/data/minio/AAPL/1771328345.json', '/opt/***/data/minio/AAPL/1771328355.json', '/opt/***/data/minio/AAPL/1771328369.json', '/opt/***/data/minio/AAPL/1771328384.json', '/opt/***/data/minio/AAPL/1771328396.json', '/opt/***/data/minio/AAPL/1771328406.json', '/opt/***/data/minio/AAPL/1771328417.json', '/opt/***/data/minio/AAPL/1771328428.json', '/opt/***/data/minio/AAPL/1771328518.json', '/opt/***/data/minio/AAPL/1771328528.json', '/opt/***/data/minio/AAPL/1771328538.json', '/opt/***/data/minio/AAPL/1771328728.json', '/opt/***/data/minio/AAPL/1771328738.json', '/opt/***/data/minio/AAPL/1771328749.json', '/opt/***/data/minio/AAPL/1771328759.json', '/opt/***/data/minio/AAPL/1771328771.json', '/opt/***/data/minio/AAPL/1771328781.json', '/opt/***/data/minio/AAPL/1771328791.json', '/opt/***/data/minio/AAPL/1771328801.json', '/opt/***/data/minio/AAPL/1771328811.json', '/opt/***/data/minio/AAPL/1771328822.json', '/opt/***/data/minio/AAPL/1771328832.json', '/opt/***/data/minio/AAPL/1771328843.json', '/opt/***/data/minio/AAPL/1771328853.json', '/opt/***/data/minio/AAPL/1771328865.json', '/opt/***/data/minio/AAPL/1771328876.json', '/opt/***/data/minio/AAPL/1771328887.json', '/opt/***/data/minio/AAPL/1771328898.json', '/opt/***/data/minio/AAPL/1771328908.json', '/opt/***/data/minio/AAPL/1771328938.json', '/opt/***/data/minio/AAPL/1771328948.json', '/opt/***/data/minio/AAPL/1771328959.json', '/opt/***/data/minio/AAPL/1771328969.json', '/opt/***/data/minio/AAPL/1771328984.json', '/opt/***/data/minio/AAPL/1771328995.json', '/opt/***/data/minio/AAPL/1771329005.json', '/opt/***/data/minio/AAPL/1771329016.json', '/opt/***/data/minio/AAPL/1771329029.json', '/opt/***/data/minio/AAPL/1771329040.json', '/opt/***/data/minio/AAPL/1771329051.json', '/opt/***/data/minio/AAPL/1771329093.json', '/opt/***/data/minio/AAPL/1771329104.json', '/opt/***/data/minio/AAPL/1771329115.json', '/opt/***/data/minio/AAPL/1771329142.json', '/opt/***/data/minio/AAPL/1771329153.json', '/opt/***/data/minio/AAPL/1771329164.json', '/opt/***/data/minio/AAPL/1771329176.json', '/opt/***/data/minio/AAPL/1771329187.json', '/opt/***/data/minio/AAPL/1771329198.json', '/opt/***/data/minio/AAPL/1771329210.json', '/opt/***/data/minio/AAPL/1771329220.json', '/opt/***/data/minio/AAPL/1771329231.json', '/opt/***/data/minio/AAPL/1771329241.json', '/opt/***/data/minio/AAPL/1771329251.json', '/opt/***/data/minio/AAPL/1771329262.json', '/opt/***/data/minio/AAPL/1771329272.json', '/opt/***/data/minio/AAPL/1771329283.json', '/opt/***/data/minio/AAPL/1771329293.json', '/opt/***/data/minio/AAPL/1771329303.json', '/opt/***/data/minio/AAPL/1771329313.json', '/opt/***/data/minio/AAPL/1771329324.json', '/opt/***/data/minio/AAPL/1771329334.json', '/opt/***/data/minio/AAPL/1771329344.json', '/opt/***/data/minio/AAPL/1771329354.json', '/opt/***/data/minio/AAPL/1771329365.json', '/opt/***/data/minio/AAPL/1771329375.json', '/opt/***/data/minio/AAPL/1771329386.json', '/opt/***/data/minio/AAPL/1771329396.json', '/opt/***/data/minio/AAPL/1771329406.json', '/opt/***/data/minio/AAPL/1771329416.json', '/opt/***/data/minio/AAPL/1771329426.json', '/opt/***/data/minio/AAPL/1771329436.json', '/opt/***/data/minio/AAPL/1771329445.json', '/opt/***/data/minio/AAPL/1771329456.json', '/opt/***/data/minio/AAPL/1771329467.json', '/opt/***/data/minio/AAPL/1771329477.json', '/opt/***/data/minio/AAPL/1771329487.json', '/opt/***/data/minio/AAPL/1771329497.json', '/opt/***/data/minio/AAPL/1771329509.json', '/opt/***/data/minio/AAPL/1771329519.json', '/opt/***/data/minio/AAPL/1771329533.json', '/opt/***/data/minio/AAPL/1771329548.json', '/opt/***/data/minio/AAPL/1771329558.json', '/opt/***/data/minio/AAPL/1771329568.json', '/opt/***/data/minio/AAPL/1771329578.json', '/opt/***/data/minio/AAPL/1771329588.json', '/opt/***/data/minio/AAPL/1771329598.json', '/opt/***/data/minio/AAPL/1771329610.json', '/opt/***/data/minio/AAPL/1771329621.json', '/opt/***/data/minio/AAPL/1771329631.json', '/opt/***/data/minio/AAPL/1771329644.json', '/opt/***/data/minio/AAPL/1771329695.json', '/opt/***/data/minio/AAPL/1771329707.json', '/opt/***/data/minio/AAPL/1771329718.json', '/opt/***/data/minio/AAPL/1771329728.json', '/opt/***/data/minio/AAPL/1771329739.json', '/opt/***/data/minio/AAPL/1771329749.json', '/opt/***/data/minio/AAPL/1771329760.json', '/opt/***/data/minio/AAPL/1771329772.json', '/opt/***/data/minio/AAPL/1771329783.json', '/opt/***/data/minio/AAPL/1771329794.json', '/opt/***/data/minio/AAPL/1771329806.json', '/opt/***/data/minio/AAPL/1771329817.json', '/opt/***/data/minio/AAPL/1771329828.json', '/opt/***/data/minio/AAPL/1771329839.json', '/opt/***/data/minio/AAPL/1771329851.json', '/opt/***/data/minio/AAPL/1771329888.json', '/opt/***/data/minio/AAPL/1771329897.json', '/opt/***/data/minio/AAPL/1771329908.json', '/opt/***/data/minio/AAPL/1771329918.json', '/opt/***/data/minio/AAPL/1771329928.json', '/opt/***/data/minio/AAPL/1771329939.json', '/opt/***/data/minio/AAPL/1771329950.json', '/opt/***/data/minio/AAPL/1771329961.json', '/opt/***/data/minio/AAPL/1771329971.json', '/opt/***/data/minio/AAPL/1771329982.json', '/opt/***/data/minio/AAPL/1771329994.json', '/opt/***/data/minio/AAPL/1771330004.json', '/opt/***/data/minio/AAPL/1771330019.json', '/opt/***/data/minio/AAPL/1771330035.json', '/opt/***/data/minio/AAPL/1771330046.json', '/opt/***/data/minio/AAPL/1771330058.json', '/opt/***/data/minio/AAPL/1771330089.json', '/opt/***/data/minio/AAPL/1771330101.json', '/opt/***/data/minio/AAPL/1771330112.json', '/opt/***/data/minio/AAPL/1771330123.json', '/opt/***/data/minio/AAPL/1771330135.json', '/opt/***/data/minio/AAPL/1771330146.json', '/opt/***/data/minio/AAPL/1771330156.json', '/opt/***/data/minio/AAPL/1771330167.json', '/opt/***/data/minio/AAPL/1771330177.json', '/opt/***/data/minio/AAPL/1771330188.json', '/opt/***/data/minio/AAPL/1771330198.json', '/opt/***/data/minio/AAPL/1771330210.json', '/opt/***/data/minio/AAPL/1771330222.json', '/opt/***/data/minio/AAPL/1771330233.json', '/opt/***/data/minio/AAPL/1771330244.json', '/opt/***/data/minio/AAPL/1771330255.json', '/opt/***/data/minio/AAPL/1771330265.json', '/opt/***/data/minio/AAPL/1771330276.json', '/opt/***/data/minio/AAPL/1771330286.json', '/opt/***/data/minio/AAPL/1771330297.json', '/opt/***/data/minio/AAPL/1771330307.json', '/opt/***/data/minio/AAPL/1771330319.json', '/opt/***/data/minio/AAPL/1771330330.json', '/opt/***/data/minio/AAPL/1771330340.json', '/opt/***/data/minio/AAPL/1771330351.json', '/opt/***/data/minio/AAPL/1771330361.json', '/opt/***/data/minio/AAPL/1771330372.json', '/opt/***/data/minio/AAPL/1771330383.json', '/opt/***/data/minio/AAPL/1771330394.json', '/opt/***/data/minio/AAPL/1771330405.json', '/opt/***/data/minio/AAPL/1771330418.json', '/opt/***/data/minio/AAPL/1771330428.json', '/opt/***/data/minio/AAPL/1771330439.json', '/opt/***/data/minio/AAPL/1771330450.json', '/opt/***/data/minio/AAPL/1771330460.json', '/opt/***/data/minio/AAPL/1771330471.json', '/opt/***/data/minio/AAPL/1771330482.json', '/opt/***/data/minio/AAPL/1771330492.json', '/opt/***/data/minio/AAPL/1771330502.json', '/opt/***/data/minio/AAPL/1771330513.json', '/opt/***/data/minio/AAPL/1771330523.json', '/opt/***/data/minio/AAPL/1771330534.json', '/opt/***/data/minio/AAPL/1771330547.json', '/opt/***/data/minio/AAPL/1771330557.json', '/opt/***/data/minio/AAPL/1771330573.json', '/opt/***/data/minio/AAPL/1771330585.json', '/opt/***/data/minio/AAPL/1771330597.json', '/opt/***/data/minio/AAPL/1771330608.json', '/opt/***/data/minio/AAPL/1771330619.json', '/opt/***/data/minio/AAPL/1771330630.json', '/opt/***/data/minio/AAPL/1771330641.json', '/opt/***/data/minio/AAPL/1771330652.json', '/opt/***/data/minio/AAPL/1771330663.json', '/opt/***/data/minio/AAPL/1771330673.json', '/opt/***/data/minio/AAPL/1771330687.json', '/opt/***/data/minio/AAPL/1771330698.json', '/opt/***/data/minio/AAPL/1771330709.json', '/opt/***/data/minio/AAPL/1771330719.json', '/opt/***/data/minio/AAPL/1771330733.json', '/opt/***/data/minio/AAPL/1771330743.json', '/opt/***/data/minio/AAPL/1771330754.json', '/opt/***/data/minio/AAPL/1771330764.json', '/opt/***/data/minio/AAPL/1771330774.json', '/opt/***/data/minio/AAPL/1771330785.json', '/opt/***/data/minio/AAPL/1771330795.json', '/opt/***/data/minio/AAPL/1771330806.json', '/opt/***/data/minio/AAPL/1771330816.json', '/opt/***/data/minio/AAPL/1771330827.json', '/opt/***/data/minio/AAPL/1771330839.json', '/opt/***/data/minio/AAPL/1771330855.json', '/opt/***/data/minio/AAPL/1771330869.json', '/opt/***/data/minio/AAPL/1771330882.json', '/opt/***/data/minio/AAPL/1771330897.json', '/opt/***/data/minio/AAPL/1771330907.json', '/opt/***/data/minio/AAPL/1771330917.json', '/opt/***/data/minio/AAPL/1771330928.json', '/opt/***/data/minio/AAPL/1771330938.json', '/opt/***/data/minio/AAPL/1771330949.json', '/opt/***/data/minio/AAPL/1771330959.json', '/opt/***/data/minio/AAPL/1771330971.json', '/opt/***/data/minio/AAPL/1771330984.json', '/opt/***/data/minio/AAPL/1771330995.json', '/opt/***/data/minio/AAPL/1771331005.json', '/opt/***/data/minio/AAPL/1771331015.json', '/opt/***/data/minio/AAPL/1771331026.json', '/opt/***/data/minio/AAPL/1771331036.json', '/opt/***/data/minio/AAPL/1771331046.json', '/opt/***/data/minio/AAPL/1771331057.json', '/opt/***/data/minio/AAPL/1771331068.json', '/opt/***/data/minio/AAPL/1771331079.json', '/opt/***/data/minio/AAPL/1771331090.json', '/opt/***/data/minio/AAPL/1771331100.json', '/opt/***/data/minio/AAPL/1771331110.json', '/opt/***/data/minio/AAPL/1771331121.json', '/opt/***/data/minio/AAPL/1771331131.json', '/opt/***/data/minio/AAPL/1771331142.json', '/opt/***/data/minio/AAPL/1771331152.json', '/opt/***/data/minio/AAPL/1771331162.json', '/opt/***/data/minio/AAPL/1771331173.json', '/opt/***/data/minio/AAPL/1771331184.json', '/opt/***/data/minio/AAPL/1771331194.json', '/opt/***/data/minio/AAPL/1771331204.json', '/opt/***/data/minio/AAPL/1771331215.json', '/opt/***/data/minio/AAPL/1771331227.json', '/opt/***/data/minio/AAPL/1771331237.json', '/opt/***/data/minio/AAPL/1771331250.json', '/opt/***/data/minio/AAPL/1771331261.json', '/opt/***/data/minio/AAPL/1771331273.json', '/opt/***/data/minio/AAPL/1771331284.json', '/opt/***/data/minio/AAPL/1771331295.json', '/opt/***/data/minio/AAPL/1771331305.json', '/opt/***/data/minio/AAPL/1771331315.json', '/opt/***/data/minio/AAPL/1771331325.json', '/opt/***/data/minio/AAPL/1771331336.json', '/opt/***/data/minio/AAPL/1771331346.json', '/opt/***/data/minio/AAPL/1771331356.json', '/opt/***/data/minio/AAPL/1771331366.json', '/opt/***/data/minio/AAPL/1771331377.json', '/opt/***/data/minio/AAPL/1771331387.json', '/opt/***/data/minio/AAPL/1771331397.json', '/opt/***/data/minio/AAPL/1771331408.json', '/opt/***/data/minio/AMZN/1771324936.json', '/opt/***/data/minio/AMZN/1771324946.json', '/opt/***/data/minio/AMZN/1771324957.json', '/opt/***/data/minio/AMZN/1771324968.json', '/opt/***/data/minio/AMZN/1771324978.json', '/opt/***/data/minio/AMZN/1771324989.json', '/opt/***/data/minio/AMZN/1771325000.json', '/opt/***/data/minio/AMZN/1771325010.json', '/opt/***/data/minio/AMZN/1771325021.json', '/opt/***/data/minio/AMZN/1771325032.json', '/opt/***/data/minio/AMZN/1771325042.json', '/opt/***/data/minio/AMZN/1771325052.json', '/opt/***/data/minio/AMZN/1771325063.json', '/opt/***/data/minio/AMZN/1771325073.json', '/opt/***/data/minio/AMZN/1771325083.json', '/opt/***/data/minio/AMZN/1771325094.json', '/opt/***/data/minio/AMZN/1771325105.json', '/opt/***/data/minio/AMZN/1771325115.json', '/opt/***/data/minio/AMZN/1771325125.json', '/opt/***/data/minio/AMZN/1771325136.json', '/opt/***/data/minio/AMZN/1771325146.json', '/opt/***/data/minio/AMZN/1771325156.json', '/opt/***/data/minio/AMZN/1771325167.json', '/opt/***/data/minio/AMZN/1771325177.json', '/opt/***/data/minio/AMZN/1771325188.json', '/opt/***/data/minio/AMZN/1771325198.json', '/opt/***/data/minio/AMZN/1771325209.json', '/opt/***/data/minio/AMZN/1771325219.json', '/opt/***/data/minio/AMZN/1771325229.json', '/opt/***/data/minio/AMZN/1771325240.json', '/opt/***/data/minio/AMZN/1771325250.json', '/opt/***/data/minio/AMZN/1771325262.json', '/opt/***/data/minio/AMZN/1771325272.json', '/opt/***/data/minio/AMZN/1771325283.json', '/opt/***/data/minio/AMZN/1771325293.json', '/opt/***/data/minio/AMZN/1771325337.json', '/opt/***/data/minio/AMZN/1771325347.json', '/opt/***/data/minio/AMZN/1771325358.json', '/opt/***/data/minio/AMZN/1771325368.json', '/opt/***/data/minio/AMZN/1771325378.json', '/opt/***/data/minio/AMZN/1771325389.json', '/opt/***/data/minio/AMZN/1771325401.json', '/opt/***/data/minio/AMZN/1771325412.json', '/opt/***/data/minio/AMZN/1771325424.json', '/opt/***/data/minio/AMZN/1771325435.json', '/opt/***/data/minio/AMZN/1771325447.json', '/opt/***/data/minio/AMZN/1771325457.json', '/opt/***/data/minio/AMZN/1771325468.json', '/opt/***/data/minio/AMZN/1771325477.json', '/opt/***/data/minio/AMZN/1771325489.json', '/opt/***/data/minio/AMZN/1771325500.json', '/opt/***/data/minio/AMZN/1771325510.json', '/opt/***/data/minio/AMZN/1771325521.json', '/opt/***/data/minio/AMZN/1771325532.json', '/opt/***/data/minio/AMZN/1771325542.json', '/opt/***/data/minio/AMZN/1771325552.json', '/opt/***/data/minio/AMZN/1771325562.json', '/opt/***/data/minio/AMZN/1771325573.json', '/opt/***/data/minio/AMZN/1771325583.json', '/opt/***/data/minio/AMZN/1771325593.json', '/opt/***/data/minio/AMZN/1771325605.json', '/opt/***/data/minio/AMZN/1771325616.json', '/opt/***/data/minio/AMZN/1771325626.json', '/opt/***/data/minio/AMZN/1771325637.json', '/opt/***/data/minio/AMZN/1771325648.json', '/opt/***/data/minio/AMZN/1771325659.json', '/opt/***/data/minio/AMZN/1771325669.json', '/opt/***/data/minio/AMZN/1771325679.json', '/opt/***/data/minio/AMZN/1771325691.json', '/opt/***/data/minio/AMZN/1771325701.json', '/opt/***/data/minio/AMZN/1771325711.json', '/opt/***/data/minio/AMZN/1771325722.json', '/opt/***/data/minio/AMZN/1771325732.json', '/opt/***/data/minio/AMZN/1771325743.json', '/opt/***/data/minio/AMZN/1771325753.json', '/opt/***/data/minio/AMZN/1771325769.json', '/opt/***/data/minio/AMZN/1771325780.json', '/opt/***/data/minio/AMZN/1771325792.json', '/opt/***/data/minio/AMZN/1771325803.json', '/opt/***/data/minio/AMZN/1771325813.json', '/opt/***/data/minio/AMZN/1771325824.json', '/opt/***/data/minio/AMZN/1771325834.json', '/opt/***/data/minio/AMZN/1771325844.json', '/opt/***/data/minio/AMZN/1771325857.json', '/opt/***/data/minio/AMZN/1771325867.json', '/opt/***/data/minio/AMZN/1771325878.json', '/opt/***/data/minio/AMZN/1771325891.json', '/opt/***/data/minio/AMZN/1771325902.json', '/opt/***/data/minio/AMZN/1771325914.json', '/opt/***/data/minio/AMZN/1771325925.json', '/opt/***/data/minio/AMZN/1771325937.json', '/opt/***/data/minio/AMZN/1771325948.json', '/opt/***/data/minio/AMZN/1771325962.json', '/opt/***/data/minio/AMZN/1771325973.json', '/opt/***/data/minio/AMZN/1771325984.json', '/opt/***/data/minio/AMZN/1771325995.json', '/opt/***/data/minio/AMZN/1771326005.json', '/opt/***/data/minio/AMZN/1771326016.json', '/opt/***/data/minio/AMZN/1771326027.json', '/opt/***/data/minio/AMZN/1771326037.json', '/opt/***/data/minio/AMZN/1771326047.json', '/opt/***/data/minio/AMZN/1771326058.json', '/opt/***/data/minio/AMZN/1771326067.json', '/opt/***/data/minio/AMZN/1771326077.json', '/opt/***/data/minio/AMZN/1771326087.json', '/opt/***/data/minio/AMZN/1771326101.json', '/opt/***/data/minio/AMZN/1771326115.json', '/opt/***/data/minio/AMZN/1771326128.json', '/opt/***/data/minio/AMZN/1771326139.json', '/opt/***/data/minio/AMZN/1771326151.json', '/opt/***/data/minio/AMZN/1771326161.json', '/opt/***/data/minio/AMZN/1771326173.json', '/opt/***/data/minio/AMZN/1771326183.json', '/opt/***/data/minio/AMZN/1771326194.json', '/opt/***/data/minio/AMZN/1771326204.json', '/opt/***/data/minio/AMZN/1771326215.json', '/opt/***/data/minio/AMZN/1771326225.json', '/opt/***/data/minio/AMZN/1771326235.json', '/opt/***/data/minio/AMZN/1771326245.json', '/opt/***/data/minio/AMZN/1771326255.json', '/opt/***/data/minio/AMZN/1771326265.json', '/opt/***/data/minio/AMZN/1771326275.json', '/opt/***/data/minio/AMZN/1771326286.json', '/opt/***/data/minio/AMZN/1771326301.json', '/opt/***/data/minio/AMZN/1771326314.json', '/opt/***/data/minio/AMZN/1771326324.json', '/opt/***/data/minio/AMZN/1771326335.json', '/opt/***/data/minio/AMZN/1771326351.json', '/opt/***/data/minio/AMZN/1771326362.json', '/opt/***/data/minio/AMZN/1771326374.json', '/opt/***/data/minio/AMZN/1771326384.json', '/opt/***/data/minio/AMZN/1771326395.json', '/opt/***/data/minio/AMZN/1771326405.json', '/opt/***/data/minio/AMZN/1771326415.json', '/opt/***/data/minio/AMZN/1771326425.json', '/opt/***/data/minio/AMZN/1771326436.json', '/opt/***/data/minio/AMZN/1771326446.json', '/opt/***/data/minio/AMZN/1771326456.json', '/opt/***/data/minio/AMZN/1771326466.json', '/opt/***/data/minio/AMZN/1771326476.json', '/opt/***/data/minio/AMZN/1771326486.json', '/opt/***/data/minio/AMZN/1771326497.json', '/opt/***/data/minio/AMZN/1771326508.json', '/opt/***/data/minio/AMZN/1771326518.json', '/opt/***/data/minio/AMZN/1771326528.json', '/opt/***/data/minio/AMZN/1771326538.json', '/opt/***/data/minio/AMZN/1771326548.json', '/opt/***/data/minio/AMZN/1771326559.json', '/opt/***/data/minio/AMZN/1771326569.json', '/opt/***/data/minio/AMZN/1771326578.json', '/opt/***/data/minio/AMZN/1771326588.json', '/opt/***/data/minio/AMZN/1771326599.json', '/opt/***/data/minio/AMZN/1771326609.json', '/opt/***/data/minio/AMZN/1771326619.json', '/opt/***/data/minio/AMZN/1771326629.json', '/opt/***/data/minio/AMZN/1771326639.json', '/opt/***/data/minio/AMZN/1771326650.json', '/opt/***/data/minio/AMZN/1771326659.json', '/opt/***/data/minio/AMZN/1771326670.json', '/opt/***/data/minio/AMZN/1771326680.json', '/opt/***/data/minio/AMZN/1771326690.json', '/opt/***/data/minio/AMZN/1771326701.json', '/opt/***/data/minio/AMZN/1771326711.json', '/opt/***/data/minio/AMZN/1771326721.json', '/opt/***/data/minio/AMZN/1771326731.json', '/opt/***/data/minio/AMZN/1771326741.json', '/opt/***/data/minio/AMZN/1771326752.json', '/opt/***/data/minio/AMZN/1771326762.json', '/opt/***/data/minio/AMZN/1771326772.json', '/opt/***/data/minio/AMZN/1771326782.json', '/opt/***/data/minio/AMZN/1771326793.json', '/opt/***/data/minio/AMZN/1771326802.json', '/opt/***/data/minio/AMZN/1771326813.json', '/opt/***/data/minio/AMZN/1771326823.json', '/opt/***/data/minio/AMZN/1771326834.json', '/opt/***/data/minio/AMZN/1771326844.json', '/opt/***/data/minio/AMZN/1771326854.json', '/opt/***/data/minio/AMZN/1771326863.json', '/opt/***/data/minio/AMZN/1771326874.json', '/opt/***/data/minio/AMZN/1771326884.json', '/opt/***/data/minio/AMZN/1771326895.json', '/opt/***/data/minio/AMZN/1771326905.json', '/opt/***/data/minio/AMZN/1771326916.json', '/opt/***/data/minio/AMZN/1771326927.json', '/opt/***/data/minio/AMZN/1771326937.json', '/opt/***/data/minio/AMZN/1771326948.json', '/opt/***/data/minio/AMZN/1771326959.json', '/opt/***/data/minio/AMZN/1771326969.json', '/opt/***/data/minio/AMZN/1771326980.json', '/opt/***/data/minio/AMZN/1771326990.json', '/opt/***/data/minio/AMZN/1771327001.json', '/opt/***/data/minio/AMZN/1771327011.json', '/opt/***/data/minio/AMZN/1771327022.json', '/opt/***/data/minio/AMZN/1771327032.json', '/opt/***/data/minio/AMZN/1771327043.json', '/opt/***/data/minio/AMZN/1771327053.json', '/opt/***/data/minio/AMZN/1771327071.json', '/opt/***/data/minio/AMZN/1771327090.json', '/opt/***/data/minio/AMZN/1771327105.json', '/opt/***/data/minio/AMZN/1771327119.json', '/opt/***/data/minio/AMZN/1771327131.json', '/opt/***/data/minio/AMZN/1771327141.json', '/opt/***/data/minio/AMZN/1771327151.json', '/opt/***/data/minio/AMZN/1771327162.json', '/opt/***/data/minio/AMZN/1771327172.json', '/opt/***/data/minio/AMZN/1771327182.json', '/opt/***/data/minio/AMZN/1771327192.json', '/opt/***/data/minio/AMZN/1771327202.json', '/opt/***/data/minio/AMZN/1771327213.json', '/opt/***/data/minio/AMZN/1771327224.json', '/opt/***/data/minio/AMZN/1771327234.json', '/opt/***/data/minio/AMZN/1771327245.json', '/opt/***/data/minio/AMZN/1771327255.json', '/opt/***/data/minio/AMZN/1771327265.json', '/opt/***/data/minio/AMZN/1771327276.json', '/opt/***/data/minio/AMZN/1771327285.json', '/opt/***/data/minio/AMZN/1771327296.json', '/opt/***/data/minio/AMZN/1771327306.json', '/opt/***/data/minio/AMZN/1771327317.json', '/opt/***/data/minio/AMZN/1771327327.json', '/opt/***/data/minio/AMZN/1771327337.json', '/opt/***/data/minio/AMZN/1771327347.json', '/opt/***/data/minio/AMZN/1771327357.json', '/opt/***/data/minio/AMZN/1771327367.json', '/opt/***/data/minio/AMZN/1771327378.json', '/opt/***/data/minio/AMZN/1771327388.json', '/opt/***/data/minio/AMZN/1771327398.json', '/opt/***/data/minio/AMZN/1771327410.json', '/opt/***/data/minio/AMZN/1771327420.json', '/opt/***/data/minio/AMZN/1771327430.json', '/opt/***/data/minio/AMZN/1771327441.json', '/opt/***/data/minio/AMZN/1771327450.json', '/opt/***/data/minio/AMZN/1771327461.json', '/opt/***/data/minio/AMZN/1771327472.json', '/opt/***/data/minio/AMZN/1771327482.json', '/opt/***/data/minio/AMZN/1771327492.json', '/opt/***/data/minio/AMZN/1771327504.json', '/opt/***/data/minio/AMZN/1771327514.json', '/opt/***/data/minio/AMZN/1771327524.json', '/opt/***/data/minio/AMZN/1771327535.json', '/opt/***/data/minio/AMZN/1771327545.json', '/opt/***/data/minio/AMZN/1771327555.json', '/opt/***/data/minio/AMZN/1771327566.json', '/opt/***/data/minio/AMZN/1771327578.json', '/opt/***/data/minio/AMZN/1771327590.json', '/opt/***/data/minio/AMZN/1771327600.json', '/opt/***/data/minio/AMZN/1771327610.json', '/opt/***/data/minio/AMZN/1771327621.json', '/opt/***/data/minio/AMZN/1771327631.json', '/opt/***/data/minio/AMZN/1771327641.json', '/opt/***/data/minio/AMZN/1771327651.json', '/opt/***/data/minio/AMZN/1771327661.json', '/opt/***/data/minio/AMZN/1771327672.json', '/opt/***/data/minio/AMZN/1771327682.json', '/opt/***/data/minio/AMZN/1771327692.json', '/opt/***/data/minio/AMZN/1771327703.json', '/opt/***/data/minio/AMZN/1771327713.json', '/opt/***/data/minio/AMZN/1771327723.json', '/opt/***/data/minio/AMZN/1771327733.json', '/opt/***/data/minio/AMZN/1771327743.json', '/opt/***/data/minio/AMZN/1771327754.json', '/opt/***/data/minio/AMZN/1771327764.json', '/opt/***/data/minio/AMZN/1771327774.json', '/opt/***/data/minio/AMZN/1771327786.json', '/opt/***/data/minio/AMZN/1771327795.json', '/opt/***/data/minio/AMZN/1771327806.json', '/opt/***/data/minio/AMZN/1771327816.json', '/opt/***/data/minio/AMZN/1771327827.json', '/opt/***/data/minio/AMZN/1771327837.json', '/opt/***/data/minio/AMZN/1771327847.json', '/opt/***/data/minio/AMZN/1771327858.json', '/opt/***/data/minio/AMZN/1771327869.json', '/opt/***/data/minio/AMZN/1771327879.json', '/opt/***/data/minio/AMZN/1771327890.json', '/opt/***/data/minio/AMZN/1771327900.json', '/opt/***/data/minio/AMZN/1771327911.json', '/opt/***/data/minio/AMZN/1771327921.json', '/opt/***/data/minio/AMZN/1771327931.json', '/opt/***/data/minio/AMZN/1771327942.json', '/opt/***/data/minio/AMZN/1771327952.json', '/opt/***/data/minio/AMZN/1771327962.json', '/opt/***/data/minio/AMZN/1771327973.json', '/opt/***/data/minio/AMZN/1771327983.json', '/opt/***/data/minio/AMZN/1771327993.json', '/opt/***/data/minio/AMZN/1771328004.json', '/opt/***/data/minio/AMZN/1771328013.json', '/opt/***/data/minio/AMZN/1771328023.json', '/opt/***/data/minio/AMZN/1771328033.json', '/opt/***/data/minio/AMZN/1771328044.json', '/opt/***/data/minio/AMZN/1771328054.json', '/opt/***/data/minio/AMZN/1771328064.json', '/opt/***/data/minio/AMZN/1771328074.json', '/opt/***/data/minio/AMZN/1771328085.json', '/opt/***/data/minio/AMZN/1771328096.json', '/opt/***/data/minio/AMZN/1771328109.json', '/opt/***/data/minio/AMZN/1771328120.json', '/opt/***/data/minio/AMZN/1771328131.json', '/opt/***/data/minio/AMZN/1771328143.json', '/opt/***/data/minio/AMZN/1771328153.json', '/opt/***/data/minio/AMZN/1771328165.json', '/opt/***/data/minio/AMZN/1771328203.json', '/opt/***/data/minio/AMZN/1771328213.json', '/opt/***/data/minio/AMZN/1771328223.json', '/opt/***/data/minio/AMZN/1771328234.json', '/opt/***/data/minio/AMZN/1771328244.json', '/opt/***/data/minio/AMZN/1771328254.json', '/opt/***/data/minio/AMZN/1771328265.json', '/opt/***/data/minio/AMZN/1771328276.json', '/opt/***/data/minio/AMZN/1771328287.json', '/opt/***/data/minio/AMZN/1771328297.json', '/opt/***/data/minio/AMZN/1771328307.json', '/opt/***/data/minio/AMZN/1771328317.json', '/opt/***/data/minio/AMZN/1771328328.json', '/opt/***/data/minio/AMZN/1771328338.json', '/opt/***/data/minio/AMZN/1771328348.json', '/opt/***/data/minio/AMZN/1771328361.json', '/opt/***/data/minio/AMZN/1771328376.json', '/opt/***/data/minio/AMZN/1771328389.json', '/opt/***/data/minio/AMZN/1771328399.json', '/opt/***/data/minio/AMZN/1771328410.json', '/opt/***/data/minio/AMZN/1771328421.json', '/opt/***/data/minio/AMZN/1771328495.json', '/opt/***/data/minio/AMZN/1771328521.json', '/opt/***/data/minio/AMZN/1771328531.json', '/opt/***/data/minio/AMZN/1771328634.json', '/opt/***/data/minio/AMZN/1771328731.json', '/opt/***/data/minio/AMZN/1771328742.json', '/opt/***/data/minio/AMZN/1771328752.json', '/opt/***/data/minio/AMZN/1771328764.json', '/opt/***/data/minio/AMZN/1771328774.json', '/opt/***/data/minio/AMZN/1771328784.json', '/opt/***/data/minio/AMZN/1771328794.json', '/opt/***/data/minio/AMZN/1771328804.json', '/opt/***/data/minio/AMZN/1771328815.json', '/opt/***/data/minio/AMZN/1771328825.json', '/opt/***/data/minio/AMZN/1771328836.json', '/opt/***/data/minio/AMZN/1771328846.json', '/opt/***/data/minio/AMZN/1771328858.json', '/opt/***/data/minio/AMZN/1771328869.json', '/opt/***/data/minio/AMZN/1771328880.json', '/opt/***/data/minio/AMZN/1771328891.json', '/opt/***/data/minio/AMZN/1771328901.json', '/opt/***/data/minio/AMZN/1771328931.json', '/opt/***/data/minio/AMZN/1771328942.json', '/opt/***/data/minio/AMZN/1771328952.json', '/opt/***/data/minio/AMZN/1771328962.json', '/opt/***/data/minio/AMZN/1771328977.json', '/opt/***/data/minio/AMZN/1771328988.json', '/opt/***/data/minio/AMZN/1771328998.json', '/opt/***/data/minio/AMZN/1771329009.json', '/opt/***/data/minio/AMZN/1771329022.json', '/opt/***/data/minio/AMZN/1771329033.json', '/opt/***/data/minio/AMZN/1771329044.json', '/opt/***/data/minio/AMZN/1771329086.json', '/opt/***/data/minio/AMZN/1771329097.json', '/opt/***/data/minio/AMZN/1771329108.json', '/opt/***/data/minio/AMZN/1771329134.json', '/opt/***/data/minio/AMZN/1771329146.json', '/opt/***/data/minio/AMZN/1771329157.json', '/opt/***/data/minio/AMZN/1771329169.json', '/opt/***/data/minio/AMZN/1771329180.json', '/opt/***/data/minio/AMZN/1771329191.json', '/opt/***/data/minio/AMZN/1771329203.json', '/opt/***/data/minio/AMZN/1771329214.json', '/opt/***/data/minio/AMZN/1771329224.json', '/opt/***/data/minio/AMZN/1771329234.json', '/opt/***/data/minio/AMZN/1771329245.json', '/opt/***/data/minio/AMZN/1771329255.json', '/opt/***/data/minio/AMZN/1771329266.json', '/opt/***/data/minio/AMZN/1771329276.json', '/opt/***/data/minio/AMZN/1771329286.json', '/opt/***/data/minio/AMZN/1771329296.json', '/opt/***/data/minio/AMZN/1771329306.json', '/opt/***/data/minio/AMZN/1771329317.json', '/opt/***/data/minio/AMZN/1771329327.json', '/opt/***/data/minio/AMZN/1771329337.json', '/opt/***/data/minio/AMZN/1771329348.json', '/opt/***/data/minio/AMZN/1771329358.json', '/opt/***/data/minio/AMZN/1771329368.json', '/opt/***/data/minio/AMZN/1771329379.json', '/opt/***/data/minio/AMZN/1771329389.json', '/opt/***/data/minio/AMZN/1771329399.json', '/opt/***/data/minio/AMZN/1771329409.json', '/opt/***/data/minio/AMZN/1771329419.json', '/opt/***/data/minio/AMZN/1771329429.json', '/opt/***/data/minio/AMZN/1771329439.json', '/opt/***/data/minio/AMZN/1771329449.json', '/opt/***/data/minio/AMZN/1771329460.json', '/opt/***/data/minio/AMZN/1771329470.json', '/opt/***/data/minio/AMZN/1771329480.json', '/opt/***/data/minio/AMZN/1771329490.json', '/opt/***/data/minio/AMZN/1771329502.json', '/opt/***/data/minio/AMZN/1771329512.json', '/opt/***/data/minio/AMZN/1771329524.json', '/opt/***/data/minio/AMZN/1771329540.json', '/opt/***/data/minio/AMZN/1771329551.json', '/opt/***/data/minio/AMZN/1771329561.json', '/opt/***/data/minio/AMZN/1771329571.json', '/opt/***/data/minio/AMZN/1771329581.json', '/opt/***/data/minio/AMZN/1771329591.json', '/opt/***/data/minio/AMZN/1771329602.json', '/opt/***/data/minio/AMZN/1771329614.json', '/opt/***/data/minio/AMZN/1771329624.json', '/opt/***/data/minio/AMZN/1771329637.json', '/opt/***/data/minio/AMZN/1771329682.json', '/opt/***/data/minio/AMZN/1771329700.json', '/opt/***/data/minio/AMZN/1771329711.json', '/opt/***/data/minio/AMZN/1771329721.json', '/opt/***/data/minio/AMZN/1771329732.json', '/opt/***/data/minio/AMZN/1771329742.json', '/opt/***/data/minio/AMZN/1771329753.json', '/opt/***/data/minio/AMZN/1771329765.json', '/opt/***/data/minio/AMZN/1771329776.json', '/opt/***/data/minio/AMZN/1771329787.json', '/opt/***/data/minio/AMZN/1771329799.json', '/opt/***/data/minio/AMZN/1771329810.json', '/opt/***/data/minio/AMZN/1771329821.json', '/opt/***/data/minio/AMZN/1771329832.json', '/opt/***/data/minio/AMZN/1771329843.json', '/opt/***/data/minio/AMZN/1771329880.json', '/opt/***/data/minio/AMZN/1771329891.json', '/opt/***/data/minio/AMZN/1771329901.json', '/opt/***/data/minio/AMZN/1771329911.json', '/opt/***/data/minio/AMZN/1771329922.json', '/opt/***/data/minio/AMZN/1771329932.json', '/opt/***/data/minio/AMZN/1771329943.json', '/opt/***/data/minio/AMZN/1771329953.json', '/opt/***/data/minio/AMZN/1771329964.json', '/opt/***/data/minio/AMZN/1771329975.json', '/opt/***/data/minio/AMZN/1771329987.json', '/opt/***/data/minio/AMZN/1771329997.json', '/opt/***/data/minio/AMZN/1771330009.json', '/opt/***/data/minio/AMZN/1771330027.json', '/opt/***/data/minio/AMZN/1771330039.json', '/opt/***/data/minio/AMZN/1771330050.json', '/opt/***/data/minio/AMZN/1771330082.json', '/opt/***/data/minio/AMZN/1771330094.json', '/opt/***/data/minio/AMZN/1771330105.json', '/opt/***/data/minio/AMZN/1771330116.json', '/opt/***/data/minio/AMZN/1771330127.json', '/opt/***/data/minio/AMZN/1771330139.json', '/opt/***/data/minio/AMZN/1771330149.json', '/opt/***/data/minio/AMZN/1771330160.json', '/opt/***/data/minio/AMZN/1771330170.json', '/opt/***/data/minio/AMZN/1771330181.json', '/opt/***/data/minio/AMZN/1771330191.json', '/opt/***/data/minio/AMZN/1771330203.json', '/opt/***/data/minio/AMZN/1771330214.json', '/opt/***/data/minio/AMZN/1771330226.json', '/opt/***/data/minio/AMZN/1771330237.json', '/opt/***/data/minio/AMZN/1771330248.json', '/opt/***/data/minio/AMZN/1771330258.json', '/opt/***/data/minio/AMZN/1771330269.json', '/opt/***/data/minio/AMZN/1771330279.json', '/opt/***/data/minio/AMZN/1771330290.json', '/opt/***/data/minio/AMZN/1771330300.json', '/opt/***/data/minio/AMZN/1771330312.json', '/opt/***/data/minio/AMZN/1771330323.json', '/opt/***/data/minio/AMZN/1771330334.json', '/opt/***/data/minio/AMZN/1771330344.json', '/opt/***/data/minio/AMZN/1771330355.json', '/opt/***/data/minio/AMZN/1771330366.json', '/opt/***/data/minio/AMZN/1771330376.json', '/opt/***/data/minio/AMZN/1771330387.json', '/opt/***/data/minio/AMZN/1771330398.json', '/opt/***/data/minio/AMZN/1771330409.json', '/opt/***/data/minio/AMZN/1771330421.json', '/opt/***/data/minio/AMZN/1771330432.json', '/opt/***/data/minio/AMZN/1771330443.json', '/opt/***/data/minio/AMZN/1771330453.json', '/opt/***/data/minio/AMZN/1771330464.json', '/opt/***/data/minio/AMZN/1771330475.json', '/opt/***/data/minio/AMZN/1771330485.json', '/opt/***/data/minio/AMZN/1771330495.json', '/opt/***/data/minio/AMZN/1771330506.json', '/opt/***/data/minio/AMZN/1771330516.json', '/opt/***/data/minio/AMZN/1771330527.json', '/opt/***/data/minio/AMZN/1771330540.json', '/opt/***/data/minio/AMZN/1771330550.json', '/opt/***/data/minio/AMZN/1771330566.json', '/opt/***/data/minio/AMZN/1771330578.json', '/opt/***/data/minio/AMZN/1771330590.json', '/opt/***/data/minio/AMZN/1771330602.json', '/opt/***/data/minio/AMZN/1771330612.json', '/opt/***/data/minio/AMZN/1771330623.json', '/opt/***/data/minio/AMZN/1771330634.json', '/opt/***/data/minio/AMZN/1771330645.json', '/opt/***/data/minio/AMZN/1771330656.json', '/opt/***/data/minio/AMZN/1771330667.json', '/opt/***/data/minio/AMZN/1771330681.json', '/opt/***/data/minio/AMZN/1771330691.json', '/opt/***/data/minio/AMZN/1771330702.json', '/opt/***/data/minio/AMZN/1771330712.json', '/opt/***/data/minio/AMZN/1771330726.json', '/opt/***/data/minio/AMZN/1771330737.json', '/opt/***/data/minio/AMZN/1771330747.json', '/opt/***/data/minio/AMZN/1771330757.json', '/opt/***/data/minio/AMZN/1771330768.json', '/opt/***/data/minio/AMZN/1771330778.json', '/opt/***/data/minio/AMZN/1771330788.json', '/opt/***/data/minio/AMZN/1771330799.json', '/opt/***/data/minio/AMZN/1771330809.json', '/opt/***/data/minio/AMZN/1771330820.json', '/opt/***/data/minio/AMZN/1771330831.json', '/opt/***/data/minio/AMZN/1771330847.json', '/opt/***/data/minio/AMZN/1771330861.json', '/opt/***/data/minio/AMZN/1771330874.json', '/opt/***/data/minio/AMZN/1771330889.json', '/opt/***/data/minio/AMZN/1771330900.json', '/opt/***/data/minio/AMZN/1771330911.json', '/opt/***/data/minio/AMZN/1771330921.json', '/opt/***/data/minio/AMZN/1771330931.json', '/opt/***/data/minio/AMZN/1771330941.json', '/opt/***/data/minio/AMZN/1771330952.json', '/opt/***/data/minio/AMZN/1771330963.json', '/opt/***/data/minio/AMZN/1771330977.json', '/opt/***/data/minio/AMZN/1771330988.json', '/opt/***/data/minio/AMZN/1771330998.json', '/opt/***/data/minio/AMZN/1771331009.json', '/opt/***/data/minio/AMZN/1771331019.json', '/opt/***/data/minio/AMZN/1771331029.json', '/opt/***/data/minio/AMZN/1771331039.json', '/opt/***/data/minio/AMZN/1771331050.json', '/opt/***/data/minio/AMZN/1771331061.json', '/opt/***/data/minio/AMZN/1771331072.json', '/opt/***/data/minio/AMZN/1771331083.json', '/opt/***/data/minio/AMZN/1771331093.json', '/opt/***/data/minio/AMZN/1771331103.json', '/opt/***/data/minio/AMZN/1771331114.json', '/opt/***/data/minio/AMZN/1771331124.json', '/opt/***/data/minio/AMZN/1771331135.json', '/opt/***/data/minio/AMZN/1771331145.json', '/opt/***/data/minio/AMZN/1771331155.json', '/opt/***/data/minio/AMZN/1771331166.json', '/opt/***/data/minio/AMZN/1771331177.json', '/opt/***/data/minio/AMZN/1771331187.json', '/opt/***/data/minio/AMZN/1771331198.json', '/opt/***/data/minio/AMZN/1771331208.json', '/opt/***/data/minio/AMZN/1771331219.json', '/opt/***/data/minio/AMZN/1771331230.json', '/opt/***/data/minio/AMZN/1771331243.json', '/opt/***/data/minio/AMZN/1771331254.json', '/opt/***/data/minio/AMZN/1771331266.json', '/opt/***/data/minio/AMZN/1771331277.json', '/opt/***/data/minio/AMZN/1771331288.json', '/opt/***/data/minio/AMZN/1771331298.json', '/opt/***/data/minio/AMZN/1771331308.json', '/opt/***/data/minio/AMZN/1771331319.json', '/opt/***/data/minio/AMZN/1771331329.json', '/opt/***/data/minio/AMZN/1771331339.json', '/opt/***/data/minio/AMZN/1771331349.json', '/opt/***/data/minio/AMZN/1771331360.json', '/opt/***/data/minio/AMZN/1771331371.json', '/opt/***/data/minio/AMZN/1771331381.json', '/opt/***/data/minio/AMZN/1771331390.json', '/opt/***/data/minio/AMZN/1771331401.json', '/opt/***/data/minio/AMZN/1771331411.json', '/opt/***/data/minio/AMZN/1771331421.json', '/opt/***/data/minio/AMZN/1771331432.json', '/opt/***/data/minio/AMZN/1771331442.json', '/opt/***/data/minio/GOOGL/1771324934.json', '/opt/***/data/minio/GOOGL/1771324945.json', '/opt/***/data/minio/GOOGL/1771324955.json', '/opt/***/data/minio/GOOGL/1771324965.json', '/opt/***/data/minio/GOOGL/1771324976.json', '/opt/***/data/minio/GOOGL/1771324987.json', '/opt/***/data/minio/GOOGL/1771324998.json', '/opt/***/data/minio/GOOGL/1771325008.json', '/opt/***/data/minio/GOOGL/1771325019.json', '/opt/***/data/minio/GOOGL/1771325030.json', '/opt/***/data/minio/GOOGL/1771325040.json', '/opt/***/data/minio/GOOGL/1771325050.json', '/opt/***/data/minio/GOOGL/1771325061.json', '/opt/***/data/minio/GOOGL/1771325071.json', '/opt/***/data/minio/GOOGL/1771325081.json', '/opt/***/data/minio/GOOGL/1771325092.json', '/opt/***/data/minio/GOOGL/1771325103.json', '/opt/***/data/minio/GOOGL/1771325113.json', '/opt/***/data/minio/GOOGL/1771325123.json', '/opt/***/data/minio/GOOGL/1771325134.json', '/opt/***/data/minio/GOOGL/1771325144.json', '/opt/***/data/minio/GOOGL/1771325155.json', '/opt/***/data/minio/GOOGL/1771325165.json', '/opt/***/data/minio/GOOGL/1771325176.json', '/opt/***/data/minio/GOOGL/1771325186.json', '/opt/***/data/minio/GOOGL/1771325196.json', '/opt/***/data/minio/GOOGL/1771325207.json', '/opt/***/data/minio/GOOGL/1771325217.json', '/opt/***/data/minio/GOOGL/1771325227.json', '/opt/***/data/minio/GOOGL/1771325238.json', '/opt/***/data/minio/GOOGL/1771325249.json', '/opt/***/data/minio/GOOGL/1771325260.json', '/opt/***/data/minio/GOOGL/1771325271.json', '/opt/***/data/minio/GOOGL/1771325281.json', '/opt/***/data/minio/GOOGL/1771325291.json', '/opt/***/data/minio/GOOGL/1771325303.json', '/opt/***/data/minio/GOOGL/1771325336.json', '/opt/***/data/minio/GOOGL/1771325346.json', '/opt/***/data/minio/GOOGL/1771325356.json', '/opt/***/data/minio/GOOGL/1771325366.json', '/opt/***/data/minio/GOOGL/1771325377.json', '/opt/***/data/minio/GOOGL/1771325387.json', '/opt/***/data/minio/GOOGL/1771325399.json', '/opt/***/data/minio/GOOGL/1771325410.json', '/opt/***/data/minio/GOOGL/1771325421.json', '/opt/***/data/minio/GOOGL/1771325433.json', '/opt/***/data/minio/GOOGL/1771325445.json', '/opt/***/data/minio/GOOGL/1771325455.json', '/opt/***/data/minio/GOOGL/1771325466.json', '/opt/***/data/minio/GOOGL/1771325476.json', '/opt/***/data/minio/GOOGL/1771325487.json', '/opt/***/data/minio/GOOGL/1771325498.json', '/opt/***/data/minio/GOOGL/1771325509.json', '/opt/***/data/minio/GOOGL/1771325519.json', '/opt/***/data/minio/GOOGL/1771325530.json', '/opt/***/data/minio/GOOGL/1771325540.json', '/opt/***/data/minio/GOOGL/1771325551.json', '/opt/***/data/minio/GOOGL/1771325561.json', '/opt/***/data/minio/GOOGL/1771325571.json', '/opt/***/data/minio/GOOGL/1771325581.json', '/opt/***/data/minio/GOOGL/1771325591.json', '/opt/***/data/minio/GOOGL/1771325603.json', '/opt/***/data/minio/GOOGL/1771325614.json', '/opt/***/data/minio/GOOGL/1771325624.json', '/opt/***/data/minio/GOOGL/1771325636.json', '/opt/***/data/minio/GOOGL/1771325646.json', '/opt/***/data/minio/GOOGL/1771325657.json', '/opt/***/data/minio/GOOGL/1771325667.json', '/opt/***/data/minio/GOOGL/1771325677.json', '/opt/***/data/minio/GOOGL/1771325688.json', '/opt/***/data/minio/GOOGL/1771325699.json', '/opt/***/data/minio/GOOGL/1771325709.json', '/opt/***/data/minio/GOOGL/1771325720.json', '/opt/***/data/minio/GOOGL/1771325730.json', '/opt/***/data/minio/GOOGL/1771325741.json', '/opt/***/data/minio/GOOGL/1771325752.json', '/opt/***/data/minio/GOOGL/1771325766.json', '/opt/***/data/minio/GOOGL/1771325778.json', '/opt/***/data/minio/GOOGL/1771325790.json', '/opt/***/data/minio/GOOGL/1771325801.json', '/opt/***/data/minio/GOOGL/1771325811.json', '/opt/***/data/minio/GOOGL/1771325822.json', '/opt/***/data/minio/GOOGL/1771325832.json', '/opt/***/data/minio/GOOGL/1771325842.json', '/opt/***/data/minio/GOOGL/1771325855.json', '/opt/***/data/minio/GOOGL/1771325865.json', '/opt/***/data/minio/GOOGL/1771325876.json', '/opt/***/data/minio/GOOGL/1771325888.json', '/opt/***/data/minio/GOOGL/1771325899.json', '/opt/***/data/minio/GOOGL/1771325912.json', '/opt/***/data/minio/GOOGL/1771325923.json', '/opt/***/data/minio/GOOGL/1771325934.json', '/opt/***/data/minio/GOOGL/1771325946.json', '/opt/***/data/minio/GOOGL/1771325959.json', '/opt/***/data/minio/GOOGL/1771325971.json', '/opt/***/data/minio/GOOGL/1771325982.json', '/opt/***/data/minio/GOOGL/1771325993.json', '/opt/***/data/minio/GOOGL/1771326003.json', '/opt/***/data/minio/GOOGL/1771326014.json', '/opt/***/data/minio/GOOGL/1771326025.json', '/opt/***/data/minio/GOOGL/1771326035.json', '/opt/***/data/minio/GOOGL/1771326045.json', '/opt/***/data/minio/GOOGL/1771326056.json', '/opt/***/data/minio/GOOGL/1771326066.json', '/opt/***/data/minio/GOOGL/1771326076.json', '/opt/***/data/minio/GOOGL/1771326086.json', '/opt/***/data/minio/GOOGL/1771326098.json', '/opt/***/data/minio/GOOGL/1771326111.json', '/opt/***/data/minio/GOOGL/1771326125.json', '/opt/***/data/minio/GOOGL/1771326137.json', '/opt/***/data/minio/GOOGL/1771326147.json', '/opt/***/data/minio/GOOGL/1771326159.json', '/opt/***/data/minio/GOOGL/1771326170.json', '/opt/***/data/minio/GOOGL/1771326181.json', '/opt/***/data/minio/GOOGL/1771326192.json', '/opt/***/data/minio/GOOGL/1771326202.json', '/opt/***/data/minio/GOOGL/1771326213.json', '/opt/***/data/minio/GOOGL/1771326223.json', '/opt/***/data/minio/GOOGL/1771326233.json', '/opt/***/data/minio/GOOGL/1771326243.json', '/opt/***/data/minio/GOOGL/1771326253.json', '/opt/***/data/minio/GOOGL/1771326263.json', '/opt/***/data/minio/GOOGL/1771326274.json', '/opt/***/data/minio/GOOGL/1771326284.json', '/opt/***/data/minio/GOOGL/1771326295.json', '/opt/***/data/minio/GOOGL/1771326311.json', '/opt/***/data/minio/GOOGL/1771326322.json', '/opt/***/data/minio/GOOGL/1771326333.json', '/opt/***/data/minio/GOOGL/1771326349.json', '/opt/***/data/minio/GOOGL/1771326360.json', '/opt/***/data/minio/GOOGL/1771326372.json', '/opt/***/data/minio/GOOGL/1771326382.json', '/opt/***/data/minio/GOOGL/1771326393.json', '/opt/***/data/minio/GOOGL/1771326403.json', '/opt/***/data/minio/GOOGL/1771326413.json', '/opt/***/data/minio/GOOGL/1771326424.json', '/opt/***/data/minio/GOOGL/1771326434.json', '/opt/***/data/minio/GOOGL/1771326444.json', '/opt/***/data/minio/GOOGL/1771326454.json', '/opt/***/data/minio/GOOGL/1771326465.json', '/opt/***/data/minio/GOOGL/1771326475.json', '/opt/***/data/minio/GOOGL/1771326485.json', '/opt/***/data/minio/GOOGL/1771326495.json', '/opt/***/data/minio/GOOGL/1771326506.json', '/opt/***/data/minio/GOOGL/1771326516.json', '/opt/***/data/minio/GOOGL/1771326526.json', '/opt/***/data/minio/GOOGL/1771326536.json', '/opt/***/data/minio/GOOGL/1771326547.json', '/opt/***/data/minio/GOOGL/1771326556.json', '/opt/***/data/minio/GOOGL/1771326567.json', '/opt/***/data/minio/GOOGL/1771326577.json', '/opt/***/data/minio/GOOGL/1771326587.json', '/opt/***/data/minio/GOOGL/1771326597.json', '/opt/***/data/minio/GOOGL/1771326607.json', '/opt/***/data/minio/GOOGL/1771326617.json', '/opt/***/data/minio/GOOGL/1771326627.json', '/opt/***/data/minio/GOOGL/1771326638.json', '/opt/***/data/minio/GOOGL/1771326647.json', '/opt/***/data/minio/GOOGL/1771326658.json', '/opt/***/data/minio/GOOGL/1771326668.json', '/opt/***/data/minio/GOOGL/1771326678.json', '/opt/***/data/minio/GOOGL/1771326689.json', '/opt/***/data/minio/GOOGL/1771326699.json', '/opt/***/data/minio/GOOGL/1771326709.json', '/opt/***/data/minio/GOOGL/1771326720.json', '/opt/***/data/minio/GOOGL/1771326730.json', '/opt/***/data/minio/GOOGL/1771326740.json', '/opt/***/data/minio/GOOGL/1771326750.json', '/opt/***/data/minio/GOOGL/1771326760.json', '/opt/***/data/minio/GOOGL/1771326771.json', '/opt/***/data/minio/GOOGL/1771326781.json', '/opt/***/data/minio/GOOGL/1771326791.json', '/opt/***/data/minio/GOOGL/1771326801.json', '/opt/***/data/minio/GOOGL/1771326811.json', '/opt/***/data/minio/GOOGL/1771326821.json', '/opt/***/data/minio/GOOGL/1771326832.json', '/opt/***/data/minio/GOOGL/1771326842.json', '/opt/***/data/minio/GOOGL/1771326852.json', '/opt/***/data/minio/GOOGL/1771326862.json', '/opt/***/data/minio/GOOGL/1771326873.json', '/opt/***/data/minio/GOOGL/1771326883.json', '/opt/***/data/minio/GOOGL/1771326893.json', '/opt/***/data/minio/GOOGL/1771326903.json', '/opt/***/data/minio/GOOGL/1771326914.json', '/opt/***/data/minio/GOOGL/1771326925.json', '/opt/***/data/minio/GOOGL/1771326936.json', '/opt/***/data/minio/GOOGL/1771326947.json', '/opt/***/data/minio/GOOGL/1771326957.json', '/opt/***/data/minio/GOOGL/1771326967.json', '/opt/***/data/minio/GOOGL/1771326978.json', '/opt/***/data/minio/GOOGL/1771326988.json', '/opt/***/data/minio/GOOGL/1771326999.json', '/opt/***/data/minio/GOOGL/1771327010.json', '/opt/***/data/minio/GOOGL/1771327020.json', '/opt/***/data/minio/GOOGL/1771327030.json', '/opt/***/data/minio/GOOGL/1771327041.json', '/opt/***/data/minio/GOOGL/1771327051.json', '/opt/***/data/minio/GOOGL/1771327063.json', '/opt/***/data/minio/GOOGL/1771327086.json', '/opt/***/data/minio/GOOGL/1771327101.json', '/opt/***/data/minio/GOOGL/1771327116.json', '/opt/***/data/minio/GOOGL/1771327129.json', '/opt/***/data/minio/GOOGL/1771327139.json', '/opt/***/data/minio/GOOGL/1771327150.json', '/opt/***/data/minio/GOOGL/1771327160.json', '/opt/***/data/minio/GOOGL/1771327170.json', '/opt/***/data/minio/GOOGL/1771327180.json', '/opt/***/data/minio/GOOGL/1771327190.json', '/opt/***/data/minio/GOOGL/1771327200.json', '/opt/***/data/minio/GOOGL/1771327211.json', '/opt/***/data/minio/GOOGL/1771327222.json', '/opt/***/data/minio/GOOGL/1771327232.json', '/opt/***/data/minio/GOOGL/1771327242.json', '/opt/***/data/minio/GOOGL/1771327254.json', '/opt/***/data/minio/GOOGL/1771327264.json', '/opt/***/data/minio/GOOGL/1771327274.json', '/opt/***/data/minio/GOOGL/1771327284.json', '/opt/***/data/minio/GOOGL/1771327294.json', '/opt/***/data/minio/GOOGL/1771327304.json', '/opt/***/data/minio/GOOGL/1771327315.json', '/opt/***/data/minio/GOOGL/1771327325.json', '/opt/***/data/minio/GOOGL/1771327336.json', '/opt/***/data/minio/GOOGL/1771327346.json', '/opt/***/data/minio/GOOGL/1771327356.json', '/opt/***/data/minio/GOOGL/1771327365.json', '/opt/***/data/minio/GOOGL/1771327375.json', '/opt/***/data/minio/GOOGL/1771327386.json', '/opt/***/data/minio/GOOGL/1771327397.json', '/opt/***/data/minio/GOOGL/1771327408.json', '/opt/***/data/minio/GOOGL/1771327418.json', '/opt/***/data/minio/GOOGL/1771327429.json', '/opt/***/data/minio/GOOGL/1771327439.json', '/opt/***/data/minio/GOOGL/1771327449.json', '/opt/***/data/minio/GOOGL/1771327459.json', '/opt/***/data/minio/GOOGL/1771327470.json', '/opt/***/data/minio/GOOGL/1771327480.json', '/opt/***/data/minio/GOOGL/1771327491.json', '/opt/***/data/minio/GOOGL/1771327501.json', '/opt/***/data/minio/GOOGL/1771327512.json', '/opt/***/data/minio/GOOGL/1771327522.json', '/opt/***/data/minio/GOOGL/1771327533.json', '/opt/***/data/minio/GOOGL/1771327543.json', '/opt/***/data/minio/GOOGL/1771327554.json', '/opt/***/data/minio/GOOGL/1771327564.json', '/opt/***/data/minio/GOOGL/1771327576.json', '/opt/***/data/minio/GOOGL/1771327588.json', '/opt/***/data/minio/GOOGL/1771327599.json', '/opt/***/data/minio/GOOGL/1771327609.json', '/opt/***/data/minio/GOOGL/1771327619.json', '/opt/***/data/minio/GOOGL/1771327629.json', '/opt/***/data/minio/GOOGL/1771327640.json', '/opt/***/data/minio/GOOGL/1771327649.json', '/opt/***/data/minio/GOOGL/1771327660.json', '/opt/***/data/minio/GOOGL/1771327670.json', '/opt/***/data/minio/GOOGL/1771327680.json', '/opt/***/data/minio/GOOGL/1771327691.json', '/opt/***/data/minio/GOOGL/1771327701.json', '/opt/***/data/minio/GOOGL/1771327711.json', '/opt/***/data/minio/GOOGL/1771327721.json', '/opt/***/data/minio/GOOGL/1771327731.json', '/opt/***/data/minio/GOOGL/1771327741.json', '/opt/***/data/minio/GOOGL/1771327752.json', '/opt/***/data/minio/GOOGL/1771327763.json', '/opt/***/data/minio/GOOGL/1771327772.json', '/opt/***/data/minio/GOOGL/1771327784.json', '/opt/***/data/minio/GOOGL/1771327794.json', '/opt/***/data/minio/GOOGL/1771327804.json', '/opt/***/data/minio/GOOGL/1771327814.json', '/opt/***/data/minio/GOOGL/1771327824.json', '/opt/***/data/minio/GOOGL/1771327835.json', '/opt/***/data/minio/GOOGL/1771327846.json', '/opt/***/data/minio/GOOGL/1771327856.json', '/opt/***/data/minio/GOOGL/1771327867.json', '/opt/***/data/minio/GOOGL/1771327878.json', '/opt/***/data/minio/GOOGL/1771327889.json', '/opt/***/data/minio/GOOGL/1771327899.json', '/opt/***/data/minio/GOOGL/1771327909.json', '/opt/***/data/minio/GOOGL/1771327919.json', '/opt/***/data/minio/GOOGL/1771327929.json', '/opt/***/data/minio/GOOGL/1771327940.json', '/opt/***/data/minio/GOOGL/1771327950.json', '/opt/***/data/minio/GOOGL/1771327960.json', '/opt/***/data/minio/GOOGL/1771327971.json', '/opt/***/data/minio/GOOGL/1771327981.json', '/opt/***/data/minio/GOOGL/1771327991.json', '/opt/***/data/minio/GOOGL/1771328002.json', '/opt/***/data/minio/GOOGL/1771328012.json', '/opt/***/data/minio/GOOGL/1771328022.json', '/opt/***/data/minio/GOOGL/1771328032.json', '/opt/***/data/minio/GOOGL/1771328042.json', '/opt/***/data/minio/GOOGL/1771328053.json', '/opt/***/data/minio/GOOGL/1771328063.json', '/opt/***/data/minio/GOOGL/1771328073.json', '/opt/***/data/minio/GOOGL/1771328083.json', '/opt/***/data/minio/GOOGL/1771328094.json', '/opt/***/data/minio/GOOGL/1771328107.json', '/opt/***/data/minio/GOOGL/1771328118.json', '/opt/***/data/minio/GOOGL/1771328129.json', '/opt/***/data/minio/GOOGL/1771328141.json', '/opt/***/data/minio/GOOGL/1771328151.json', '/opt/***/data/minio/GOOGL/1771328163.json', '/opt/***/data/minio/GOOGL/1771328187.json', '/opt/***/data/minio/GOOGL/1771328211.json', '/opt/***/data/minio/GOOGL/1771328221.json', '/opt/***/data/minio/GOOGL/1771328232.json', '/opt/***/data/minio/GOOGL/1771328242.json', '/opt/***/data/minio/GOOGL/1771328253.json', '/opt/***/data/minio/GOOGL/1771328263.json', '/opt/***/data/minio/GOOGL/1771328273.json', '/opt/***/data/minio/GOOGL/1771328285.json', '/opt/***/data/minio/GOOGL/1771328295.json', '/opt/***/data/minio/GOOGL/1771328305.json', '/opt/***/data/minio/GOOGL/1771328316.json', '/opt/***/data/minio/GOOGL/1771328326.json', '/opt/***/data/minio/GOOGL/1771328336.json', '/opt/***/data/minio/GOOGL/1771328346.json', '/opt/***/data/minio/GOOGL/1771328359.json', '/opt/***/data/minio/GOOGL/1771328375.json', '/opt/***/data/minio/GOOGL/1771328387.json', '/opt/***/data/minio/GOOGL/1771328398.json', '/opt/***/data/minio/GOOGL/1771328408.json', '/opt/***/data/minio/GOOGL/1771328419.json', '/opt/***/data/minio/GOOGL/1771328457.json', '/opt/***/data/minio/GOOGL/1771328519.json', '/opt/***/data/minio/GOOGL/1771328530.json', '/opt/***/data/minio/GOOGL/1771328572.json', '/opt/***/data/minio/GOOGL/1771328729.json', '/opt/***/data/minio/GOOGL/1771328741.json', '/opt/***/data/minio/GOOGL/1771328751.json', '/opt/***/data/minio/GOOGL/1771328761.json', '/opt/***/data/minio/GOOGL/1771328772.json', '/opt/***/data/minio/GOOGL/1771328782.json', '/opt/***/data/minio/GOOGL/1771328793.json', '/opt/***/data/minio/GOOGL/1771328803.json', '/opt/***/data/minio/GOOGL/1771328813.json', '/opt/***/data/minio/GOOGL/1771328823.json', '/opt/***/data/minio/GOOGL/1771328834.json', '/opt/***/data/minio/GOOGL/1771328845.json', '/opt/***/data/minio/GOOGL/1771328855.json', '/opt/***/data/minio/GOOGL/1771328867.json', '/opt/***/data/minio/GOOGL/1771328878.json', '/opt/***/data/minio/GOOGL/1771328889.json', '/opt/***/data/minio/GOOGL/1771328900.json', '/opt/***/data/minio/GOOGL/1771328930.json', '/opt/***/data/minio/GOOGL/1771328940.json', '/opt/***/data/minio/GOOGL/1771328950.json', '/opt/***/data/minio/GOOGL/1771328961.json', '/opt/***/data/minio/GOOGL/1771328976.json', '/opt/***/data/minio/GOOGL/1771328986.json', '/opt/***/data/minio/GOOGL/1771328996.json', '/opt/***/data/minio/GOOGL/1771329007.json', '/opt/***/data/minio/GOOGL/1771329021.json', '/opt/***/data/minio/GOOGL/1771329031.json', '/opt/***/data/minio/GOOGL/1771329042.json', '/opt/***/data/minio/GOOGL/1771329084.json', '/opt/***/data/minio/GOOGL/1771329095.json', '/opt/***/data/minio/GOOGL/1771329106.json', '/opt/***/data/minio/GOOGL/1771329133.json', '/opt/***/data/minio/GOOGL/1771329144.json', '/opt/***/data/minio/GOOGL/1771329155.json', '/opt/***/data/minio/GOOGL/1771329166.json', '/opt/***/data/minio/GOOGL/1771329178.json', '/opt/***/data/minio/GOOGL/1771329189.json', '/opt/***/data/minio/GOOGL/1771329200.json', '/opt/***/data/minio/GOOGL/1771329212.json', '/opt/***/data/minio/GOOGL/1771329222.json', '/opt/***/data/minio/GOOGL/1771329233.json', '/opt/***/data/minio/GOOGL/1771329243.json', '/opt/***/data/minio/GOOGL/1771329253.json', '/opt/***/data/minio/GOOGL/1771329264.json', '/opt/***/data/minio/GOOGL/1771329274.json', '/opt/***/data/minio/GOOGL/1771329284.json', '/opt/***/data/minio/GOOGL/1771329294.json', '/opt/***/data/minio/GOOGL/1771329304.json', '/opt/***/data/minio/GOOGL/1771329315.json', '/opt/***/data/minio/GOOGL/1771329325.json', '/opt/***/data/minio/GOOGL/1771329336.json', '/opt/***/data/minio/GOOGL/1771329346.json', '/opt/***/data/minio/GOOGL/1771329356.json', '/opt/***/data/minio/GOOGL/1771329366.json', '/opt/***/data/minio/GOOGL/1771329377.json', '/opt/***/data/minio/GOOGL/1771329387.json', '/opt/***/data/minio/GOOGL/1771329397.json', '/opt/***/data/minio/GOOGL/1771329408.json', '/opt/***/data/minio/GOOGL/1771329418.json', '/opt/***/data/minio/GOOGL/1771329428.json', '/opt/***/data/minio/GOOGL/1771329437.json', '/opt/***/data/minio/GOOGL/1771329447.json', '/opt/***/data/minio/GOOGL/1771329458.json', '/opt/***/data/minio/GOOGL/1771329468.json', '/opt/***/data/minio/GOOGL/1771329479.json', '/opt/***/data/minio/GOOGL/1771329488.json', '/opt/***/data/minio/GOOGL/1771329500.json', '/opt/***/data/minio/GOOGL/1771329511.json', '/opt/***/data/minio/GOOGL/1771329521.json', '/opt/***/data/minio/GOOGL/1771329538.json', '/opt/***/data/minio/GOOGL/1771329550.json', '/opt/***/data/minio/GOOGL/1771329560.json', '/opt/***/data/minio/GOOGL/1771329570.json', '/opt/***/data/minio/GOOGL/1771329579.json', '/opt/***/data/minio/GOOGL/1771329589.json', '/opt/***/data/minio/GOOGL/1771329600.json', '/opt/***/data/minio/GOOGL/1771329612.json', '/opt/***/data/minio/GOOGL/1771329623.json', '/opt/***/data/minio/GOOGL/1771329633.json', '/opt/***/data/minio/GOOGL/1771329674.json', '/opt/***/data/minio/GOOGL/1771329698.json', '/opt/***/data/minio/GOOGL/1771329709.json', '/opt/***/data/minio/GOOGL/1771329719.json', '/opt/***/data/minio/GOOGL/1771329730.json', '/opt/***/data/minio/GOOGL/1771329740.json', '/opt/***/data/minio/GOOGL/1771329751.json', '/opt/***/data/minio/GOOGL/1771329762.json', '/opt/***/data/minio/GOOGL/1771329774.json', '/opt/***/data/minio/GOOGL/1771329785.json', '/opt/***/data/minio/GOOGL/1771329797.json', '/opt/***/data/minio/GOOGL/1771329808.json', '/opt/***/data/minio/GOOGL/1771329819.json', '/opt/***/data/minio/GOOGL/1771329830.json', '/opt/***/data/minio/GOOGL/1771329841.json', '/opt/***/data/minio/GOOGL/1771329853.json', '/opt/***/data/minio/GOOGL/1771329889.json', '/opt/***/data/minio/GOOGL/1771329899.json', '/opt/***/data/minio/GOOGL/1771329909.json', '/opt/***/data/minio/GOOGL/1771329920.json', '/opt/***/data/minio/GOOGL/1771329930.json', '/opt/***/data/minio/GOOGL/1771329941.json', '/opt/***/data/minio/GOOGL/1771329952.json', '/opt/***/data/minio/GOOGL/1771329962.json', '/opt/***/data/minio/GOOGL/1771329973.json', '/opt/***/data/minio/GOOGL/1771329984.json', '/opt/***/data/minio/GOOGL/1771329995.json', '/opt/***/data/minio/GOOGL/1771330006.json', '/opt/***/data/minio/GOOGL/1771330025.json', '/opt/***/data/minio/GOOGL/1771330037.json', '/opt/***/data/minio/GOOGL/1771330048.json', '/opt/***/data/minio/GOOGL/1771330060.json', '/opt/***/data/minio/GOOGL/1771330092.json', '/opt/***/data/minio/GOOGL/1771330103.json', '/opt/***/data/minio/GOOGL/1771330114.json', '/opt/***/data/minio/GOOGL/1771330126.json', '/opt/***/data/minio/GOOGL/1771330137.json', '/opt/***/data/minio/GOOGL/1771330147.json', '/opt/***/data/minio/GOOGL/1771330158.json', '/opt/***/data/minio/GOOGL/1771330169.json', '/opt/***/data/minio/GOOGL/1771330179.json', '/opt/***/data/minio/GOOGL/1771330190.json', '/opt/***/data/minio/GOOGL/1771330201.json', '/opt/***/data/minio/GOOGL/1771330212.json', '/opt/***/data/minio/GOOGL/1771330223.json', '/opt/***/data/minio/GOOGL/1771330235.json', '/opt/***/data/minio/GOOGL/1771330246.json', '/opt/***/data/minio/GOOGL/1771330256.json', '/opt/***/data/minio/GOOGL/1771330267.json', '/opt/***/data/minio/GOOGL/1771330278.json', '/opt/***/data/minio/GOOGL/1771330288.json', '/opt/***/data/minio/GOOGL/1771330298.json', '/opt/***/data/minio/GOOGL/1771330309.json', '/opt/***/data/minio/GOOGL/1771330320.json', '/opt/***/data/minio/GOOGL/1771330332.json', '/opt/***/data/minio/GOOGL/1771330342.json', '/opt/***/data/minio/GOOGL/1771330353.json', '/opt/***/data/minio/GOOGL/1771330364.json', '/opt/***/data/minio/GOOGL/1771330375.json', '/opt/***/data/minio/GOOGL/1771330385.json', '/opt/***/data/minio/GOOGL/1771330396.json', '/opt/***/data/minio/GOOGL/1771330407.json', '/opt/***/data/minio/GOOGL/1771330420.json', '/opt/***/data/minio/GOOGL/1771330430.json', '/opt/***/data/minio/GOOGL/1771330441.json', '/opt/***/data/minio/GOOGL/1771330451.json', '/opt/***/data/minio/GOOGL/1771330462.json', '/opt/***/data/minio/GOOGL/1771330473.json', '/opt/***/data/minio/GOOGL/1771330483.json', '/opt/***/data/minio/GOOGL/1771330493.json', '/opt/***/data/minio/GOOGL/1771330504.json', '/opt/***/data/minio/GOOGL/1771330515.json', '/opt/***/data/minio/GOOGL/1771330525.json', '/opt/***/data/minio/GOOGL/1771330537.json', '/opt/***/data/minio/GOOGL/1771330548.json', '/opt/***/data/minio/GOOGL/1771330561.json', '/opt/***/data/minio/GOOGL/1771330576.json', '/opt/***/data/minio/GOOGL/1771330588.json', '/opt/***/data/minio/GOOGL/1771330600.json', '/opt/***/data/minio/GOOGL/1771330611.json', '/opt/***/data/minio/GOOGL/1771330621.json', '/opt/***/data/minio/GOOGL/1771330632.json', '/opt/***/data/minio/GOOGL/1771330643.json', '/opt/***/data/minio/GOOGL/1771330654.json', '/opt/***/data/minio/GOOGL/1771330665.json', '/opt/***/data/minio/GOOGL/1771330678.json', '/opt/***/data/minio/GOOGL/1771330689.json', '/opt/***/data/minio/GOOGL/1771330700.json', '/opt/***/data/minio/GOOGL/1771330711.json', '/opt/***/data/minio/GOOGL/1771330724.json', '/opt/***/data/minio/GOOGL/1771330735.json', '/opt/***/data/minio/GOOGL/1771330745.json', '/opt/***/data/minio/GOOGL/1771330755.json', '/opt/***/data/minio/GOOGL/1771330766.json', '/opt/***/data/minio/GOOGL/1771330776.json', '/opt/***/data/minio/GOOGL/1771330786.json', '/opt/***/data/minio/GOOGL/1771330797.json', '/opt/***/data/minio/GOOGL/1771330808.json', '/opt/***/data/minio/GOOGL/1771330818.json', '/opt/***/data/minio/GOOGL/1771330829.json', '/opt/***/data/minio/GOOGL/1771330843.json', '/opt/***/data/minio/GOOGL/1771330858.json', '/opt/***/data/minio/GOOGL/1771330871.json', '/opt/***/data/minio/GOOGL/1771330886.json', '/opt/***/data/minio/GOOGL/1771330899.json', '/opt/***/data/minio/GOOGL/1771330909.json', '/opt/***/data/minio/GOOGL/1771330919.json', '/opt/***/data/minio/GOOGL/1771330930.json', '/opt/***/data/minio/GOOGL/1771330940.json', '/opt/***/data/minio/GOOGL/1771330951.json', '/opt/***/data/minio/GOOGL/1771330961.json', '/opt/***/data/minio/GOOGL/1771330976.json', '/opt/***/data/minio/GOOGL/1771330986.json', '/opt/***/data/minio/GOOGL/1771330997.json', '/opt/***/data/minio/GOOGL/1771331007.json', '/opt/***/data/minio/GOOGL/1771331017.json', '/opt/***/data/minio/GOOGL/1771331027.json', '/opt/***/data/minio/GOOGL/1771331037.json', '/opt/***/data/minio/GOOGL/1771331048.json', '/opt/***/data/minio/GOOGL/1771331059.json', '/opt/***/data/minio/GOOGL/1771331070.json', '/opt/***/data/minio/GOOGL/1771331082.json', '/opt/***/data/minio/GOOGL/1771331092.json', '/opt/***/data/minio/GOOGL/1771331102.json', '/opt/***/data/minio/GOOGL/1771331112.json', '/opt/***/data/minio/GOOGL/1771331123.json', '/opt/***/data/minio/GOOGL/1771331133.json', '/opt/***/data/minio/GOOGL/1771331144.json', '/opt/***/data/minio/GOOGL/1771331154.json', '/opt/***/data/minio/GOOGL/1771331164.json', '/opt/***/data/minio/GOOGL/1771331175.json', '/opt/***/data/minio/GOOGL/1771331185.json', '/opt/***/data/minio/GOOGL/1771331196.json', '/opt/***/data/minio/GOOGL/1771331206.json', '/opt/***/data/minio/GOOGL/1771331217.json', '/opt/***/data/minio/GOOGL/1771331228.json', '/opt/***/data/minio/GOOGL/1771331239.json', '/opt/***/data/minio/GOOGL/1771331251.json', '/opt/***/data/minio/GOOGL/1771331264.json', '/opt/***/data/minio/GOOGL/1771331275.json', '/opt/***/data/minio/GOOGL/1771331286.json', '/opt/***/data/minio/GOOGL/1771331296.json', '/opt/***/data/minio/GOOGL/1771331307.json', '/opt/***/data/minio/GOOGL/1771331317.json', '/opt/***/data/minio/GOOGL/1771331327.json', '/opt/***/data/minio/GOOGL/1771331337.json', '/opt/***/data/minio/GOOGL/1771331348.json', '/opt/***/data/minio/GOOGL/1771331358.json', '/opt/***/data/minio/GOOGL/1771331369.json', '/opt/***/data/minio/GOOGL/1771331379.json', '/opt/***/data/minio/GOOGL/1771331389.json', '/opt/***/data/minio/GOOGL/1771331399.json', '/opt/***/data/minio/GOOGL/1771331409.json', '/opt/***/data/minio/GOOGL/1771331420.json', '/opt/***/data/minio/GOOGL/1771331430.json', '/opt/***/data/minio/GOOGL/1771331440.json', '/opt/***/data/minio/MSFT/1771324933.json', '/opt/***/data/minio/MSFT/1771324944.json', '/opt/***/data/minio/MSFT/1771324954.json', '/opt/***/data/minio/MSFT/1771324965.json', '/opt/***/data/minio/MSFT/1771324975.json', '/opt/***/data/minio/MSFT/1771324986.json', '/opt/***/data/minio/MSFT/1771324997.json', '/opt/***/data/minio/MSFT/1771325008.json', '/opt/***/data/minio/MSFT/1771325018.json', '/opt/***/data/minio/MSFT/1771325029.json', '/opt/***/data/minio/MSFT/1771325039.json', '/opt/***/data/minio/MSFT/1771325050.json', '/opt/***/data/minio/MSFT/1771325060.json', '/opt/***/data/minio/MSFT/1771325070.json', '/opt/***/data/minio/MSFT/1771325080.json', '/opt/***/data/minio/MSFT/1771325091.json', '/opt/***/data/minio/MSFT/1771325102.json', '/opt/***/data/minio/MSFT/1771325113.json', '/opt/***/data/minio/MSFT/1771325123.json', '/opt/***/data/minio/MSFT/1771325133.json', '/opt/***/data/minio/MSFT/1771325143.json', '/opt/***/data/minio/MSFT/1771325154.json', '/opt/***/data/minio/MSFT/1771325164.json', '/opt/***/data/minio/MSFT/1771325175.json', '/opt/***/data/minio/MSFT/1771325185.json', '/opt/***/data/minio/MSFT/1771325195.json', '/opt/***/data/minio/MSFT/1771325206.json', '/opt/***/data/minio/MSFT/1771325216.json', '/opt/***/data/minio/MSFT/1771325226.json', '/opt/***/data/minio/MSFT/1771325237.json', '/opt/***/data/minio/MSFT/1771325248.json', '/opt/***/data/minio/MSFT/1771325258.json', '/opt/***/data/minio/MSFT/1771325270.json', '/opt/***/data/minio/MSFT/1771325280.json', '/opt/***/data/minio/MSFT/1771325290.json', '/opt/***/data/minio/MSFT/1771325301.json', '/opt/***/data/minio/MSFT/1771325335.json', '/opt/***/data/minio/MSFT/1771325345.json', '/opt/***/data/minio/MSFT/1771325355.json', '/opt/***/data/minio/MSFT/1771325366.json', '/opt/***/data/minio/MSFT/1771325376.json', '/opt/***/data/minio/MSFT/1771325386.json', '/opt/***/data/minio/MSFT/1771325398.json', '/opt/***/data/minio/MSFT/1771325409.json', '/opt/***/data/minio/MSFT/1771325420.json', '/opt/***/data/minio/MSFT/1771325432.json', '/opt/***/data/minio/MSFT/1771325444.json', '/opt/***/data/minio/MSFT/1771325455.json', '/opt/***/data/minio/MSFT/1771325465.json', '/opt/***/data/minio/MSFT/1771325475.json', '/opt/***/data/minio/MSFT/1771325486.json', '/opt/***/data/minio/MSFT/1771325497.json', '/opt/***/data/minio/MSFT/1771325508.json', '/opt/***/data/minio/MSFT/1771325518.json', '/opt/***/data/minio/MSFT/1771325529.json', '/opt/***/data/minio/MSFT/1771325539.json', '/opt/***/data/minio/MSFT/1771325550.json', '/opt/***/data/minio/MSFT/1771325560.json', '/opt/***/data/minio/MSFT/1771325570.json', '/opt/***/data/minio/MSFT/1771325580.json', '/opt/***/data/minio/MSFT/1771325590.json', '/opt/***/data/minio/MSFT/1771325601.json', '/opt/***/data/minio/MSFT/1771325613.json', '/opt/***/data/minio/MSFT/1771325624.json', '/opt/***/data/minio/MSFT/1771325634.json', '/opt/***/data/minio/MSFT/1771325645.json', '/opt/***/data/minio/MSFT/1771325656.json', '/opt/***/data/minio/MSFT/1771325666.json', '/opt/***/data/minio/MSFT/1771325677.json', '/opt/***/data/minio/MSFT/1771325687.json', '/opt/***/data/minio/MSFT/1771325698.json', '/opt/***/data/minio/MSFT/1771325708.json', '/opt/***/data/minio/MSFT/1771325719.json', '/opt/***/data/minio/MSFT/1771325730.json', '/opt/***/data/minio/MSFT/1771325740.json', '/opt/***/data/minio/MSFT/1771325751.json', '/opt/***/data/minio/MSFT/1771325777.json', '/opt/***/data/minio/MSFT/1771325788.json', '/opt/***/data/minio/MSFT/1771325801.json', '/opt/***/data/minio/MSFT/1771325811.json', '/opt/***/data/minio/MSFT/1771325821.json', '/opt/***/data/minio/MSFT/1771325831.json', '/opt/***/data/minio/MSFT/1771325841.json', '/opt/***/data/minio/MSFT/1771325853.json', '/opt/***/data/minio/MSFT/1771325864.json', '/opt/***/data/minio/MSFT/1771325875.json', '/opt/***/data/minio/MSFT/1771325887.json', '/opt/***/data/minio/MSFT/1771325899.json', '/opt/***/data/minio/MSFT/1771325911.json', '/opt/***/data/minio/MSFT/1771325922.json', '/opt/***/data/minio/MSFT/1771325933.json', '/opt/***/data/minio/MSFT/1771325945.json', '/opt/***/data/minio/MSFT/1771325956.json', '/opt/***/data/minio/MSFT/1771325970.json', '/opt/***/data/minio/MSFT/1771325981.json', '/opt/***/data/minio/MSFT/1771325992.json', '/opt/***/data/minio/MSFT/1771326003.json', '/opt/***/data/minio/MSFT/1771326013.json', '/opt/***/data/minio/MSFT/1771326024.json', '/opt/***/data/minio/MSFT/1771326035.json', '/opt/***/data/minio/MSFT/1771326045.json', '/opt/***/data/minio/MSFT/1771326055.json', '/opt/***/data/minio/MSFT/1771326065.json', '/opt/***/data/minio/MSFT/1771326075.json', '/opt/***/data/minio/MSFT/1771326085.json', '/opt/***/data/minio/MSFT/1771326096.json', '/opt/***/data/minio/MSFT/1771326108.json', '/opt/***/data/minio/MSFT/1771326123.json', '/opt/***/data/minio/MSFT/1771326136.json', '/opt/***/data/minio/MSFT/1771326146.json', '/opt/***/data/minio/MSFT/1771326158.json', '/opt/***/data/minio/MSFT/1771326169.json', '/opt/***/data/minio/MSFT/1771326180.json', '/opt/***/data/minio/MSFT/1771326191.json', '/opt/***/data/minio/MSFT/1771326202.json', '/opt/***/data/minio/MSFT/1771326212.json', '/opt/***/data/minio/MSFT/1771326222.json', '/opt/***/data/minio/MSFT/1771326232.json', '/opt/***/data/minio/MSFT/1771326243.json', '/opt/***/data/minio/MSFT/1771326252.json', '/opt/***/data/minio/MSFT/1771326263.json', '/opt/***/data/minio/MSFT/1771326273.json', '/opt/***/data/minio/MSFT/1771326283.json', '/opt/***/data/minio/MSFT/1771326294.json', '/opt/***/data/minio/MSFT/1771326310.json', '/opt/***/data/minio/MSFT/1771326321.json', '/opt/***/data/minio/MSFT/1771326332.json', '/opt/***/data/minio/MSFT/1771326348.json', '/opt/***/data/minio/MSFT/1771326359.json', '/opt/***/data/minio/MSFT/1771326371.json', '/opt/***/data/minio/MSFT/1771326382.json', '/opt/***/data/minio/MSFT/1771326392.json', '/opt/***/data/minio/MSFT/1771326402.json', '/opt/***/data/minio/MSFT/1771326412.json', '/opt/***/data/minio/MSFT/1771326423.json', '/opt/***/data/minio/MSFT/1771326433.json', '/opt/***/data/minio/MSFT/1771326443.json', '/opt/***/data/minio/MSFT/1771326453.json', '/opt/***/data/minio/MSFT/1771326464.json', '/opt/***/data/minio/MSFT/1771326474.json', '/opt/***/data/minio/MSFT/1771326484.json', '/opt/***/data/minio/MSFT/1771326494.json', '/opt/***/data/minio/MSFT/1771326505.json', '/opt/***/data/minio/MSFT/1771326515.json', '/opt/***/data/minio/MSFT/1771326526.json', '/opt/***/data/minio/MSFT/1771326535.json', '/opt/***/data/minio/MSFT/1771326546.json', '/opt/***/data/minio/MSFT/1771326556.json', '/opt/***/data/minio/MSFT/1771326567.json', '/opt/***/data/minio/MSFT/1771326576.json', '/opt/***/data/minio/MSFT/1771326586.json', '/opt/***/data/minio/MSFT/1771326596.json', '/opt/***/data/minio/MSFT/1771326606.json', '/opt/***/data/minio/MSFT/1771326616.json', '/opt/***/data/minio/MSFT/1771326627.json', '/opt/***/data/minio/MSFT/1771326637.json', '/opt/***/data/minio/MSFT/1771326647.json', '/opt/***/data/minio/MSFT/1771326657.json', '/opt/***/data/minio/MSFT/1771326667.json', '/opt/***/data/minio/MSFT/1771326678.json', '/opt/***/data/minio/MSFT/1771326688.json', '/opt/***/data/minio/MSFT/1771326698.json', '/opt/***/data/minio/MSFT/1771326708.json', '/opt/***/data/minio/MSFT/1771326719.json', '/opt/***/data/minio/MSFT/1771326729.json', '/opt/***/data/minio/MSFT/1771326739.json', '/opt/***/data/minio/MSFT/1771326749.json', '/opt/***/data/minio/MSFT/1771326759.json', '/opt/***/data/minio/MSFT/1771326770.json', '/opt/***/data/minio/MSFT/1771326780.json', '/opt/***/data/minio/MSFT/1771326790.json', '/opt/***/data/minio/MSFT/1771326800.json', '/opt/***/data/minio/MSFT/1771326810.json', '/opt/***/data/minio/MSFT/1771326820.json', '/opt/***/data/minio/MSFT/1771326831.json', '/opt/***/data/minio/MSFT/1771326841.json', '/opt/***/data/minio/MSFT/1771326851.json', '/opt/***/data/minio/MSFT/1771326861.json', '/opt/***/data/minio/MSFT/1771326871.json', '/opt/***/data/minio/MSFT/1771326882.json', '/opt/***/data/minio/MSFT/1771326892.json', '/opt/***/data/minio/MSFT/1771326902.json', '/opt/***/data/minio/MSFT/1771326913.json', '/opt/***/data/minio/MSFT/1771326924.json', '/opt/***/data/minio/MSFT/1771326935.json', '/opt/***/data/minio/MSFT/1771326946.json', '/opt/***/data/minio/MSFT/1771326956.json', '/opt/***/data/minio/MSFT/1771326966.json', '/opt/***/data/minio/MSFT/1771326977.json', '/opt/***/data/minio/MSFT/1771326987.json', '/opt/***/data/minio/MSFT/1771326997.json', '/opt/***/data/minio/MSFT/1771327009.json', '/opt/***/data/minio/MSFT/1771327019.json', '/opt/***/data/minio/MSFT/1771327029.json', '/opt/***/data/minio/MSFT/1771327040.json', '/opt/***/data/minio/MSFT/1771327050.json', '/opt/***/data/minio/MSFT/1771327060.json', '/opt/***/data/minio/MSFT/1771327083.json', '/opt/***/data/minio/MSFT/1771327099.json', '/opt/***/data/minio/MSFT/1771327115.json', '/opt/***/data/minio/MSFT/1771327128.json', '/opt/***/data/minio/MSFT/1771327139.json', '/opt/***/data/minio/MSFT/1771327149.json', '/opt/***/data/minio/MSFT/1771327159.json', '/opt/***/data/minio/MSFT/1771327169.json', '/opt/***/data/minio/MSFT/1771327179.json', '/opt/***/data/minio/MSFT/1771327189.json', '/opt/***/data/minio/MSFT/1771327199.json', '/opt/***/data/minio/MSFT/1771327210.json', '/opt/***/data/minio/MSFT/1771327221.json', '/opt/***/data/minio/MSFT/1771327231.json', '/opt/***/data/minio/MSFT/1771327241.json', '/opt/***/data/minio/MSFT/1771327253.json', '/opt/***/data/minio/MSFT/1771327263.json', '/opt/***/data/minio/MSFT/1771327273.json', '/opt/***/data/minio/MSFT/1771327283.json', '/opt/***/data/minio/MSFT/1771327293.json', '/opt/***/data/minio/MSFT/1771327303.json', '/opt/***/data/minio/MSFT/1771327314.json', '/opt/***/data/minio/MSFT/1771327324.json', '/opt/***/data/minio/MSFT/1771327335.json', '/opt/***/data/minio/MSFT/1771327345.json', '/opt/***/data/minio/MSFT/1771327355.json', '/opt/***/data/minio/MSFT/1771327365.json', '/opt/***/data/minio/MSFT/1771327375.json', '/opt/***/data/minio/MSFT/1771327385.json', '/opt/***/data/minio/MSFT/1771327396.json', '/opt/***/data/minio/MSFT/1771327407.json', '/opt/***/data/minio/MSFT/1771327418.json', '/opt/***/data/minio/MSFT/1771327428.json', '/opt/***/data/minio/MSFT/1771327438.json', '/opt/***/data/minio/MSFT/1771327448.json', '/opt/***/data/minio/MSFT/1771327458.json', '/opt/***/data/minio/MSFT/1771327469.json', '/opt/***/data/minio/MSFT/1771327479.json', '/opt/***/data/minio/MSFT/1771327490.json', '/opt/***/data/minio/MSFT/1771327500.json', '/opt/***/data/minio/MSFT/1771327511.json', '/opt/***/data/minio/MSFT/1771327522.json', '/opt/***/data/minio/MSFT/1771327532.json', '/opt/***/data/minio/MSFT/1771327542.json', '/opt/***/data/minio/MSFT/1771327553.json', '/opt/***/data/minio/MSFT/1771327563.json', '/opt/***/data/minio/MSFT/1771327575.json', '/opt/***/data/minio/MSFT/1771327587.json', '/opt/***/data/minio/MSFT/1771327598.json', '/opt/***/data/minio/MSFT/1771327608.json', '/opt/***/data/minio/MSFT/1771327618.json', '/opt/***/data/minio/MSFT/1771327629.json', '/opt/***/data/minio/MSFT/1771327639.json', '/opt/***/data/minio/MSFT/1771327649.json', '/opt/***/data/minio/MSFT/1771327659.json', '/opt/***/data/minio/MSFT/1771327669.json', '/opt/***/data/minio/MSFT/1771327679.json', '/opt/***/data/minio/MSFT/1771327690.json', '/opt/***/data/minio/MSFT/1771327700.json', '/opt/***/data/minio/MSFT/1771327710.json', '/opt/***/data/minio/MSFT/1771327720.json', '/opt/***/data/minio/MSFT/1771327730.json', '/opt/***/data/minio/MSFT/1771327741.json', '/opt/***/data/minio/MSFT/1771327751.json', '/opt/***/data/minio/MSFT/1771327762.json', '/opt/***/data/minio/MSFT/1771327772.json', '/opt/***/data/minio/MSFT/1771327783.json', '/opt/***/data/minio/MSFT/1771327793.json', '/opt/***/data/minio/MSFT/1771327803.json', '/opt/***/data/minio/MSFT/1771327814.json', '/opt/***/data/minio/MSFT/1771327824.json', '/opt/***/data/minio/MSFT/1771327834.json', '/opt/***/data/minio/MSFT/1771327845.json', '/opt/***/data/minio/MSFT/1771327855.json', '/opt/***/data/minio/MSFT/1771327866.json', '/opt/***/data/minio/MSFT/1771327877.json', '/opt/***/data/minio/MSFT/1771327888.json', '/opt/***/data/minio/MSFT/1771327898.json', '/opt/***/data/minio/MSFT/1771327908.json', '/opt/***/data/minio/MSFT/1771327919.json', '/opt/***/data/minio/MSFT/1771327929.json', '/opt/***/data/minio/MSFT/1771327939.json', '/opt/***/data/minio/MSFT/1771327949.json', '/opt/***/data/minio/MSFT/1771327959.json', '/opt/***/data/minio/MSFT/1771327970.json', '/opt/***/data/minio/MSFT/1771327980.json', '/opt/***/data/minio/MSFT/1771327991.json', '/opt/***/data/minio/MSFT/1771328001.json', '/opt/***/data/minio/MSFT/1771328011.json', '/opt/***/data/minio/MSFT/1771328021.json', '/opt/***/data/minio/MSFT/1771328031.json', '/opt/***/data/minio/MSFT/1771328041.json', '/opt/***/data/minio/MSFT/1771328052.json', '/opt/***/data/minio/MSFT/1771328062.json', '/opt/***/data/minio/MSFT/1771328072.json', '/opt/***/data/minio/MSFT/1771328082.json', '/opt/***/data/minio/MSFT/1771328093.json', '/opt/***/data/minio/MSFT/1771328105.json', '/opt/***/data/minio/MSFT/1771328117.json', '/opt/***/data/minio/MSFT/1771328128.json', '/opt/***/data/minio/MSFT/1771328139.json', '/opt/***/data/minio/MSFT/1771328151.json', '/opt/***/data/minio/MSFT/1771328162.json', '/opt/***/data/minio/MSFT/1771328186.json', '/opt/***/data/minio/MSFT/1771328210.json', '/opt/***/data/minio/MSFT/1771328221.json', '/opt/***/data/minio/MSFT/1771328231.json', '/opt/***/data/minio/MSFT/1771328241.json', '/opt/***/data/minio/MSFT/1771328252.json', '/opt/***/data/minio/MSFT/1771328262.json', '/opt/***/data/minio/MSFT/1771328273.json', '/opt/***/data/minio/MSFT/1771328284.json', '/opt/***/data/minio/MSFT/1771328294.json', '/opt/***/data/minio/MSFT/1771328305.json', '/opt/***/data/minio/MSFT/1771328315.json', '/opt/***/data/minio/MSFT/1771328325.json', '/opt/***/data/minio/MSFT/1771328335.json', '/opt/***/data/minio/MSFT/1771328346.json', '/opt/***/data/minio/MSFT/1771328358.json', '/opt/***/data/minio/MSFT/1771328374.json', '/opt/***/data/minio/MSFT/1771328385.json', '/opt/***/data/minio/MSFT/1771328397.json', '/opt/***/data/minio/MSFT/1771328408.json', '/opt/***/data/minio/MSFT/1771328418.json', '/opt/***/data/minio/MSFT/1771328436.json', '/opt/***/data/minio/MSFT/1771328518.json', '/opt/***/data/minio/MSFT/1771328529.json', '/opt/***/data/minio/MSFT/1771328540.json', '/opt/***/data/minio/MSFT/1771328728.json', '/opt/***/data/minio/MSFT/1771328740.json', '/opt/***/data/minio/MSFT/1771328750.json', '/opt/***/data/minio/MSFT/1771328760.json', '/opt/***/data/minio/MSFT/1771328771.json', '/opt/***/data/minio/MSFT/1771328782.json', '/opt/***/data/minio/MSFT/1771328792.json', '/opt/***/data/minio/MSFT/1771328802.json', '/opt/***/data/minio/MSFT/1771328812.json', '/opt/***/data/minio/MSFT/1771328822.json', '/opt/***/data/minio/MSFT/1771328833.json', '/opt/***/data/minio/MSFT/1771328844.json', '/opt/***/data/minio/MSFT/1771328854.json', '/opt/***/data/minio/MSFT/1771328866.json', '/opt/***/data/minio/MSFT/1771328877.json', '/opt/***/data/minio/MSFT/1771328888.json', '/opt/***/data/minio/MSFT/1771328899.json', '/opt/***/data/minio/MSFT/1771328929.json', '/opt/***/data/minio/MSFT/1771328939.json', '/opt/***/data/minio/MSFT/1771328949.json', '/opt/***/data/minio/MSFT/1771328960.json', '/opt/***/data/minio/MSFT/1771328975.json', '/opt/***/data/minio/MSFT/1771328985.json', '/opt/***/data/minio/MSFT/1771328995.json', '/opt/***/data/minio/MSFT/1771329006.json', '/opt/***/data/minio/MSFT/1771329020.json', '/opt/***/data/minio/MSFT/1771329030.json', '/opt/***/data/minio/MSFT/1771329041.json', '/opt/***/data/minio/MSFT/1771329082.json', '/opt/***/data/minio/MSFT/1771329094.json', '/opt/***/data/minio/MSFT/1771329105.json', '/opt/***/data/minio/MSFT/1771329131.json', '/opt/***/data/minio/MSFT/1771329143.json', '/opt/***/data/minio/MSFT/1771329154.json', '/opt/***/data/minio/MSFT/1771329165.json', '/opt/***/data/minio/MSFT/1771329178.json', '/opt/***/data/minio/MSFT/1771329188.json', '/opt/***/data/minio/MSFT/1771329199.json', '/opt/***/data/minio/MSFT/1771329211.json', '/opt/***/data/minio/MSFT/1771329221.json', '/opt/***/data/minio/MSFT/1771329232.json', '/opt/***/data/minio/MSFT/1771329242.json', '/opt/***/data/minio/MSFT/1771329252.json', '/opt/***/data/minio/MSFT/1771329263.json', '/opt/***/data/minio/MSFT/1771329273.json', '/opt/***/data/minio/MSFT/1771329283.json', '/opt/***/data/minio/MSFT/1771329293.json', '/opt/***/data/minio/MSFT/1771329304.json', '/opt/***/data/minio/MSFT/1771329314.json', '/opt/***/data/minio/MSFT/1771329324.json', '/opt/***/data/minio/MSFT/1771329335.json', '/opt/***/data/minio/MSFT/1771329345.json', '/opt/***/data/minio/MSFT/1771329355.json', '/opt/***/data/minio/MSFT/1771329366.json', '/opt/***/data/minio/MSFT/1771329376.json', '/opt/***/data/minio/MSFT/1771329386.json', '/opt/***/data/minio/MSFT/1771329396.json', '/opt/***/data/minio/MSFT/1771329407.json', '/opt/***/data/minio/MSFT/1771329417.json', '/opt/***/data/minio/MSFT/1771329427.json', '/opt/***/data/minio/MSFT/1771329436.json', '/opt/***/data/minio/MSFT/1771329446.json', '/opt/***/data/minio/MSFT/1771329457.json', '/opt/***/data/minio/MSFT/1771329468.json', '/opt/***/data/minio/MSFT/1771329478.json', '/opt/***/data/minio/MSFT/1771329488.json', '/opt/***/data/minio/MSFT/1771329499.json', '/opt/***/data/minio/MSFT/1771329510.json', '/opt/***/data/minio/MSFT/1771329520.json', '/opt/***/data/minio/MSFT/1771329536.json', '/opt/***/data/minio/MSFT/1771329549.json', '/opt/***/data/minio/MSFT/1771329559.json', '/opt/***/data/minio/MSFT/1771329569.json', '/opt/***/data/minio/MSFT/1771329579.json', '/opt/***/data/minio/MSFT/1771329589.json', '/opt/***/data/minio/MSFT/1771329599.json', '/opt/***/data/minio/MSFT/1771329611.json', '/opt/***/data/minio/MSFT/1771329622.json', '/opt/***/data/minio/MSFT/1771329632.json', '/opt/***/data/minio/MSFT/1771329664.json', '/opt/***/data/minio/MSFT/1771329697.json', '/opt/***/data/minio/MSFT/1771329708.json', '/opt/***/data/minio/MSFT/1771329718.json', '/opt/***/data/minio/MSFT/1771329729.json', '/opt/***/data/minio/MSFT/1771329740.json', '/opt/***/data/minio/MSFT/1771329750.json', '/opt/***/data/minio/MSFT/1771329761.json', '/opt/***/data/minio/MSFT/1771329773.json', '/opt/***/data/minio/MSFT/1771329784.json', '/opt/***/data/minio/MSFT/1771329796.json', '/opt/***/data/minio/MSFT/1771329807.json', '/opt/***/data/minio/MSFT/1771329818.json', '/opt/***/data/minio/MSFT/1771329829.json', '/opt/***/data/minio/MSFT/1771329840.json', '/opt/***/data/minio/MSFT/1771329851.json', '/opt/***/data/minio/MSFT/1771329888.json', '/opt/***/data/minio/MSFT/1771329898.json', '/opt/***/data/minio/MSFT/1771329909.json', '/opt/***/data/minio/MSFT/1771329919.json', '/opt/***/data/minio/MSFT/1771329929.json', '/opt/***/data/minio/MSFT/1771329940.json', '/opt/***/data/minio/MSFT/1771329951.json', '/opt/***/data/minio/MSFT/1771329962.json', '/opt/***/data/minio/MSFT/1771329972.json', '/opt/***/data/minio/MSFT/1771329983.json', '/opt/***/data/minio/MSFT/1771329994.json', '/opt/***/data/minio/MSFT/1771330005.json', '/opt/***/data/minio/MSFT/1771330023.json', '/opt/***/data/minio/MSFT/1771330036.json', '/opt/***/data/minio/MSFT/1771330047.json', '/opt/***/data/minio/MSFT/1771330059.json', '/opt/***/data/minio/MSFT/1771330091.json', '/opt/***/data/minio/MSFT/1771330102.json', '/opt/***/data/minio/MSFT/1771330113.json', '/opt/***/data/minio/MSFT/1771330124.json', '/opt/***/data/minio/MSFT/1771330136.json', '/opt/***/data/minio/MSFT/1771330147.json', '/opt/***/data/minio/MSFT/1771330157.json', '/opt/***/data/minio/MSFT/1771330168.json', '/opt/***/data/minio/MSFT/1771330178.json', '/opt/***/data/minio/MSFT/1771330189.json', '/opt/***/data/minio/MSFT/1771330199.json', '/opt/***/data/minio/MSFT/1771330212.json', '/opt/***/data/minio/MSFT/1771330222.json', '/opt/***/data/minio/MSFT/1771330234.json', '/opt/***/data/minio/MSFT/1771330245.json', '/opt/***/data/minio/MSFT/1771330256.json', '/opt/***/data/minio/MSFT/1771330266.json', '/opt/***/data/minio/MSFT/1771330277.json', '/opt/***/data/minio/MSFT/1771330287.json', '/opt/***/data/minio/MSFT/1771330298.json', '/opt/***/data/minio/MSFT/1771330308.json', '/opt/***/data/minio/MSFT/1771330319.json', '/opt/***/data/minio/MSFT/1771330331.json', '/opt/***/data/minio/MSFT/1771330341.json', '/opt/***/data/minio/MSFT/1771330352.json', '/opt/***/data/minio/MSFT/1771330363.json', '/opt/***/data/minio/MSFT/1771330373.json', '/opt/***/data/minio/MSFT/1771330384.json', '/opt/***/data/minio/MSFT/1771330395.json', '/opt/***/data/minio/MSFT/1771330406.json', '/opt/***/data/minio/MSFT/1771330419.json', '/opt/***/data/minio/MSFT/1771330429.json', '/opt/***/data/minio/MSFT/1771330440.json', '/opt/***/data/minio/MSFT/1771330450.json', '/opt/***/data/minio/MSFT/1771330461.json', '/opt/***/data/minio/MSFT/1771330472.json', '/opt/***/data/minio/MSFT/1771330482.json', '/opt/***/data/minio/MSFT/1771330493.json', '/opt/***/data/minio/MSFT/1771330503.json', '/opt/***/data/minio/MSFT/1771330514.json', '/opt/***/data/minio/MSFT/1771330524.json', '/opt/***/data/minio/MSFT/1771330535.json', '/opt/***/data/minio/MSFT/1771330548.json', '/opt/***/data/minio/MSFT/1771330559.json', '/opt/***/data/minio/MSFT/1771330575.json', '/opt/***/data/minio/MSFT/1771330586.json', '/opt/***/data/minio/MSFT/1771330599.json', '/opt/***/data/minio/MSFT/1771330609.json', '/opt/***/data/minio/MSFT/1771330620.json', '/opt/***/data/minio/MSFT/1771330631.json', '/opt/***/data/minio/MSFT/1771330642.json', '/opt/***/data/minio/MSFT/1771330653.json', '/opt/***/data/minio/MSFT/1771330664.json', '/opt/***/data/minio/MSFT/1771330674.json', '/opt/***/data/minio/MSFT/1771330689.json', '/opt/***/data/minio/MSFT/1771330700.json', '/opt/***/data/minio/MSFT/1771330710.json', '/opt/***/data/minio/MSFT/1771330723.json', '/opt/***/data/minio/MSFT/1771330734.json', '/opt/***/data/minio/MSFT/1771330744.json', '/opt/***/data/minio/MSFT/1771330754.json', '/opt/***/data/minio/MSFT/1771330765.json', '/opt/***/data/minio/MSFT/1771330775.json', '/opt/***/data/minio/MSFT/1771330786.json', '/opt/***/data/minio/MSFT/1771330796.json', '/opt/***/data/minio/MSFT/1771330807.json', '/opt/***/data/minio/MSFT/1771330817.json', '/opt/***/data/minio/MSFT/1771330828.json', '/opt/***/data/minio/MSFT/1771330841.json', '/opt/***/data/minio/MSFT/1771330857.json', '/opt/***/data/minio/MSFT/1771330870.json', '/opt/***/data/minio/MSFT/1771330885.json', '/opt/***/data/minio/MSFT/1771330898.json', '/opt/***/data/minio/MSFT/1771330908.json', '/opt/***/data/minio/MSFT/1771330918.json', '/opt/***/data/minio/MSFT/1771330929.json', '/opt/***/data/minio/MSFT/1771330939.json', '/opt/***/data/minio/MSFT/1771330950.json', '/opt/***/data/minio/MSFT/1771330960.json', '/opt/***/data/minio/MSFT/1771330973.json', '/opt/***/data/minio/MSFT/1771330985.json', '/opt/***/data/minio/MSFT/1771330996.json', '/opt/***/data/minio/MSFT/1771331006.json', '/opt/***/data/minio/MSFT/1771331016.json', '/opt/***/data/minio/MSFT/1771331027.json', '/opt/***/data/minio/MSFT/1771331037.json', '/opt/***/data/minio/MSFT/1771331047.json', '/opt/***/data/minio/MSFT/1771331058.json', '/opt/***/data/minio/MSFT/1771331069.json', '/opt/***/data/minio/MSFT/1771331081.json', '/opt/***/data/minio/MSFT/1771331091.json', '/opt/***/data/minio/MSFT/1771331101.json', '/opt/***/data/minio/MSFT/1771331111.json', '/opt/***/data/minio/MSFT/1771331122.json', '/opt/***/data/minio/MSFT/1771331132.json', '/opt/***/data/minio/MSFT/1771331142.json', '/opt/***/data/minio/MSFT/1771331153.json', '/opt/***/data/minio/MSFT/1771331163.json', '/opt/***/data/minio/MSFT/1771331174.json', '/opt/***/data/minio/MSFT/1771331185.json', '/opt/***/data/minio/MSFT/1771331195.json', '/opt/***/data/minio/MSFT/1771331205.json', '/opt/***/data/minio/MSFT/1771331216.json', '/opt/***/data/minio/MSFT/1771331227.json', '/opt/***/data/minio/MSFT/1771331238.json', '/opt/***/data/minio/MSFT/1771331251.json', '/opt/***/data/minio/MSFT/1771331263.json', '/opt/***/data/minio/MSFT/1771331275.json', '/opt/***/data/minio/MSFT/1771331285.json', '/opt/***/data/minio/MSFT/1771331295.json', '/opt/***/data/minio/MSFT/1771331306.json', '/opt/***/data/minio/MSFT/1771331316.json', '/opt/***/data/minio/MSFT/1771331326.json', '/opt/***/data/minio/MSFT/1771331337.json', '/opt/***/data/minio/MSFT/1771331347.json', '/opt/***/data/minio/MSFT/1771331357.json', '/opt/***/data/minio/MSFT/1771331368.json', '/opt/***/data/minio/MSFT/1771331378.json', '/opt/***/data/minio/MSFT/1771331388.json', '/opt/***/data/minio/MSFT/1771331398.json', '/opt/***/data/minio/MSFT/1771331408.json', '/opt/***/data/minio/MSFT/1771331419.json', '/opt/***/data/minio/MSFT/1771331429.json', '/opt/***/data/minio/MSFT/1771331439.json', '/opt/***/data/minio/MSFT/1771331450.json', '/opt/***/data/minio/TSLA/1771324935.json', '/opt/***/data/minio/TSLA/1771324946.json', '/opt/***/data/minio/TSLA/1771324956.json', '/opt/***/data/minio/TSLA/1771324967.json', '/opt/***/data/minio/TSLA/1771324977.json', '/opt/***/data/minio/TSLA/1771324988.json', '/opt/***/data/minio/TSLA/1771324999.json', '/opt/***/data/minio/TSLA/1771325009.json', '/opt/***/data/minio/TSLA/1771325020.json', '/opt/***/data/minio/TSLA/1771325030.json', '/opt/***/data/minio/TSLA/1771325041.json', '/opt/***/data/minio/TSLA/1771325051.json', '/opt/***/data/minio/TSLA/1771325062.json', '/opt/***/data/minio/TSLA/1771325072.json', '/opt/***/data/minio/TSLA/1771325082.json', '/opt/***/data/minio/TSLA/1771325093.json', '/opt/***/data/minio/TSLA/1771325104.json', '/opt/***/data/minio/TSLA/1771325114.json', '/opt/***/data/minio/TSLA/1771325124.json', '/opt/***/data/minio/TSLA/1771325135.json', '/opt/***/data/minio/TSLA/1771325145.json', '/opt/***/data/minio/TSLA/1771325156.json', '/opt/***/data/minio/TSLA/1771325166.json', '/opt/***/data/minio/TSLA/1771325176.json', '/opt/***/data/minio/TSLA/1771325187.json', '/opt/***/data/minio/TSLA/1771325197.json', '/opt/***/data/minio/TSLA/1771325208.json', '/opt/***/data/minio/TSLA/1771325218.json', '/opt/***/data/minio/TSLA/1771325228.json', '/opt/***/data/minio/TSLA/1771325239.json', '/opt/***/data/minio/TSLA/1771325249.json', '/opt/***/data/minio/TSLA/1771325261.json', '/opt/***/data/minio/TSLA/1771325271.json', '/opt/***/data/minio/TSLA/1771325282.json', '/opt/***/data/minio/TSLA/1771325292.json', '/opt/***/data/minio/TSLA/1771325336.json', '/opt/***/data/minio/TSLA/1771325347.json', '/opt/***/data/minio/TSLA/1771325357.json', '/opt/***/data/minio/TSLA/1771325367.json', '/opt/***/data/minio/TSLA/1771325377.json', '/opt/***/data/minio/TSLA/1771325388.json', '/opt/***/data/minio/TSLA/1771325400.json', '/opt/***/data/minio/TSLA/1771325411.json', '/opt/***/data/minio/TSLA/1771325423.json', '/opt/***/data/minio/TSLA/1771325434.json', '/opt/***/data/minio/TSLA/1771325446.json', '/opt/***/data/minio/TSLA/1771325456.json', '/opt/***/data/minio/TSLA/1771325467.json', '/opt/***/data/minio/TSLA/1771325477.json', '/opt/***/data/minio/TSLA/1771325488.json', '/opt/***/data/minio/TSLA/1771325499.json', '/opt/***/data/minio/TSLA/1771325509.json', '/opt/***/data/minio/TSLA/1771325520.json', '/opt/***/data/minio/TSLA/1771325531.json', '/opt/***/data/minio/TSLA/1771325541.json', '/opt/***/data/minio/TSLA/1771325552.json', '/opt/***/data/minio/TSLA/1771325561.json', '/opt/***/data/minio/TSLA/1771325572.json', '/opt/***/data/minio/TSLA/1771325582.json', '/opt/***/data/minio/TSLA/1771325592.json', '/opt/***/data/minio/TSLA/1771325604.json', '/opt/***/data/minio/TSLA/1771325615.json', '/opt/***/data/minio/TSLA/1771325625.json', '/opt/***/data/minio/TSLA/1771325637.json', '/opt/***/data/minio/TSLA/1771325647.json', '/opt/***/data/minio/TSLA/1771325658.json', '/opt/***/data/minio/TSLA/1771325668.json', '/opt/***/data/minio/TSLA/1771325678.json', '/opt/***/data/minio/TSLA/1771325690.json', '/opt/***/data/minio/TSLA/1771325700.json', '/opt/***/data/minio/TSLA/1771325710.json', '/opt/***/data/minio/TSLA/1771325721.json', '/opt/***/data/minio/TSLA/1771325731.json', '/opt/***/data/minio/TSLA/1771325742.json', '/opt/***/data/minio/TSLA/1771325752.json', '/opt/***/data/minio/TSLA/1771325767.json', '/opt/***/data/minio/TSLA/1771325779.json', '/opt/***/data/minio/TSLA/1771325791.json', '/opt/***/data/minio/TSLA/1771325802.json', '/opt/***/data/minio/TSLA/1771325812.json', '/opt/***/data/minio/TSLA/1771325823.json', '/opt/***/data/minio/TSLA/1771325833.json', '/opt/***/data/minio/TSLA/1771325843.json', '/opt/***/data/minio/TSLA/1771325856.json', '/opt/***/data/minio/TSLA/1771325866.json', '/opt/***/data/minio/TSLA/1771325877.json', '/opt/***/data/minio/TSLA/1771325890.json', '/opt/***/data/minio/TSLA/1771325900.json', '/opt/***/data/minio/TSLA/1771325913.json', '/opt/***/data/minio/TSLA/1771325925.json', '/opt/***/data/minio/TSLA/1771325936.json', '/opt/***/data/minio/TSLA/1771325947.json', '/opt/***/data/minio/TSLA/1771325960.json', '/opt/***/data/minio/TSLA/1771325972.json', '/opt/***/data/minio/TSLA/1771325984.json', '/opt/***/data/minio/TSLA/1771325994.json', '/opt/***/data/minio/TSLA/1771326004.json', '/opt/***/data/minio/TSLA/1771326015.json', '/opt/***/data/minio/TSLA/1771326026.json', '/opt/***/data/minio/TSLA/1771326036.json', '/opt/***/data/minio/TSLA/1771326046.json', '/opt/***/data/minio/TSLA/1771326056.json', '/opt/***/data/minio/TSLA/1771326066.json', '/opt/***/data/minio/TSLA/1771326077.json', '/opt/***/data/minio/TSLA/1771326086.json', '/opt/***/data/minio/TSLA/1771326100.json', '/opt/***/data/minio/TSLA/1771326112.json', '/opt/***/data/minio/TSLA/1771326126.json', '/opt/***/data/minio/TSLA/1771326138.json', '/opt/***/data/minio/TSLA/1771326148.json', '/opt/***/data/minio/TSLA/1771326160.json', '/opt/***/data/minio/TSLA/1771326171.json', '/opt/***/data/minio/TSLA/1771326182.json', '/opt/***/data/minio/TSLA/1771326193.json', '/opt/***/data/minio/TSLA/1771326204.json', '/opt/***/data/minio/TSLA/1771326214.json', '/opt/***/data/minio/TSLA/1771326224.json', '/opt/***/data/minio/TSLA/1771326234.json', '/opt/***/data/minio/TSLA/1771326244.json', '/opt/***/data/minio/TSLA/1771326254.json', '/opt/***/data/minio/TSLA/1771326264.json', '/opt/***/data/minio/TSLA/1771326275.json', '/opt/***/data/minio/TSLA/1771326285.json', '/opt/***/data/minio/TSLA/1771326299.json', '/opt/***/data/minio/TSLA/1771326313.json', '/opt/***/data/minio/TSLA/1771326323.json', '/opt/***/data/minio/TSLA/1771326334.json', '/opt/***/data/minio/TSLA/1771326350.json', '/opt/***/data/minio/TSLA/1771326361.json', '/opt/***/data/minio/TSLA/1771326373.json', '/opt/***/data/minio/TSLA/1771326384.json', '/opt/***/data/minio/TSLA/1771326394.json', '/opt/***/data/minio/TSLA/1771326404.json', '/opt/***/data/minio/TSLA/1771326414.json', '/opt/***/data/minio/TSLA/1771326424.json', '/opt/***/data/minio/TSLA/1771326435.json', '/opt/***/data/minio/TSLA/1771326445.json', '/opt/***/data/minio/TSLA/1771326455.json', '/opt/***/data/minio/TSLA/1771326466.json', '/opt/***/data/minio/TSLA/1771326476.json', '/opt/***/data/minio/TSLA/1771326485.json', '/opt/***/data/minio/TSLA/1771326496.json', '/opt/***/data/minio/TSLA/1771326507.json', '/opt/***/data/minio/TSLA/1771326517.json', '/opt/***/data/minio/TSLA/1771326527.json', '/opt/***/data/minio/TSLA/1771326537.json', '/opt/***/data/minio/TSLA/1771326547.json', '/opt/***/data/minio/TSLA/1771326558.json', '/opt/***/data/minio/TSLA/1771326568.json', '/opt/***/data/minio/TSLA/1771326578.json', '/opt/***/data/minio/TSLA/1771326587.json', '/opt/***/data/minio/TSLA/1771326598.json', '/opt/***/data/minio/TSLA/1771326608.json', '/opt/***/data/minio/TSLA/1771326618.json', '/opt/***/data/minio/TSLA/1771326628.json', '/opt/***/data/minio/TSLA/1771326638.json', '/opt/***/data/minio/TSLA/1771326648.json', '/opt/***/data/minio/TSLA/1771326659.json', '/opt/***/data/minio/TSLA/1771326669.json', '/opt/***/data/minio/TSLA/1771326679.json', '/opt/***/data/minio/TSLA/1771326689.json', '/opt/***/data/minio/TSLA/1771326700.json', '/opt/***/data/minio/TSLA/1771326710.json', '/opt/***/data/minio/TSLA/1771326720.json', '/opt/***/data/minio/TSLA/1771326730.json', '/opt/***/data/minio/TSLA/1771326740.json', '/opt/***/data/minio/TSLA/1771326751.json', '/opt/***/data/minio/TSLA/1771326761.json', '/opt/***/data/minio/TSLA/1771326771.json', '/opt/***/data/minio/TSLA/1771326782.json', '/opt/***/data/minio/TSLA/1771326792.json', '/opt/***/data/minio/TSLA/1771326802.json', '/opt/***/data/minio/TSLA/1771326812.json', '/opt/***/data/minio/TSLA/1771326822.json', '/opt/***/data/minio/TSLA/1771326833.json', '/opt/***/data/minio/TSLA/1771326843.json', '/opt/***/data/minio/TSLA/1771326853.json', '/opt/***/data/minio/TSLA/1771326863.json', '/opt/***/data/minio/TSLA/1771326873.json', '/opt/***/data/minio/TSLA/1771326884.json', '/opt/***/data/minio/TSLA/1771326894.json', '/opt/***/data/minio/TSLA/1771326904.json', '/opt/***/data/minio/TSLA/1771326914.json', '/opt/***/data/minio/TSLA/1771326926.json', '/opt/***/data/minio/TSLA/1771326937.json', '/opt/***/data/minio/TSLA/1771326948.json', '/opt/***/data/minio/TSLA/1771326958.json', '/opt/***/data/minio/TSLA/1771326968.json', '/opt/***/data/minio/TSLA/1771326979.json', '/opt/***/data/minio/TSLA/1771326989.json', '/opt/***/data/minio/TSLA/1771327000.json', '/opt/***/data/minio/TSLA/1771327010.json', '/opt/***/data/minio/TSLA/1771327021.json', '/opt/***/data/minio/TSLA/1771327031.json', '/opt/***/data/minio/TSLA/1771327042.json', '/opt/***/data/minio/TSLA/1771327052.json', '/opt/***/data/minio/TSLA/1771327066.json', '/opt/***/data/minio/TSLA/1771327088.json', '/opt/***/data/minio/TSLA/1771327103.json', '/opt/***/data/minio/TSLA/1771327117.json', '/opt/***/data/minio/TSLA/1771327130.json', '/opt/***/data/minio/TSLA/1771327140.json', '/opt/***/data/minio/TSLA/1771327151.json', '/opt/***/data/minio/TSLA/1771327161.json', '/opt/***/data/minio/TSLA/1771327171.json', '/opt/***/data/minio/TSLA/1771327181.json', '/opt/***/data/minio/TSLA/1771327191.json', '/opt/***/data/minio/TSLA/1771327201.json', '/opt/***/data/minio/TSLA/1771327212.json', '/opt/***/data/minio/TSLA/1771327223.json', '/opt/***/data/minio/TSLA/1771327233.json', '/opt/***/data/minio/TSLA/1771327244.json', '/opt/***/data/minio/TSLA/1771327255.json', '/opt/***/data/minio/TSLA/1771327265.json', '/opt/***/data/minio/TSLA/1771327275.json', '/opt/***/data/minio/TSLA/1771327285.json', '/opt/***/data/minio/TSLA/1771327295.json', '/opt/***/data/minio/TSLA/1771327305.json', '/opt/***/data/minio/TSLA/1771327316.json', '/opt/***/data/minio/TSLA/1771327326.json', '/opt/***/data/minio/TSLA/1771327337.json', '/opt/***/data/minio/TSLA/1771327347.json', '/opt/***/data/minio/TSLA/1771327357.json', '/opt/***/data/minio/TSLA/1771327366.json', '/opt/***/data/minio/TSLA/1771327377.json', '/opt/***/data/minio/TSLA/1771327387.json', '/opt/***/data/minio/TSLA/1771327398.json', '/opt/***/data/minio/TSLA/1771327408.json', '/opt/***/data/minio/TSLA/1771327419.json', '/opt/***/data/minio/TSLA/1771327429.json', '/opt/***/data/minio/TSLA/1771327440.json', '/opt/***/data/minio/TSLA/1771327450.json', '/opt/***/data/minio/TSLA/1771327460.json', '/opt/***/data/minio/TSLA/1771327471.json', '/opt/***/data/minio/TSLA/1771327481.json', '/opt/***/data/minio/TSLA/1771327492.json', '/opt/***/data/minio/TSLA/1771327502.json', '/opt/***/data/minio/TSLA/1771327513.json', '/opt/***/data/minio/TSLA/1771327523.json', '/opt/***/data/minio/TSLA/1771327534.json', '/opt/***/data/minio/TSLA/1771327544.json', '/opt/***/data/minio/TSLA/1771327554.json', '/opt/***/data/minio/TSLA/1771327565.json', '/opt/***/data/minio/TSLA/1771327577.json', '/opt/***/data/minio/TSLA/1771327589.json', '/opt/***/data/minio/TSLA/1771327599.json', '/opt/***/data/minio/TSLA/1771327610.json', '/opt/***/data/minio/TSLA/1771327620.json', '/opt/***/data/minio/TSLA/1771327630.json', '/opt/***/data/minio/TSLA/1771327640.json', '/opt/***/data/minio/TSLA/1771327650.json', '/opt/***/data/minio/TSLA/1771327660.json', '/opt/***/data/minio/TSLA/1771327670.json', '/opt/***/data/minio/TSLA/1771327681.json', '/opt/***/data/minio/TSLA/1771327692.json', '/opt/***/data/minio/TSLA/1771327702.json', '/opt/***/data/minio/TSLA/1771327712.json', '/opt/***/data/minio/TSLA/1771327722.json', '/opt/***/data/minio/TSLA/1771327732.json', '/opt/***/data/minio/TSLA/1771327742.json', '/opt/***/data/minio/TSLA/1771327753.json', '/opt/***/data/minio/TSLA/1771327763.json', '/opt/***/data/minio/TSLA/1771327773.json', '/opt/***/data/minio/TSLA/1771327785.json', '/opt/***/data/minio/TSLA/1771327795.json', '/opt/***/data/minio/TSLA/1771327805.json', '/opt/***/data/minio/TSLA/1771327815.json', '/opt/***/data/minio/TSLA/1771327825.json', '/opt/***/data/minio/TSLA/1771327836.json', '/opt/***/data/minio/TSLA/1771327846.json', '/opt/***/data/minio/TSLA/1771327857.json', '/opt/***/data/minio/TSLA/1771327868.json', '/opt/***/data/minio/TSLA/1771327878.json', '/opt/***/data/minio/TSLA/1771327890.json', '/opt/***/data/minio/TSLA/1771327900.json', '/opt/***/data/minio/TSLA/1771327910.json', '/opt/***/data/minio/TSLA/1771327920.json', '/opt/***/data/minio/TSLA/1771327930.json', '/opt/***/data/minio/TSLA/1771327941.json', '/opt/***/data/minio/TSLA/1771327951.json', '/opt/***/data/minio/TSLA/1771327961.json', '/opt/***/data/minio/TSLA/1771327972.json', '/opt/***/data/minio/TSLA/1771327982.json', '/opt/***/data/minio/TSLA/1771327992.json', '/opt/***/data/minio/TSLA/1771328003.json', '/opt/***/data/minio/TSLA/1771328012.json', '/opt/***/data/minio/TSLA/1771328022.json', '/opt/***/data/minio/TSLA/1771328033.json', '/opt/***/data/minio/TSLA/1771328043.json', '/opt/***/data/minio/TSLA/1771328053.json', '/opt/***/data/minio/TSLA/1771328063.json', '/opt/***/data/minio/TSLA/1771328074.json', '/opt/***/data/minio/TSLA/1771328084.json', '/opt/***/data/minio/TSLA/1771328095.json', '/opt/***/data/minio/TSLA/1771328108.json', '/opt/***/data/minio/TSLA/1771328119.json', '/opt/***/data/minio/TSLA/1771328130.json', '/opt/***/data/minio/TSLA/1771328142.json', '/opt/***/data/minio/TSLA/1771328152.json', '/opt/***/data/minio/TSLA/1771328164.json', '/opt/***/data/minio/TSLA/1771328192.json', '/opt/***/data/minio/TSLA/1771328212.json', '/opt/***/data/minio/TSLA/1771328222.json', '/opt/***/data/minio/TSLA/1771328233.json', '/opt/***/data/minio/TSLA/1771328243.json', '/opt/***/data/minio/TSLA/1771328253.json', '/opt/***/data/minio/TSLA/1771328264.json', '/opt/***/data/minio/TSLA/1771328275.json', '/opt/***/data/minio/TSLA/1771328286.json', '/opt/***/data/minio/TSLA/1771328296.json', '/opt/***/data/minio/TSLA/1771328306.json', '/opt/***/data/minio/TSLA/1771328317.json', '/opt/***/data/minio/TSLA/1771328327.json', '/opt/***/data/minio/TSLA/1771328337.json', '/opt/***/data/minio/TSLA/1771328347.json', '/opt/***/data/minio/TSLA/1771328360.json', '/opt/***/data/minio/TSLA/1771328376.json', '/opt/***/data/minio/TSLA/1771328388.json', '/opt/***/data/minio/TSLA/1771328398.json', '/opt/***/data/minio/TSLA/1771328409.json', '/opt/***/data/minio/TSLA/1771328420.json', '/opt/***/data/minio/TSLA/1771328463.json', '/opt/***/data/minio/TSLA/1771328520.json', '/opt/***/data/minio/TSLA/1771328531.json', '/opt/***/data/minio/TSLA/1771328603.json', '/opt/***/data/minio/TSLA/1771328730.json', '/opt/***/data/minio/TSLA/1771328741.json', '/opt/***/data/minio/TSLA/1771328751.json', '/opt/***/data/minio/TSLA/1771328763.json', '/opt/***/data/minio/TSLA/1771328773.json', '/opt/***/data/minio/TSLA/1771328783.json', '/opt/***/data/minio/TSLA/1771328794.json', '/opt/***/data/minio/TSLA/1771328804.json', '/opt/***/data/minio/TSLA/1771328814.json', '/opt/***/data/minio/TSLA/1771328824.json', '/opt/***/data/minio/TSLA/1771328835.json', '/opt/***/data/minio/TSLA/1771328845.json', '/opt/***/data/minio/TSLA/1771328857.json', '/opt/***/data/minio/TSLA/1771328868.json', '/opt/***/data/minio/TSLA/1771328879.json', '/opt/***/data/minio/TSLA/1771328890.json', '/opt/***/data/minio/TSLA/1771328900.json', '/opt/***/data/minio/TSLA/1771328930.json', '/opt/***/data/minio/TSLA/1771328941.json', '/opt/***/data/minio/TSLA/1771328951.json', '/opt/***/data/minio/TSLA/1771328962.json', '/opt/***/data/minio/TSLA/1771328977.json', '/opt/***/data/minio/TSLA/1771328987.json', '/opt/***/data/minio/TSLA/1771328997.json', '/opt/***/data/minio/TSLA/1771329008.json', '/opt/***/data/minio/TSLA/1771329021.json', '/opt/***/data/minio/TSLA/1771329032.json', '/opt/***/data/minio/TSLA/1771329043.json', '/opt/***/data/minio/TSLA/1771329085.json', '/opt/***/data/minio/TSLA/1771329096.json', '/opt/***/data/minio/TSLA/1771329107.json', '/opt/***/data/minio/TSLA/1771329134.json', '/opt/***/data/minio/TSLA/1771329145.json', '/opt/***/data/minio/TSLA/1771329156.json', '/opt/***/data/minio/TSLA/1771329169.json', '/opt/***/data/minio/TSLA/1771329179.json', '/opt/***/data/minio/TSLA/1771329190.json', '/opt/***/data/minio/TSLA/1771329202.json', '/opt/***/data/minio/TSLA/1771329213.json', '/opt/***/data/minio/TSLA/1771329223.json', '/opt/***/data/minio/TSLA/1771329233.json', '/opt/***/data/minio/TSLA/1771329244.json', '/opt/***/data/minio/TSLA/1771329254.json', '/opt/***/data/minio/TSLA/1771329265.json', '/opt/***/data/minio/TSLA/1771329275.json', '/opt/***/data/minio/TSLA/1771329285.json', '/opt/***/data/minio/TSLA/1771329295.json', '/opt/***/data/minio/TSLA/1771329305.json', '/opt/***/data/minio/TSLA/1771329316.json', '/opt/***/data/minio/TSLA/1771329326.json', '/opt/***/data/minio/TSLA/1771329336.json', '/opt/***/data/minio/TSLA/1771329347.json', '/opt/***/data/minio/TSLA/1771329357.json', '/opt/***/data/minio/TSLA/1771329367.json', '/opt/***/data/minio/TSLA/1771329378.json', '/opt/***/data/minio/TSLA/1771329388.json', '/opt/***/data/minio/TSLA/1771329398.json', '/opt/***/data/minio/TSLA/1771329409.json', '/opt/***/data/minio/TSLA/1771329418.json', '/opt/***/data/minio/TSLA/1771329428.json', '/opt/***/data/minio/TSLA/1771329438.json', '/opt/***/data/minio/TSLA/1771329448.json', '/opt/***/data/minio/TSLA/1771329459.json', '/opt/***/data/minio/TSLA/1771329469.json', '/opt/***/data/minio/TSLA/1771329479.json', '/opt/***/data/minio/TSLA/1771329489.json', '/opt/***/data/minio/TSLA/1771329501.json', '/opt/***/data/minio/TSLA/1771329511.json', '/opt/***/data/minio/TSLA/1771329522.json', '/opt/***/data/minio/TSLA/1771329539.json', '/opt/***/data/minio/TSLA/1771329550.json', '/opt/***/data/minio/TSLA/1771329561.json', '/opt/***/data/minio/TSLA/1771329570.json', '/opt/***/data/minio/TSLA/1771329580.json', '/opt/***/data/minio/TSLA/1771329590.json', '/opt/***/data/minio/TSLA/1771329601.json', '/opt/***/data/minio/TSLA/1771329613.json', '/opt/***/data/minio/TSLA/1771329623.json', '/opt/***/data/minio/TSLA/1771329635.json', '/opt/***/data/minio/TSLA/1771329677.json', '/opt/***/data/minio/TSLA/1771329699.json', '/opt/***/data/minio/TSLA/1771329710.json', '/opt/***/data/minio/TSLA/1771329720.json', '/opt/***/data/minio/TSLA/1771329731.json', '/opt/***/data/minio/TSLA/1771329741.json', '/opt/***/data/minio/TSLA/1771329752.json', '/opt/***/data/minio/TSLA/1771329763.json', '/opt/***/data/minio/TSLA/1771329775.json', '/opt/***/data/minio/TSLA/1771329786.json', '/opt/***/data/minio/TSLA/1771329798.json', '/opt/***/data/minio/TSLA/1771329809.json', '/opt/***/data/minio/TSLA/1771329820.json', '/opt/***/data/minio/TSLA/1771329831.json', '/opt/***/data/minio/TSLA/1771329842.json', '/opt/***/data/minio/TSLA/1771329879.json', '/opt/***/data/minio/TSLA/1771329890.json', '/opt/***/data/minio/TSLA/1771329900.json', '/opt/***/data/minio/TSLA/1771329910.json', '/opt/***/data/minio/TSLA/1771329921.json', '/opt/***/data/minio/TSLA/1771329931.json', '/opt/***/data/minio/TSLA/1771329942.json', '/opt/***/data/minio/TSLA/1771329953.json', '/opt/***/data/minio/TSLA/1771329963.json', '/opt/***/data/minio/TSLA/1771329974.json', '/opt/***/data/minio/TSLA/1771329985.json', '/opt/***/data/minio/TSLA/1771329996.json', '/opt/***/data/minio/TSLA/1771330007.json', '/opt/***/data/minio/TSLA/1771330026.json', '/opt/***/data/minio/TSLA/1771330038.json', '/opt/***/data/minio/TSLA/1771330049.json', '/opt/***/data/minio/TSLA/1771330081.json', '/opt/***/data/minio/TSLA/1771330093.json', '/opt/***/data/minio/TSLA/1771330104.json', '/opt/***/data/minio/TSLA/1771330115.json', '/opt/***/data/minio/TSLA/1771330127.json', '/opt/***/data/minio/TSLA/1771330137.json', '/opt/***/data/minio/TSLA/1771330148.json', '/opt/***/data/minio/TSLA/1771330159.json', '/opt/***/data/minio/TSLA/1771330170.json', '/opt/***/data/minio/TSLA/1771330180.json', '/opt/***/data/minio/TSLA/1771330190.json', '/opt/***/data/minio/TSLA/1771330202.json', '/opt/***/data/minio/TSLA/1771330213.json', '/opt/***/data/minio/TSLA/1771330224.json', '/opt/***/data/minio/TSLA/1771330236.json', '/opt/***/data/minio/TSLA/1771330247.json', '/opt/***/data/minio/TSLA/1771330257.json', '/opt/***/data/minio/TSLA/1771330268.json', '/opt/***/data/minio/TSLA/1771330278.json', '/opt/***/data/minio/TSLA/1771330289.json', '/opt/***/data/minio/TSLA/1771330299.json', '/opt/***/data/minio/TSLA/1771330310.json', '/opt/***/data/minio/TSLA/1771330322.json', '/opt/***/data/minio/TSLA/1771330333.json', '/opt/***/data/minio/TSLA/1771330343.json', '/opt/***/data/minio/TSLA/1771330354.json', '/opt/***/data/minio/TSLA/1771330365.json', '/opt/***/data/minio/TSLA/1771330375.json', '/opt/***/data/minio/TSLA/1771330386.json', '/opt/***/data/minio/TSLA/1771330397.json', '/opt/***/data/minio/TSLA/1771330408.json', '/opt/***/data/minio/TSLA/1771330421.json', '/opt/***/data/minio/TSLA/1771330431.json', '/opt/***/data/minio/TSLA/1771330442.json', '/opt/***/data/minio/TSLA/1771330452.json', '/opt/***/data/minio/TSLA/1771330463.json', '/opt/***/data/minio/TSLA/1771330474.json', '/opt/***/data/minio/TSLA/1771330484.json', '/opt/***/data/minio/TSLA/1771330494.json', '/opt/***/data/minio/TSLA/1771330505.json', '/opt/***/data/minio/TSLA/1771330516.json', '/opt/***/data/minio/TSLA/1771330526.json', '/opt/***/data/minio/TSLA/1771330539.json', '/opt/***/data/minio/TSLA/1771330549.json', '/opt/***/data/minio/TSLA/1771330565.json', '/opt/***/data/minio/TSLA/1771330577.json', '/opt/***/data/minio/TSLA/1771330589.json', '/opt/***/data/minio/TSLA/1771330601.json', '/opt/***/data/minio/TSLA/1771330611.json', '/opt/***/data/minio/TSLA/1771330622.json', '/opt/***/data/minio/TSLA/1771330633.json', '/opt/***/data/minio/TSLA/1771330644.json', '/opt/***/data/minio/TSLA/1771330655.json', '/opt/***/data/minio/TSLA/1771330666.json', '/opt/***/data/minio/TSLA/1771330680.json', '/opt/***/data/minio/TSLA/1771330690.json', '/opt/***/data/minio/TSLA/1771330701.json', '/opt/***/data/minio/TSLA/1771330712.json', '/opt/***/data/minio/TSLA/1771330725.json', '/opt/***/data/minio/TSLA/1771330736.json', '/opt/***/data/minio/TSLA/1771330746.json', '/opt/***/data/minio/TSLA/1771330756.json', '/opt/***/data/minio/TSLA/1771330766.json', '/opt/***/data/minio/TSLA/1771330777.json', '/opt/***/data/minio/TSLA/1771330787.json', '/opt/***/data/minio/TSLA/1771330798.json', '/opt/***/data/minio/TSLA/1771330808.json', '/opt/***/data/minio/TSLA/1771330819.json', '/opt/***/data/minio/TSLA/1771330830.json', '/opt/***/data/minio/TSLA/1771330844.json', '/opt/***/data/minio/TSLA/1771330859.json', '/opt/***/data/minio/TSLA/1771330873.json', '/opt/***/data/minio/TSLA/1771330887.json', '/opt/***/data/minio/TSLA/1771330900.json', '/opt/***/data/minio/TSLA/1771330910.json', '/opt/***/data/minio/TSLA/1771330920.json', '/opt/***/data/minio/TSLA/1771330930.json', '/opt/***/data/minio/TSLA/1771330940.json', '/opt/***/data/minio/TSLA/1771330952.json', '/opt/***/data/minio/TSLA/1771330962.json', '/opt/***/data/minio/TSLA/1771330977.json', '/opt/***/data/minio/TSLA/1771330987.json', '/opt/***/data/minio/TSLA/1771330998.json', '/opt/***/data/minio/TSLA/1771331008.json', '/opt/***/data/minio/TSLA/1771331018.json', '/opt/***/data/minio/TSLA/1771331028.json', '/opt/***/data/minio/TSLA/1771331038.json', '/opt/***/data/minio/TSLA/1771331049.json', '/opt/***/data/minio/TSLA/1771331060.json', '/opt/***/data/minio/TSLA/1771331071.json', '/opt/***/data/minio/TSLA/1771331082.json', '/opt/***/data/minio/TSLA/1771331093.json', '/opt/***/data/minio/TSLA/1771331103.json', '/opt/***/data/minio/TSLA/1771331113.json', '/opt/***/data/minio/TSLA/1771331123.json', '/opt/***/data/minio/TSLA/1771331134.json', '/opt/***/data/minio/TSLA/1771331144.json', '/opt/***/data/minio/TSLA/1771331154.json', '/opt/***/data/minio/TSLA/1771331165.json', '/opt/***/data/minio/TSLA/1771331176.json', '/opt/***/data/minio/TSLA/1771331186.json', '/opt/***/data/minio/TSLA/1771331197.json', '/opt/***/data/minio/TSLA/1771331207.json', '/opt/***/data/minio/TSLA/1771331218.json', '/opt/***/data/minio/TSLA/1771331229.json', '/opt/***/data/minio/TSLA/1771331242.json', '/opt/***/data/minio/TSLA/1771331253.json', '/opt/***/data/minio/TSLA/1771331265.json', '/opt/***/data/minio/TSLA/1771331276.json', '/opt/***/data/minio/TSLA/1771331287.json', '/opt/***/data/minio/TSLA/1771331297.json', '/opt/***/data/minio/TSLA/1771331308.json', '/opt/***/data/minio/TSLA/1771331318.json', '/opt/***/data/minio/TSLA/1771331328.json', '/opt/***/data/minio/TSLA/1771331338.json', '/opt/***/data/minio/TSLA/1771331348.json', '/opt/***/data/minio/TSLA/1771331359.json', '/opt/***/data/minio/TSLA/1771331369.json', '/opt/***/data/minio/TSLA/1771331380.json', '/opt/***/data/minio/TSLA/1771331389.json', '/opt/***/data/minio/TSLA/1771331400.json', '/opt/***/data/minio/TSLA/1771331410.json', '/opt/***/data/minio/TSLA/1771331421.json', '/opt/***/data/minio/TSLA/1771331431.json', '/opt/***/data/minio/TSLA/1771331441.json', '/opt/***/data/minio/TSLA/1771331452.json']
[2026-02-17T12:32:34.091+0000] {taskinstance.py:441} INFO - ::group::Post task execution logs
[2026-02-17T12:32:34.865+0000] {taskinstance.py:1206} INFO - Marking task as SUCCESS. dag_id=minio_to_snowflake, task_id=download_minio, run_id=scheduled__2026-02-17T12:25:00+00:00, execution_date=20260217T122500, start_date=20260217T123008, end_date=20260217T123234
[2026-02-17T12:32:35.204+0000] {local_task_job_runner.py:243} INFO - Task exited with return code 0
[2026-02-17T12:32:35.542+0000] {taskinstance.py:3503} INFO - 1 downstream tasks scheduled from follow-on schedule check
[2026-02-17T12:32:35.554+0000] {local_task_job_runner.py:222} INFO - ::endgroup::
