[2026-02-17T11:15:06.656+0000] {local_task_job_runner.py:120} INFO - ::group::Pre task execution logs
[2026-02-17T11:15:06.791+0000] {taskinstance.py:2076} INFO - Dependencies all met for dep_context=non-requeueable deps ti=<TaskInstance: minio_to_snowflake.download_minio scheduled__2026-02-17T11:10:00+00:00 [queued]>
[2026-02-17T11:15:06.813+0000] {taskinstance.py:2076} INFO - Dependencies all met for dep_context=requeueable deps ti=<TaskInstance: minio_to_snowflake.download_minio scheduled__2026-02-17T11:10:00+00:00 [queued]>
[2026-02-17T11:15:06.818+0000] {taskinstance.py:2306} INFO - Starting attempt 1 of 2
[2026-02-17T11:15:06.860+0000] {taskinstance.py:2330} INFO - Executing <Task(PythonOperator): download_minio> on 2026-02-17 11:10:00+00:00
[2026-02-17T11:15:06.902+0000] {logging_mixin.py:188} WARNING - /home/***/.local/lib/python3.12/site-packages/***/task/task_runner/standard_task_runner.py:62 DeprecationWarning: This process (pid=11265) is multi-threaded, use of fork() may lead to deadlocks in the child.
[2026-02-17T11:15:06.899+0000] {standard_task_runner.py:90} INFO - Running: ['***', 'tasks', 'run', 'minio_to_snowflake', 'download_minio', 'scheduled__2026-02-17T11:10:00+00:00', '--job-id', '1534', '--raw', '--subdir', 'DAGS_FOLDER/minio_to_snowflake.py', '--cfg-path', '/tmp/tmpfwxuqzvv']
[2026-02-17T11:15:06.906+0000] {standard_task_runner.py:64} INFO - Started process 11293 to run task
[2026-02-17T11:15:06.906+0000] {standard_task_runner.py:91} INFO - Job 1534: Subtask download_minio
[2026-02-17T11:15:07.173+0000] {task_command.py:426} INFO - Running <TaskInstance: minio_to_snowflake.download_minio scheduled__2026-02-17T11:10:00+00:00 [running]> on host bc06947cd9a6
[2026-02-17T11:15:07.463+0000] {taskinstance.py:2648} INFO - Exporting env vars: AIRFLOW_CTX_DAG_OWNER='***' AIRFLOW_CTX_DAG_ID='minio_to_snowflake' AIRFLOW_CTX_TASK_ID='download_minio' AIRFLOW_CTX_EXECUTION_DATE='2026-02-17T11:10:00+00:00' AIRFLOW_CTX_TRY_NUMBER='1' AIRFLOW_CTX_DAG_RUN_ID='scheduled__2026-02-17T11:10:00+00:00'
[2026-02-17T11:15:07.469+0000] {taskinstance.py:430} INFO - ::endgroup::
[2026-02-17T11:15:09.146+0000] {logging_mixin.py:188} INFO - Downloaded AAPL/1771324930.json
[2026-02-17T11:15:09.185+0000] {logging_mixin.py:188} INFO - Downloaded AAPL/1771324943.json
[2026-02-17T11:15:09.237+0000] {logging_mixin.py:188} INFO - Downloaded AAPL/1771324953.json
[2026-02-17T11:15:09.282+0000] {logging_mixin.py:188} INFO - Downloaded AAPL/1771324964.json
[2026-02-17T11:15:09.321+0000] {logging_mixin.py:188} INFO - Downloaded AAPL/1771324974.json
[2026-02-17T11:15:09.356+0000] {logging_mixin.py:188} INFO - Downloaded AAPL/1771324985.json
[2026-02-17T11:15:09.389+0000] {logging_mixin.py:188} INFO - Downloaded AAPL/1771324996.json
[2026-02-17T11:15:09.420+0000] {logging_mixin.py:188} INFO - Downloaded AAPL/1771325007.json
[2026-02-17T11:15:09.453+0000] {logging_mixin.py:188} INFO - Downloaded AAPL/1771325017.json
[2026-02-17T11:15:09.485+0000] {logging_mixin.py:188} INFO - Downloaded AAPL/1771325028.json
[2026-02-17T11:15:09.519+0000] {logging_mixin.py:188} INFO - Downloaded AAPL/1771325039.json
[2026-02-17T11:15:09.551+0000] {logging_mixin.py:188} INFO - Downloaded AAPL/1771325049.json
[2026-02-17T11:15:09.580+0000] {logging_mixin.py:188} INFO - Downloaded AAPL/1771325059.json
[2026-02-17T11:15:09.614+0000] {logging_mixin.py:188} INFO - Downloaded AAPL/1771325069.json
[2026-02-17T11:15:09.648+0000] {logging_mixin.py:188} INFO - Downloaded AAPL/1771325080.json
[2026-02-17T11:15:09.689+0000] {logging_mixin.py:188} INFO - Downloaded AAPL/1771325090.json
[2026-02-17T11:15:09.736+0000] {logging_mixin.py:188} INFO - Downloaded AAPL/1771325101.json
[2026-02-17T11:15:09.779+0000] {logging_mixin.py:188} INFO - Downloaded AAPL/1771325112.json
[2026-02-17T11:15:09.813+0000] {logging_mixin.py:188} INFO - Downloaded AAPL/1771325122.json
[2026-02-17T11:15:09.844+0000] {logging_mixin.py:188} INFO - Downloaded AAPL/1771325132.json
[2026-02-17T11:15:09.878+0000] {logging_mixin.py:188} INFO - Downloaded AAPL/1771325143.json
[2026-02-17T11:15:09.908+0000] {logging_mixin.py:188} INFO - Downloaded AAPL/1771325153.json
[2026-02-17T11:15:09.939+0000] {logging_mixin.py:188} INFO - Downloaded AAPL/1771325163.json
[2026-02-17T11:15:09.970+0000] {logging_mixin.py:188} INFO - Downloaded AAPL/1771325174.json
[2026-02-17T11:15:10.010+0000] {logging_mixin.py:188} INFO - Downloaded AAPL/1771325184.json
[2026-02-17T11:15:10.048+0000] {logging_mixin.py:188} INFO - Downloaded AAPL/1771325195.json
[2026-02-17T11:15:10.083+0000] {logging_mixin.py:188} INFO - Downloaded AAPL/1771325205.json
[2026-02-17T11:15:10.115+0000] {logging_mixin.py:188} INFO - Downloaded AAPL/1771325215.json
[2026-02-17T11:15:10.151+0000] {logging_mixin.py:188} INFO - Downloaded AAPL/1771325226.json
[2026-02-17T11:15:10.192+0000] {logging_mixin.py:188} INFO - Downloaded AAPL/1771325236.json
[2026-02-17T11:15:10.242+0000] {logging_mixin.py:188} INFO - Downloaded AAPL/1771325247.json
[2026-02-17T11:15:10.294+0000] {logging_mixin.py:188} INFO - Downloaded AAPL/1771325257.json
[2026-02-17T11:15:10.335+0000] {logging_mixin.py:188} INFO - Downloaded AAPL/1771325269.json
[2026-02-17T11:15:10.456+0000] {logging_mixin.py:188} INFO - Downloaded AAPL/1771325279.json
[2026-02-17T11:15:10.536+0000] {logging_mixin.py:188} INFO - Downloaded AAPL/1771325289.json
[2026-02-17T11:15:10.854+0000] {logging_mixin.py:188} INFO - Downloaded AAPL/1771325300.json
[2026-02-17T11:15:10.915+0000] {logging_mixin.py:188} INFO - Downloaded AAPL/1771325334.json
[2026-02-17T11:15:10.984+0000] {logging_mixin.py:188} INFO - Downloaded AAPL/1771325344.json
[2026-02-17T11:15:11.023+0000] {logging_mixin.py:188} INFO - Downloaded AAPL/1771325354.json
[2026-02-17T11:15:11.135+0000] {logging_mixin.py:188} INFO - Downloaded AAPL/1771325365.json
[2026-02-17T11:15:11.240+0000] {logging_mixin.py:188} INFO - Downloaded AAPL/1771325375.json
[2026-02-17T11:15:11.306+0000] {logging_mixin.py:188} INFO - Downloaded AAPL/1771325385.json
[2026-02-17T11:15:11.348+0000] {logging_mixin.py:188} INFO - Downloaded AAPL/1771325396.json
[2026-02-17T11:15:11.411+0000] {logging_mixin.py:188} INFO - Downloaded AAPL/1771325408.json
[2026-02-17T11:15:11.459+0000] {logging_mixin.py:188} INFO - Downloaded AAPL/1771325419.json
[2026-02-17T11:15:11.512+0000] {logging_mixin.py:188} INFO - Downloaded AAPL/1771325431.json
[2026-02-17T11:15:11.541+0000] {logging_mixin.py:188} INFO - Downloaded AAPL/1771325442.json
[2026-02-17T11:15:11.570+0000] {logging_mixin.py:188} INFO - Downloaded AAPL/1771325454.json
[2026-02-17T11:15:11.602+0000] {logging_mixin.py:188} INFO - Downloaded AAPL/1771325464.json
[2026-02-17T11:15:11.634+0000] {logging_mixin.py:188} INFO - Downloaded AAPL/1771325474.json
[2026-02-17T11:15:11.667+0000] {logging_mixin.py:188} INFO - Downloaded AAPL/1771325485.json
[2026-02-17T11:15:11.700+0000] {logging_mixin.py:188} INFO - Downloaded AAPL/1771325496.json
[2026-02-17T11:15:11.753+0000] {logging_mixin.py:188} INFO - Downloaded AAPL/1771325507.json
[2026-02-17T11:15:11.834+0000] {logging_mixin.py:188} INFO - Downloaded AAPL/1771325517.json
[2026-02-17T11:15:11.879+0000] {logging_mixin.py:188} INFO - Downloaded AAPL/1771325528.json
[2026-02-17T11:15:11.926+0000] {logging_mixin.py:188} INFO - Downloaded AAPL/1771325539.json
[2026-02-17T11:15:11.999+0000] {logging_mixin.py:188} INFO - Downloaded AAPL/1771325549.json
[2026-02-17T11:15:12.375+0000] {logging_mixin.py:188} INFO - Downloaded AAPL/1771325559.json
[2026-02-17T11:15:12.466+0000] {logging_mixin.py:188} INFO - Downloaded AAPL/1771325569.json
[2026-02-17T11:15:12.538+0000] {logging_mixin.py:188} INFO - Downloaded AAPL/1771325580.json
[2026-02-17T11:15:12.579+0000] {logging_mixin.py:188} INFO - Downloaded AAPL/1771325590.json
[2026-02-17T11:15:12.634+0000] {logging_mixin.py:188} INFO - Downloaded AAPL/1771325600.json
[2026-02-17T11:15:12.676+0000] {logging_mixin.py:188} INFO - Downloaded AAPL/1771325612.json
[2026-02-17T11:15:12.713+0000] {logging_mixin.py:188} INFO - Downloaded AAPL/1771325623.json
[2026-02-17T11:15:12.749+0000] {logging_mixin.py:188} INFO - Downloaded AAPL/1771325633.json
[2026-02-17T11:15:12.787+0000] {logging_mixin.py:188} INFO - Downloaded AAPL/1771325644.json
[2026-02-17T11:15:12.833+0000] {logging_mixin.py:188} INFO - Downloaded AAPL/1771325655.json
[2026-02-17T11:15:12.878+0000] {logging_mixin.py:188} INFO - Downloaded AAPL/1771325666.json
[2026-02-17T11:15:12.911+0000] {logging_mixin.py:188} INFO - Downloaded AAPL/1771325676.json
[2026-02-17T11:15:12.938+0000] {logging_mixin.py:188} INFO - Downloaded AAPL/1771325686.json
[2026-02-17T11:15:13.004+0000] {logging_mixin.py:188} INFO - Downloaded AAPL/1771325697.json
[2026-02-17T11:15:13.048+0000] {logging_mixin.py:188} INFO - Downloaded AAPL/1771325708.json
[2026-02-17T11:15:13.100+0000] {logging_mixin.py:188} INFO - Downloaded AAPL/1771325718.json
[2026-02-17T11:15:13.138+0000] {logging_mixin.py:188} INFO - Downloaded AAPL/1771325729.json
[2026-02-17T11:15:13.171+0000] {logging_mixin.py:188} INFO - Downloaded AAPL/1771325739.json
[2026-02-17T11:15:13.198+0000] {logging_mixin.py:188} INFO - Downloaded AAPL/1771325750.json
[2026-02-17T11:15:13.248+0000] {logging_mixin.py:188} INFO - Downloaded AAPL/1771325761.json
[2026-02-17T11:15:13.288+0000] {logging_mixin.py:188} INFO - Downloaded AAPL/1771325776.json
[2026-02-17T11:15:13.403+0000] {logging_mixin.py:188} INFO - Downloaded AAPL/1771325787.json
[2026-02-17T11:15:13.453+0000] {logging_mixin.py:188} INFO - Downloaded AAPL/1771325800.json
[2026-02-17T11:15:13.495+0000] {logging_mixin.py:188} INFO - Downloaded AAPL/1771325810.json
[2026-02-17T11:15:13.540+0000] {logging_mixin.py:188} INFO - Downloaded AAPL/1771325820.json
[2026-02-17T11:15:13.644+0000] {logging_mixin.py:188} INFO - Downloaded AAPL/1771325831.json
[2026-02-17T11:15:13.715+0000] {logging_mixin.py:188} INFO - Downloaded AAPL/1771325841.json
[2026-02-17T11:15:13.766+0000] {logging_mixin.py:188} INFO - Downloaded AAPL/1771325851.json
[2026-02-17T11:15:13.812+0000] {logging_mixin.py:188} INFO - Downloaded AAPL/1771325863.json
[2026-02-17T11:15:13.852+0000] {logging_mixin.py:188} INFO - Downloaded AAPL/1771325874.json
[2026-02-17T11:15:13.904+0000] {logging_mixin.py:188} INFO - Downloaded AAPL/1771325885.json
[2026-02-17T11:15:13.940+0000] {logging_mixin.py:188} INFO - Downloaded AAPL/1771325898.json
[2026-02-17T11:15:13.995+0000] {logging_mixin.py:188} INFO - Downloaded AAPL/1771325910.json
[2026-02-17T11:15:14.048+0000] {logging_mixin.py:188} INFO - Downloaded AAPL/1771325921.json
[2026-02-17T11:15:14.097+0000] {logging_mixin.py:188} INFO - Downloaded AAPL/1771325932.json
[2026-02-17T11:15:14.156+0000] {logging_mixin.py:188} INFO - Downloaded AAPL/1771325944.json
[2026-02-17T11:15:14.212+0000] {logging_mixin.py:188} INFO - Downloaded AAPL/1771325955.json
[2026-02-17T11:15:14.250+0000] {logging_mixin.py:188} INFO - Downloaded AAPL/1771325969.json
[2026-02-17T11:15:14.301+0000] {logging_mixin.py:188} INFO - Downloaded AAPL/1771325980.json
[2026-02-17T11:15:14.352+0000] {logging_mixin.py:188} INFO - Downloaded AAPL/1771325991.json
[2026-02-17T11:15:14.390+0000] {logging_mixin.py:188} INFO - Downloaded AAPL/1771326002.json
[2026-02-17T11:15:14.434+0000] {logging_mixin.py:188} INFO - Downloaded AAPL/1771326012.json
[2026-02-17T11:15:14.468+0000] {logging_mixin.py:188} INFO - Downloaded AAPL/1771326023.json
[2026-02-17T11:15:14.497+0000] {logging_mixin.py:188} INFO - Downloaded AAPL/1771326034.json
[2026-02-17T11:15:14.546+0000] {logging_mixin.py:188} INFO - Downloaded AAPL/1771326044.json
[2026-02-17T11:15:14.576+0000] {logging_mixin.py:188} INFO - Downloaded AAPL/1771326054.json
[2026-02-17T11:15:14.605+0000] {logging_mixin.py:188} INFO - Downloaded AAPL/1771326064.json
[2026-02-17T11:15:14.647+0000] {logging_mixin.py:188} INFO - Downloaded AAPL/1771326074.json
[2026-02-17T11:15:14.682+0000] {logging_mixin.py:188} INFO - Downloaded AAPL/1771326084.json
[2026-02-17T11:15:14.710+0000] {logging_mixin.py:188} INFO - Downloaded AAPL/1771326095.json
[2026-02-17T11:15:14.737+0000] {logging_mixin.py:188} INFO - Downloaded AAPL/1771326108.json
[2026-02-17T11:15:14.775+0000] {logging_mixin.py:188} INFO - Downloaded AAPL/1771326121.json
[2026-02-17T11:15:14.818+0000] {logging_mixin.py:188} INFO - Downloaded AAPL/1771326135.json
[2026-02-17T11:15:14.851+0000] {logging_mixin.py:188} INFO - Downloaded AAPL/1771326145.json
[2026-02-17T11:15:14.901+0000] {logging_mixin.py:188} INFO - Downloaded AAPL/1771326157.json
[2026-02-17T11:15:14.934+0000] {logging_mixin.py:188} INFO - Downloaded AAPL/1771326168.json
[2026-02-17T11:15:14.978+0000] {logging_mixin.py:188} INFO - Downloaded AAPL/1771326180.json
[2026-02-17T11:15:15.035+0000] {logging_mixin.py:188} INFO - Downloaded AAPL/1771326190.json
[2026-02-17T11:15:15.098+0000] {logging_mixin.py:188} INFO - Downloaded AAPL/1771326201.json
[2026-02-17T11:15:15.181+0000] {logging_mixin.py:188} INFO - Downloaded AAPL/1771326211.json
[2026-02-17T11:15:15.271+0000] {logging_mixin.py:188} INFO - Downloaded AAPL/1771326221.json
[2026-02-17T11:15:15.336+0000] {logging_mixin.py:188} INFO - Downloaded AAPL/1771326231.json
[2026-02-17T11:15:15.399+0000] {logging_mixin.py:188} INFO - Downloaded AAPL/1771326241.json
[2026-02-17T11:15:15.452+0000] {logging_mixin.py:188} INFO - Downloaded AAPL/1771326252.json
[2026-02-17T11:15:15.537+0000] {logging_mixin.py:188} INFO - Downloaded AAPL/1771326262.json
[2026-02-17T11:15:15.578+0000] {logging_mixin.py:188} INFO - Downloaded AAPL/1771326272.json
[2026-02-17T11:15:15.617+0000] {logging_mixin.py:188} INFO - Downloaded AAPL/1771326282.json
[2026-02-17T11:15:15.833+0000] {logging_mixin.py:188} INFO - Downloaded AAPL/1771326293.json
[2026-02-17T11:15:15.886+0000] {logging_mixin.py:188} INFO - Downloaded AAPL/1771326309.json
[2026-02-17T11:15:15.966+0000] {logging_mixin.py:188} INFO - Downloaded AAPL/1771326320.json
[2026-02-17T11:15:16.002+0000] {logging_mixin.py:188} INFO - Downloaded AAPL/1771326331.json
[2026-02-17T11:15:16.034+0000] {logging_mixin.py:188} INFO - Downloaded AAPL/1771326347.json
[2026-02-17T11:15:16.064+0000] {logging_mixin.py:188} INFO - Downloaded AAPL/1771326358.json
[2026-02-17T11:15:16.101+0000] {logging_mixin.py:188} INFO - Downloaded AAPL/1771326370.json
[2026-02-17T11:15:16.165+0000] {logging_mixin.py:188} INFO - Downloaded AAPL/1771326381.json
[2026-02-17T11:15:16.215+0000] {logging_mixin.py:188} INFO - Downloaded AAPL/1771326391.json
[2026-02-17T11:15:16.273+0000] {logging_mixin.py:188} INFO - Downloaded AAPL/1771326402.json
[2026-02-17T11:15:16.326+0000] {logging_mixin.py:188} INFO - Downloaded AAPL/1771326412.json
[2026-02-17T11:15:16.366+0000] {logging_mixin.py:188} INFO - Downloaded AAPL/1771326422.json
[2026-02-17T11:15:16.418+0000] {logging_mixin.py:188} INFO - Downloaded AAPL/1771326433.json
[2026-02-17T11:15:16.540+0000] {logging_mixin.py:188} INFO - Downloaded AAPL/1771326443.json
[2026-02-17T11:15:16.633+0000] {logging_mixin.py:188} INFO - Downloaded AAPL/1771326452.json
[2026-02-17T11:15:16.731+0000] {logging_mixin.py:188} INFO - Downloaded AAPL/1771326463.json
[2026-02-17T11:15:16.814+0000] {logging_mixin.py:188} INFO - Downloaded AAPL/1771326473.json
[2026-02-17T11:15:16.868+0000] {logging_mixin.py:188} INFO - Downloaded AAPL/1771326483.json
[2026-02-17T11:15:16.955+0000] {logging_mixin.py:188} INFO - Downloaded AAPL/1771326493.json
[2026-02-17T11:15:17.003+0000] {logging_mixin.py:188} INFO - Downloaded AAPL/1771326504.json
[2026-02-17T11:15:17.074+0000] {logging_mixin.py:188} INFO - Downloaded AAPL/1771326514.json
[2026-02-17T11:15:17.142+0000] {logging_mixin.py:188} INFO - Downloaded AAPL/1771326525.json
[2026-02-17T11:15:17.210+0000] {logging_mixin.py:188} INFO - Downloaded AAPL/1771326535.json
[2026-02-17T11:15:17.305+0000] {logging_mixin.py:188} INFO - Downloaded AAPL/1771326545.json
[2026-02-17T11:15:17.424+0000] {logging_mixin.py:188} INFO - Downloaded AAPL/1771326555.json
[2026-02-17T11:15:17.483+0000] {logging_mixin.py:188} INFO - Downloaded AAPL/1771326566.json
[2026-02-17T11:15:17.535+0000] {logging_mixin.py:188} INFO - Downloaded AAPL/1771326576.json
[2026-02-17T11:15:17.582+0000] {logging_mixin.py:188} INFO - Downloaded AAPL/1771326585.json
[2026-02-17T11:15:17.628+0000] {logging_mixin.py:188} INFO - Downloaded AAPL/1771326595.json
[2026-02-17T11:15:17.696+0000] {logging_mixin.py:188} INFO - Downloaded AAPL/1771326605.json
[2026-02-17T11:15:17.753+0000] {logging_mixin.py:188} INFO - Downloaded AAPL/1771326615.json
[2026-02-17T11:15:17.794+0000] {logging_mixin.py:188} INFO - Downloaded AAPL/1771326626.json
[2026-02-17T11:15:17.826+0000] {logging_mixin.py:188} INFO - Downloaded AAPL/1771326636.json
[2026-02-17T11:15:17.846+0000] {logging_mixin.py:188} INFO - Downloaded AAPL/1771326646.json
[2026-02-17T11:15:17.870+0000] {logging_mixin.py:188} INFO - Downloaded AAPL/1771326656.json
[2026-02-17T11:15:17.895+0000] {logging_mixin.py:188} INFO - Downloaded AAPL/1771326666.json
[2026-02-17T11:15:17.922+0000] {logging_mixin.py:188} INFO - Downloaded AAPL/1771326677.json
[2026-02-17T11:15:17.956+0000] {logging_mixin.py:188} INFO - Downloaded AAPL/1771326687.json
[2026-02-17T11:15:17.990+0000] {logging_mixin.py:188} INFO - Downloaded AAPL/1771326697.json
[2026-02-17T11:15:18.021+0000] {logging_mixin.py:188} INFO - Downloaded AAPL/1771326708.json
[2026-02-17T11:15:18.069+0000] {logging_mixin.py:188} INFO - Downloaded AAPL/1771326718.json
[2026-02-17T11:15:18.104+0000] {logging_mixin.py:188} INFO - Downloaded AAPL/1771326728.json
[2026-02-17T11:15:18.126+0000] {logging_mixin.py:188} INFO - Downloaded AAPL/1771326738.json
[2026-02-17T11:15:18.158+0000] {logging_mixin.py:188} INFO - Downloaded AAPL/1771326748.json
[2026-02-17T11:15:18.186+0000] {logging_mixin.py:188} INFO - Downloaded AAPL/1771326759.json
[2026-02-17T11:15:18.220+0000] {logging_mixin.py:188} INFO - Downloaded AAPL/1771326769.json
[2026-02-17T11:15:18.243+0000] {logging_mixin.py:188} INFO - Downloaded AAPL/1771326779.json
[2026-02-17T11:15:18.264+0000] {logging_mixin.py:188} INFO - Downloaded AAPL/1771326789.json
[2026-02-17T11:15:18.286+0000] {logging_mixin.py:188} INFO - Downloaded AAPL/1771326799.json
[2026-02-17T11:15:18.306+0000] {logging_mixin.py:188} INFO - Downloaded AAPL/1771326810.json
[2026-02-17T11:15:18.327+0000] {logging_mixin.py:188} INFO - Downloaded AAPL/1771326820.json
[2026-02-17T11:15:18.356+0000] {logging_mixin.py:188} INFO - Downloaded AAPL/1771326830.json
[2026-02-17T11:15:18.379+0000] {logging_mixin.py:188} INFO - Downloaded AAPL/1771326840.json
[2026-02-17T11:15:18.405+0000] {logging_mixin.py:188} INFO - Downloaded AAPL/1771326850.json
[2026-02-17T11:15:18.429+0000] {logging_mixin.py:188} INFO - Downloaded AAPL/1771326860.json
[2026-02-17T11:15:18.453+0000] {logging_mixin.py:188} INFO - Downloaded AAPL/1771326870.json
[2026-02-17T11:15:18.478+0000] {logging_mixin.py:188} INFO - Downloaded AAPL/1771326881.json
[2026-02-17T11:15:18.503+0000] {logging_mixin.py:188} INFO - Downloaded AAPL/1771326891.json
[2026-02-17T11:15:18.538+0000] {logging_mixin.py:188} INFO - Downloaded AAPL/1771326902.json
[2026-02-17T11:15:18.571+0000] {logging_mixin.py:188} INFO - Downloaded AMZN/1771324936.json
[2026-02-17T11:15:18.636+0000] {logging_mixin.py:188} INFO - Downloaded AMZN/1771324946.json
[2026-02-17T11:15:18.704+0000] {logging_mixin.py:188} INFO - Downloaded AMZN/1771324957.json
[2026-02-17T11:15:18.747+0000] {logging_mixin.py:188} INFO - Downloaded AMZN/1771324968.json
[2026-02-17T11:15:18.776+0000] {logging_mixin.py:188} INFO - Downloaded AMZN/1771324978.json
[2026-02-17T11:15:18.798+0000] {logging_mixin.py:188} INFO - Downloaded AMZN/1771324989.json
[2026-02-17T11:15:18.823+0000] {logging_mixin.py:188} INFO - Downloaded AMZN/1771325000.json
[2026-02-17T11:15:18.848+0000] {logging_mixin.py:188} INFO - Downloaded AMZN/1771325010.json
[2026-02-17T11:15:18.875+0000] {logging_mixin.py:188} INFO - Downloaded AMZN/1771325021.json
[2026-02-17T11:15:18.901+0000] {logging_mixin.py:188} INFO - Downloaded AMZN/1771325032.json
[2026-02-17T11:15:18.924+0000] {logging_mixin.py:188} INFO - Downloaded AMZN/1771325042.json
[2026-02-17T11:15:18.945+0000] {logging_mixin.py:188} INFO - Downloaded AMZN/1771325052.json
[2026-02-17T11:15:18.969+0000] {logging_mixin.py:188} INFO - Downloaded AMZN/1771325063.json
[2026-02-17T11:15:18.992+0000] {logging_mixin.py:188} INFO - Downloaded AMZN/1771325073.json
[2026-02-17T11:15:19.024+0000] {logging_mixin.py:188} INFO - Downloaded AMZN/1771325083.json
[2026-02-17T11:15:19.047+0000] {logging_mixin.py:188} INFO - Downloaded AMZN/1771325094.json
[2026-02-17T11:15:19.071+0000] {logging_mixin.py:188} INFO - Downloaded AMZN/1771325105.json
[2026-02-17T11:15:19.107+0000] {logging_mixin.py:188} INFO - Downloaded AMZN/1771325115.json
[2026-02-17T11:15:19.154+0000] {logging_mixin.py:188} INFO - Downloaded AMZN/1771325125.json
[2026-02-17T11:15:19.192+0000] {logging_mixin.py:188} INFO - Downloaded AMZN/1771325136.json
[2026-02-17T11:15:19.226+0000] {logging_mixin.py:188} INFO - Downloaded AMZN/1771325146.json
[2026-02-17T11:15:19.260+0000] {logging_mixin.py:188} INFO - Downloaded AMZN/1771325156.json
[2026-02-17T11:15:19.290+0000] {logging_mixin.py:188} INFO - Downloaded AMZN/1771325167.json
[2026-02-17T11:15:19.339+0000] {logging_mixin.py:188} INFO - Downloaded AMZN/1771325177.json
[2026-02-17T11:15:19.386+0000] {logging_mixin.py:188} INFO - Downloaded AMZN/1771325188.json
[2026-02-17T11:15:19.422+0000] {logging_mixin.py:188} INFO - Downloaded AMZN/1771325198.json
[2026-02-17T11:15:19.456+0000] {logging_mixin.py:188} INFO - Downloaded AMZN/1771325209.json
[2026-02-17T11:15:19.495+0000] {logging_mixin.py:188} INFO - Downloaded AMZN/1771325219.json
[2026-02-17T11:15:19.530+0000] {logging_mixin.py:188} INFO - Downloaded AMZN/1771325229.json
[2026-02-17T11:15:19.560+0000] {logging_mixin.py:188} INFO - Downloaded AMZN/1771325240.json
[2026-02-17T11:15:19.591+0000] {logging_mixin.py:188} INFO - Downloaded AMZN/1771325250.json
[2026-02-17T11:15:19.638+0000] {logging_mixin.py:188} INFO - Downloaded AMZN/1771325262.json
[2026-02-17T11:15:19.690+0000] {logging_mixin.py:188} INFO - Downloaded AMZN/1771325272.json
[2026-02-17T11:15:19.755+0000] {logging_mixin.py:188} INFO - Downloaded AMZN/1771325283.json
[2026-02-17T11:15:19.803+0000] {logging_mixin.py:188} INFO - Downloaded AMZN/1771325293.json
[2026-02-17T11:15:19.843+0000] {logging_mixin.py:188} INFO - Downloaded AMZN/1771325337.json
[2026-02-17T11:15:19.887+0000] {logging_mixin.py:188} INFO - Downloaded AMZN/1771325347.json
[2026-02-17T11:15:19.940+0000] {logging_mixin.py:188} INFO - Downloaded AMZN/1771325358.json
[2026-02-17T11:15:19.988+0000] {logging_mixin.py:188} INFO - Downloaded AMZN/1771325368.json
[2026-02-17T11:15:20.028+0000] {logging_mixin.py:188} INFO - Downloaded AMZN/1771325378.json
[2026-02-17T11:15:20.075+0000] {logging_mixin.py:188} INFO - Downloaded AMZN/1771325389.json
[2026-02-17T11:15:20.113+0000] {logging_mixin.py:188} INFO - Downloaded AMZN/1771325401.json
[2026-02-17T11:15:20.156+0000] {logging_mixin.py:188} INFO - Downloaded AMZN/1771325412.json
[2026-02-17T11:15:20.204+0000] {logging_mixin.py:188} INFO - Downloaded AMZN/1771325424.json
[2026-02-17T11:15:20.253+0000] {logging_mixin.py:188} INFO - Downloaded AMZN/1771325435.json
[2026-02-17T11:15:20.292+0000] {logging_mixin.py:188} INFO - Downloaded AMZN/1771325447.json
[2026-02-17T11:15:20.340+0000] {logging_mixin.py:188} INFO - Downloaded AMZN/1771325457.json
[2026-02-17T11:15:20.384+0000] {logging_mixin.py:188} INFO - Downloaded AMZN/1771325468.json
[2026-02-17T11:15:20.436+0000] {logging_mixin.py:188} INFO - Downloaded AMZN/1771325477.json
[2026-02-17T11:15:20.486+0000] {logging_mixin.py:188} INFO - Downloaded AMZN/1771325489.json
[2026-02-17T11:15:20.568+0000] {logging_mixin.py:188} INFO - Downloaded AMZN/1771325500.json
[2026-02-17T11:15:20.626+0000] {logging_mixin.py:188} INFO - Downloaded AMZN/1771325510.json
[2026-02-17T11:15:20.700+0000] {logging_mixin.py:188} INFO - Downloaded AMZN/1771325521.json
[2026-02-17T11:15:20.833+0000] {logging_mixin.py:188} INFO - Downloaded AMZN/1771325532.json
[2026-02-17T11:15:20.900+0000] {logging_mixin.py:188} INFO - Downloaded AMZN/1771325542.json
[2026-02-17T11:15:21.007+0000] {logging_mixin.py:188} INFO - Downloaded AMZN/1771325552.json
[2026-02-17T11:15:21.062+0000] {logging_mixin.py:188} INFO - Downloaded AMZN/1771325562.json
[2026-02-17T11:15:21.092+0000] {logging_mixin.py:188} INFO - Downloaded AMZN/1771325573.json
[2026-02-17T11:15:21.116+0000] {logging_mixin.py:188} INFO - Downloaded AMZN/1771325583.json
[2026-02-17T11:15:21.154+0000] {logging_mixin.py:188} INFO - Downloaded AMZN/1771325593.json
[2026-02-17T11:15:21.183+0000] {logging_mixin.py:188} INFO - Downloaded AMZN/1771325605.json
[2026-02-17T11:15:21.214+0000] {logging_mixin.py:188} INFO - Downloaded AMZN/1771325616.json
[2026-02-17T11:15:21.243+0000] {logging_mixin.py:188} INFO - Downloaded AMZN/1771325626.json
[2026-02-17T11:15:21.273+0000] {logging_mixin.py:188} INFO - Downloaded AMZN/1771325637.json
[2026-02-17T11:15:21.312+0000] {logging_mixin.py:188} INFO - Downloaded AMZN/1771325648.json
[2026-02-17T11:15:21.354+0000] {logging_mixin.py:188} INFO - Downloaded AMZN/1771325659.json
[2026-02-17T11:15:21.383+0000] {logging_mixin.py:188} INFO - Downloaded AMZN/1771325669.json
[2026-02-17T11:15:21.418+0000] {logging_mixin.py:188} INFO - Downloaded AMZN/1771325679.json
[2026-02-17T11:15:21.448+0000] {logging_mixin.py:188} INFO - Downloaded AMZN/1771325691.json
[2026-02-17T11:15:21.479+0000] {logging_mixin.py:188} INFO - Downloaded AMZN/1771325701.json
[2026-02-17T11:15:21.513+0000] {logging_mixin.py:188} INFO - Downloaded AMZN/1771325711.json
[2026-02-17T11:15:21.547+0000] {logging_mixin.py:188} INFO - Downloaded AMZN/1771325722.json
[2026-02-17T11:15:21.590+0000] {logging_mixin.py:188} INFO - Downloaded AMZN/1771325732.json
[2026-02-17T11:15:21.623+0000] {logging_mixin.py:188} INFO - Downloaded AMZN/1771325743.json
[2026-02-17T11:15:21.652+0000] {logging_mixin.py:188} INFO - Downloaded AMZN/1771325753.json
[2026-02-17T11:15:21.677+0000] {logging_mixin.py:188} INFO - Downloaded AMZN/1771325769.json
[2026-02-17T11:15:21.713+0000] {logging_mixin.py:188} INFO - Downloaded AMZN/1771325780.json
[2026-02-17T11:15:21.747+0000] {logging_mixin.py:188} INFO - Downloaded AMZN/1771325792.json
[2026-02-17T11:15:21.793+0000] {logging_mixin.py:188} INFO - Downloaded AMZN/1771325803.json
[2026-02-17T11:15:21.825+0000] {logging_mixin.py:188} INFO - Downloaded AMZN/1771325813.json
[2026-02-17T11:15:21.862+0000] {logging_mixin.py:188} INFO - Downloaded AMZN/1771325824.json
[2026-02-17T11:15:21.895+0000] {logging_mixin.py:188} INFO - Downloaded AMZN/1771325834.json
[2026-02-17T11:15:21.926+0000] {logging_mixin.py:188} INFO - Downloaded AMZN/1771325844.json
[2026-02-17T11:15:21.971+0000] {logging_mixin.py:188} INFO - Downloaded AMZN/1771325857.json
[2026-02-17T11:15:22.007+0000] {logging_mixin.py:188} INFO - Downloaded AMZN/1771325867.json
[2026-02-17T11:15:22.039+0000] {logging_mixin.py:188} INFO - Downloaded AMZN/1771325878.json
[2026-02-17T11:15:22.071+0000] {logging_mixin.py:188} INFO - Downloaded AMZN/1771325891.json
[2026-02-17T11:15:22.109+0000] {logging_mixin.py:188} INFO - Downloaded AMZN/1771325902.json
[2026-02-17T11:15:22.139+0000] {logging_mixin.py:188} INFO - Downloaded AMZN/1771325914.json
[2026-02-17T11:15:22.171+0000] {logging_mixin.py:188} INFO - Downloaded AMZN/1771325925.json
[2026-02-17T11:15:22.196+0000] {logging_mixin.py:188} INFO - Downloaded AMZN/1771325937.json
[2026-02-17T11:15:22.227+0000] {logging_mixin.py:188} INFO - Downloaded AMZN/1771325948.json
[2026-02-17T11:15:22.259+0000] {logging_mixin.py:188} INFO - Downloaded AMZN/1771325962.json
[2026-02-17T11:15:22.289+0000] {logging_mixin.py:188} INFO - Downloaded AMZN/1771325973.json
[2026-02-17T11:15:22.317+0000] {logging_mixin.py:188} INFO - Downloaded AMZN/1771325984.json
[2026-02-17T11:15:22.345+0000] {logging_mixin.py:188} INFO - Downloaded AMZN/1771325995.json
[2026-02-17T11:15:22.370+0000] {logging_mixin.py:188} INFO - Downloaded AMZN/1771326005.json
[2026-02-17T11:15:22.391+0000] {logging_mixin.py:188} INFO - Downloaded AMZN/1771326016.json
[2026-02-17T11:15:22.419+0000] {logging_mixin.py:188} INFO - Downloaded AMZN/1771326027.json
[2026-02-17T11:15:22.444+0000] {logging_mixin.py:188} INFO - Downloaded AMZN/1771326037.json
[2026-02-17T11:15:22.470+0000] {logging_mixin.py:188} INFO - Downloaded AMZN/1771326047.json
[2026-02-17T11:15:22.494+0000] {logging_mixin.py:188} INFO - Downloaded AMZN/1771326058.json
[2026-02-17T11:15:22.524+0000] {logging_mixin.py:188} INFO - Downloaded AMZN/1771326067.json
[2026-02-17T11:15:22.551+0000] {logging_mixin.py:188} INFO - Downloaded AMZN/1771326077.json
[2026-02-17T11:15:22.576+0000] {logging_mixin.py:188} INFO - Downloaded AMZN/1771326087.json
[2026-02-17T11:15:22.611+0000] {logging_mixin.py:188} INFO - Downloaded AMZN/1771326101.json
[2026-02-17T11:15:22.644+0000] {logging_mixin.py:188} INFO - Downloaded AMZN/1771326115.json
[2026-02-17T11:15:22.675+0000] {logging_mixin.py:188} INFO - Downloaded AMZN/1771326128.json
[2026-02-17T11:15:22.707+0000] {logging_mixin.py:188} INFO - Downloaded AMZN/1771326139.json
[2026-02-17T11:15:22.736+0000] {logging_mixin.py:188} INFO - Downloaded AMZN/1771326151.json
[2026-02-17T11:15:22.766+0000] {logging_mixin.py:188} INFO - Downloaded AMZN/1771326161.json
[2026-02-17T11:15:22.790+0000] {logging_mixin.py:188} INFO - Downloaded AMZN/1771326173.json
[2026-02-17T11:15:22.813+0000] {logging_mixin.py:188} INFO - Downloaded AMZN/1771326183.json
[2026-02-17T11:15:22.839+0000] {logging_mixin.py:188} INFO - Downloaded AMZN/1771326194.json
[2026-02-17T11:15:22.862+0000] {logging_mixin.py:188} INFO - Downloaded AMZN/1771326204.json
[2026-02-17T11:15:22.891+0000] {logging_mixin.py:188} INFO - Downloaded AMZN/1771326215.json
[2026-02-17T11:15:22.918+0000] {logging_mixin.py:188} INFO - Downloaded AMZN/1771326225.json
[2026-02-17T11:15:22.941+0000] {logging_mixin.py:188} INFO - Downloaded AMZN/1771326235.json
[2026-02-17T11:15:22.969+0000] {logging_mixin.py:188} INFO - Downloaded AMZN/1771326245.json
[2026-02-17T11:15:23.006+0000] {logging_mixin.py:188} INFO - Downloaded AMZN/1771326255.json
[2026-02-17T11:15:23.053+0000] {logging_mixin.py:188} INFO - Downloaded AMZN/1771326265.json
[2026-02-17T11:15:23.076+0000] {logging_mixin.py:188} INFO - Downloaded AMZN/1771326275.json
[2026-02-17T11:15:23.100+0000] {logging_mixin.py:188} INFO - Downloaded AMZN/1771326286.json
[2026-02-17T11:15:23.123+0000] {logging_mixin.py:188} INFO - Downloaded AMZN/1771326301.json
[2026-02-17T11:15:23.150+0000] {logging_mixin.py:188} INFO - Downloaded AMZN/1771326314.json
[2026-02-17T11:15:23.178+0000] {logging_mixin.py:188} INFO - Downloaded AMZN/1771326324.json
[2026-02-17T11:15:23.215+0000] {logging_mixin.py:188} INFO - Downloaded AMZN/1771326335.json
[2026-02-17T11:15:23.244+0000] {logging_mixin.py:188} INFO - Downloaded AMZN/1771326351.json
[2026-02-17T11:15:23.267+0000] {logging_mixin.py:188} INFO - Downloaded AMZN/1771326362.json
[2026-02-17T11:15:23.290+0000] {logging_mixin.py:188} INFO - Downloaded AMZN/1771326374.json
[2026-02-17T11:15:23.310+0000] {logging_mixin.py:188} INFO - Downloaded AMZN/1771326384.json
[2026-02-17T11:15:23.331+0000] {logging_mixin.py:188} INFO - Downloaded AMZN/1771326395.json
[2026-02-17T11:15:23.357+0000] {logging_mixin.py:188} INFO - Downloaded AMZN/1771326405.json
[2026-02-17T11:15:23.382+0000] {logging_mixin.py:188} INFO - Downloaded AMZN/1771326415.json
[2026-02-17T11:15:23.411+0000] {logging_mixin.py:188} INFO - Downloaded AMZN/1771326425.json
[2026-02-17T11:15:23.439+0000] {logging_mixin.py:188} INFO - Downloaded AMZN/1771326436.json
[2026-02-17T11:15:23.469+0000] {logging_mixin.py:188} INFO - Downloaded AMZN/1771326446.json
[2026-02-17T11:15:23.514+0000] {logging_mixin.py:188} INFO - Downloaded AMZN/1771326456.json
[2026-02-17T11:15:23.554+0000] {logging_mixin.py:188} INFO - Downloaded AMZN/1771326466.json
[2026-02-17T11:15:23.605+0000] {logging_mixin.py:188} INFO - Downloaded AMZN/1771326476.json
[2026-02-17T11:15:23.654+0000] {logging_mixin.py:188} INFO - Downloaded AMZN/1771326486.json
[2026-02-17T11:15:23.680+0000] {logging_mixin.py:188} INFO - Downloaded AMZN/1771326497.json
[2026-02-17T11:15:23.702+0000] {logging_mixin.py:188} INFO - Downloaded AMZN/1771326508.json
[2026-02-17T11:15:23.723+0000] {logging_mixin.py:188} INFO - Downloaded AMZN/1771326518.json
[2026-02-17T11:15:23.746+0000] {logging_mixin.py:188} INFO - Downloaded AMZN/1771326528.json
[2026-02-17T11:15:23.772+0000] {logging_mixin.py:188} INFO - Downloaded AMZN/1771326538.json
[2026-02-17T11:15:23.793+0000] {logging_mixin.py:188} INFO - Downloaded AMZN/1771326548.json
[2026-02-17T11:15:23.817+0000] {logging_mixin.py:188} INFO - Downloaded AMZN/1771326559.json
[2026-02-17T11:15:23.839+0000] {logging_mixin.py:188} INFO - Downloaded AMZN/1771326569.json
[2026-02-17T11:15:23.861+0000] {logging_mixin.py:188} INFO - Downloaded AMZN/1771326578.json
[2026-02-17T11:15:23.885+0000] {logging_mixin.py:188} INFO - Downloaded AMZN/1771326588.json
[2026-02-17T11:15:23.907+0000] {logging_mixin.py:188} INFO - Downloaded AMZN/1771326599.json
[2026-02-17T11:15:23.928+0000] {logging_mixin.py:188} INFO - Downloaded AMZN/1771326609.json
[2026-02-17T11:15:23.952+0000] {logging_mixin.py:188} INFO - Downloaded AMZN/1771326619.json
[2026-02-17T11:15:23.971+0000] {logging_mixin.py:188} INFO - Downloaded AMZN/1771326629.json
[2026-02-17T11:15:23.993+0000] {logging_mixin.py:188} INFO - Downloaded AMZN/1771326639.json
[2026-02-17T11:15:24.020+0000] {logging_mixin.py:188} INFO - Downloaded AMZN/1771326650.json
[2026-02-17T11:15:24.042+0000] {logging_mixin.py:188} INFO - Downloaded AMZN/1771326659.json
[2026-02-17T11:15:24.068+0000] {logging_mixin.py:188} INFO - Downloaded AMZN/1771326670.json
[2026-02-17T11:15:24.092+0000] {logging_mixin.py:188} INFO - Downloaded AMZN/1771326680.json
[2026-02-17T11:15:24.122+0000] {logging_mixin.py:188} INFO - Downloaded AMZN/1771326690.json
[2026-02-17T11:15:24.143+0000] {logging_mixin.py:188} INFO - Downloaded AMZN/1771326701.json
[2026-02-17T11:15:24.163+0000] {logging_mixin.py:188} INFO - Downloaded AMZN/1771326711.json
[2026-02-17T11:15:24.191+0000] {logging_mixin.py:188} INFO - Downloaded AMZN/1771326721.json
[2026-02-17T11:15:24.214+0000] {logging_mixin.py:188} INFO - Downloaded AMZN/1771326731.json
[2026-02-17T11:15:24.238+0000] {logging_mixin.py:188} INFO - Downloaded AMZN/1771326741.json
[2026-02-17T11:15:24.263+0000] {logging_mixin.py:188} INFO - Downloaded AMZN/1771326752.json
[2026-02-17T11:15:24.293+0000] {logging_mixin.py:188} INFO - Downloaded AMZN/1771326762.json
[2026-02-17T11:15:24.329+0000] {logging_mixin.py:188} INFO - Downloaded AMZN/1771326772.json
[2026-02-17T11:15:24.358+0000] {logging_mixin.py:188} INFO - Downloaded AMZN/1771326782.json
[2026-02-17T11:15:24.388+0000] {logging_mixin.py:188} INFO - Downloaded AMZN/1771326793.json
[2026-02-17T11:15:24.410+0000] {logging_mixin.py:188} INFO - Downloaded AMZN/1771326802.json
[2026-02-17T11:15:24.432+0000] {logging_mixin.py:188} INFO - Downloaded AMZN/1771326813.json
[2026-02-17T11:15:24.455+0000] {logging_mixin.py:188} INFO - Downloaded AMZN/1771326823.json
[2026-02-17T11:15:24.476+0000] {logging_mixin.py:188} INFO - Downloaded AMZN/1771326834.json
[2026-02-17T11:15:24.501+0000] {logging_mixin.py:188} INFO - Downloaded AMZN/1771326844.json
[2026-02-17T11:15:24.532+0000] {logging_mixin.py:188} INFO - Downloaded AMZN/1771326854.json
[2026-02-17T11:15:24.558+0000] {logging_mixin.py:188} INFO - Downloaded AMZN/1771326863.json
[2026-02-17T11:15:24.588+0000] {logging_mixin.py:188} INFO - Downloaded AMZN/1771326874.json
[2026-02-17T11:15:24.634+0000] {logging_mixin.py:188} INFO - Downloaded AMZN/1771326884.json
[2026-02-17T11:15:24.668+0000] {logging_mixin.py:188} INFO - Downloaded AMZN/1771326895.json
[2026-02-17T11:15:24.707+0000] {logging_mixin.py:188} INFO - Downloaded AMZN/1771326905.json
[2026-02-17T11:15:24.740+0000] {logging_mixin.py:188} INFO - Downloaded GOOGL/1771324934.json
[2026-02-17T11:15:24.770+0000] {logging_mixin.py:188} INFO - Downloaded GOOGL/1771324945.json
[2026-02-17T11:15:24.810+0000] {logging_mixin.py:188} INFO - Downloaded GOOGL/1771324955.json
[2026-02-17T11:15:24.843+0000] {logging_mixin.py:188} INFO - Downloaded GOOGL/1771324965.json
[2026-02-17T11:15:24.874+0000] {logging_mixin.py:188} INFO - Downloaded GOOGL/1771324976.json
[2026-02-17T11:15:24.905+0000] {logging_mixin.py:188} INFO - Downloaded GOOGL/1771324987.json
[2026-02-17T11:15:24.933+0000] {logging_mixin.py:188} INFO - Downloaded GOOGL/1771324998.json
[2026-02-17T11:15:24.959+0000] {logging_mixin.py:188} INFO - Downloaded GOOGL/1771325008.json
[2026-02-17T11:15:24.985+0000] {logging_mixin.py:188} INFO - Downloaded GOOGL/1771325019.json
[2026-02-17T11:15:25.010+0000] {logging_mixin.py:188} INFO - Downloaded GOOGL/1771325030.json
[2026-02-17T11:15:25.030+0000] {logging_mixin.py:188} INFO - Downloaded GOOGL/1771325040.json
[2026-02-17T11:15:25.056+0000] {logging_mixin.py:188} INFO - Downloaded GOOGL/1771325050.json
[2026-02-17T11:15:25.076+0000] {logging_mixin.py:188} INFO - Downloaded GOOGL/1771325061.json
[2026-02-17T11:15:25.097+0000] {logging_mixin.py:188} INFO - Downloaded GOOGL/1771325071.json
[2026-02-17T11:15:25.119+0000] {logging_mixin.py:188} INFO - Downloaded GOOGL/1771325081.json
[2026-02-17T11:15:25.139+0000] {logging_mixin.py:188} INFO - Downloaded GOOGL/1771325092.json
[2026-02-17T11:15:25.163+0000] {logging_mixin.py:188} INFO - Downloaded GOOGL/1771325103.json
[2026-02-17T11:15:25.186+0000] {logging_mixin.py:188} INFO - Downloaded GOOGL/1771325113.json
[2026-02-17T11:15:25.208+0000] {logging_mixin.py:188} INFO - Downloaded GOOGL/1771325123.json
[2026-02-17T11:15:25.229+0000] {logging_mixin.py:188} INFO - Downloaded GOOGL/1771325134.json
[2026-02-17T11:15:25.250+0000] {logging_mixin.py:188} INFO - Downloaded GOOGL/1771325144.json
[2026-02-17T11:15:25.272+0000] {logging_mixin.py:188} INFO - Downloaded GOOGL/1771325155.json
[2026-02-17T11:15:25.295+0000] {logging_mixin.py:188} INFO - Downloaded GOOGL/1771325165.json
[2026-02-17T11:15:25.319+0000] {logging_mixin.py:188} INFO - Downloaded GOOGL/1771325176.json
[2026-02-17T11:15:25.340+0000] {logging_mixin.py:188} INFO - Downloaded GOOGL/1771325186.json
[2026-02-17T11:15:25.359+0000] {logging_mixin.py:188} INFO - Downloaded GOOGL/1771325196.json
[2026-02-17T11:15:25.379+0000] {logging_mixin.py:188} INFO - Downloaded GOOGL/1771325207.json
[2026-02-17T11:15:25.404+0000] {logging_mixin.py:188} INFO - Downloaded GOOGL/1771325217.json
[2026-02-17T11:15:25.426+0000] {logging_mixin.py:188} INFO - Downloaded GOOGL/1771325227.json
[2026-02-17T11:15:25.450+0000] {logging_mixin.py:188} INFO - Downloaded GOOGL/1771325238.json
[2026-02-17T11:15:25.478+0000] {logging_mixin.py:188} INFO - Downloaded GOOGL/1771325249.json
[2026-02-17T11:15:25.519+0000] {logging_mixin.py:188} INFO - Downloaded GOOGL/1771325260.json
[2026-02-17T11:15:25.551+0000] {logging_mixin.py:188} INFO - Downloaded GOOGL/1771325271.json
[2026-02-17T11:15:25.584+0000] {logging_mixin.py:188} INFO - Downloaded GOOGL/1771325281.json
[2026-02-17T11:15:25.619+0000] {logging_mixin.py:188} INFO - Downloaded GOOGL/1771325291.json
[2026-02-17T11:15:25.645+0000] {logging_mixin.py:188} INFO - Downloaded GOOGL/1771325303.json
[2026-02-17T11:15:25.687+0000] {logging_mixin.py:188} INFO - Downloaded GOOGL/1771325336.json
[2026-02-17T11:15:25.738+0000] {logging_mixin.py:188} INFO - Downloaded GOOGL/1771325346.json
[2026-02-17T11:15:25.778+0000] {logging_mixin.py:188} INFO - Downloaded GOOGL/1771325356.json
[2026-02-17T11:15:26.837+0000] {logging_mixin.py:188} INFO - Downloaded GOOGL/1771325366.json
[2026-02-17T11:15:26.878+0000] {logging_mixin.py:188} INFO - Downloaded GOOGL/1771325377.json
[2026-02-17T11:15:26.910+0000] {logging_mixin.py:188} INFO - Downloaded GOOGL/1771325387.json
[2026-02-17T11:15:26.954+0000] {logging_mixin.py:188} INFO - Downloaded GOOGL/1771325399.json
[2026-02-17T11:15:27.010+0000] {logging_mixin.py:188} INFO - Downloaded GOOGL/1771325410.json
[2026-02-17T11:15:27.069+0000] {logging_mixin.py:188} INFO - Downloaded GOOGL/1771325421.json
[2026-02-17T11:15:27.102+0000] {logging_mixin.py:188} INFO - Downloaded GOOGL/1771325433.json
[2026-02-17T11:15:27.137+0000] {logging_mixin.py:188} INFO - Downloaded GOOGL/1771325445.json
[2026-02-17T11:15:27.185+0000] {logging_mixin.py:188} INFO - Downloaded GOOGL/1771325455.json
[2026-02-17T11:15:27.207+0000] {logging_mixin.py:188} INFO - Downloaded GOOGL/1771325466.json
[2026-02-17T11:15:27.229+0000] {logging_mixin.py:188} INFO - Downloaded GOOGL/1771325476.json
[2026-02-17T11:15:27.255+0000] {logging_mixin.py:188} INFO - Downloaded GOOGL/1771325487.json
[2026-02-17T11:15:27.277+0000] {logging_mixin.py:188} INFO - Downloaded GOOGL/1771325498.json
[2026-02-17T11:15:27.303+0000] {logging_mixin.py:188} INFO - Downloaded GOOGL/1771325509.json
[2026-02-17T11:15:27.328+0000] {logging_mixin.py:188} INFO - Downloaded GOOGL/1771325519.json
[2026-02-17T11:15:27.359+0000] {logging_mixin.py:188} INFO - Downloaded GOOGL/1771325530.json
[2026-02-17T11:15:27.392+0000] {logging_mixin.py:188} INFO - Downloaded GOOGL/1771325540.json
[2026-02-17T11:15:27.420+0000] {logging_mixin.py:188} INFO - Downloaded GOOGL/1771325551.json
[2026-02-17T11:15:27.448+0000] {logging_mixin.py:188} INFO - Downloaded GOOGL/1771325561.json
[2026-02-17T11:15:27.473+0000] {logging_mixin.py:188} INFO - Downloaded GOOGL/1771325571.json
[2026-02-17T11:15:27.499+0000] {logging_mixin.py:188} INFO - Downloaded GOOGL/1771325581.json
[2026-02-17T11:15:27.532+0000] {logging_mixin.py:188} INFO - Downloaded GOOGL/1771325591.json
[2026-02-17T11:15:27.557+0000] {logging_mixin.py:188} INFO - Downloaded GOOGL/1771325603.json
[2026-02-17T11:15:27.578+0000] {logging_mixin.py:188} INFO - Downloaded GOOGL/1771325614.json
[2026-02-17T11:15:27.605+0000] {logging_mixin.py:188} INFO - Downloaded GOOGL/1771325624.json
[2026-02-17T11:15:27.627+0000] {logging_mixin.py:188} INFO - Downloaded GOOGL/1771325636.json
[2026-02-17T11:15:27.652+0000] {logging_mixin.py:188} INFO - Downloaded GOOGL/1771325646.json
[2026-02-17T11:15:27.685+0000] {logging_mixin.py:188} INFO - Downloaded GOOGL/1771325657.json
[2026-02-17T11:15:27.707+0000] {logging_mixin.py:188} INFO - Downloaded GOOGL/1771325667.json
[2026-02-17T11:15:27.730+0000] {logging_mixin.py:188} INFO - Downloaded GOOGL/1771325677.json
[2026-02-17T11:15:27.754+0000] {logging_mixin.py:188} INFO - Downloaded GOOGL/1771325688.json
[2026-02-17T11:15:27.781+0000] {logging_mixin.py:188} INFO - Downloaded GOOGL/1771325699.json
[2026-02-17T11:15:27.804+0000] {logging_mixin.py:188} INFO - Downloaded GOOGL/1771325709.json
[2026-02-17T11:15:27.826+0000] {logging_mixin.py:188} INFO - Downloaded GOOGL/1771325720.json
[2026-02-17T11:15:27.847+0000] {logging_mixin.py:188} INFO - Downloaded GOOGL/1771325730.json
[2026-02-17T11:15:27.868+0000] {logging_mixin.py:188} INFO - Downloaded GOOGL/1771325741.json
[2026-02-17T11:15:27.888+0000] {logging_mixin.py:188} INFO - Downloaded GOOGL/1771325752.json
[2026-02-17T11:15:27.914+0000] {logging_mixin.py:188} INFO - Downloaded GOOGL/1771325766.json
[2026-02-17T11:15:27.936+0000] {logging_mixin.py:188} INFO - Downloaded GOOGL/1771325778.json
[2026-02-17T11:15:27.958+0000] {logging_mixin.py:188} INFO - Downloaded GOOGL/1771325790.json
[2026-02-17T11:15:27.981+0000] {logging_mixin.py:188} INFO - Downloaded GOOGL/1771325801.json
[2026-02-17T11:15:28.002+0000] {logging_mixin.py:188} INFO - Downloaded GOOGL/1771325811.json
[2026-02-17T11:15:28.024+0000] {logging_mixin.py:188} INFO - Downloaded GOOGL/1771325822.json
[2026-02-17T11:15:28.054+0000] {logging_mixin.py:188} INFO - Downloaded GOOGL/1771325832.json
[2026-02-17T11:15:28.089+0000] {logging_mixin.py:188} INFO - Downloaded GOOGL/1771325842.json
[2026-02-17T11:15:28.111+0000] {logging_mixin.py:188} INFO - Downloaded GOOGL/1771325855.json
[2026-02-17T11:15:28.131+0000] {logging_mixin.py:188} INFO - Downloaded GOOGL/1771325865.json
[2026-02-17T11:15:28.155+0000] {logging_mixin.py:188} INFO - Downloaded GOOGL/1771325876.json
[2026-02-17T11:15:28.176+0000] {logging_mixin.py:188} INFO - Downloaded GOOGL/1771325888.json
[2026-02-17T11:15:28.201+0000] {logging_mixin.py:188} INFO - Downloaded GOOGL/1771325899.json
[2026-02-17T11:15:28.222+0000] {logging_mixin.py:188} INFO - Downloaded GOOGL/1771325912.json
[2026-02-17T11:15:28.243+0000] {logging_mixin.py:188} INFO - Downloaded GOOGL/1771325923.json
[2026-02-17T11:15:28.267+0000] {logging_mixin.py:188} INFO - Downloaded GOOGL/1771325934.json
[2026-02-17T11:15:28.286+0000] {logging_mixin.py:188} INFO - Downloaded GOOGL/1771325946.json
[2026-02-17T11:15:28.308+0000] {logging_mixin.py:188} INFO - Downloaded GOOGL/1771325959.json
[2026-02-17T11:15:28.330+0000] {logging_mixin.py:188} INFO - Downloaded GOOGL/1771325971.json
[2026-02-17T11:15:28.351+0000] {logging_mixin.py:188} INFO - Downloaded GOOGL/1771325982.json
[2026-02-17T11:15:28.371+0000] {logging_mixin.py:188} INFO - Downloaded GOOGL/1771325993.json
[2026-02-17T11:15:28.394+0000] {logging_mixin.py:188} INFO - Downloaded GOOGL/1771326003.json
[2026-02-17T11:15:28.421+0000] {logging_mixin.py:188} INFO - Downloaded GOOGL/1771326014.json
[2026-02-17T11:15:28.458+0000] {logging_mixin.py:188} INFO - Downloaded GOOGL/1771326025.json
[2026-02-17T11:15:28.481+0000] {logging_mixin.py:188} INFO - Downloaded GOOGL/1771326035.json
[2026-02-17T11:15:28.509+0000] {logging_mixin.py:188} INFO - Downloaded GOOGL/1771326045.json
[2026-02-17T11:15:28.531+0000] {logging_mixin.py:188} INFO - Downloaded GOOGL/1771326056.json
[2026-02-17T11:15:28.554+0000] {logging_mixin.py:188} INFO - Downloaded GOOGL/1771326066.json
[2026-02-17T11:15:28.576+0000] {logging_mixin.py:188} INFO - Downloaded GOOGL/1771326076.json
[2026-02-17T11:15:28.606+0000] {logging_mixin.py:188} INFO - Downloaded GOOGL/1771326086.json
[2026-02-17T11:15:28.631+0000] {logging_mixin.py:188} INFO - Downloaded GOOGL/1771326098.json
[2026-02-17T11:15:28.661+0000] {logging_mixin.py:188} INFO - Downloaded GOOGL/1771326111.json
[2026-02-17T11:15:28.687+0000] {logging_mixin.py:188} INFO - Downloaded GOOGL/1771326125.json
[2026-02-17T11:15:28.710+0000] {logging_mixin.py:188} INFO - Downloaded GOOGL/1771326137.json
[2026-02-17T11:15:28.739+0000] {logging_mixin.py:188} INFO - Downloaded GOOGL/1771326147.json
[2026-02-17T11:15:28.761+0000] {logging_mixin.py:188} INFO - Downloaded GOOGL/1771326159.json
[2026-02-17T11:15:28.794+0000] {logging_mixin.py:188} INFO - Downloaded GOOGL/1771326170.json
[2026-02-17T11:15:28.824+0000] {logging_mixin.py:188} INFO - Downloaded GOOGL/1771326181.json
[2026-02-17T11:15:28.849+0000] {logging_mixin.py:188} INFO - Downloaded GOOGL/1771326192.json
[2026-02-17T11:15:28.871+0000] {logging_mixin.py:188} INFO - Downloaded GOOGL/1771326202.json
[2026-02-17T11:15:28.896+0000] {logging_mixin.py:188} INFO - Downloaded GOOGL/1771326213.json
[2026-02-17T11:15:28.919+0000] {logging_mixin.py:188} INFO - Downloaded GOOGL/1771326223.json
[2026-02-17T11:15:28.941+0000] {logging_mixin.py:188} INFO - Downloaded GOOGL/1771326233.json
[2026-02-17T11:15:28.960+0000] {logging_mixin.py:188} INFO - Downloaded GOOGL/1771326243.json
[2026-02-17T11:15:28.980+0000] {logging_mixin.py:188} INFO - Downloaded GOOGL/1771326253.json
[2026-02-17T11:15:29.009+0000] {logging_mixin.py:188} INFO - Downloaded GOOGL/1771326263.json
[2026-02-17T11:15:29.032+0000] {logging_mixin.py:188} INFO - Downloaded GOOGL/1771326274.json
[2026-02-17T11:15:29.054+0000] {logging_mixin.py:188} INFO - Downloaded GOOGL/1771326284.json
[2026-02-17T11:15:29.074+0000] {logging_mixin.py:188} INFO - Downloaded GOOGL/1771326295.json
[2026-02-17T11:15:29.121+0000] {logging_mixin.py:188} INFO - Downloaded GOOGL/1771326311.json
[2026-02-17T11:15:29.160+0000] {logging_mixin.py:188} INFO - Downloaded GOOGL/1771326322.json
[2026-02-17T11:15:29.188+0000] {logging_mixin.py:188} INFO - Downloaded GOOGL/1771326333.json
[2026-02-17T11:15:29.212+0000] {logging_mixin.py:188} INFO - Downloaded GOOGL/1771326349.json
[2026-02-17T11:15:29.239+0000] {logging_mixin.py:188} INFO - Downloaded GOOGL/1771326360.json
[2026-02-17T11:15:29.263+0000] {logging_mixin.py:188} INFO - Downloaded GOOGL/1771326372.json
[2026-02-17T11:15:29.285+0000] {logging_mixin.py:188} INFO - Downloaded GOOGL/1771326382.json
[2026-02-17T11:15:29.307+0000] {logging_mixin.py:188} INFO - Downloaded GOOGL/1771326393.json
[2026-02-17T11:15:29.332+0000] {logging_mixin.py:188} INFO - Downloaded GOOGL/1771326403.json
[2026-02-17T11:15:29.362+0000] {logging_mixin.py:188} INFO - Downloaded GOOGL/1771326413.json
[2026-02-17T11:15:29.389+0000] {logging_mixin.py:188} INFO - Downloaded GOOGL/1771326424.json
[2026-02-17T11:15:29.410+0000] {logging_mixin.py:188} INFO - Downloaded GOOGL/1771326434.json
[2026-02-17T11:15:29.435+0000] {logging_mixin.py:188} INFO - Downloaded GOOGL/1771326444.json
[2026-02-17T11:15:29.462+0000] {logging_mixin.py:188} INFO - Downloaded GOOGL/1771326454.json
[2026-02-17T11:15:29.488+0000] {logging_mixin.py:188} INFO - Downloaded GOOGL/1771326465.json
[2026-02-17T11:15:29.520+0000] {logging_mixin.py:188} INFO - Downloaded GOOGL/1771326475.json
[2026-02-17T11:15:29.553+0000] {logging_mixin.py:188} INFO - Downloaded GOOGL/1771326485.json
[2026-02-17T11:15:29.583+0000] {logging_mixin.py:188} INFO - Downloaded GOOGL/1771326495.json
[2026-02-17T11:15:29.614+0000] {logging_mixin.py:188} INFO - Downloaded GOOGL/1771326506.json
[2026-02-17T11:15:29.641+0000] {logging_mixin.py:188} INFO - Downloaded GOOGL/1771326516.json
[2026-02-17T11:15:29.674+0000] {logging_mixin.py:188} INFO - Downloaded GOOGL/1771326526.json
[2026-02-17T11:15:29.735+0000] {logging_mixin.py:188} INFO - Downloaded GOOGL/1771326536.json
[2026-02-17T11:15:29.769+0000] {logging_mixin.py:188} INFO - Downloaded GOOGL/1771326547.json
[2026-02-17T11:15:29.799+0000] {logging_mixin.py:188} INFO - Downloaded GOOGL/1771326556.json
[2026-02-17T11:15:29.823+0000] {logging_mixin.py:188} INFO - Downloaded GOOGL/1771326567.json
[2026-02-17T11:15:29.846+0000] {logging_mixin.py:188} INFO - Downloaded GOOGL/1771326577.json
[2026-02-17T11:15:29.875+0000] {logging_mixin.py:188} INFO - Downloaded GOOGL/1771326587.json
[2026-02-17T11:15:29.910+0000] {logging_mixin.py:188} INFO - Downloaded GOOGL/1771326597.json
[2026-02-17T11:15:29.941+0000] {logging_mixin.py:188} INFO - Downloaded GOOGL/1771326607.json
[2026-02-17T11:15:29.973+0000] {logging_mixin.py:188} INFO - Downloaded GOOGL/1771326617.json
[2026-02-17T11:15:30.005+0000] {logging_mixin.py:188} INFO - Downloaded GOOGL/1771326627.json
[2026-02-17T11:15:30.072+0000] {logging_mixin.py:188} INFO - Downloaded GOOGL/1771326638.json
[2026-02-17T11:15:30.155+0000] {logging_mixin.py:188} INFO - Downloaded GOOGL/1771326647.json
[2026-02-17T11:15:30.190+0000] {logging_mixin.py:188} INFO - Downloaded GOOGL/1771326658.json
[2026-02-17T11:15:30.241+0000] {logging_mixin.py:188} INFO - Downloaded GOOGL/1771326668.json
[2026-02-17T11:15:30.269+0000] {logging_mixin.py:188} INFO - Downloaded GOOGL/1771326678.json
[2026-02-17T11:15:30.304+0000] {logging_mixin.py:188} INFO - Downloaded GOOGL/1771326689.json
[2026-02-17T11:15:30.385+0000] {logging_mixin.py:188} INFO - Downloaded GOOGL/1771326699.json
[2026-02-17T11:15:30.481+0000] {logging_mixin.py:188} INFO - Downloaded GOOGL/1771326709.json
[2026-02-17T11:15:30.528+0000] {logging_mixin.py:188} INFO - Downloaded GOOGL/1771326720.json
[2026-02-17T11:15:30.569+0000] {logging_mixin.py:188} INFO - Downloaded GOOGL/1771326730.json
[2026-02-17T11:15:30.618+0000] {logging_mixin.py:188} INFO - Downloaded GOOGL/1771326740.json
[2026-02-17T11:15:30.662+0000] {logging_mixin.py:188} INFO - Downloaded GOOGL/1771326750.json
[2026-02-17T11:15:30.738+0000] {logging_mixin.py:188} INFO - Downloaded GOOGL/1771326760.json
[2026-02-17T11:15:30.781+0000] {logging_mixin.py:188} INFO - Downloaded GOOGL/1771326771.json
[2026-02-17T11:15:30.839+0000] {logging_mixin.py:188} INFO - Downloaded GOOGL/1771326781.json
[2026-02-17T11:15:30.885+0000] {logging_mixin.py:188} INFO - Downloaded GOOGL/1771326791.json
[2026-02-17T11:15:30.940+0000] {logging_mixin.py:188} INFO - Downloaded GOOGL/1771326801.json
[2026-02-17T11:15:30.992+0000] {logging_mixin.py:188} INFO - Downloaded GOOGL/1771326811.json
[2026-02-17T11:15:31.044+0000] {logging_mixin.py:188} INFO - Downloaded GOOGL/1771326821.json
[2026-02-17T11:15:31.076+0000] {logging_mixin.py:188} INFO - Downloaded GOOGL/1771326832.json
[2026-02-17T11:15:31.134+0000] {logging_mixin.py:188} INFO - Downloaded GOOGL/1771326842.json
[2026-02-17T11:15:31.160+0000] {logging_mixin.py:188} INFO - Downloaded GOOGL/1771326852.json
[2026-02-17T11:15:31.188+0000] {logging_mixin.py:188} INFO - Downloaded GOOGL/1771326862.json
[2026-02-17T11:15:31.211+0000] {logging_mixin.py:188} INFO - Downloaded GOOGL/1771326873.json
[2026-02-17T11:15:31.236+0000] {logging_mixin.py:188} INFO - Downloaded GOOGL/1771326883.json
[2026-02-17T11:15:31.263+0000] {logging_mixin.py:188} INFO - Downloaded GOOGL/1771326893.json
[2026-02-17T11:15:31.294+0000] {logging_mixin.py:188} INFO - Downloaded GOOGL/1771326903.json
[2026-02-17T11:15:31.328+0000] {logging_mixin.py:188} INFO - Downloaded MSFT/1771324933.json
[2026-02-17T11:15:31.353+0000] {logging_mixin.py:188} INFO - Downloaded MSFT/1771324944.json
[2026-02-17T11:15:31.382+0000] {logging_mixin.py:188} INFO - Downloaded MSFT/1771324954.json
[2026-02-17T11:15:31.411+0000] {logging_mixin.py:188} INFO - Downloaded MSFT/1771324965.json
[2026-02-17T11:15:31.439+0000] {logging_mixin.py:188} INFO - Downloaded MSFT/1771324975.json
[2026-02-17T11:15:31.477+0000] {logging_mixin.py:188} INFO - Downloaded MSFT/1771324986.json
[2026-02-17T11:15:31.512+0000] {logging_mixin.py:188} INFO - Downloaded MSFT/1771324997.json
[2026-02-17T11:15:31.541+0000] {logging_mixin.py:188} INFO - Downloaded MSFT/1771325008.json
[2026-02-17T11:15:31.569+0000] {logging_mixin.py:188} INFO - Downloaded MSFT/1771325018.json
[2026-02-17T11:15:31.594+0000] {logging_mixin.py:188} INFO - Downloaded MSFT/1771325029.json
[2026-02-17T11:15:31.620+0000] {logging_mixin.py:188} INFO - Downloaded MSFT/1771325039.json
[2026-02-17T11:15:31.642+0000] {logging_mixin.py:188} INFO - Downloaded MSFT/1771325050.json
[2026-02-17T11:15:31.676+0000] {logging_mixin.py:188} INFO - Downloaded MSFT/1771325060.json
[2026-02-17T11:15:31.706+0000] {logging_mixin.py:188} INFO - Downloaded MSFT/1771325070.json
[2026-02-17T11:15:31.736+0000] {logging_mixin.py:188} INFO - Downloaded MSFT/1771325080.json
[2026-02-17T11:15:31.760+0000] {logging_mixin.py:188} INFO - Downloaded MSFT/1771325091.json
[2026-02-17T11:15:31.787+0000] {logging_mixin.py:188} INFO - Downloaded MSFT/1771325102.json
[2026-02-17T11:15:31.810+0000] {logging_mixin.py:188} INFO - Downloaded MSFT/1771325113.json
[2026-02-17T11:15:31.834+0000] {logging_mixin.py:188} INFO - Downloaded MSFT/1771325123.json
[2026-02-17T11:15:31.860+0000] {logging_mixin.py:188} INFO - Downloaded MSFT/1771325133.json
[2026-02-17T11:15:31.885+0000] {logging_mixin.py:188} INFO - Downloaded MSFT/1771325143.json
[2026-02-17T11:15:31.907+0000] {logging_mixin.py:188} INFO - Downloaded MSFT/1771325154.json
[2026-02-17T11:15:31.929+0000] {logging_mixin.py:188} INFO - Downloaded MSFT/1771325164.json
[2026-02-17T11:15:31.961+0000] {logging_mixin.py:188} INFO - Downloaded MSFT/1771325175.json
[2026-02-17T11:15:31.990+0000] {logging_mixin.py:188} INFO - Downloaded MSFT/1771325185.json
[2026-02-17T11:15:32.013+0000] {logging_mixin.py:188} INFO - Downloaded MSFT/1771325195.json
[2026-02-17T11:15:32.038+0000] {logging_mixin.py:188} INFO - Downloaded MSFT/1771325206.json
[2026-02-17T11:15:32.064+0000] {logging_mixin.py:188} INFO - Downloaded MSFT/1771325216.json
[2026-02-17T11:15:32.092+0000] {logging_mixin.py:188} INFO - Downloaded MSFT/1771325226.json
[2026-02-17T11:15:32.127+0000] {logging_mixin.py:188} INFO - Downloaded MSFT/1771325237.json
[2026-02-17T11:15:32.152+0000] {logging_mixin.py:188} INFO - Downloaded MSFT/1771325248.json
[2026-02-17T11:15:32.172+0000] {logging_mixin.py:188} INFO - Downloaded MSFT/1771325258.json
[2026-02-17T11:15:32.194+0000] {logging_mixin.py:188} INFO - Downloaded MSFT/1771325270.json
[2026-02-17T11:15:32.214+0000] {logging_mixin.py:188} INFO - Downloaded MSFT/1771325280.json
[2026-02-17T11:15:32.236+0000] {logging_mixin.py:188} INFO - Downloaded MSFT/1771325290.json
[2026-02-17T11:15:32.257+0000] {logging_mixin.py:188} INFO - Downloaded MSFT/1771325301.json
[2026-02-17T11:15:32.279+0000] {logging_mixin.py:188} INFO - Downloaded MSFT/1771325335.json
[2026-02-17T11:15:32.302+0000] {logging_mixin.py:188} INFO - Downloaded MSFT/1771325345.json
[2026-02-17T11:15:32.323+0000] {logging_mixin.py:188} INFO - Downloaded MSFT/1771325355.json
[2026-02-17T11:15:32.344+0000] {logging_mixin.py:188} INFO - Downloaded MSFT/1771325366.json
[2026-02-17T11:15:32.364+0000] {logging_mixin.py:188} INFO - Downloaded MSFT/1771325376.json
[2026-02-17T11:15:32.385+0000] {logging_mixin.py:188} INFO - Downloaded MSFT/1771325386.json
[2026-02-17T11:15:32.406+0000] {logging_mixin.py:188} INFO - Downloaded MSFT/1771325398.json
[2026-02-17T11:15:32.426+0000] {logging_mixin.py:188} INFO - Downloaded MSFT/1771325409.json
[2026-02-17T11:15:32.449+0000] {logging_mixin.py:188} INFO - Downloaded MSFT/1771325420.json
[2026-02-17T11:15:32.471+0000] {logging_mixin.py:188} INFO - Downloaded MSFT/1771325432.json
[2026-02-17T11:15:32.499+0000] {logging_mixin.py:188} INFO - Downloaded MSFT/1771325444.json
[2026-02-17T11:15:32.526+0000] {logging_mixin.py:188} INFO - Downloaded MSFT/1771325455.json
[2026-02-17T11:15:32.548+0000] {logging_mixin.py:188} INFO - Downloaded MSFT/1771325465.json
[2026-02-17T11:15:32.575+0000] {logging_mixin.py:188} INFO - Downloaded MSFT/1771325475.json
[2026-02-17T11:15:32.604+0000] {logging_mixin.py:188} INFO - Downloaded MSFT/1771325486.json
[2026-02-17T11:15:32.638+0000] {logging_mixin.py:188} INFO - Downloaded MSFT/1771325497.json
[2026-02-17T11:15:32.665+0000] {logging_mixin.py:188} INFO - Downloaded MSFT/1771325508.json
[2026-02-17T11:15:32.695+0000] {logging_mixin.py:188} INFO - Downloaded MSFT/1771325518.json
[2026-02-17T11:15:32.723+0000] {logging_mixin.py:188} INFO - Downloaded MSFT/1771325529.json
[2026-02-17T11:15:32.746+0000] {logging_mixin.py:188} INFO - Downloaded MSFT/1771325539.json
[2026-02-17T11:15:32.776+0000] {logging_mixin.py:188} INFO - Downloaded MSFT/1771325550.json
[2026-02-17T11:15:32.803+0000] {logging_mixin.py:188} INFO - Downloaded MSFT/1771325560.json
[2026-02-17T11:15:32.829+0000] {logging_mixin.py:188} INFO - Downloaded MSFT/1771325570.json
[2026-02-17T11:15:32.855+0000] {logging_mixin.py:188} INFO - Downloaded MSFT/1771325580.json
[2026-02-17T11:15:32.879+0000] {logging_mixin.py:188} INFO - Downloaded MSFT/1771325590.json
[2026-02-17T11:15:32.903+0000] {logging_mixin.py:188} INFO - Downloaded MSFT/1771325601.json
[2026-02-17T11:15:32.923+0000] {logging_mixin.py:188} INFO - Downloaded MSFT/1771325613.json
[2026-02-17T11:15:32.944+0000] {logging_mixin.py:188} INFO - Downloaded MSFT/1771325624.json
[2026-02-17T11:15:32.967+0000] {logging_mixin.py:188} INFO - Downloaded MSFT/1771325634.json
[2026-02-17T11:15:32.988+0000] {logging_mixin.py:188} INFO - Downloaded MSFT/1771325645.json
[2026-02-17T11:15:33.010+0000] {logging_mixin.py:188} INFO - Downloaded MSFT/1771325656.json
[2026-02-17T11:15:33.098+0000] {logging_mixin.py:188} INFO - Downloaded MSFT/1771325666.json
[2026-02-17T11:15:33.122+0000] {logging_mixin.py:188} INFO - Downloaded MSFT/1771325677.json
[2026-02-17T11:15:33.150+0000] {logging_mixin.py:188} INFO - Downloaded MSFT/1771325687.json
[2026-02-17T11:15:33.197+0000] {logging_mixin.py:188} INFO - Downloaded MSFT/1771325698.json
[2026-02-17T11:15:33.221+0000] {logging_mixin.py:188} INFO - Downloaded MSFT/1771325708.json
[2026-02-17T11:15:33.245+0000] {logging_mixin.py:188} INFO - Downloaded MSFT/1771325719.json
[2026-02-17T11:15:33.273+0000] {logging_mixin.py:188} INFO - Downloaded MSFT/1771325730.json
[2026-02-17T11:15:33.298+0000] {logging_mixin.py:188} INFO - Downloaded MSFT/1771325740.json
[2026-02-17T11:15:33.324+0000] {logging_mixin.py:188} INFO - Downloaded MSFT/1771325751.json
[2026-02-17T11:15:33.345+0000] {logging_mixin.py:188} INFO - Downloaded MSFT/1771325777.json
[2026-02-17T11:15:33.369+0000] {logging_mixin.py:188} INFO - Downloaded MSFT/1771325788.json
[2026-02-17T11:15:33.392+0000] {logging_mixin.py:188} INFO - Downloaded MSFT/1771325801.json
[2026-02-17T11:15:33.421+0000] {logging_mixin.py:188} INFO - Downloaded MSFT/1771325811.json
[2026-02-17T11:15:33.444+0000] {logging_mixin.py:188} INFO - Downloaded MSFT/1771325821.json
[2026-02-17T11:15:33.464+0000] {logging_mixin.py:188} INFO - Downloaded MSFT/1771325831.json
[2026-02-17T11:15:33.486+0000] {logging_mixin.py:188} INFO - Downloaded MSFT/1771325841.json
[2026-02-17T11:15:33.513+0000] {logging_mixin.py:188} INFO - Downloaded MSFT/1771325853.json
[2026-02-17T11:15:33.536+0000] {logging_mixin.py:188} INFO - Downloaded MSFT/1771325864.json
[2026-02-17T11:15:33.557+0000] {logging_mixin.py:188} INFO - Downloaded MSFT/1771325875.json
[2026-02-17T11:15:33.578+0000] {logging_mixin.py:188} INFO - Downloaded MSFT/1771325887.json
[2026-02-17T11:15:33.606+0000] {logging_mixin.py:188} INFO - Downloaded MSFT/1771325899.json
[2026-02-17T11:15:33.628+0000] {logging_mixin.py:188} INFO - Downloaded MSFT/1771325911.json
[2026-02-17T11:15:33.650+0000] {logging_mixin.py:188} INFO - Downloaded MSFT/1771325922.json
[2026-02-17T11:15:33.670+0000] {logging_mixin.py:188} INFO - Downloaded MSFT/1771325933.json
[2026-02-17T11:15:33.691+0000] {logging_mixin.py:188} INFO - Downloaded MSFT/1771325945.json
[2026-02-17T11:15:33.722+0000] {logging_mixin.py:188} INFO - Downloaded MSFT/1771325956.json
[2026-02-17T11:15:33.744+0000] {logging_mixin.py:188} INFO - Downloaded MSFT/1771325970.json
[2026-02-17T11:15:33.766+0000] {logging_mixin.py:188} INFO - Downloaded MSFT/1771325981.json
[2026-02-17T11:15:33.788+0000] {logging_mixin.py:188} INFO - Downloaded MSFT/1771325992.json
[2026-02-17T11:15:33.809+0000] {logging_mixin.py:188} INFO - Downloaded MSFT/1771326003.json
[2026-02-17T11:15:33.830+0000] {logging_mixin.py:188} INFO - Downloaded MSFT/1771326013.json
[2026-02-17T11:15:33.854+0000] {logging_mixin.py:188} INFO - Downloaded MSFT/1771326024.json
[2026-02-17T11:15:33.881+0000] {logging_mixin.py:188} INFO - Downloaded MSFT/1771326035.json
[2026-02-17T11:15:33.911+0000] {logging_mixin.py:188} INFO - Downloaded MSFT/1771326045.json
[2026-02-17T11:15:33.945+0000] {logging_mixin.py:188} INFO - Downloaded MSFT/1771326055.json
[2026-02-17T11:15:33.972+0000] {logging_mixin.py:188} INFO - Downloaded MSFT/1771326065.json
[2026-02-17T11:15:34.000+0000] {logging_mixin.py:188} INFO - Downloaded MSFT/1771326075.json
[2026-02-17T11:15:34.027+0000] {logging_mixin.py:188} INFO - Downloaded MSFT/1771326085.json
[2026-02-17T11:15:34.053+0000] {logging_mixin.py:188} INFO - Downloaded MSFT/1771326096.json
[2026-02-17T11:15:34.078+0000] {logging_mixin.py:188} INFO - Downloaded MSFT/1771326108.json
[2026-02-17T11:15:34.105+0000] {logging_mixin.py:188} INFO - Downloaded MSFT/1771326123.json
[2026-02-17T11:15:34.129+0000] {logging_mixin.py:188} INFO - Downloaded MSFT/1771326136.json
[2026-02-17T11:15:34.151+0000] {logging_mixin.py:188} INFO - Downloaded MSFT/1771326146.json
[2026-02-17T11:15:34.172+0000] {logging_mixin.py:188} INFO - Downloaded MSFT/1771326158.json
[2026-02-17T11:15:34.193+0000] {logging_mixin.py:188} INFO - Downloaded MSFT/1771326169.json
[2026-02-17T11:15:34.218+0000] {logging_mixin.py:188} INFO - Downloaded MSFT/1771326180.json
[2026-02-17T11:15:34.240+0000] {logging_mixin.py:188} INFO - Downloaded MSFT/1771326191.json
[2026-02-17T11:15:34.262+0000] {logging_mixin.py:188} INFO - Downloaded MSFT/1771326202.json
[2026-02-17T11:15:34.285+0000] {logging_mixin.py:188} INFO - Downloaded MSFT/1771326212.json
[2026-02-17T11:15:34.308+0000] {logging_mixin.py:188} INFO - Downloaded MSFT/1771326222.json
[2026-02-17T11:15:34.333+0000] {logging_mixin.py:188} INFO - Downloaded MSFT/1771326232.json
[2026-02-17T11:15:34.354+0000] {logging_mixin.py:188} INFO - Downloaded MSFT/1771326243.json
[2026-02-17T11:15:34.376+0000] {logging_mixin.py:188} INFO - Downloaded MSFT/1771326252.json
[2026-02-17T11:15:34.403+0000] {logging_mixin.py:188} INFO - Downloaded MSFT/1771326263.json
[2026-02-17T11:15:34.425+0000] {logging_mixin.py:188} INFO - Downloaded MSFT/1771326273.json
[2026-02-17T11:15:34.447+0000] {logging_mixin.py:188} INFO - Downloaded MSFT/1771326283.json
[2026-02-17T11:15:34.470+0000] {logging_mixin.py:188} INFO - Downloaded MSFT/1771326294.json
[2026-02-17T11:15:34.503+0000] {logging_mixin.py:188} INFO - Downloaded MSFT/1771326310.json
[2026-02-17T11:15:34.535+0000] {logging_mixin.py:188} INFO - Downloaded MSFT/1771326321.json
[2026-02-17T11:15:34.561+0000] {logging_mixin.py:188} INFO - Downloaded MSFT/1771326332.json
[2026-02-17T11:15:34.589+0000] {logging_mixin.py:188} INFO - Downloaded MSFT/1771326348.json
[2026-02-17T11:15:34.612+0000] {logging_mixin.py:188} INFO - Downloaded MSFT/1771326359.json
[2026-02-17T11:15:34.636+0000] {logging_mixin.py:188} INFO - Downloaded MSFT/1771326371.json
[2026-02-17T11:15:34.658+0000] {logging_mixin.py:188} INFO - Downloaded MSFT/1771326382.json
[2026-02-17T11:15:34.678+0000] {logging_mixin.py:188} INFO - Downloaded MSFT/1771326392.json
[2026-02-17T11:15:34.701+0000] {logging_mixin.py:188} INFO - Downloaded MSFT/1771326402.json
[2026-02-17T11:15:34.722+0000] {logging_mixin.py:188} INFO - Downloaded MSFT/1771326412.json
[2026-02-17T11:15:34.742+0000] {logging_mixin.py:188} INFO - Downloaded MSFT/1771326423.json
[2026-02-17T11:15:34.764+0000] {logging_mixin.py:188} INFO - Downloaded MSFT/1771326433.json
[2026-02-17T11:15:34.787+0000] {logging_mixin.py:188} INFO - Downloaded MSFT/1771326443.json
[2026-02-17T11:15:34.808+0000] {logging_mixin.py:188} INFO - Downloaded MSFT/1771326453.json
[2026-02-17T11:15:34.832+0000] {logging_mixin.py:188} INFO - Downloaded MSFT/1771326464.json
[2026-02-17T11:15:34.854+0000] {logging_mixin.py:188} INFO - Downloaded MSFT/1771326474.json
[2026-02-17T11:15:34.878+0000] {logging_mixin.py:188} INFO - Downloaded MSFT/1771326484.json
[2026-02-17T11:15:34.901+0000] {logging_mixin.py:188} INFO - Downloaded MSFT/1771326494.json
[2026-02-17T11:15:34.921+0000] {logging_mixin.py:188} INFO - Downloaded MSFT/1771326505.json
[2026-02-17T11:15:34.941+0000] {logging_mixin.py:188} INFO - Downloaded MSFT/1771326515.json
[2026-02-17T11:15:34.961+0000] {logging_mixin.py:188} INFO - Downloaded MSFT/1771326526.json
[2026-02-17T11:15:34.980+0000] {logging_mixin.py:188} INFO - Downloaded MSFT/1771326535.json
[2026-02-17T11:15:35.005+0000] {logging_mixin.py:188} INFO - Downloaded MSFT/1771326546.json
[2026-02-17T11:15:35.027+0000] {logging_mixin.py:188} INFO - Downloaded MSFT/1771326556.json
[2026-02-17T11:15:35.051+0000] {logging_mixin.py:188} INFO - Downloaded MSFT/1771326567.json
[2026-02-17T11:15:35.074+0000] {logging_mixin.py:188} INFO - Downloaded MSFT/1771326576.json
[2026-02-17T11:15:35.095+0000] {logging_mixin.py:188} INFO - Downloaded MSFT/1771326586.json
[2026-02-17T11:15:35.118+0000] {logging_mixin.py:188} INFO - Downloaded MSFT/1771326596.json
[2026-02-17T11:15:35.141+0000] {logging_mixin.py:188} INFO - Downloaded MSFT/1771326606.json
[2026-02-17T11:15:35.168+0000] {logging_mixin.py:188} INFO - Downloaded MSFT/1771326616.json
[2026-02-17T11:15:35.198+0000] {logging_mixin.py:188} INFO - Downloaded MSFT/1771326627.json
[2026-02-17T11:15:35.222+0000] {logging_mixin.py:188} INFO - Downloaded MSFT/1771326637.json
[2026-02-17T11:15:35.246+0000] {logging_mixin.py:188} INFO - Downloaded MSFT/1771326647.json
[2026-02-17T11:15:35.274+0000] {logging_mixin.py:188} INFO - Downloaded MSFT/1771326657.json
[2026-02-17T11:15:35.305+0000] {logging_mixin.py:188} INFO - Downloaded MSFT/1771326667.json
[2026-02-17T11:15:35.339+0000] {logging_mixin.py:188} INFO - Downloaded MSFT/1771326678.json
[2026-02-17T11:15:35.363+0000] {logging_mixin.py:188} INFO - Downloaded MSFT/1771326688.json
[2026-02-17T11:15:35.390+0000] {logging_mixin.py:188} INFO - Downloaded MSFT/1771326698.json
[2026-02-17T11:15:35.412+0000] {logging_mixin.py:188} INFO - Downloaded MSFT/1771326708.json
[2026-02-17T11:15:35.434+0000] {logging_mixin.py:188} INFO - Downloaded MSFT/1771326719.json
[2026-02-17T11:15:35.457+0000] {logging_mixin.py:188} INFO - Downloaded MSFT/1771326729.json
[2026-02-17T11:15:35.483+0000] {logging_mixin.py:188} INFO - Downloaded MSFT/1771326739.json
[2026-02-17T11:15:35.515+0000] {logging_mixin.py:188} INFO - Downloaded MSFT/1771326749.json
[2026-02-17T11:15:35.543+0000] {logging_mixin.py:188} INFO - Downloaded MSFT/1771326759.json
[2026-02-17T11:15:35.573+0000] {logging_mixin.py:188} INFO - Downloaded MSFT/1771326770.json
[2026-02-17T11:15:35.601+0000] {logging_mixin.py:188} INFO - Downloaded MSFT/1771326780.json
[2026-02-17T11:15:35.625+0000] {logging_mixin.py:188} INFO - Downloaded MSFT/1771326790.json
[2026-02-17T11:15:35.658+0000] {logging_mixin.py:188} INFO - Downloaded MSFT/1771326800.json
[2026-02-17T11:15:35.690+0000] {logging_mixin.py:188} INFO - Downloaded MSFT/1771326810.json
[2026-02-17T11:15:35.729+0000] {logging_mixin.py:188} INFO - Downloaded MSFT/1771326820.json
[2026-02-17T11:15:35.766+0000] {logging_mixin.py:188} INFO - Downloaded MSFT/1771326831.json
[2026-02-17T11:15:35.799+0000] {logging_mixin.py:188} INFO - Downloaded MSFT/1771326841.json
[2026-02-17T11:15:35.837+0000] {logging_mixin.py:188} INFO - Downloaded MSFT/1771326851.json
[2026-02-17T11:15:35.872+0000] {logging_mixin.py:188} INFO - Downloaded MSFT/1771326861.json
[2026-02-17T11:15:35.924+0000] {logging_mixin.py:188} INFO - Downloaded MSFT/1771326871.json
[2026-02-17T11:15:35.963+0000] {logging_mixin.py:188} INFO - Downloaded MSFT/1771326882.json
[2026-02-17T11:15:36.008+0000] {logging_mixin.py:188} INFO - Downloaded MSFT/1771326892.json
[2026-02-17T11:15:36.065+0000] {logging_mixin.py:188} INFO - Downloaded MSFT/1771326902.json
[2026-02-17T11:15:36.094+0000] {logging_mixin.py:188} INFO - Downloaded TSLA/1771324935.json
[2026-02-17T11:15:36.128+0000] {logging_mixin.py:188} INFO - Downloaded TSLA/1771324946.json
[2026-02-17T11:15:36.162+0000] {logging_mixin.py:188} INFO - Downloaded TSLA/1771324956.json
[2026-02-17T11:15:36.205+0000] {logging_mixin.py:188} INFO - Downloaded TSLA/1771324967.json
[2026-02-17T11:15:36.240+0000] {logging_mixin.py:188} INFO - Downloaded TSLA/1771324977.json
[2026-02-17T11:15:36.279+0000] {logging_mixin.py:188} INFO - Downloaded TSLA/1771324988.json
[2026-02-17T11:15:36.328+0000] {logging_mixin.py:188} INFO - Downloaded TSLA/1771324999.json
[2026-02-17T11:15:36.361+0000] {logging_mixin.py:188} INFO - Downloaded TSLA/1771325009.json
[2026-02-17T11:15:36.403+0000] {logging_mixin.py:188} INFO - Downloaded TSLA/1771325020.json
[2026-02-17T11:15:36.455+0000] {logging_mixin.py:188} INFO - Downloaded TSLA/1771325030.json
[2026-02-17T11:15:36.505+0000] {logging_mixin.py:188} INFO - Downloaded TSLA/1771325041.json
[2026-02-17T11:15:36.560+0000] {logging_mixin.py:188} INFO - Downloaded TSLA/1771325051.json
[2026-02-17T11:15:36.614+0000] {logging_mixin.py:188} INFO - Downloaded TSLA/1771325062.json
[2026-02-17T11:15:36.651+0000] {logging_mixin.py:188} INFO - Downloaded TSLA/1771325072.json
[2026-02-17T11:15:36.687+0000] {logging_mixin.py:188} INFO - Downloaded TSLA/1771325082.json
[2026-02-17T11:15:36.714+0000] {logging_mixin.py:188} INFO - Downloaded TSLA/1771325093.json
[2026-02-17T11:15:36.746+0000] {logging_mixin.py:188} INFO - Downloaded TSLA/1771325104.json
[2026-02-17T11:15:37.579+0000] {logging_mixin.py:188} INFO - Downloaded TSLA/1771325114.json
[2026-02-17T11:15:37.613+0000] {logging_mixin.py:188} INFO - Downloaded TSLA/1771325124.json
[2026-02-17T11:15:37.646+0000] {logging_mixin.py:188} INFO - Downloaded TSLA/1771325135.json
[2026-02-17T11:15:37.671+0000] {logging_mixin.py:188} INFO - Downloaded TSLA/1771325145.json
[2026-02-17T11:15:37.701+0000] {logging_mixin.py:188} INFO - Downloaded TSLA/1771325156.json
[2026-02-17T11:15:37.726+0000] {logging_mixin.py:188} INFO - Downloaded TSLA/1771325166.json
[2026-02-17T11:15:37.758+0000] {logging_mixin.py:188} INFO - Downloaded TSLA/1771325176.json
[2026-02-17T11:15:37.787+0000] {logging_mixin.py:188} INFO - Downloaded TSLA/1771325187.json
[2026-02-17T11:15:37.819+0000] {logging_mixin.py:188} INFO - Downloaded TSLA/1771325197.json
[2026-02-17T11:15:37.850+0000] {logging_mixin.py:188} INFO - Downloaded TSLA/1771325208.json
[2026-02-17T11:15:37.885+0000] {logging_mixin.py:188} INFO - Downloaded TSLA/1771325218.json
[2026-02-17T11:15:37.915+0000] {logging_mixin.py:188} INFO - Downloaded TSLA/1771325228.json
[2026-02-17T11:15:37.953+0000] {logging_mixin.py:188} INFO - Downloaded TSLA/1771325239.json
[2026-02-17T11:15:37.993+0000] {logging_mixin.py:188} INFO - Downloaded TSLA/1771325249.json
[2026-02-17T11:15:38.038+0000] {logging_mixin.py:188} INFO - Downloaded TSLA/1771325261.json
[2026-02-17T11:15:38.097+0000] {logging_mixin.py:188} INFO - Downloaded TSLA/1771325271.json
[2026-02-17T11:15:38.153+0000] {logging_mixin.py:188} INFO - Downloaded TSLA/1771325282.json
[2026-02-17T11:15:38.177+0000] {logging_mixin.py:188} INFO - Downloaded TSLA/1771325292.json
[2026-02-17T11:15:38.200+0000] {logging_mixin.py:188} INFO - Downloaded TSLA/1771325336.json
[2026-02-17T11:15:38.223+0000] {logging_mixin.py:188} INFO - Downloaded TSLA/1771325347.json
[2026-02-17T11:15:38.246+0000] {logging_mixin.py:188} INFO - Downloaded TSLA/1771325357.json
[2026-02-17T11:15:38.271+0000] {logging_mixin.py:188} INFO - Downloaded TSLA/1771325367.json
[2026-02-17T11:15:38.297+0000] {logging_mixin.py:188} INFO - Downloaded TSLA/1771325377.json
[2026-02-17T11:15:38.321+0000] {logging_mixin.py:188} INFO - Downloaded TSLA/1771325388.json
[2026-02-17T11:15:38.345+0000] {logging_mixin.py:188} INFO - Downloaded TSLA/1771325400.json
[2026-02-17T11:15:38.376+0000] {logging_mixin.py:188} INFO - Downloaded TSLA/1771325411.json
[2026-02-17T11:15:38.407+0000] {logging_mixin.py:188} INFO - Downloaded TSLA/1771325423.json
[2026-02-17T11:15:38.430+0000] {logging_mixin.py:188} INFO - Downloaded TSLA/1771325434.json
[2026-02-17T11:15:38.468+0000] {logging_mixin.py:188} INFO - Downloaded TSLA/1771325446.json
[2026-02-17T11:15:38.490+0000] {logging_mixin.py:188} INFO - Downloaded TSLA/1771325456.json
[2026-02-17T11:15:38.522+0000] {logging_mixin.py:188} INFO - Downloaded TSLA/1771325467.json
[2026-02-17T11:15:38.543+0000] {logging_mixin.py:188} INFO - Downloaded TSLA/1771325477.json
[2026-02-17T11:15:38.574+0000] {logging_mixin.py:188} INFO - Downloaded TSLA/1771325488.json
[2026-02-17T11:15:38.602+0000] {logging_mixin.py:188} INFO - Downloaded TSLA/1771325499.json
[2026-02-17T11:15:38.636+0000] {logging_mixin.py:188} INFO - Downloaded TSLA/1771325509.json
[2026-02-17T11:15:38.681+0000] {logging_mixin.py:188} INFO - Downloaded TSLA/1771325520.json
[2026-02-17T11:15:38.729+0000] {logging_mixin.py:188} INFO - Downloaded TSLA/1771325531.json
[2026-02-17T11:15:38.767+0000] {logging_mixin.py:188} INFO - Downloaded TSLA/1771325541.json
[2026-02-17T11:15:38.797+0000] {logging_mixin.py:188} INFO - Downloaded TSLA/1771325552.json
[2026-02-17T11:15:38.828+0000] {logging_mixin.py:188} INFO - Downloaded TSLA/1771325561.json
[2026-02-17T11:15:38.861+0000] {logging_mixin.py:188} INFO - Downloaded TSLA/1771325572.json
[2026-02-17T11:15:38.894+0000] {logging_mixin.py:188} INFO - Downloaded TSLA/1771325582.json
[2026-02-17T11:15:38.928+0000] {logging_mixin.py:188} INFO - Downloaded TSLA/1771325592.json
[2026-02-17T11:15:38.963+0000] {logging_mixin.py:188} INFO - Downloaded TSLA/1771325604.json
[2026-02-17T11:15:39.001+0000] {logging_mixin.py:188} INFO - Downloaded TSLA/1771325615.json
[2026-02-17T11:15:39.046+0000] {logging_mixin.py:188} INFO - Downloaded TSLA/1771325625.json
[2026-02-17T11:15:39.091+0000] {logging_mixin.py:188} INFO - Downloaded TSLA/1771325637.json
[2026-02-17T11:15:39.139+0000] {logging_mixin.py:188} INFO - Downloaded TSLA/1771325647.json
[2026-02-17T11:15:39.198+0000] {logging_mixin.py:188} INFO - Downloaded TSLA/1771325658.json
[2026-02-17T11:15:39.255+0000] {logging_mixin.py:188} INFO - Downloaded TSLA/1771325668.json
[2026-02-17T11:15:39.305+0000] {logging_mixin.py:188} INFO - Downloaded TSLA/1771325678.json
[2026-02-17T11:15:39.369+0000] {logging_mixin.py:188} INFO - Downloaded TSLA/1771325690.json
[2026-02-17T11:15:39.423+0000] {logging_mixin.py:188} INFO - Downloaded TSLA/1771325700.json
[2026-02-17T11:15:39.482+0000] {logging_mixin.py:188} INFO - Downloaded TSLA/1771325710.json
[2026-02-17T11:15:39.520+0000] {logging_mixin.py:188} INFO - Downloaded TSLA/1771325721.json
[2026-02-17T11:15:39.568+0000] {logging_mixin.py:188} INFO - Downloaded TSLA/1771325731.json
[2026-02-17T11:15:39.630+0000] {logging_mixin.py:188} INFO - Downloaded TSLA/1771325742.json
[2026-02-17T11:15:39.686+0000] {logging_mixin.py:188} INFO - Downloaded TSLA/1771325752.json
[2026-02-17T11:15:39.728+0000] {logging_mixin.py:188} INFO - Downloaded TSLA/1771325767.json
[2026-02-17T11:15:39.791+0000] {logging_mixin.py:188} INFO - Downloaded TSLA/1771325779.json
[2026-02-17T11:15:39.835+0000] {logging_mixin.py:188} INFO - Downloaded TSLA/1771325791.json
[2026-02-17T11:15:39.882+0000] {logging_mixin.py:188} INFO - Downloaded TSLA/1771325802.json
[2026-02-17T11:15:39.942+0000] {logging_mixin.py:188} INFO - Downloaded TSLA/1771325812.json
[2026-02-17T11:15:40.043+0000] {logging_mixin.py:188} INFO - Downloaded TSLA/1771325823.json
[2026-02-17T11:15:40.097+0000] {logging_mixin.py:188} INFO - Downloaded TSLA/1771325833.json
[2026-02-17T11:15:40.175+0000] {logging_mixin.py:188} INFO - Downloaded TSLA/1771325843.json
[2026-02-17T11:15:40.224+0000] {logging_mixin.py:188} INFO - Downloaded TSLA/1771325856.json
[2026-02-17T11:15:40.267+0000] {logging_mixin.py:188} INFO - Downloaded TSLA/1771325866.json
[2026-02-17T11:15:40.325+0000] {logging_mixin.py:188} INFO - Downloaded TSLA/1771325877.json
[2026-02-17T11:15:40.378+0000] {logging_mixin.py:188} INFO - Downloaded TSLA/1771325890.json
[2026-02-17T11:15:40.441+0000] {logging_mixin.py:188} INFO - Downloaded TSLA/1771325900.json
[2026-02-17T11:15:40.492+0000] {logging_mixin.py:188} INFO - Downloaded TSLA/1771325913.json
[2026-02-17T11:15:40.538+0000] {logging_mixin.py:188} INFO - Downloaded TSLA/1771325925.json
[2026-02-17T11:15:40.672+0000] {logging_mixin.py:188} INFO - Downloaded TSLA/1771325936.json
[2026-02-17T11:15:40.751+0000] {logging_mixin.py:188} INFO - Downloaded TSLA/1771325947.json
[2026-02-17T11:15:40.813+0000] {logging_mixin.py:188} INFO - Downloaded TSLA/1771325960.json
[2026-02-17T11:15:40.893+0000] {logging_mixin.py:188} INFO - Downloaded TSLA/1771325972.json
[2026-02-17T11:15:40.948+0000] {logging_mixin.py:188} INFO - Downloaded TSLA/1771325984.json
[2026-02-17T11:15:41.022+0000] {logging_mixin.py:188} INFO - Downloaded TSLA/1771325994.json
[2026-02-17T11:15:41.074+0000] {logging_mixin.py:188} INFO - Downloaded TSLA/1771326004.json
[2026-02-17T11:15:41.118+0000] {logging_mixin.py:188} INFO - Downloaded TSLA/1771326015.json
[2026-02-17T11:15:41.184+0000] {logging_mixin.py:188} INFO - Downloaded TSLA/1771326026.json
[2026-02-17T11:15:41.257+0000] {logging_mixin.py:188} INFO - Downloaded TSLA/1771326036.json
[2026-02-17T11:15:41.305+0000] {logging_mixin.py:188} INFO - Downloaded TSLA/1771326046.json
[2026-02-17T11:15:41.340+0000] {logging_mixin.py:188} INFO - Downloaded TSLA/1771326056.json
[2026-02-17T11:15:41.385+0000] {logging_mixin.py:188} INFO - Downloaded TSLA/1771326066.json
[2026-02-17T11:15:41.421+0000] {logging_mixin.py:188} INFO - Downloaded TSLA/1771326077.json
[2026-02-17T11:15:41.452+0000] {logging_mixin.py:188} INFO - Downloaded TSLA/1771326086.json
[2026-02-17T11:15:41.489+0000] {logging_mixin.py:188} INFO - Downloaded TSLA/1771326100.json
[2026-02-17T11:15:41.541+0000] {logging_mixin.py:188} INFO - Downloaded TSLA/1771326112.json
[2026-02-17T11:15:41.568+0000] {logging_mixin.py:188} INFO - Downloaded TSLA/1771326126.json
[2026-02-17T11:15:41.601+0000] {logging_mixin.py:188} INFO - Downloaded TSLA/1771326138.json
[2026-02-17T11:15:41.640+0000] {logging_mixin.py:188} INFO - Downloaded TSLA/1771326148.json
[2026-02-17T11:15:41.672+0000] {logging_mixin.py:188} INFO - Downloaded TSLA/1771326160.json
[2026-02-17T11:15:41.707+0000] {logging_mixin.py:188} INFO - Downloaded TSLA/1771326171.json
[2026-02-17T11:15:41.758+0000] {logging_mixin.py:188} INFO - Downloaded TSLA/1771326182.json
[2026-02-17T11:15:41.790+0000] {logging_mixin.py:188} INFO - Downloaded TSLA/1771326193.json
[2026-02-17T11:15:41.822+0000] {logging_mixin.py:188} INFO - Downloaded TSLA/1771326204.json
[2026-02-17T11:15:41.855+0000] {logging_mixin.py:188} INFO - Downloaded TSLA/1771326214.json
[2026-02-17T11:15:41.895+0000] {logging_mixin.py:188} INFO - Downloaded TSLA/1771326224.json
[2026-02-17T11:15:41.937+0000] {logging_mixin.py:188} INFO - Downloaded TSLA/1771326234.json
[2026-02-17T11:15:41.972+0000] {logging_mixin.py:188} INFO - Downloaded TSLA/1771326244.json
[2026-02-17T11:15:42.004+0000] {logging_mixin.py:188} INFO - Downloaded TSLA/1771326254.json
[2026-02-17T11:15:42.040+0000] {logging_mixin.py:188} INFO - Downloaded TSLA/1771326264.json
[2026-02-17T11:15:42.081+0000] {logging_mixin.py:188} INFO - Downloaded TSLA/1771326275.json
[2026-02-17T11:15:42.124+0000] {logging_mixin.py:188} INFO - Downloaded TSLA/1771326285.json
[2026-02-17T11:15:42.161+0000] {logging_mixin.py:188} INFO - Downloaded TSLA/1771326299.json
[2026-02-17T11:15:42.198+0000] {logging_mixin.py:188} INFO - Downloaded TSLA/1771326313.json
[2026-02-17T11:15:42.244+0000] {logging_mixin.py:188} INFO - Downloaded TSLA/1771326323.json
[2026-02-17T11:15:42.292+0000] {logging_mixin.py:188} INFO - Downloaded TSLA/1771326334.json
[2026-02-17T11:15:42.329+0000] {logging_mixin.py:188} INFO - Downloaded TSLA/1771326350.json
[2026-02-17T11:15:42.363+0000] {logging_mixin.py:188} INFO - Downloaded TSLA/1771326361.json
[2026-02-17T11:15:42.391+0000] {logging_mixin.py:188} INFO - Downloaded TSLA/1771326373.json
[2026-02-17T11:15:42.421+0000] {logging_mixin.py:188} INFO - Downloaded TSLA/1771326384.json
[2026-02-17T11:15:42.463+0000] {logging_mixin.py:188} INFO - Downloaded TSLA/1771326394.json
[2026-02-17T11:15:42.494+0000] {logging_mixin.py:188} INFO - Downloaded TSLA/1771326404.json
[2026-02-17T11:15:42.531+0000] {logging_mixin.py:188} INFO - Downloaded TSLA/1771326414.json
[2026-02-17T11:15:42.557+0000] {logging_mixin.py:188} INFO - Downloaded TSLA/1771326424.json
[2026-02-17T11:15:42.587+0000] {logging_mixin.py:188} INFO - Downloaded TSLA/1771326435.json
[2026-02-17T11:15:42.648+0000] {logging_mixin.py:188} INFO - Downloaded TSLA/1771326445.json
[2026-02-17T11:15:42.693+0000] {logging_mixin.py:188} INFO - Downloaded TSLA/1771326455.json
[2026-02-17T11:15:42.732+0000] {logging_mixin.py:188} INFO - Downloaded TSLA/1771326466.json
[2026-02-17T11:15:42.784+0000] {logging_mixin.py:188} INFO - Downloaded TSLA/1771326476.json
[2026-02-17T11:15:42.825+0000] {logging_mixin.py:188} INFO - Downloaded TSLA/1771326485.json
[2026-02-17T11:15:42.875+0000] {logging_mixin.py:188} INFO - Downloaded TSLA/1771326496.json
[2026-02-17T11:15:42.915+0000] {logging_mixin.py:188} INFO - Downloaded TSLA/1771326507.json
[2026-02-17T11:15:42.971+0000] {logging_mixin.py:188} INFO - Downloaded TSLA/1771326517.json
[2026-02-17T11:15:43.011+0000] {logging_mixin.py:188} INFO - Downloaded TSLA/1771326527.json
[2026-02-17T11:15:43.064+0000] {logging_mixin.py:188} INFO - Downloaded TSLA/1771326537.json
[2026-02-17T11:15:43.121+0000] {logging_mixin.py:188} INFO - Downloaded TSLA/1771326547.json
[2026-02-17T11:15:43.155+0000] {logging_mixin.py:188} INFO - Downloaded TSLA/1771326558.json
[2026-02-17T11:15:43.190+0000] {logging_mixin.py:188} INFO - Downloaded TSLA/1771326568.json
[2026-02-17T11:15:43.242+0000] {logging_mixin.py:188} INFO - Downloaded TSLA/1771326578.json
[2026-02-17T11:15:43.279+0000] {logging_mixin.py:188} INFO - Downloaded TSLA/1771326587.json
[2026-02-17T11:15:43.335+0000] {logging_mixin.py:188} INFO - Downloaded TSLA/1771326598.json
[2026-02-17T11:15:43.404+0000] {logging_mixin.py:188} INFO - Downloaded TSLA/1771326608.json
[2026-02-17T11:15:43.447+0000] {logging_mixin.py:188} INFO - Downloaded TSLA/1771326618.json
[2026-02-17T11:15:43.495+0000] {logging_mixin.py:188} INFO - Downloaded TSLA/1771326628.json
[2026-02-17T11:15:43.526+0000] {logging_mixin.py:188} INFO - Downloaded TSLA/1771326638.json
[2026-02-17T11:15:43.560+0000] {logging_mixin.py:188} INFO - Downloaded TSLA/1771326648.json
[2026-02-17T11:15:43.588+0000] {logging_mixin.py:188} INFO - Downloaded TSLA/1771326659.json
[2026-02-17T11:15:43.622+0000] {logging_mixin.py:188} INFO - Downloaded TSLA/1771326669.json
[2026-02-17T11:15:43.659+0000] {logging_mixin.py:188} INFO - Downloaded TSLA/1771326679.json
[2026-02-17T11:15:43.689+0000] {logging_mixin.py:188} INFO - Downloaded TSLA/1771326689.json
[2026-02-17T11:15:43.721+0000] {logging_mixin.py:188} INFO - Downloaded TSLA/1771326700.json
[2026-02-17T11:15:43.756+0000] {logging_mixin.py:188} INFO - Downloaded TSLA/1771326710.json
[2026-02-17T11:15:43.786+0000] {logging_mixin.py:188} INFO - Downloaded TSLA/1771326720.json
[2026-02-17T11:15:43.812+0000] {logging_mixin.py:188} INFO - Downloaded TSLA/1771326730.json
[2026-02-17T11:15:43.837+0000] {logging_mixin.py:188} INFO - Downloaded TSLA/1771326740.json
[2026-02-17T11:15:43.862+0000] {logging_mixin.py:188} INFO - Downloaded TSLA/1771326751.json
[2026-02-17T11:15:43.891+0000] {logging_mixin.py:188} INFO - Downloaded TSLA/1771326761.json
[2026-02-17T11:15:43.922+0000] {logging_mixin.py:188} INFO - Downloaded TSLA/1771326771.json
[2026-02-17T11:15:43.958+0000] {logging_mixin.py:188} INFO - Downloaded TSLA/1771326782.json
[2026-02-17T11:15:43.988+0000] {logging_mixin.py:188} INFO - Downloaded TSLA/1771326792.json
[2026-02-17T11:15:44.027+0000] {logging_mixin.py:188} INFO - Downloaded TSLA/1771326802.json
[2026-02-17T11:15:44.055+0000] {logging_mixin.py:188} INFO - Downloaded TSLA/1771326812.json
[2026-02-17T11:15:44.082+0000] {logging_mixin.py:188} INFO - Downloaded TSLA/1771326822.json
[2026-02-17T11:15:44.106+0000] {logging_mixin.py:188} INFO - Downloaded TSLA/1771326833.json
[2026-02-17T11:15:44.134+0000] {logging_mixin.py:188} INFO - Downloaded TSLA/1771326843.json
[2026-02-17T11:15:44.161+0000] {logging_mixin.py:188} INFO - Downloaded TSLA/1771326853.json
[2026-02-17T11:15:44.195+0000] {logging_mixin.py:188} INFO - Downloaded TSLA/1771326863.json
[2026-02-17T11:15:44.232+0000] {logging_mixin.py:188} INFO - Downloaded TSLA/1771326873.json
[2026-02-17T11:15:44.258+0000] {logging_mixin.py:188} INFO - Downloaded TSLA/1771326884.json
[2026-02-17T11:15:44.284+0000] {logging_mixin.py:188} INFO - Downloaded TSLA/1771326894.json
[2026-02-17T11:15:44.308+0000] {logging_mixin.py:188} INFO - Downloaded TSLA/1771326904.json
[2026-02-17T11:15:44.315+0000] {python.py:237} INFO - Done. Returned value was: ['/opt/***/data/minio/AAPL/1771324930.json', '/opt/***/data/minio/AAPL/1771324943.json', '/opt/***/data/minio/AAPL/1771324953.json', '/opt/***/data/minio/AAPL/1771324964.json', '/opt/***/data/minio/AAPL/1771324974.json', '/opt/***/data/minio/AAPL/1771324985.json', '/opt/***/data/minio/AAPL/1771324996.json', '/opt/***/data/minio/AAPL/1771325007.json', '/opt/***/data/minio/AAPL/1771325017.json', '/opt/***/data/minio/AAPL/1771325028.json', '/opt/***/data/minio/AAPL/1771325039.json', '/opt/***/data/minio/AAPL/1771325049.json', '/opt/***/data/minio/AAPL/1771325059.json', '/opt/***/data/minio/AAPL/1771325069.json', '/opt/***/data/minio/AAPL/1771325080.json', '/opt/***/data/minio/AAPL/1771325090.json', '/opt/***/data/minio/AAPL/1771325101.json', '/opt/***/data/minio/AAPL/1771325112.json', '/opt/***/data/minio/AAPL/1771325122.json', '/opt/***/data/minio/AAPL/1771325132.json', '/opt/***/data/minio/AAPL/1771325143.json', '/opt/***/data/minio/AAPL/1771325153.json', '/opt/***/data/minio/AAPL/1771325163.json', '/opt/***/data/minio/AAPL/1771325174.json', '/opt/***/data/minio/AAPL/1771325184.json', '/opt/***/data/minio/AAPL/1771325195.json', '/opt/***/data/minio/AAPL/1771325205.json', '/opt/***/data/minio/AAPL/1771325215.json', '/opt/***/data/minio/AAPL/1771325226.json', '/opt/***/data/minio/AAPL/1771325236.json', '/opt/***/data/minio/AAPL/1771325247.json', '/opt/***/data/minio/AAPL/1771325257.json', '/opt/***/data/minio/AAPL/1771325269.json', '/opt/***/data/minio/AAPL/1771325279.json', '/opt/***/data/minio/AAPL/1771325289.json', '/opt/***/data/minio/AAPL/1771325300.json', '/opt/***/data/minio/AAPL/1771325334.json', '/opt/***/data/minio/AAPL/1771325344.json', '/opt/***/data/minio/AAPL/1771325354.json', '/opt/***/data/minio/AAPL/1771325365.json', '/opt/***/data/minio/AAPL/1771325375.json', '/opt/***/data/minio/AAPL/1771325385.json', '/opt/***/data/minio/AAPL/1771325396.json', '/opt/***/data/minio/AAPL/1771325408.json', '/opt/***/data/minio/AAPL/1771325419.json', '/opt/***/data/minio/AAPL/1771325431.json', '/opt/***/data/minio/AAPL/1771325442.json', '/opt/***/data/minio/AAPL/1771325454.json', '/opt/***/data/minio/AAPL/1771325464.json', '/opt/***/data/minio/AAPL/1771325474.json', '/opt/***/data/minio/AAPL/1771325485.json', '/opt/***/data/minio/AAPL/1771325496.json', '/opt/***/data/minio/AAPL/1771325507.json', '/opt/***/data/minio/AAPL/1771325517.json', '/opt/***/data/minio/AAPL/1771325528.json', '/opt/***/data/minio/AAPL/1771325539.json', '/opt/***/data/minio/AAPL/1771325549.json', '/opt/***/data/minio/AAPL/1771325559.json', '/opt/***/data/minio/AAPL/1771325569.json', '/opt/***/data/minio/AAPL/1771325580.json', '/opt/***/data/minio/AAPL/1771325590.json', '/opt/***/data/minio/AAPL/1771325600.json', '/opt/***/data/minio/AAPL/1771325612.json', '/opt/***/data/minio/AAPL/1771325623.json', '/opt/***/data/minio/AAPL/1771325633.json', '/opt/***/data/minio/AAPL/1771325644.json', '/opt/***/data/minio/AAPL/1771325655.json', '/opt/***/data/minio/AAPL/1771325666.json', '/opt/***/data/minio/AAPL/1771325676.json', '/opt/***/data/minio/AAPL/1771325686.json', '/opt/***/data/minio/AAPL/1771325697.json', '/opt/***/data/minio/AAPL/1771325708.json', '/opt/***/data/minio/AAPL/1771325718.json', '/opt/***/data/minio/AAPL/1771325729.json', '/opt/***/data/minio/AAPL/1771325739.json', '/opt/***/data/minio/AAPL/1771325750.json', '/opt/***/data/minio/AAPL/1771325761.json', '/opt/***/data/minio/AAPL/1771325776.json', '/opt/***/data/minio/AAPL/1771325787.json', '/opt/***/data/minio/AAPL/1771325800.json', '/opt/***/data/minio/AAPL/1771325810.json', '/opt/***/data/minio/AAPL/1771325820.json', '/opt/***/data/minio/AAPL/1771325831.json', '/opt/***/data/minio/AAPL/1771325841.json', '/opt/***/data/minio/AAPL/1771325851.json', '/opt/***/data/minio/AAPL/1771325863.json', '/opt/***/data/minio/AAPL/1771325874.json', '/opt/***/data/minio/AAPL/1771325885.json', '/opt/***/data/minio/AAPL/1771325898.json', '/opt/***/data/minio/AAPL/1771325910.json', '/opt/***/data/minio/AAPL/1771325921.json', '/opt/***/data/minio/AAPL/1771325932.json', '/opt/***/data/minio/AAPL/1771325944.json', '/opt/***/data/minio/AAPL/1771325955.json', '/opt/***/data/minio/AAPL/1771325969.json', '/opt/***/data/minio/AAPL/1771325980.json', '/opt/***/data/minio/AAPL/1771325991.json', '/opt/***/data/minio/AAPL/1771326002.json', '/opt/***/data/minio/AAPL/1771326012.json', '/opt/***/data/minio/AAPL/1771326023.json', '/opt/***/data/minio/AAPL/1771326034.json', '/opt/***/data/minio/AAPL/1771326044.json', '/opt/***/data/minio/AAPL/1771326054.json', '/opt/***/data/minio/AAPL/1771326064.json', '/opt/***/data/minio/AAPL/1771326074.json', '/opt/***/data/minio/AAPL/1771326084.json', '/opt/***/data/minio/AAPL/1771326095.json', '/opt/***/data/minio/AAPL/1771326108.json', '/opt/***/data/minio/AAPL/1771326121.json', '/opt/***/data/minio/AAPL/1771326135.json', '/opt/***/data/minio/AAPL/1771326145.json', '/opt/***/data/minio/AAPL/1771326157.json', '/opt/***/data/minio/AAPL/1771326168.json', '/opt/***/data/minio/AAPL/1771326180.json', '/opt/***/data/minio/AAPL/1771326190.json', '/opt/***/data/minio/AAPL/1771326201.json', '/opt/***/data/minio/AAPL/1771326211.json', '/opt/***/data/minio/AAPL/1771326221.json', '/opt/***/data/minio/AAPL/1771326231.json', '/opt/***/data/minio/AAPL/1771326241.json', '/opt/***/data/minio/AAPL/1771326252.json', '/opt/***/data/minio/AAPL/1771326262.json', '/opt/***/data/minio/AAPL/1771326272.json', '/opt/***/data/minio/AAPL/1771326282.json', '/opt/***/data/minio/AAPL/1771326293.json', '/opt/***/data/minio/AAPL/1771326309.json', '/opt/***/data/minio/AAPL/1771326320.json', '/opt/***/data/minio/AAPL/1771326331.json', '/opt/***/data/minio/AAPL/1771326347.json', '/opt/***/data/minio/AAPL/1771326358.json', '/opt/***/data/minio/AAPL/1771326370.json', '/opt/***/data/minio/AAPL/1771326381.json', '/opt/***/data/minio/AAPL/1771326391.json', '/opt/***/data/minio/AAPL/1771326402.json', '/opt/***/data/minio/AAPL/1771326412.json', '/opt/***/data/minio/AAPL/1771326422.json', '/opt/***/data/minio/AAPL/1771326433.json', '/opt/***/data/minio/AAPL/1771326443.json', '/opt/***/data/minio/AAPL/1771326452.json', '/opt/***/data/minio/AAPL/1771326463.json', '/opt/***/data/minio/AAPL/1771326473.json', '/opt/***/data/minio/AAPL/1771326483.json', '/opt/***/data/minio/AAPL/1771326493.json', '/opt/***/data/minio/AAPL/1771326504.json', '/opt/***/data/minio/AAPL/1771326514.json', '/opt/***/data/minio/AAPL/1771326525.json', '/opt/***/data/minio/AAPL/1771326535.json', '/opt/***/data/minio/AAPL/1771326545.json', '/opt/***/data/minio/AAPL/1771326555.json', '/opt/***/data/minio/AAPL/1771326566.json', '/opt/***/data/minio/AAPL/1771326576.json', '/opt/***/data/minio/AAPL/1771326585.json', '/opt/***/data/minio/AAPL/1771326595.json', '/opt/***/data/minio/AAPL/1771326605.json', '/opt/***/data/minio/AAPL/1771326615.json', '/opt/***/data/minio/AAPL/1771326626.json', '/opt/***/data/minio/AAPL/1771326636.json', '/opt/***/data/minio/AAPL/1771326646.json', '/opt/***/data/minio/AAPL/1771326656.json', '/opt/***/data/minio/AAPL/1771326666.json', '/opt/***/data/minio/AAPL/1771326677.json', '/opt/***/data/minio/AAPL/1771326687.json', '/opt/***/data/minio/AAPL/1771326697.json', '/opt/***/data/minio/AAPL/1771326708.json', '/opt/***/data/minio/AAPL/1771326718.json', '/opt/***/data/minio/AAPL/1771326728.json', '/opt/***/data/minio/AAPL/1771326738.json', '/opt/***/data/minio/AAPL/1771326748.json', '/opt/***/data/minio/AAPL/1771326759.json', '/opt/***/data/minio/AAPL/1771326769.json', '/opt/***/data/minio/AAPL/1771326779.json', '/opt/***/data/minio/AAPL/1771326789.json', '/opt/***/data/minio/AAPL/1771326799.json', '/opt/***/data/minio/AAPL/1771326810.json', '/opt/***/data/minio/AAPL/1771326820.json', '/opt/***/data/minio/AAPL/1771326830.json', '/opt/***/data/minio/AAPL/1771326840.json', '/opt/***/data/minio/AAPL/1771326850.json', '/opt/***/data/minio/AAPL/1771326860.json', '/opt/***/data/minio/AAPL/1771326870.json', '/opt/***/data/minio/AAPL/1771326881.json', '/opt/***/data/minio/AAPL/1771326891.json', '/opt/***/data/minio/AAPL/1771326902.json', '/opt/***/data/minio/AMZN/1771324936.json', '/opt/***/data/minio/AMZN/1771324946.json', '/opt/***/data/minio/AMZN/1771324957.json', '/opt/***/data/minio/AMZN/1771324968.json', '/opt/***/data/minio/AMZN/1771324978.json', '/opt/***/data/minio/AMZN/1771324989.json', '/opt/***/data/minio/AMZN/1771325000.json', '/opt/***/data/minio/AMZN/1771325010.json', '/opt/***/data/minio/AMZN/1771325021.json', '/opt/***/data/minio/AMZN/1771325032.json', '/opt/***/data/minio/AMZN/1771325042.json', '/opt/***/data/minio/AMZN/1771325052.json', '/opt/***/data/minio/AMZN/1771325063.json', '/opt/***/data/minio/AMZN/1771325073.json', '/opt/***/data/minio/AMZN/1771325083.json', '/opt/***/data/minio/AMZN/1771325094.json', '/opt/***/data/minio/AMZN/1771325105.json', '/opt/***/data/minio/AMZN/1771325115.json', '/opt/***/data/minio/AMZN/1771325125.json', '/opt/***/data/minio/AMZN/1771325136.json', '/opt/***/data/minio/AMZN/1771325146.json', '/opt/***/data/minio/AMZN/1771325156.json', '/opt/***/data/minio/AMZN/1771325167.json', '/opt/***/data/minio/AMZN/1771325177.json', '/opt/***/data/minio/AMZN/1771325188.json', '/opt/***/data/minio/AMZN/1771325198.json', '/opt/***/data/minio/AMZN/1771325209.json', '/opt/***/data/minio/AMZN/1771325219.json', '/opt/***/data/minio/AMZN/1771325229.json', '/opt/***/data/minio/AMZN/1771325240.json', '/opt/***/data/minio/AMZN/1771325250.json', '/opt/***/data/minio/AMZN/1771325262.json', '/opt/***/data/minio/AMZN/1771325272.json', '/opt/***/data/minio/AMZN/1771325283.json', '/opt/***/data/minio/AMZN/1771325293.json', '/opt/***/data/minio/AMZN/1771325337.json', '/opt/***/data/minio/AMZN/1771325347.json', '/opt/***/data/minio/AMZN/1771325358.json', '/opt/***/data/minio/AMZN/1771325368.json', '/opt/***/data/minio/AMZN/1771325378.json', '/opt/***/data/minio/AMZN/1771325389.json', '/opt/***/data/minio/AMZN/1771325401.json', '/opt/***/data/minio/AMZN/1771325412.json', '/opt/***/data/minio/AMZN/1771325424.json', '/opt/***/data/minio/AMZN/1771325435.json', '/opt/***/data/minio/AMZN/1771325447.json', '/opt/***/data/minio/AMZN/1771325457.json', '/opt/***/data/minio/AMZN/1771325468.json', '/opt/***/data/minio/AMZN/1771325477.json', '/opt/***/data/minio/AMZN/1771325489.json', '/opt/***/data/minio/AMZN/1771325500.json', '/opt/***/data/minio/AMZN/1771325510.json', '/opt/***/data/minio/AMZN/1771325521.json', '/opt/***/data/minio/AMZN/1771325532.json', '/opt/***/data/minio/AMZN/1771325542.json', '/opt/***/data/minio/AMZN/1771325552.json', '/opt/***/data/minio/AMZN/1771325562.json', '/opt/***/data/minio/AMZN/1771325573.json', '/opt/***/data/minio/AMZN/1771325583.json', '/opt/***/data/minio/AMZN/1771325593.json', '/opt/***/data/minio/AMZN/1771325605.json', '/opt/***/data/minio/AMZN/1771325616.json', '/opt/***/data/minio/AMZN/1771325626.json', '/opt/***/data/minio/AMZN/1771325637.json', '/opt/***/data/minio/AMZN/1771325648.json', '/opt/***/data/minio/AMZN/1771325659.json', '/opt/***/data/minio/AMZN/1771325669.json', '/opt/***/data/minio/AMZN/1771325679.json', '/opt/***/data/minio/AMZN/1771325691.json', '/opt/***/data/minio/AMZN/1771325701.json', '/opt/***/data/minio/AMZN/1771325711.json', '/opt/***/data/minio/AMZN/1771325722.json', '/opt/***/data/minio/AMZN/1771325732.json', '/opt/***/data/minio/AMZN/1771325743.json', '/opt/***/data/minio/AMZN/1771325753.json', '/opt/***/data/minio/AMZN/1771325769.json', '/opt/***/data/minio/AMZN/1771325780.json', '/opt/***/data/minio/AMZN/1771325792.json', '/opt/***/data/minio/AMZN/1771325803.json', '/opt/***/data/minio/AMZN/1771325813.json', '/opt/***/data/minio/AMZN/1771325824.json', '/opt/***/data/minio/AMZN/1771325834.json', '/opt/***/data/minio/AMZN/1771325844.json', '/opt/***/data/minio/AMZN/1771325857.json', '/opt/***/data/minio/AMZN/1771325867.json', '/opt/***/data/minio/AMZN/1771325878.json', '/opt/***/data/minio/AMZN/1771325891.json', '/opt/***/data/minio/AMZN/1771325902.json', '/opt/***/data/minio/AMZN/1771325914.json', '/opt/***/data/minio/AMZN/1771325925.json', '/opt/***/data/minio/AMZN/1771325937.json', '/opt/***/data/minio/AMZN/1771325948.json', '/opt/***/data/minio/AMZN/1771325962.json', '/opt/***/data/minio/AMZN/1771325973.json', '/opt/***/data/minio/AMZN/1771325984.json', '/opt/***/data/minio/AMZN/1771325995.json', '/opt/***/data/minio/AMZN/1771326005.json', '/opt/***/data/minio/AMZN/1771326016.json', '/opt/***/data/minio/AMZN/1771326027.json', '/opt/***/data/minio/AMZN/1771326037.json', '/opt/***/data/minio/AMZN/1771326047.json', '/opt/***/data/minio/AMZN/1771326058.json', '/opt/***/data/minio/AMZN/1771326067.json', '/opt/***/data/minio/AMZN/1771326077.json', '/opt/***/data/minio/AMZN/1771326087.json', '/opt/***/data/minio/AMZN/1771326101.json', '/opt/***/data/minio/AMZN/1771326115.json', '/opt/***/data/minio/AMZN/1771326128.json', '/opt/***/data/minio/AMZN/1771326139.json', '/opt/***/data/minio/AMZN/1771326151.json', '/opt/***/data/minio/AMZN/1771326161.json', '/opt/***/data/minio/AMZN/1771326173.json', '/opt/***/data/minio/AMZN/1771326183.json', '/opt/***/data/minio/AMZN/1771326194.json', '/opt/***/data/minio/AMZN/1771326204.json', '/opt/***/data/minio/AMZN/1771326215.json', '/opt/***/data/minio/AMZN/1771326225.json', '/opt/***/data/minio/AMZN/1771326235.json', '/opt/***/data/minio/AMZN/1771326245.json', '/opt/***/data/minio/AMZN/1771326255.json', '/opt/***/data/minio/AMZN/1771326265.json', '/opt/***/data/minio/AMZN/1771326275.json', '/opt/***/data/minio/AMZN/1771326286.json', '/opt/***/data/minio/AMZN/1771326301.json', '/opt/***/data/minio/AMZN/1771326314.json', '/opt/***/data/minio/AMZN/1771326324.json', '/opt/***/data/minio/AMZN/1771326335.json', '/opt/***/data/minio/AMZN/1771326351.json', '/opt/***/data/minio/AMZN/1771326362.json', '/opt/***/data/minio/AMZN/1771326374.json', '/opt/***/data/minio/AMZN/1771326384.json', '/opt/***/data/minio/AMZN/1771326395.json', '/opt/***/data/minio/AMZN/1771326405.json', '/opt/***/data/minio/AMZN/1771326415.json', '/opt/***/data/minio/AMZN/1771326425.json', '/opt/***/data/minio/AMZN/1771326436.json', '/opt/***/data/minio/AMZN/1771326446.json', '/opt/***/data/minio/AMZN/1771326456.json', '/opt/***/data/minio/AMZN/1771326466.json', '/opt/***/data/minio/AMZN/1771326476.json', '/opt/***/data/minio/AMZN/1771326486.json', '/opt/***/data/minio/AMZN/1771326497.json', '/opt/***/data/minio/AMZN/1771326508.json', '/opt/***/data/minio/AMZN/1771326518.json', '/opt/***/data/minio/AMZN/1771326528.json', '/opt/***/data/minio/AMZN/1771326538.json', '/opt/***/data/minio/AMZN/1771326548.json', '/opt/***/data/minio/AMZN/1771326559.json', '/opt/***/data/minio/AMZN/1771326569.json', '/opt/***/data/minio/AMZN/1771326578.json', '/opt/***/data/minio/AMZN/1771326588.json', '/opt/***/data/minio/AMZN/1771326599.json', '/opt/***/data/minio/AMZN/1771326609.json', '/opt/***/data/minio/AMZN/1771326619.json', '/opt/***/data/minio/AMZN/1771326629.json', '/opt/***/data/minio/AMZN/1771326639.json', '/opt/***/data/minio/AMZN/1771326650.json', '/opt/***/data/minio/AMZN/1771326659.json', '/opt/***/data/minio/AMZN/1771326670.json', '/opt/***/data/minio/AMZN/1771326680.json', '/opt/***/data/minio/AMZN/1771326690.json', '/opt/***/data/minio/AMZN/1771326701.json', '/opt/***/data/minio/AMZN/1771326711.json', '/opt/***/data/minio/AMZN/1771326721.json', '/opt/***/data/minio/AMZN/1771326731.json', '/opt/***/data/minio/AMZN/1771326741.json', '/opt/***/data/minio/AMZN/1771326752.json', '/opt/***/data/minio/AMZN/1771326762.json', '/opt/***/data/minio/AMZN/1771326772.json', '/opt/***/data/minio/AMZN/1771326782.json', '/opt/***/data/minio/AMZN/1771326793.json', '/opt/***/data/minio/AMZN/1771326802.json', '/opt/***/data/minio/AMZN/1771326813.json', '/opt/***/data/minio/AMZN/1771326823.json', '/opt/***/data/minio/AMZN/1771326834.json', '/opt/***/data/minio/AMZN/1771326844.json', '/opt/***/data/minio/AMZN/1771326854.json', '/opt/***/data/minio/AMZN/1771326863.json', '/opt/***/data/minio/AMZN/1771326874.json', '/opt/***/data/minio/AMZN/1771326884.json', '/opt/***/data/minio/AMZN/1771326895.json', '/opt/***/data/minio/AMZN/1771326905.json', '/opt/***/data/minio/GOOGL/1771324934.json', '/opt/***/data/minio/GOOGL/1771324945.json', '/opt/***/data/minio/GOOGL/1771324955.json', '/opt/***/data/minio/GOOGL/1771324965.json', '/opt/***/data/minio/GOOGL/1771324976.json', '/opt/***/data/minio/GOOGL/1771324987.json', '/opt/***/data/minio/GOOGL/1771324998.json', '/opt/***/data/minio/GOOGL/1771325008.json', '/opt/***/data/minio/GOOGL/1771325019.json', '/opt/***/data/minio/GOOGL/1771325030.json', '/opt/***/data/minio/GOOGL/1771325040.json', '/opt/***/data/minio/GOOGL/1771325050.json', '/opt/***/data/minio/GOOGL/1771325061.json', '/opt/***/data/minio/GOOGL/1771325071.json', '/opt/***/data/minio/GOOGL/1771325081.json', '/opt/***/data/minio/GOOGL/1771325092.json', '/opt/***/data/minio/GOOGL/1771325103.json', '/opt/***/data/minio/GOOGL/1771325113.json', '/opt/***/data/minio/GOOGL/1771325123.json', '/opt/***/data/minio/GOOGL/1771325134.json', '/opt/***/data/minio/GOOGL/1771325144.json', '/opt/***/data/minio/GOOGL/1771325155.json', '/opt/***/data/minio/GOOGL/1771325165.json', '/opt/***/data/minio/GOOGL/1771325176.json', '/opt/***/data/minio/GOOGL/1771325186.json', '/opt/***/data/minio/GOOGL/1771325196.json', '/opt/***/data/minio/GOOGL/1771325207.json', '/opt/***/data/minio/GOOGL/1771325217.json', '/opt/***/data/minio/GOOGL/1771325227.json', '/opt/***/data/minio/GOOGL/1771325238.json', '/opt/***/data/minio/GOOGL/1771325249.json', '/opt/***/data/minio/GOOGL/1771325260.json', '/opt/***/data/minio/GOOGL/1771325271.json', '/opt/***/data/minio/GOOGL/1771325281.json', '/opt/***/data/minio/GOOGL/1771325291.json', '/opt/***/data/minio/GOOGL/1771325303.json', '/opt/***/data/minio/GOOGL/1771325336.json', '/opt/***/data/minio/GOOGL/1771325346.json', '/opt/***/data/minio/GOOGL/1771325356.json', '/opt/***/data/minio/GOOGL/1771325366.json', '/opt/***/data/minio/GOOGL/1771325377.json', '/opt/***/data/minio/GOOGL/1771325387.json', '/opt/***/data/minio/GOOGL/1771325399.json', '/opt/***/data/minio/GOOGL/1771325410.json', '/opt/***/data/minio/GOOGL/1771325421.json', '/opt/***/data/minio/GOOGL/1771325433.json', '/opt/***/data/minio/GOOGL/1771325445.json', '/opt/***/data/minio/GOOGL/1771325455.json', '/opt/***/data/minio/GOOGL/1771325466.json', '/opt/***/data/minio/GOOGL/1771325476.json', '/opt/***/data/minio/GOOGL/1771325487.json', '/opt/***/data/minio/GOOGL/1771325498.json', '/opt/***/data/minio/GOOGL/1771325509.json', '/opt/***/data/minio/GOOGL/1771325519.json', '/opt/***/data/minio/GOOGL/1771325530.json', '/opt/***/data/minio/GOOGL/1771325540.json', '/opt/***/data/minio/GOOGL/1771325551.json', '/opt/***/data/minio/GOOGL/1771325561.json', '/opt/***/data/minio/GOOGL/1771325571.json', '/opt/***/data/minio/GOOGL/1771325581.json', '/opt/***/data/minio/GOOGL/1771325591.json', '/opt/***/data/minio/GOOGL/1771325603.json', '/opt/***/data/minio/GOOGL/1771325614.json', '/opt/***/data/minio/GOOGL/1771325624.json', '/opt/***/data/minio/GOOGL/1771325636.json', '/opt/***/data/minio/GOOGL/1771325646.json', '/opt/***/data/minio/GOOGL/1771325657.json', '/opt/***/data/minio/GOOGL/1771325667.json', '/opt/***/data/minio/GOOGL/1771325677.json', '/opt/***/data/minio/GOOGL/1771325688.json', '/opt/***/data/minio/GOOGL/1771325699.json', '/opt/***/data/minio/GOOGL/1771325709.json', '/opt/***/data/minio/GOOGL/1771325720.json', '/opt/***/data/minio/GOOGL/1771325730.json', '/opt/***/data/minio/GOOGL/1771325741.json', '/opt/***/data/minio/GOOGL/1771325752.json', '/opt/***/data/minio/GOOGL/1771325766.json', '/opt/***/data/minio/GOOGL/1771325778.json', '/opt/***/data/minio/GOOGL/1771325790.json', '/opt/***/data/minio/GOOGL/1771325801.json', '/opt/***/data/minio/GOOGL/1771325811.json', '/opt/***/data/minio/GOOGL/1771325822.json', '/opt/***/data/minio/GOOGL/1771325832.json', '/opt/***/data/minio/GOOGL/1771325842.json', '/opt/***/data/minio/GOOGL/1771325855.json', '/opt/***/data/minio/GOOGL/1771325865.json', '/opt/***/data/minio/GOOGL/1771325876.json', '/opt/***/data/minio/GOOGL/1771325888.json', '/opt/***/data/minio/GOOGL/1771325899.json', '/opt/***/data/minio/GOOGL/1771325912.json', '/opt/***/data/minio/GOOGL/1771325923.json', '/opt/***/data/minio/GOOGL/1771325934.json', '/opt/***/data/minio/GOOGL/1771325946.json', '/opt/***/data/minio/GOOGL/1771325959.json', '/opt/***/data/minio/GOOGL/1771325971.json', '/opt/***/data/minio/GOOGL/1771325982.json', '/opt/***/data/minio/GOOGL/1771325993.json', '/opt/***/data/minio/GOOGL/1771326003.json', '/opt/***/data/minio/GOOGL/1771326014.json', '/opt/***/data/minio/GOOGL/1771326025.json', '/opt/***/data/minio/GOOGL/1771326035.json', '/opt/***/data/minio/GOOGL/1771326045.json', '/opt/***/data/minio/GOOGL/1771326056.json', '/opt/***/data/minio/GOOGL/1771326066.json', '/opt/***/data/minio/GOOGL/1771326076.json', '/opt/***/data/minio/GOOGL/1771326086.json', '/opt/***/data/minio/GOOGL/1771326098.json', '/opt/***/data/minio/GOOGL/1771326111.json', '/opt/***/data/minio/GOOGL/1771326125.json', '/opt/***/data/minio/GOOGL/1771326137.json', '/opt/***/data/minio/GOOGL/1771326147.json', '/opt/***/data/minio/GOOGL/1771326159.json', '/opt/***/data/minio/GOOGL/1771326170.json', '/opt/***/data/minio/GOOGL/1771326181.json', '/opt/***/data/minio/GOOGL/1771326192.json', '/opt/***/data/minio/GOOGL/1771326202.json', '/opt/***/data/minio/GOOGL/1771326213.json', '/opt/***/data/minio/GOOGL/1771326223.json', '/opt/***/data/minio/GOOGL/1771326233.json', '/opt/***/data/minio/GOOGL/1771326243.json', '/opt/***/data/minio/GOOGL/1771326253.json', '/opt/***/data/minio/GOOGL/1771326263.json', '/opt/***/data/minio/GOOGL/1771326274.json', '/opt/***/data/minio/GOOGL/1771326284.json', '/opt/***/data/minio/GOOGL/1771326295.json', '/opt/***/data/minio/GOOGL/1771326311.json', '/opt/***/data/minio/GOOGL/1771326322.json', '/opt/***/data/minio/GOOGL/1771326333.json', '/opt/***/data/minio/GOOGL/1771326349.json', '/opt/***/data/minio/GOOGL/1771326360.json', '/opt/***/data/minio/GOOGL/1771326372.json', '/opt/***/data/minio/GOOGL/1771326382.json', '/opt/***/data/minio/GOOGL/1771326393.json', '/opt/***/data/minio/GOOGL/1771326403.json', '/opt/***/data/minio/GOOGL/1771326413.json', '/opt/***/data/minio/GOOGL/1771326424.json', '/opt/***/data/minio/GOOGL/1771326434.json', '/opt/***/data/minio/GOOGL/1771326444.json', '/opt/***/data/minio/GOOGL/1771326454.json', '/opt/***/data/minio/GOOGL/1771326465.json', '/opt/***/data/minio/GOOGL/1771326475.json', '/opt/***/data/minio/GOOGL/1771326485.json', '/opt/***/data/minio/GOOGL/1771326495.json', '/opt/***/data/minio/GOOGL/1771326506.json', '/opt/***/data/minio/GOOGL/1771326516.json', '/opt/***/data/minio/GOOGL/1771326526.json', '/opt/***/data/minio/GOOGL/1771326536.json', '/opt/***/data/minio/GOOGL/1771326547.json', '/opt/***/data/minio/GOOGL/1771326556.json', '/opt/***/data/minio/GOOGL/1771326567.json', '/opt/***/data/minio/GOOGL/1771326577.json', '/opt/***/data/minio/GOOGL/1771326587.json', '/opt/***/data/minio/GOOGL/1771326597.json', '/opt/***/data/minio/GOOGL/1771326607.json', '/opt/***/data/minio/GOOGL/1771326617.json', '/opt/***/data/minio/GOOGL/1771326627.json', '/opt/***/data/minio/GOOGL/1771326638.json', '/opt/***/data/minio/GOOGL/1771326647.json', '/opt/***/data/minio/GOOGL/1771326658.json', '/opt/***/data/minio/GOOGL/1771326668.json', '/opt/***/data/minio/GOOGL/1771326678.json', '/opt/***/data/minio/GOOGL/1771326689.json', '/opt/***/data/minio/GOOGL/1771326699.json', '/opt/***/data/minio/GOOGL/1771326709.json', '/opt/***/data/minio/GOOGL/1771326720.json', '/opt/***/data/minio/GOOGL/1771326730.json', '/opt/***/data/minio/GOOGL/1771326740.json', '/opt/***/data/minio/GOOGL/1771326750.json', '/opt/***/data/minio/GOOGL/1771326760.json', '/opt/***/data/minio/GOOGL/1771326771.json', '/opt/***/data/minio/GOOGL/1771326781.json', '/opt/***/data/minio/GOOGL/1771326791.json', '/opt/***/data/minio/GOOGL/1771326801.json', '/opt/***/data/minio/GOOGL/1771326811.json', '/opt/***/data/minio/GOOGL/1771326821.json', '/opt/***/data/minio/GOOGL/1771326832.json', '/opt/***/data/minio/GOOGL/1771326842.json', '/opt/***/data/minio/GOOGL/1771326852.json', '/opt/***/data/minio/GOOGL/1771326862.json', '/opt/***/data/minio/GOOGL/1771326873.json', '/opt/***/data/minio/GOOGL/1771326883.json', '/opt/***/data/minio/GOOGL/1771326893.json', '/opt/***/data/minio/GOOGL/1771326903.json', '/opt/***/data/minio/MSFT/1771324933.json', '/opt/***/data/minio/MSFT/1771324944.json', '/opt/***/data/minio/MSFT/1771324954.json', '/opt/***/data/minio/MSFT/1771324965.json', '/opt/***/data/minio/MSFT/1771324975.json', '/opt/***/data/minio/MSFT/1771324986.json', '/opt/***/data/minio/MSFT/1771324997.json', '/opt/***/data/minio/MSFT/1771325008.json', '/opt/***/data/minio/MSFT/1771325018.json', '/opt/***/data/minio/MSFT/1771325029.json', '/opt/***/data/minio/MSFT/1771325039.json', '/opt/***/data/minio/MSFT/1771325050.json', '/opt/***/data/minio/MSFT/1771325060.json', '/opt/***/data/minio/MSFT/1771325070.json', '/opt/***/data/minio/MSFT/1771325080.json', '/opt/***/data/minio/MSFT/1771325091.json', '/opt/***/data/minio/MSFT/1771325102.json', '/opt/***/data/minio/MSFT/1771325113.json', '/opt/***/data/minio/MSFT/1771325123.json', '/opt/***/data/minio/MSFT/1771325133.json', '/opt/***/data/minio/MSFT/1771325143.json', '/opt/***/data/minio/MSFT/1771325154.json', '/opt/***/data/minio/MSFT/1771325164.json', '/opt/***/data/minio/MSFT/1771325175.json', '/opt/***/data/minio/MSFT/1771325185.json', '/opt/***/data/minio/MSFT/1771325195.json', '/opt/***/data/minio/MSFT/1771325206.json', '/opt/***/data/minio/MSFT/1771325216.json', '/opt/***/data/minio/MSFT/1771325226.json', '/opt/***/data/minio/MSFT/1771325237.json', '/opt/***/data/minio/MSFT/1771325248.json', '/opt/***/data/minio/MSFT/1771325258.json', '/opt/***/data/minio/MSFT/1771325270.json', '/opt/***/data/minio/MSFT/1771325280.json', '/opt/***/data/minio/MSFT/1771325290.json', '/opt/***/data/minio/MSFT/1771325301.json', '/opt/***/data/minio/MSFT/1771325335.json', '/opt/***/data/minio/MSFT/1771325345.json', '/opt/***/data/minio/MSFT/1771325355.json', '/opt/***/data/minio/MSFT/1771325366.json', '/opt/***/data/minio/MSFT/1771325376.json', '/opt/***/data/minio/MSFT/1771325386.json', '/opt/***/data/minio/MSFT/1771325398.json', '/opt/***/data/minio/MSFT/1771325409.json', '/opt/***/data/minio/MSFT/1771325420.json', '/opt/***/data/minio/MSFT/1771325432.json', '/opt/***/data/minio/MSFT/1771325444.json', '/opt/***/data/minio/MSFT/1771325455.json', '/opt/***/data/minio/MSFT/1771325465.json', '/opt/***/data/minio/MSFT/1771325475.json', '/opt/***/data/minio/MSFT/1771325486.json', '/opt/***/data/minio/MSFT/1771325497.json', '/opt/***/data/minio/MSFT/1771325508.json', '/opt/***/data/minio/MSFT/1771325518.json', '/opt/***/data/minio/MSFT/1771325529.json', '/opt/***/data/minio/MSFT/1771325539.json', '/opt/***/data/minio/MSFT/1771325550.json', '/opt/***/data/minio/MSFT/1771325560.json', '/opt/***/data/minio/MSFT/1771325570.json', '/opt/***/data/minio/MSFT/1771325580.json', '/opt/***/data/minio/MSFT/1771325590.json', '/opt/***/data/minio/MSFT/1771325601.json', '/opt/***/data/minio/MSFT/1771325613.json', '/opt/***/data/minio/MSFT/1771325624.json', '/opt/***/data/minio/MSFT/1771325634.json', '/opt/***/data/minio/MSFT/1771325645.json', '/opt/***/data/minio/MSFT/1771325656.json', '/opt/***/data/minio/MSFT/1771325666.json', '/opt/***/data/minio/MSFT/1771325677.json', '/opt/***/data/minio/MSFT/1771325687.json', '/opt/***/data/minio/MSFT/1771325698.json', '/opt/***/data/minio/MSFT/1771325708.json', '/opt/***/data/minio/MSFT/1771325719.json', '/opt/***/data/minio/MSFT/1771325730.json', '/opt/***/data/minio/MSFT/1771325740.json', '/opt/***/data/minio/MSFT/1771325751.json', '/opt/***/data/minio/MSFT/1771325777.json', '/opt/***/data/minio/MSFT/1771325788.json', '/opt/***/data/minio/MSFT/1771325801.json', '/opt/***/data/minio/MSFT/1771325811.json', '/opt/***/data/minio/MSFT/1771325821.json', '/opt/***/data/minio/MSFT/1771325831.json', '/opt/***/data/minio/MSFT/1771325841.json', '/opt/***/data/minio/MSFT/1771325853.json', '/opt/***/data/minio/MSFT/1771325864.json', '/opt/***/data/minio/MSFT/1771325875.json', '/opt/***/data/minio/MSFT/1771325887.json', '/opt/***/data/minio/MSFT/1771325899.json', '/opt/***/data/minio/MSFT/1771325911.json', '/opt/***/data/minio/MSFT/1771325922.json', '/opt/***/data/minio/MSFT/1771325933.json', '/opt/***/data/minio/MSFT/1771325945.json', '/opt/***/data/minio/MSFT/1771325956.json', '/opt/***/data/minio/MSFT/1771325970.json', '/opt/***/data/minio/MSFT/1771325981.json', '/opt/***/data/minio/MSFT/1771325992.json', '/opt/***/data/minio/MSFT/1771326003.json', '/opt/***/data/minio/MSFT/1771326013.json', '/opt/***/data/minio/MSFT/1771326024.json', '/opt/***/data/minio/MSFT/1771326035.json', '/opt/***/data/minio/MSFT/1771326045.json', '/opt/***/data/minio/MSFT/1771326055.json', '/opt/***/data/minio/MSFT/1771326065.json', '/opt/***/data/minio/MSFT/1771326075.json', '/opt/***/data/minio/MSFT/1771326085.json', '/opt/***/data/minio/MSFT/1771326096.json', '/opt/***/data/minio/MSFT/1771326108.json', '/opt/***/data/minio/MSFT/1771326123.json', '/opt/***/data/minio/MSFT/1771326136.json', '/opt/***/data/minio/MSFT/1771326146.json', '/opt/***/data/minio/MSFT/1771326158.json', '/opt/***/data/minio/MSFT/1771326169.json', '/opt/***/data/minio/MSFT/1771326180.json', '/opt/***/data/minio/MSFT/1771326191.json', '/opt/***/data/minio/MSFT/1771326202.json', '/opt/***/data/minio/MSFT/1771326212.json', '/opt/***/data/minio/MSFT/1771326222.json', '/opt/***/data/minio/MSFT/1771326232.json', '/opt/***/data/minio/MSFT/1771326243.json', '/opt/***/data/minio/MSFT/1771326252.json', '/opt/***/data/minio/MSFT/1771326263.json', '/opt/***/data/minio/MSFT/1771326273.json', '/opt/***/data/minio/MSFT/1771326283.json', '/opt/***/data/minio/MSFT/1771326294.json', '/opt/***/data/minio/MSFT/1771326310.json', '/opt/***/data/minio/MSFT/1771326321.json', '/opt/***/data/minio/MSFT/1771326332.json', '/opt/***/data/minio/MSFT/1771326348.json', '/opt/***/data/minio/MSFT/1771326359.json', '/opt/***/data/minio/MSFT/1771326371.json', '/opt/***/data/minio/MSFT/1771326382.json', '/opt/***/data/minio/MSFT/1771326392.json', '/opt/***/data/minio/MSFT/1771326402.json', '/opt/***/data/minio/MSFT/1771326412.json', '/opt/***/data/minio/MSFT/1771326423.json', '/opt/***/data/minio/MSFT/1771326433.json', '/opt/***/data/minio/MSFT/1771326443.json', '/opt/***/data/minio/MSFT/1771326453.json', '/opt/***/data/minio/MSFT/1771326464.json', '/opt/***/data/minio/MSFT/1771326474.json', '/opt/***/data/minio/MSFT/1771326484.json', '/opt/***/data/minio/MSFT/1771326494.json', '/opt/***/data/minio/MSFT/1771326505.json', '/opt/***/data/minio/MSFT/1771326515.json', '/opt/***/data/minio/MSFT/1771326526.json', '/opt/***/data/minio/MSFT/1771326535.json', '/opt/***/data/minio/MSFT/1771326546.json', '/opt/***/data/minio/MSFT/1771326556.json', '/opt/***/data/minio/MSFT/1771326567.json', '/opt/***/data/minio/MSFT/1771326576.json', '/opt/***/data/minio/MSFT/1771326586.json', '/opt/***/data/minio/MSFT/1771326596.json', '/opt/***/data/minio/MSFT/1771326606.json', '/opt/***/data/minio/MSFT/1771326616.json', '/opt/***/data/minio/MSFT/1771326627.json', '/opt/***/data/minio/MSFT/1771326637.json', '/opt/***/data/minio/MSFT/1771326647.json', '/opt/***/data/minio/MSFT/1771326657.json', '/opt/***/data/minio/MSFT/1771326667.json', '/opt/***/data/minio/MSFT/1771326678.json', '/opt/***/data/minio/MSFT/1771326688.json', '/opt/***/data/minio/MSFT/1771326698.json', '/opt/***/data/minio/MSFT/1771326708.json', '/opt/***/data/minio/MSFT/1771326719.json', '/opt/***/data/minio/MSFT/1771326729.json', '/opt/***/data/minio/MSFT/1771326739.json', '/opt/***/data/minio/MSFT/1771326749.json', '/opt/***/data/minio/MSFT/1771326759.json', '/opt/***/data/minio/MSFT/1771326770.json', '/opt/***/data/minio/MSFT/1771326780.json', '/opt/***/data/minio/MSFT/1771326790.json', '/opt/***/data/minio/MSFT/1771326800.json', '/opt/***/data/minio/MSFT/1771326810.json', '/opt/***/data/minio/MSFT/1771326820.json', '/opt/***/data/minio/MSFT/1771326831.json', '/opt/***/data/minio/MSFT/1771326841.json', '/opt/***/data/minio/MSFT/1771326851.json', '/opt/***/data/minio/MSFT/1771326861.json', '/opt/***/data/minio/MSFT/1771326871.json', '/opt/***/data/minio/MSFT/1771326882.json', '/opt/***/data/minio/MSFT/1771326892.json', '/opt/***/data/minio/MSFT/1771326902.json', '/opt/***/data/minio/TSLA/1771324935.json', '/opt/***/data/minio/TSLA/1771324946.json', '/opt/***/data/minio/TSLA/1771324956.json', '/opt/***/data/minio/TSLA/1771324967.json', '/opt/***/data/minio/TSLA/1771324977.json', '/opt/***/data/minio/TSLA/1771324988.json', '/opt/***/data/minio/TSLA/1771324999.json', '/opt/***/data/minio/TSLA/1771325009.json', '/opt/***/data/minio/TSLA/1771325020.json', '/opt/***/data/minio/TSLA/1771325030.json', '/opt/***/data/minio/TSLA/1771325041.json', '/opt/***/data/minio/TSLA/1771325051.json', '/opt/***/data/minio/TSLA/1771325062.json', '/opt/***/data/minio/TSLA/1771325072.json', '/opt/***/data/minio/TSLA/1771325082.json', '/opt/***/data/minio/TSLA/1771325093.json', '/opt/***/data/minio/TSLA/1771325104.json', '/opt/***/data/minio/TSLA/1771325114.json', '/opt/***/data/minio/TSLA/1771325124.json', '/opt/***/data/minio/TSLA/1771325135.json', '/opt/***/data/minio/TSLA/1771325145.json', '/opt/***/data/minio/TSLA/1771325156.json', '/opt/***/data/minio/TSLA/1771325166.json', '/opt/***/data/minio/TSLA/1771325176.json', '/opt/***/data/minio/TSLA/1771325187.json', '/opt/***/data/minio/TSLA/1771325197.json', '/opt/***/data/minio/TSLA/1771325208.json', '/opt/***/data/minio/TSLA/1771325218.json', '/opt/***/data/minio/TSLA/1771325228.json', '/opt/***/data/minio/TSLA/1771325239.json', '/opt/***/data/minio/TSLA/1771325249.json', '/opt/***/data/minio/TSLA/1771325261.json', '/opt/***/data/minio/TSLA/1771325271.json', '/opt/***/data/minio/TSLA/1771325282.json', '/opt/***/data/minio/TSLA/1771325292.json', '/opt/***/data/minio/TSLA/1771325336.json', '/opt/***/data/minio/TSLA/1771325347.json', '/opt/***/data/minio/TSLA/1771325357.json', '/opt/***/data/minio/TSLA/1771325367.json', '/opt/***/data/minio/TSLA/1771325377.json', '/opt/***/data/minio/TSLA/1771325388.json', '/opt/***/data/minio/TSLA/1771325400.json', '/opt/***/data/minio/TSLA/1771325411.json', '/opt/***/data/minio/TSLA/1771325423.json', '/opt/***/data/minio/TSLA/1771325434.json', '/opt/***/data/minio/TSLA/1771325446.json', '/opt/***/data/minio/TSLA/1771325456.json', '/opt/***/data/minio/TSLA/1771325467.json', '/opt/***/data/minio/TSLA/1771325477.json', '/opt/***/data/minio/TSLA/1771325488.json', '/opt/***/data/minio/TSLA/1771325499.json', '/opt/***/data/minio/TSLA/1771325509.json', '/opt/***/data/minio/TSLA/1771325520.json', '/opt/***/data/minio/TSLA/1771325531.json', '/opt/***/data/minio/TSLA/1771325541.json', '/opt/***/data/minio/TSLA/1771325552.json', '/opt/***/data/minio/TSLA/1771325561.json', '/opt/***/data/minio/TSLA/1771325572.json', '/opt/***/data/minio/TSLA/1771325582.json', '/opt/***/data/minio/TSLA/1771325592.json', '/opt/***/data/minio/TSLA/1771325604.json', '/opt/***/data/minio/TSLA/1771325615.json', '/opt/***/data/minio/TSLA/1771325625.json', '/opt/***/data/minio/TSLA/1771325637.json', '/opt/***/data/minio/TSLA/1771325647.json', '/opt/***/data/minio/TSLA/1771325658.json', '/opt/***/data/minio/TSLA/1771325668.json', '/opt/***/data/minio/TSLA/1771325678.json', '/opt/***/data/minio/TSLA/1771325690.json', '/opt/***/data/minio/TSLA/1771325700.json', '/opt/***/data/minio/TSLA/1771325710.json', '/opt/***/data/minio/TSLA/1771325721.json', '/opt/***/data/minio/TSLA/1771325731.json', '/opt/***/data/minio/TSLA/1771325742.json', '/opt/***/data/minio/TSLA/1771325752.json', '/opt/***/data/minio/TSLA/1771325767.json', '/opt/***/data/minio/TSLA/1771325779.json', '/opt/***/data/minio/TSLA/1771325791.json', '/opt/***/data/minio/TSLA/1771325802.json', '/opt/***/data/minio/TSLA/1771325812.json', '/opt/***/data/minio/TSLA/1771325823.json', '/opt/***/data/minio/TSLA/1771325833.json', '/opt/***/data/minio/TSLA/1771325843.json', '/opt/***/data/minio/TSLA/1771325856.json', '/opt/***/data/minio/TSLA/1771325866.json', '/opt/***/data/minio/TSLA/1771325877.json', '/opt/***/data/minio/TSLA/1771325890.json', '/opt/***/data/minio/TSLA/1771325900.json', '/opt/***/data/minio/TSLA/1771325913.json', '/opt/***/data/minio/TSLA/1771325925.json', '/opt/***/data/minio/TSLA/1771325936.json', '/opt/***/data/minio/TSLA/1771325947.json', '/opt/***/data/minio/TSLA/1771325960.json', '/opt/***/data/minio/TSLA/1771325972.json', '/opt/***/data/minio/TSLA/1771325984.json', '/opt/***/data/minio/TSLA/1771325994.json', '/opt/***/data/minio/TSLA/1771326004.json', '/opt/***/data/minio/TSLA/1771326015.json', '/opt/***/data/minio/TSLA/1771326026.json', '/opt/***/data/minio/TSLA/1771326036.json', '/opt/***/data/minio/TSLA/1771326046.json', '/opt/***/data/minio/TSLA/1771326056.json', '/opt/***/data/minio/TSLA/1771326066.json', '/opt/***/data/minio/TSLA/1771326077.json', '/opt/***/data/minio/TSLA/1771326086.json', '/opt/***/data/minio/TSLA/1771326100.json', '/opt/***/data/minio/TSLA/1771326112.json', '/opt/***/data/minio/TSLA/1771326126.json', '/opt/***/data/minio/TSLA/1771326138.json', '/opt/***/data/minio/TSLA/1771326148.json', '/opt/***/data/minio/TSLA/1771326160.json', '/opt/***/data/minio/TSLA/1771326171.json', '/opt/***/data/minio/TSLA/1771326182.json', '/opt/***/data/minio/TSLA/1771326193.json', '/opt/***/data/minio/TSLA/1771326204.json', '/opt/***/data/minio/TSLA/1771326214.json', '/opt/***/data/minio/TSLA/1771326224.json', '/opt/***/data/minio/TSLA/1771326234.json', '/opt/***/data/minio/TSLA/1771326244.json', '/opt/***/data/minio/TSLA/1771326254.json', '/opt/***/data/minio/TSLA/1771326264.json', '/opt/***/data/minio/TSLA/1771326275.json', '/opt/***/data/minio/TSLA/1771326285.json', '/opt/***/data/minio/TSLA/1771326299.json', '/opt/***/data/minio/TSLA/1771326313.json', '/opt/***/data/minio/TSLA/1771326323.json', '/opt/***/data/minio/TSLA/1771326334.json', '/opt/***/data/minio/TSLA/1771326350.json', '/opt/***/data/minio/TSLA/1771326361.json', '/opt/***/data/minio/TSLA/1771326373.json', '/opt/***/data/minio/TSLA/1771326384.json', '/opt/***/data/minio/TSLA/1771326394.json', '/opt/***/data/minio/TSLA/1771326404.json', '/opt/***/data/minio/TSLA/1771326414.json', '/opt/***/data/minio/TSLA/1771326424.json', '/opt/***/data/minio/TSLA/1771326435.json', '/opt/***/data/minio/TSLA/1771326445.json', '/opt/***/data/minio/TSLA/1771326455.json', '/opt/***/data/minio/TSLA/1771326466.json', '/opt/***/data/minio/TSLA/1771326476.json', '/opt/***/data/minio/TSLA/1771326485.json', '/opt/***/data/minio/TSLA/1771326496.json', '/opt/***/data/minio/TSLA/1771326507.json', '/opt/***/data/minio/TSLA/1771326517.json', '/opt/***/data/minio/TSLA/1771326527.json', '/opt/***/data/minio/TSLA/1771326537.json', '/opt/***/data/minio/TSLA/1771326547.json', '/opt/***/data/minio/TSLA/1771326558.json', '/opt/***/data/minio/TSLA/1771326568.json', '/opt/***/data/minio/TSLA/1771326578.json', '/opt/***/data/minio/TSLA/1771326587.json', '/opt/***/data/minio/TSLA/1771326598.json', '/opt/***/data/minio/TSLA/1771326608.json', '/opt/***/data/minio/TSLA/1771326618.json', '/opt/***/data/minio/TSLA/1771326628.json', '/opt/***/data/minio/TSLA/1771326638.json', '/opt/***/data/minio/TSLA/1771326648.json', '/opt/***/data/minio/TSLA/1771326659.json', '/opt/***/data/minio/TSLA/1771326669.json', '/opt/***/data/minio/TSLA/1771326679.json', '/opt/***/data/minio/TSLA/1771326689.json', '/opt/***/data/minio/TSLA/1771326700.json', '/opt/***/data/minio/TSLA/1771326710.json', '/opt/***/data/minio/TSLA/1771326720.json', '/opt/***/data/minio/TSLA/1771326730.json', '/opt/***/data/minio/TSLA/1771326740.json', '/opt/***/data/minio/TSLA/1771326751.json', '/opt/***/data/minio/TSLA/1771326761.json', '/opt/***/data/minio/TSLA/1771326771.json', '/opt/***/data/minio/TSLA/1771326782.json', '/opt/***/data/minio/TSLA/1771326792.json', '/opt/***/data/minio/TSLA/1771326802.json', '/opt/***/data/minio/TSLA/1771326812.json', '/opt/***/data/minio/TSLA/1771326822.json', '/opt/***/data/minio/TSLA/1771326833.json', '/opt/***/data/minio/TSLA/1771326843.json', '/opt/***/data/minio/TSLA/1771326853.json', '/opt/***/data/minio/TSLA/1771326863.json', '/opt/***/data/minio/TSLA/1771326873.json', '/opt/***/data/minio/TSLA/1771326884.json', '/opt/***/data/minio/TSLA/1771326894.json', '/opt/***/data/minio/TSLA/1771326904.json']
[2026-02-17T11:15:44.357+0000] {taskinstance.py:441} INFO - ::group::Post task execution logs
[2026-02-17T11:15:44.464+0000] {taskinstance.py:1206} INFO - Marking task as SUCCESS. dag_id=minio_to_snowflake, task_id=download_minio, run_id=scheduled__2026-02-17T11:10:00+00:00, execution_date=20260217T111000, start_date=20260217T111506, end_date=20260217T111544
[2026-02-17T11:15:44.561+0000] {local_task_job_runner.py:243} INFO - Task exited with return code 0
[2026-02-17T11:15:44.670+0000] {taskinstance.py:3503} INFO - 1 downstream tasks scheduled from follow-on schedule check
[2026-02-17T11:15:44.675+0000] {local_task_job_runner.py:222} INFO - ::endgroup::
