[2026-02-17T05:56:59.615+0000] {processor.py:161} INFO - Started process (PID=164) to work on /opt/airflow/dags/minio_to_snowflake.py
[2026-02-17T05:56:59.618+0000] {processor.py:830} INFO - Processing file /opt/airflow/dags/minio_to_snowflake.py for tasks to queue
[2026-02-17T05:56:59.627+0000] {logging_mixin.py:188} INFO - [2026-02-17T05:56:59.626+0000] {dagbag.py:545} INFO - Filling up the DagBag from /opt/airflow/dags/minio_to_snowflake.py
[2026-02-17T05:57:02.538+0000] {processor.py:840} INFO - DAG(s) 'minio_to_snowflake' retrieved from /opt/airflow/dags/minio_to_snowflake.py
[2026-02-17T05:57:02.803+0000] {logging_mixin.py:188} INFO - [2026-02-17T05:57:02.803+0000] {dag.py:3089} INFO - Sync 1 DAGs
[2026-02-17T05:57:02.835+0000] {logging_mixin.py:188} INFO - [2026-02-17T05:57:02.835+0000] {dag.py:3947} INFO - Setting next_dagrun for minio_to_snowflake to 2026-02-17 05:50:00+00:00, run_after=2026-02-17 05:55:00+00:00
[2026-02-17T05:57:02.870+0000] {processor.py:183} INFO - Processing /opt/airflow/dags/minio_to_snowflake.py took 3.274 seconds
[2026-02-17T05:57:33.213+0000] {processor.py:161} INFO - Started process (PID=423) to work on /opt/airflow/dags/minio_to_snowflake.py
[2026-02-17T05:57:33.217+0000] {processor.py:830} INFO - Processing file /opt/airflow/dags/minio_to_snowflake.py for tasks to queue
[2026-02-17T05:57:33.232+0000] {logging_mixin.py:188} INFO - [2026-02-17T05:57:33.227+0000] {dagbag.py:545} INFO - Filling up the DagBag from /opt/airflow/dags/minio_to_snowflake.py
[2026-02-17T05:57:41.179+0000] {processor.py:840} INFO - DAG(s) 'minio_to_snowflake' retrieved from /opt/airflow/dags/minio_to_snowflake.py
[2026-02-17T05:57:41.514+0000] {logging_mixin.py:188} INFO - [2026-02-17T05:57:41.506+0000] {dag.py:3089} INFO - Sync 1 DAGs
[2026-02-17T05:57:41.691+0000] {logging_mixin.py:188} INFO - [2026-02-17T05:57:41.690+0000] {dag.py:3947} INFO - Setting next_dagrun for minio_to_snowflake to 2026-02-17 05:55:00+00:00, run_after=2026-02-17 06:00:00+00:00
[2026-02-17T05:57:41.882+0000] {processor.py:183} INFO - Processing /opt/airflow/dags/minio_to_snowflake.py took 8.684 seconds
[2026-02-17T05:58:12.224+0000] {processor.py:161} INFO - Started process (PID=857) to work on /opt/airflow/dags/minio_to_snowflake.py
[2026-02-17T05:58:12.227+0000] {processor.py:830} INFO - Processing file /opt/airflow/dags/minio_to_snowflake.py for tasks to queue
[2026-02-17T05:58:12.232+0000] {logging_mixin.py:188} INFO - [2026-02-17T05:58:12.231+0000] {dagbag.py:545} INFO - Filling up the DagBag from /opt/airflow/dags/minio_to_snowflake.py
[2026-02-17T05:58:14.133+0000] {processor.py:840} INFO - DAG(s) 'minio_to_snowflake' retrieved from /opt/airflow/dags/minio_to_snowflake.py
[2026-02-17T05:58:14.187+0000] {logging_mixin.py:188} INFO - [2026-02-17T05:58:14.186+0000] {dag.py:3089} INFO - Sync 1 DAGs
[2026-02-17T05:58:14.249+0000] {logging_mixin.py:188} INFO - [2026-02-17T05:58:14.248+0000] {dag.py:3947} INFO - Setting next_dagrun for minio_to_snowflake to 2026-02-17 05:55:00+00:00, run_after=2026-02-17 06:00:00+00:00
[2026-02-17T05:58:14.292+0000] {processor.py:183} INFO - Processing /opt/airflow/dags/minio_to_snowflake.py took 2.081 seconds
[2026-02-17T05:58:44.736+0000] {processor.py:161} INFO - Started process (PID=1099) to work on /opt/airflow/dags/minio_to_snowflake.py
[2026-02-17T05:58:44.744+0000] {processor.py:830} INFO - Processing file /opt/airflow/dags/minio_to_snowflake.py for tasks to queue
[2026-02-17T05:58:44.763+0000] {logging_mixin.py:188} INFO - [2026-02-17T05:58:44.761+0000] {dagbag.py:545} INFO - Filling up the DagBag from /opt/airflow/dags/minio_to_snowflake.py
[2026-02-17T05:58:46.245+0000] {processor.py:840} INFO - DAG(s) 'minio_to_snowflake' retrieved from /opt/airflow/dags/minio_to_snowflake.py
[2026-02-17T05:58:46.288+0000] {logging_mixin.py:188} INFO - [2026-02-17T05:58:46.287+0000] {dag.py:3089} INFO - Sync 1 DAGs
[2026-02-17T05:58:46.315+0000] {logging_mixin.py:188} INFO - [2026-02-17T05:58:46.315+0000] {dag.py:3947} INFO - Setting next_dagrun for minio_to_snowflake to 2026-02-17 05:55:00+00:00, run_after=2026-02-17 06:00:00+00:00
[2026-02-17T05:58:46.344+0000] {processor.py:183} INFO - Processing /opt/airflow/dags/minio_to_snowflake.py took 1.660 seconds
[2026-02-17T05:59:16.949+0000] {processor.py:161} INFO - Started process (PID=1347) to work on /opt/airflow/dags/minio_to_snowflake.py
[2026-02-17T05:59:16.953+0000] {processor.py:830} INFO - Processing file /opt/airflow/dags/minio_to_snowflake.py for tasks to queue
[2026-02-17T05:59:16.961+0000] {logging_mixin.py:188} INFO - [2026-02-17T05:59:16.960+0000] {dagbag.py:545} INFO - Filling up the DagBag from /opt/airflow/dags/minio_to_snowflake.py
[2026-02-17T05:59:18.488+0000] {processor.py:840} INFO - DAG(s) 'minio_to_snowflake' retrieved from /opt/airflow/dags/minio_to_snowflake.py
[2026-02-17T05:59:18.523+0000] {logging_mixin.py:188} INFO - [2026-02-17T05:59:18.523+0000] {dag.py:3089} INFO - Sync 1 DAGs
[2026-02-17T05:59:18.555+0000] {logging_mixin.py:188} INFO - [2026-02-17T05:59:18.555+0000] {dag.py:3947} INFO - Setting next_dagrun for minio_to_snowflake to 2026-02-17 05:55:00+00:00, run_after=2026-02-17 06:00:00+00:00
[2026-02-17T05:59:18.589+0000] {processor.py:183} INFO - Processing /opt/airflow/dags/minio_to_snowflake.py took 1.674 seconds
[2026-02-17T05:59:48.994+0000] {processor.py:161} INFO - Started process (PID=1733) to work on /opt/airflow/dags/minio_to_snowflake.py
[2026-02-17T05:59:48.998+0000] {processor.py:830} INFO - Processing file /opt/airflow/dags/minio_to_snowflake.py for tasks to queue
[2026-02-17T05:59:49.004+0000] {logging_mixin.py:188} INFO - [2026-02-17T05:59:49.003+0000] {dagbag.py:545} INFO - Filling up the DagBag from /opt/airflow/dags/minio_to_snowflake.py
[2026-02-17T05:59:50.830+0000] {processor.py:840} INFO - DAG(s) 'minio_to_snowflake' retrieved from /opt/airflow/dags/minio_to_snowflake.py
[2026-02-17T05:59:50.867+0000] {logging_mixin.py:188} INFO - [2026-02-17T05:59:50.867+0000] {dag.py:3089} INFO - Sync 1 DAGs
[2026-02-17T05:59:50.899+0000] {logging_mixin.py:188} INFO - [2026-02-17T05:59:50.898+0000] {dag.py:3947} INFO - Setting next_dagrun for minio_to_snowflake to 2026-02-17 05:55:00+00:00, run_after=2026-02-17 06:00:00+00:00
[2026-02-17T05:59:50.925+0000] {processor.py:183} INFO - Processing /opt/airflow/dags/minio_to_snowflake.py took 1.948 seconds
[2026-02-17T06:00:22.232+0000] {processor.py:161} INFO - Started process (PID=2118) to work on /opt/airflow/dags/minio_to_snowflake.py
[2026-02-17T06:00:22.273+0000] {processor.py:830} INFO - Processing file /opt/airflow/dags/minio_to_snowflake.py for tasks to queue
[2026-02-17T06:00:22.298+0000] {logging_mixin.py:188} INFO - [2026-02-17T06:00:22.295+0000] {dagbag.py:545} INFO - Filling up the DagBag from /opt/airflow/dags/minio_to_snowflake.py
[2026-02-17T06:00:34.698+0000] {processor.py:840} INFO - DAG(s) 'minio_to_snowflake' retrieved from /opt/airflow/dags/minio_to_snowflake.py
[2026-02-17T06:00:34.931+0000] {logging_mixin.py:188} INFO - [2026-02-17T06:00:34.925+0000] {dag.py:3089} INFO - Sync 1 DAGs
[2026-02-17T06:00:34.987+0000] {logging_mixin.py:188} INFO - [2026-02-17T06:00:34.987+0000] {dag.py:3947} INFO - Setting next_dagrun for minio_to_snowflake to 2026-02-17 06:00:00+00:00, run_after=2026-02-17 06:05:00+00:00
[2026-02-17T06:00:35.067+0000] {processor.py:183} INFO - Processing /opt/airflow/dags/minio_to_snowflake.py took 12.976 seconds
[2026-02-17T06:01:07.888+0000] {processor.py:161} INFO - Started process (PID=4164) to work on /opt/airflow/dags/minio_to_snowflake.py
[2026-02-17T06:01:07.935+0000] {processor.py:830} INFO - Processing file /opt/airflow/dags/minio_to_snowflake.py for tasks to queue
[2026-02-17T06:01:08.077+0000] {logging_mixin.py:188} INFO - [2026-02-17T06:01:08.065+0000] {dagbag.py:545} INFO - Filling up the DagBag from /opt/airflow/dags/minio_to_snowflake.py
[2026-02-17T06:01:52.895+0000] {logging_mixin.py:188} INFO - [2026-02-17T06:01:52.894+0000] {timeout.py:68} ERROR - Process timed out, PID: 4164
[2026-02-17T06:01:52.896+0000] {logging_mixin.py:188} WARNING - Exception ignored in: <function WeakKeyDictionary.__init__.<locals>.remove at 0x73c8a317e7a0>
[2026-02-17T06:01:52.896+0000] {logging_mixin.py:188} WARNING - Traceback (most recent call last):
[2026-02-17T06:01:52.897+0000] {logging_mixin.py:188} WARNING -   File "/usr/local/lib/python3.12/weakref.py", line 369, in remove
[2026-02-17T06:01:52.900+0000] {logging_mixin.py:188} WARNING -     def remove(k, selfref=ref(self)):
[2026-02-17T06:01:52.901+0000] {logging_mixin.py:188} WARNING -   File "/home/airflow/.local/lib/python3.12/site-packages/airflow/utils/timeout.py", line 69, in handle_timeout
[2026-02-17T06:01:52.905+0000] {logging_mixin.py:188} WARNING -     raise AirflowTaskTimeout(self.error_message)
[2026-02-17T06:01:52.906+0000] {logging_mixin.py:188} WARNING - airflow.exceptions.AirflowTaskTimeout: DagBag import timeout for /opt/airflow/dags/minio_to_snowflake.py after 30.0s.
Please take a look at these docs to improve your DAG import time:
* https://airflow.apache.org/docs/apache-airflow/2.9.3/best-practices.html#top-level-python-code
* https://airflow.apache.org/docs/apache-airflow/2.9.3/best-practices.html#reducing-dag-complexity, PID: 4164
[2026-02-17T06:01:53.962+0000] {processor.py:840} INFO - DAG(s) 'minio_to_snowflake' retrieved from /opt/airflow/dags/minio_to_snowflake.py
[2026-02-17T06:01:53.999+0000] {logging_mixin.py:188} INFO - [2026-02-17T06:01:53.999+0000] {dag.py:3089} INFO - Sync 1 DAGs
[2026-02-17T06:01:54.047+0000] {logging_mixin.py:188} INFO - [2026-02-17T06:01:54.046+0000] {dag.py:3947} INFO - Setting next_dagrun for minio_to_snowflake to 2026-02-17 06:00:00+00:00, run_after=2026-02-17 06:05:00+00:00
[2026-02-17T06:01:54.086+0000] {processor.py:183} INFO - Processing /opt/airflow/dags/minio_to_snowflake.py took 46.784 seconds
[2026-02-17T06:02:24.982+0000] {processor.py:161} INFO - Started process (PID=9679) to work on /opt/airflow/dags/minio_to_snowflake.py
[2026-02-17T06:02:24.986+0000] {processor.py:830} INFO - Processing file /opt/airflow/dags/minio_to_snowflake.py for tasks to queue
[2026-02-17T06:02:25.021+0000] {logging_mixin.py:188} INFO - [2026-02-17T06:02:25.017+0000] {dagbag.py:545} INFO - Filling up the DagBag from /opt/airflow/dags/minio_to_snowflake.py
[2026-02-17T06:02:26.794+0000] {processor.py:840} INFO - DAG(s) 'minio_to_snowflake' retrieved from /opt/airflow/dags/minio_to_snowflake.py
[2026-02-17T06:02:27.141+0000] {logging_mixin.py:188} INFO - [2026-02-17T06:02:27.141+0000] {dag.py:3089} INFO - Sync 1 DAGs
[2026-02-17T06:02:27.167+0000] {logging_mixin.py:188} INFO - [2026-02-17T06:02:27.167+0000] {dag.py:3947} INFO - Setting next_dagrun for minio_to_snowflake to 2026-02-17 06:00:00+00:00, run_after=2026-02-17 06:05:00+00:00
[2026-02-17T06:02:27.196+0000] {processor.py:183} INFO - Processing /opt/airflow/dags/minio_to_snowflake.py took 2.344 seconds
[2026-02-17T06:02:57.646+0000] {processor.py:161} INFO - Started process (PID=11002) to work on /opt/airflow/dags/minio_to_snowflake.py
[2026-02-17T06:02:57.649+0000] {processor.py:830} INFO - Processing file /opt/airflow/dags/minio_to_snowflake.py for tasks to queue
[2026-02-17T06:02:57.660+0000] {logging_mixin.py:188} INFO - [2026-02-17T06:02:57.658+0000] {dagbag.py:545} INFO - Filling up the DagBag from /opt/airflow/dags/minio_to_snowflake.py
[2026-02-17T06:03:00.365+0000] {processor.py:840} INFO - DAG(s) 'minio_to_snowflake' retrieved from /opt/airflow/dags/minio_to_snowflake.py
[2026-02-17T06:03:00.457+0000] {logging_mixin.py:188} INFO - [2026-02-17T06:03:00.455+0000] {dag.py:3089} INFO - Sync 1 DAGs
[2026-02-17T06:03:00.548+0000] {logging_mixin.py:188} INFO - [2026-02-17T06:03:00.548+0000] {dag.py:3947} INFO - Setting next_dagrun for minio_to_snowflake to 2026-02-17 06:00:00+00:00, run_after=2026-02-17 06:05:00+00:00
[2026-02-17T06:03:00.598+0000] {processor.py:183} INFO - Processing /opt/airflow/dags/minio_to_snowflake.py took 2.988 seconds
[2026-02-17T06:03:32.086+0000] {processor.py:161} INFO - Started process (PID=15646) to work on /opt/airflow/dags/minio_to_snowflake.py
[2026-02-17T06:03:32.094+0000] {processor.py:830} INFO - Processing file /opt/airflow/dags/minio_to_snowflake.py for tasks to queue
[2026-02-17T06:03:32.115+0000] {logging_mixin.py:188} INFO - [2026-02-17T06:03:32.112+0000] {dagbag.py:545} INFO - Filling up the DagBag from /opt/airflow/dags/minio_to_snowflake.py
[2026-02-17T06:03:36.947+0000] {processor.py:840} INFO - DAG(s) 'minio_to_snowflake' retrieved from /opt/airflow/dags/minio_to_snowflake.py
[2026-02-17T06:03:37.032+0000] {logging_mixin.py:188} INFO - [2026-02-17T06:03:37.030+0000] {dag.py:3089} INFO - Sync 1 DAGs
[2026-02-17T06:03:37.111+0000] {logging_mixin.py:188} INFO - [2026-02-17T06:03:37.111+0000] {dag.py:3947} INFO - Setting next_dagrun for minio_to_snowflake to 2026-02-17 06:00:00+00:00, run_after=2026-02-17 06:05:00+00:00
[2026-02-17T06:03:37.906+0000] {processor.py:183} INFO - Processing /opt/airflow/dags/minio_to_snowflake.py took 5.870 seconds
[2026-02-17T06:04:08.168+0000] {processor.py:161} INFO - Started process (PID=17353) to work on /opt/airflow/dags/minio_to_snowflake.py
[2026-02-17T06:04:08.174+0000] {processor.py:830} INFO - Processing file /opt/airflow/dags/minio_to_snowflake.py for tasks to queue
[2026-02-17T06:04:08.184+0000] {logging_mixin.py:188} INFO - [2026-02-17T06:04:08.182+0000] {dagbag.py:545} INFO - Filling up the DagBag from /opt/airflow/dags/minio_to_snowflake.py
[2026-02-17T06:04:12.585+0000] {processor.py:840} INFO - DAG(s) 'minio_to_snowflake' retrieved from /opt/airflow/dags/minio_to_snowflake.py
[2026-02-17T06:04:12.742+0000] {logging_mixin.py:188} INFO - [2026-02-17T06:04:12.740+0000] {dag.py:3089} INFO - Sync 1 DAGs
[2026-02-17T06:04:12.807+0000] {logging_mixin.py:188} INFO - [2026-02-17T06:04:12.807+0000] {dag.py:3947} INFO - Setting next_dagrun for minio_to_snowflake to 2026-02-17 06:00:00+00:00, run_after=2026-02-17 06:05:00+00:00
[2026-02-17T06:04:12.867+0000] {processor.py:183} INFO - Processing /opt/airflow/dags/minio_to_snowflake.py took 4.721 seconds
[2026-02-17T06:04:43.316+0000] {processor.py:161} INFO - Started process (PID=18067) to work on /opt/airflow/dags/minio_to_snowflake.py
[2026-02-17T06:04:43.319+0000] {processor.py:830} INFO - Processing file /opt/airflow/dags/minio_to_snowflake.py for tasks to queue
[2026-02-17T06:04:43.324+0000] {logging_mixin.py:188} INFO - [2026-02-17T06:04:43.323+0000] {dagbag.py:545} INFO - Filling up the DagBag from /opt/airflow/dags/minio_to_snowflake.py
[2026-02-17T06:04:48.472+0000] {processor.py:840} INFO - DAG(s) 'minio_to_snowflake' retrieved from /opt/airflow/dags/minio_to_snowflake.py
[2026-02-17T06:04:48.584+0000] {logging_mixin.py:188} INFO - [2026-02-17T06:04:48.583+0000] {dag.py:3089} INFO - Sync 1 DAGs
[2026-02-17T06:04:48.672+0000] {logging_mixin.py:188} INFO - [2026-02-17T06:04:48.672+0000] {dag.py:3947} INFO - Setting next_dagrun for minio_to_snowflake to 2026-02-17 06:00:00+00:00, run_after=2026-02-17 06:05:00+00:00
[2026-02-17T06:04:48.723+0000] {processor.py:183} INFO - Processing /opt/airflow/dags/minio_to_snowflake.py took 5.428 seconds
[2026-02-17T06:05:19.311+0000] {processor.py:161} INFO - Started process (PID=19696) to work on /opt/airflow/dags/minio_to_snowflake.py
[2026-02-17T06:05:19.316+0000] {processor.py:830} INFO - Processing file /opt/airflow/dags/minio_to_snowflake.py for tasks to queue
[2026-02-17T06:05:19.363+0000] {logging_mixin.py:188} INFO - [2026-02-17T06:05:19.355+0000] {dagbag.py:545} INFO - Filling up the DagBag from /opt/airflow/dags/minio_to_snowflake.py
[2026-02-17T06:05:23.024+0000] {processor.py:840} INFO - DAG(s) 'minio_to_snowflake' retrieved from /opt/airflow/dags/minio_to_snowflake.py
[2026-02-17T06:05:23.103+0000] {logging_mixin.py:188} INFO - [2026-02-17T06:05:23.102+0000] {dag.py:3089} INFO - Sync 1 DAGs
[2026-02-17T06:05:23.180+0000] {logging_mixin.py:188} INFO - [2026-02-17T06:05:23.180+0000] {dag.py:3947} INFO - Setting next_dagrun for minio_to_snowflake to 2026-02-17 06:05:00+00:00, run_after=2026-02-17 06:10:00+00:00
[2026-02-17T06:05:23.281+0000] {processor.py:183} INFO - Processing /opt/airflow/dags/minio_to_snowflake.py took 4.036 seconds
[2026-02-17T06:05:53.711+0000] {processor.py:161} INFO - Started process (PID=23621) to work on /opt/airflow/dags/minio_to_snowflake.py
[2026-02-17T06:05:53.732+0000] {processor.py:830} INFO - Processing file /opt/airflow/dags/minio_to_snowflake.py for tasks to queue
[2026-02-17T06:05:53.749+0000] {logging_mixin.py:188} INFO - [2026-02-17T06:05:53.748+0000] {dagbag.py:545} INFO - Filling up the DagBag from /opt/airflow/dags/minio_to_snowflake.py
[2026-02-17T06:05:59.705+0000] {processor.py:840} INFO - DAG(s) 'minio_to_snowflake' retrieved from /opt/airflow/dags/minio_to_snowflake.py
[2026-02-17T06:05:59.760+0000] {logging_mixin.py:188} INFO - [2026-02-17T06:05:59.759+0000] {dag.py:3089} INFO - Sync 1 DAGs
[2026-02-17T06:05:59.799+0000] {logging_mixin.py:188} INFO - [2026-02-17T06:05:59.799+0000] {dag.py:3947} INFO - Setting next_dagrun for minio_to_snowflake to 2026-02-17 06:05:00+00:00, run_after=2026-02-17 06:10:00+00:00
[2026-02-17T06:05:59.830+0000] {processor.py:183} INFO - Processing /opt/airflow/dags/minio_to_snowflake.py took 6.152 seconds
[2026-02-17T06:06:30.279+0000] {processor.py:161} INFO - Started process (PID=25311) to work on /opt/airflow/dags/minio_to_snowflake.py
[2026-02-17T06:06:30.301+0000] {processor.py:830} INFO - Processing file /opt/airflow/dags/minio_to_snowflake.py for tasks to queue
[2026-02-17T06:06:30.309+0000] {logging_mixin.py:188} INFO - [2026-02-17T06:06:30.308+0000] {dagbag.py:545} INFO - Filling up the DagBag from /opt/airflow/dags/minio_to_snowflake.py
[2026-02-17T06:06:37.222+0000] {processor.py:840} INFO - DAG(s) 'minio_to_snowflake' retrieved from /opt/airflow/dags/minio_to_snowflake.py
[2026-02-17T06:06:37.291+0000] {logging_mixin.py:188} INFO - [2026-02-17T06:06:37.289+0000] {dag.py:3089} INFO - Sync 1 DAGs
[2026-02-17T06:06:37.349+0000] {logging_mixin.py:188} INFO - [2026-02-17T06:06:37.348+0000] {dag.py:3947} INFO - Setting next_dagrun for minio_to_snowflake to 2026-02-17 06:05:00+00:00, run_after=2026-02-17 06:10:00+00:00
[2026-02-17T06:06:37.424+0000] {processor.py:183} INFO - Processing /opt/airflow/dags/minio_to_snowflake.py took 7.166 seconds
[2026-02-17T06:07:08.087+0000] {processor.py:161} INFO - Started process (PID=25710) to work on /opt/airflow/dags/minio_to_snowflake.py
[2026-02-17T06:07:08.090+0000] {processor.py:830} INFO - Processing file /opt/airflow/dags/minio_to_snowflake.py for tasks to queue
[2026-02-17T06:07:08.097+0000] {logging_mixin.py:188} INFO - [2026-02-17T06:07:08.096+0000] {dagbag.py:545} INFO - Filling up the DagBag from /opt/airflow/dags/minio_to_snowflake.py
[2026-02-17T06:07:09.624+0000] {processor.py:840} INFO - DAG(s) 'minio_to_snowflake' retrieved from /opt/airflow/dags/minio_to_snowflake.py
[2026-02-17T06:07:09.716+0000] {logging_mixin.py:188} INFO - [2026-02-17T06:07:09.715+0000] {dag.py:3089} INFO - Sync 1 DAGs
[2026-02-17T06:07:09.760+0000] {logging_mixin.py:188} INFO - [2026-02-17T06:07:09.760+0000] {dag.py:3947} INFO - Setting next_dagrun for minio_to_snowflake to 2026-02-17 06:05:00+00:00, run_after=2026-02-17 06:10:00+00:00
[2026-02-17T06:07:09.805+0000] {processor.py:183} INFO - Processing /opt/airflow/dags/minio_to_snowflake.py took 1.736 seconds
[2026-02-17T06:07:40.353+0000] {processor.py:161} INFO - Started process (PID=26039) to work on /opt/airflow/dags/minio_to_snowflake.py
[2026-02-17T06:07:40.355+0000] {processor.py:830} INFO - Processing file /opt/airflow/dags/minio_to_snowflake.py for tasks to queue
[2026-02-17T06:07:40.359+0000] {logging_mixin.py:188} INFO - [2026-02-17T06:07:40.359+0000] {dagbag.py:545} INFO - Filling up the DagBag from /opt/airflow/dags/minio_to_snowflake.py
[2026-02-17T06:07:41.774+0000] {processor.py:840} INFO - DAG(s) 'minio_to_snowflake' retrieved from /opt/airflow/dags/minio_to_snowflake.py
[2026-02-17T06:07:41.853+0000] {logging_mixin.py:188} INFO - [2026-02-17T06:07:41.852+0000] {dag.py:3089} INFO - Sync 1 DAGs
[2026-02-17T06:07:41.910+0000] {logging_mixin.py:188} INFO - [2026-02-17T06:07:41.910+0000] {dag.py:3947} INFO - Setting next_dagrun for minio_to_snowflake to 2026-02-17 06:05:00+00:00, run_after=2026-02-17 06:10:00+00:00
[2026-02-17T06:07:41.950+0000] {processor.py:183} INFO - Processing /opt/airflow/dags/minio_to_snowflake.py took 1.609 seconds
[2026-02-17T06:08:12.721+0000] {processor.py:161} INFO - Started process (PID=26360) to work on /opt/airflow/dags/minio_to_snowflake.py
[2026-02-17T06:08:12.728+0000] {processor.py:830} INFO - Processing file /opt/airflow/dags/minio_to_snowflake.py for tasks to queue
[2026-02-17T06:08:12.746+0000] {logging_mixin.py:188} INFO - [2026-02-17T06:08:12.743+0000] {dagbag.py:545} INFO - Filling up the DagBag from /opt/airflow/dags/minio_to_snowflake.py
[2026-02-17T06:08:14.650+0000] {processor.py:840} INFO - DAG(s) 'minio_to_snowflake' retrieved from /opt/airflow/dags/minio_to_snowflake.py
[2026-02-17T06:08:14.718+0000] {logging_mixin.py:188} INFO - [2026-02-17T06:08:14.715+0000] {dag.py:3089} INFO - Sync 1 DAGs
[2026-02-17T06:08:14.771+0000] {logging_mixin.py:188} INFO - [2026-02-17T06:08:14.770+0000] {dag.py:3947} INFO - Setting next_dagrun for minio_to_snowflake to 2026-02-17 06:05:00+00:00, run_after=2026-02-17 06:10:00+00:00
[2026-02-17T06:08:14.829+0000] {processor.py:183} INFO - Processing /opt/airflow/dags/minio_to_snowflake.py took 2.175 seconds
[2026-02-17T06:08:45.091+0000] {processor.py:161} INFO - Started process (PID=26667) to work on /opt/airflow/dags/minio_to_snowflake.py
[2026-02-17T06:08:45.094+0000] {processor.py:830} INFO - Processing file /opt/airflow/dags/minio_to_snowflake.py for tasks to queue
[2026-02-17T06:08:45.098+0000] {logging_mixin.py:188} INFO - [2026-02-17T06:08:45.097+0000] {dagbag.py:545} INFO - Filling up the DagBag from /opt/airflow/dags/minio_to_snowflake.py
[2026-02-17T06:08:47.179+0000] {processor.py:840} INFO - DAG(s) 'minio_to_snowflake' retrieved from /opt/airflow/dags/minio_to_snowflake.py
[2026-02-17T06:08:47.217+0000] {logging_mixin.py:188} INFO - [2026-02-17T06:08:47.216+0000] {dag.py:3089} INFO - Sync 1 DAGs
[2026-02-17T06:08:47.247+0000] {logging_mixin.py:188} INFO - [2026-02-17T06:08:47.247+0000] {dag.py:3947} INFO - Setting next_dagrun for minio_to_snowflake to 2026-02-17 06:05:00+00:00, run_after=2026-02-17 06:10:00+00:00
[2026-02-17T06:08:47.291+0000] {processor.py:183} INFO - Processing /opt/airflow/dags/minio_to_snowflake.py took 2.211 seconds
[2026-02-17T06:09:17.924+0000] {processor.py:161} INFO - Started process (PID=26987) to work on /opt/airflow/dags/minio_to_snowflake.py
[2026-02-17T06:09:17.926+0000] {processor.py:830} INFO - Processing file /opt/airflow/dags/minio_to_snowflake.py for tasks to queue
[2026-02-17T06:09:17.933+0000] {logging_mixin.py:188} INFO - [2026-02-17T06:09:17.932+0000] {dagbag.py:545} INFO - Filling up the DagBag from /opt/airflow/dags/minio_to_snowflake.py
[2026-02-17T06:09:19.441+0000] {processor.py:840} INFO - DAG(s) 'minio_to_snowflake' retrieved from /opt/airflow/dags/minio_to_snowflake.py
[2026-02-17T06:09:19.476+0000] {logging_mixin.py:188} INFO - [2026-02-17T06:09:19.475+0000] {dag.py:3089} INFO - Sync 1 DAGs
[2026-02-17T06:09:19.518+0000] {logging_mixin.py:188} INFO - [2026-02-17T06:09:19.518+0000] {dag.py:3947} INFO - Setting next_dagrun for minio_to_snowflake to 2026-02-17 06:05:00+00:00, run_after=2026-02-17 06:10:00+00:00
[2026-02-17T06:09:19.561+0000] {processor.py:183} INFO - Processing /opt/airflow/dags/minio_to_snowflake.py took 1.651 seconds
[2026-02-17T06:09:50.119+0000] {processor.py:161} INFO - Started process (PID=27317) to work on /opt/airflow/dags/minio_to_snowflake.py
[2026-02-17T06:09:50.121+0000] {processor.py:830} INFO - Processing file /opt/airflow/dags/minio_to_snowflake.py for tasks to queue
[2026-02-17T06:09:50.126+0000] {logging_mixin.py:188} INFO - [2026-02-17T06:09:50.125+0000] {dagbag.py:545} INFO - Filling up the DagBag from /opt/airflow/dags/minio_to_snowflake.py
[2026-02-17T06:09:51.666+0000] {processor.py:840} INFO - DAG(s) 'minio_to_snowflake' retrieved from /opt/airflow/dags/minio_to_snowflake.py
[2026-02-17T06:09:51.703+0000] {logging_mixin.py:188} INFO - [2026-02-17T06:09:51.702+0000] {dag.py:3089} INFO - Sync 1 DAGs
[2026-02-17T06:09:51.733+0000] {logging_mixin.py:188} INFO - [2026-02-17T06:09:51.733+0000] {dag.py:3947} INFO - Setting next_dagrun for minio_to_snowflake to 2026-02-17 06:05:00+00:00, run_after=2026-02-17 06:10:00+00:00
[2026-02-17T06:09:51.765+0000] {processor.py:183} INFO - Processing /opt/airflow/dags/minio_to_snowflake.py took 1.662 seconds
[2026-02-17T06:10:22.558+0000] {processor.py:161} INFO - Started process (PID=28790) to work on /opt/airflow/dags/minio_to_snowflake.py
[2026-02-17T06:10:22.568+0000] {processor.py:830} INFO - Processing file /opt/airflow/dags/minio_to_snowflake.py for tasks to queue
[2026-02-17T06:10:22.596+0000] {logging_mixin.py:188} INFO - [2026-02-17T06:10:22.594+0000] {dagbag.py:545} INFO - Filling up the DagBag from /opt/airflow/dags/minio_to_snowflake.py
[2026-02-17T06:10:30.611+0000] {processor.py:840} INFO - DAG(s) 'minio_to_snowflake' retrieved from /opt/airflow/dags/minio_to_snowflake.py
[2026-02-17T06:10:30.825+0000] {logging_mixin.py:188} INFO - [2026-02-17T06:10:30.815+0000] {dag.py:3089} INFO - Sync 1 DAGs
[2026-02-17T06:10:31.144+0000] {logging_mixin.py:188} INFO - [2026-02-17T06:10:31.143+0000] {dag.py:3947} INFO - Setting next_dagrun for minio_to_snowflake to 2026-02-17 06:10:00+00:00, run_after=2026-02-17 06:15:00+00:00
[2026-02-17T06:10:31.327+0000] {processor.py:183} INFO - Processing /opt/airflow/dags/minio_to_snowflake.py took 8.882 seconds
[2026-02-17T06:11:01.818+0000] {processor.py:161} INFO - Started process (PID=31860) to work on /opt/airflow/dags/minio_to_snowflake.py
[2026-02-17T06:11:01.838+0000] {processor.py:830} INFO - Processing file /opt/airflow/dags/minio_to_snowflake.py for tasks to queue
[2026-02-17T06:11:01.864+0000] {logging_mixin.py:188} INFO - [2026-02-17T06:11:01.860+0000] {dagbag.py:545} INFO - Filling up the DagBag from /opt/airflow/dags/minio_to_snowflake.py
[2026-02-17T06:11:34.022+0000] {logging_mixin.py:188} INFO - [2026-02-17T06:11:34.020+0000] {timeout.py:68} ERROR - Process timed out, PID: 31860
[2026-02-17T06:12:05.956+0000] {processor.py:161} INFO - Started process (PID=34979) to work on /opt/airflow/dags/minio_to_snowflake.py
[2026-02-17T06:12:05.972+0000] {processor.py:830} INFO - Processing file /opt/airflow/dags/minio_to_snowflake.py for tasks to queue
[2026-02-17T06:12:06.053+0000] {logging_mixin.py:188} INFO - [2026-02-17T06:12:06.047+0000] {dagbag.py:545} INFO - Filling up the DagBag from /opt/airflow/dags/minio_to_snowflake.py
[2026-02-17T06:12:08.667+0000] {processor.py:840} INFO - DAG(s) 'minio_to_snowflake' retrieved from /opt/airflow/dags/minio_to_snowflake.py
[2026-02-17T06:12:09.307+0000] {logging_mixin.py:188} INFO - [2026-02-17T06:12:09.306+0000] {dag.py:3089} INFO - Sync 1 DAGs
[2026-02-17T06:12:09.383+0000] {logging_mixin.py:188} INFO - [2026-02-17T06:12:09.382+0000] {dag.py:3947} INFO - Setting next_dagrun for minio_to_snowflake to 2026-02-17 06:10:00+00:00, run_after=2026-02-17 06:15:00+00:00
[2026-02-17T06:12:09.470+0000] {processor.py:183} INFO - Processing /opt/airflow/dags/minio_to_snowflake.py took 3.730 seconds
[2026-02-17T06:12:40.195+0000] {processor.py:161} INFO - Started process (PID=35422) to work on /opt/airflow/dags/minio_to_snowflake.py
[2026-02-17T06:12:40.198+0000] {processor.py:830} INFO - Processing file /opt/airflow/dags/minio_to_snowflake.py for tasks to queue
[2026-02-17T06:12:40.201+0000] {logging_mixin.py:188} INFO - [2026-02-17T06:12:40.199+0000] {dagbag.py:545} INFO - Filling up the DagBag from /opt/airflow/dags/minio_to_snowflake.py
[2026-02-17T06:12:42.892+0000] {processor.py:840} INFO - DAG(s) 'minio_to_snowflake' retrieved from /opt/airflow/dags/minio_to_snowflake.py
[2026-02-17T06:12:42.944+0000] {logging_mixin.py:188} INFO - [2026-02-17T06:12:42.943+0000] {dag.py:3089} INFO - Sync 1 DAGs
[2026-02-17T06:12:42.980+0000] {logging_mixin.py:188} INFO - [2026-02-17T06:12:42.980+0000] {dag.py:3947} INFO - Setting next_dagrun for minio_to_snowflake to 2026-02-17 06:10:00+00:00, run_after=2026-02-17 06:15:00+00:00
[2026-02-17T06:12:43.029+0000] {processor.py:183} INFO - Processing /opt/airflow/dags/minio_to_snowflake.py took 2.882 seconds
[2026-02-17T06:13:13.615+0000] {processor.py:161} INFO - Started process (PID=35872) to work on /opt/airflow/dags/minio_to_snowflake.py
[2026-02-17T06:13:13.619+0000] {processor.py:830} INFO - Processing file /opt/airflow/dags/minio_to_snowflake.py for tasks to queue
[2026-02-17T06:13:13.622+0000] {logging_mixin.py:188} INFO - [2026-02-17T06:13:13.621+0000] {dagbag.py:545} INFO - Filling up the DagBag from /opt/airflow/dags/minio_to_snowflake.py
[2026-02-17T06:13:15.784+0000] {processor.py:840} INFO - DAG(s) 'minio_to_snowflake' retrieved from /opt/airflow/dags/minio_to_snowflake.py
[2026-02-17T06:13:15.977+0000] {logging_mixin.py:188} INFO - [2026-02-17T06:13:15.976+0000] {dag.py:3089} INFO - Sync 1 DAGs
[2026-02-17T06:13:16.087+0000] {logging_mixin.py:188} INFO - [2026-02-17T06:13:16.087+0000] {dag.py:3947} INFO - Setting next_dagrun for minio_to_snowflake to 2026-02-17 06:10:00+00:00, run_after=2026-02-17 06:15:00+00:00
[2026-02-17T06:13:16.152+0000] {processor.py:183} INFO - Processing /opt/airflow/dags/minio_to_snowflake.py took 2.557 seconds
[2026-02-17T06:13:46.370+0000] {processor.py:161} INFO - Started process (PID=36291) to work on /opt/airflow/dags/minio_to_snowflake.py
[2026-02-17T06:13:46.373+0000] {processor.py:830} INFO - Processing file /opt/airflow/dags/minio_to_snowflake.py for tasks to queue
[2026-02-17T06:13:46.377+0000] {logging_mixin.py:188} INFO - [2026-02-17T06:13:46.376+0000] {dagbag.py:545} INFO - Filling up the DagBag from /opt/airflow/dags/minio_to_snowflake.py
[2026-02-17T06:13:48.412+0000] {processor.py:840} INFO - DAG(s) 'minio_to_snowflake' retrieved from /opt/airflow/dags/minio_to_snowflake.py
[2026-02-17T06:13:48.515+0000] {logging_mixin.py:188} INFO - [2026-02-17T06:13:48.514+0000] {dag.py:3089} INFO - Sync 1 DAGs
[2026-02-17T06:13:48.567+0000] {logging_mixin.py:188} INFO - [2026-02-17T06:13:48.567+0000] {dag.py:3947} INFO - Setting next_dagrun for minio_to_snowflake to 2026-02-17 06:10:00+00:00, run_after=2026-02-17 06:15:00+00:00
[2026-02-17T06:13:48.619+0000] {processor.py:183} INFO - Processing /opt/airflow/dags/minio_to_snowflake.py took 2.287 seconds
[2026-02-17T06:14:19.223+0000] {processor.py:161} INFO - Started process (PID=36726) to work on /opt/airflow/dags/minio_to_snowflake.py
[2026-02-17T06:14:19.226+0000] {processor.py:830} INFO - Processing file /opt/airflow/dags/minio_to_snowflake.py for tasks to queue
[2026-02-17T06:14:19.230+0000] {logging_mixin.py:188} INFO - [2026-02-17T06:14:19.229+0000] {dagbag.py:545} INFO - Filling up the DagBag from /opt/airflow/dags/minio_to_snowflake.py
[2026-02-17T06:14:21.767+0000] {processor.py:840} INFO - DAG(s) 'minio_to_snowflake' retrieved from /opt/airflow/dags/minio_to_snowflake.py
[2026-02-17T06:14:21.868+0000] {logging_mixin.py:188} INFO - [2026-02-17T06:14:21.865+0000] {dag.py:3089} INFO - Sync 1 DAGs
[2026-02-17T06:14:21.920+0000] {logging_mixin.py:188} INFO - [2026-02-17T06:14:21.920+0000] {dag.py:3947} INFO - Setting next_dagrun for minio_to_snowflake to 2026-02-17 06:10:00+00:00, run_after=2026-02-17 06:15:00+00:00
[2026-02-17T06:14:21.960+0000] {processor.py:183} INFO - Processing /opt/airflow/dags/minio_to_snowflake.py took 2.762 seconds
[2026-02-17T06:14:52.675+0000] {processor.py:161} INFO - Started process (PID=37155) to work on /opt/airflow/dags/minio_to_snowflake.py
[2026-02-17T06:14:52.678+0000] {processor.py:830} INFO - Processing file /opt/airflow/dags/minio_to_snowflake.py for tasks to queue
[2026-02-17T06:14:52.682+0000] {logging_mixin.py:188} INFO - [2026-02-17T06:14:52.681+0000] {dagbag.py:545} INFO - Filling up the DagBag from /opt/airflow/dags/minio_to_snowflake.py
[2026-02-17T06:14:54.885+0000] {processor.py:840} INFO - DAG(s) 'minio_to_snowflake' retrieved from /opt/airflow/dags/minio_to_snowflake.py
[2026-02-17T06:14:54.967+0000] {logging_mixin.py:188} INFO - [2026-02-17T06:14:54.966+0000] {dag.py:3089} INFO - Sync 1 DAGs
[2026-02-17T06:14:55.011+0000] {logging_mixin.py:188} INFO - [2026-02-17T06:14:55.010+0000] {dag.py:3947} INFO - Setting next_dagrun for minio_to_snowflake to 2026-02-17 06:10:00+00:00, run_after=2026-02-17 06:15:00+00:00
[2026-02-17T06:14:55.046+0000] {processor.py:183} INFO - Processing /opt/airflow/dags/minio_to_snowflake.py took 2.401 seconds
[2026-02-17T06:15:25.815+0000] {processor.py:161} INFO - Started process (PID=38789) to work on /opt/airflow/dags/minio_to_snowflake.py
[2026-02-17T06:15:25.824+0000] {processor.py:830} INFO - Processing file /opt/airflow/dags/minio_to_snowflake.py for tasks to queue
[2026-02-17T06:15:25.830+0000] {logging_mixin.py:188} INFO - [2026-02-17T06:15:25.828+0000] {dagbag.py:545} INFO - Filling up the DagBag from /opt/airflow/dags/minio_to_snowflake.py
[2026-02-17T06:15:36.502+0000] {processor.py:840} INFO - DAG(s) 'minio_to_snowflake' retrieved from /opt/airflow/dags/minio_to_snowflake.py
[2026-02-17T06:15:36.676+0000] {logging_mixin.py:188} INFO - [2026-02-17T06:15:36.675+0000] {dag.py:3089} INFO - Sync 1 DAGs
[2026-02-17T06:15:36.797+0000] {logging_mixin.py:188} INFO - [2026-02-17T06:15:36.797+0000] {dag.py:3947} INFO - Setting next_dagrun for minio_to_snowflake to 2026-02-17 06:15:00+00:00, run_after=2026-02-17 06:20:00+00:00
[2026-02-17T06:15:36.861+0000] {processor.py:183} INFO - Processing /opt/airflow/dags/minio_to_snowflake.py took 11.128 seconds
[2026-02-17T06:16:07.463+0000] {processor.py:161} INFO - Started process (PID=42704) to work on /opt/airflow/dags/minio_to_snowflake.py
[2026-02-17T06:16:07.468+0000] {processor.py:830} INFO - Processing file /opt/airflow/dags/minio_to_snowflake.py for tasks to queue
[2026-02-17T06:16:07.471+0000] {logging_mixin.py:188} INFO - [2026-02-17T06:16:07.470+0000] {dagbag.py:545} INFO - Filling up the DagBag from /opt/airflow/dags/minio_to_snowflake.py
[2026-02-17T06:16:13.537+0000] {processor.py:840} INFO - DAG(s) 'minio_to_snowflake' retrieved from /opt/airflow/dags/minio_to_snowflake.py
[2026-02-17T06:16:13.661+0000] {logging_mixin.py:188} INFO - [2026-02-17T06:16:13.660+0000] {dag.py:3089} INFO - Sync 1 DAGs
[2026-02-17T06:16:13.781+0000] {logging_mixin.py:188} INFO - [2026-02-17T06:16:13.780+0000] {dag.py:3947} INFO - Setting next_dagrun for minio_to_snowflake to 2026-02-17 06:15:00+00:00, run_after=2026-02-17 06:20:00+00:00
[2026-02-17T06:16:13.825+0000] {processor.py:183} INFO - Processing /opt/airflow/dags/minio_to_snowflake.py took 6.428 seconds
[2026-02-17T06:16:44.119+0000] {processor.py:161} INFO - Started process (PID=45302) to work on /opt/airflow/dags/minio_to_snowflake.py
[2026-02-17T06:16:44.123+0000] {processor.py:830} INFO - Processing file /opt/airflow/dags/minio_to_snowflake.py for tasks to queue
[2026-02-17T06:16:44.128+0000] {logging_mixin.py:188} INFO - [2026-02-17T06:16:44.126+0000] {dagbag.py:545} INFO - Filling up the DagBag from /opt/airflow/dags/minio_to_snowflake.py
[2026-02-17T06:16:46.718+0000] {processor.py:840} INFO - DAG(s) 'minio_to_snowflake' retrieved from /opt/airflow/dags/minio_to_snowflake.py
[2026-02-17T06:16:46.773+0000] {logging_mixin.py:188} INFO - [2026-02-17T06:16:46.773+0000] {dag.py:3089} INFO - Sync 1 DAGs
[2026-02-17T06:16:46.842+0000] {logging_mixin.py:188} INFO - [2026-02-17T06:16:46.841+0000] {dag.py:3947} INFO - Setting next_dagrun for minio_to_snowflake to 2026-02-17 06:15:00+00:00, run_after=2026-02-17 06:20:00+00:00
[2026-02-17T06:16:46.894+0000] {processor.py:183} INFO - Processing /opt/airflow/dags/minio_to_snowflake.py took 2.799 seconds
[2026-02-17T06:17:17.595+0000] {processor.py:161} INFO - Started process (PID=45844) to work on /opt/airflow/dags/minio_to_snowflake.py
[2026-02-17T06:17:17.598+0000] {processor.py:830} INFO - Processing file /opt/airflow/dags/minio_to_snowflake.py for tasks to queue
[2026-02-17T06:17:17.600+0000] {logging_mixin.py:188} INFO - [2026-02-17T06:17:17.600+0000] {dagbag.py:545} INFO - Filling up the DagBag from /opt/airflow/dags/minio_to_snowflake.py
[2026-02-17T06:17:19.543+0000] {processor.py:840} INFO - DAG(s) 'minio_to_snowflake' retrieved from /opt/airflow/dags/minio_to_snowflake.py
[2026-02-17T06:17:19.615+0000] {logging_mixin.py:188} INFO - [2026-02-17T06:17:19.615+0000] {dag.py:3089} INFO - Sync 1 DAGs
[2026-02-17T06:17:19.651+0000] {logging_mixin.py:188} INFO - [2026-02-17T06:17:19.651+0000] {dag.py:3947} INFO - Setting next_dagrun for minio_to_snowflake to 2026-02-17 06:15:00+00:00, run_after=2026-02-17 06:20:00+00:00
[2026-02-17T06:17:19.711+0000] {processor.py:183} INFO - Processing /opt/airflow/dags/minio_to_snowflake.py took 2.138 seconds
[2026-02-17T06:17:50.035+0000] {processor.py:161} INFO - Started process (PID=46369) to work on /opt/airflow/dags/minio_to_snowflake.py
[2026-02-17T06:17:50.037+0000] {processor.py:830} INFO - Processing file /opt/airflow/dags/minio_to_snowflake.py for tasks to queue
[2026-02-17T06:17:50.039+0000] {logging_mixin.py:188} INFO - [2026-02-17T06:17:50.039+0000] {dagbag.py:545} INFO - Filling up the DagBag from /opt/airflow/dags/minio_to_snowflake.py
[2026-02-17T06:17:51.717+0000] {processor.py:840} INFO - DAG(s) 'minio_to_snowflake' retrieved from /opt/airflow/dags/minio_to_snowflake.py
[2026-02-17T06:17:51.785+0000] {logging_mixin.py:188} INFO - [2026-02-17T06:17:51.784+0000] {dag.py:3089} INFO - Sync 1 DAGs
[2026-02-17T06:17:51.857+0000] {logging_mixin.py:188} INFO - [2026-02-17T06:17:51.856+0000] {dag.py:3947} INFO - Setting next_dagrun for minio_to_snowflake to 2026-02-17 06:15:00+00:00, run_after=2026-02-17 06:20:00+00:00
[2026-02-17T06:17:51.917+0000] {processor.py:183} INFO - Processing /opt/airflow/dags/minio_to_snowflake.py took 1.893 seconds
[2026-02-17T06:18:22.543+0000] {processor.py:161} INFO - Started process (PID=46918) to work on /opt/airflow/dags/minio_to_snowflake.py
[2026-02-17T06:18:22.546+0000] {processor.py:830} INFO - Processing file /opt/airflow/dags/minio_to_snowflake.py for tasks to queue
[2026-02-17T06:18:22.549+0000] {logging_mixin.py:188} INFO - [2026-02-17T06:18:22.548+0000] {dagbag.py:545} INFO - Filling up the DagBag from /opt/airflow/dags/minio_to_snowflake.py
[2026-02-17T06:18:24.082+0000] {processor.py:840} INFO - DAG(s) 'minio_to_snowflake' retrieved from /opt/airflow/dags/minio_to_snowflake.py
[2026-02-17T06:18:24.131+0000] {logging_mixin.py:188} INFO - [2026-02-17T06:18:24.131+0000] {dag.py:3089} INFO - Sync 1 DAGs
[2026-02-17T06:18:24.172+0000] {logging_mixin.py:188} INFO - [2026-02-17T06:18:24.172+0000] {dag.py:3947} INFO - Setting next_dagrun for minio_to_snowflake to 2026-02-17 06:15:00+00:00, run_after=2026-02-17 06:20:00+00:00
[2026-02-17T06:18:24.243+0000] {processor.py:183} INFO - Processing /opt/airflow/dags/minio_to_snowflake.py took 1.716 seconds
[2026-02-17T06:18:54.813+0000] {processor.py:161} INFO - Started process (PID=47451) to work on /opt/airflow/dags/minio_to_snowflake.py
[2026-02-17T06:18:54.816+0000] {processor.py:830} INFO - Processing file /opt/airflow/dags/minio_to_snowflake.py for tasks to queue
[2026-02-17T06:18:54.820+0000] {logging_mixin.py:188} INFO - [2026-02-17T06:18:54.819+0000] {dagbag.py:545} INFO - Filling up the DagBag from /opt/airflow/dags/minio_to_snowflake.py
[2026-02-17T06:18:58.387+0000] {processor.py:840} INFO - DAG(s) 'minio_to_snowflake' retrieved from /opt/airflow/dags/minio_to_snowflake.py
[2026-02-17T06:18:58.462+0000] {logging_mixin.py:188} INFO - [2026-02-17T06:18:58.459+0000] {dag.py:3089} INFO - Sync 1 DAGs
[2026-02-17T06:18:58.495+0000] {logging_mixin.py:188} INFO - [2026-02-17T06:18:58.495+0000] {dag.py:3947} INFO - Setting next_dagrun for minio_to_snowflake to 2026-02-17 06:15:00+00:00, run_after=2026-02-17 06:20:00+00:00
[2026-02-17T06:18:58.563+0000] {processor.py:183} INFO - Processing /opt/airflow/dags/minio_to_snowflake.py took 3.769 seconds
[2026-02-17T06:19:29.344+0000] {processor.py:161} INFO - Started process (PID=48004) to work on /opt/airflow/dags/minio_to_snowflake.py
[2026-02-17T06:19:29.351+0000] {processor.py:830} INFO - Processing file /opt/airflow/dags/minio_to_snowflake.py for tasks to queue
[2026-02-17T06:19:29.355+0000] {logging_mixin.py:188} INFO - [2026-02-17T06:19:29.354+0000] {dagbag.py:545} INFO - Filling up the DagBag from /opt/airflow/dags/minio_to_snowflake.py
[2026-02-17T06:19:33.122+0000] {processor.py:840} INFO - DAG(s) 'minio_to_snowflake' retrieved from /opt/airflow/dags/minio_to_snowflake.py
[2026-02-17T06:19:33.191+0000] {logging_mixin.py:188} INFO - [2026-02-17T06:19:33.190+0000] {dag.py:3089} INFO - Sync 1 DAGs
[2026-02-17T06:19:33.269+0000] {logging_mixin.py:188} INFO - [2026-02-17T06:19:33.268+0000] {dag.py:3947} INFO - Setting next_dagrun for minio_to_snowflake to 2026-02-17 06:15:00+00:00, run_after=2026-02-17 06:20:00+00:00
[2026-02-17T06:19:33.328+0000] {processor.py:183} INFO - Processing /opt/airflow/dags/minio_to_snowflake.py took 4.049 seconds
[2026-02-17T06:20:03.922+0000] {processor.py:161} INFO - Started process (PID=48557) to work on /opt/airflow/dags/minio_to_snowflake.py
[2026-02-17T06:20:03.926+0000] {processor.py:830} INFO - Processing file /opt/airflow/dags/minio_to_snowflake.py for tasks to queue
[2026-02-17T06:20:03.929+0000] {logging_mixin.py:188} INFO - [2026-02-17T06:20:03.928+0000] {dagbag.py:545} INFO - Filling up the DagBag from /opt/airflow/dags/minio_to_snowflake.py
[2026-02-17T06:20:11.211+0000] {processor.py:840} INFO - DAG(s) 'minio_to_snowflake' retrieved from /opt/airflow/dags/minio_to_snowflake.py
[2026-02-17T06:20:11.499+0000] {logging_mixin.py:188} INFO - [2026-02-17T06:20:11.497+0000] {dag.py:3089} INFO - Sync 1 DAGs
[2026-02-17T06:20:12.002+0000] {logging_mixin.py:188} INFO - [2026-02-17T06:20:11.993+0000] {dag.py:3947} INFO - Setting next_dagrun for minio_to_snowflake to 2026-02-17 06:20:00+00:00, run_after=2026-02-17 06:25:00+00:00
[2026-02-17T06:20:12.170+0000] {processor.py:183} INFO - Processing /opt/airflow/dags/minio_to_snowflake.py took 8.272 seconds
[2026-02-17T06:20:42.835+0000] {processor.py:161} INFO - Started process (PID=49673) to work on /opt/airflow/dags/minio_to_snowflake.py
[2026-02-17T06:20:42.841+0000] {processor.py:830} INFO - Processing file /opt/airflow/dags/minio_to_snowflake.py for tasks to queue
[2026-02-17T06:20:42.852+0000] {logging_mixin.py:188} INFO - [2026-02-17T06:20:42.850+0000] {dagbag.py:545} INFO - Filling up the DagBag from /opt/airflow/dags/minio_to_snowflake.py
[2026-02-17T06:21:04.603+0000] {processor.py:840} INFO - DAG(s) 'minio_to_snowflake' retrieved from /opt/airflow/dags/minio_to_snowflake.py
[2026-02-17T06:21:04.937+0000] {logging_mixin.py:188} INFO - [2026-02-17T06:21:04.934+0000] {dag.py:3089} INFO - Sync 1 DAGs
[2026-02-17T06:21:05.146+0000] {logging_mixin.py:188} INFO - [2026-02-17T06:21:05.145+0000] {dag.py:3947} INFO - Setting next_dagrun for minio_to_snowflake to 2026-02-17 06:20:00+00:00, run_after=2026-02-17 06:25:00+00:00
[2026-02-17T06:21:05.257+0000] {processor.py:183} INFO - Processing /opt/airflow/dags/minio_to_snowflake.py took 22.492 seconds
[2026-02-17T06:21:36.714+0000] {processor.py:161} INFO - Started process (PID=52004) to work on /opt/airflow/dags/minio_to_snowflake.py
[2026-02-17T06:21:36.784+0000] {processor.py:830} INFO - Processing file /opt/airflow/dags/minio_to_snowflake.py for tasks to queue
[2026-02-17T06:21:36.790+0000] {logging_mixin.py:188} INFO - [2026-02-17T06:21:36.788+0000] {dagbag.py:545} INFO - Filling up the DagBag from /opt/airflow/dags/minio_to_snowflake.py
[2026-02-17T06:22:06.968+0000] {processor.py:840} INFO - DAG(s) 'minio_to_snowflake' retrieved from /opt/airflow/dags/minio_to_snowflake.py
[2026-02-17T06:23:07.145+0000] {processor.py:161} INFO - Started process (PID=52839) to work on /opt/airflow/dags/minio_to_snowflake.py
[2026-02-17T06:23:07.237+0000] {processor.py:830} INFO - Processing file /opt/airflow/dags/minio_to_snowflake.py for tasks to queue
[2026-02-17T06:23:07.476+0000] {logging_mixin.py:188} INFO - [2026-02-17T06:23:07.340+0000] {dagbag.py:545} INFO - Filling up the DagBag from /opt/airflow/dags/minio_to_snowflake.py
[2026-02-17T06:23:38.065+0000] {logging_mixin.py:188} INFO - [2026-02-17T06:23:38.064+0000] {timeout.py:68} ERROR - Process timed out, PID: 52839
[2026-02-17T06:24:08.946+0000] {processor.py:161} INFO - Started process (PID=55165) to work on /opt/airflow/dags/minio_to_snowflake.py
[2026-02-17T06:24:08.960+0000] {processor.py:830} INFO - Processing file /opt/airflow/dags/minio_to_snowflake.py for tasks to queue
[2026-02-17T06:24:08.970+0000] {logging_mixin.py:188} INFO - [2026-02-17T06:24:08.964+0000] {dagbag.py:545} INFO - Filling up the DagBag from /opt/airflow/dags/minio_to_snowflake.py
[2026-02-17T06:24:18.490+0000] {processor.py:840} INFO - DAG(s) 'minio_to_snowflake' retrieved from /opt/airflow/dags/minio_to_snowflake.py
[2026-02-17T06:24:22.399+0000] {logging_mixin.py:188} INFO - [2026-02-17T06:24:22.397+0000] {dag.py:3089} INFO - Sync 1 DAGs
[2026-02-17T06:24:22.741+0000] {logging_mixin.py:188} INFO - [2026-02-17T06:24:22.740+0000] {dag.py:3947} INFO - Setting next_dagrun for minio_to_snowflake to 2026-02-17 06:20:00+00:00, run_after=2026-02-17 06:25:00+00:00
[2026-02-17T06:24:22.985+0000] {processor.py:183} INFO - Processing /opt/airflow/dags/minio_to_snowflake.py took 14.122 seconds
[2026-02-17T06:24:55.054+0000] {processor.py:161} INFO - Started process (PID=57115) to work on /opt/airflow/dags/minio_to_snowflake.py
[2026-02-17T06:24:55.057+0000] {processor.py:830} INFO - Processing file /opt/airflow/dags/minio_to_snowflake.py for tasks to queue
[2026-02-17T06:24:55.083+0000] {logging_mixin.py:188} INFO - [2026-02-17T06:24:55.065+0000] {dagbag.py:545} INFO - Filling up the DagBag from /opt/airflow/dags/minio_to_snowflake.py
[2026-02-17T06:25:25.153+0000] {logging_mixin.py:188} INFO - [2026-02-17T06:25:25.138+0000] {timeout.py:68} ERROR - Process timed out, PID: 57115
[2026-02-17T06:25:57.403+0000] {processor.py:161} INFO - Started process (PID=58526) to work on /opt/airflow/dags/minio_to_snowflake.py
[2026-02-17T06:25:57.421+0000] {processor.py:830} INFO - Processing file /opt/airflow/dags/minio_to_snowflake.py for tasks to queue
[2026-02-17T06:25:57.429+0000] {logging_mixin.py:188} INFO - [2026-02-17T06:25:57.426+0000] {dagbag.py:545} INFO - Filling up the DagBag from /opt/airflow/dags/minio_to_snowflake.py
[2026-02-17T06:26:07.198+0000] {processor.py:840} INFO - DAG(s) 'minio_to_snowflake' retrieved from /opt/airflow/dags/minio_to_snowflake.py
[2026-02-17T06:26:07.356+0000] {logging_mixin.py:188} INFO - [2026-02-17T06:26:07.355+0000] {dag.py:3089} INFO - Sync 1 DAGs
[2026-02-17T06:26:07.461+0000] {logging_mixin.py:188} INFO - [2026-02-17T06:26:07.460+0000] {dag.py:3947} INFO - Setting next_dagrun for minio_to_snowflake to 2026-02-17 06:25:00+00:00, run_after=2026-02-17 06:30:00+00:00
[2026-02-17T06:26:07.639+0000] {processor.py:183} INFO - Processing /opt/airflow/dags/minio_to_snowflake.py took 10.586 seconds
[2026-02-17T06:26:38.367+0000] {processor.py:161} INFO - Started process (PID=59160) to work on /opt/airflow/dags/minio_to_snowflake.py
[2026-02-17T06:26:38.386+0000] {processor.py:830} INFO - Processing file /opt/airflow/dags/minio_to_snowflake.py for tasks to queue
[2026-02-17T06:26:38.391+0000] {logging_mixin.py:188} INFO - [2026-02-17T06:26:38.389+0000] {dagbag.py:545} INFO - Filling up the DagBag from /opt/airflow/dags/minio_to_snowflake.py
[2026-02-17T06:26:49.763+0000] {processor.py:840} INFO - DAG(s) 'minio_to_snowflake' retrieved from /opt/airflow/dags/minio_to_snowflake.py
[2026-02-17T06:26:49.876+0000] {logging_mixin.py:188} INFO - [2026-02-17T06:26:49.875+0000] {dag.py:3089} INFO - Sync 1 DAGs
[2026-02-17T06:26:49.950+0000] {logging_mixin.py:188} INFO - [2026-02-17T06:26:49.950+0000] {dag.py:3947} INFO - Setting next_dagrun for minio_to_snowflake to 2026-02-17 06:25:00+00:00, run_after=2026-02-17 06:30:00+00:00
[2026-02-17T06:26:50.035+0000] {processor.py:183} INFO - Processing /opt/airflow/dags/minio_to_snowflake.py took 11.840 seconds
[2026-02-17T06:27:20.838+0000] {processor.py:161} INFO - Started process (PID=59921) to work on /opt/airflow/dags/minio_to_snowflake.py
[2026-02-17T06:27:20.842+0000] {processor.py:830} INFO - Processing file /opt/airflow/dags/minio_to_snowflake.py for tasks to queue
[2026-02-17T06:27:20.848+0000] {logging_mixin.py:188} INFO - [2026-02-17T06:27:20.847+0000] {dagbag.py:545} INFO - Filling up the DagBag from /opt/airflow/dags/minio_to_snowflake.py
[2026-02-17T06:27:27.336+0000] {processor.py:840} INFO - DAG(s) 'minio_to_snowflake' retrieved from /opt/airflow/dags/minio_to_snowflake.py
[2026-02-17T06:27:27.438+0000] {logging_mixin.py:188} INFO - [2026-02-17T06:27:27.437+0000] {dag.py:3089} INFO - Sync 1 DAGs
[2026-02-17T06:27:27.505+0000] {logging_mixin.py:188} INFO - [2026-02-17T06:27:27.504+0000] {dag.py:3947} INFO - Setting next_dagrun for minio_to_snowflake to 2026-02-17 06:25:00+00:00, run_after=2026-02-17 06:30:00+00:00
[2026-02-17T06:27:27.573+0000] {processor.py:183} INFO - Processing /opt/airflow/dags/minio_to_snowflake.py took 6.764 seconds
[2026-02-17T06:27:57.945+0000] {processor.py:161} INFO - Started process (PID=60652) to work on /opt/airflow/dags/minio_to_snowflake.py
[2026-02-17T06:27:57.948+0000] {processor.py:830} INFO - Processing file /opt/airflow/dags/minio_to_snowflake.py for tasks to queue
[2026-02-17T06:27:57.952+0000] {logging_mixin.py:188} INFO - [2026-02-17T06:27:57.950+0000] {dagbag.py:545} INFO - Filling up the DagBag from /opt/airflow/dags/minio_to_snowflake.py
[2026-02-17T06:28:02.626+0000] {processor.py:840} INFO - DAG(s) 'minio_to_snowflake' retrieved from /opt/airflow/dags/minio_to_snowflake.py
[2026-02-17T06:28:02.760+0000] {logging_mixin.py:188} INFO - [2026-02-17T06:28:02.755+0000] {dag.py:3089} INFO - Sync 1 DAGs
[2026-02-17T06:28:02.828+0000] {logging_mixin.py:188} INFO - [2026-02-17T06:28:02.828+0000] {dag.py:3947} INFO - Setting next_dagrun for minio_to_snowflake to 2026-02-17 06:25:00+00:00, run_after=2026-02-17 06:30:00+00:00
[2026-02-17T06:28:02.920+0000] {processor.py:183} INFO - Processing /opt/airflow/dags/minio_to_snowflake.py took 4.989 seconds
[2026-02-17T06:28:33.543+0000] {processor.py:161} INFO - Started process (PID=61307) to work on /opt/airflow/dags/minio_to_snowflake.py
[2026-02-17T06:28:33.547+0000] {processor.py:830} INFO - Processing file /opt/airflow/dags/minio_to_snowflake.py for tasks to queue
[2026-02-17T06:28:33.553+0000] {logging_mixin.py:188} INFO - [2026-02-17T06:28:33.550+0000] {dagbag.py:545} INFO - Filling up the DagBag from /opt/airflow/dags/minio_to_snowflake.py
[2026-02-17T06:28:39.599+0000] {processor.py:840} INFO - DAG(s) 'minio_to_snowflake' retrieved from /opt/airflow/dags/minio_to_snowflake.py
[2026-02-17T06:28:39.722+0000] {logging_mixin.py:188} INFO - [2026-02-17T06:28:39.721+0000] {dag.py:3089} INFO - Sync 1 DAGs
[2026-02-17T06:28:39.785+0000] {logging_mixin.py:188} INFO - [2026-02-17T06:28:39.784+0000] {dag.py:3947} INFO - Setting next_dagrun for minio_to_snowflake to 2026-02-17 06:25:00+00:00, run_after=2026-02-17 06:30:00+00:00
[2026-02-17T06:28:39.855+0000] {processor.py:183} INFO - Processing /opt/airflow/dags/minio_to_snowflake.py took 6.341 seconds
[2026-02-17T06:29:10.277+0000] {processor.py:161} INFO - Started process (PID=61992) to work on /opt/airflow/dags/minio_to_snowflake.py
[2026-02-17T06:29:10.279+0000] {processor.py:830} INFO - Processing file /opt/airflow/dags/minio_to_snowflake.py for tasks to queue
[2026-02-17T06:29:10.281+0000] {logging_mixin.py:188} INFO - [2026-02-17T06:29:10.280+0000] {dagbag.py:545} INFO - Filling up the DagBag from /opt/airflow/dags/minio_to_snowflake.py
[2026-02-17T06:29:13.634+0000] {processor.py:840} INFO - DAG(s) 'minio_to_snowflake' retrieved from /opt/airflow/dags/minio_to_snowflake.py
[2026-02-17T06:29:13.749+0000] {logging_mixin.py:188} INFO - [2026-02-17T06:29:13.748+0000] {dag.py:3089} INFO - Sync 1 DAGs
[2026-02-17T06:29:13.797+0000] {logging_mixin.py:188} INFO - [2026-02-17T06:29:13.797+0000] {dag.py:3947} INFO - Setting next_dagrun for minio_to_snowflake to 2026-02-17 06:25:00+00:00, run_after=2026-02-17 06:30:00+00:00
[2026-02-17T06:29:13.844+0000] {processor.py:183} INFO - Processing /opt/airflow/dags/minio_to_snowflake.py took 3.618 seconds
[2026-02-17T06:29:44.414+0000] {processor.py:161} INFO - Started process (PID=62591) to work on /opt/airflow/dags/minio_to_snowflake.py
[2026-02-17T06:29:44.418+0000] {processor.py:830} INFO - Processing file /opt/airflow/dags/minio_to_snowflake.py for tasks to queue
[2026-02-17T06:29:44.423+0000] {logging_mixin.py:188} INFO - [2026-02-17T06:29:44.421+0000] {dagbag.py:545} INFO - Filling up the DagBag from /opt/airflow/dags/minio_to_snowflake.py
[2026-02-17T06:29:48.966+0000] {processor.py:840} INFO - DAG(s) 'minio_to_snowflake' retrieved from /opt/airflow/dags/minio_to_snowflake.py
[2026-02-17T06:29:49.049+0000] {logging_mixin.py:188} INFO - [2026-02-17T06:29:49.047+0000] {dag.py:3089} INFO - Sync 1 DAGs
[2026-02-17T06:29:49.120+0000] {logging_mixin.py:188} INFO - [2026-02-17T06:29:49.119+0000] {dag.py:3947} INFO - Setting next_dagrun for minio_to_snowflake to 2026-02-17 06:25:00+00:00, run_after=2026-02-17 06:30:00+00:00
[2026-02-17T06:29:49.169+0000] {processor.py:183} INFO - Processing /opt/airflow/dags/minio_to_snowflake.py took 4.787 seconds
[2026-02-17T06:30:19.775+0000] {processor.py:161} INFO - Started process (PID=64108) to work on /opt/airflow/dags/minio_to_snowflake.py
[2026-02-17T06:30:19.785+0000] {processor.py:830} INFO - Processing file /opt/airflow/dags/minio_to_snowflake.py for tasks to queue
[2026-02-17T06:30:19.790+0000] {logging_mixin.py:188} INFO - [2026-02-17T06:30:19.788+0000] {dagbag.py:545} INFO - Filling up the DagBag from /opt/airflow/dags/minio_to_snowflake.py
[2026-02-17T06:30:49.889+0000] {logging_mixin.py:188} INFO - [2026-02-17T06:30:49.831+0000] {timeout.py:68} ERROR - Process timed out, PID: 64108
[2026-02-17T06:31:23.100+0000] {processor.py:161} INFO - Started process (PID=65274) to work on /opt/airflow/dags/minio_to_snowflake.py
[2026-02-17T06:31:23.137+0000] {processor.py:830} INFO - Processing file /opt/airflow/dags/minio_to_snowflake.py for tasks to queue
[2026-02-17T06:31:23.176+0000] {logging_mixin.py:188} INFO - [2026-02-17T06:31:23.141+0000] {dagbag.py:545} INFO - Filling up the DagBag from /opt/airflow/dags/minio_to_snowflake.py
[2026-02-17T06:31:40.045+0000] {processor.py:840} INFO - DAG(s) 'minio_to_snowflake' retrieved from /opt/airflow/dags/minio_to_snowflake.py
[2026-02-17T06:32:11.669+0000] {processor.py:186} ERROR - Got an exception! Propagating...
Traceback (most recent call last):
  File "/home/airflow/.local/lib/python3.12/site-packages/sqlalchemy/engine/base.py", line 3371, in _wrap_pool_connect
    return fn()
           ^^^^
  File "/home/airflow/.local/lib/python3.12/site-packages/sqlalchemy/pool/base.py", line 327, in connect
    return _ConnectionFairy._checkout(self)
           ^^^^^^^^^^^^^^^^^^^^^^^^^^^^^^^^
  File "/home/airflow/.local/lib/python3.12/site-packages/sqlalchemy/pool/base.py", line 894, in _checkout
    fairy = _ConnectionRecord.checkout(pool)
            ^^^^^^^^^^^^^^^^^^^^^^^^^^^^^^^^
  File "/home/airflow/.local/lib/python3.12/site-packages/sqlalchemy/pool/base.py", line 493, in checkout
    rec = pool._do_get()
          ^^^^^^^^^^^^^^
  File "/home/airflow/.local/lib/python3.12/site-packages/sqlalchemy/pool/impl.py", line 145, in _do_get
    with util.safe_reraise():
  File "/home/airflow/.local/lib/python3.12/site-packages/sqlalchemy/util/langhelpers.py", line 70, in __exit__
    compat.raise_(
  File "/home/airflow/.local/lib/python3.12/site-packages/sqlalchemy/util/compat.py", line 211, in raise_
    raise exception
  File "/home/airflow/.local/lib/python3.12/site-packages/sqlalchemy/pool/impl.py", line 143, in _do_get
    return self._create_connection()
           ^^^^^^^^^^^^^^^^^^^^^^^^^
  File "/home/airflow/.local/lib/python3.12/site-packages/sqlalchemy/pool/base.py", line 273, in _create_connection
    return _ConnectionRecord(self)
           ^^^^^^^^^^^^^^^^^^^^^^^
  File "/home/airflow/.local/lib/python3.12/site-packages/sqlalchemy/pool/base.py", line 388, in __init__
    self.__connect()
  File "/home/airflow/.local/lib/python3.12/site-packages/sqlalchemy/pool/base.py", line 690, in __connect
    with util.safe_reraise():
  File "/home/airflow/.local/lib/python3.12/site-packages/sqlalchemy/util/langhelpers.py", line 70, in __exit__
    compat.raise_(
  File "/home/airflow/.local/lib/python3.12/site-packages/sqlalchemy/util/compat.py", line 211, in raise_
    raise exception
  File "/home/airflow/.local/lib/python3.12/site-packages/sqlalchemy/pool/base.py", line 686, in __connect
    self.dbapi_connection = connection = pool._invoke_creator(self)
                                         ^^^^^^^^^^^^^^^^^^^^^^^^^^
  File "/home/airflow/.local/lib/python3.12/site-packages/sqlalchemy/engine/create.py", line 574, in connect
    return dialect.connect(*cargs, **cparams)
           ^^^^^^^^^^^^^^^^^^^^^^^^^^^^^^^^^^
  File "/home/airflow/.local/lib/python3.12/site-packages/sqlalchemy/engine/default.py", line 598, in connect
    return self.dbapi.connect(*cargs, **cparams)
           ^^^^^^^^^^^^^^^^^^^^^^^^^^^^^^^^^^^^^
  File "/home/airflow/.local/lib/python3.12/site-packages/psycopg2/__init__.py", line 122, in connect
    conn = _connect(dsn, connection_factory=connection_factory, **kwasync)
           ^^^^^^^^^^^^^^^^^^^^^^^^^^^^^^^^^^^^^^^^^^^^^^^^^^^^^^^^^^^^^^^
psycopg2.OperationalError: could not translate host name "postgres" to address: Temporary failure in name resolution


The above exception was the direct cause of the following exception:

Traceback (most recent call last):
  File "/home/airflow/.local/lib/python3.12/site-packages/airflow/dag_processing/processor.py", line 182, in _run_file_processor
    _handle_dag_file_processing()
  File "/home/airflow/.local/lib/python3.12/site-packages/airflow/dag_processing/processor.py", line 163, in _handle_dag_file_processing
    result: tuple[int, int] = dag_file_processor.process_file(
                              ^^^^^^^^^^^^^^^^^^^^^^^^^^^^^^^^
  File "/home/airflow/.local/lib/python3.12/site-packages/airflow/utils/session.py", line 79, in wrapper
    return func(*args, session=session, **kwargs)
           ^^^^^^^^^^^^^^^^^^^^^^^^^^^^^^^^^^^^^^
  File "/home/airflow/.local/lib/python3.12/site-packages/airflow/dag_processing/processor.py", line 859, in process_file
    serialize_errors = DagFileProcessor.save_dag_to_db(
                       ^^^^^^^^^^^^^^^^^^^^^^^^^^^^^^^^
  File "/home/airflow/.local/lib/python3.12/site-packages/airflow/api_internal/internal_api_call.py", line 115, in wrapper
    return func(*args, **kwargs)
           ^^^^^^^^^^^^^^^^^^^^^
  File "/home/airflow/.local/lib/python3.12/site-packages/airflow/utils/session.py", line 79, in wrapper
    return func(*args, session=session, **kwargs)
           ^^^^^^^^^^^^^^^^^^^^^^^^^^^^^^^^^^^^^^
  File "/home/airflow/.local/lib/python3.12/site-packages/airflow/dag_processing/processor.py", line 895, in save_dag_to_db
    import_errors = DagBag._sync_to_db(dags=dags, processor_subdir=dag_directory, session=session)
                    ^^^^^^^^^^^^^^^^^^^^^^^^^^^^^^^^^^^^^^^^^^^^^^^^^^^^^^^^^^^^^^^^^^^^^^^^^^^^^^
  File "/home/airflow/.local/lib/python3.12/site-packages/airflow/utils/session.py", line 76, in wrapper
    return func(*args, **kwargs)
           ^^^^^^^^^^^^^^^^^^^^^
  File "/home/airflow/.local/lib/python3.12/site-packages/airflow/models/dagbag.py", line 664, in _sync_to_db
    for attempt in run_with_db_retries(logger=log):
  File "/home/airflow/.local/lib/python3.12/site-packages/tenacity/__init__.py", line 443, in __iter__
    do = self.iter(retry_state=retry_state)
         ^^^^^^^^^^^^^^^^^^^^^^^^^^^^^^^^^^
  File "/home/airflow/.local/lib/python3.12/site-packages/tenacity/__init__.py", line 376, in iter
    result = action(retry_state)
             ^^^^^^^^^^^^^^^^^^^
  File "/home/airflow/.local/lib/python3.12/site-packages/tenacity/__init__.py", line 418, in exc_check
    raise retry_exc.reraise()
          ^^^^^^^^^^^^^^^^^^^
  File "/home/airflow/.local/lib/python3.12/site-packages/tenacity/__init__.py", line 185, in reraise
    raise self.last_attempt.result()
          ^^^^^^^^^^^^^^^^^^^^^^^^^^
  File "/usr/local/lib/python3.12/concurrent/futures/_base.py", line 449, in result
    return self.__get_result()
           ^^^^^^^^^^^^^^^^^^^
  File "/usr/local/lib/python3.12/concurrent/futures/_base.py", line 401, in __get_result
    raise self._exception
  File "/home/airflow/.local/lib/python3.12/site-packages/airflow/models/dagbag.py", line 677, in _sync_to_db
    _serialize_dag_capturing_errors(dag, session, processor_subdir)
  File "/home/airflow/.local/lib/python3.12/site-packages/airflow/models/dagbag.py", line 642, in _serialize_dag_capturing_errors
    dag_was_updated = SerializedDagModel.write_dag(
                      ^^^^^^^^^^^^^^^^^^^^^^^^^^^^^
  File "/home/airflow/.local/lib/python3.12/site-packages/airflow/utils/session.py", line 76, in wrapper
    return func(*args, **kwargs)
           ^^^^^^^^^^^^^^^^^^^^^
  File "/home/airflow/.local/lib/python3.12/site-packages/airflow/models/serialized_dag.py", line 158, in write_dag
    if session.scalar(
       ^^^^^^^^^^^^^^^
  File "/home/airflow/.local/lib/python3.12/site-packages/sqlalchemy/orm/session.py", line 1747, in scalar
    return self.execute(
           ^^^^^^^^^^^^^
  File "/home/airflow/.local/lib/python3.12/site-packages/sqlalchemy/orm/session.py", line 1716, in execute
    conn = self._connection_for_bind(bind)
           ^^^^^^^^^^^^^^^^^^^^^^^^^^^^^^^
  File "/home/airflow/.local/lib/python3.12/site-packages/sqlalchemy/orm/session.py", line 1555, in _connection_for_bind
    return self._transaction._connection_for_bind(
           ^^^^^^^^^^^^^^^^^^^^^^^^^^^^^^^^^^^^^^^
  File "/home/airflow/.local/lib/python3.12/site-packages/sqlalchemy/orm/session.py", line 750, in _connection_for_bind
    conn = bind.connect()
           ^^^^^^^^^^^^^^
  File "/home/airflow/.local/lib/python3.12/site-packages/sqlalchemy/future/engine.py", line 412, in connect
    return super(Engine, self).connect()
           ^^^^^^^^^^^^^^^^^^^^^^^^^^^^^
  File "/home/airflow/.local/lib/python3.12/site-packages/sqlalchemy/engine/base.py", line 3325, in connect
    return self._connection_cls(self, close_with_result=close_with_result)
           ^^^^^^^^^^^^^^^^^^^^^^^^^^^^^^^^^^^^^^^^^^^^^^^^^^^^^^^^^^^^^^^
  File "/home/airflow/.local/lib/python3.12/site-packages/sqlalchemy/engine/base.py", line 96, in __init__
    else engine.raw_connection()
         ^^^^^^^^^^^^^^^^^^^^^^^
  File "/home/airflow/.local/lib/python3.12/site-packages/sqlalchemy/engine/base.py", line 3404, in raw_connection
    return self._wrap_pool_connect(self.pool.connect, _connection)
           ^^^^^^^^^^^^^^^^^^^^^^^^^^^^^^^^^^^^^^^^^^^^^^^^^^^^^^^
  File "/home/airflow/.local/lib/python3.12/site-packages/sqlalchemy/engine/base.py", line 3374, in _wrap_pool_connect
    Connection._handle_dbapi_exception_noconnection(
  File "/home/airflow/.local/lib/python3.12/site-packages/sqlalchemy/engine/base.py", line 2208, in _handle_dbapi_exception_noconnection
    util.raise_(
  File "/home/airflow/.local/lib/python3.12/site-packages/sqlalchemy/util/compat.py", line 211, in raise_
    raise exception
  File "/home/airflow/.local/lib/python3.12/site-packages/sqlalchemy/engine/base.py", line 3371, in _wrap_pool_connect
    return fn()
           ^^^^
  File "/home/airflow/.local/lib/python3.12/site-packages/sqlalchemy/pool/base.py", line 327, in connect
    return _ConnectionFairy._checkout(self)
           ^^^^^^^^^^^^^^^^^^^^^^^^^^^^^^^^
  File "/home/airflow/.local/lib/python3.12/site-packages/sqlalchemy/pool/base.py", line 894, in _checkout
    fairy = _ConnectionRecord.checkout(pool)
            ^^^^^^^^^^^^^^^^^^^^^^^^^^^^^^^^
  File "/home/airflow/.local/lib/python3.12/site-packages/sqlalchemy/pool/base.py", line 493, in checkout
    rec = pool._do_get()
          ^^^^^^^^^^^^^^
  File "/home/airflow/.local/lib/python3.12/site-packages/sqlalchemy/pool/impl.py", line 145, in _do_get
    with util.safe_reraise():
  File "/home/airflow/.local/lib/python3.12/site-packages/sqlalchemy/util/langhelpers.py", line 70, in __exit__
    compat.raise_(
  File "/home/airflow/.local/lib/python3.12/site-packages/sqlalchemy/util/compat.py", line 211, in raise_
    raise exception
  File "/home/airflow/.local/lib/python3.12/site-packages/sqlalchemy/pool/impl.py", line 143, in _do_get
    return self._create_connection()
           ^^^^^^^^^^^^^^^^^^^^^^^^^
  File "/home/airflow/.local/lib/python3.12/site-packages/sqlalchemy/pool/base.py", line 273, in _create_connection
    return _ConnectionRecord(self)
           ^^^^^^^^^^^^^^^^^^^^^^^
  File "/home/airflow/.local/lib/python3.12/site-packages/sqlalchemy/pool/base.py", line 388, in __init__
    self.__connect()
  File "/home/airflow/.local/lib/python3.12/site-packages/sqlalchemy/pool/base.py", line 690, in __connect
    with util.safe_reraise():
  File "/home/airflow/.local/lib/python3.12/site-packages/sqlalchemy/util/langhelpers.py", line 70, in __exit__
    compat.raise_(
  File "/home/airflow/.local/lib/python3.12/site-packages/sqlalchemy/util/compat.py", line 211, in raise_
    raise exception
  File "/home/airflow/.local/lib/python3.12/site-packages/sqlalchemy/pool/base.py", line 686, in __connect
    self.dbapi_connection = connection = pool._invoke_creator(self)
                                         ^^^^^^^^^^^^^^^^^^^^^^^^^^
  File "/home/airflow/.local/lib/python3.12/site-packages/sqlalchemy/engine/create.py", line 574, in connect
    return dialect.connect(*cargs, **cparams)
           ^^^^^^^^^^^^^^^^^^^^^^^^^^^^^^^^^^
  File "/home/airflow/.local/lib/python3.12/site-packages/sqlalchemy/engine/default.py", line 598, in connect
    return self.dbapi.connect(*cargs, **cparams)
           ^^^^^^^^^^^^^^^^^^^^^^^^^^^^^^^^^^^^^
  File "/home/airflow/.local/lib/python3.12/site-packages/psycopg2/__init__.py", line 122, in connect
    conn = _connect(dsn, connection_factory=connection_factory, **kwasync)
           ^^^^^^^^^^^^^^^^^^^^^^^^^^^^^^^^^^^^^^^^^^^^^^^^^^^^^^^^^^^^^^^
sqlalchemy.exc.OperationalError: (psycopg2.OperationalError) could not translate host name "postgres" to address: Temporary failure in name resolution

(Background on this error at: https://sqlalche.me/e/14/e3q8)
[2026-02-17T06:32:44.017+0000] {processor.py:161} INFO - Started process (PID=66387) to work on /opt/airflow/dags/minio_to_snowflake.py
[2026-02-17T06:32:44.048+0000] {processor.py:830} INFO - Processing file /opt/airflow/dags/minio_to_snowflake.py for tasks to queue
[2026-02-17T06:32:44.068+0000] {logging_mixin.py:188} INFO - [2026-02-17T06:32:44.056+0000] {dagbag.py:545} INFO - Filling up the DagBag from /opt/airflow/dags/minio_to_snowflake.py
[2026-02-17T06:33:14.923+0000] {logging_mixin.py:188} INFO - [2026-02-17T06:33:14.504+0000] {timeout.py:68} ERROR - Process timed out, PID: 66387
[2026-02-17T06:33:46.839+0000] {processor.py:161} INFO - Started process (PID=67731) to work on /opt/airflow/dags/minio_to_snowflake.py
[2026-02-17T06:33:46.844+0000] {processor.py:830} INFO - Processing file /opt/airflow/dags/minio_to_snowflake.py for tasks to queue
[2026-02-17T06:33:46.876+0000] {logging_mixin.py:188} INFO - [2026-02-17T06:33:46.865+0000] {dagbag.py:545} INFO - Filling up the DagBag from /opt/airflow/dags/minio_to_snowflake.py
[2026-02-17T06:36:57.132+0000] {processor.py:161} INFO - Started process (PID=68554) to work on /opt/airflow/dags/minio_to_snowflake.py
[2026-02-17T06:36:57.154+0000] {processor.py:830} INFO - Processing file /opt/airflow/dags/minio_to_snowflake.py for tasks to queue
[2026-02-17T06:36:57.178+0000] {logging_mixin.py:188} INFO - [2026-02-17T06:36:57.169+0000] {dagbag.py:545} INFO - Filling up the DagBag from /opt/airflow/dags/minio_to_snowflake.py
[2026-02-17T06:37:27.348+0000] {logging_mixin.py:188} INFO - [2026-02-17T06:37:27.345+0000] {timeout.py:68} ERROR - Process timed out, PID: 68554
[2026-02-17T06:37:58.823+0000] {processor.py:161} INFO - Started process (PID=71439) to work on /opt/airflow/dags/minio_to_snowflake.py
[2026-02-17T06:37:58.839+0000] {processor.py:830} INFO - Processing file /opt/airflow/dags/minio_to_snowflake.py for tasks to queue
[2026-02-17T06:37:58.854+0000] {logging_mixin.py:188} INFO - [2026-02-17T06:37:58.853+0000] {dagbag.py:545} INFO - Filling up the DagBag from /opt/airflow/dags/minio_to_snowflake.py
[2026-02-17T06:38:15.033+0000] {processor.py:840} INFO - DAG(s) 'minio_to_snowflake' retrieved from /opt/airflow/dags/minio_to_snowflake.py
[2026-02-17T06:38:16.520+0000] {logging_mixin.py:188} INFO - [2026-02-17T06:38:16.518+0000] {dag.py:3089} INFO - Sync 1 DAGs
[2026-02-17T06:38:16.712+0000] {logging_mixin.py:188} INFO - [2026-02-17T06:38:16.709+0000] {dag.py:3947} INFO - Setting next_dagrun for minio_to_snowflake to 2026-02-17 06:30:00+00:00, run_after=2026-02-17 06:35:00+00:00
[2026-02-17T06:38:16.816+0000] {processor.py:183} INFO - Processing /opt/airflow/dags/minio_to_snowflake.py took 18.080 seconds
[2026-02-17T06:38:48.350+0000] {processor.py:161} INFO - Started process (PID=73459) to work on /opt/airflow/dags/minio_to_snowflake.py
[2026-02-17T06:38:48.382+0000] {processor.py:830} INFO - Processing file /opt/airflow/dags/minio_to_snowflake.py for tasks to queue
[2026-02-17T06:38:48.386+0000] {logging_mixin.py:188} INFO - [2026-02-17T06:38:48.385+0000] {dagbag.py:545} INFO - Filling up the DagBag from /opt/airflow/dags/minio_to_snowflake.py
[2026-02-17T06:39:06.702+0000] {processor.py:840} INFO - DAG(s) 'minio_to_snowflake' retrieved from /opt/airflow/dags/minio_to_snowflake.py
[2026-02-17T06:39:07.314+0000] {logging_mixin.py:188} INFO - [2026-02-17T06:39:07.288+0000] {dag.py:3089} INFO - Sync 1 DAGs
[2026-02-17T06:39:07.723+0000] {logging_mixin.py:188} INFO - [2026-02-17T06:39:07.722+0000] {dag.py:3947} INFO - Setting next_dagrun for minio_to_snowflake to 2026-02-17 06:35:00+00:00, run_after=2026-02-17 06:40:00+00:00
[2026-02-17T06:39:08.145+0000] {processor.py:183} INFO - Processing /opt/airflow/dags/minio_to_snowflake.py took 20.119 seconds
[2026-02-17T06:39:39.124+0000] {processor.py:161} INFO - Started process (PID=75956) to work on /opt/airflow/dags/minio_to_snowflake.py
[2026-02-17T06:39:39.135+0000] {processor.py:830} INFO - Processing file /opt/airflow/dags/minio_to_snowflake.py for tasks to queue
[2026-02-17T06:39:39.183+0000] {logging_mixin.py:188} INFO - [2026-02-17T06:39:39.181+0000] {dagbag.py:545} INFO - Filling up the DagBag from /opt/airflow/dags/minio_to_snowflake.py
[2026-02-17T06:39:53.093+0000] {processor.py:840} INFO - DAG(s) 'minio_to_snowflake' retrieved from /opt/airflow/dags/minio_to_snowflake.py
[2026-02-17T06:39:53.784+0000] {logging_mixin.py:188} INFO - [2026-02-17T06:39:53.779+0000] {dag.py:3089} INFO - Sync 1 DAGs
[2026-02-17T06:39:53.972+0000] {logging_mixin.py:188} INFO - [2026-02-17T06:39:53.972+0000] {dag.py:3947} INFO - Setting next_dagrun for minio_to_snowflake to 2026-02-17 06:35:00+00:00, run_after=2026-02-17 06:40:00+00:00
[2026-02-17T06:39:54.067+0000] {processor.py:183} INFO - Processing /opt/airflow/dags/minio_to_snowflake.py took 15.028 seconds
[2026-02-17T06:40:25.923+0000] {processor.py:161} INFO - Started process (PID=77869) to work on /opt/airflow/dags/minio_to_snowflake.py
[2026-02-17T06:40:25.932+0000] {processor.py:830} INFO - Processing file /opt/airflow/dags/minio_to_snowflake.py for tasks to queue
[2026-02-17T06:40:26.017+0000] {logging_mixin.py:188} INFO - [2026-02-17T06:40:26.002+0000] {dagbag.py:545} INFO - Filling up the DagBag from /opt/airflow/dags/minio_to_snowflake.py
[2026-02-17T06:41:06.918+0000] {logging_mixin.py:188} INFO - [2026-02-17T06:41:06.834+0000] {timeout.py:68} ERROR - Process timed out, PID: 77869
[2026-02-17T06:41:06.960+0000] {logging_mixin.py:188} WARNING - Exception ignored in: <function WeakKeyDictionary.__init__.<locals>.remove at 0x73c8a317e7a0>
[2026-02-17T06:41:06.969+0000] {logging_mixin.py:188} WARNING - Traceback (most recent call last):
[2026-02-17T06:41:06.975+0000] {logging_mixin.py:188} WARNING -   File "/usr/local/lib/python3.12/weakref.py", line 369, in remove
[2026-02-17T06:41:07.115+0000] {logging_mixin.py:188} WARNING -     def remove(k, selfref=ref(self)):
[2026-02-17T06:41:07.602+0000] {logging_mixin.py:188} WARNING -   File "/home/airflow/.local/lib/python3.12/site-packages/airflow/utils/timeout.py", line 69, in handle_timeout
[2026-02-17T06:41:07.800+0000] {logging_mixin.py:188} WARNING -     raise AirflowTaskTimeout(self.error_message)
[2026-02-17T06:41:07.818+0000] {logging_mixin.py:188} WARNING - airflow.exceptions.AirflowTaskTimeout: DagBag import timeout for /opt/airflow/dags/minio_to_snowflake.py after 30.0s.
Please take a look at these docs to improve your DAG import time:
* https://airflow.apache.org/docs/apache-airflow/2.9.3/best-practices.html#top-level-python-code
* https://airflow.apache.org/docs/apache-airflow/2.9.3/best-practices.html#reducing-dag-complexity, PID: 77869
[2026-02-17T06:41:22.909+0000] {processor.py:161} INFO - Started process (PID=78389) to work on /opt/airflow/dags/minio_to_snowflake.py
[2026-02-17T06:41:22.924+0000] {processor.py:830} INFO - Processing file /opt/airflow/dags/minio_to_snowflake.py for tasks to queue
[2026-02-17T06:41:22.974+0000] {logging_mixin.py:188} INFO - [2026-02-17T06:41:22.947+0000] {dagbag.py:545} INFO - Filling up the DagBag from /opt/airflow/dags/minio_to_snowflake.py
[2026-02-17T06:41:50.523+0000] {processor.py:840} INFO - DAG(s) 'minio_to_snowflake' retrieved from /opt/airflow/dags/minio_to_snowflake.py
[2026-02-17T06:41:50.788+0000] {logging_mixin.py:188} INFO - [2026-02-17T06:41:50.776+0000] {taskinstance.py:2907} ERROR - {'DAG Id': 'minio_to_snowflake', 'Task Id': 'download_minio', 'Run Id': 'scheduled__2026-02-17T06:35:00+00:00', 'Hostname': '353dfeb821e2'}
[2026-02-17T06:41:51.053+0000] {logging_mixin.py:188} INFO - [2026-02-17T06:41:51.052+0000] {taskinstance.py:1206} INFO - Marking task as UP_FOR_RETRY. dag_id=minio_to_snowflake, task_id=download_minio, run_id=scheduled__2026-02-17T06:35:00+00:00, execution_date=20260217T063500, start_date=20260217T064030, end_date=20260217T064150
[2026-02-17T06:41:51.136+0000] {processor.py:791} INFO - Executed failure callback for <TaskInstance: minio_to_snowflake.download_minio scheduled__2026-02-17T06:35:00+00:00 [up_for_retry]> in state up_for_retry
[2026-02-17T06:41:52.692+0000] {logging_mixin.py:188} INFO - [2026-02-17T06:41:52.690+0000] {dag.py:3089} INFO - Sync 1 DAGs
[2026-02-17T06:41:52.837+0000] {logging_mixin.py:188} INFO - [2026-02-17T06:41:52.836+0000] {dag.py:3947} INFO - Setting next_dagrun for minio_to_snowflake to 2026-02-17 06:40:00+00:00, run_after=2026-02-17 06:45:00+00:00
[2026-02-17T06:41:52.966+0000] {processor.py:183} INFO - Processing /opt/airflow/dags/minio_to_snowflake.py took 31.158 seconds
[2026-02-17T06:42:23.702+0000] {processor.py:161} INFO - Started process (PID=81750) to work on /opt/airflow/dags/minio_to_snowflake.py
[2026-02-17T06:42:23.706+0000] {processor.py:830} INFO - Processing file /opt/airflow/dags/minio_to_snowflake.py for tasks to queue
[2026-02-17T06:42:23.726+0000] {logging_mixin.py:188} INFO - [2026-02-17T06:42:23.709+0000] {dagbag.py:545} INFO - Filling up the DagBag from /opt/airflow/dags/minio_to_snowflake.py
[2026-02-17T06:42:54.049+0000] {logging_mixin.py:188} INFO - [2026-02-17T06:42:53.985+0000] {timeout.py:68} ERROR - Process timed out, PID: 81750
[2026-02-17T06:43:25.870+0000] {processor.py:161} INFO - Started process (PID=83626) to work on /opt/airflow/dags/minio_to_snowflake.py
[2026-02-17T06:43:25.898+0000] {processor.py:830} INFO - Processing file /opt/airflow/dags/minio_to_snowflake.py for tasks to queue
[2026-02-17T06:43:25.952+0000] {logging_mixin.py:188} INFO - [2026-02-17T06:43:25.947+0000] {dagbag.py:545} INFO - Filling up the DagBag from /opt/airflow/dags/minio_to_snowflake.py
[2026-02-17T06:43:56.167+0000] {logging_mixin.py:188} INFO - [2026-02-17T06:43:56.136+0000] {timeout.py:68} ERROR - Process timed out, PID: 83626
[2026-02-17T06:44:28.395+0000] {processor.py:161} INFO - Started process (PID=85316) to work on /opt/airflow/dags/minio_to_snowflake.py
[2026-02-17T06:44:28.450+0000] {processor.py:830} INFO - Processing file /opt/airflow/dags/minio_to_snowflake.py for tasks to queue
[2026-02-17T06:44:28.504+0000] {logging_mixin.py:188} INFO - [2026-02-17T06:44:28.462+0000] {dagbag.py:545} INFO - Filling up the DagBag from /opt/airflow/dags/minio_to_snowflake.py
[2026-02-17T06:45:01.159+0000] {logging_mixin.py:188} INFO - [2026-02-17T06:45:01.157+0000] {timeout.py:68} ERROR - Process timed out, PID: 85316
[2026-02-17T06:45:01.199+0000] {logging_mixin.py:188} WARNING - Exception ignored in: <function WeakKeyDictionary.__init__.<locals>.remove at 0x73c8a317e7a0>
[2026-02-17T06:45:01.274+0000] {logging_mixin.py:188} WARNING - Traceback (most recent call last):
[2026-02-17T06:45:01.322+0000] {logging_mixin.py:188} WARNING -   File "/usr/local/lib/python3.12/weakref.py", line 369, in remove
[2026-02-17T06:45:01.347+0000] {logging_mixin.py:188} WARNING -     def remove(k, selfref=ref(self)):
[2026-02-17T06:45:01.371+0000] {logging_mixin.py:188} WARNING -   File "/home/airflow/.local/lib/python3.12/site-packages/airflow/utils/timeout.py", line 69, in handle_timeout
[2026-02-17T06:45:01.385+0000] {logging_mixin.py:188} WARNING -     raise AirflowTaskTimeout(self.error_message)
[2026-02-17T06:45:01.410+0000] {logging_mixin.py:188} WARNING - airflow.exceptions.AirflowTaskTimeout: DagBag import timeout for /opt/airflow/dags/minio_to_snowflake.py after 30.0s.
Please take a look at these docs to improve your DAG import time:
* https://airflow.apache.org/docs/apache-airflow/2.9.3/best-practices.html#top-level-python-code
* https://airflow.apache.org/docs/apache-airflow/2.9.3/best-practices.html#reducing-dag-complexity, PID: 85316
[2026-02-17T06:45:08.347+0000] {processor.py:840} INFO - DAG(s) 'minio_to_snowflake' retrieved from /opt/airflow/dags/minio_to_snowflake.py
[2026-02-17T06:45:09.351+0000] {logging_mixin.py:188} INFO - [2026-02-17T06:45:09.349+0000] {dag.py:3089} INFO - Sync 1 DAGs
[2026-02-17T06:45:09.556+0000] {logging_mixin.py:188} INFO - [2026-02-17T06:45:09.555+0000] {dag.py:3947} INFO - Setting next_dagrun for minio_to_snowflake to 2026-02-17 06:40:00+00:00, run_after=2026-02-17 06:45:00+00:00
[2026-02-17T06:45:09.667+0000] {processor.py:183} INFO - Processing /opt/airflow/dags/minio_to_snowflake.py took 41.835 seconds
[2026-02-17T06:45:41.149+0000] {processor.py:161} INFO - Started process (PID=86933) to work on /opt/airflow/dags/minio_to_snowflake.py
[2026-02-17T06:45:41.166+0000] {processor.py:830} INFO - Processing file /opt/airflow/dags/minio_to_snowflake.py for tasks to queue
[2026-02-17T06:45:41.198+0000] {logging_mixin.py:188} INFO - [2026-02-17T06:45:41.196+0000] {dagbag.py:545} INFO - Filling up the DagBag from /opt/airflow/dags/minio_to_snowflake.py
[2026-02-17T06:46:03.671+0000] {processor.py:840} INFO - DAG(s) 'minio_to_snowflake' retrieved from /opt/airflow/dags/minio_to_snowflake.py
[2026-02-17T06:46:03.947+0000] {logging_mixin.py:188} INFO - [2026-02-17T06:46:03.944+0000] {dag.py:3089} INFO - Sync 1 DAGs
[2026-02-17T06:46:04.180+0000] {logging_mixin.py:188} INFO - [2026-02-17T06:46:04.176+0000] {dag.py:3947} INFO - Setting next_dagrun for minio_to_snowflake to 2026-02-17 06:45:00+00:00, run_after=2026-02-17 06:50:00+00:00
[2026-02-17T06:46:04.281+0000] {processor.py:183} INFO - Processing /opt/airflow/dags/minio_to_snowflake.py took 23.439 seconds
[2026-02-17T06:46:34.814+0000] {processor.py:161} INFO - Started process (PID=89203) to work on /opt/airflow/dags/minio_to_snowflake.py
[2026-02-17T06:46:34.847+0000] {processor.py:830} INFO - Processing file /opt/airflow/dags/minio_to_snowflake.py for tasks to queue
[2026-02-17T06:46:34.856+0000] {logging_mixin.py:188} INFO - [2026-02-17T06:46:34.853+0000] {dagbag.py:545} INFO - Filling up the DagBag from /opt/airflow/dags/minio_to_snowflake.py
[2026-02-17T06:47:01.210+0000] {processor.py:840} INFO - DAG(s) 'minio_to_snowflake' retrieved from /opt/airflow/dags/minio_to_snowflake.py
[2026-02-17T06:47:01.352+0000] {logging_mixin.py:188} INFO - [2026-02-17T06:47:01.350+0000] {dag.py:3089} INFO - Sync 1 DAGs
[2026-02-17T06:47:01.451+0000] {logging_mixin.py:188} INFO - [2026-02-17T06:47:01.450+0000] {dag.py:3947} INFO - Setting next_dagrun for minio_to_snowflake to 2026-02-17 06:45:00+00:00, run_after=2026-02-17 06:50:00+00:00
[2026-02-17T06:47:01.545+0000] {processor.py:183} INFO - Processing /opt/airflow/dags/minio_to_snowflake.py took 26.823 seconds
[2026-02-17T06:47:33.145+0000] {processor.py:161} INFO - Started process (PID=91867) to work on /opt/airflow/dags/minio_to_snowflake.py
[2026-02-17T06:47:33.157+0000] {processor.py:830} INFO - Processing file /opt/airflow/dags/minio_to_snowflake.py for tasks to queue
[2026-02-17T06:47:33.163+0000] {logging_mixin.py:188} INFO - [2026-02-17T06:47:33.162+0000] {dagbag.py:545} INFO - Filling up the DagBag from /opt/airflow/dags/minio_to_snowflake.py
[2026-02-17T06:47:53.252+0000] {processor.py:840} INFO - DAG(s) 'minio_to_snowflake' retrieved from /opt/airflow/dags/minio_to_snowflake.py
[2026-02-17T06:47:56.410+0000] {logging_mixin.py:188} INFO - [2026-02-17T06:47:56.406+0000] {dag.py:3089} INFO - Sync 1 DAGs
[2026-02-17T06:47:56.718+0000] {logging_mixin.py:188} INFO - [2026-02-17T06:47:56.716+0000] {dag.py:3947} INFO - Setting next_dagrun for minio_to_snowflake to 2026-02-17 06:45:00+00:00, run_after=2026-02-17 06:50:00+00:00
[2026-02-17T06:47:56.913+0000] {processor.py:183} INFO - Processing /opt/airflow/dags/minio_to_snowflake.py took 24.005 seconds
[2026-02-17T06:48:28.679+0000] {processor.py:161} INFO - Started process (PID=95531) to work on /opt/airflow/dags/minio_to_snowflake.py
[2026-02-17T06:48:28.698+0000] {processor.py:830} INFO - Processing file /opt/airflow/dags/minio_to_snowflake.py for tasks to queue
[2026-02-17T06:48:28.748+0000] {logging_mixin.py:188} INFO - [2026-02-17T06:48:28.729+0000] {dagbag.py:545} INFO - Filling up the DagBag from /opt/airflow/dags/minio_to_snowflake.py
[2026-02-17T06:49:00.735+0000] {logging_mixin.py:188} INFO - [2026-02-17T06:48:59.577+0000] {timeout.py:68} ERROR - Process timed out, PID: 95531
[2026-02-17T06:49:54.461+0000] {processor.py:161} INFO - Started process (PID=99194) to work on /opt/airflow/dags/minio_to_snowflake.py
[2026-02-17T06:49:54.471+0000] {processor.py:830} INFO - Processing file /opt/airflow/dags/minio_to_snowflake.py for tasks to queue
[2026-02-17T06:49:54.482+0000] {logging_mixin.py:188} INFO - [2026-02-17T06:49:54.477+0000] {dagbag.py:545} INFO - Filling up the DagBag from /opt/airflow/dags/minio_to_snowflake.py
[2026-02-17T06:50:25.319+0000] {logging_mixin.py:188} INFO - [2026-02-17T06:50:24.638+0000] {timeout.py:68} ERROR - Process timed out, PID: 99194
[2026-02-17T06:51:01.555+0000] {processor.py:161} INFO - Started process (PID=2754) to work on /opt/airflow/dags/minio_to_snowflake.py
[2026-02-17T06:51:01.684+0000] {processor.py:830} INFO - Processing file /opt/airflow/dags/minio_to_snowflake.py for tasks to queue
[2026-02-17T06:51:01.817+0000] {logging_mixin.py:188} INFO - [2026-02-17T06:51:01.791+0000] {dagbag.py:545} INFO - Filling up the DagBag from /opt/airflow/dags/minio_to_snowflake.py
[2026-02-17T06:51:31.893+0000] {logging_mixin.py:188} INFO - [2026-02-17T06:51:31.887+0000] {timeout.py:68} ERROR - Process timed out, PID: 2754
[2026-02-17T06:52:04.268+0000] {processor.py:161} INFO - Started process (PID=5786) to work on /opt/airflow/dags/minio_to_snowflake.py
[2026-02-17T06:52:04.276+0000] {processor.py:830} INFO - Processing file /opt/airflow/dags/minio_to_snowflake.py for tasks to queue
[2026-02-17T06:52:04.282+0000] {logging_mixin.py:188} INFO - [2026-02-17T06:52:04.280+0000] {dagbag.py:545} INFO - Filling up the DagBag from /opt/airflow/dags/minio_to_snowflake.py
[2026-02-17T06:52:09.375+0000] {processor.py:840} INFO - DAG(s) 'minio_to_snowflake' retrieved from /opt/airflow/dags/minio_to_snowflake.py
[2026-02-17T06:52:10.541+0000] {logging_mixin.py:188} INFO - [2026-02-17T06:52:10.539+0000] {dag.py:3089} INFO - Sync 1 DAGs
[2026-02-17T06:52:10.681+0000] {logging_mixin.py:188} INFO - [2026-02-17T06:52:10.680+0000] {dag.py:3947} INFO - Setting next_dagrun for minio_to_snowflake to 2026-02-17 06:45:00+00:00, run_after=2026-02-17 06:50:00+00:00
[2026-02-17T06:52:10.816+0000] {processor.py:183} INFO - Processing /opt/airflow/dags/minio_to_snowflake.py took 6.735 seconds
[2026-02-17T06:52:42.960+0000] {processor.py:161} INFO - Started process (PID=7353) to work on /opt/airflow/dags/minio_to_snowflake.py
[2026-02-17T06:52:42.976+0000] {processor.py:830} INFO - Processing file /opt/airflow/dags/minio_to_snowflake.py for tasks to queue
[2026-02-17T06:52:42.996+0000] {logging_mixin.py:188} INFO - [2026-02-17T06:52:42.989+0000] {dagbag.py:545} INFO - Filling up the DagBag from /opt/airflow/dags/minio_to_snowflake.py
[2026-02-17T06:52:57.567+0000] {processor.py:840} INFO - DAG(s) 'minio_to_snowflake' retrieved from /opt/airflow/dags/minio_to_snowflake.py
[2026-02-17T06:52:58.103+0000] {logging_mixin.py:188} INFO - [2026-02-17T06:52:58.101+0000] {dag.py:3089} INFO - Sync 1 DAGs
[2026-02-17T06:52:58.781+0000] {logging_mixin.py:188} INFO - [2026-02-17T06:52:58.780+0000] {dag.py:3947} INFO - Setting next_dagrun for minio_to_snowflake to 2026-02-17 06:50:00+00:00, run_after=2026-02-17 06:55:00+00:00
[2026-02-17T06:52:59.081+0000] {processor.py:183} INFO - Processing /opt/airflow/dags/minio_to_snowflake.py took 16.896 seconds
[2026-02-17T06:53:29.614+0000] {processor.py:161} INFO - Started process (PID=10127) to work on /opt/airflow/dags/minio_to_snowflake.py
[2026-02-17T06:53:29.618+0000] {processor.py:830} INFO - Processing file /opt/airflow/dags/minio_to_snowflake.py for tasks to queue
[2026-02-17T06:53:29.622+0000] {logging_mixin.py:188} INFO - [2026-02-17T06:53:29.620+0000] {dagbag.py:545} INFO - Filling up the DagBag from /opt/airflow/dags/minio_to_snowflake.py
[2026-02-17T06:53:41.289+0000] {processor.py:840} INFO - DAG(s) 'minio_to_snowflake' retrieved from /opt/airflow/dags/minio_to_snowflake.py
[2026-02-17T06:53:43.162+0000] {logging_mixin.py:188} INFO - [2026-02-17T06:53:43.160+0000] {dag.py:3089} INFO - Sync 1 DAGs
[2026-02-17T06:53:43.573+0000] {logging_mixin.py:188} INFO - [2026-02-17T06:53:43.528+0000] {dag.py:3947} INFO - Setting next_dagrun for minio_to_snowflake to 2026-02-17 06:50:00+00:00, run_after=2026-02-17 06:55:00+00:00
[2026-02-17T06:53:43.881+0000] {processor.py:183} INFO - Processing /opt/airflow/dags/minio_to_snowflake.py took 14.295 seconds
[2026-02-17T06:54:15.894+0000] {processor.py:161} INFO - Started process (PID=12628) to work on /opt/airflow/dags/minio_to_snowflake.py
[2026-02-17T06:54:16.052+0000] {processor.py:830} INFO - Processing file /opt/airflow/dags/minio_to_snowflake.py for tasks to queue
[2026-02-17T06:54:16.085+0000] {logging_mixin.py:188} INFO - [2026-02-17T06:54:16.082+0000] {dagbag.py:545} INFO - Filling up the DagBag from /opt/airflow/dags/minio_to_snowflake.py
[2026-02-17T06:54:43.954+0000] {processor.py:840} INFO - DAG(s) 'minio_to_snowflake' retrieved from /opt/airflow/dags/minio_to_snowflake.py
[2026-02-17T06:54:44.520+0000] {logging_mixin.py:188} INFO - [2026-02-17T06:54:44.517+0000] {dag.py:3089} INFO - Sync 1 DAGs
[2026-02-17T06:54:44.635+0000] {logging_mixin.py:188} INFO - [2026-02-17T06:54:44.634+0000] {dag.py:3947} INFO - Setting next_dagrun for minio_to_snowflake to 2026-02-17 06:50:00+00:00, run_after=2026-02-17 06:55:00+00:00
[2026-02-17T06:54:44.713+0000] {processor.py:183} INFO - Processing /opt/airflow/dags/minio_to_snowflake.py took 29.350 seconds
[2026-02-17T06:55:15.045+0000] {processor.py:161} INFO - Started process (PID=16422) to work on /opt/airflow/dags/minio_to_snowflake.py
[2026-02-17T06:55:15.051+0000] {processor.py:830} INFO - Processing file /opt/airflow/dags/minio_to_snowflake.py for tasks to queue
[2026-02-17T06:55:15.057+0000] {logging_mixin.py:188} INFO - [2026-02-17T06:55:15.055+0000] {dagbag.py:545} INFO - Filling up the DagBag from /opt/airflow/dags/minio_to_snowflake.py
[2026-02-17T06:55:31.910+0000] {processor.py:840} INFO - DAG(s) 'minio_to_snowflake' retrieved from /opt/airflow/dags/minio_to_snowflake.py
[2026-02-17T06:56:03.283+0000] {processor.py:186} ERROR - Got an exception! Propagating...
Traceback (most recent call last):
  File "/home/airflow/.local/lib/python3.12/site-packages/sqlalchemy/engine/base.py", line 3371, in _wrap_pool_connect
    return fn()
           ^^^^
  File "/home/airflow/.local/lib/python3.12/site-packages/sqlalchemy/pool/base.py", line 327, in connect
    return _ConnectionFairy._checkout(self)
           ^^^^^^^^^^^^^^^^^^^^^^^^^^^^^^^^
  File "/home/airflow/.local/lib/python3.12/site-packages/sqlalchemy/pool/base.py", line 894, in _checkout
    fairy = _ConnectionRecord.checkout(pool)
            ^^^^^^^^^^^^^^^^^^^^^^^^^^^^^^^^
  File "/home/airflow/.local/lib/python3.12/site-packages/sqlalchemy/pool/base.py", line 493, in checkout
    rec = pool._do_get()
          ^^^^^^^^^^^^^^
  File "/home/airflow/.local/lib/python3.12/site-packages/sqlalchemy/pool/impl.py", line 145, in _do_get
    with util.safe_reraise():
  File "/home/airflow/.local/lib/python3.12/site-packages/sqlalchemy/util/langhelpers.py", line 70, in __exit__
    compat.raise_(
  File "/home/airflow/.local/lib/python3.12/site-packages/sqlalchemy/util/compat.py", line 211, in raise_
    raise exception
  File "/home/airflow/.local/lib/python3.12/site-packages/sqlalchemy/pool/impl.py", line 143, in _do_get
    return self._create_connection()
           ^^^^^^^^^^^^^^^^^^^^^^^^^
  File "/home/airflow/.local/lib/python3.12/site-packages/sqlalchemy/pool/base.py", line 273, in _create_connection
    return _ConnectionRecord(self)
           ^^^^^^^^^^^^^^^^^^^^^^^
  File "/home/airflow/.local/lib/python3.12/site-packages/sqlalchemy/pool/base.py", line 388, in __init__
    self.__connect()
  File "/home/airflow/.local/lib/python3.12/site-packages/sqlalchemy/pool/base.py", line 690, in __connect
    with util.safe_reraise():
  File "/home/airflow/.local/lib/python3.12/site-packages/sqlalchemy/util/langhelpers.py", line 70, in __exit__
    compat.raise_(
  File "/home/airflow/.local/lib/python3.12/site-packages/sqlalchemy/util/compat.py", line 211, in raise_
    raise exception
  File "/home/airflow/.local/lib/python3.12/site-packages/sqlalchemy/pool/base.py", line 686, in __connect
    self.dbapi_connection = connection = pool._invoke_creator(self)
                                         ^^^^^^^^^^^^^^^^^^^^^^^^^^
  File "/home/airflow/.local/lib/python3.12/site-packages/sqlalchemy/engine/create.py", line 574, in connect
    return dialect.connect(*cargs, **cparams)
           ^^^^^^^^^^^^^^^^^^^^^^^^^^^^^^^^^^
  File "/home/airflow/.local/lib/python3.12/site-packages/sqlalchemy/engine/default.py", line 598, in connect
    return self.dbapi.connect(*cargs, **cparams)
           ^^^^^^^^^^^^^^^^^^^^^^^^^^^^^^^^^^^^^
  File "/home/airflow/.local/lib/python3.12/site-packages/psycopg2/__init__.py", line 122, in connect
    conn = _connect(dsn, connection_factory=connection_factory, **kwasync)
           ^^^^^^^^^^^^^^^^^^^^^^^^^^^^^^^^^^^^^^^^^^^^^^^^^^^^^^^^^^^^^^^
psycopg2.OperationalError: could not translate host name "postgres" to address: Temporary failure in name resolution


The above exception was the direct cause of the following exception:

Traceback (most recent call last):
  File "/home/airflow/.local/lib/python3.12/site-packages/airflow/dag_processing/processor.py", line 182, in _run_file_processor
    _handle_dag_file_processing()
  File "/home/airflow/.local/lib/python3.12/site-packages/airflow/dag_processing/processor.py", line 163, in _handle_dag_file_processing
    result: tuple[int, int] = dag_file_processor.process_file(
                              ^^^^^^^^^^^^^^^^^^^^^^^^^^^^^^^^
  File "/home/airflow/.local/lib/python3.12/site-packages/airflow/utils/session.py", line 79, in wrapper
    return func(*args, session=session, **kwargs)
           ^^^^^^^^^^^^^^^^^^^^^^^^^^^^^^^^^^^^^^
  File "/home/airflow/.local/lib/python3.12/site-packages/airflow/dag_processing/processor.py", line 859, in process_file
    serialize_errors = DagFileProcessor.save_dag_to_db(
                       ^^^^^^^^^^^^^^^^^^^^^^^^^^^^^^^^
  File "/home/airflow/.local/lib/python3.12/site-packages/airflow/api_internal/internal_api_call.py", line 115, in wrapper
    return func(*args, **kwargs)
           ^^^^^^^^^^^^^^^^^^^^^
  File "/home/airflow/.local/lib/python3.12/site-packages/airflow/utils/session.py", line 79, in wrapper
    return func(*args, session=session, **kwargs)
           ^^^^^^^^^^^^^^^^^^^^^^^^^^^^^^^^^^^^^^
  File "/home/airflow/.local/lib/python3.12/site-packages/airflow/dag_processing/processor.py", line 895, in save_dag_to_db
    import_errors = DagBag._sync_to_db(dags=dags, processor_subdir=dag_directory, session=session)
                    ^^^^^^^^^^^^^^^^^^^^^^^^^^^^^^^^^^^^^^^^^^^^^^^^^^^^^^^^^^^^^^^^^^^^^^^^^^^^^^
  File "/home/airflow/.local/lib/python3.12/site-packages/airflow/utils/session.py", line 76, in wrapper
    return func(*args, **kwargs)
           ^^^^^^^^^^^^^^^^^^^^^
  File "/home/airflow/.local/lib/python3.12/site-packages/airflow/models/dagbag.py", line 664, in _sync_to_db
    for attempt in run_with_db_retries(logger=log):
  File "/home/airflow/.local/lib/python3.12/site-packages/tenacity/__init__.py", line 443, in __iter__
    do = self.iter(retry_state=retry_state)
         ^^^^^^^^^^^^^^^^^^^^^^^^^^^^^^^^^^
  File "/home/airflow/.local/lib/python3.12/site-packages/tenacity/__init__.py", line 376, in iter
    result = action(retry_state)
             ^^^^^^^^^^^^^^^^^^^
  File "/home/airflow/.local/lib/python3.12/site-packages/tenacity/__init__.py", line 418, in exc_check
    raise retry_exc.reraise()
          ^^^^^^^^^^^^^^^^^^^
  File "/home/airflow/.local/lib/python3.12/site-packages/tenacity/__init__.py", line 185, in reraise
    raise self.last_attempt.result()
          ^^^^^^^^^^^^^^^^^^^^^^^^^^
  File "/usr/local/lib/python3.12/concurrent/futures/_base.py", line 449, in result
    return self.__get_result()
           ^^^^^^^^^^^^^^^^^^^
  File "/usr/local/lib/python3.12/concurrent/futures/_base.py", line 401, in __get_result
    raise self._exception
  File "/home/airflow/.local/lib/python3.12/site-packages/airflow/models/dagbag.py", line 677, in _sync_to_db
    _serialize_dag_capturing_errors(dag, session, processor_subdir)
  File "/home/airflow/.local/lib/python3.12/site-packages/airflow/models/dagbag.py", line 642, in _serialize_dag_capturing_errors
    dag_was_updated = SerializedDagModel.write_dag(
                      ^^^^^^^^^^^^^^^^^^^^^^^^^^^^^
  File "/home/airflow/.local/lib/python3.12/site-packages/airflow/utils/session.py", line 76, in wrapper
    return func(*args, **kwargs)
           ^^^^^^^^^^^^^^^^^^^^^
  File "/home/airflow/.local/lib/python3.12/site-packages/airflow/models/serialized_dag.py", line 158, in write_dag
    if session.scalar(
       ^^^^^^^^^^^^^^^
  File "/home/airflow/.local/lib/python3.12/site-packages/sqlalchemy/orm/session.py", line 1747, in scalar
    return self.execute(
           ^^^^^^^^^^^^^
  File "/home/airflow/.local/lib/python3.12/site-packages/sqlalchemy/orm/session.py", line 1716, in execute
    conn = self._connection_for_bind(bind)
           ^^^^^^^^^^^^^^^^^^^^^^^^^^^^^^^
  File "/home/airflow/.local/lib/python3.12/site-packages/sqlalchemy/orm/session.py", line 1555, in _connection_for_bind
    return self._transaction._connection_for_bind(
           ^^^^^^^^^^^^^^^^^^^^^^^^^^^^^^^^^^^^^^^
  File "/home/airflow/.local/lib/python3.12/site-packages/sqlalchemy/orm/session.py", line 750, in _connection_for_bind
    conn = bind.connect()
           ^^^^^^^^^^^^^^
  File "/home/airflow/.local/lib/python3.12/site-packages/sqlalchemy/future/engine.py", line 412, in connect
    return super(Engine, self).connect()
           ^^^^^^^^^^^^^^^^^^^^^^^^^^^^^
  File "/home/airflow/.local/lib/python3.12/site-packages/sqlalchemy/engine/base.py", line 3325, in connect
    return self._connection_cls(self, close_with_result=close_with_result)
           ^^^^^^^^^^^^^^^^^^^^^^^^^^^^^^^^^^^^^^^^^^^^^^^^^^^^^^^^^^^^^^^
  File "/home/airflow/.local/lib/python3.12/site-packages/sqlalchemy/engine/base.py", line 96, in __init__
    else engine.raw_connection()
         ^^^^^^^^^^^^^^^^^^^^^^^
  File "/home/airflow/.local/lib/python3.12/site-packages/sqlalchemy/engine/base.py", line 3404, in raw_connection
    return self._wrap_pool_connect(self.pool.connect, _connection)
           ^^^^^^^^^^^^^^^^^^^^^^^^^^^^^^^^^^^^^^^^^^^^^^^^^^^^^^^
  File "/home/airflow/.local/lib/python3.12/site-packages/sqlalchemy/engine/base.py", line 3374, in _wrap_pool_connect
    Connection._handle_dbapi_exception_noconnection(
  File "/home/airflow/.local/lib/python3.12/site-packages/sqlalchemy/engine/base.py", line 2208, in _handle_dbapi_exception_noconnection
    util.raise_(
  File "/home/airflow/.local/lib/python3.12/site-packages/sqlalchemy/util/compat.py", line 211, in raise_
    raise exception
  File "/home/airflow/.local/lib/python3.12/site-packages/sqlalchemy/engine/base.py", line 3371, in _wrap_pool_connect
    return fn()
           ^^^^
  File "/home/airflow/.local/lib/python3.12/site-packages/sqlalchemy/pool/base.py", line 327, in connect
    return _ConnectionFairy._checkout(self)
           ^^^^^^^^^^^^^^^^^^^^^^^^^^^^^^^^
  File "/home/airflow/.local/lib/python3.12/site-packages/sqlalchemy/pool/base.py", line 894, in _checkout
    fairy = _ConnectionRecord.checkout(pool)
            ^^^^^^^^^^^^^^^^^^^^^^^^^^^^^^^^
  File "/home/airflow/.local/lib/python3.12/site-packages/sqlalchemy/pool/base.py", line 493, in checkout
    rec = pool._do_get()
          ^^^^^^^^^^^^^^
  File "/home/airflow/.local/lib/python3.12/site-packages/sqlalchemy/pool/impl.py", line 145, in _do_get
    with util.safe_reraise():
  File "/home/airflow/.local/lib/python3.12/site-packages/sqlalchemy/util/langhelpers.py", line 70, in __exit__
    compat.raise_(
  File "/home/airflow/.local/lib/python3.12/site-packages/sqlalchemy/util/compat.py", line 211, in raise_
    raise exception
  File "/home/airflow/.local/lib/python3.12/site-packages/sqlalchemy/pool/impl.py", line 143, in _do_get
    return self._create_connection()
           ^^^^^^^^^^^^^^^^^^^^^^^^^
  File "/home/airflow/.local/lib/python3.12/site-packages/sqlalchemy/pool/base.py", line 273, in _create_connection
    return _ConnectionRecord(self)
           ^^^^^^^^^^^^^^^^^^^^^^^
  File "/home/airflow/.local/lib/python3.12/site-packages/sqlalchemy/pool/base.py", line 388, in __init__
    self.__connect()
  File "/home/airflow/.local/lib/python3.12/site-packages/sqlalchemy/pool/base.py", line 690, in __connect
    with util.safe_reraise():
  File "/home/airflow/.local/lib/python3.12/site-packages/sqlalchemy/util/langhelpers.py", line 70, in __exit__
    compat.raise_(
  File "/home/airflow/.local/lib/python3.12/site-packages/sqlalchemy/util/compat.py", line 211, in raise_
    raise exception
  File "/home/airflow/.local/lib/python3.12/site-packages/sqlalchemy/pool/base.py", line 686, in __connect
    self.dbapi_connection = connection = pool._invoke_creator(self)
                                         ^^^^^^^^^^^^^^^^^^^^^^^^^^
  File "/home/airflow/.local/lib/python3.12/site-packages/sqlalchemy/engine/create.py", line 574, in connect
    return dialect.connect(*cargs, **cparams)
           ^^^^^^^^^^^^^^^^^^^^^^^^^^^^^^^^^^
  File "/home/airflow/.local/lib/python3.12/site-packages/sqlalchemy/engine/default.py", line 598, in connect
    return self.dbapi.connect(*cargs, **cparams)
           ^^^^^^^^^^^^^^^^^^^^^^^^^^^^^^^^^^^^^
  File "/home/airflow/.local/lib/python3.12/site-packages/psycopg2/__init__.py", line 122, in connect
    conn = _connect(dsn, connection_factory=connection_factory, **kwasync)
           ^^^^^^^^^^^^^^^^^^^^^^^^^^^^^^^^^^^^^^^^^^^^^^^^^^^^^^^^^^^^^^^
sqlalchemy.exc.OperationalError: (psycopg2.OperationalError) could not translate host name "postgres" to address: Temporary failure in name resolution

(Background on this error at: https://sqlalche.me/e/14/e3q8)
[2026-02-17T06:56:35.685+0000] {processor.py:161} INFO - Started process (PID=19428) to work on /opt/airflow/dags/minio_to_snowflake.py
[2026-02-17T06:56:35.699+0000] {processor.py:830} INFO - Processing file /opt/airflow/dags/minio_to_snowflake.py for tasks to queue
[2026-02-17T06:56:35.757+0000] {logging_mixin.py:188} INFO - [2026-02-17T06:56:35.703+0000] {dagbag.py:545} INFO - Filling up the DagBag from /opt/airflow/dags/minio_to_snowflake.py
[2026-02-17T06:57:03.901+0000] {processor.py:840} INFO - DAG(s) 'minio_to_snowflake' retrieved from /opt/airflow/dags/minio_to_snowflake.py
[2026-02-17T06:57:06.833+0000] {logging_mixin.py:188} INFO - [2026-02-17T06:57:06.831+0000] {dag.py:3089} INFO - Sync 1 DAGs
[2026-02-17T06:57:07.147+0000] {logging_mixin.py:188} INFO - [2026-02-17T06:57:07.147+0000] {dag.py:3947} INFO - Setting next_dagrun for minio_to_snowflake to 2026-02-17 06:55:00+00:00, run_after=2026-02-17 07:00:00+00:00
[2026-02-17T06:57:07.249+0000] {processor.py:183} INFO - Processing /opt/airflow/dags/minio_to_snowflake.py took 31.873 seconds
[2026-02-17T06:57:38.729+0000] {processor.py:161} INFO - Started process (PID=21298) to work on /opt/airflow/dags/minio_to_snowflake.py
[2026-02-17T06:57:38.772+0000] {processor.py:830} INFO - Processing file /opt/airflow/dags/minio_to_snowflake.py for tasks to queue
[2026-02-17T06:57:38.818+0000] {logging_mixin.py:188} INFO - [2026-02-17T06:57:38.816+0000] {dagbag.py:545} INFO - Filling up the DagBag from /opt/airflow/dags/minio_to_snowflake.py
[2026-02-17T06:58:00.051+0000] {processor.py:840} INFO - DAG(s) 'minio_to_snowflake' retrieved from /opt/airflow/dags/minio_to_snowflake.py
[2026-02-17T06:58:00.669+0000] {logging_mixin.py:188} INFO - [2026-02-17T06:58:00.667+0000] {dag.py:3089} INFO - Sync 1 DAGs
[2026-02-17T06:58:00.900+0000] {logging_mixin.py:188} INFO - [2026-02-17T06:58:00.899+0000] {dag.py:3947} INFO - Setting next_dagrun for minio_to_snowflake to 2026-02-17 06:55:00+00:00, run_after=2026-02-17 07:00:00+00:00
[2026-02-17T06:58:01.076+0000] {processor.py:183} INFO - Processing /opt/airflow/dags/minio_to_snowflake.py took 22.491 seconds
[2026-02-17T06:58:35.470+0000] {processor.py:161} INFO - Started process (PID=22730) to work on /opt/airflow/dags/minio_to_snowflake.py
[2026-02-17T06:58:35.508+0000] {processor.py:830} INFO - Processing file /opt/airflow/dags/minio_to_snowflake.py for tasks to queue
[2026-02-17T06:58:35.566+0000] {logging_mixin.py:188} INFO - [2026-02-17T06:58:35.542+0000] {dagbag.py:545} INFO - Filling up the DagBag from /opt/airflow/dags/minio_to_snowflake.py
[2026-02-17T06:58:50.449+0000] {processor.py:840} INFO - DAG(s) 'minio_to_snowflake' retrieved from /opt/airflow/dags/minio_to_snowflake.py
[2026-02-17T06:58:50.644+0000] {logging_mixin.py:188} INFO - [2026-02-17T06:58:50.642+0000] {dag.py:3089} INFO - Sync 1 DAGs
[2026-02-17T06:58:50.869+0000] {logging_mixin.py:188} INFO - [2026-02-17T06:58:50.867+0000] {dag.py:3947} INFO - Setting next_dagrun for minio_to_snowflake to 2026-02-17 06:55:00+00:00, run_after=2026-02-17 07:00:00+00:00
[2026-02-17T06:58:50.969+0000] {processor.py:183} INFO - Processing /opt/airflow/dags/minio_to_snowflake.py took 16.183 seconds
[2026-02-17T06:59:22.021+0000] {processor.py:161} INFO - Started process (PID=25035) to work on /opt/airflow/dags/minio_to_snowflake.py
[2026-02-17T06:59:22.028+0000] {processor.py:830} INFO - Processing file /opt/airflow/dags/minio_to_snowflake.py for tasks to queue
[2026-02-17T06:59:22.037+0000] {logging_mixin.py:188} INFO - [2026-02-17T06:59:22.034+0000] {dagbag.py:545} INFO - Filling up the DagBag from /opt/airflow/dags/minio_to_snowflake.py
[2026-02-17T06:59:36.315+0000] {processor.py:840} INFO - DAG(s) 'minio_to_snowflake' retrieved from /opt/airflow/dags/minio_to_snowflake.py
[2026-02-17T06:59:36.588+0000] {logging_mixin.py:188} INFO - [2026-02-17T06:59:36.586+0000] {dag.py:3089} INFO - Sync 1 DAGs
[2026-02-17T06:59:36.765+0000] {logging_mixin.py:188} INFO - [2026-02-17T06:59:36.764+0000] {dag.py:3947} INFO - Setting next_dagrun for minio_to_snowflake to 2026-02-17 06:55:00+00:00, run_after=2026-02-17 07:00:00+00:00
[2026-02-17T06:59:36.909+0000] {processor.py:183} INFO - Processing /opt/airflow/dags/minio_to_snowflake.py took 14.945 seconds
[2026-02-17T07:00:08.584+0000] {processor.py:161} INFO - Started process (PID=27310) to work on /opt/airflow/dags/minio_to_snowflake.py
[2026-02-17T07:00:08.633+0000] {processor.py:830} INFO - Processing file /opt/airflow/dags/minio_to_snowflake.py for tasks to queue
[2026-02-17T07:00:08.682+0000] {logging_mixin.py:188} INFO - [2026-02-17T07:00:08.681+0000] {dagbag.py:545} INFO - Filling up the DagBag from /opt/airflow/dags/minio_to_snowflake.py
[2026-02-17T07:00:34.753+0000] {processor.py:840} INFO - DAG(s) 'minio_to_snowflake' retrieved from /opt/airflow/dags/minio_to_snowflake.py
[2026-02-17T07:00:36.643+0000] {logging_mixin.py:188} INFO - [2026-02-17T07:00:36.641+0000] {dag.py:3089} INFO - Sync 1 DAGs
[2026-02-17T07:00:36.741+0000] {logging_mixin.py:188} INFO - [2026-02-17T07:00:36.740+0000] {dag.py:3947} INFO - Setting next_dagrun for minio_to_snowflake to 2026-02-17 07:00:00+00:00, run_after=2026-02-17 07:05:00+00:00
[2026-02-17T07:00:36.881+0000] {processor.py:183} INFO - Processing /opt/airflow/dags/minio_to_snowflake.py took 28.612 seconds
[2026-02-17T07:01:08.524+0000] {processor.py:161} INFO - Started process (PID=30200) to work on /opt/airflow/dags/minio_to_snowflake.py
[2026-02-17T07:01:08.532+0000] {processor.py:830} INFO - Processing file /opt/airflow/dags/minio_to_snowflake.py for tasks to queue
[2026-02-17T07:01:08.566+0000] {logging_mixin.py:188} INFO - [2026-02-17T07:01:08.559+0000] {dagbag.py:545} INFO - Filling up the DagBag from /opt/airflow/dags/minio_to_snowflake.py
[2026-02-17T07:01:21.994+0000] {processor.py:840} INFO - DAG(s) 'minio_to_snowflake' retrieved from /opt/airflow/dags/minio_to_snowflake.py
[2026-02-17T07:01:22.394+0000] {logging_mixin.py:188} INFO - [2026-02-17T07:01:22.377+0000] {dag.py:3089} INFO - Sync 1 DAGs
[2026-02-17T07:01:22.613+0000] {logging_mixin.py:188} INFO - [2026-02-17T07:01:22.612+0000] {dag.py:3947} INFO - Setting next_dagrun for minio_to_snowflake to 2026-02-17 07:00:00+00:00, run_after=2026-02-17 07:05:00+00:00
[2026-02-17T07:01:22.772+0000] {processor.py:183} INFO - Processing /opt/airflow/dags/minio_to_snowflake.py took 14.667 seconds
[2026-02-17T07:01:53.596+0000] {processor.py:161} INFO - Started process (PID=32145) to work on /opt/airflow/dags/minio_to_snowflake.py
[2026-02-17T07:01:53.615+0000] {processor.py:830} INFO - Processing file /opt/airflow/dags/minio_to_snowflake.py for tasks to queue
[2026-02-17T07:01:53.622+0000] {logging_mixin.py:188} INFO - [2026-02-17T07:01:53.619+0000] {dagbag.py:545} INFO - Filling up the DagBag from /opt/airflow/dags/minio_to_snowflake.py
[2026-02-17T07:02:17.002+0000] {processor.py:840} INFO - DAG(s) 'minio_to_snowflake' retrieved from /opt/airflow/dags/minio_to_snowflake.py
[2026-02-17T07:03:14.169+0000] {processor.py:161} INFO - Started process (PID=33504) to work on /opt/airflow/dags/minio_to_snowflake.py
[2026-02-17T07:03:14.178+0000] {processor.py:830} INFO - Processing file /opt/airflow/dags/minio_to_snowflake.py for tasks to queue
[2026-02-17T07:03:14.198+0000] {logging_mixin.py:188} INFO - [2026-02-17T07:03:14.188+0000] {dagbag.py:545} INFO - Filling up the DagBag from /opt/airflow/dags/minio_to_snowflake.py
[2026-02-17T07:03:28.685+0000] {processor.py:840} INFO - DAG(s) 'minio_to_snowflake' retrieved from /opt/airflow/dags/minio_to_snowflake.py
[2026-02-17T07:04:00.514+0000] {processor.py:186} ERROR - Got an exception! Propagating...
Traceback (most recent call last):
  File "/home/airflow/.local/lib/python3.12/site-packages/sqlalchemy/engine/base.py", line 3371, in _wrap_pool_connect
    return fn()
           ^^^^
  File "/home/airflow/.local/lib/python3.12/site-packages/sqlalchemy/pool/base.py", line 327, in connect
    return _ConnectionFairy._checkout(self)
           ^^^^^^^^^^^^^^^^^^^^^^^^^^^^^^^^
  File "/home/airflow/.local/lib/python3.12/site-packages/sqlalchemy/pool/base.py", line 894, in _checkout
    fairy = _ConnectionRecord.checkout(pool)
            ^^^^^^^^^^^^^^^^^^^^^^^^^^^^^^^^
  File "/home/airflow/.local/lib/python3.12/site-packages/sqlalchemy/pool/base.py", line 493, in checkout
    rec = pool._do_get()
          ^^^^^^^^^^^^^^
  File "/home/airflow/.local/lib/python3.12/site-packages/sqlalchemy/pool/impl.py", line 145, in _do_get
    with util.safe_reraise():
  File "/home/airflow/.local/lib/python3.12/site-packages/sqlalchemy/util/langhelpers.py", line 70, in __exit__
    compat.raise_(
  File "/home/airflow/.local/lib/python3.12/site-packages/sqlalchemy/util/compat.py", line 211, in raise_
    raise exception
  File "/home/airflow/.local/lib/python3.12/site-packages/sqlalchemy/pool/impl.py", line 143, in _do_get
    return self._create_connection()
           ^^^^^^^^^^^^^^^^^^^^^^^^^
  File "/home/airflow/.local/lib/python3.12/site-packages/sqlalchemy/pool/base.py", line 273, in _create_connection
    return _ConnectionRecord(self)
           ^^^^^^^^^^^^^^^^^^^^^^^
  File "/home/airflow/.local/lib/python3.12/site-packages/sqlalchemy/pool/base.py", line 388, in __init__
    self.__connect()
  File "/home/airflow/.local/lib/python3.12/site-packages/sqlalchemy/pool/base.py", line 690, in __connect
    with util.safe_reraise():
  File "/home/airflow/.local/lib/python3.12/site-packages/sqlalchemy/util/langhelpers.py", line 70, in __exit__
    compat.raise_(
  File "/home/airflow/.local/lib/python3.12/site-packages/sqlalchemy/util/compat.py", line 211, in raise_
    raise exception
  File "/home/airflow/.local/lib/python3.12/site-packages/sqlalchemy/pool/base.py", line 686, in __connect
    self.dbapi_connection = connection = pool._invoke_creator(self)
                                         ^^^^^^^^^^^^^^^^^^^^^^^^^^
  File "/home/airflow/.local/lib/python3.12/site-packages/sqlalchemy/engine/create.py", line 574, in connect
    return dialect.connect(*cargs, **cparams)
           ^^^^^^^^^^^^^^^^^^^^^^^^^^^^^^^^^^
  File "/home/airflow/.local/lib/python3.12/site-packages/sqlalchemy/engine/default.py", line 598, in connect
    return self.dbapi.connect(*cargs, **cparams)
           ^^^^^^^^^^^^^^^^^^^^^^^^^^^^^^^^^^^^^
  File "/home/airflow/.local/lib/python3.12/site-packages/psycopg2/__init__.py", line 122, in connect
    conn = _connect(dsn, connection_factory=connection_factory, **kwasync)
           ^^^^^^^^^^^^^^^^^^^^^^^^^^^^^^^^^^^^^^^^^^^^^^^^^^^^^^^^^^^^^^^
psycopg2.OperationalError: could not translate host name "postgres" to address: Temporary failure in name resolution


The above exception was the direct cause of the following exception:

Traceback (most recent call last):
  File "/home/airflow/.local/lib/python3.12/site-packages/airflow/dag_processing/processor.py", line 182, in _run_file_processor
    _handle_dag_file_processing()
  File "/home/airflow/.local/lib/python3.12/site-packages/airflow/dag_processing/processor.py", line 163, in _handle_dag_file_processing
    result: tuple[int, int] = dag_file_processor.process_file(
                              ^^^^^^^^^^^^^^^^^^^^^^^^^^^^^^^^
  File "/home/airflow/.local/lib/python3.12/site-packages/airflow/utils/session.py", line 79, in wrapper
    return func(*args, session=session, **kwargs)
           ^^^^^^^^^^^^^^^^^^^^^^^^^^^^^^^^^^^^^^
  File "/home/airflow/.local/lib/python3.12/site-packages/airflow/dag_processing/processor.py", line 859, in process_file
    serialize_errors = DagFileProcessor.save_dag_to_db(
                       ^^^^^^^^^^^^^^^^^^^^^^^^^^^^^^^^
  File "/home/airflow/.local/lib/python3.12/site-packages/airflow/api_internal/internal_api_call.py", line 115, in wrapper
    return func(*args, **kwargs)
           ^^^^^^^^^^^^^^^^^^^^^
  File "/home/airflow/.local/lib/python3.12/site-packages/airflow/utils/session.py", line 79, in wrapper
    return func(*args, session=session, **kwargs)
           ^^^^^^^^^^^^^^^^^^^^^^^^^^^^^^^^^^^^^^
  File "/home/airflow/.local/lib/python3.12/site-packages/airflow/dag_processing/processor.py", line 895, in save_dag_to_db
    import_errors = DagBag._sync_to_db(dags=dags, processor_subdir=dag_directory, session=session)
                    ^^^^^^^^^^^^^^^^^^^^^^^^^^^^^^^^^^^^^^^^^^^^^^^^^^^^^^^^^^^^^^^^^^^^^^^^^^^^^^
  File "/home/airflow/.local/lib/python3.12/site-packages/airflow/utils/session.py", line 76, in wrapper
    return func(*args, **kwargs)
           ^^^^^^^^^^^^^^^^^^^^^
  File "/home/airflow/.local/lib/python3.12/site-packages/airflow/models/dagbag.py", line 664, in _sync_to_db
    for attempt in run_with_db_retries(logger=log):
  File "/home/airflow/.local/lib/python3.12/site-packages/tenacity/__init__.py", line 443, in __iter__
    do = self.iter(retry_state=retry_state)
         ^^^^^^^^^^^^^^^^^^^^^^^^^^^^^^^^^^
  File "/home/airflow/.local/lib/python3.12/site-packages/tenacity/__init__.py", line 376, in iter
    result = action(retry_state)
             ^^^^^^^^^^^^^^^^^^^
  File "/home/airflow/.local/lib/python3.12/site-packages/tenacity/__init__.py", line 418, in exc_check
    raise retry_exc.reraise()
          ^^^^^^^^^^^^^^^^^^^
  File "/home/airflow/.local/lib/python3.12/site-packages/tenacity/__init__.py", line 185, in reraise
    raise self.last_attempt.result()
          ^^^^^^^^^^^^^^^^^^^^^^^^^^
  File "/usr/local/lib/python3.12/concurrent/futures/_base.py", line 449, in result
    return self.__get_result()
           ^^^^^^^^^^^^^^^^^^^
  File "/usr/local/lib/python3.12/concurrent/futures/_base.py", line 401, in __get_result
    raise self._exception
  File "/home/airflow/.local/lib/python3.12/site-packages/airflow/models/dagbag.py", line 677, in _sync_to_db
    _serialize_dag_capturing_errors(dag, session, processor_subdir)
  File "/home/airflow/.local/lib/python3.12/site-packages/airflow/models/dagbag.py", line 642, in _serialize_dag_capturing_errors
    dag_was_updated = SerializedDagModel.write_dag(
                      ^^^^^^^^^^^^^^^^^^^^^^^^^^^^^
  File "/home/airflow/.local/lib/python3.12/site-packages/airflow/utils/session.py", line 76, in wrapper
    return func(*args, **kwargs)
           ^^^^^^^^^^^^^^^^^^^^^
  File "/home/airflow/.local/lib/python3.12/site-packages/airflow/models/serialized_dag.py", line 158, in write_dag
    if session.scalar(
       ^^^^^^^^^^^^^^^
  File "/home/airflow/.local/lib/python3.12/site-packages/sqlalchemy/orm/session.py", line 1747, in scalar
    return self.execute(
           ^^^^^^^^^^^^^
  File "/home/airflow/.local/lib/python3.12/site-packages/sqlalchemy/orm/session.py", line 1716, in execute
    conn = self._connection_for_bind(bind)
           ^^^^^^^^^^^^^^^^^^^^^^^^^^^^^^^
  File "/home/airflow/.local/lib/python3.12/site-packages/sqlalchemy/orm/session.py", line 1555, in _connection_for_bind
    return self._transaction._connection_for_bind(
           ^^^^^^^^^^^^^^^^^^^^^^^^^^^^^^^^^^^^^^^
  File "/home/airflow/.local/lib/python3.12/site-packages/sqlalchemy/orm/session.py", line 750, in _connection_for_bind
    conn = bind.connect()
           ^^^^^^^^^^^^^^
  File "/home/airflow/.local/lib/python3.12/site-packages/sqlalchemy/future/engine.py", line 412, in connect
    return super(Engine, self).connect()
           ^^^^^^^^^^^^^^^^^^^^^^^^^^^^^
  File "/home/airflow/.local/lib/python3.12/site-packages/sqlalchemy/engine/base.py", line 3325, in connect
    return self._connection_cls(self, close_with_result=close_with_result)
           ^^^^^^^^^^^^^^^^^^^^^^^^^^^^^^^^^^^^^^^^^^^^^^^^^^^^^^^^^^^^^^^
  File "/home/airflow/.local/lib/python3.12/site-packages/sqlalchemy/engine/base.py", line 96, in __init__
    else engine.raw_connection()
         ^^^^^^^^^^^^^^^^^^^^^^^
  File "/home/airflow/.local/lib/python3.12/site-packages/sqlalchemy/engine/base.py", line 3404, in raw_connection
    return self._wrap_pool_connect(self.pool.connect, _connection)
           ^^^^^^^^^^^^^^^^^^^^^^^^^^^^^^^^^^^^^^^^^^^^^^^^^^^^^^^
  File "/home/airflow/.local/lib/python3.12/site-packages/sqlalchemy/engine/base.py", line 3374, in _wrap_pool_connect
    Connection._handle_dbapi_exception_noconnection(
  File "/home/airflow/.local/lib/python3.12/site-packages/sqlalchemy/engine/base.py", line 2208, in _handle_dbapi_exception_noconnection
    util.raise_(
  File "/home/airflow/.local/lib/python3.12/site-packages/sqlalchemy/util/compat.py", line 211, in raise_
    raise exception
  File "/home/airflow/.local/lib/python3.12/site-packages/sqlalchemy/engine/base.py", line 3371, in _wrap_pool_connect
    return fn()
           ^^^^
  File "/home/airflow/.local/lib/python3.12/site-packages/sqlalchemy/pool/base.py", line 327, in connect
    return _ConnectionFairy._checkout(self)
           ^^^^^^^^^^^^^^^^^^^^^^^^^^^^^^^^
  File "/home/airflow/.local/lib/python3.12/site-packages/sqlalchemy/pool/base.py", line 894, in _checkout
    fairy = _ConnectionRecord.checkout(pool)
            ^^^^^^^^^^^^^^^^^^^^^^^^^^^^^^^^
  File "/home/airflow/.local/lib/python3.12/site-packages/sqlalchemy/pool/base.py", line 493, in checkout
    rec = pool._do_get()
          ^^^^^^^^^^^^^^
  File "/home/airflow/.local/lib/python3.12/site-packages/sqlalchemy/pool/impl.py", line 145, in _do_get
    with util.safe_reraise():
  File "/home/airflow/.local/lib/python3.12/site-packages/sqlalchemy/util/langhelpers.py", line 70, in __exit__
    compat.raise_(
  File "/home/airflow/.local/lib/python3.12/site-packages/sqlalchemy/util/compat.py", line 211, in raise_
    raise exception
  File "/home/airflow/.local/lib/python3.12/site-packages/sqlalchemy/pool/impl.py", line 143, in _do_get
    return self._create_connection()
           ^^^^^^^^^^^^^^^^^^^^^^^^^
  File "/home/airflow/.local/lib/python3.12/site-packages/sqlalchemy/pool/base.py", line 273, in _create_connection
    return _ConnectionRecord(self)
           ^^^^^^^^^^^^^^^^^^^^^^^
  File "/home/airflow/.local/lib/python3.12/site-packages/sqlalchemy/pool/base.py", line 388, in __init__
    self.__connect()
  File "/home/airflow/.local/lib/python3.12/site-packages/sqlalchemy/pool/base.py", line 690, in __connect
    with util.safe_reraise():
  File "/home/airflow/.local/lib/python3.12/site-packages/sqlalchemy/util/langhelpers.py", line 70, in __exit__
    compat.raise_(
  File "/home/airflow/.local/lib/python3.12/site-packages/sqlalchemy/util/compat.py", line 211, in raise_
    raise exception
  File "/home/airflow/.local/lib/python3.12/site-packages/sqlalchemy/pool/base.py", line 686, in __connect
    self.dbapi_connection = connection = pool._invoke_creator(self)
                                         ^^^^^^^^^^^^^^^^^^^^^^^^^^
  File "/home/airflow/.local/lib/python3.12/site-packages/sqlalchemy/engine/create.py", line 574, in connect
    return dialect.connect(*cargs, **cparams)
           ^^^^^^^^^^^^^^^^^^^^^^^^^^^^^^^^^^
  File "/home/airflow/.local/lib/python3.12/site-packages/sqlalchemy/engine/default.py", line 598, in connect
    return self.dbapi.connect(*cargs, **cparams)
           ^^^^^^^^^^^^^^^^^^^^^^^^^^^^^^^^^^^^^
  File "/home/airflow/.local/lib/python3.12/site-packages/psycopg2/__init__.py", line 122, in connect
    conn = _connect(dsn, connection_factory=connection_factory, **kwasync)
           ^^^^^^^^^^^^^^^^^^^^^^^^^^^^^^^^^^^^^^^^^^^^^^^^^^^^^^^^^^^^^^^
sqlalchemy.exc.OperationalError: (psycopg2.OperationalError) could not translate host name "postgres" to address: Temporary failure in name resolution

(Background on this error at: https://sqlalche.me/e/14/e3q8)
[2026-02-17T07:46:44.466+0000] {processor.py:161} INFO - Started process (PID=165) to work on /opt/airflow/dags/minio_to_snowflake.py
[2026-02-17T07:46:44.469+0000] {processor.py:830} INFO - Processing file /opt/airflow/dags/minio_to_snowflake.py for tasks to queue
[2026-02-17T07:46:44.474+0000] {logging_mixin.py:188} INFO - [2026-02-17T07:46:44.473+0000] {dagbag.py:545} INFO - Filling up the DagBag from /opt/airflow/dags/minio_to_snowflake.py
[2026-02-17T07:46:58.044+0000] {processor.py:840} INFO - DAG(s) 'minio_to_snowflake' retrieved from /opt/airflow/dags/minio_to_snowflake.py
[2026-02-17T07:46:58.505+0000] {logging_mixin.py:188} INFO - [2026-02-17T07:46:58.504+0000] {dag.py:3089} INFO - Sync 1 DAGs
[2026-02-17T07:46:58.750+0000] {logging_mixin.py:188} INFO - [2026-02-17T07:46:58.749+0000] {dag.py:3947} INFO - Setting next_dagrun for minio_to_snowflake to 2026-02-17 07:45:00+00:00, run_after=2026-02-17 07:50:00+00:00
[2026-02-17T07:46:58.952+0000] {processor.py:183} INFO - Processing /opt/airflow/dags/minio_to_snowflake.py took 14.498 seconds
[2026-02-17T07:47:29.214+0000] {processor.py:161} INFO - Started process (PID=208) to work on /opt/airflow/dags/minio_to_snowflake.py
[2026-02-17T07:47:29.217+0000] {processor.py:830} INFO - Processing file /opt/airflow/dags/minio_to_snowflake.py for tasks to queue
[2026-02-17T07:47:29.230+0000] {logging_mixin.py:188} INFO - [2026-02-17T07:47:29.222+0000] {dagbag.py:545} INFO - Filling up the DagBag from /opt/airflow/dags/minio_to_snowflake.py
[2026-02-17T07:47:36.717+0000] {processor.py:840} INFO - DAG(s) 'minio_to_snowflake' retrieved from /opt/airflow/dags/minio_to_snowflake.py
[2026-02-17T07:47:37.312+0000] {logging_mixin.py:188} INFO - [2026-02-17T07:47:37.311+0000] {dag.py:3089} INFO - Sync 1 DAGs
[2026-02-17T07:47:37.338+0000] {logging_mixin.py:188} INFO - [2026-02-17T07:47:37.338+0000] {dag.py:3947} INFO - Setting next_dagrun for minio_to_snowflake to 2026-02-17 07:45:00+00:00, run_after=2026-02-17 07:50:00+00:00
[2026-02-17T07:47:37.491+0000] {processor.py:183} INFO - Processing /opt/airflow/dags/minio_to_snowflake.py took 8.309 seconds
[2026-02-17T07:56:08.356+0000] {processor.py:161} INFO - Started process (PID=163) to work on /opt/airflow/dags/minio_to_snowflake.py
[2026-02-17T07:56:08.363+0000] {processor.py:830} INFO - Processing file /opt/airflow/dags/minio_to_snowflake.py for tasks to queue
[2026-02-17T07:56:08.381+0000] {logging_mixin.py:188} INFO - [2026-02-17T07:56:08.378+0000] {dagbag.py:545} INFO - Filling up the DagBag from /opt/airflow/dags/minio_to_snowflake.py
[2026-02-17T07:56:20.121+0000] {processor.py:840} INFO - DAG(s) 'minio_to_snowflake' retrieved from /opt/airflow/dags/minio_to_snowflake.py
[2026-02-17T07:56:20.250+0000] {logging_mixin.py:188} INFO - [2026-02-17T07:56:20.246+0000] {dag.py:3089} INFO - Sync 1 DAGs
[2026-02-17T07:56:20.316+0000] {logging_mixin.py:188} INFO - [2026-02-17T07:56:20.316+0000] {dag.py:3947} INFO - Setting next_dagrun for minio_to_snowflake to 2026-02-17 07:55:00+00:00, run_after=2026-02-17 08:00:00+00:00
[2026-02-17T07:56:20.377+0000] {processor.py:183} INFO - Processing /opt/airflow/dags/minio_to_snowflake.py took 12.065 seconds
[2026-02-17T07:56:50.728+0000] {processor.py:161} INFO - Started process (PID=183) to work on /opt/airflow/dags/minio_to_snowflake.py
[2026-02-17T07:56:50.730+0000] {processor.py:830} INFO - Processing file /opt/airflow/dags/minio_to_snowflake.py for tasks to queue
[2026-02-17T07:56:50.762+0000] {logging_mixin.py:188} INFO - [2026-02-17T07:56:50.742+0000] {dagbag.py:545} INFO - Filling up the DagBag from /opt/airflow/dags/minio_to_snowflake.py
[2026-02-17T07:56:52.867+0000] {processor.py:840} INFO - DAG(s) 'minio_to_snowflake' retrieved from /opt/airflow/dags/minio_to_snowflake.py
[2026-02-17T07:56:53.178+0000] {logging_mixin.py:188} INFO - [2026-02-17T07:56:53.177+0000] {dag.py:3089} INFO - Sync 1 DAGs
[2026-02-17T07:56:53.217+0000] {logging_mixin.py:188} INFO - [2026-02-17T07:56:53.217+0000] {dag.py:3947} INFO - Setting next_dagrun for minio_to_snowflake to 2026-02-17 07:55:00+00:00, run_after=2026-02-17 08:00:00+00:00
[2026-02-17T07:56:53.254+0000] {processor.py:183} INFO - Processing /opt/airflow/dags/minio_to_snowflake.py took 2.534 seconds
[2026-02-17T07:57:23.825+0000] {processor.py:161} INFO - Started process (PID=190) to work on /opt/airflow/dags/minio_to_snowflake.py
[2026-02-17T07:57:23.828+0000] {processor.py:830} INFO - Processing file /opt/airflow/dags/minio_to_snowflake.py for tasks to queue
[2026-02-17T07:57:23.836+0000] {logging_mixin.py:188} INFO - [2026-02-17T07:57:23.834+0000] {dagbag.py:545} INFO - Filling up the DagBag from /opt/airflow/dags/minio_to_snowflake.py
[2026-02-17T07:57:25.848+0000] {processor.py:840} INFO - DAG(s) 'minio_to_snowflake' retrieved from /opt/airflow/dags/minio_to_snowflake.py
[2026-02-17T07:57:25.905+0000] {logging_mixin.py:188} INFO - [2026-02-17T07:57:25.904+0000] {dag.py:3089} INFO - Sync 1 DAGs
[2026-02-17T07:57:25.944+0000] {logging_mixin.py:188} INFO - [2026-02-17T07:57:25.944+0000] {dag.py:3947} INFO - Setting next_dagrun for minio_to_snowflake to 2026-02-17 07:55:00+00:00, run_after=2026-02-17 08:00:00+00:00
[2026-02-17T07:57:25.986+0000] {processor.py:183} INFO - Processing /opt/airflow/dags/minio_to_snowflake.py took 2.183 seconds
[2026-02-17T07:57:56.250+0000] {processor.py:161} INFO - Started process (PID=197) to work on /opt/airflow/dags/minio_to_snowflake.py
[2026-02-17T07:57:56.251+0000] {processor.py:830} INFO - Processing file /opt/airflow/dags/minio_to_snowflake.py for tasks to queue
[2026-02-17T07:57:56.256+0000] {logging_mixin.py:188} INFO - [2026-02-17T07:57:56.254+0000] {dagbag.py:545} INFO - Filling up the DagBag from /opt/airflow/dags/minio_to_snowflake.py
[2026-02-17T07:57:57.562+0000] {processor.py:840} INFO - DAG(s) 'minio_to_snowflake' retrieved from /opt/airflow/dags/minio_to_snowflake.py
[2026-02-17T07:57:57.649+0000] {logging_mixin.py:188} INFO - [2026-02-17T07:57:57.644+0000] {dag.py:3089} INFO - Sync 1 DAGs
[2026-02-17T07:57:57.701+0000] {logging_mixin.py:188} INFO - [2026-02-17T07:57:57.701+0000] {dag.py:3947} INFO - Setting next_dagrun for minio_to_snowflake to 2026-02-17 07:55:00+00:00, run_after=2026-02-17 08:00:00+00:00
[2026-02-17T07:57:57.734+0000] {processor.py:183} INFO - Processing /opt/airflow/dags/minio_to_snowflake.py took 1.493 seconds
[2026-02-17T07:58:27.964+0000] {processor.py:161} INFO - Started process (PID=204) to work on /opt/airflow/dags/minio_to_snowflake.py
[2026-02-17T07:58:27.967+0000] {processor.py:830} INFO - Processing file /opt/airflow/dags/minio_to_snowflake.py for tasks to queue
[2026-02-17T07:58:27.975+0000] {logging_mixin.py:188} INFO - [2026-02-17T07:58:27.973+0000] {dagbag.py:545} INFO - Filling up the DagBag from /opt/airflow/dags/minio_to_snowflake.py
[2026-02-17T07:58:29.662+0000] {processor.py:840} INFO - DAG(s) 'minio_to_snowflake' retrieved from /opt/airflow/dags/minio_to_snowflake.py
[2026-02-17T07:58:29.751+0000] {logging_mixin.py:188} INFO - [2026-02-17T07:58:29.750+0000] {dag.py:3089} INFO - Sync 1 DAGs
[2026-02-17T07:58:29.817+0000] {logging_mixin.py:188} INFO - [2026-02-17T07:58:29.817+0000] {dag.py:3947} INFO - Setting next_dagrun for minio_to_snowflake to 2026-02-17 07:55:00+00:00, run_after=2026-02-17 08:00:00+00:00
[2026-02-17T07:58:29.860+0000] {processor.py:183} INFO - Processing /opt/airflow/dags/minio_to_snowflake.py took 1.918 seconds
[2026-02-17T07:59:00.473+0000] {processor.py:161} INFO - Started process (PID=211) to work on /opt/airflow/dags/minio_to_snowflake.py
[2026-02-17T07:59:00.476+0000] {processor.py:830} INFO - Processing file /opt/airflow/dags/minio_to_snowflake.py for tasks to queue
[2026-02-17T07:59:00.483+0000] {logging_mixin.py:188} INFO - [2026-02-17T07:59:00.482+0000] {dagbag.py:545} INFO - Filling up the DagBag from /opt/airflow/dags/minio_to_snowflake.py
[2026-02-17T07:59:02.047+0000] {processor.py:840} INFO - DAG(s) 'minio_to_snowflake' retrieved from /opt/airflow/dags/minio_to_snowflake.py
[2026-02-17T07:59:02.091+0000] {logging_mixin.py:188} INFO - [2026-02-17T07:59:02.090+0000] {dag.py:3089} INFO - Sync 1 DAGs
[2026-02-17T07:59:02.133+0000] {logging_mixin.py:188} INFO - [2026-02-17T07:59:02.133+0000] {dag.py:3947} INFO - Setting next_dagrun for minio_to_snowflake to 2026-02-17 07:55:00+00:00, run_after=2026-02-17 08:00:00+00:00
[2026-02-17T07:59:02.179+0000] {processor.py:183} INFO - Processing /opt/airflow/dags/minio_to_snowflake.py took 1.725 seconds
[2026-02-17T07:59:32.739+0000] {processor.py:161} INFO - Started process (PID=218) to work on /opt/airflow/dags/minio_to_snowflake.py
[2026-02-17T07:59:32.744+0000] {processor.py:830} INFO - Processing file /opt/airflow/dags/minio_to_snowflake.py for tasks to queue
[2026-02-17T07:59:32.755+0000] {logging_mixin.py:188} INFO - [2026-02-17T07:59:32.753+0000] {dagbag.py:545} INFO - Filling up the DagBag from /opt/airflow/dags/minio_to_snowflake.py
[2026-02-17T07:59:34.513+0000] {processor.py:840} INFO - DAG(s) 'minio_to_snowflake' retrieved from /opt/airflow/dags/minio_to_snowflake.py
[2026-02-17T07:59:34.553+0000] {logging_mixin.py:188} INFO - [2026-02-17T07:59:34.552+0000] {dag.py:3089} INFO - Sync 1 DAGs
[2026-02-17T07:59:34.586+0000] {logging_mixin.py:188} INFO - [2026-02-17T07:59:34.586+0000] {dag.py:3947} INFO - Setting next_dagrun for minio_to_snowflake to 2026-02-17 07:55:00+00:00, run_after=2026-02-17 08:00:00+00:00
[2026-02-17T07:59:34.621+0000] {processor.py:183} INFO - Processing /opt/airflow/dags/minio_to_snowflake.py took 1.905 seconds
[2026-02-17T08:00:05.258+0000] {processor.py:161} INFO - Started process (PID=228) to work on /opt/airflow/dags/minio_to_snowflake.py
[2026-02-17T08:00:05.433+0000] {processor.py:830} INFO - Processing file /opt/airflow/dags/minio_to_snowflake.py for tasks to queue
[2026-02-17T08:00:05.654+0000] {logging_mixin.py:188} INFO - [2026-02-17T08:00:05.653+0000] {dagbag.py:545} INFO - Filling up the DagBag from /opt/airflow/dags/minio_to_snowflake.py
[2026-02-17T08:00:09.956+0000] {processor.py:840} INFO - DAG(s) 'minio_to_snowflake' retrieved from /opt/airflow/dags/minio_to_snowflake.py
[2026-02-17T08:00:10.029+0000] {logging_mixin.py:188} INFO - [2026-02-17T08:00:10.028+0000] {dag.py:3089} INFO - Sync 1 DAGs
[2026-02-17T08:00:10.059+0000] {logging_mixin.py:188} INFO - [2026-02-17T08:00:10.059+0000] {dag.py:3947} INFO - Setting next_dagrun for minio_to_snowflake to 2026-02-17 08:00:00+00:00, run_after=2026-02-17 08:05:00+00:00
[2026-02-17T08:00:10.093+0000] {processor.py:183} INFO - Processing /opt/airflow/dags/minio_to_snowflake.py took 4.904 seconds
[2026-02-17T08:00:40.754+0000] {processor.py:161} INFO - Started process (PID=236) to work on /opt/airflow/dags/minio_to_snowflake.py
[2026-02-17T08:00:40.759+0000] {processor.py:830} INFO - Processing file /opt/airflow/dags/minio_to_snowflake.py for tasks to queue
[2026-02-17T08:00:40.766+0000] {logging_mixin.py:188} INFO - [2026-02-17T08:00:40.765+0000] {dagbag.py:545} INFO - Filling up the DagBag from /opt/airflow/dags/minio_to_snowflake.py
[2026-02-17T08:00:42.420+0000] {processor.py:840} INFO - DAG(s) 'minio_to_snowflake' retrieved from /opt/airflow/dags/minio_to_snowflake.py
[2026-02-17T08:00:42.509+0000] {logging_mixin.py:188} INFO - [2026-02-17T08:00:42.503+0000] {dag.py:3089} INFO - Sync 1 DAGs
[2026-02-17T08:00:42.611+0000] {logging_mixin.py:188} INFO - [2026-02-17T08:00:42.610+0000] {dag.py:3947} INFO - Setting next_dagrun for minio_to_snowflake to 2026-02-17 08:00:00+00:00, run_after=2026-02-17 08:05:00+00:00
[2026-02-17T08:00:42.699+0000] {processor.py:183} INFO - Processing /opt/airflow/dags/minio_to_snowflake.py took 1.982 seconds
[2026-02-17T08:01:13.340+0000] {processor.py:161} INFO - Started process (PID=243) to work on /opt/airflow/dags/minio_to_snowflake.py
[2026-02-17T08:01:13.342+0000] {processor.py:830} INFO - Processing file /opt/airflow/dags/minio_to_snowflake.py for tasks to queue
[2026-02-17T08:01:13.348+0000] {logging_mixin.py:188} INFO - [2026-02-17T08:01:13.347+0000] {dagbag.py:545} INFO - Filling up the DagBag from /opt/airflow/dags/minio_to_snowflake.py
[2026-02-17T08:01:14.767+0000] {processor.py:840} INFO - DAG(s) 'minio_to_snowflake' retrieved from /opt/airflow/dags/minio_to_snowflake.py
[2026-02-17T08:01:14.810+0000] {logging_mixin.py:188} INFO - [2026-02-17T08:01:14.809+0000] {dag.py:3089} INFO - Sync 1 DAGs
[2026-02-17T08:01:14.835+0000] {logging_mixin.py:188} INFO - [2026-02-17T08:01:14.835+0000] {dag.py:3947} INFO - Setting next_dagrun for minio_to_snowflake to 2026-02-17 08:00:00+00:00, run_after=2026-02-17 08:05:00+00:00
[2026-02-17T08:01:14.861+0000] {processor.py:183} INFO - Processing /opt/airflow/dags/minio_to_snowflake.py took 1.537 seconds
[2026-02-17T08:01:45.556+0000] {processor.py:161} INFO - Started process (PID=626) to work on /opt/airflow/dags/minio_to_snowflake.py
[2026-02-17T08:01:45.601+0000] {processor.py:830} INFO - Processing file /opt/airflow/dags/minio_to_snowflake.py for tasks to queue
[2026-02-17T08:01:45.614+0000] {logging_mixin.py:188} INFO - [2026-02-17T08:01:45.613+0000] {dagbag.py:545} INFO - Filling up the DagBag from /opt/airflow/dags/minio_to_snowflake.py
[2026-02-17T08:01:48.995+0000] {processor.py:840} INFO - DAG(s) 'minio_to_snowflake' retrieved from /opt/airflow/dags/minio_to_snowflake.py
[2026-02-17T08:01:49.120+0000] {logging_mixin.py:188} INFO - [2026-02-17T08:01:49.118+0000] {dag.py:3089} INFO - Sync 1 DAGs
[2026-02-17T08:01:49.253+0000] {logging_mixin.py:188} INFO - [2026-02-17T08:01:49.252+0000] {dag.py:3947} INFO - Setting next_dagrun for minio_to_snowflake to 2026-02-17 08:00:00+00:00, run_after=2026-02-17 08:05:00+00:00
[2026-02-17T08:01:49.345+0000] {processor.py:183} INFO - Processing /opt/airflow/dags/minio_to_snowflake.py took 3.933 seconds
[2026-02-17T08:02:22.258+0000] {processor.py:161} INFO - Started process (PID=795) to work on /opt/airflow/dags/minio_to_snowflake.py
[2026-02-17T08:02:22.300+0000] {processor.py:830} INFO - Processing file /opt/airflow/dags/minio_to_snowflake.py for tasks to queue
[2026-02-17T08:02:22.406+0000] {logging_mixin.py:188} INFO - [2026-02-17T08:02:22.343+0000] {dagbag.py:545} INFO - Filling up the DagBag from /opt/airflow/dags/minio_to_snowflake.py
[2026-02-17T08:02:53.408+0000] {logging_mixin.py:188} INFO - [2026-02-17T08:02:53.405+0000] {timeout.py:68} ERROR - Process timed out, PID: 795
[2026-02-17T08:03:25.306+0000] {processor.py:161} INFO - Started process (PID=999) to work on /opt/airflow/dags/minio_to_snowflake.py
[2026-02-17T08:03:25.310+0000] {processor.py:830} INFO - Processing file /opt/airflow/dags/minio_to_snowflake.py for tasks to queue
[2026-02-17T08:03:25.315+0000] {logging_mixin.py:188} INFO - [2026-02-17T08:03:25.313+0000] {dagbag.py:545} INFO - Filling up the DagBag from /opt/airflow/dags/minio_to_snowflake.py
[2026-02-17T08:03:28.632+0000] {processor.py:840} INFO - DAG(s) 'minio_to_snowflake' retrieved from /opt/airflow/dags/minio_to_snowflake.py
[2026-02-17T08:03:29.207+0000] {logging_mixin.py:188} INFO - [2026-02-17T08:03:29.205+0000] {dag.py:3089} INFO - Sync 1 DAGs
[2026-02-17T08:03:29.277+0000] {logging_mixin.py:188} INFO - [2026-02-17T08:03:29.276+0000] {dag.py:3947} INFO - Setting next_dagrun for minio_to_snowflake to 2026-02-17 08:00:00+00:00, run_after=2026-02-17 08:05:00+00:00
[2026-02-17T08:03:29.352+0000] {processor.py:183} INFO - Processing /opt/airflow/dags/minio_to_snowflake.py took 4.009 seconds
[2026-02-17T08:03:59.625+0000] {processor.py:161} INFO - Started process (PID=1006) to work on /opt/airflow/dags/minio_to_snowflake.py
[2026-02-17T08:03:59.711+0000] {processor.py:830} INFO - Processing file /opt/airflow/dags/minio_to_snowflake.py for tasks to queue
[2026-02-17T08:03:59.719+0000] {logging_mixin.py:188} INFO - [2026-02-17T08:03:59.717+0000] {dagbag.py:545} INFO - Filling up the DagBag from /opt/airflow/dags/minio_to_snowflake.py
[2026-02-17T08:04:05.422+0000] {processor.py:840} INFO - DAG(s) 'minio_to_snowflake' retrieved from /opt/airflow/dags/minio_to_snowflake.py
[2026-02-17T08:04:05.471+0000] {logging_mixin.py:188} INFO - [2026-02-17T08:04:05.470+0000] {dag.py:3089} INFO - Sync 1 DAGs
[2026-02-17T08:04:05.504+0000] {logging_mixin.py:188} INFO - [2026-02-17T08:04:05.503+0000] {dag.py:3947} INFO - Setting next_dagrun for minio_to_snowflake to 2026-02-17 08:00:00+00:00, run_after=2026-02-17 08:05:00+00:00
[2026-02-17T08:04:05.535+0000] {processor.py:183} INFO - Processing /opt/airflow/dags/minio_to_snowflake.py took 5.931 seconds
[2026-02-17T08:04:36.150+0000] {processor.py:161} INFO - Started process (PID=1013) to work on /opt/airflow/dags/minio_to_snowflake.py
[2026-02-17T08:04:36.153+0000] {processor.py:830} INFO - Processing file /opt/airflow/dags/minio_to_snowflake.py for tasks to queue
[2026-02-17T08:04:36.157+0000] {logging_mixin.py:188} INFO - [2026-02-17T08:04:36.156+0000] {dagbag.py:545} INFO - Filling up the DagBag from /opt/airflow/dags/minio_to_snowflake.py
[2026-02-17T08:04:37.683+0000] {processor.py:840} INFO - DAG(s) 'minio_to_snowflake' retrieved from /opt/airflow/dags/minio_to_snowflake.py
[2026-02-17T08:04:37.734+0000] {logging_mixin.py:188} INFO - [2026-02-17T08:04:37.733+0000] {dag.py:3089} INFO - Sync 1 DAGs
[2026-02-17T08:04:37.766+0000] {logging_mixin.py:188} INFO - [2026-02-17T08:04:37.766+0000] {dag.py:3947} INFO - Setting next_dagrun for minio_to_snowflake to 2026-02-17 08:00:00+00:00, run_after=2026-02-17 08:05:00+00:00
[2026-02-17T08:04:37.852+0000] {processor.py:183} INFO - Processing /opt/airflow/dags/minio_to_snowflake.py took 1.743 seconds
[2026-02-17T08:05:08.393+0000] {processor.py:161} INFO - Started process (PID=1024) to work on /opt/airflow/dags/minio_to_snowflake.py
[2026-02-17T08:05:08.396+0000] {processor.py:830} INFO - Processing file /opt/airflow/dags/minio_to_snowflake.py for tasks to queue
[2026-02-17T08:05:08.399+0000] {logging_mixin.py:188} INFO - [2026-02-17T08:05:08.398+0000] {dagbag.py:545} INFO - Filling up the DagBag from /opt/airflow/dags/minio_to_snowflake.py
[2026-02-17T08:05:10.361+0000] {processor.py:840} INFO - DAG(s) 'minio_to_snowflake' retrieved from /opt/airflow/dags/minio_to_snowflake.py
[2026-02-17T08:05:10.405+0000] {logging_mixin.py:188} INFO - [2026-02-17T08:05:10.404+0000] {dag.py:3089} INFO - Sync 1 DAGs
[2026-02-17T08:05:10.443+0000] {logging_mixin.py:188} INFO - [2026-02-17T08:05:10.443+0000] {dag.py:3947} INFO - Setting next_dagrun for minio_to_snowflake to 2026-02-17 08:05:00+00:00, run_after=2026-02-17 08:10:00+00:00
[2026-02-17T08:05:10.479+0000] {processor.py:183} INFO - Processing /opt/airflow/dags/minio_to_snowflake.py took 2.101 seconds
[2026-02-17T08:05:42.231+0000] {processor.py:161} INFO - Started process (PID=1911) to work on /opt/airflow/dags/minio_to_snowflake.py
[2026-02-17T08:05:42.328+0000] {processor.py:830} INFO - Processing file /opt/airflow/dags/minio_to_snowflake.py for tasks to queue
[2026-02-17T08:05:42.430+0000] {logging_mixin.py:188} INFO - [2026-02-17T08:05:42.338+0000] {dagbag.py:545} INFO - Filling up the DagBag from /opt/airflow/dags/minio_to_snowflake.py
[2026-02-17T08:05:56.580+0000] {processor.py:840} INFO - DAG(s) 'minio_to_snowflake' retrieved from /opt/airflow/dags/minio_to_snowflake.py
[2026-02-17T08:05:56.655+0000] {logging_mixin.py:188} INFO - [2026-02-17T08:05:56.654+0000] {dag.py:3089} INFO - Sync 1 DAGs
[2026-02-17T08:05:56.697+0000] {logging_mixin.py:188} INFO - [2026-02-17T08:05:56.696+0000] {dag.py:3947} INFO - Setting next_dagrun for minio_to_snowflake to 2026-02-17 08:05:00+00:00, run_after=2026-02-17 08:10:00+00:00
[2026-02-17T08:05:56.728+0000] {processor.py:183} INFO - Processing /opt/airflow/dags/minio_to_snowflake.py took 15.891 seconds
[2026-02-17T08:06:27.494+0000] {processor.py:161} INFO - Started process (PID=2135) to work on /opt/airflow/dags/minio_to_snowflake.py
[2026-02-17T08:06:27.499+0000] {processor.py:830} INFO - Processing file /opt/airflow/dags/minio_to_snowflake.py for tasks to queue
[2026-02-17T08:06:27.504+0000] {logging_mixin.py:188} INFO - [2026-02-17T08:06:27.501+0000] {dagbag.py:545} INFO - Filling up the DagBag from /opt/airflow/dags/minio_to_snowflake.py
[2026-02-17T08:06:29.596+0000] {processor.py:840} INFO - DAG(s) 'minio_to_snowflake' retrieved from /opt/airflow/dags/minio_to_snowflake.py
[2026-02-17T08:06:29.652+0000] {logging_mixin.py:188} INFO - [2026-02-17T08:06:29.652+0000] {dag.py:3089} INFO - Sync 1 DAGs
[2026-02-17T08:06:29.696+0000] {logging_mixin.py:188} INFO - [2026-02-17T08:06:29.695+0000] {dag.py:3947} INFO - Setting next_dagrun for minio_to_snowflake to 2026-02-17 08:05:00+00:00, run_after=2026-02-17 08:10:00+00:00
[2026-02-17T08:06:29.769+0000] {processor.py:183} INFO - Processing /opt/airflow/dags/minio_to_snowflake.py took 2.322 seconds
[2026-02-17T08:07:00.207+0000] {processor.py:161} INFO - Started process (PID=2305) to work on /opt/airflow/dags/minio_to_snowflake.py
[2026-02-17T08:07:00.211+0000] {processor.py:830} INFO - Processing file /opt/airflow/dags/minio_to_snowflake.py for tasks to queue
[2026-02-17T08:07:00.214+0000] {logging_mixin.py:188} INFO - [2026-02-17T08:07:00.213+0000] {dagbag.py:545} INFO - Filling up the DagBag from /opt/airflow/dags/minio_to_snowflake.py
[2026-02-17T08:07:03.497+0000] {processor.py:840} INFO - DAG(s) 'minio_to_snowflake' retrieved from /opt/airflow/dags/minio_to_snowflake.py
[2026-02-17T08:07:03.538+0000] {logging_mixin.py:188} INFO - [2026-02-17T08:07:03.537+0000] {dag.py:3089} INFO - Sync 1 DAGs
[2026-02-17T08:07:03.568+0000] {logging_mixin.py:188} INFO - [2026-02-17T08:07:03.568+0000] {dag.py:3947} INFO - Setting next_dagrun for minio_to_snowflake to 2026-02-17 08:05:00+00:00, run_after=2026-02-17 08:10:00+00:00
[2026-02-17T08:07:03.605+0000] {processor.py:183} INFO - Processing /opt/airflow/dags/minio_to_snowflake.py took 3.455 seconds
[2026-02-17T08:07:34.147+0000] {processor.py:161} INFO - Started process (PID=2489) to work on /opt/airflow/dags/minio_to_snowflake.py
[2026-02-17T08:07:34.150+0000] {processor.py:830} INFO - Processing file /opt/airflow/dags/minio_to_snowflake.py for tasks to queue
[2026-02-17T08:07:34.155+0000] {logging_mixin.py:188} INFO - [2026-02-17T08:07:34.152+0000] {dagbag.py:545} INFO - Filling up the DagBag from /opt/airflow/dags/minio_to_snowflake.py
[2026-02-17T08:07:38.105+0000] {processor.py:840} INFO - DAG(s) 'minio_to_snowflake' retrieved from /opt/airflow/dags/minio_to_snowflake.py
[2026-02-17T08:07:38.160+0000] {logging_mixin.py:188} INFO - [2026-02-17T08:07:38.159+0000] {dag.py:3089} INFO - Sync 1 DAGs
[2026-02-17T08:07:38.206+0000] {logging_mixin.py:188} INFO - [2026-02-17T08:07:38.206+0000] {dag.py:3947} INFO - Setting next_dagrun for minio_to_snowflake to 2026-02-17 08:05:00+00:00, run_after=2026-02-17 08:10:00+00:00
[2026-02-17T08:07:38.248+0000] {processor.py:183} INFO - Processing /opt/airflow/dags/minio_to_snowflake.py took 4.132 seconds
[2026-02-17T08:08:08.875+0000] {processor.py:161} INFO - Started process (PID=2575) to work on /opt/airflow/dags/minio_to_snowflake.py
[2026-02-17T08:08:08.880+0000] {processor.py:830} INFO - Processing file /opt/airflow/dags/minio_to_snowflake.py for tasks to queue
[2026-02-17T08:08:08.887+0000] {logging_mixin.py:188} INFO - [2026-02-17T08:08:08.885+0000] {dagbag.py:545} INFO - Filling up the DagBag from /opt/airflow/dags/minio_to_snowflake.py
[2026-02-17T08:08:11.418+0000] {processor.py:840} INFO - DAG(s) 'minio_to_snowflake' retrieved from /opt/airflow/dags/minio_to_snowflake.py
[2026-02-17T08:08:11.484+0000] {logging_mixin.py:188} INFO - [2026-02-17T08:08:11.483+0000] {dag.py:3089} INFO - Sync 1 DAGs
[2026-02-17T08:08:11.530+0000] {logging_mixin.py:188} INFO - [2026-02-17T08:08:11.529+0000] {dag.py:3947} INFO - Setting next_dagrun for minio_to_snowflake to 2026-02-17 08:05:00+00:00, run_after=2026-02-17 08:10:00+00:00
[2026-02-17T08:08:11.568+0000] {processor.py:183} INFO - Processing /opt/airflow/dags/minio_to_snowflake.py took 2.827 seconds
[2026-02-17T08:08:42.033+0000] {processor.py:161} INFO - Started process (PID=2582) to work on /opt/airflow/dags/minio_to_snowflake.py
[2026-02-17T08:08:42.042+0000] {processor.py:830} INFO - Processing file /opt/airflow/dags/minio_to_snowflake.py for tasks to queue
[2026-02-17T08:08:42.045+0000] {logging_mixin.py:188} INFO - [2026-02-17T08:08:42.044+0000] {dagbag.py:545} INFO - Filling up the DagBag from /opt/airflow/dags/minio_to_snowflake.py
[2026-02-17T08:08:44.991+0000] {processor.py:840} INFO - DAG(s) 'minio_to_snowflake' retrieved from /opt/airflow/dags/minio_to_snowflake.py
[2026-02-17T08:08:45.052+0000] {logging_mixin.py:188} INFO - [2026-02-17T08:08:45.048+0000] {dag.py:3089} INFO - Sync 1 DAGs
[2026-02-17T08:08:45.101+0000] {logging_mixin.py:188} INFO - [2026-02-17T08:08:45.101+0000] {dag.py:3947} INFO - Setting next_dagrun for minio_to_snowflake to 2026-02-17 08:05:00+00:00, run_after=2026-02-17 08:10:00+00:00
[2026-02-17T08:08:45.160+0000] {processor.py:183} INFO - Processing /opt/airflow/dags/minio_to_snowflake.py took 3.152 seconds
[2026-02-17T08:09:15.828+0000] {processor.py:161} INFO - Started process (PID=2589) to work on /opt/airflow/dags/minio_to_snowflake.py
[2026-02-17T08:09:15.835+0000] {processor.py:830} INFO - Processing file /opt/airflow/dags/minio_to_snowflake.py for tasks to queue
[2026-02-17T08:09:15.845+0000] {logging_mixin.py:188} INFO - [2026-02-17T08:09:15.842+0000] {dagbag.py:545} INFO - Filling up the DagBag from /opt/airflow/dags/minio_to_snowflake.py
[2026-02-17T08:09:17.990+0000] {processor.py:840} INFO - DAG(s) 'minio_to_snowflake' retrieved from /opt/airflow/dags/minio_to_snowflake.py
[2026-02-17T08:09:18.063+0000] {logging_mixin.py:188} INFO - [2026-02-17T08:09:18.062+0000] {dag.py:3089} INFO - Sync 1 DAGs
[2026-02-17T08:09:18.101+0000] {logging_mixin.py:188} INFO - [2026-02-17T08:09:18.101+0000] {dag.py:3947} INFO - Setting next_dagrun for minio_to_snowflake to 2026-02-17 08:05:00+00:00, run_after=2026-02-17 08:10:00+00:00
[2026-02-17T08:09:18.140+0000] {processor.py:183} INFO - Processing /opt/airflow/dags/minio_to_snowflake.py took 2.334 seconds
[2026-02-17T08:09:48.400+0000] {processor.py:161} INFO - Started process (PID=2596) to work on /opt/airflow/dags/minio_to_snowflake.py
[2026-02-17T08:09:48.406+0000] {processor.py:830} INFO - Processing file /opt/airflow/dags/minio_to_snowflake.py for tasks to queue
[2026-02-17T08:09:48.412+0000] {logging_mixin.py:188} INFO - [2026-02-17T08:09:48.410+0000] {dagbag.py:545} INFO - Filling up the DagBag from /opt/airflow/dags/minio_to_snowflake.py
[2026-02-17T08:09:49.925+0000] {processor.py:840} INFO - DAG(s) 'minio_to_snowflake' retrieved from /opt/airflow/dags/minio_to_snowflake.py
[2026-02-17T08:09:49.987+0000] {logging_mixin.py:188} INFO - [2026-02-17T08:09:49.986+0000] {dag.py:3089} INFO - Sync 1 DAGs
[2026-02-17T08:09:50.095+0000] {logging_mixin.py:188} INFO - [2026-02-17T08:09:50.094+0000] {dag.py:3947} INFO - Setting next_dagrun for minio_to_snowflake to 2026-02-17 08:05:00+00:00, run_after=2026-02-17 08:10:00+00:00
[2026-02-17T08:09:50.155+0000] {processor.py:183} INFO - Processing /opt/airflow/dags/minio_to_snowflake.py took 1.794 seconds
[2026-02-17T08:10:20.730+0000] {processor.py:161} INFO - Started process (PID=3236) to work on /opt/airflow/dags/minio_to_snowflake.py
[2026-02-17T08:10:20.734+0000] {processor.py:830} INFO - Processing file /opt/airflow/dags/minio_to_snowflake.py for tasks to queue
[2026-02-17T08:10:20.737+0000] {logging_mixin.py:188} INFO - [2026-02-17T08:10:20.736+0000] {dagbag.py:545} INFO - Filling up the DagBag from /opt/airflow/dags/minio_to_snowflake.py
[2026-02-17T08:10:22.330+0000] {processor.py:840} INFO - DAG(s) 'minio_to_snowflake' retrieved from /opt/airflow/dags/minio_to_snowflake.py
[2026-02-17T08:10:22.381+0000] {logging_mixin.py:188} INFO - [2026-02-17T08:10:22.380+0000] {dag.py:3089} INFO - Sync 1 DAGs
[2026-02-17T08:10:22.410+0000] {logging_mixin.py:188} INFO - [2026-02-17T08:10:22.410+0000] {dag.py:3947} INFO - Setting next_dagrun for minio_to_snowflake to 2026-02-17 08:10:00+00:00, run_after=2026-02-17 08:15:00+00:00
[2026-02-17T08:10:22.438+0000] {processor.py:183} INFO - Processing /opt/airflow/dags/minio_to_snowflake.py took 1.733 seconds
[2026-02-17T08:10:53.188+0000] {processor.py:161} INFO - Started process (PID=3322) to work on /opt/airflow/dags/minio_to_snowflake.py
[2026-02-17T08:10:53.191+0000] {processor.py:830} INFO - Processing file /opt/airflow/dags/minio_to_snowflake.py for tasks to queue
[2026-02-17T08:10:53.195+0000] {logging_mixin.py:188} INFO - [2026-02-17T08:10:53.193+0000] {dagbag.py:545} INFO - Filling up the DagBag from /opt/airflow/dags/minio_to_snowflake.py
[2026-02-17T08:10:55.575+0000] {processor.py:840} INFO - DAG(s) 'minio_to_snowflake' retrieved from /opt/airflow/dags/minio_to_snowflake.py
[2026-02-17T08:10:55.686+0000] {logging_mixin.py:188} INFO - [2026-02-17T08:10:55.685+0000] {dag.py:3089} INFO - Sync 1 DAGs
[2026-02-17T08:10:55.767+0000] {logging_mixin.py:188} INFO - [2026-02-17T08:10:55.764+0000] {dag.py:3947} INFO - Setting next_dagrun for minio_to_snowflake to 2026-02-17 08:10:00+00:00, run_after=2026-02-17 08:15:00+00:00
[2026-02-17T08:10:55.836+0000] {processor.py:183} INFO - Processing /opt/airflow/dags/minio_to_snowflake.py took 2.681 seconds
[2026-02-17T08:11:26.652+0000] {processor.py:161} INFO - Started process (PID=3387) to work on /opt/airflow/dags/minio_to_snowflake.py
[2026-02-17T08:11:26.657+0000] {processor.py:830} INFO - Processing file /opt/airflow/dags/minio_to_snowflake.py for tasks to queue
[2026-02-17T08:11:26.672+0000] {logging_mixin.py:188} INFO - [2026-02-17T08:11:26.661+0000] {dagbag.py:545} INFO - Filling up the DagBag from /opt/airflow/dags/minio_to_snowflake.py
[2026-02-17T08:11:28.367+0000] {processor.py:840} INFO - DAG(s) 'minio_to_snowflake' retrieved from /opt/airflow/dags/minio_to_snowflake.py
[2026-02-17T08:11:28.405+0000] {logging_mixin.py:188} INFO - [2026-02-17T08:11:28.404+0000] {dag.py:3089} INFO - Sync 1 DAGs
[2026-02-17T08:11:28.455+0000] {logging_mixin.py:188} INFO - [2026-02-17T08:11:28.454+0000] {dag.py:3947} INFO - Setting next_dagrun for minio_to_snowflake to 2026-02-17 08:10:00+00:00, run_after=2026-02-17 08:15:00+00:00
[2026-02-17T08:11:28.510+0000] {processor.py:183} INFO - Processing /opt/airflow/dags/minio_to_snowflake.py took 1.900 seconds
[2026-02-17T10:42:13.178+0000] {processor.py:161} INFO - Started process (PID=163) to work on /opt/airflow/dags/minio_to_snowflake.py
[2026-02-17T10:42:13.185+0000] {processor.py:830} INFO - Processing file /opt/airflow/dags/minio_to_snowflake.py for tasks to queue
[2026-02-17T10:42:13.196+0000] {logging_mixin.py:188} INFO - [2026-02-17T10:42:13.194+0000] {dagbag.py:545} INFO - Filling up the DagBag from /opt/airflow/dags/minio_to_snowflake.py
[2026-02-17T10:42:26.029+0000] {processor.py:840} INFO - DAG(s) 'minio_to_snowflake' retrieved from /opt/airflow/dags/minio_to_snowflake.py
[2026-02-17T10:42:26.193+0000] {logging_mixin.py:188} INFO - [2026-02-17T10:42:26.186+0000] {dag.py:3089} INFO - Sync 1 DAGs
[2026-02-17T10:42:26.325+0000] {logging_mixin.py:188} INFO - [2026-02-17T10:42:26.324+0000] {dag.py:3947} INFO - Setting next_dagrun for minio_to_snowflake to 2026-02-17 10:40:00+00:00, run_after=2026-02-17 10:45:00+00:00
[2026-02-17T10:42:26.555+0000] {processor.py:183} INFO - Processing /opt/airflow/dags/minio_to_snowflake.py took 13.425 seconds
[2026-02-17T10:42:56.989+0000] {processor.py:161} INFO - Started process (PID=183) to work on /opt/airflow/dags/minio_to_snowflake.py
[2026-02-17T10:42:56.993+0000] {processor.py:830} INFO - Processing file /opt/airflow/dags/minio_to_snowflake.py for tasks to queue
[2026-02-17T10:42:57.006+0000] {logging_mixin.py:188} INFO - [2026-02-17T10:42:56.998+0000] {dagbag.py:545} INFO - Filling up the DagBag from /opt/airflow/dags/minio_to_snowflake.py
[2026-02-17T10:43:02.425+0000] {processor.py:840} INFO - DAG(s) 'minio_to_snowflake' retrieved from /opt/airflow/dags/minio_to_snowflake.py
[2026-02-17T10:43:03.684+0000] {logging_mixin.py:188} INFO - [2026-02-17T10:43:03.681+0000] {dag.py:3089} INFO - Sync 1 DAGs
[2026-02-17T10:43:03.932+0000] {logging_mixin.py:188} INFO - [2026-02-17T10:43:03.931+0000] {dag.py:3947} INFO - Setting next_dagrun for minio_to_snowflake to 2026-02-17 10:40:00+00:00, run_after=2026-02-17 10:45:00+00:00
[2026-02-17T10:43:04.079+0000] {processor.py:183} INFO - Processing /opt/airflow/dags/minio_to_snowflake.py took 7.118 seconds
[2026-02-17T10:43:34.484+0000] {processor.py:161} INFO - Started process (PID=190) to work on /opt/airflow/dags/minio_to_snowflake.py
[2026-02-17T10:43:34.487+0000] {processor.py:830} INFO - Processing file /opt/airflow/dags/minio_to_snowflake.py for tasks to queue
[2026-02-17T10:43:34.490+0000] {logging_mixin.py:188} INFO - [2026-02-17T10:43:34.490+0000] {dagbag.py:545} INFO - Filling up the DagBag from /opt/airflow/dags/minio_to_snowflake.py
[2026-02-17T10:43:36.675+0000] {processor.py:840} INFO - DAG(s) 'minio_to_snowflake' retrieved from /opt/airflow/dags/minio_to_snowflake.py
[2026-02-17T10:43:36.718+0000] {logging_mixin.py:188} INFO - [2026-02-17T10:43:36.718+0000] {dag.py:3089} INFO - Sync 1 DAGs
[2026-02-17T10:43:36.758+0000] {logging_mixin.py:188} INFO - [2026-02-17T10:43:36.757+0000] {dag.py:3947} INFO - Setting next_dagrun for minio_to_snowflake to 2026-02-17 10:40:00+00:00, run_after=2026-02-17 10:45:00+00:00
[2026-02-17T10:43:36.790+0000] {processor.py:183} INFO - Processing /opt/airflow/dags/minio_to_snowflake.py took 2.318 seconds
[2026-02-17T10:44:07.530+0000] {processor.py:161} INFO - Started process (PID=197) to work on /opt/airflow/dags/minio_to_snowflake.py
[2026-02-17T10:44:07.532+0000] {processor.py:830} INFO - Processing file /opt/airflow/dags/minio_to_snowflake.py for tasks to queue
[2026-02-17T10:44:07.535+0000] {logging_mixin.py:188} INFO - [2026-02-17T10:44:07.534+0000] {dagbag.py:545} INFO - Filling up the DagBag from /opt/airflow/dags/minio_to_snowflake.py
[2026-02-17T10:44:08.403+0000] {processor.py:840} INFO - DAG(s) 'minio_to_snowflake' retrieved from /opt/airflow/dags/minio_to_snowflake.py
[2026-02-17T10:44:08.517+0000] {logging_mixin.py:188} INFO - [2026-02-17T10:44:08.512+0000] {dag.py:3089} INFO - Sync 1 DAGs
[2026-02-17T10:44:08.565+0000] {logging_mixin.py:188} INFO - [2026-02-17T10:44:08.564+0000] {dag.py:3947} INFO - Setting next_dagrun for minio_to_snowflake to 2026-02-17 10:40:00+00:00, run_after=2026-02-17 10:45:00+00:00
[2026-02-17T10:44:08.615+0000] {processor.py:183} INFO - Processing /opt/airflow/dags/minio_to_snowflake.py took 1.092 seconds
[2026-02-17T10:44:40.911+0000] {processor.py:161} INFO - Started process (PID=204) to work on /opt/airflow/dags/minio_to_snowflake.py
[2026-02-17T10:44:40.942+0000] {processor.py:830} INFO - Processing file /opt/airflow/dags/minio_to_snowflake.py for tasks to queue
[2026-02-17T10:44:41.071+0000] {logging_mixin.py:188} INFO - [2026-02-17T10:44:41.058+0000] {dagbag.py:545} INFO - Filling up the DagBag from /opt/airflow/dags/minio_to_snowflake.py
[2026-02-17T10:44:51.361+0000] {processor.py:840} INFO - DAG(s) 'minio_to_snowflake' retrieved from /opt/airflow/dags/minio_to_snowflake.py
[2026-02-17T10:44:51.739+0000] {logging_mixin.py:188} INFO - [2026-02-17T10:44:51.737+0000] {dag.py:3089} INFO - Sync 1 DAGs
[2026-02-17T10:44:51.830+0000] {logging_mixin.py:188} INFO - [2026-02-17T10:44:51.829+0000] {dag.py:3947} INFO - Setting next_dagrun for minio_to_snowflake to 2026-02-17 10:40:00+00:00, run_after=2026-02-17 10:45:00+00:00
[2026-02-17T10:44:51.886+0000] {processor.py:183} INFO - Processing /opt/airflow/dags/minio_to_snowflake.py took 12.173 seconds
[2026-02-17T10:45:22.350+0000] {processor.py:161} INFO - Started process (PID=389) to work on /opt/airflow/dags/minio_to_snowflake.py
[2026-02-17T10:45:22.357+0000] {processor.py:830} INFO - Processing file /opt/airflow/dags/minio_to_snowflake.py for tasks to queue
[2026-02-17T10:45:22.373+0000] {logging_mixin.py:188} INFO - [2026-02-17T10:45:22.366+0000] {dagbag.py:545} INFO - Filling up the DagBag from /opt/airflow/dags/minio_to_snowflake.py
[2026-02-17T10:45:29.121+0000] {processor.py:840} INFO - DAG(s) 'minio_to_snowflake' retrieved from /opt/airflow/dags/minio_to_snowflake.py
[2026-02-17T10:45:29.233+0000] {logging_mixin.py:188} INFO - [2026-02-17T10:45:29.231+0000] {dag.py:3089} INFO - Sync 1 DAGs
[2026-02-17T10:45:29.315+0000] {logging_mixin.py:188} INFO - [2026-02-17T10:45:29.315+0000] {dag.py:3947} INFO - Setting next_dagrun for minio_to_snowflake to 2026-02-17 10:45:00+00:00, run_after=2026-02-17 10:50:00+00:00
[2026-02-17T10:45:29.370+0000] {processor.py:183} INFO - Processing /opt/airflow/dags/minio_to_snowflake.py took 7.067 seconds
[2026-02-17T10:45:59.817+0000] {processor.py:161} INFO - Started process (PID=504) to work on /opt/airflow/dags/minio_to_snowflake.py
[2026-02-17T10:45:59.819+0000] {processor.py:830} INFO - Processing file /opt/airflow/dags/minio_to_snowflake.py for tasks to queue
[2026-02-17T10:45:59.824+0000] {logging_mixin.py:188} INFO - [2026-02-17T10:45:59.822+0000] {dagbag.py:545} INFO - Filling up the DagBag from /opt/airflow/dags/minio_to_snowflake.py
[2026-02-17T10:46:02.175+0000] {processor.py:840} INFO - DAG(s) 'minio_to_snowflake' retrieved from /opt/airflow/dags/minio_to_snowflake.py
[2026-02-17T10:46:02.218+0000] {logging_mixin.py:188} INFO - [2026-02-17T10:46:02.217+0000] {dag.py:3089} INFO - Sync 1 DAGs
[2026-02-17T10:46:02.249+0000] {logging_mixin.py:188} INFO - [2026-02-17T10:46:02.248+0000] {dag.py:3947} INFO - Setting next_dagrun for minio_to_snowflake to 2026-02-17 10:45:00+00:00, run_after=2026-02-17 10:50:00+00:00
[2026-02-17T10:46:02.276+0000] {processor.py:183} INFO - Processing /opt/airflow/dags/minio_to_snowflake.py took 2.466 seconds
[2026-02-17T10:46:32.816+0000] {processor.py:161} INFO - Started process (PID=573) to work on /opt/airflow/dags/minio_to_snowflake.py
[2026-02-17T10:46:32.819+0000] {processor.py:830} INFO - Processing file /opt/airflow/dags/minio_to_snowflake.py for tasks to queue
[2026-02-17T10:46:32.822+0000] {logging_mixin.py:188} INFO - [2026-02-17T10:46:32.822+0000] {dagbag.py:545} INFO - Filling up the DagBag from /opt/airflow/dags/minio_to_snowflake.py
[2026-02-17T10:46:34.232+0000] {processor.py:840} INFO - DAG(s) 'minio_to_snowflake' retrieved from /opt/airflow/dags/minio_to_snowflake.py
[2026-02-17T10:46:34.269+0000] {logging_mixin.py:188} INFO - [2026-02-17T10:46:34.268+0000] {dag.py:3089} INFO - Sync 1 DAGs
[2026-02-17T10:46:34.296+0000] {logging_mixin.py:188} INFO - [2026-02-17T10:46:34.295+0000] {dag.py:3947} INFO - Setting next_dagrun for minio_to_snowflake to 2026-02-17 10:45:00+00:00, run_after=2026-02-17 10:50:00+00:00
[2026-02-17T10:46:34.322+0000] {processor.py:183} INFO - Processing /opt/airflow/dags/minio_to_snowflake.py took 1.517 seconds
[2026-02-17T10:47:04.497+0000] {processor.py:161} INFO - Started process (PID=580) to work on /opt/airflow/dags/minio_to_snowflake.py
[2026-02-17T10:47:04.498+0000] {processor.py:830} INFO - Processing file /opt/airflow/dags/minio_to_snowflake.py for tasks to queue
[2026-02-17T10:47:04.501+0000] {logging_mixin.py:188} INFO - [2026-02-17T10:47:04.501+0000] {dagbag.py:545} INFO - Filling up the DagBag from /opt/airflow/dags/minio_to_snowflake.py
[2026-02-17T10:47:05.680+0000] {processor.py:840} INFO - DAG(s) 'minio_to_snowflake' retrieved from /opt/airflow/dags/minio_to_snowflake.py
[2026-02-17T10:47:05.719+0000] {logging_mixin.py:188} INFO - [2026-02-17T10:47:05.718+0000] {dag.py:3089} INFO - Sync 1 DAGs
[2026-02-17T10:47:05.746+0000] {logging_mixin.py:188} INFO - [2026-02-17T10:47:05.746+0000] {dag.py:3947} INFO - Setting next_dagrun for minio_to_snowflake to 2026-02-17 10:45:00+00:00, run_after=2026-02-17 10:50:00+00:00
[2026-02-17T10:47:05.772+0000] {processor.py:183} INFO - Processing /opt/airflow/dags/minio_to_snowflake.py took 1.285 seconds
[2026-02-17T10:47:36.108+0000] {processor.py:161} INFO - Started process (PID=861) to work on /opt/airflow/dags/minio_to_snowflake.py
[2026-02-17T10:47:36.112+0000] {processor.py:830} INFO - Processing file /opt/airflow/dags/minio_to_snowflake.py for tasks to queue
[2026-02-17T10:47:36.119+0000] {logging_mixin.py:188} INFO - [2026-02-17T10:47:36.118+0000] {dagbag.py:545} INFO - Filling up the DagBag from /opt/airflow/dags/minio_to_snowflake.py
[2026-02-17T10:47:45.806+0000] {processor.py:840} INFO - DAG(s) 'minio_to_snowflake' retrieved from /opt/airflow/dags/minio_to_snowflake.py
[2026-02-17T10:47:45.890+0000] {logging_mixin.py:188} INFO - [2026-02-17T10:47:45.889+0000] {dag.py:3089} INFO - Sync 1 DAGs
[2026-02-17T10:47:45.964+0000] {logging_mixin.py:188} INFO - [2026-02-17T10:47:45.963+0000] {dag.py:3947} INFO - Setting next_dagrun for minio_to_snowflake to 2026-02-17 10:45:00+00:00, run_after=2026-02-17 10:50:00+00:00
[2026-02-17T10:47:46.022+0000] {processor.py:183} INFO - Processing /opt/airflow/dags/minio_to_snowflake.py took 9.940 seconds
[2026-02-17T10:48:16.362+0000] {processor.py:161} INFO - Started process (PID=1393) to work on /opt/airflow/dags/minio_to_snowflake.py
[2026-02-17T10:48:16.365+0000] {processor.py:830} INFO - Processing file /opt/airflow/dags/minio_to_snowflake.py for tasks to queue
[2026-02-17T10:48:16.392+0000] {logging_mixin.py:188} INFO - [2026-02-17T10:48:16.379+0000] {dagbag.py:545} INFO - Filling up the DagBag from /opt/airflow/dags/minio_to_snowflake.py
[2026-02-17T10:48:18.925+0000] {processor.py:840} INFO - DAG(s) 'minio_to_snowflake' retrieved from /opt/airflow/dags/minio_to_snowflake.py
[2026-02-17T10:48:18.969+0000] {logging_mixin.py:188} INFO - [2026-02-17T10:48:18.969+0000] {dag.py:3089} INFO - Sync 1 DAGs
[2026-02-17T10:48:19.003+0000] {logging_mixin.py:188} INFO - [2026-02-17T10:48:19.003+0000] {dag.py:3947} INFO - Setting next_dagrun for minio_to_snowflake to 2026-02-17 10:45:00+00:00, run_after=2026-02-17 10:50:00+00:00
[2026-02-17T10:48:19.037+0000] {processor.py:183} INFO - Processing /opt/airflow/dags/minio_to_snowflake.py took 2.702 seconds
[2026-02-17T10:48:49.581+0000] {processor.py:161} INFO - Started process (PID=1464) to work on /opt/airflow/dags/minio_to_snowflake.py
[2026-02-17T10:48:49.586+0000] {processor.py:830} INFO - Processing file /opt/airflow/dags/minio_to_snowflake.py for tasks to queue
[2026-02-17T10:48:49.598+0000] {logging_mixin.py:188} INFO - [2026-02-17T10:48:49.597+0000] {dagbag.py:545} INFO - Filling up the DagBag from /opt/airflow/dags/minio_to_snowflake.py
[2026-02-17T10:48:52.380+0000] {processor.py:840} INFO - DAG(s) 'minio_to_snowflake' retrieved from /opt/airflow/dags/minio_to_snowflake.py
[2026-02-17T10:48:52.472+0000] {logging_mixin.py:188} INFO - [2026-02-17T10:48:52.471+0000] {dag.py:3089} INFO - Sync 1 DAGs
[2026-02-17T10:48:52.606+0000] {logging_mixin.py:188} INFO - [2026-02-17T10:48:52.605+0000] {dag.py:3947} INFO - Setting next_dagrun for minio_to_snowflake to 2026-02-17 10:45:00+00:00, run_after=2026-02-17 10:50:00+00:00
[2026-02-17T10:48:52.678+0000] {processor.py:183} INFO - Processing /opt/airflow/dags/minio_to_snowflake.py took 3.138 seconds
[2026-02-17T10:49:22.808+0000] {processor.py:161} INFO - Started process (PID=1673) to work on /opt/airflow/dags/minio_to_snowflake.py
[2026-02-17T10:49:22.809+0000] {processor.py:830} INFO - Processing file /opt/airflow/dags/minio_to_snowflake.py for tasks to queue
[2026-02-17T10:49:22.819+0000] {logging_mixin.py:188} INFO - [2026-02-17T10:49:22.818+0000] {dagbag.py:545} INFO - Filling up the DagBag from /opt/airflow/dags/minio_to_snowflake.py
[2026-02-17T10:49:24.341+0000] {processor.py:840} INFO - DAG(s) 'minio_to_snowflake' retrieved from /opt/airflow/dags/minio_to_snowflake.py
[2026-02-17T10:49:24.392+0000] {logging_mixin.py:188} INFO - [2026-02-17T10:49:24.390+0000] {dag.py:3089} INFO - Sync 1 DAGs
[2026-02-17T10:49:24.429+0000] {logging_mixin.py:188} INFO - [2026-02-17T10:49:24.428+0000] {dag.py:3947} INFO - Setting next_dagrun for minio_to_snowflake to 2026-02-17 10:45:00+00:00, run_after=2026-02-17 10:50:00+00:00
[2026-02-17T10:49:24.458+0000] {processor.py:183} INFO - Processing /opt/airflow/dags/minio_to_snowflake.py took 1.666 seconds
[2026-02-17T10:49:55.779+0000] {processor.py:161} INFO - Started process (PID=1869) to work on /opt/airflow/dags/minio_to_snowflake.py
[2026-02-17T10:49:55.795+0000] {processor.py:830} INFO - Processing file /opt/airflow/dags/minio_to_snowflake.py for tasks to queue
[2026-02-17T10:49:55.826+0000] {logging_mixin.py:188} INFO - [2026-02-17T10:49:55.824+0000] {dagbag.py:545} INFO - Filling up the DagBag from /opt/airflow/dags/minio_to_snowflake.py
[2026-02-17T10:50:00.840+0000] {processor.py:840} INFO - DAG(s) 'minio_to_snowflake' retrieved from /opt/airflow/dags/minio_to_snowflake.py
[2026-02-17T10:50:00.912+0000] {logging_mixin.py:188} INFO - [2026-02-17T10:50:00.911+0000] {dag.py:3089} INFO - Sync 1 DAGs
[2026-02-17T10:50:00.976+0000] {logging_mixin.py:188} INFO - [2026-02-17T10:50:00.976+0000] {dag.py:3947} INFO - Setting next_dagrun for minio_to_snowflake to 2026-02-17 10:45:00+00:00, run_after=2026-02-17 10:50:00+00:00
[2026-02-17T10:50:01.030+0000] {processor.py:183} INFO - Processing /opt/airflow/dags/minio_to_snowflake.py took 5.343 seconds
[2026-02-17T10:50:31.714+0000] {processor.py:161} INFO - Started process (PID=2319) to work on /opt/airflow/dags/minio_to_snowflake.py
[2026-02-17T10:50:31.722+0000] {processor.py:830} INFO - Processing file /opt/airflow/dags/minio_to_snowflake.py for tasks to queue
[2026-02-17T10:50:31.731+0000] {logging_mixin.py:188} INFO - [2026-02-17T10:50:31.729+0000] {dagbag.py:545} INFO - Filling up the DagBag from /opt/airflow/dags/minio_to_snowflake.py
[2026-02-17T10:50:36.931+0000] {processor.py:840} INFO - DAG(s) 'minio_to_snowflake' retrieved from /opt/airflow/dags/minio_to_snowflake.py
[2026-02-17T10:50:37.021+0000] {logging_mixin.py:188} INFO - [2026-02-17T10:50:37.019+0000] {dag.py:3089} INFO - Sync 1 DAGs
[2026-02-17T10:50:37.126+0000] {logging_mixin.py:188} INFO - [2026-02-17T10:50:37.125+0000] {dag.py:3947} INFO - Setting next_dagrun for minio_to_snowflake to 2026-02-17 10:50:00+00:00, run_after=2026-02-17 10:55:00+00:00
[2026-02-17T10:50:37.193+0000] {processor.py:183} INFO - Processing /opt/airflow/dags/minio_to_snowflake.py took 5.522 seconds
[2026-02-17T10:51:08.225+0000] {processor.py:161} INFO - Started process (PID=2406) to work on /opt/airflow/dags/minio_to_snowflake.py
[2026-02-17T10:51:08.233+0000] {processor.py:830} INFO - Processing file /opt/airflow/dags/minio_to_snowflake.py for tasks to queue
[2026-02-17T10:51:08.240+0000] {logging_mixin.py:188} INFO - [2026-02-17T10:51:08.239+0000] {dagbag.py:545} INFO - Filling up the DagBag from /opt/airflow/dags/minio_to_snowflake.py
[2026-02-17T10:51:11.484+0000] {processor.py:840} INFO - DAG(s) 'minio_to_snowflake' retrieved from /opt/airflow/dags/minio_to_snowflake.py
[2026-02-17T10:51:11.554+0000] {logging_mixin.py:188} INFO - [2026-02-17T10:51:11.553+0000] {dag.py:3089} INFO - Sync 1 DAGs
[2026-02-17T10:51:11.617+0000] {logging_mixin.py:188} INFO - [2026-02-17T10:51:11.616+0000] {dag.py:3947} INFO - Setting next_dagrun for minio_to_snowflake to 2026-02-17 10:50:00+00:00, run_after=2026-02-17 10:55:00+00:00
[2026-02-17T10:51:11.663+0000] {processor.py:183} INFO - Processing /opt/airflow/dags/minio_to_snowflake.py took 3.470 seconds
[2026-02-17T10:51:42.054+0000] {processor.py:161} INFO - Started process (PID=2504) to work on /opt/airflow/dags/minio_to_snowflake.py
[2026-02-17T10:51:42.061+0000] {processor.py:830} INFO - Processing file /opt/airflow/dags/minio_to_snowflake.py for tasks to queue
[2026-02-17T10:51:42.071+0000] {logging_mixin.py:188} INFO - [2026-02-17T10:51:42.069+0000] {dagbag.py:545} INFO - Filling up the DagBag from /opt/airflow/dags/minio_to_snowflake.py
[2026-02-17T10:51:45.088+0000] {processor.py:840} INFO - DAG(s) 'minio_to_snowflake' retrieved from /opt/airflow/dags/minio_to_snowflake.py
[2026-02-17T10:51:45.159+0000] {logging_mixin.py:188} INFO - [2026-02-17T10:51:45.158+0000] {dag.py:3089} INFO - Sync 1 DAGs
[2026-02-17T10:51:45.211+0000] {logging_mixin.py:188} INFO - [2026-02-17T10:51:45.211+0000] {dag.py:3947} INFO - Setting next_dagrun for minio_to_snowflake to 2026-02-17 10:50:00+00:00, run_after=2026-02-17 10:55:00+00:00
[2026-02-17T10:51:45.258+0000] {processor.py:183} INFO - Processing /opt/airflow/dags/minio_to_snowflake.py took 3.253 seconds
[2026-02-17T10:52:15.506+0000] {processor.py:161} INFO - Started process (PID=2603) to work on /opt/airflow/dags/minio_to_snowflake.py
[2026-02-17T10:52:15.508+0000] {processor.py:830} INFO - Processing file /opt/airflow/dags/minio_to_snowflake.py for tasks to queue
[2026-02-17T10:52:15.512+0000] {logging_mixin.py:188} INFO - [2026-02-17T10:52:15.511+0000] {dagbag.py:545} INFO - Filling up the DagBag from /opt/airflow/dags/minio_to_snowflake.py
[2026-02-17T10:52:16.653+0000] {processor.py:840} INFO - DAG(s) 'minio_to_snowflake' retrieved from /opt/airflow/dags/minio_to_snowflake.py
[2026-02-17T10:52:16.703+0000] {logging_mixin.py:188} INFO - [2026-02-17T10:52:16.702+0000] {dag.py:3089} INFO - Sync 1 DAGs
[2026-02-17T10:52:16.727+0000] {logging_mixin.py:188} INFO - [2026-02-17T10:52:16.726+0000] {dag.py:3947} INFO - Setting next_dagrun for minio_to_snowflake to 2026-02-17 10:50:00+00:00, run_after=2026-02-17 10:55:00+00:00
[2026-02-17T10:52:16.791+0000] {processor.py:183} INFO - Processing /opt/airflow/dags/minio_to_snowflake.py took 1.295 seconds
[2026-02-17T10:52:47.098+0000] {processor.py:161} INFO - Started process (PID=2708) to work on /opt/airflow/dags/minio_to_snowflake.py
[2026-02-17T10:52:47.101+0000] {processor.py:830} INFO - Processing file /opt/airflow/dags/minio_to_snowflake.py for tasks to queue
[2026-02-17T10:52:47.106+0000] {logging_mixin.py:188} INFO - [2026-02-17T10:52:47.105+0000] {dagbag.py:545} INFO - Filling up the DagBag from /opt/airflow/dags/minio_to_snowflake.py
[2026-02-17T10:52:49.537+0000] {processor.py:840} INFO - DAG(s) 'minio_to_snowflake' retrieved from /opt/airflow/dags/minio_to_snowflake.py
[2026-02-17T10:52:49.734+0000] {logging_mixin.py:188} INFO - [2026-02-17T10:52:49.721+0000] {dag.py:3089} INFO - Sync 1 DAGs
[2026-02-17T10:52:49.810+0000] {logging_mixin.py:188} INFO - [2026-02-17T10:52:49.810+0000] {dag.py:3947} INFO - Setting next_dagrun for minio_to_snowflake to 2026-02-17 10:50:00+00:00, run_after=2026-02-17 10:55:00+00:00
[2026-02-17T10:52:49.876+0000] {processor.py:183} INFO - Processing /opt/airflow/dags/minio_to_snowflake.py took 2.801 seconds
[2026-02-17T10:53:20.394+0000] {processor.py:161} INFO - Started process (PID=2793) to work on /opt/airflow/dags/minio_to_snowflake.py
[2026-02-17T10:53:20.405+0000] {processor.py:830} INFO - Processing file /opt/airflow/dags/minio_to_snowflake.py for tasks to queue
[2026-02-17T10:53:20.440+0000] {logging_mixin.py:188} INFO - [2026-02-17T10:53:20.438+0000] {dagbag.py:545} INFO - Filling up the DagBag from /opt/airflow/dags/minio_to_snowflake.py
[2026-02-17T10:53:28.917+0000] {processor.py:840} INFO - DAG(s) 'minio_to_snowflake' retrieved from /opt/airflow/dags/minio_to_snowflake.py
[2026-02-17T10:53:29.162+0000] {logging_mixin.py:188} INFO - [2026-02-17T10:53:29.159+0000] {dag.py:3089} INFO - Sync 1 DAGs
[2026-02-17T10:53:29.539+0000] {logging_mixin.py:188} INFO - [2026-02-17T10:53:29.538+0000] {dag.py:3947} INFO - Setting next_dagrun for minio_to_snowflake to 2026-02-17 10:50:00+00:00, run_after=2026-02-17 10:55:00+00:00
[2026-02-17T10:53:29.762+0000] {processor.py:183} INFO - Processing /opt/airflow/dags/minio_to_snowflake.py took 9.401 seconds
[2026-02-17T10:54:00.411+0000] {processor.py:161} INFO - Started process (PID=2800) to work on /opt/airflow/dags/minio_to_snowflake.py
[2026-02-17T10:54:00.417+0000] {processor.py:830} INFO - Processing file /opt/airflow/dags/minio_to_snowflake.py for tasks to queue
[2026-02-17T10:54:00.434+0000] {logging_mixin.py:188} INFO - [2026-02-17T10:54:00.430+0000] {dagbag.py:545} INFO - Filling up the DagBag from /opt/airflow/dags/minio_to_snowflake.py
[2026-02-17T10:54:05.868+0000] {processor.py:840} INFO - DAG(s) 'minio_to_snowflake' retrieved from /opt/airflow/dags/minio_to_snowflake.py
[2026-02-17T10:54:06.017+0000] {logging_mixin.py:188} INFO - [2026-02-17T10:54:06.016+0000] {dag.py:3089} INFO - Sync 1 DAGs
[2026-02-17T10:54:06.099+0000] {logging_mixin.py:188} INFO - [2026-02-17T10:54:06.099+0000] {dag.py:3947} INFO - Setting next_dagrun for minio_to_snowflake to 2026-02-17 10:50:00+00:00, run_after=2026-02-17 10:55:00+00:00
[2026-02-17T10:54:06.164+0000] {processor.py:183} INFO - Processing /opt/airflow/dags/minio_to_snowflake.py took 5.798 seconds
[2026-02-17T10:54:36.858+0000] {processor.py:161} INFO - Started process (PID=2807) to work on /opt/airflow/dags/minio_to_snowflake.py
[2026-02-17T10:54:36.860+0000] {processor.py:830} INFO - Processing file /opt/airflow/dags/minio_to_snowflake.py for tasks to queue
[2026-02-17T10:54:36.865+0000] {logging_mixin.py:188} INFO - [2026-02-17T10:54:36.864+0000] {dagbag.py:545} INFO - Filling up the DagBag from /opt/airflow/dags/minio_to_snowflake.py
[2026-02-17T10:54:38.031+0000] {processor.py:840} INFO - DAG(s) 'minio_to_snowflake' retrieved from /opt/airflow/dags/minio_to_snowflake.py
[2026-02-17T10:54:38.074+0000] {logging_mixin.py:188} INFO - [2026-02-17T10:54:38.073+0000] {dag.py:3089} INFO - Sync 1 DAGs
[2026-02-17T10:54:38.101+0000] {logging_mixin.py:188} INFO - [2026-02-17T10:54:38.101+0000] {dag.py:3947} INFO - Setting next_dagrun for minio_to_snowflake to 2026-02-17 10:50:00+00:00, run_after=2026-02-17 10:55:00+00:00
[2026-02-17T10:54:38.171+0000] {processor.py:183} INFO - Processing /opt/airflow/dags/minio_to_snowflake.py took 1.324 seconds
[2026-02-17T10:55:08.498+0000] {processor.py:161} INFO - Started process (PID=2818) to work on /opt/airflow/dags/minio_to_snowflake.py
[2026-02-17T10:55:08.516+0000] {processor.py:830} INFO - Processing file /opt/airflow/dags/minio_to_snowflake.py for tasks to queue
[2026-02-17T10:55:08.549+0000] {logging_mixin.py:188} INFO - [2026-02-17T10:55:08.544+0000] {dagbag.py:545} INFO - Filling up the DagBag from /opt/airflow/dags/minio_to_snowflake.py
[2026-02-17T10:55:13.167+0000] {processor.py:840} INFO - DAG(s) 'minio_to_snowflake' retrieved from /opt/airflow/dags/minio_to_snowflake.py
[2026-02-17T10:55:13.295+0000] {logging_mixin.py:188} INFO - [2026-02-17T10:55:13.294+0000] {dag.py:3089} INFO - Sync 1 DAGs
[2026-02-17T10:55:13.418+0000] {logging_mixin.py:188} INFO - [2026-02-17T10:55:13.417+0000] {dag.py:3947} INFO - Setting next_dagrun for minio_to_snowflake to 2026-02-17 10:55:00+00:00, run_after=2026-02-17 11:00:00+00:00
[2026-02-17T10:55:13.527+0000] {processor.py:183} INFO - Processing /opt/airflow/dags/minio_to_snowflake.py took 5.146 seconds
[2026-02-17T10:55:44.136+0000] {processor.py:161} INFO - Started process (PID=3579) to work on /opt/airflow/dags/minio_to_snowflake.py
[2026-02-17T10:55:44.140+0000] {processor.py:830} INFO - Processing file /opt/airflow/dags/minio_to_snowflake.py for tasks to queue
[2026-02-17T10:55:44.149+0000] {logging_mixin.py:188} INFO - [2026-02-17T10:55:44.147+0000] {dagbag.py:545} INFO - Filling up the DagBag from /opt/airflow/dags/minio_to_snowflake.py
[2026-02-17T10:55:47.186+0000] {processor.py:840} INFO - DAG(s) 'minio_to_snowflake' retrieved from /opt/airflow/dags/minio_to_snowflake.py
[2026-02-17T10:55:47.275+0000] {logging_mixin.py:188} INFO - [2026-02-17T10:55:47.275+0000] {dag.py:3089} INFO - Sync 1 DAGs
[2026-02-17T10:55:47.337+0000] {logging_mixin.py:188} INFO - [2026-02-17T10:55:47.337+0000] {dag.py:3947} INFO - Setting next_dagrun for minio_to_snowflake to 2026-02-17 10:55:00+00:00, run_after=2026-02-17 11:00:00+00:00
[2026-02-17T10:55:47.373+0000] {processor.py:183} INFO - Processing /opt/airflow/dags/minio_to_snowflake.py took 3.261 seconds
[2026-02-17T10:56:17.707+0000] {processor.py:161} INFO - Started process (PID=3662) to work on /opt/airflow/dags/minio_to_snowflake.py
[2026-02-17T10:56:17.708+0000] {processor.py:830} INFO - Processing file /opt/airflow/dags/minio_to_snowflake.py for tasks to queue
[2026-02-17T10:56:17.713+0000] {logging_mixin.py:188} INFO - [2026-02-17T10:56:17.712+0000] {dagbag.py:545} INFO - Filling up the DagBag from /opt/airflow/dags/minio_to_snowflake.py
[2026-02-17T10:56:21.242+0000] {processor.py:840} INFO - DAG(s) 'minio_to_snowflake' retrieved from /opt/airflow/dags/minio_to_snowflake.py
[2026-02-17T10:56:21.329+0000] {logging_mixin.py:188} INFO - [2026-02-17T10:56:21.328+0000] {dag.py:3089} INFO - Sync 1 DAGs
[2026-02-17T10:56:21.455+0000] {logging_mixin.py:188} INFO - [2026-02-17T10:56:21.451+0000] {dag.py:3947} INFO - Setting next_dagrun for minio_to_snowflake to 2026-02-17 10:55:00+00:00, run_after=2026-02-17 11:00:00+00:00
[2026-02-17T10:56:21.688+0000] {processor.py:183} INFO - Processing /opt/airflow/dags/minio_to_snowflake.py took 3.992 seconds
[2026-02-17T10:56:52.338+0000] {processor.py:161} INFO - Started process (PID=3753) to work on /opt/airflow/dags/minio_to_snowflake.py
[2026-02-17T10:56:52.340+0000] {processor.py:830} INFO - Processing file /opt/airflow/dags/minio_to_snowflake.py for tasks to queue
[2026-02-17T10:56:52.344+0000] {logging_mixin.py:188} INFO - [2026-02-17T10:56:52.344+0000] {dagbag.py:545} INFO - Filling up the DagBag from /opt/airflow/dags/minio_to_snowflake.py
[2026-02-17T10:56:53.638+0000] {processor.py:840} INFO - DAG(s) 'minio_to_snowflake' retrieved from /opt/airflow/dags/minio_to_snowflake.py
[2026-02-17T10:56:53.674+0000] {logging_mixin.py:188} INFO - [2026-02-17T10:56:53.673+0000] {dag.py:3089} INFO - Sync 1 DAGs
[2026-02-17T10:56:53.703+0000] {logging_mixin.py:188} INFO - [2026-02-17T10:56:53.703+0000] {dag.py:3947} INFO - Setting next_dagrun for minio_to_snowflake to 2026-02-17 10:55:00+00:00, run_after=2026-02-17 11:00:00+00:00
[2026-02-17T10:56:53.728+0000] {processor.py:183} INFO - Processing /opt/airflow/dags/minio_to_snowflake.py took 1.444 seconds
[2026-02-17T10:57:24.024+0000] {processor.py:161} INFO - Started process (PID=3852) to work on /opt/airflow/dags/minio_to_snowflake.py
[2026-02-17T10:57:24.025+0000] {processor.py:830} INFO - Processing file /opt/airflow/dags/minio_to_snowflake.py for tasks to queue
[2026-02-17T10:57:24.028+0000] {logging_mixin.py:188} INFO - [2026-02-17T10:57:24.028+0000] {dagbag.py:545} INFO - Filling up the DagBag from /opt/airflow/dags/minio_to_snowflake.py
[2026-02-17T10:57:26.491+0000] {processor.py:840} INFO - DAG(s) 'minio_to_snowflake' retrieved from /opt/airflow/dags/minio_to_snowflake.py
[2026-02-17T10:57:26.582+0000] {logging_mixin.py:188} INFO - [2026-02-17T10:57:26.577+0000] {dag.py:3089} INFO - Sync 1 DAGs
[2026-02-17T10:57:26.662+0000] {logging_mixin.py:188} INFO - [2026-02-17T10:57:26.661+0000] {dag.py:3947} INFO - Setting next_dagrun for minio_to_snowflake to 2026-02-17 10:55:00+00:00, run_after=2026-02-17 11:00:00+00:00
[2026-02-17T10:57:26.738+0000] {processor.py:183} INFO - Processing /opt/airflow/dags/minio_to_snowflake.py took 2.722 seconds
[2026-02-17T10:57:57.681+0000] {processor.py:161} INFO - Started process (PID=3939) to work on /opt/airflow/dags/minio_to_snowflake.py
[2026-02-17T10:57:57.689+0000] {processor.py:830} INFO - Processing file /opt/airflow/dags/minio_to_snowflake.py for tasks to queue
[2026-02-17T10:57:57.699+0000] {logging_mixin.py:188} INFO - [2026-02-17T10:57:57.698+0000] {dagbag.py:545} INFO - Filling up the DagBag from /opt/airflow/dags/minio_to_snowflake.py
[2026-02-17T10:58:08.441+0000] {processor.py:840} INFO - DAG(s) 'minio_to_snowflake' retrieved from /opt/airflow/dags/minio_to_snowflake.py
[2026-02-17T10:58:08.560+0000] {logging_mixin.py:188} INFO - [2026-02-17T10:58:08.558+0000] {dag.py:3089} INFO - Sync 1 DAGs
[2026-02-17T10:58:08.666+0000] {logging_mixin.py:188} INFO - [2026-02-17T10:58:08.665+0000] {dag.py:3947} INFO - Setting next_dagrun for minio_to_snowflake to 2026-02-17 10:55:00+00:00, run_after=2026-02-17 11:00:00+00:00
[2026-02-17T10:58:08.772+0000] {processor.py:183} INFO - Processing /opt/airflow/dags/minio_to_snowflake.py took 11.161 seconds
[2026-02-17T10:58:38.980+0000] {processor.py:161} INFO - Started process (PID=4030) to work on /opt/airflow/dags/minio_to_snowflake.py
[2026-02-17T10:58:38.982+0000] {processor.py:830} INFO - Processing file /opt/airflow/dags/minio_to_snowflake.py for tasks to queue
[2026-02-17T10:58:38.985+0000] {logging_mixin.py:188} INFO - [2026-02-17T10:58:38.985+0000] {dagbag.py:545} INFO - Filling up the DagBag from /opt/airflow/dags/minio_to_snowflake.py
[2026-02-17T10:58:40.241+0000] {processor.py:840} INFO - DAG(s) 'minio_to_snowflake' retrieved from /opt/airflow/dags/minio_to_snowflake.py
[2026-02-17T10:58:40.276+0000] {logging_mixin.py:188} INFO - [2026-02-17T10:58:40.276+0000] {dag.py:3089} INFO - Sync 1 DAGs
[2026-02-17T10:58:40.302+0000] {logging_mixin.py:188} INFO - [2026-02-17T10:58:40.302+0000] {dag.py:3947} INFO - Setting next_dagrun for minio_to_snowflake to 2026-02-17 10:55:00+00:00, run_after=2026-02-17 11:00:00+00:00
[2026-02-17T10:58:40.327+0000] {processor.py:183} INFO - Processing /opt/airflow/dags/minio_to_snowflake.py took 1.356 seconds
[2026-02-17T10:59:10.592+0000] {processor.py:161} INFO - Started process (PID=4119) to work on /opt/airflow/dags/minio_to_snowflake.py
[2026-02-17T10:59:10.598+0000] {processor.py:830} INFO - Processing file /opt/airflow/dags/minio_to_snowflake.py for tasks to queue
[2026-02-17T10:59:10.606+0000] {logging_mixin.py:188} INFO - [2026-02-17T10:59:10.605+0000] {dagbag.py:545} INFO - Filling up the DagBag from /opt/airflow/dags/minio_to_snowflake.py
[2026-02-17T10:59:13.375+0000] {processor.py:840} INFO - DAG(s) 'minio_to_snowflake' retrieved from /opt/airflow/dags/minio_to_snowflake.py
[2026-02-17T10:59:13.445+0000] {logging_mixin.py:188} INFO - [2026-02-17T10:59:13.443+0000] {dag.py:3089} INFO - Sync 1 DAGs
[2026-02-17T10:59:13.506+0000] {logging_mixin.py:188} INFO - [2026-02-17T10:59:13.506+0000] {dag.py:3947} INFO - Setting next_dagrun for minio_to_snowflake to 2026-02-17 10:55:00+00:00, run_after=2026-02-17 11:00:00+00:00
[2026-02-17T10:59:13.566+0000] {processor.py:183} INFO - Processing /opt/airflow/dags/minio_to_snowflake.py took 3.035 seconds
[2026-02-17T10:59:44.114+0000] {processor.py:161} INFO - Started process (PID=4199) to work on /opt/airflow/dags/minio_to_snowflake.py
[2026-02-17T10:59:44.118+0000] {processor.py:830} INFO - Processing file /opt/airflow/dags/minio_to_snowflake.py for tasks to queue
[2026-02-17T10:59:44.131+0000] {logging_mixin.py:188} INFO - [2026-02-17T10:59:44.130+0000] {dagbag.py:545} INFO - Filling up the DagBag from /opt/airflow/dags/minio_to_snowflake.py
[2026-02-17T10:59:47.432+0000] {processor.py:840} INFO - DAG(s) 'minio_to_snowflake' retrieved from /opt/airflow/dags/minio_to_snowflake.py
[2026-02-17T10:59:47.502+0000] {logging_mixin.py:188} INFO - [2026-02-17T10:59:47.501+0000] {dag.py:3089} INFO - Sync 1 DAGs
[2026-02-17T10:59:47.576+0000] {logging_mixin.py:188} INFO - [2026-02-17T10:59:47.576+0000] {dag.py:3947} INFO - Setting next_dagrun for minio_to_snowflake to 2026-02-17 10:55:00+00:00, run_after=2026-02-17 11:00:00+00:00
[2026-02-17T10:59:47.670+0000] {processor.py:183} INFO - Processing /opt/airflow/dags/minio_to_snowflake.py took 3.583 seconds
[2026-02-17T11:00:17.970+0000] {processor.py:161} INFO - Started process (PID=4956) to work on /opt/airflow/dags/minio_to_snowflake.py
[2026-02-17T11:00:17.977+0000] {processor.py:830} INFO - Processing file /opt/airflow/dags/minio_to_snowflake.py for tasks to queue
[2026-02-17T11:00:18.009+0000] {logging_mixin.py:188} INFO - [2026-02-17T11:00:18.002+0000] {dagbag.py:545} INFO - Filling up the DagBag from /opt/airflow/dags/minio_to_snowflake.py
[2026-02-17T11:00:28.385+0000] {processor.py:840} INFO - DAG(s) 'minio_to_snowflake' retrieved from /opt/airflow/dags/minio_to_snowflake.py
[2026-02-17T11:00:28.551+0000] {logging_mixin.py:188} INFO - [2026-02-17T11:00:28.550+0000] {dag.py:3089} INFO - Sync 1 DAGs
[2026-02-17T11:00:28.668+0000] {logging_mixin.py:188} INFO - [2026-02-17T11:00:28.667+0000] {dag.py:3947} INFO - Setting next_dagrun for minio_to_snowflake to 2026-02-17 11:00:00+00:00, run_after=2026-02-17 11:05:00+00:00
[2026-02-17T11:00:28.737+0000] {processor.py:183} INFO - Processing /opt/airflow/dags/minio_to_snowflake.py took 10.834 seconds
[2026-02-17T11:00:59.389+0000] {processor.py:161} INFO - Started process (PID=5377) to work on /opt/airflow/dags/minio_to_snowflake.py
[2026-02-17T11:00:59.393+0000] {processor.py:830} INFO - Processing file /opt/airflow/dags/minio_to_snowflake.py for tasks to queue
[2026-02-17T11:00:59.420+0000] {logging_mixin.py:188} INFO - [2026-02-17T11:00:59.419+0000] {dagbag.py:545} INFO - Filling up the DagBag from /opt/airflow/dags/minio_to_snowflake.py
[2026-02-17T11:01:00.539+0000] {processor.py:840} INFO - DAG(s) 'minio_to_snowflake' retrieved from /opt/airflow/dags/minio_to_snowflake.py
[2026-02-17T11:01:00.573+0000] {logging_mixin.py:188} INFO - [2026-02-17T11:01:00.572+0000] {dag.py:3089} INFO - Sync 1 DAGs
[2026-02-17T11:01:00.608+0000] {logging_mixin.py:188} INFO - [2026-02-17T11:01:00.608+0000] {dag.py:3947} INFO - Setting next_dagrun for minio_to_snowflake to 2026-02-17 11:00:00+00:00, run_after=2026-02-17 11:05:00+00:00
[2026-02-17T11:01:00.633+0000] {processor.py:183} INFO - Processing /opt/airflow/dags/minio_to_snowflake.py took 1.335 seconds
[2026-02-17T11:01:30.934+0000] {processor.py:161} INFO - Started process (PID=5479) to work on /opt/airflow/dags/minio_to_snowflake.py
[2026-02-17T11:01:30.936+0000] {processor.py:830} INFO - Processing file /opt/airflow/dags/minio_to_snowflake.py for tasks to queue
[2026-02-17T11:01:30.940+0000] {logging_mixin.py:188} INFO - [2026-02-17T11:01:30.939+0000] {dagbag.py:545} INFO - Filling up the DagBag from /opt/airflow/dags/minio_to_snowflake.py
[2026-02-17T11:01:31.896+0000] {processor.py:840} INFO - DAG(s) 'minio_to_snowflake' retrieved from /opt/airflow/dags/minio_to_snowflake.py
[2026-02-17T11:01:31.930+0000] {logging_mixin.py:188} INFO - [2026-02-17T11:01:31.929+0000] {dag.py:3089} INFO - Sync 1 DAGs
[2026-02-17T11:01:31.958+0000] {logging_mixin.py:188} INFO - [2026-02-17T11:01:31.958+0000] {dag.py:3947} INFO - Setting next_dagrun for minio_to_snowflake to 2026-02-17 11:00:00+00:00, run_after=2026-02-17 11:05:00+00:00
[2026-02-17T11:01:31.986+0000] {processor.py:183} INFO - Processing /opt/airflow/dags/minio_to_snowflake.py took 1.062 seconds
[2026-02-17T11:02:02.203+0000] {processor.py:161} INFO - Started process (PID=5548) to work on /opt/airflow/dags/minio_to_snowflake.py
[2026-02-17T11:02:02.204+0000] {processor.py:830} INFO - Processing file /opt/airflow/dags/minio_to_snowflake.py for tasks to queue
[2026-02-17T11:02:02.208+0000] {logging_mixin.py:188} INFO - [2026-02-17T11:02:02.207+0000] {dagbag.py:545} INFO - Filling up the DagBag from /opt/airflow/dags/minio_to_snowflake.py
[2026-02-17T11:02:03.203+0000] {processor.py:840} INFO - DAG(s) 'minio_to_snowflake' retrieved from /opt/airflow/dags/minio_to_snowflake.py
[2026-02-17T11:02:03.243+0000] {logging_mixin.py:188} INFO - [2026-02-17T11:02:03.242+0000] {dag.py:3089} INFO - Sync 1 DAGs
[2026-02-17T11:02:03.274+0000] {logging_mixin.py:188} INFO - [2026-02-17T11:02:03.273+0000] {dag.py:3947} INFO - Setting next_dagrun for minio_to_snowflake to 2026-02-17 11:00:00+00:00, run_after=2026-02-17 11:05:00+00:00
[2026-02-17T11:02:03.301+0000] {processor.py:183} INFO - Processing /opt/airflow/dags/minio_to_snowflake.py took 1.107 seconds
[2026-02-17T11:02:33.810+0000] {processor.py:161} INFO - Started process (PID=5623) to work on /opt/airflow/dags/minio_to_snowflake.py
[2026-02-17T11:02:33.813+0000] {processor.py:830} INFO - Processing file /opt/airflow/dags/minio_to_snowflake.py for tasks to queue
[2026-02-17T11:02:33.820+0000] {logging_mixin.py:188} INFO - [2026-02-17T11:02:33.819+0000] {dagbag.py:545} INFO - Filling up the DagBag from /opt/airflow/dags/minio_to_snowflake.py
[2026-02-17T11:02:36.204+0000] {processor.py:840} INFO - DAG(s) 'minio_to_snowflake' retrieved from /opt/airflow/dags/minio_to_snowflake.py
[2026-02-17T11:02:36.274+0000] {logging_mixin.py:188} INFO - [2026-02-17T11:02:36.273+0000] {dag.py:3089} INFO - Sync 1 DAGs
[2026-02-17T11:02:36.336+0000] {logging_mixin.py:188} INFO - [2026-02-17T11:02:36.335+0000] {dag.py:3947} INFO - Setting next_dagrun for minio_to_snowflake to 2026-02-17 11:00:00+00:00, run_after=2026-02-17 11:05:00+00:00
[2026-02-17T11:02:36.390+0000] {processor.py:183} INFO - Processing /opt/airflow/dags/minio_to_snowflake.py took 2.600 seconds
[2026-02-17T11:03:07.358+0000] {processor.py:161} INFO - Started process (PID=5711) to work on /opt/airflow/dags/minio_to_snowflake.py
[2026-02-17T11:03:07.362+0000] {processor.py:830} INFO - Processing file /opt/airflow/dags/minio_to_snowflake.py for tasks to queue
[2026-02-17T11:03:07.374+0000] {logging_mixin.py:188} INFO - [2026-02-17T11:03:07.371+0000] {dagbag.py:545} INFO - Filling up the DagBag from /opt/airflow/dags/minio_to_snowflake.py
[2026-02-17T11:03:10.180+0000] {processor.py:840} INFO - DAG(s) 'minio_to_snowflake' retrieved from /opt/airflow/dags/minio_to_snowflake.py
[2026-02-17T11:03:10.272+0000] {logging_mixin.py:188} INFO - [2026-02-17T11:03:10.271+0000] {dag.py:3089} INFO - Sync 1 DAGs
[2026-02-17T11:03:10.336+0000] {logging_mixin.py:188} INFO - [2026-02-17T11:03:10.335+0000] {dag.py:3947} INFO - Setting next_dagrun for minio_to_snowflake to 2026-02-17 11:00:00+00:00, run_after=2026-02-17 11:05:00+00:00
[2026-02-17T11:03:10.409+0000] {processor.py:183} INFO - Processing /opt/airflow/dags/minio_to_snowflake.py took 3.077 seconds
[2026-02-17T11:03:40.927+0000] {processor.py:161} INFO - Started process (PID=5806) to work on /opt/airflow/dags/minio_to_snowflake.py
[2026-02-17T11:03:40.930+0000] {processor.py:830} INFO - Processing file /opt/airflow/dags/minio_to_snowflake.py for tasks to queue
[2026-02-17T11:03:40.939+0000] {logging_mixin.py:188} INFO - [2026-02-17T11:03:40.938+0000] {dagbag.py:545} INFO - Filling up the DagBag from /opt/airflow/dags/minio_to_snowflake.py
[2026-02-17T11:03:43.754+0000] {processor.py:840} INFO - DAG(s) 'minio_to_snowflake' retrieved from /opt/airflow/dags/minio_to_snowflake.py
[2026-02-17T11:03:43.825+0000] {logging_mixin.py:188} INFO - [2026-02-17T11:03:43.824+0000] {dag.py:3089} INFO - Sync 1 DAGs
[2026-02-17T11:03:43.884+0000] {logging_mixin.py:188} INFO - [2026-02-17T11:03:43.884+0000] {dag.py:3947} INFO - Setting next_dagrun for minio_to_snowflake to 2026-02-17 11:00:00+00:00, run_after=2026-02-17 11:05:00+00:00
[2026-02-17T11:03:43.929+0000] {processor.py:183} INFO - Processing /opt/airflow/dags/minio_to_snowflake.py took 3.025 seconds
[2026-02-17T11:04:14.137+0000] {processor.py:161} INFO - Started process (PID=5914) to work on /opt/airflow/dags/minio_to_snowflake.py
[2026-02-17T11:04:14.139+0000] {processor.py:830} INFO - Processing file /opt/airflow/dags/minio_to_snowflake.py for tasks to queue
[2026-02-17T11:04:14.143+0000] {logging_mixin.py:188} INFO - [2026-02-17T11:04:14.142+0000] {dagbag.py:545} INFO - Filling up the DagBag from /opt/airflow/dags/minio_to_snowflake.py
[2026-02-17T11:04:15.455+0000] {processor.py:840} INFO - DAG(s) 'minio_to_snowflake' retrieved from /opt/airflow/dags/minio_to_snowflake.py
[2026-02-17T11:04:15.499+0000] {logging_mixin.py:188} INFO - [2026-02-17T11:04:15.498+0000] {dag.py:3089} INFO - Sync 1 DAGs
[2026-02-17T11:04:15.530+0000] {logging_mixin.py:188} INFO - [2026-02-17T11:04:15.530+0000] {dag.py:3947} INFO - Setting next_dagrun for minio_to_snowflake to 2026-02-17 11:00:00+00:00, run_after=2026-02-17 11:05:00+00:00
[2026-02-17T11:04:15.555+0000] {processor.py:183} INFO - Processing /opt/airflow/dags/minio_to_snowflake.py took 1.431 seconds
[2026-02-17T11:04:46.103+0000] {processor.py:161} INFO - Started process (PID=6011) to work on /opt/airflow/dags/minio_to_snowflake.py
[2026-02-17T11:04:46.107+0000] {processor.py:830} INFO - Processing file /opt/airflow/dags/minio_to_snowflake.py for tasks to queue
[2026-02-17T11:04:46.114+0000] {logging_mixin.py:188} INFO - [2026-02-17T11:04:46.113+0000] {dagbag.py:545} INFO - Filling up the DagBag from /opt/airflow/dags/minio_to_snowflake.py
[2026-02-17T11:04:48.736+0000] {processor.py:840} INFO - DAG(s) 'minio_to_snowflake' retrieved from /opt/airflow/dags/minio_to_snowflake.py
[2026-02-17T11:04:48.813+0000] {logging_mixin.py:188} INFO - [2026-02-17T11:04:48.812+0000] {dag.py:3089} INFO - Sync 1 DAGs
[2026-02-17T11:04:48.874+0000] {logging_mixin.py:188} INFO - [2026-02-17T11:04:48.873+0000] {dag.py:3947} INFO - Setting next_dagrun for minio_to_snowflake to 2026-02-17 11:00:00+00:00, run_after=2026-02-17 11:05:00+00:00
[2026-02-17T11:04:48.924+0000] {processor.py:183} INFO - Processing /opt/airflow/dags/minio_to_snowflake.py took 2.844 seconds
[2026-02-17T11:05:19.659+0000] {processor.py:161} INFO - Started process (PID=7116) to work on /opt/airflow/dags/minio_to_snowflake.py
[2026-02-17T11:05:19.666+0000] {processor.py:830} INFO - Processing file /opt/airflow/dags/minio_to_snowflake.py for tasks to queue
[2026-02-17T11:05:19.679+0000] {logging_mixin.py:188} INFO - [2026-02-17T11:05:19.677+0000] {dagbag.py:545} INFO - Filling up the DagBag from /opt/airflow/dags/minio_to_snowflake.py
[2026-02-17T11:05:25.227+0000] {processor.py:840} INFO - DAG(s) 'minio_to_snowflake' retrieved from /opt/airflow/dags/minio_to_snowflake.py
[2026-02-17T11:05:25.414+0000] {logging_mixin.py:188} INFO - [2026-02-17T11:05:25.410+0000] {dag.py:3089} INFO - Sync 1 DAGs
[2026-02-17T11:05:25.580+0000] {logging_mixin.py:188} INFO - [2026-02-17T11:05:25.579+0000] {dag.py:3947} INFO - Setting next_dagrun for minio_to_snowflake to 2026-02-17 11:05:00+00:00, run_after=2026-02-17 11:10:00+00:00
[2026-02-17T11:05:25.765+0000] {processor.py:183} INFO - Processing /opt/airflow/dags/minio_to_snowflake.py took 6.147 seconds
[2026-02-17T11:05:56.530+0000] {processor.py:161} INFO - Started process (PID=7476) to work on /opt/airflow/dags/minio_to_snowflake.py
[2026-02-17T11:05:56.538+0000] {processor.py:830} INFO - Processing file /opt/airflow/dags/minio_to_snowflake.py for tasks to queue
[2026-02-17T11:05:56.559+0000] {logging_mixin.py:188} INFO - [2026-02-17T11:05:56.553+0000] {dagbag.py:545} INFO - Filling up the DagBag from /opt/airflow/dags/minio_to_snowflake.py
[2026-02-17T11:06:04.362+0000] {processor.py:840} INFO - DAG(s) 'minio_to_snowflake' retrieved from /opt/airflow/dags/minio_to_snowflake.py
[2026-02-17T11:06:04.678+0000] {logging_mixin.py:188} INFO - [2026-02-17T11:06:04.674+0000] {dag.py:3089} INFO - Sync 1 DAGs
[2026-02-17T11:06:04.795+0000] {logging_mixin.py:188} INFO - [2026-02-17T11:06:04.794+0000] {dag.py:3947} INFO - Setting next_dagrun for minio_to_snowflake to 2026-02-17 11:05:00+00:00, run_after=2026-02-17 11:10:00+00:00
[2026-02-17T11:06:04.871+0000] {processor.py:183} INFO - Processing /opt/airflow/dags/minio_to_snowflake.py took 8.410 seconds
[2026-02-17T11:06:35.197+0000] {processor.py:161} INFO - Started process (PID=7695) to work on /opt/airflow/dags/minio_to_snowflake.py
[2026-02-17T11:06:35.203+0000] {processor.py:830} INFO - Processing file /opt/airflow/dags/minio_to_snowflake.py for tasks to queue
[2026-02-17T11:06:35.227+0000] {logging_mixin.py:188} INFO - [2026-02-17T11:06:35.217+0000] {dagbag.py:545} INFO - Filling up the DagBag from /opt/airflow/dags/minio_to_snowflake.py
[2026-02-17T11:06:37.237+0000] {processor.py:840} INFO - DAG(s) 'minio_to_snowflake' retrieved from /opt/airflow/dags/minio_to_snowflake.py
[2026-02-17T11:06:37.296+0000] {logging_mixin.py:188} INFO - [2026-02-17T11:06:37.296+0000] {dag.py:3089} INFO - Sync 1 DAGs
[2026-02-17T11:06:37.344+0000] {logging_mixin.py:188} INFO - [2026-02-17T11:06:37.344+0000] {dag.py:3947} INFO - Setting next_dagrun for minio_to_snowflake to 2026-02-17 11:05:00+00:00, run_after=2026-02-17 11:10:00+00:00
[2026-02-17T11:06:37.384+0000] {processor.py:183} INFO - Processing /opt/airflow/dags/minio_to_snowflake.py took 2.236 seconds
[2026-02-17T11:07:07.891+0000] {processor.py:161} INFO - Started process (PID=7857) to work on /opt/airflow/dags/minio_to_snowflake.py
[2026-02-17T11:07:07.898+0000] {processor.py:830} INFO - Processing file /opt/airflow/dags/minio_to_snowflake.py for tasks to queue
[2026-02-17T11:07:07.912+0000] {logging_mixin.py:188} INFO - [2026-02-17T11:07:07.910+0000] {dagbag.py:545} INFO - Filling up the DagBag from /opt/airflow/dags/minio_to_snowflake.py
[2026-02-17T11:07:11.884+0000] {processor.py:840} INFO - DAG(s) 'minio_to_snowflake' retrieved from /opt/airflow/dags/minio_to_snowflake.py
[2026-02-17T11:07:11.960+0000] {logging_mixin.py:188} INFO - [2026-02-17T11:07:11.959+0000] {dag.py:3089} INFO - Sync 1 DAGs
[2026-02-17T11:07:12.023+0000] {logging_mixin.py:188} INFO - [2026-02-17T11:07:12.022+0000] {dag.py:3947} INFO - Setting next_dagrun for minio_to_snowflake to 2026-02-17 11:05:00+00:00, run_after=2026-02-17 11:10:00+00:00
[2026-02-17T11:07:12.072+0000] {processor.py:183} INFO - Processing /opt/airflow/dags/minio_to_snowflake.py took 4.249 seconds
[2026-02-17T11:07:42.481+0000] {processor.py:161} INFO - Started process (PID=7960) to work on /opt/airflow/dags/minio_to_snowflake.py
[2026-02-17T11:07:42.483+0000] {processor.py:830} INFO - Processing file /opt/airflow/dags/minio_to_snowflake.py for tasks to queue
[2026-02-17T11:07:42.486+0000] {logging_mixin.py:188} INFO - [2026-02-17T11:07:42.485+0000] {dagbag.py:545} INFO - Filling up the DagBag from /opt/airflow/dags/minio_to_snowflake.py
[2026-02-17T11:07:43.574+0000] {processor.py:840} INFO - DAG(s) 'minio_to_snowflake' retrieved from /opt/airflow/dags/minio_to_snowflake.py
[2026-02-17T11:07:43.619+0000] {logging_mixin.py:188} INFO - [2026-02-17T11:07:43.618+0000] {dag.py:3089} INFO - Sync 1 DAGs
[2026-02-17T11:07:43.644+0000] {logging_mixin.py:188} INFO - [2026-02-17T11:07:43.644+0000] {dag.py:3947} INFO - Setting next_dagrun for minio_to_snowflake to 2026-02-17 11:05:00+00:00, run_after=2026-02-17 11:10:00+00:00
[2026-02-17T11:07:43.669+0000] {processor.py:183} INFO - Processing /opt/airflow/dags/minio_to_snowflake.py took 1.199 seconds
[2026-02-17T11:08:14.054+0000] {processor.py:161} INFO - Started process (PID=8061) to work on /opt/airflow/dags/minio_to_snowflake.py
[2026-02-17T11:08:14.061+0000] {processor.py:830} INFO - Processing file /opt/airflow/dags/minio_to_snowflake.py for tasks to queue
[2026-02-17T11:08:14.079+0000] {logging_mixin.py:188} INFO - [2026-02-17T11:08:14.077+0000] {dagbag.py:545} INFO - Filling up the DagBag from /opt/airflow/dags/minio_to_snowflake.py
[2026-02-17T11:08:19.277+0000] {processor.py:840} INFO - DAG(s) 'minio_to_snowflake' retrieved from /opt/airflow/dags/minio_to_snowflake.py
[2026-02-17T11:08:19.395+0000] {logging_mixin.py:188} INFO - [2026-02-17T11:08:19.391+0000] {dag.py:3089} INFO - Sync 1 DAGs
[2026-02-17T11:08:19.527+0000] {logging_mixin.py:188} INFO - [2026-02-17T11:08:19.516+0000] {dag.py:3947} INFO - Setting next_dagrun for minio_to_snowflake to 2026-02-17 11:05:00+00:00, run_after=2026-02-17 11:10:00+00:00
[2026-02-17T11:08:19.652+0000] {processor.py:183} INFO - Processing /opt/airflow/dags/minio_to_snowflake.py took 5.636 seconds
[2026-02-17T11:08:50.318+0000] {processor.py:161} INFO - Started process (PID=8181) to work on /opt/airflow/dags/minio_to_snowflake.py
[2026-02-17T11:08:50.321+0000] {processor.py:830} INFO - Processing file /opt/airflow/dags/minio_to_snowflake.py for tasks to queue
[2026-02-17T11:08:50.328+0000] {logging_mixin.py:188} INFO - [2026-02-17T11:08:50.327+0000] {dagbag.py:545} INFO - Filling up the DagBag from /opt/airflow/dags/minio_to_snowflake.py
[2026-02-17T11:08:52.667+0000] {processor.py:840} INFO - DAG(s) 'minio_to_snowflake' retrieved from /opt/airflow/dags/minio_to_snowflake.py
[2026-02-17T11:08:52.773+0000] {logging_mixin.py:188} INFO - [2026-02-17T11:08:52.772+0000] {dag.py:3089} INFO - Sync 1 DAGs
[2026-02-17T11:08:52.863+0000] {logging_mixin.py:188} INFO - [2026-02-17T11:08:52.862+0000] {dag.py:3947} INFO - Setting next_dagrun for minio_to_snowflake to 2026-02-17 11:05:00+00:00, run_after=2026-02-17 11:10:00+00:00
[2026-02-17T11:08:52.918+0000] {processor.py:183} INFO - Processing /opt/airflow/dags/minio_to_snowflake.py took 2.621 seconds
[2026-02-17T11:09:23.471+0000] {processor.py:161} INFO - Started process (PID=8301) to work on /opt/airflow/dags/minio_to_snowflake.py
[2026-02-17T11:09:23.473+0000] {processor.py:830} INFO - Processing file /opt/airflow/dags/minio_to_snowflake.py for tasks to queue
[2026-02-17T11:09:23.478+0000] {logging_mixin.py:188} INFO - [2026-02-17T11:09:23.477+0000] {dagbag.py:545} INFO - Filling up the DagBag from /opt/airflow/dags/minio_to_snowflake.py
[2026-02-17T11:09:24.583+0000] {processor.py:840} INFO - DAG(s) 'minio_to_snowflake' retrieved from /opt/airflow/dags/minio_to_snowflake.py
[2026-02-17T11:09:24.616+0000] {logging_mixin.py:188} INFO - [2026-02-17T11:09:24.615+0000] {dag.py:3089} INFO - Sync 1 DAGs
[2026-02-17T11:09:24.646+0000] {logging_mixin.py:188} INFO - [2026-02-17T11:09:24.646+0000] {dag.py:3947} INFO - Setting next_dagrun for minio_to_snowflake to 2026-02-17 11:05:00+00:00, run_after=2026-02-17 11:10:00+00:00
[2026-02-17T11:09:24.671+0000] {processor.py:183} INFO - Processing /opt/airflow/dags/minio_to_snowflake.py took 1.219 seconds
[2026-02-17T11:09:55.056+0000] {processor.py:161} INFO - Started process (PID=8422) to work on /opt/airflow/dags/minio_to_snowflake.py
[2026-02-17T11:09:55.059+0000] {processor.py:830} INFO - Processing file /opt/airflow/dags/minio_to_snowflake.py for tasks to queue
[2026-02-17T11:09:55.067+0000] {logging_mixin.py:188} INFO - [2026-02-17T11:09:55.066+0000] {dagbag.py:545} INFO - Filling up the DagBag from /opt/airflow/dags/minio_to_snowflake.py
[2026-02-17T11:09:58.861+0000] {processor.py:840} INFO - DAG(s) 'minio_to_snowflake' retrieved from /opt/airflow/dags/minio_to_snowflake.py
[2026-02-17T11:09:58.966+0000] {logging_mixin.py:188} INFO - [2026-02-17T11:09:58.964+0000] {dag.py:3089} INFO - Sync 1 DAGs
[2026-02-17T11:09:59.039+0000] {logging_mixin.py:188} INFO - [2026-02-17T11:09:59.038+0000] {dag.py:3947} INFO - Setting next_dagrun for minio_to_snowflake to 2026-02-17 11:05:00+00:00, run_after=2026-02-17 11:10:00+00:00
[2026-02-17T11:09:59.108+0000] {processor.py:183} INFO - Processing /opt/airflow/dags/minio_to_snowflake.py took 4.076 seconds
[2026-02-17T11:10:29.663+0000] {processor.py:161} INFO - Started process (PID=9960) to work on /opt/airflow/dags/minio_to_snowflake.py
[2026-02-17T11:10:29.671+0000] {processor.py:830} INFO - Processing file /opt/airflow/dags/minio_to_snowflake.py for tasks to queue
[2026-02-17T11:10:29.686+0000] {logging_mixin.py:188} INFO - [2026-02-17T11:10:29.684+0000] {dagbag.py:545} INFO - Filling up the DagBag from /opt/airflow/dags/minio_to_snowflake.py
[2026-02-17T11:10:34.182+0000] {processor.py:840} INFO - DAG(s) 'minio_to_snowflake' retrieved from /opt/airflow/dags/minio_to_snowflake.py
[2026-02-17T11:10:34.288+0000] {logging_mixin.py:188} INFO - [2026-02-17T11:10:34.285+0000] {dag.py:3089} INFO - Sync 1 DAGs
[2026-02-17T11:10:34.394+0000] {logging_mixin.py:188} INFO - [2026-02-17T11:10:34.393+0000] {dag.py:3947} INFO - Setting next_dagrun for minio_to_snowflake to 2026-02-17 11:10:00+00:00, run_after=2026-02-17 11:15:00+00:00
[2026-02-17T11:10:34.457+0000] {processor.py:183} INFO - Processing /opt/airflow/dags/minio_to_snowflake.py took 4.838 seconds
[2026-02-17T11:11:04.942+0000] {processor.py:161} INFO - Started process (PID=10268) to work on /opt/airflow/dags/minio_to_snowflake.py
[2026-02-17T11:11:04.944+0000] {processor.py:830} INFO - Processing file /opt/airflow/dags/minio_to_snowflake.py for tasks to queue
[2026-02-17T11:11:04.948+0000] {logging_mixin.py:188} INFO - [2026-02-17T11:11:04.948+0000] {dagbag.py:545} INFO - Filling up the DagBag from /opt/airflow/dags/minio_to_snowflake.py
[2026-02-17T11:11:09.153+0000] {processor.py:840} INFO - DAG(s) 'minio_to_snowflake' retrieved from /opt/airflow/dags/minio_to_snowflake.py
[2026-02-17T11:11:09.648+0000] {logging_mixin.py:188} INFO - [2026-02-17T11:11:09.647+0000] {dag.py:3089} INFO - Sync 1 DAGs
[2026-02-17T11:11:09.771+0000] {logging_mixin.py:188} INFO - [2026-02-17T11:11:09.770+0000] {dag.py:3947} INFO - Setting next_dagrun for minio_to_snowflake to 2026-02-17 11:10:00+00:00, run_after=2026-02-17 11:15:00+00:00
[2026-02-17T11:11:12.310+0000] {processor.py:183} INFO - Processing /opt/airflow/dags/minio_to_snowflake.py took 7.381 seconds
[2026-02-17T11:11:42.624+0000] {processor.py:161} INFO - Started process (PID=10485) to work on /opt/airflow/dags/minio_to_snowflake.py
[2026-02-17T11:11:42.629+0000] {processor.py:830} INFO - Processing file /opt/airflow/dags/minio_to_snowflake.py for tasks to queue
[2026-02-17T11:11:42.646+0000] {logging_mixin.py:188} INFO - [2026-02-17T11:11:42.643+0000] {dagbag.py:545} INFO - Filling up the DagBag from /opt/airflow/dags/minio_to_snowflake.py
[2026-02-17T11:11:46.596+0000] {processor.py:840} INFO - DAG(s) 'minio_to_snowflake' retrieved from /opt/airflow/dags/minio_to_snowflake.py
[2026-02-17T11:11:46.683+0000] {logging_mixin.py:188} INFO - [2026-02-17T11:11:46.682+0000] {dag.py:3089} INFO - Sync 1 DAGs
[2026-02-17T11:11:46.796+0000] {logging_mixin.py:188} INFO - [2026-02-17T11:11:46.795+0000] {dag.py:3947} INFO - Setting next_dagrun for minio_to_snowflake to 2026-02-17 11:10:00+00:00, run_after=2026-02-17 11:15:00+00:00
[2026-02-17T11:11:46.930+0000] {processor.py:183} INFO - Processing /opt/airflow/dags/minio_to_snowflake.py took 4.345 seconds
[2026-02-17T11:12:17.291+0000] {processor.py:161} INFO - Started process (PID=10722) to work on /opt/airflow/dags/minio_to_snowflake.py
[2026-02-17T11:12:17.292+0000] {processor.py:830} INFO - Processing file /opt/airflow/dags/minio_to_snowflake.py for tasks to queue
[2026-02-17T11:12:17.296+0000] {logging_mixin.py:188} INFO - [2026-02-17T11:12:17.295+0000] {dagbag.py:545} INFO - Filling up the DagBag from /opt/airflow/dags/minio_to_snowflake.py
[2026-02-17T11:12:18.790+0000] {processor.py:840} INFO - DAG(s) 'minio_to_snowflake' retrieved from /opt/airflow/dags/minio_to_snowflake.py
[2026-02-17T11:12:18.858+0000] {logging_mixin.py:188} INFO - [2026-02-17T11:12:18.857+0000] {dag.py:3089} INFO - Sync 1 DAGs
[2026-02-17T11:12:18.925+0000] {logging_mixin.py:188} INFO - [2026-02-17T11:12:18.924+0000] {dag.py:3947} INFO - Setting next_dagrun for minio_to_snowflake to 2026-02-17 11:10:00+00:00, run_after=2026-02-17 11:15:00+00:00
[2026-02-17T11:12:18.974+0000] {processor.py:183} INFO - Processing /opt/airflow/dags/minio_to_snowflake.py took 1.696 seconds
[2026-02-17T11:12:49.680+0000] {processor.py:161} INFO - Started process (PID=10837) to work on /opt/airflow/dags/minio_to_snowflake.py
[2026-02-17T11:12:49.689+0000] {processor.py:830} INFO - Processing file /opt/airflow/dags/minio_to_snowflake.py for tasks to queue
[2026-02-17T11:12:49.718+0000] {logging_mixin.py:188} INFO - [2026-02-17T11:12:49.714+0000] {dagbag.py:545} INFO - Filling up the DagBag from /opt/airflow/dags/minio_to_snowflake.py
[2026-02-17T11:12:54.701+0000] {processor.py:840} INFO - DAG(s) 'minio_to_snowflake' retrieved from /opt/airflow/dags/minio_to_snowflake.py
[2026-02-17T11:12:54.852+0000] {logging_mixin.py:188} INFO - [2026-02-17T11:12:54.850+0000] {dag.py:3089} INFO - Sync 1 DAGs
[2026-02-17T11:12:54.938+0000] {logging_mixin.py:188} INFO - [2026-02-17T11:12:54.938+0000] {dag.py:3947} INFO - Setting next_dagrun for minio_to_snowflake to 2026-02-17 11:10:00+00:00, run_after=2026-02-17 11:15:00+00:00
[2026-02-17T11:12:55.001+0000] {processor.py:183} INFO - Processing /opt/airflow/dags/minio_to_snowflake.py took 5.365 seconds
[2026-02-17T11:13:25.418+0000] {processor.py:161} INFO - Started process (PID=10960) to work on /opt/airflow/dags/minio_to_snowflake.py
[2026-02-17T11:13:25.428+0000] {processor.py:830} INFO - Processing file /opt/airflow/dags/minio_to_snowflake.py for tasks to queue
[2026-02-17T11:13:25.440+0000] {logging_mixin.py:188} INFO - [2026-02-17T11:13:25.437+0000] {dagbag.py:545} INFO - Filling up the DagBag from /opt/airflow/dags/minio_to_snowflake.py
[2026-02-17T11:13:26.765+0000] {processor.py:840} INFO - DAG(s) 'minio_to_snowflake' retrieved from /opt/airflow/dags/minio_to_snowflake.py
[2026-02-17T11:13:26.810+0000] {logging_mixin.py:188} INFO - [2026-02-17T11:13:26.808+0000] {dag.py:3089} INFO - Sync 1 DAGs
[2026-02-17T11:13:26.844+0000] {logging_mixin.py:188} INFO - [2026-02-17T11:13:26.844+0000] {dag.py:3947} INFO - Setting next_dagrun for minio_to_snowflake to 2026-02-17 11:10:00+00:00, run_after=2026-02-17 11:15:00+00:00
[2026-02-17T11:13:26.872+0000] {processor.py:183} INFO - Processing /opt/airflow/dags/minio_to_snowflake.py took 1.481 seconds
[2026-02-17T11:13:57.528+0000] {processor.py:161} INFO - Started process (PID=11067) to work on /opt/airflow/dags/minio_to_snowflake.py
[2026-02-17T11:13:57.532+0000] {processor.py:830} INFO - Processing file /opt/airflow/dags/minio_to_snowflake.py for tasks to queue
[2026-02-17T11:13:57.539+0000] {logging_mixin.py:188} INFO - [2026-02-17T11:13:57.538+0000] {dagbag.py:545} INFO - Filling up the DagBag from /opt/airflow/dags/minio_to_snowflake.py
[2026-02-17T11:14:00.609+0000] {processor.py:840} INFO - DAG(s) 'minio_to_snowflake' retrieved from /opt/airflow/dags/minio_to_snowflake.py
[2026-02-17T11:14:00.680+0000] {logging_mixin.py:188} INFO - [2026-02-17T11:14:00.678+0000] {dag.py:3089} INFO - Sync 1 DAGs
[2026-02-17T11:14:00.732+0000] {logging_mixin.py:188} INFO - [2026-02-17T11:14:00.731+0000] {dag.py:3947} INFO - Setting next_dagrun for minio_to_snowflake to 2026-02-17 11:10:00+00:00, run_after=2026-02-17 11:15:00+00:00
[2026-02-17T11:14:00.779+0000] {processor.py:183} INFO - Processing /opt/airflow/dags/minio_to_snowflake.py took 3.278 seconds
[2026-02-17T11:14:31.154+0000] {processor.py:161} INFO - Started process (PID=11173) to work on /opt/airflow/dags/minio_to_snowflake.py
[2026-02-17T11:14:31.156+0000] {processor.py:830} INFO - Processing file /opt/airflow/dags/minio_to_snowflake.py for tasks to queue
[2026-02-17T11:14:31.163+0000] {logging_mixin.py:188} INFO - [2026-02-17T11:14:31.162+0000] {dagbag.py:545} INFO - Filling up the DagBag from /opt/airflow/dags/minio_to_snowflake.py
[2026-02-17T11:14:32.182+0000] {processor.py:840} INFO - DAG(s) 'minio_to_snowflake' retrieved from /opt/airflow/dags/minio_to_snowflake.py
[2026-02-17T11:14:32.218+0000] {logging_mixin.py:188} INFO - [2026-02-17T11:14:32.217+0000] {dag.py:3089} INFO - Sync 1 DAGs
[2026-02-17T11:14:32.243+0000] {logging_mixin.py:188} INFO - [2026-02-17T11:14:32.243+0000] {dag.py:3947} INFO - Setting next_dagrun for minio_to_snowflake to 2026-02-17 11:10:00+00:00, run_after=2026-02-17 11:15:00+00:00
[2026-02-17T11:14:32.269+0000] {processor.py:183} INFO - Processing /opt/airflow/dags/minio_to_snowflake.py took 1.126 seconds
[2026-02-17T11:15:02.500+0000] {processor.py:161} INFO - Started process (PID=11270) to work on /opt/airflow/dags/minio_to_snowflake.py
[2026-02-17T11:15:02.503+0000] {processor.py:830} INFO - Processing file /opt/airflow/dags/minio_to_snowflake.py for tasks to queue
[2026-02-17T11:15:02.510+0000] {logging_mixin.py:188} INFO - [2026-02-17T11:15:02.509+0000] {dagbag.py:545} INFO - Filling up the DagBag from /opt/airflow/dags/minio_to_snowflake.py
[2026-02-17T11:15:05.454+0000] {processor.py:840} INFO - DAG(s) 'minio_to_snowflake' retrieved from /opt/airflow/dags/minio_to_snowflake.py
[2026-02-17T11:15:05.667+0000] {logging_mixin.py:188} INFO - [2026-02-17T11:15:05.659+0000] {dag.py:3089} INFO - Sync 1 DAGs
[2026-02-17T11:15:05.809+0000] {logging_mixin.py:188} INFO - [2026-02-17T11:15:05.808+0000] {dag.py:3947} INFO - Setting next_dagrun for minio_to_snowflake to 2026-02-17 11:15:00+00:00, run_after=2026-02-17 11:20:00+00:00
[2026-02-17T11:15:05.918+0000] {processor.py:183} INFO - Processing /opt/airflow/dags/minio_to_snowflake.py took 3.438 seconds
[2026-02-17T11:15:36.483+0000] {processor.py:161} INFO - Started process (PID=12844) to work on /opt/airflow/dags/minio_to_snowflake.py
[2026-02-17T11:15:36.490+0000] {processor.py:830} INFO - Processing file /opt/airflow/dags/minio_to_snowflake.py for tasks to queue
[2026-02-17T11:15:36.504+0000] {logging_mixin.py:188} INFO - [2026-02-17T11:15:36.502+0000] {dagbag.py:545} INFO - Filling up the DagBag from /opt/airflow/dags/minio_to_snowflake.py
[2026-02-17T11:15:43.527+0000] {processor.py:840} INFO - DAG(s) 'minio_to_snowflake' retrieved from /opt/airflow/dags/minio_to_snowflake.py
[2026-02-17T11:15:43.754+0000] {logging_mixin.py:188} INFO - [2026-02-17T11:15:43.752+0000] {dag.py:3089} INFO - Sync 1 DAGs
[2026-02-17T11:15:43.900+0000] {logging_mixin.py:188} INFO - [2026-02-17T11:15:43.898+0000] {dag.py:3947} INFO - Setting next_dagrun for minio_to_snowflake to 2026-02-17 11:15:00+00:00, run_after=2026-02-17 11:20:00+00:00
[2026-02-17T11:15:44.011+0000] {processor.py:183} INFO - Processing /opt/airflow/dags/minio_to_snowflake.py took 7.583 seconds
[2026-02-17T11:16:14.626+0000] {processor.py:161} INFO - Started process (PID=13379) to work on /opt/airflow/dags/minio_to_snowflake.py
[2026-02-17T11:16:14.630+0000] {processor.py:830} INFO - Processing file /opt/airflow/dags/minio_to_snowflake.py for tasks to queue
[2026-02-17T11:16:14.638+0000] {logging_mixin.py:188} INFO - [2026-02-17T11:16:14.636+0000] {dagbag.py:545} INFO - Filling up the DagBag from /opt/airflow/dags/minio_to_snowflake.py
[2026-02-17T11:16:18.999+0000] {processor.py:840} INFO - DAG(s) 'minio_to_snowflake' retrieved from /opt/airflow/dags/minio_to_snowflake.py
[2026-02-17T11:16:19.097+0000] {logging_mixin.py:188} INFO - [2026-02-17T11:16:19.096+0000] {dag.py:3089} INFO - Sync 1 DAGs
[2026-02-17T11:16:19.162+0000] {logging_mixin.py:188} INFO - [2026-02-17T11:16:19.162+0000] {dag.py:3947} INFO - Setting next_dagrun for minio_to_snowflake to 2026-02-17 11:15:00+00:00, run_after=2026-02-17 11:20:00+00:00
[2026-02-17T11:16:19.219+0000] {processor.py:183} INFO - Processing /opt/airflow/dags/minio_to_snowflake.py took 4.620 seconds
[2026-02-17T11:16:49.661+0000] {processor.py:161} INFO - Started process (PID=13596) to work on /opt/airflow/dags/minio_to_snowflake.py
[2026-02-17T11:16:49.662+0000] {processor.py:830} INFO - Processing file /opt/airflow/dags/minio_to_snowflake.py for tasks to queue
[2026-02-17T11:16:49.666+0000] {logging_mixin.py:188} INFO - [2026-02-17T11:16:49.665+0000] {dagbag.py:545} INFO - Filling up the DagBag from /opt/airflow/dags/minio_to_snowflake.py
[2026-02-17T11:16:50.817+0000] {processor.py:840} INFO - DAG(s) 'minio_to_snowflake' retrieved from /opt/airflow/dags/minio_to_snowflake.py
[2026-02-17T11:16:50.851+0000] {logging_mixin.py:188} INFO - [2026-02-17T11:16:50.850+0000] {dag.py:3089} INFO - Sync 1 DAGs
[2026-02-17T11:16:50.877+0000] {logging_mixin.py:188} INFO - [2026-02-17T11:16:50.877+0000] {dag.py:3947} INFO - Setting next_dagrun for minio_to_snowflake to 2026-02-17 11:15:00+00:00, run_after=2026-02-17 11:20:00+00:00
[2026-02-17T11:16:50.920+0000] {processor.py:183} INFO - Processing /opt/airflow/dags/minio_to_snowflake.py took 1.270 seconds
[2026-02-17T11:17:21.234+0000] {processor.py:161} INFO - Started process (PID=13790) to work on /opt/airflow/dags/minio_to_snowflake.py
[2026-02-17T11:17:21.239+0000] {processor.py:830} INFO - Processing file /opt/airflow/dags/minio_to_snowflake.py for tasks to queue
[2026-02-17T11:17:21.246+0000] {logging_mixin.py:188} INFO - [2026-02-17T11:17:21.245+0000] {dagbag.py:545} INFO - Filling up the DagBag from /opt/airflow/dags/minio_to_snowflake.py
[2026-02-17T11:17:23.504+0000] {processor.py:840} INFO - DAG(s) 'minio_to_snowflake' retrieved from /opt/airflow/dags/minio_to_snowflake.py
[2026-02-17T11:17:23.571+0000] {logging_mixin.py:188} INFO - [2026-02-17T11:17:23.570+0000] {dag.py:3089} INFO - Sync 1 DAGs
[2026-02-17T11:17:23.630+0000] {logging_mixin.py:188} INFO - [2026-02-17T11:17:23.630+0000] {dag.py:3947} INFO - Setting next_dagrun for minio_to_snowflake to 2026-02-17 11:15:00+00:00, run_after=2026-02-17 11:20:00+00:00
[2026-02-17T11:17:23.682+0000] {processor.py:183} INFO - Processing /opt/airflow/dags/minio_to_snowflake.py took 2.471 seconds
[2026-02-17T11:17:53.984+0000] {processor.py:161} INFO - Started process (PID=13934) to work on /opt/airflow/dags/minio_to_snowflake.py
[2026-02-17T11:17:53.986+0000] {processor.py:830} INFO - Processing file /opt/airflow/dags/minio_to_snowflake.py for tasks to queue
[2026-02-17T11:17:53.989+0000] {logging_mixin.py:188} INFO - [2026-02-17T11:17:53.989+0000] {dagbag.py:545} INFO - Filling up the DagBag from /opt/airflow/dags/minio_to_snowflake.py
[2026-02-17T11:17:54.934+0000] {processor.py:840} INFO - DAG(s) 'minio_to_snowflake' retrieved from /opt/airflow/dags/minio_to_snowflake.py
[2026-02-17T11:17:54.965+0000] {logging_mixin.py:188} INFO - [2026-02-17T11:17:54.965+0000] {dag.py:3089} INFO - Sync 1 DAGs
[2026-02-17T11:17:54.990+0000] {logging_mixin.py:188} INFO - [2026-02-17T11:17:54.990+0000] {dag.py:3947} INFO - Setting next_dagrun for minio_to_snowflake to 2026-02-17 11:15:00+00:00, run_after=2026-02-17 11:20:00+00:00
[2026-02-17T11:17:55.016+0000] {processor.py:183} INFO - Processing /opt/airflow/dags/minio_to_snowflake.py took 1.042 seconds
[2026-02-17T11:18:25.517+0000] {processor.py:161} INFO - Started process (PID=14017) to work on /opt/airflow/dags/minio_to_snowflake.py
[2026-02-17T11:18:25.522+0000] {processor.py:830} INFO - Processing file /opt/airflow/dags/minio_to_snowflake.py for tasks to queue
[2026-02-17T11:18:25.532+0000] {logging_mixin.py:188} INFO - [2026-02-17T11:18:25.530+0000] {dagbag.py:545} INFO - Filling up the DagBag from /opt/airflow/dags/minio_to_snowflake.py
[2026-02-17T11:18:29.523+0000] {processor.py:840} INFO - DAG(s) 'minio_to_snowflake' retrieved from /opt/airflow/dags/minio_to_snowflake.py
[2026-02-17T11:18:29.612+0000] {logging_mixin.py:188} INFO - [2026-02-17T11:18:29.611+0000] {dag.py:3089} INFO - Sync 1 DAGs
[2026-02-17T11:18:29.690+0000] {logging_mixin.py:188} INFO - [2026-02-17T11:18:29.690+0000] {dag.py:3947} INFO - Setting next_dagrun for minio_to_snowflake to 2026-02-17 11:15:00+00:00, run_after=2026-02-17 11:20:00+00:00
[2026-02-17T11:18:29.754+0000] {processor.py:183} INFO - Processing /opt/airflow/dags/minio_to_snowflake.py took 4.264 seconds
[2026-02-17T11:19:00.231+0000] {processor.py:161} INFO - Started process (PID=14163) to work on /opt/airflow/dags/minio_to_snowflake.py
[2026-02-17T11:19:00.232+0000] {processor.py:830} INFO - Processing file /opt/airflow/dags/minio_to_snowflake.py for tasks to queue
[2026-02-17T11:19:00.236+0000] {logging_mixin.py:188} INFO - [2026-02-17T11:19:00.235+0000] {dagbag.py:545} INFO - Filling up the DagBag from /opt/airflow/dags/minio_to_snowflake.py
[2026-02-17T11:19:01.805+0000] {processor.py:840} INFO - DAG(s) 'minio_to_snowflake' retrieved from /opt/airflow/dags/minio_to_snowflake.py
[2026-02-17T11:19:01.909+0000] {logging_mixin.py:188} INFO - [2026-02-17T11:19:01.908+0000] {dag.py:3089} INFO - Sync 1 DAGs
[2026-02-17T11:19:01.934+0000] {logging_mixin.py:188} INFO - [2026-02-17T11:19:01.934+0000] {dag.py:3947} INFO - Setting next_dagrun for minio_to_snowflake to 2026-02-17 11:15:00+00:00, run_after=2026-02-17 11:20:00+00:00
[2026-02-17T11:19:02.010+0000] {processor.py:183} INFO - Processing /opt/airflow/dags/minio_to_snowflake.py took 1.795 seconds
[2026-02-17T11:19:32.315+0000] {processor.py:161} INFO - Started process (PID=14354) to work on /opt/airflow/dags/minio_to_snowflake.py
[2026-02-17T11:19:32.324+0000] {processor.py:830} INFO - Processing file /opt/airflow/dags/minio_to_snowflake.py for tasks to queue
[2026-02-17T11:19:32.332+0000] {logging_mixin.py:188} INFO - [2026-02-17T11:19:32.331+0000] {dagbag.py:545} INFO - Filling up the DagBag from /opt/airflow/dags/minio_to_snowflake.py
[2026-02-17T11:19:35.759+0000] {processor.py:840} INFO - DAG(s) 'minio_to_snowflake' retrieved from /opt/airflow/dags/minio_to_snowflake.py
[2026-02-17T11:19:35.876+0000] {logging_mixin.py:188} INFO - [2026-02-17T11:19:35.873+0000] {dag.py:3089} INFO - Sync 1 DAGs
[2026-02-17T11:19:35.965+0000] {logging_mixin.py:188} INFO - [2026-02-17T11:19:35.964+0000] {dag.py:3947} INFO - Setting next_dagrun for minio_to_snowflake to 2026-02-17 11:15:00+00:00, run_after=2026-02-17 11:20:00+00:00
[2026-02-17T11:19:36.039+0000] {processor.py:183} INFO - Processing /opt/airflow/dags/minio_to_snowflake.py took 3.773 seconds
[2026-02-17T11:20:06.923+0000] {processor.py:161} INFO - Started process (PID=14950) to work on /opt/airflow/dags/minio_to_snowflake.py
[2026-02-17T11:20:06.938+0000] {processor.py:830} INFO - Processing file /opt/airflow/dags/minio_to_snowflake.py for tasks to queue
[2026-02-17T11:20:06.982+0000] {logging_mixin.py:188} INFO - [2026-02-17T11:20:06.979+0000] {dagbag.py:545} INFO - Filling up the DagBag from /opt/airflow/dags/minio_to_snowflake.py
[2026-02-17T11:20:14.034+0000] {processor.py:840} INFO - DAG(s) 'minio_to_snowflake' retrieved from /opt/airflow/dags/minio_to_snowflake.py
[2026-02-17T11:20:14.216+0000] {logging_mixin.py:188} INFO - [2026-02-17T11:20:14.213+0000] {dag.py:3089} INFO - Sync 1 DAGs
[2026-02-17T11:20:14.388+0000] {logging_mixin.py:188} INFO - [2026-02-17T11:20:14.387+0000] {dag.py:3947} INFO - Setting next_dagrun for minio_to_snowflake to 2026-02-17 11:20:00+00:00, run_after=2026-02-17 11:25:00+00:00
[2026-02-17T11:20:14.495+0000] {processor.py:183} INFO - Processing /opt/airflow/dags/minio_to_snowflake.py took 7.901 seconds
[2026-02-17T11:20:45.279+0000] {processor.py:161} INFO - Started process (PID=16749) to work on /opt/airflow/dags/minio_to_snowflake.py
[2026-02-17T11:20:45.282+0000] {processor.py:830} INFO - Processing file /opt/airflow/dags/minio_to_snowflake.py for tasks to queue
[2026-02-17T11:20:45.290+0000] {logging_mixin.py:188} INFO - [2026-02-17T11:20:45.289+0000] {dagbag.py:545} INFO - Filling up the DagBag from /opt/airflow/dags/minio_to_snowflake.py
[2026-02-17T11:20:49.707+0000] {processor.py:840} INFO - DAG(s) 'minio_to_snowflake' retrieved from /opt/airflow/dags/minio_to_snowflake.py
[2026-02-17T11:20:49.784+0000] {logging_mixin.py:188} INFO - [2026-02-17T11:20:49.782+0000] {dag.py:3089} INFO - Sync 1 DAGs
[2026-02-17T11:20:49.843+0000] {logging_mixin.py:188} INFO - [2026-02-17T11:20:49.842+0000] {dag.py:3947} INFO - Setting next_dagrun for minio_to_snowflake to 2026-02-17 11:20:00+00:00, run_after=2026-02-17 11:25:00+00:00
[2026-02-17T11:20:49.890+0000] {processor.py:183} INFO - Processing /opt/airflow/dags/minio_to_snowflake.py took 4.637 seconds
[2026-02-17T11:21:20.529+0000] {processor.py:161} INFO - Started process (PID=16962) to work on /opt/airflow/dags/minio_to_snowflake.py
[2026-02-17T11:21:20.531+0000] {processor.py:830} INFO - Processing file /opt/airflow/dags/minio_to_snowflake.py for tasks to queue
[2026-02-17T11:21:20.535+0000] {logging_mixin.py:188} INFO - [2026-02-17T11:21:20.534+0000] {dagbag.py:545} INFO - Filling up the DagBag from /opt/airflow/dags/minio_to_snowflake.py
[2026-02-17T11:21:21.522+0000] {processor.py:840} INFO - DAG(s) 'minio_to_snowflake' retrieved from /opt/airflow/dags/minio_to_snowflake.py
[2026-02-17T11:21:21.560+0000] {logging_mixin.py:188} INFO - [2026-02-17T11:21:21.559+0000] {dag.py:3089} INFO - Sync 1 DAGs
[2026-02-17T11:21:21.594+0000] {logging_mixin.py:188} INFO - [2026-02-17T11:21:21.593+0000] {dag.py:3947} INFO - Setting next_dagrun for minio_to_snowflake to 2026-02-17 11:20:00+00:00, run_after=2026-02-17 11:25:00+00:00
[2026-02-17T11:21:21.625+0000] {processor.py:183} INFO - Processing /opt/airflow/dags/minio_to_snowflake.py took 1.111 seconds
[2026-02-17T11:21:51.795+0000] {processor.py:161} INFO - Started process (PID=17175) to work on /opt/airflow/dags/minio_to_snowflake.py
[2026-02-17T11:21:51.797+0000] {processor.py:830} INFO - Processing file /opt/airflow/dags/minio_to_snowflake.py for tasks to queue
[2026-02-17T11:21:51.801+0000] {logging_mixin.py:188} INFO - [2026-02-17T11:21:51.800+0000] {dagbag.py:545} INFO - Filling up the DagBag from /opt/airflow/dags/minio_to_snowflake.py
[2026-02-17T11:21:52.797+0000] {processor.py:840} INFO - DAG(s) 'minio_to_snowflake' retrieved from /opt/airflow/dags/minio_to_snowflake.py
[2026-02-17T11:21:52.835+0000] {logging_mixin.py:188} INFO - [2026-02-17T11:21:52.834+0000] {dag.py:3089} INFO - Sync 1 DAGs
[2026-02-17T11:21:52.861+0000] {logging_mixin.py:188} INFO - [2026-02-17T11:21:52.861+0000] {dag.py:3947} INFO - Setting next_dagrun for minio_to_snowflake to 2026-02-17 11:20:00+00:00, run_after=2026-02-17 11:25:00+00:00
[2026-02-17T11:21:52.885+0000] {processor.py:183} INFO - Processing /opt/airflow/dags/minio_to_snowflake.py took 1.099 seconds
[2026-02-17T11:22:23.724+0000] {processor.py:161} INFO - Started process (PID=17373) to work on /opt/airflow/dags/minio_to_snowflake.py
[2026-02-17T11:22:23.731+0000] {processor.py:830} INFO - Processing file /opt/airflow/dags/minio_to_snowflake.py for tasks to queue
[2026-02-17T11:22:23.743+0000] {logging_mixin.py:188} INFO - [2026-02-17T11:22:23.740+0000] {dagbag.py:545} INFO - Filling up the DagBag from /opt/airflow/dags/minio_to_snowflake.py
[2026-02-17T11:22:26.084+0000] {processor.py:840} INFO - DAG(s) 'minio_to_snowflake' retrieved from /opt/airflow/dags/minio_to_snowflake.py
[2026-02-17T11:22:26.228+0000] {logging_mixin.py:188} INFO - [2026-02-17T11:22:26.226+0000] {dag.py:3089} INFO - Sync 1 DAGs
[2026-02-17T11:22:26.401+0000] {logging_mixin.py:188} INFO - [2026-02-17T11:22:26.400+0000] {dag.py:3947} INFO - Setting next_dagrun for minio_to_snowflake to 2026-02-17 11:20:00+00:00, run_after=2026-02-17 11:25:00+00:00
[2026-02-17T11:22:26.473+0000] {processor.py:183} INFO - Processing /opt/airflow/dags/minio_to_snowflake.py took 2.789 seconds
[2026-02-17T11:22:56.915+0000] {processor.py:161} INFO - Started process (PID=17601) to work on /opt/airflow/dags/minio_to_snowflake.py
[2026-02-17T11:22:56.917+0000] {processor.py:830} INFO - Processing file /opt/airflow/dags/minio_to_snowflake.py for tasks to queue
[2026-02-17T11:22:56.920+0000] {logging_mixin.py:188} INFO - [2026-02-17T11:22:56.919+0000] {dagbag.py:545} INFO - Filling up the DagBag from /opt/airflow/dags/minio_to_snowflake.py
[2026-02-17T11:22:57.981+0000] {processor.py:840} INFO - DAG(s) 'minio_to_snowflake' retrieved from /opt/airflow/dags/minio_to_snowflake.py
[2026-02-17T11:22:58.016+0000] {logging_mixin.py:188} INFO - [2026-02-17T11:22:58.016+0000] {dag.py:3089} INFO - Sync 1 DAGs
[2026-02-17T11:22:58.045+0000] {logging_mixin.py:188} INFO - [2026-02-17T11:22:58.044+0000] {dag.py:3947} INFO - Setting next_dagrun for minio_to_snowflake to 2026-02-17 11:20:00+00:00, run_after=2026-02-17 11:25:00+00:00
[2026-02-17T11:22:58.087+0000] {processor.py:183} INFO - Processing /opt/airflow/dags/minio_to_snowflake.py took 1.182 seconds
[2026-02-17T11:23:28.624+0000] {processor.py:161} INFO - Started process (PID=17786) to work on /opt/airflow/dags/minio_to_snowflake.py
[2026-02-17T11:23:28.636+0000] {processor.py:830} INFO - Processing file /opt/airflow/dags/minio_to_snowflake.py for tasks to queue
[2026-02-17T11:23:28.668+0000] {logging_mixin.py:188} INFO - [2026-02-17T11:23:28.663+0000] {dagbag.py:545} INFO - Filling up the DagBag from /opt/airflow/dags/minio_to_snowflake.py
[2026-02-17T11:23:35.407+0000] {processor.py:840} INFO - DAG(s) 'minio_to_snowflake' retrieved from /opt/airflow/dags/minio_to_snowflake.py
[2026-02-17T11:23:35.523+0000] {logging_mixin.py:188} INFO - [2026-02-17T11:23:35.520+0000] {dag.py:3089} INFO - Sync 1 DAGs
[2026-02-17T11:23:35.605+0000] {logging_mixin.py:188} INFO - [2026-02-17T11:23:35.604+0000] {dag.py:3947} INFO - Setting next_dagrun for minio_to_snowflake to 2026-02-17 11:20:00+00:00, run_after=2026-02-17 11:25:00+00:00
[2026-02-17T11:23:35.661+0000] {processor.py:183} INFO - Processing /opt/airflow/dags/minio_to_snowflake.py took 7.100 seconds
[2026-02-17T11:24:06.316+0000] {processor.py:161} INFO - Started process (PID=18011) to work on /opt/airflow/dags/minio_to_snowflake.py
[2026-02-17T11:24:06.318+0000] {processor.py:830} INFO - Processing file /opt/airflow/dags/minio_to_snowflake.py for tasks to queue
[2026-02-17T11:24:06.321+0000] {logging_mixin.py:188} INFO - [2026-02-17T11:24:06.321+0000] {dagbag.py:545} INFO - Filling up the DagBag from /opt/airflow/dags/minio_to_snowflake.py
[2026-02-17T11:24:07.359+0000] {processor.py:840} INFO - DAG(s) 'minio_to_snowflake' retrieved from /opt/airflow/dags/minio_to_snowflake.py
[2026-02-17T11:24:07.395+0000] {logging_mixin.py:188} INFO - [2026-02-17T11:24:07.394+0000] {dag.py:3089} INFO - Sync 1 DAGs
[2026-02-17T11:24:07.419+0000] {logging_mixin.py:188} INFO - [2026-02-17T11:24:07.419+0000] {dag.py:3947} INFO - Setting next_dagrun for minio_to_snowflake to 2026-02-17 11:20:00+00:00, run_after=2026-02-17 11:25:00+00:00
[2026-02-17T11:24:07.443+0000] {processor.py:183} INFO - Processing /opt/airflow/dags/minio_to_snowflake.py took 1.144 seconds
[2026-02-17T11:24:37.763+0000] {processor.py:161} INFO - Started process (PID=18228) to work on /opt/airflow/dags/minio_to_snowflake.py
[2026-02-17T11:24:37.767+0000] {processor.py:830} INFO - Processing file /opt/airflow/dags/minio_to_snowflake.py for tasks to queue
[2026-02-17T11:24:37.774+0000] {logging_mixin.py:188} INFO - [2026-02-17T11:24:37.773+0000] {dagbag.py:545} INFO - Filling up the DagBag from /opt/airflow/dags/minio_to_snowflake.py
[2026-02-17T11:24:41.298+0000] {processor.py:840} INFO - DAG(s) 'minio_to_snowflake' retrieved from /opt/airflow/dags/minio_to_snowflake.py
[2026-02-17T11:24:41.374+0000] {logging_mixin.py:188} INFO - [2026-02-17T11:24:41.373+0000] {dag.py:3089} INFO - Sync 1 DAGs
[2026-02-17T11:24:41.492+0000] {logging_mixin.py:188} INFO - [2026-02-17T11:24:41.491+0000] {dag.py:3947} INFO - Setting next_dagrun for minio_to_snowflake to 2026-02-17 11:20:00+00:00, run_after=2026-02-17 11:25:00+00:00
[2026-02-17T11:24:41.563+0000] {processor.py:183} INFO - Processing /opt/airflow/dags/minio_to_snowflake.py took 3.827 seconds
[2026-02-17T11:25:12.255+0000] {processor.py:161} INFO - Started process (PID=18758) to work on /opt/airflow/dags/minio_to_snowflake.py
[2026-02-17T11:25:12.261+0000] {processor.py:830} INFO - Processing file /opt/airflow/dags/minio_to_snowflake.py for tasks to queue
[2026-02-17T11:25:12.275+0000] {logging_mixin.py:188} INFO - [2026-02-17T11:25:12.273+0000] {dagbag.py:545} INFO - Filling up the DagBag from /opt/airflow/dags/minio_to_snowflake.py
[2026-02-17T11:25:21.929+0000] {processor.py:840} INFO - DAG(s) 'minio_to_snowflake' retrieved from /opt/airflow/dags/minio_to_snowflake.py
[2026-02-17T11:25:22.269+0000] {logging_mixin.py:188} INFO - [2026-02-17T11:25:22.266+0000] {dag.py:3089} INFO - Sync 1 DAGs
[2026-02-17T11:25:22.435+0000] {logging_mixin.py:188} INFO - [2026-02-17T11:25:22.434+0000] {dag.py:3947} INFO - Setting next_dagrun for minio_to_snowflake to 2026-02-17 11:25:00+00:00, run_after=2026-02-17 11:30:00+00:00
[2026-02-17T11:25:22.508+0000] {processor.py:183} INFO - Processing /opt/airflow/dags/minio_to_snowflake.py took 10.296 seconds
[2026-02-17T11:25:53.061+0000] {processor.py:161} INFO - Started process (PID=21086) to work on /opt/airflow/dags/minio_to_snowflake.py
[2026-02-17T11:25:53.065+0000] {processor.py:830} INFO - Processing file /opt/airflow/dags/minio_to_snowflake.py for tasks to queue
[2026-02-17T11:25:53.077+0000] {logging_mixin.py:188} INFO - [2026-02-17T11:25:53.075+0000] {dagbag.py:545} INFO - Filling up the DagBag from /opt/airflow/dags/minio_to_snowflake.py
[2026-02-17T11:25:59.709+0000] {processor.py:840} INFO - DAG(s) 'minio_to_snowflake' retrieved from /opt/airflow/dags/minio_to_snowflake.py
[2026-02-17T11:25:59.846+0000] {logging_mixin.py:188} INFO - [2026-02-17T11:25:59.844+0000] {dag.py:3089} INFO - Sync 1 DAGs
[2026-02-17T11:26:00.011+0000] {logging_mixin.py:188} INFO - [2026-02-17T11:26:00.010+0000] {dag.py:3947} INFO - Setting next_dagrun for minio_to_snowflake to 2026-02-17 11:25:00+00:00, run_after=2026-02-17 11:30:00+00:00
[2026-02-17T11:26:00.184+0000] {processor.py:183} INFO - Processing /opt/airflow/dags/minio_to_snowflake.py took 7.148 seconds
[2026-02-17T11:26:30.978+0000] {processor.py:161} INFO - Started process (PID=21352) to work on /opt/airflow/dags/minio_to_snowflake.py
[2026-02-17T11:26:30.983+0000] {processor.py:830} INFO - Processing file /opt/airflow/dags/minio_to_snowflake.py for tasks to queue
[2026-02-17T11:26:31.009+0000] {logging_mixin.py:188} INFO - [2026-02-17T11:26:31.005+0000] {dagbag.py:545} INFO - Filling up the DagBag from /opt/airflow/dags/minio_to_snowflake.py
[2026-02-17T11:26:39.452+0000] {processor.py:840} INFO - DAG(s) 'minio_to_snowflake' retrieved from /opt/airflow/dags/minio_to_snowflake.py
[2026-02-17T11:26:39.613+0000] {logging_mixin.py:188} INFO - [2026-02-17T11:26:39.611+0000] {dag.py:3089} INFO - Sync 1 DAGs
[2026-02-17T11:26:39.720+0000] {logging_mixin.py:188} INFO - [2026-02-17T11:26:39.719+0000] {dag.py:3947} INFO - Setting next_dagrun for minio_to_snowflake to 2026-02-17 11:25:00+00:00, run_after=2026-02-17 11:30:00+00:00
[2026-02-17T11:26:39.784+0000] {processor.py:183} INFO - Processing /opt/airflow/dags/minio_to_snowflake.py took 8.864 seconds
[2026-02-17T11:27:10.306+0000] {processor.py:161} INFO - Started process (PID=21651) to work on /opt/airflow/dags/minio_to_snowflake.py
[2026-02-17T11:27:10.308+0000] {processor.py:830} INFO - Processing file /opt/airflow/dags/minio_to_snowflake.py for tasks to queue
[2026-02-17T11:27:10.317+0000] {logging_mixin.py:188} INFO - [2026-02-17T11:27:10.315+0000] {dagbag.py:545} INFO - Filling up the DagBag from /opt/airflow/dags/minio_to_snowflake.py
[2026-02-17T11:27:13.770+0000] {processor.py:840} INFO - DAG(s) 'minio_to_snowflake' retrieved from /opt/airflow/dags/minio_to_snowflake.py
[2026-02-17T11:27:13.801+0000] {logging_mixin.py:188} INFO - [2026-02-17T11:27:13.800+0000] {dag.py:3089} INFO - Sync 1 DAGs
[2026-02-17T11:27:13.825+0000] {logging_mixin.py:188} INFO - [2026-02-17T11:27:13.825+0000] {dag.py:3947} INFO - Setting next_dagrun for minio_to_snowflake to 2026-02-17 11:25:00+00:00, run_after=2026-02-17 11:30:00+00:00
[2026-02-17T11:27:13.850+0000] {processor.py:183} INFO - Processing /opt/airflow/dags/minio_to_snowflake.py took 3.575 seconds
[2026-02-17T11:27:44.339+0000] {processor.py:161} INFO - Started process (PID=21883) to work on /opt/airflow/dags/minio_to_snowflake.py
[2026-02-17T11:27:44.342+0000] {processor.py:830} INFO - Processing file /opt/airflow/dags/minio_to_snowflake.py for tasks to queue
[2026-02-17T11:27:44.349+0000] {logging_mixin.py:188} INFO - [2026-02-17T11:27:44.348+0000] {dagbag.py:545} INFO - Filling up the DagBag from /opt/airflow/dags/minio_to_snowflake.py
[2026-02-17T11:27:47.186+0000] {processor.py:840} INFO - DAG(s) 'minio_to_snowflake' retrieved from /opt/airflow/dags/minio_to_snowflake.py
[2026-02-17T11:27:47.296+0000] {logging_mixin.py:188} INFO - [2026-02-17T11:27:47.295+0000] {dag.py:3089} INFO - Sync 1 DAGs
[2026-02-17T11:27:47.362+0000] {logging_mixin.py:188} INFO - [2026-02-17T11:27:47.361+0000] {dag.py:3947} INFO - Setting next_dagrun for minio_to_snowflake to 2026-02-17 11:25:00+00:00, run_after=2026-02-17 11:30:00+00:00
[2026-02-17T11:27:47.421+0000] {processor.py:183} INFO - Processing /opt/airflow/dags/minio_to_snowflake.py took 3.106 seconds
[2026-02-17T11:28:17.668+0000] {processor.py:161} INFO - Started process (PID=22104) to work on /opt/airflow/dags/minio_to_snowflake.py
[2026-02-17T11:28:17.671+0000] {processor.py:830} INFO - Processing file /opt/airflow/dags/minio_to_snowflake.py for tasks to queue
[2026-02-17T11:28:17.679+0000] {logging_mixin.py:188} INFO - [2026-02-17T11:28:17.678+0000] {dagbag.py:545} INFO - Filling up the DagBag from /opt/airflow/dags/minio_to_snowflake.py
[2026-02-17T11:28:21.316+0000] {processor.py:840} INFO - DAG(s) 'minio_to_snowflake' retrieved from /opt/airflow/dags/minio_to_snowflake.py
[2026-02-17T11:28:21.455+0000] {logging_mixin.py:188} INFO - [2026-02-17T11:28:21.453+0000] {dag.py:3089} INFO - Sync 1 DAGs
[2026-02-17T11:28:21.556+0000] {logging_mixin.py:188} INFO - [2026-02-17T11:28:21.556+0000] {dag.py:3947} INFO - Setting next_dagrun for minio_to_snowflake to 2026-02-17 11:25:00+00:00, run_after=2026-02-17 11:30:00+00:00
[2026-02-17T11:28:21.631+0000] {processor.py:183} INFO - Processing /opt/airflow/dags/minio_to_snowflake.py took 3.997 seconds
[2026-02-17T11:28:52.147+0000] {processor.py:161} INFO - Started process (PID=22327) to work on /opt/airflow/dags/minio_to_snowflake.py
[2026-02-17T11:28:52.152+0000] {processor.py:830} INFO - Processing file /opt/airflow/dags/minio_to_snowflake.py for tasks to queue
[2026-02-17T11:28:52.161+0000] {logging_mixin.py:188} INFO - [2026-02-17T11:28:52.159+0000] {dagbag.py:545} INFO - Filling up the DagBag from /opt/airflow/dags/minio_to_snowflake.py
[2026-02-17T11:28:55.756+0000] {processor.py:840} INFO - DAG(s) 'minio_to_snowflake' retrieved from /opt/airflow/dags/minio_to_snowflake.py
[2026-02-17T11:28:55.845+0000] {logging_mixin.py:188} INFO - [2026-02-17T11:28:55.840+0000] {dag.py:3089} INFO - Sync 1 DAGs
[2026-02-17T11:28:55.902+0000] {logging_mixin.py:188} INFO - [2026-02-17T11:28:55.902+0000] {dag.py:3947} INFO - Setting next_dagrun for minio_to_snowflake to 2026-02-17 11:25:00+00:00, run_after=2026-02-17 11:30:00+00:00
[2026-02-17T11:28:55.956+0000] {processor.py:183} INFO - Processing /opt/airflow/dags/minio_to_snowflake.py took 3.833 seconds
[2026-02-17T11:29:26.454+0000] {processor.py:161} INFO - Started process (PID=22535) to work on /opt/airflow/dags/minio_to_snowflake.py
[2026-02-17T11:29:26.459+0000] {processor.py:830} INFO - Processing file /opt/airflow/dags/minio_to_snowflake.py for tasks to queue
[2026-02-17T11:29:26.472+0000] {logging_mixin.py:188} INFO - [2026-02-17T11:29:26.470+0000] {dagbag.py:545} INFO - Filling up the DagBag from /opt/airflow/dags/minio_to_snowflake.py
[2026-02-17T11:29:28.044+0000] {processor.py:840} INFO - DAG(s) 'minio_to_snowflake' retrieved from /opt/airflow/dags/minio_to_snowflake.py
[2026-02-17T11:29:28.077+0000] {logging_mixin.py:188} INFO - [2026-02-17T11:29:28.076+0000] {dag.py:3089} INFO - Sync 1 DAGs
[2026-02-17T11:29:28.101+0000] {logging_mixin.py:188} INFO - [2026-02-17T11:29:28.101+0000] {dag.py:3947} INFO - Setting next_dagrun for minio_to_snowflake to 2026-02-17 11:25:00+00:00, run_after=2026-02-17 11:30:00+00:00
[2026-02-17T11:29:28.129+0000] {processor.py:183} INFO - Processing /opt/airflow/dags/minio_to_snowflake.py took 1.712 seconds
[2026-02-17T11:29:58.432+0000] {processor.py:161} INFO - Started process (PID=22734) to work on /opt/airflow/dags/minio_to_snowflake.py
[2026-02-17T11:29:58.434+0000] {processor.py:830} INFO - Processing file /opt/airflow/dags/minio_to_snowflake.py for tasks to queue
[2026-02-17T11:29:58.437+0000] {logging_mixin.py:188} INFO - [2026-02-17T11:29:58.436+0000] {dagbag.py:545} INFO - Filling up the DagBag from /opt/airflow/dags/minio_to_snowflake.py
[2026-02-17T11:30:00.198+0000] {processor.py:840} INFO - DAG(s) 'minio_to_snowflake' retrieved from /opt/airflow/dags/minio_to_snowflake.py
[2026-02-17T11:30:00.272+0000] {logging_mixin.py:188} INFO - [2026-02-17T11:30:00.271+0000] {dag.py:3089} INFO - Sync 1 DAGs
[2026-02-17T11:30:00.353+0000] {logging_mixin.py:188} INFO - [2026-02-17T11:30:00.353+0000] {dag.py:3947} INFO - Setting next_dagrun for minio_to_snowflake to 2026-02-17 11:30:00+00:00, run_after=2026-02-17 11:35:00+00:00
[2026-02-17T11:30:00.411+0000] {processor.py:183} INFO - Processing /opt/airflow/dags/minio_to_snowflake.py took 1.990 seconds
[2026-02-17T11:30:31.037+0000] {processor.py:161} INFO - Started process (PID=23896) to work on /opt/airflow/dags/minio_to_snowflake.py
[2026-02-17T11:30:31.048+0000] {processor.py:830} INFO - Processing file /opt/airflow/dags/minio_to_snowflake.py for tasks to queue
[2026-02-17T11:30:31.086+0000] {logging_mixin.py:188} INFO - [2026-02-17T11:30:31.083+0000] {dagbag.py:545} INFO - Filling up the DagBag from /opt/airflow/dags/minio_to_snowflake.py
[2026-02-17T11:30:36.412+0000] {processor.py:840} INFO - DAG(s) 'minio_to_snowflake' retrieved from /opt/airflow/dags/minio_to_snowflake.py
[2026-02-17T11:30:36.771+0000] {logging_mixin.py:188} INFO - [2026-02-17T11:30:36.768+0000] {dag.py:3089} INFO - Sync 1 DAGs
[2026-02-17T11:30:36.870+0000] {logging_mixin.py:188} INFO - [2026-02-17T11:30:36.869+0000] {dag.py:3947} INFO - Setting next_dagrun for minio_to_snowflake to 2026-02-17 11:30:00+00:00, run_after=2026-02-17 11:35:00+00:00
[2026-02-17T11:30:36.959+0000] {processor.py:183} INFO - Processing /opt/airflow/dags/minio_to_snowflake.py took 5.997 seconds
[2026-02-17T11:31:07.582+0000] {processor.py:161} INFO - Started process (PID=25843) to work on /opt/airflow/dags/minio_to_snowflake.py
[2026-02-17T11:31:07.586+0000] {processor.py:830} INFO - Processing file /opt/airflow/dags/minio_to_snowflake.py for tasks to queue
[2026-02-17T11:31:07.595+0000] {logging_mixin.py:188} INFO - [2026-02-17T11:31:07.593+0000] {dagbag.py:545} INFO - Filling up the DagBag from /opt/airflow/dags/minio_to_snowflake.py
[2026-02-17T11:31:15.620+0000] {processor.py:840} INFO - DAG(s) 'minio_to_snowflake' retrieved from /opt/airflow/dags/minio_to_snowflake.py
[2026-02-17T11:31:16.158+0000] {logging_mixin.py:188} INFO - [2026-02-17T11:31:16.156+0000] {dag.py:3089} INFO - Sync 1 DAGs
[2026-02-17T11:31:16.246+0000] {logging_mixin.py:188} INFO - [2026-02-17T11:31:16.244+0000] {dag.py:3947} INFO - Setting next_dagrun for minio_to_snowflake to 2026-02-17 11:30:00+00:00, run_after=2026-02-17 11:35:00+00:00
[2026-02-17T11:31:16.343+0000] {processor.py:183} INFO - Processing /opt/airflow/dags/minio_to_snowflake.py took 8.786 seconds
[2026-02-17T11:31:47.510+0000] {processor.py:161} INFO - Started process (PID=26187) to work on /opt/airflow/dags/minio_to_snowflake.py
[2026-02-17T11:31:47.513+0000] {processor.py:830} INFO - Processing file /opt/airflow/dags/minio_to_snowflake.py for tasks to queue
[2026-02-17T11:31:47.520+0000] {logging_mixin.py:188} INFO - [2026-02-17T11:31:47.519+0000] {dagbag.py:545} INFO - Filling up the DagBag from /opt/airflow/dags/minio_to_snowflake.py
[2026-02-17T11:31:57.213+0000] {processor.py:840} INFO - DAG(s) 'minio_to_snowflake' retrieved from /opt/airflow/dags/minio_to_snowflake.py
[2026-02-17T11:31:58.583+0000] {logging_mixin.py:188} INFO - [2026-02-17T11:31:58.575+0000] {dag.py:3089} INFO - Sync 1 DAGs
[2026-02-17T11:31:58.718+0000] {logging_mixin.py:188} INFO - [2026-02-17T11:31:58.715+0000] {dag.py:3947} INFO - Setting next_dagrun for minio_to_snowflake to 2026-02-17 11:30:00+00:00, run_after=2026-02-17 11:35:00+00:00
[2026-02-17T11:31:58.820+0000] {processor.py:183} INFO - Processing /opt/airflow/dags/minio_to_snowflake.py took 11.374 seconds
[2026-02-17T11:32:29.587+0000] {processor.py:161} INFO - Started process (PID=26527) to work on /opt/airflow/dags/minio_to_snowflake.py
[2026-02-17T11:32:29.589+0000] {processor.py:830} INFO - Processing file /opt/airflow/dags/minio_to_snowflake.py for tasks to queue
[2026-02-17T11:32:29.594+0000] {logging_mixin.py:188} INFO - [2026-02-17T11:32:29.592+0000] {dagbag.py:545} INFO - Filling up the DagBag from /opt/airflow/dags/minio_to_snowflake.py
[2026-02-17T11:32:34.744+0000] {processor.py:840} INFO - DAG(s) 'minio_to_snowflake' retrieved from /opt/airflow/dags/minio_to_snowflake.py
[2026-02-17T11:32:34.886+0000] {logging_mixin.py:188} INFO - [2026-02-17T11:32:34.885+0000] {dag.py:3089} INFO - Sync 1 DAGs
[2026-02-17T11:32:34.937+0000] {logging_mixin.py:188} INFO - [2026-02-17T11:32:34.936+0000] {dag.py:3947} INFO - Setting next_dagrun for minio_to_snowflake to 2026-02-17 11:30:00+00:00, run_after=2026-02-17 11:35:00+00:00
[2026-02-17T11:32:34.985+0000] {processor.py:183} INFO - Processing /opt/airflow/dags/minio_to_snowflake.py took 5.417 seconds
[2026-02-17T11:33:05.418+0000] {processor.py:161} INFO - Started process (PID=26744) to work on /opt/airflow/dags/minio_to_snowflake.py
[2026-02-17T11:33:05.421+0000] {processor.py:830} INFO - Processing file /opt/airflow/dags/minio_to_snowflake.py for tasks to queue
[2026-02-17T11:33:05.430+0000] {logging_mixin.py:188} INFO - [2026-02-17T11:33:05.428+0000] {dagbag.py:545} INFO - Filling up the DagBag from /opt/airflow/dags/minio_to_snowflake.py
[2026-02-17T11:33:13.181+0000] {processor.py:840} INFO - DAG(s) 'minio_to_snowflake' retrieved from /opt/airflow/dags/minio_to_snowflake.py
[2026-02-17T11:33:13.348+0000] {logging_mixin.py:188} INFO - [2026-02-17T11:33:13.346+0000] {dag.py:3089} INFO - Sync 1 DAGs
[2026-02-17T11:33:13.427+0000] {logging_mixin.py:188} INFO - [2026-02-17T11:33:13.426+0000] {dag.py:3947} INFO - Setting next_dagrun for minio_to_snowflake to 2026-02-17 11:30:00+00:00, run_after=2026-02-17 11:35:00+00:00
[2026-02-17T11:33:13.493+0000] {processor.py:183} INFO - Processing /opt/airflow/dags/minio_to_snowflake.py took 8.104 seconds
[2026-02-17T11:33:43.831+0000] {processor.py:161} INFO - Started process (PID=26976) to work on /opt/airflow/dags/minio_to_snowflake.py
[2026-02-17T11:33:43.833+0000] {processor.py:830} INFO - Processing file /opt/airflow/dags/minio_to_snowflake.py for tasks to queue
[2026-02-17T11:33:43.836+0000] {logging_mixin.py:188} INFO - [2026-02-17T11:33:43.836+0000] {dagbag.py:545} INFO - Filling up the DagBag from /opt/airflow/dags/minio_to_snowflake.py
[2026-02-17T11:33:45.345+0000] {processor.py:840} INFO - DAG(s) 'minio_to_snowflake' retrieved from /opt/airflow/dags/minio_to_snowflake.py
[2026-02-17T11:33:45.392+0000] {logging_mixin.py:188} INFO - [2026-02-17T11:33:45.391+0000] {dag.py:3089} INFO - Sync 1 DAGs
[2026-02-17T11:33:45.427+0000] {logging_mixin.py:188} INFO - [2026-02-17T11:33:45.426+0000] {dag.py:3947} INFO - Setting next_dagrun for minio_to_snowflake to 2026-02-17 11:30:00+00:00, run_after=2026-02-17 11:35:00+00:00
[2026-02-17T11:33:45.457+0000] {processor.py:183} INFO - Processing /opt/airflow/dags/minio_to_snowflake.py took 1.636 seconds
[2026-02-17T11:34:16.026+0000] {processor.py:161} INFO - Started process (PID=27168) to work on /opt/airflow/dags/minio_to_snowflake.py
[2026-02-17T11:34:16.029+0000] {processor.py:830} INFO - Processing file /opt/airflow/dags/minio_to_snowflake.py for tasks to queue
[2026-02-17T11:34:16.038+0000] {logging_mixin.py:188} INFO - [2026-02-17T11:34:16.037+0000] {dagbag.py:545} INFO - Filling up the DagBag from /opt/airflow/dags/minio_to_snowflake.py
[2026-02-17T11:34:20.974+0000] {processor.py:840} INFO - DAG(s) 'minio_to_snowflake' retrieved from /opt/airflow/dags/minio_to_snowflake.py
[2026-02-17T11:34:21.226+0000] {logging_mixin.py:188} INFO - [2026-02-17T11:34:21.218+0000] {dag.py:3089} INFO - Sync 1 DAGs
[2026-02-17T11:34:21.379+0000] {logging_mixin.py:188} INFO - [2026-02-17T11:34:21.378+0000] {dag.py:3947} INFO - Setting next_dagrun for minio_to_snowflake to 2026-02-17 11:30:00+00:00, run_after=2026-02-17 11:35:00+00:00
[2026-02-17T11:34:21.536+0000] {processor.py:183} INFO - Processing /opt/airflow/dags/minio_to_snowflake.py took 5.540 seconds
[2026-02-17T11:34:52.412+0000] {processor.py:161} INFO - Started process (PID=27366) to work on /opt/airflow/dags/minio_to_snowflake.py
[2026-02-17T11:34:52.426+0000] {processor.py:830} INFO - Processing file /opt/airflow/dags/minio_to_snowflake.py for tasks to queue
[2026-02-17T11:34:52.449+0000] {logging_mixin.py:188} INFO - [2026-02-17T11:34:52.447+0000] {dagbag.py:545} INFO - Filling up the DagBag from /opt/airflow/dags/minio_to_snowflake.py
[2026-02-17T11:34:56.042+0000] {processor.py:840} INFO - DAG(s) 'minio_to_snowflake' retrieved from /opt/airflow/dags/minio_to_snowflake.py
[2026-02-17T11:34:56.118+0000] {logging_mixin.py:188} INFO - [2026-02-17T11:34:56.116+0000] {dag.py:3089} INFO - Sync 1 DAGs
[2026-02-17T11:34:56.192+0000] {logging_mixin.py:188} INFO - [2026-02-17T11:34:56.191+0000] {dag.py:3947} INFO - Setting next_dagrun for minio_to_snowflake to 2026-02-17 11:30:00+00:00, run_after=2026-02-17 11:35:00+00:00
[2026-02-17T11:34:56.258+0000] {processor.py:183} INFO - Processing /opt/airflow/dags/minio_to_snowflake.py took 3.919 seconds
[2026-02-17T11:35:27.125+0000] {processor.py:161} INFO - Started process (PID=28718) to work on /opt/airflow/dags/minio_to_snowflake.py
[2026-02-17T11:35:27.143+0000] {processor.py:830} INFO - Processing file /opt/airflow/dags/minio_to_snowflake.py for tasks to queue
[2026-02-17T11:35:27.168+0000] {logging_mixin.py:188} INFO - [2026-02-17T11:35:27.166+0000] {dagbag.py:545} INFO - Filling up the DagBag from /opt/airflow/dags/minio_to_snowflake.py
[2026-02-17T11:35:34.313+0000] {processor.py:840} INFO - DAG(s) 'minio_to_snowflake' retrieved from /opt/airflow/dags/minio_to_snowflake.py
[2026-02-17T11:35:34.526+0000] {logging_mixin.py:188} INFO - [2026-02-17T11:35:34.523+0000] {dag.py:3089} INFO - Sync 1 DAGs
[2026-02-17T11:35:34.605+0000] {logging_mixin.py:188} INFO - [2026-02-17T11:35:34.604+0000] {dag.py:3947} INFO - Setting next_dagrun for minio_to_snowflake to 2026-02-17 11:35:00+00:00, run_after=2026-02-17 11:40:00+00:00
[2026-02-17T11:35:34.662+0000] {processor.py:183} INFO - Processing /opt/airflow/dags/minio_to_snowflake.py took 7.637 seconds
[2026-02-17T11:36:05.393+0000] {processor.py:161} INFO - Started process (PID=30677) to work on /opt/airflow/dags/minio_to_snowflake.py
[2026-02-17T11:36:05.399+0000] {processor.py:830} INFO - Processing file /opt/airflow/dags/minio_to_snowflake.py for tasks to queue
[2026-02-17T11:36:05.408+0000] {logging_mixin.py:188} INFO - [2026-02-17T11:36:05.407+0000] {dagbag.py:545} INFO - Filling up the DagBag from /opt/airflow/dags/minio_to_snowflake.py
[2026-02-17T11:36:12.030+0000] {processor.py:840} INFO - DAG(s) 'minio_to_snowflake' retrieved from /opt/airflow/dags/minio_to_snowflake.py
[2026-02-17T11:36:12.325+0000] {logging_mixin.py:188} INFO - [2026-02-17T11:36:12.324+0000] {dag.py:3089} INFO - Sync 1 DAGs
[2026-02-17T11:36:12.435+0000] {logging_mixin.py:188} INFO - [2026-02-17T11:36:12.434+0000] {dag.py:3947} INFO - Setting next_dagrun for minio_to_snowflake to 2026-02-17 11:35:00+00:00, run_after=2026-02-17 11:40:00+00:00
[2026-02-17T11:36:12.541+0000] {processor.py:183} INFO - Processing /opt/airflow/dags/minio_to_snowflake.py took 7.180 seconds
[2026-02-17T11:36:43.058+0000] {processor.py:161} INFO - Started process (PID=30721) to work on /opt/airflow/dags/minio_to_snowflake.py
[2026-02-17T11:36:43.060+0000] {processor.py:830} INFO - Processing file /opt/airflow/dags/minio_to_snowflake.py for tasks to queue
[2026-02-17T11:36:43.065+0000] {logging_mixin.py:188} INFO - [2026-02-17T11:36:43.064+0000] {dagbag.py:545} INFO - Filling up the DagBag from /opt/airflow/dags/minio_to_snowflake.py
[2026-02-17T11:36:46.929+0000] {processor.py:840} INFO - DAG(s) 'minio_to_snowflake' retrieved from /opt/airflow/dags/minio_to_snowflake.py
[2026-02-17T11:36:47.104+0000] {logging_mixin.py:188} INFO - [2026-02-17T11:36:47.104+0000] {dag.py:3089} INFO - Sync 1 DAGs
[2026-02-17T11:36:47.154+0000] {logging_mixin.py:188} INFO - [2026-02-17T11:36:47.153+0000] {dag.py:3947} INFO - Setting next_dagrun for minio_to_snowflake to 2026-02-17 11:35:00+00:00, run_after=2026-02-17 11:40:00+00:00
[2026-02-17T11:36:47.194+0000] {processor.py:183} INFO - Processing /opt/airflow/dags/minio_to_snowflake.py took 4.152 seconds
[2026-02-17T11:37:18.057+0000] {processor.py:161} INFO - Started process (PID=31042) to work on /opt/airflow/dags/minio_to_snowflake.py
[2026-02-17T11:37:18.060+0000] {processor.py:830} INFO - Processing file /opt/airflow/dags/minio_to_snowflake.py for tasks to queue
[2026-02-17T11:37:18.070+0000] {logging_mixin.py:188} INFO - [2026-02-17T11:37:18.066+0000] {dagbag.py:545} INFO - Filling up the DagBag from /opt/airflow/dags/minio_to_snowflake.py
[2026-02-17T11:37:26.717+0000] {processor.py:840} INFO - DAG(s) 'minio_to_snowflake' retrieved from /opt/airflow/dags/minio_to_snowflake.py
[2026-02-17T11:37:27.280+0000] {logging_mixin.py:188} INFO - [2026-02-17T11:37:27.266+0000] {dag.py:3089} INFO - Sync 1 DAGs
[2026-02-17T11:37:27.390+0000] {logging_mixin.py:188} INFO - [2026-02-17T11:37:27.390+0000] {dag.py:3947} INFO - Setting next_dagrun for minio_to_snowflake to 2026-02-17 11:35:00+00:00, run_after=2026-02-17 11:40:00+00:00
[2026-02-17T11:37:27.480+0000] {processor.py:183} INFO - Processing /opt/airflow/dags/minio_to_snowflake.py took 9.522 seconds
[2026-02-17T11:37:58.191+0000] {processor.py:161} INFO - Started process (PID=31401) to work on /opt/airflow/dags/minio_to_snowflake.py
[2026-02-17T11:37:58.195+0000] {processor.py:830} INFO - Processing file /opt/airflow/dags/minio_to_snowflake.py for tasks to queue
[2026-02-17T11:37:58.208+0000] {logging_mixin.py:188} INFO - [2026-02-17T11:37:58.202+0000] {dagbag.py:545} INFO - Filling up the DagBag from /opt/airflow/dags/minio_to_snowflake.py
[2026-02-17T11:38:04.122+0000] {processor.py:840} INFO - DAG(s) 'minio_to_snowflake' retrieved from /opt/airflow/dags/minio_to_snowflake.py
[2026-02-17T11:38:04.304+0000] {logging_mixin.py:188} INFO - [2026-02-17T11:38:04.302+0000] {dag.py:3089} INFO - Sync 1 DAGs
[2026-02-17T11:38:04.385+0000] {logging_mixin.py:188} INFO - [2026-02-17T11:38:04.384+0000] {dag.py:3947} INFO - Setting next_dagrun for minio_to_snowflake to 2026-02-17 11:35:00+00:00, run_after=2026-02-17 11:40:00+00:00
[2026-02-17T11:38:04.437+0000] {processor.py:183} INFO - Processing /opt/airflow/dags/minio_to_snowflake.py took 6.288 seconds
[2026-02-17T11:38:34.913+0000] {processor.py:161} INFO - Started process (PID=31768) to work on /opt/airflow/dags/minio_to_snowflake.py
[2026-02-17T11:38:34.917+0000] {processor.py:830} INFO - Processing file /opt/airflow/dags/minio_to_snowflake.py for tasks to queue
[2026-02-17T11:38:34.927+0000] {logging_mixin.py:188} INFO - [2026-02-17T11:38:34.926+0000] {dagbag.py:545} INFO - Filling up the DagBag from /opt/airflow/dags/minio_to_snowflake.py
[2026-02-17T11:38:39.103+0000] {processor.py:840} INFO - DAG(s) 'minio_to_snowflake' retrieved from /opt/airflow/dags/minio_to_snowflake.py
[2026-02-17T11:38:39.213+0000] {logging_mixin.py:188} INFO - [2026-02-17T11:38:39.211+0000] {dag.py:3089} INFO - Sync 1 DAGs
[2026-02-17T11:38:39.298+0000] {logging_mixin.py:188} INFO - [2026-02-17T11:38:39.298+0000] {dag.py:3947} INFO - Setting next_dagrun for minio_to_snowflake to 2026-02-17 11:35:00+00:00, run_after=2026-02-17 11:40:00+00:00
[2026-02-17T11:38:39.359+0000] {processor.py:183} INFO - Processing /opt/airflow/dags/minio_to_snowflake.py took 4.475 seconds
[2026-02-17T11:39:10.094+0000] {processor.py:161} INFO - Started process (PID=32077) to work on /opt/airflow/dags/minio_to_snowflake.py
[2026-02-17T11:39:10.097+0000] {processor.py:830} INFO - Processing file /opt/airflow/dags/minio_to_snowflake.py for tasks to queue
[2026-02-17T11:39:10.104+0000] {logging_mixin.py:188} INFO - [2026-02-17T11:39:10.103+0000] {dagbag.py:545} INFO - Filling up the DagBag from /opt/airflow/dags/minio_to_snowflake.py
[2026-02-17T11:39:15.072+0000] {processor.py:840} INFO - DAG(s) 'minio_to_snowflake' retrieved from /opt/airflow/dags/minio_to_snowflake.py
[2026-02-17T11:39:15.242+0000] {logging_mixin.py:188} INFO - [2026-02-17T11:39:15.241+0000] {dag.py:3089} INFO - Sync 1 DAGs
[2026-02-17T11:39:15.335+0000] {logging_mixin.py:188} INFO - [2026-02-17T11:39:15.335+0000] {dag.py:3947} INFO - Setting next_dagrun for minio_to_snowflake to 2026-02-17 11:35:00+00:00, run_after=2026-02-17 11:40:00+00:00
[2026-02-17T11:39:15.389+0000] {processor.py:183} INFO - Processing /opt/airflow/dags/minio_to_snowflake.py took 5.322 seconds
[2026-02-17T11:39:46.176+0000] {processor.py:161} INFO - Started process (PID=32286) to work on /opt/airflow/dags/minio_to_snowflake.py
[2026-02-17T11:39:46.179+0000] {processor.py:830} INFO - Processing file /opt/airflow/dags/minio_to_snowflake.py for tasks to queue
[2026-02-17T11:39:46.189+0000] {logging_mixin.py:188} INFO - [2026-02-17T11:39:46.186+0000] {dagbag.py:545} INFO - Filling up the DagBag from /opt/airflow/dags/minio_to_snowflake.py
[2026-02-17T11:39:48.976+0000] {processor.py:840} INFO - DAG(s) 'minio_to_snowflake' retrieved from /opt/airflow/dags/minio_to_snowflake.py
[2026-02-17T11:39:49.111+0000] {logging_mixin.py:188} INFO - [2026-02-17T11:39:49.111+0000] {dag.py:3089} INFO - Sync 1 DAGs
[2026-02-17T11:39:49.141+0000] {logging_mixin.py:188} INFO - [2026-02-17T11:39:49.141+0000] {dag.py:3947} INFO - Setting next_dagrun for minio_to_snowflake to 2026-02-17 11:35:00+00:00, run_after=2026-02-17 11:40:00+00:00
[2026-02-17T11:39:49.167+0000] {processor.py:183} INFO - Processing /opt/airflow/dags/minio_to_snowflake.py took 3.013 seconds
[2026-02-17T11:40:20.095+0000] {processor.py:161} INFO - Started process (PID=32942) to work on /opt/airflow/dags/minio_to_snowflake.py
[2026-02-17T11:40:20.099+0000] {processor.py:830} INFO - Processing file /opt/airflow/dags/minio_to_snowflake.py for tasks to queue
[2026-02-17T11:40:20.116+0000] {logging_mixin.py:188} INFO - [2026-02-17T11:40:20.111+0000] {dagbag.py:545} INFO - Filling up the DagBag from /opt/airflow/dags/minio_to_snowflake.py
[2026-02-17T11:41:45.415+0000] {logging_mixin.py:188} INFO - [2026-02-17T11:41:45.239+0000] {timeout.py:68} ERROR - Process timed out, PID: 32942
[2026-02-17T11:41:45.739+0000] {logging_mixin.py:188} WARNING - Exception ignored in: <function WeakKeyDictionary.__init__.<locals>.remove at 0x7466d23e27a0>
[2026-02-17T11:41:45.820+0000] {logging_mixin.py:188} WARNING - Traceback (most recent call last):
[2026-02-17T11:41:45.821+0000] {logging_mixin.py:188} WARNING -   File "/usr/local/lib/python3.12/weakref.py", line 369, in remove
[2026-02-17T11:42:16.263+0000] {processor.py:161} INFO - Started process (PID=34421) to work on /opt/airflow/dags/minio_to_snowflake.py
[2026-02-17T11:42:16.271+0000] {processor.py:830} INFO - Processing file /opt/airflow/dags/minio_to_snowflake.py for tasks to queue
[2026-02-17T11:42:16.279+0000] {logging_mixin.py:188} INFO - [2026-02-17T11:42:16.274+0000] {dagbag.py:545} INFO - Filling up the DagBag from /opt/airflow/dags/minio_to_snowflake.py
[2026-02-17T11:45:16.608+0000] {processor.py:161} INFO - Started process (PID=34804) to work on /opt/airflow/dags/minio_to_snowflake.py
[2026-02-17T11:45:16.649+0000] {processor.py:830} INFO - Processing file /opt/airflow/dags/minio_to_snowflake.py for tasks to queue
[2026-02-17T11:45:16.675+0000] {logging_mixin.py:188} INFO - [2026-02-17T11:45:16.660+0000] {dagbag.py:545} INFO - Filling up the DagBag from /opt/airflow/dags/minio_to_snowflake.py
[2026-02-17T11:45:47.344+0000] {logging_mixin.py:188} INFO - [2026-02-17T11:45:47.336+0000] {timeout.py:68} ERROR - Process timed out, PID: 34804
[2026-02-17T11:46:18.436+0000] {processor.py:161} INFO - Started process (PID=36429) to work on /opt/airflow/dags/minio_to_snowflake.py
[2026-02-17T11:46:18.449+0000] {processor.py:830} INFO - Processing file /opt/airflow/dags/minio_to_snowflake.py for tasks to queue
[2026-02-17T11:46:18.473+0000] {logging_mixin.py:188} INFO - [2026-02-17T11:46:18.459+0000] {dagbag.py:545} INFO - Filling up the DagBag from /opt/airflow/dags/minio_to_snowflake.py
[2026-02-17T11:46:28.680+0000] {processor.py:840} INFO - DAG(s) 'minio_to_snowflake' retrieved from /opt/airflow/dags/minio_to_snowflake.py
[2026-02-17T11:46:29.913+0000] {logging_mixin.py:188} INFO - [2026-02-17T11:46:29.911+0000] {dag.py:3089} INFO - Sync 1 DAGs
[2026-02-17T11:46:30.135+0000] {logging_mixin.py:188} INFO - [2026-02-17T11:46:30.134+0000] {dag.py:3947} INFO - Setting next_dagrun for minio_to_snowflake to 2026-02-17 11:40:00+00:00, run_after=2026-02-17 11:45:00+00:00
[2026-02-17T11:46:30.309+0000] {processor.py:183} INFO - Processing /opt/airflow/dags/minio_to_snowflake.py took 11.998 seconds
[2026-02-17T11:47:01.279+0000] {processor.py:161} INFO - Started process (PID=38119) to work on /opt/airflow/dags/minio_to_snowflake.py
[2026-02-17T11:47:01.289+0000] {processor.py:830} INFO - Processing file /opt/airflow/dags/minio_to_snowflake.py for tasks to queue
[2026-02-17T11:47:01.305+0000] {logging_mixin.py:188} INFO - [2026-02-17T11:47:01.296+0000] {dagbag.py:545} INFO - Filling up the DagBag from /opt/airflow/dags/minio_to_snowflake.py
[2026-02-17T11:47:09.830+0000] {processor.py:840} INFO - DAG(s) 'minio_to_snowflake' retrieved from /opt/airflow/dags/minio_to_snowflake.py
[2026-02-17T11:47:10.062+0000] {logging_mixin.py:188} INFO - [2026-02-17T11:47:10.060+0000] {dag.py:3089} INFO - Sync 1 DAGs
[2026-02-17T11:47:10.193+0000] {logging_mixin.py:188} INFO - [2026-02-17T11:47:10.192+0000] {dag.py:3947} INFO - Setting next_dagrun for minio_to_snowflake to 2026-02-17 11:45:00+00:00, run_after=2026-02-17 11:50:00+00:00
[2026-02-17T11:47:10.262+0000] {processor.py:183} INFO - Processing /opt/airflow/dags/minio_to_snowflake.py took 9.050 seconds
[2026-02-17T11:47:41.222+0000] {processor.py:161} INFO - Started process (PID=40360) to work on /opt/airflow/dags/minio_to_snowflake.py
[2026-02-17T11:47:41.227+0000] {processor.py:830} INFO - Processing file /opt/airflow/dags/minio_to_snowflake.py for tasks to queue
[2026-02-17T11:47:41.235+0000] {logging_mixin.py:188} INFO - [2026-02-17T11:47:41.230+0000] {dagbag.py:545} INFO - Filling up the DagBag from /opt/airflow/dags/minio_to_snowflake.py
[2026-02-17T11:47:48.894+0000] {processor.py:840} INFO - DAG(s) 'minio_to_snowflake' retrieved from /opt/airflow/dags/minio_to_snowflake.py
[2026-02-17T11:47:49.034+0000] {logging_mixin.py:188} INFO - [2026-02-17T11:47:49.031+0000] {dag.py:3089} INFO - Sync 1 DAGs
[2026-02-17T11:47:49.333+0000] {logging_mixin.py:188} INFO - [2026-02-17T11:47:49.332+0000] {dag.py:3947} INFO - Setting next_dagrun for minio_to_snowflake to 2026-02-17 11:45:00+00:00, run_after=2026-02-17 11:50:00+00:00
[2026-02-17T11:47:49.401+0000] {processor.py:183} INFO - Processing /opt/airflow/dags/minio_to_snowflake.py took 8.218 seconds
[2026-02-17T11:48:20.031+0000] {processor.py:161} INFO - Started process (PID=40896) to work on /opt/airflow/dags/minio_to_snowflake.py
[2026-02-17T11:48:20.037+0000] {processor.py:830} INFO - Processing file /opt/airflow/dags/minio_to_snowflake.py for tasks to queue
[2026-02-17T11:48:20.047+0000] {logging_mixin.py:188} INFO - [2026-02-17T11:48:20.044+0000] {dagbag.py:545} INFO - Filling up the DagBag from /opt/airflow/dags/minio_to_snowflake.py
[2026-02-17T11:48:32.861+0000] {processor.py:840} INFO - DAG(s) 'minio_to_snowflake' retrieved from /opt/airflow/dags/minio_to_snowflake.py
[2026-02-17T11:48:47.548+0000] {logging_mixin.py:188} INFO - [2026-02-17T11:48:47.515+0000] {dag.py:3089} INFO - Sync 1 DAGs
[2026-02-17T11:48:47.787+0000] {logging_mixin.py:188} INFO - [2026-02-17T11:48:47.781+0000] {dag.py:3947} INFO - Setting next_dagrun for minio_to_snowflake to 2026-02-17 11:45:00+00:00, run_after=2026-02-17 11:50:00+00:00
[2026-02-17T11:48:47.885+0000] {processor.py:183} INFO - Processing /opt/airflow/dags/minio_to_snowflake.py took 27.927 seconds
[2026-02-17T11:49:18.869+0000] {processor.py:161} INFO - Started process (PID=41286) to work on /opt/airflow/dags/minio_to_snowflake.py
[2026-02-17T11:49:18.874+0000] {processor.py:830} INFO - Processing file /opt/airflow/dags/minio_to_snowflake.py for tasks to queue
[2026-02-17T11:49:18.890+0000] {logging_mixin.py:188} INFO - [2026-02-17T11:49:18.881+0000] {dagbag.py:545} INFO - Filling up the DagBag from /opt/airflow/dags/minio_to_snowflake.py
[2026-02-17T11:49:32.381+0000] {processor.py:840} INFO - DAG(s) 'minio_to_snowflake' retrieved from /opt/airflow/dags/minio_to_snowflake.py
[2026-02-17T11:49:33.870+0000] {logging_mixin.py:188} INFO - [2026-02-17T11:49:33.845+0000] {dag.py:3089} INFO - Sync 1 DAGs
[2026-02-17T11:49:34.089+0000] {logging_mixin.py:188} INFO - [2026-02-17T11:49:34.088+0000] {dag.py:3947} INFO - Setting next_dagrun for minio_to_snowflake to 2026-02-17 11:45:00+00:00, run_after=2026-02-17 11:50:00+00:00
[2026-02-17T11:49:34.461+0000] {processor.py:183} INFO - Processing /opt/airflow/dags/minio_to_snowflake.py took 15.691 seconds
[2026-02-17T11:50:05.143+0000] {processor.py:161} INFO - Started process (PID=41768) to work on /opt/airflow/dags/minio_to_snowflake.py
[2026-02-17T11:50:05.147+0000] {processor.py:830} INFO - Processing file /opt/airflow/dags/minio_to_snowflake.py for tasks to queue
[2026-02-17T11:50:05.151+0000] {logging_mixin.py:188} INFO - [2026-02-17T11:50:05.149+0000] {dagbag.py:545} INFO - Filling up the DagBag from /opt/airflow/dags/minio_to_snowflake.py
[2026-02-17T11:50:13.624+0000] {processor.py:840} INFO - DAG(s) 'minio_to_snowflake' retrieved from /opt/airflow/dags/minio_to_snowflake.py
[2026-02-17T11:50:18.504+0000] {logging_mixin.py:188} INFO - [2026-02-17T11:50:18.502+0000] {dag.py:3089} INFO - Sync 1 DAGs
[2026-02-17T11:50:18.621+0000] {logging_mixin.py:188} INFO - [2026-02-17T11:50:18.621+0000] {dag.py:3947} INFO - Setting next_dagrun for minio_to_snowflake to 2026-02-17 11:50:00+00:00, run_after=2026-02-17 11:55:00+00:00
[2026-02-17T11:50:18.720+0000] {processor.py:183} INFO - Processing /opt/airflow/dags/minio_to_snowflake.py took 13.613 seconds
[2026-02-17T11:50:49.216+0000] {processor.py:161} INFO - Started process (PID=43218) to work on /opt/airflow/dags/minio_to_snowflake.py
[2026-02-17T11:50:49.222+0000] {processor.py:830} INFO - Processing file /opt/airflow/dags/minio_to_snowflake.py for tasks to queue
[2026-02-17T11:50:49.238+0000] {logging_mixin.py:188} INFO - [2026-02-17T11:50:49.231+0000] {dagbag.py:545} INFO - Filling up the DagBag from /opt/airflow/dags/minio_to_snowflake.py
[2026-02-17T11:52:16.144+0000] {processor.py:161} INFO - Started process (PID=43375) to work on /opt/airflow/dags/minio_to_snowflake.py
[2026-02-17T11:52:16.222+0000] {processor.py:830} INFO - Processing file /opt/airflow/dags/minio_to_snowflake.py for tasks to queue
[2026-02-17T11:52:16.297+0000] {logging_mixin.py:188} INFO - [2026-02-17T11:52:16.261+0000] {dagbag.py:545} INFO - Filling up the DagBag from /opt/airflow/dags/minio_to_snowflake.py
[2026-02-17T11:52:42.220+0000] {processor.py:840} INFO - DAG(s) 'minio_to_snowflake' retrieved from /opt/airflow/dags/minio_to_snowflake.py
[2026-02-17T11:53:34.332+0000] {processor.py:161} INFO - Started process (PID=44882) to work on /opt/airflow/dags/minio_to_snowflake.py
[2026-02-17T11:53:34.340+0000] {processor.py:830} INFO - Processing file /opt/airflow/dags/minio_to_snowflake.py for tasks to queue
[2026-02-17T11:53:34.351+0000] {logging_mixin.py:188} INFO - [2026-02-17T11:53:34.346+0000] {dagbag.py:545} INFO - Filling up the DagBag from /opt/airflow/dags/minio_to_snowflake.py
[2026-02-17T11:53:48.651+0000] {processor.py:840} INFO - DAG(s) 'minio_to_snowflake' retrieved from /opt/airflow/dags/minio_to_snowflake.py
[2026-02-17T11:53:49.638+0000] {logging_mixin.py:188} INFO - [2026-02-17T11:53:49.636+0000] {dag.py:3089} INFO - Sync 1 DAGs
[2026-02-17T11:53:49.728+0000] {logging_mixin.py:188} INFO - [2026-02-17T11:53:49.724+0000] {dag.py:3947} INFO - Setting next_dagrun for minio_to_snowflake to 2026-02-17 11:50:00+00:00, run_after=2026-02-17 11:55:00+00:00
[2026-02-17T11:53:49.814+0000] {processor.py:183} INFO - Processing /opt/airflow/dags/minio_to_snowflake.py took 15.741 seconds
[2026-02-17T11:54:20.718+0000] {processor.py:161} INFO - Started process (PID=46313) to work on /opt/airflow/dags/minio_to_snowflake.py
[2026-02-17T11:54:20.729+0000] {processor.py:830} INFO - Processing file /opt/airflow/dags/minio_to_snowflake.py for tasks to queue
[2026-02-17T11:54:20.749+0000] {logging_mixin.py:188} INFO - [2026-02-17T11:54:20.745+0000] {dagbag.py:545} INFO - Filling up the DagBag from /opt/airflow/dags/minio_to_snowflake.py
[2026-02-17T11:54:25.165+0000] {processor.py:840} INFO - DAG(s) 'minio_to_snowflake' retrieved from /opt/airflow/dags/minio_to_snowflake.py
[2026-02-17T11:54:25.249+0000] {logging_mixin.py:188} INFO - [2026-02-17T11:54:25.248+0000] {dag.py:3089} INFO - Sync 1 DAGs
[2026-02-17T11:54:25.326+0000] {logging_mixin.py:188} INFO - [2026-02-17T11:54:25.324+0000] {dag.py:3947} INFO - Setting next_dagrun for minio_to_snowflake to 2026-02-17 11:50:00+00:00, run_after=2026-02-17 11:55:00+00:00
[2026-02-17T11:54:25.410+0000] {processor.py:183} INFO - Processing /opt/airflow/dags/minio_to_snowflake.py took 4.772 seconds
[2026-02-17T11:54:56.066+0000] {processor.py:161} INFO - Started process (PID=46760) to work on /opt/airflow/dags/minio_to_snowflake.py
[2026-02-17T11:54:56.071+0000] {processor.py:830} INFO - Processing file /opt/airflow/dags/minio_to_snowflake.py for tasks to queue
[2026-02-17T11:54:56.075+0000] {logging_mixin.py:188} INFO - [2026-02-17T11:54:56.073+0000] {dagbag.py:545} INFO - Filling up the DagBag from /opt/airflow/dags/minio_to_snowflake.py
[2026-02-17T11:54:59.604+0000] {processor.py:840} INFO - DAG(s) 'minio_to_snowflake' retrieved from /opt/airflow/dags/minio_to_snowflake.py
[2026-02-17T11:54:59.770+0000] {logging_mixin.py:188} INFO - [2026-02-17T11:54:59.768+0000] {dag.py:3089} INFO - Sync 1 DAGs
[2026-02-17T11:54:59.861+0000] {logging_mixin.py:188} INFO - [2026-02-17T11:54:59.861+0000] {dag.py:3947} INFO - Setting next_dagrun for minio_to_snowflake to 2026-02-17 11:50:00+00:00, run_after=2026-02-17 11:55:00+00:00
[2026-02-17T11:54:59.915+0000] {processor.py:183} INFO - Processing /opt/airflow/dags/minio_to_snowflake.py took 3.878 seconds
[2026-02-17T11:55:30.163+0000] {processor.py:161} INFO - Started process (PID=48127) to work on /opt/airflow/dags/minio_to_snowflake.py
[2026-02-17T11:55:30.167+0000] {processor.py:830} INFO - Processing file /opt/airflow/dags/minio_to_snowflake.py for tasks to queue
[2026-02-17T11:55:30.172+0000] {logging_mixin.py:188} INFO - [2026-02-17T11:55:30.170+0000] {dagbag.py:545} INFO - Filling up the DagBag from /opt/airflow/dags/minio_to_snowflake.py
[2026-02-17T11:55:43.295+0000] {processor.py:840} INFO - DAG(s) 'minio_to_snowflake' retrieved from /opt/airflow/dags/minio_to_snowflake.py
[2026-02-17T11:55:43.506+0000] {logging_mixin.py:188} INFO - [2026-02-17T11:55:43.505+0000] {dag.py:3089} INFO - Sync 1 DAGs
[2026-02-17T11:55:43.609+0000] {logging_mixin.py:188} INFO - [2026-02-17T11:55:43.609+0000] {dag.py:3947} INFO - Setting next_dagrun for minio_to_snowflake to 2026-02-17 11:55:00+00:00, run_after=2026-02-17 12:00:00+00:00
[2026-02-17T11:55:43.677+0000] {processor.py:183} INFO - Processing /opt/airflow/dags/minio_to_snowflake.py took 13.593 seconds
[2026-02-17T11:56:14.392+0000] {processor.py:161} INFO - Started process (PID=50929) to work on /opt/airflow/dags/minio_to_snowflake.py
[2026-02-17T11:56:14.396+0000] {processor.py:830} INFO - Processing file /opt/airflow/dags/minio_to_snowflake.py for tasks to queue
[2026-02-17T11:56:14.401+0000] {logging_mixin.py:188} INFO - [2026-02-17T11:56:14.400+0000] {dagbag.py:545} INFO - Filling up the DagBag from /opt/airflow/dags/minio_to_snowflake.py
[2026-02-17T11:56:19.194+0000] {processor.py:840} INFO - DAG(s) 'minio_to_snowflake' retrieved from /opt/airflow/dags/minio_to_snowflake.py
[2026-02-17T11:56:19.297+0000] {logging_mixin.py:188} INFO - [2026-02-17T11:56:19.295+0000] {dag.py:3089} INFO - Sync 1 DAGs
[2026-02-17T11:56:19.398+0000] {logging_mixin.py:188} INFO - [2026-02-17T11:56:19.398+0000] {dag.py:3947} INFO - Setting next_dagrun for minio_to_snowflake to 2026-02-17 11:55:00+00:00, run_after=2026-02-17 12:00:00+00:00
[2026-02-17T11:56:19.478+0000] {processor.py:183} INFO - Processing /opt/airflow/dags/minio_to_snowflake.py took 5.112 seconds
[2026-02-17T11:56:49.963+0000] {processor.py:161} INFO - Started process (PID=51665) to work on /opt/airflow/dags/minio_to_snowflake.py
[2026-02-17T11:56:49.966+0000] {processor.py:830} INFO - Processing file /opt/airflow/dags/minio_to_snowflake.py for tasks to queue
[2026-02-17T11:56:49.970+0000] {logging_mixin.py:188} INFO - [2026-02-17T11:56:49.969+0000] {dagbag.py:545} INFO - Filling up the DagBag from /opt/airflow/dags/minio_to_snowflake.py
[2026-02-17T11:56:51.357+0000] {processor.py:840} INFO - DAG(s) 'minio_to_snowflake' retrieved from /opt/airflow/dags/minio_to_snowflake.py
[2026-02-17T11:56:51.395+0000] {logging_mixin.py:188} INFO - [2026-02-17T11:56:51.394+0000] {dag.py:3089} INFO - Sync 1 DAGs
[2026-02-17T11:56:51.422+0000] {logging_mixin.py:188} INFO - [2026-02-17T11:56:51.421+0000] {dag.py:3947} INFO - Setting next_dagrun for minio_to_snowflake to 2026-02-17 11:55:00+00:00, run_after=2026-02-17 12:00:00+00:00
[2026-02-17T11:56:51.459+0000] {processor.py:183} INFO - Processing /opt/airflow/dags/minio_to_snowflake.py took 1.521 seconds
[2026-02-17T11:57:21.959+0000] {processor.py:161} INFO - Started process (PID=52093) to work on /opt/airflow/dags/minio_to_snowflake.py
[2026-02-17T11:57:21.963+0000] {processor.py:830} INFO - Processing file /opt/airflow/dags/minio_to_snowflake.py for tasks to queue
[2026-02-17T11:57:21.968+0000] {logging_mixin.py:188} INFO - [2026-02-17T11:57:21.966+0000] {dagbag.py:545} INFO - Filling up the DagBag from /opt/airflow/dags/minio_to_snowflake.py
[2026-02-17T11:57:25.711+0000] {processor.py:840} INFO - DAG(s) 'minio_to_snowflake' retrieved from /opt/airflow/dags/minio_to_snowflake.py
[2026-02-17T11:57:25.946+0000] {logging_mixin.py:188} INFO - [2026-02-17T11:57:25.944+0000] {dag.py:3089} INFO - Sync 1 DAGs
[2026-02-17T11:57:26.149+0000] {logging_mixin.py:188} INFO - [2026-02-17T11:57:26.148+0000] {dag.py:3947} INFO - Setting next_dagrun for minio_to_snowflake to 2026-02-17 11:55:00+00:00, run_after=2026-02-17 12:00:00+00:00
[2026-02-17T11:57:26.296+0000] {processor.py:183} INFO - Processing /opt/airflow/dags/minio_to_snowflake.py took 4.371 seconds
[2026-02-17T11:57:57.276+0000] {processor.py:161} INFO - Started process (PID=52517) to work on /opt/airflow/dags/minio_to_snowflake.py
[2026-02-17T11:57:57.279+0000] {processor.py:830} INFO - Processing file /opt/airflow/dags/minio_to_snowflake.py for tasks to queue
[2026-02-17T11:57:57.283+0000] {logging_mixin.py:188} INFO - [2026-02-17T11:57:57.281+0000] {dagbag.py:545} INFO - Filling up the DagBag from /opt/airflow/dags/minio_to_snowflake.py
[2026-02-17T11:58:01.104+0000] {processor.py:840} INFO - DAG(s) 'minio_to_snowflake' retrieved from /opt/airflow/dags/minio_to_snowflake.py
[2026-02-17T11:58:01.203+0000] {logging_mixin.py:188} INFO - [2026-02-17T11:58:01.202+0000] {dag.py:3089} INFO - Sync 1 DAGs
[2026-02-17T11:58:01.266+0000] {logging_mixin.py:188} INFO - [2026-02-17T11:58:01.266+0000] {dag.py:3947} INFO - Setting next_dagrun for minio_to_snowflake to 2026-02-17 11:55:00+00:00, run_after=2026-02-17 12:00:00+00:00
[2026-02-17T11:58:01.340+0000] {processor.py:183} INFO - Processing /opt/airflow/dags/minio_to_snowflake.py took 4.091 seconds
[2026-02-17T11:58:32.264+0000] {processor.py:161} INFO - Started process (PID=52851) to work on /opt/airflow/dags/minio_to_snowflake.py
[2026-02-17T11:58:32.386+0000] {processor.py:830} INFO - Processing file /opt/airflow/dags/minio_to_snowflake.py for tasks to queue
[2026-02-17T11:58:32.392+0000] {logging_mixin.py:188} INFO - [2026-02-17T11:58:32.389+0000] {dagbag.py:545} INFO - Filling up the DagBag from /opt/airflow/dags/minio_to_snowflake.py
[2026-02-17T11:59:03.517+0000] {logging_mixin.py:188} INFO - [2026-02-17T11:59:02.684+0000] {timeout.py:68} ERROR - Process timed out, PID: 52851
[2026-02-17T11:59:37.763+0000] {processor.py:161} INFO - Started process (PID=53338) to work on /opt/airflow/dags/minio_to_snowflake.py
[2026-02-17T11:59:37.765+0000] {processor.py:830} INFO - Processing file /opt/airflow/dags/minio_to_snowflake.py for tasks to queue
[2026-02-17T11:59:37.770+0000] {logging_mixin.py:188} INFO - [2026-02-17T11:59:37.766+0000] {dagbag.py:545} INFO - Filling up the DagBag from /opt/airflow/dags/minio_to_snowflake.py
[2026-02-17T11:59:53.118+0000] {processor.py:840} INFO - DAG(s) 'minio_to_snowflake' retrieved from /opt/airflow/dags/minio_to_snowflake.py
[2026-02-17T11:59:53.393+0000] {logging_mixin.py:188} INFO - [2026-02-17T11:59:53.391+0000] {dag.py:3089} INFO - Sync 1 DAGs
[2026-02-17T11:59:53.635+0000] {logging_mixin.py:188} INFO - [2026-02-17T11:59:53.635+0000] {dag.py:3947} INFO - Setting next_dagrun for minio_to_snowflake to 2026-02-17 11:55:00+00:00, run_after=2026-02-17 12:00:00+00:00
[2026-02-17T11:59:53.877+0000] {processor.py:183} INFO - Processing /opt/airflow/dags/minio_to_snowflake.py took 16.356 seconds
[2026-02-17T12:00:24.880+0000] {processor.py:161} INFO - Started process (PID=53937) to work on /opt/airflow/dags/minio_to_snowflake.py
[2026-02-17T12:00:24.933+0000] {processor.py:830} INFO - Processing file /opt/airflow/dags/minio_to_snowflake.py for tasks to queue
[2026-02-17T12:00:25.001+0000] {logging_mixin.py:188} INFO - [2026-02-17T12:00:24.936+0000] {dagbag.py:545} INFO - Filling up the DagBag from /opt/airflow/dags/minio_to_snowflake.py
[2026-02-17T12:01:07.766+0000] {logging_mixin.py:188} INFO - [2026-02-17T12:00:56.614+0000] {timeout.py:68} ERROR - Process timed out, PID: 53937
[2026-02-17T12:01:57.161+0000] {processor.py:161} INFO - Started process (PID=54676) to work on /opt/airflow/dags/minio_to_snowflake.py
[2026-02-17T12:01:57.274+0000] {processor.py:830} INFO - Processing file /opt/airflow/dags/minio_to_snowflake.py for tasks to queue
[2026-02-17T12:01:57.393+0000] {logging_mixin.py:188} INFO - [2026-02-17T12:01:57.288+0000] {dagbag.py:545} INFO - Filling up the DagBag from /opt/airflow/dags/minio_to_snowflake.py
[2026-02-17T12:02:16.217+0000] {processor.py:840} INFO - DAG(s) 'minio_to_snowflake' retrieved from /opt/airflow/dags/minio_to_snowflake.py
[2026-02-17T12:02:17.206+0000] {logging_mixin.py:188} INFO - [2026-02-17T12:02:17.204+0000] {dag.py:3089} INFO - Sync 1 DAGs
[2026-02-17T12:02:17.373+0000] {logging_mixin.py:188} INFO - [2026-02-17T12:02:17.372+0000] {dag.py:3947} INFO - Setting next_dagrun for minio_to_snowflake to 2026-02-17 12:00:00+00:00, run_after=2026-02-17 12:05:00+00:00
[2026-02-17T12:02:17.513+0000] {processor.py:183} INFO - Processing /opt/airflow/dags/minio_to_snowflake.py took 21.101 seconds
[2026-02-17T12:02:48.420+0000] {processor.py:161} INFO - Started process (PID=57263) to work on /opt/airflow/dags/minio_to_snowflake.py
[2026-02-17T12:02:48.424+0000] {processor.py:830} INFO - Processing file /opt/airflow/dags/minio_to_snowflake.py for tasks to queue
[2026-02-17T12:02:48.434+0000] {logging_mixin.py:188} INFO - [2026-02-17T12:02:48.426+0000] {dagbag.py:545} INFO - Filling up the DagBag from /opt/airflow/dags/minio_to_snowflake.py
[2026-02-17T12:03:19.625+0000] {logging_mixin.py:188} INFO - [2026-02-17T12:03:19.023+0000] {timeout.py:68} ERROR - Process timed out, PID: 57263
[2026-02-17T12:03:51.404+0000] {processor.py:161} INFO - Started process (PID=58718) to work on /opt/airflow/dags/minio_to_snowflake.py
[2026-02-17T12:03:51.412+0000] {processor.py:830} INFO - Processing file /opt/airflow/dags/minio_to_snowflake.py for tasks to queue
[2026-02-17T12:03:51.424+0000] {logging_mixin.py:188} INFO - [2026-02-17T12:03:51.417+0000] {dagbag.py:545} INFO - Filling up the DagBag from /opt/airflow/dags/minio_to_snowflake.py
[2026-02-17T12:05:13.078+0000] {processor.py:161} INFO - Started process (PID=59171) to work on /opt/airflow/dags/minio_to_snowflake.py
[2026-02-17T12:05:13.083+0000] {processor.py:830} INFO - Processing file /opt/airflow/dags/minio_to_snowflake.py for tasks to queue
[2026-02-17T12:05:13.090+0000] {logging_mixin.py:188} INFO - [2026-02-17T12:05:13.087+0000] {dagbag.py:545} INFO - Filling up the DagBag from /opt/airflow/dags/minio_to_snowflake.py
[2026-02-17T12:05:22.080+0000] {processor.py:840} INFO - DAG(s) 'minio_to_snowflake' retrieved from /opt/airflow/dags/minio_to_snowflake.py
[2026-02-17T12:05:22.920+0000] {logging_mixin.py:188} INFO - [2026-02-17T12:05:22.918+0000] {dag.py:3089} INFO - Sync 1 DAGs
[2026-02-17T12:05:23.068+0000] {logging_mixin.py:188} INFO - [2026-02-17T12:05:23.067+0000] {dag.py:3947} INFO - Setting next_dagrun for minio_to_snowflake to 2026-02-17 12:00:00+00:00, run_after=2026-02-17 12:05:00+00:00
[2026-02-17T12:05:23.170+0000] {processor.py:183} INFO - Processing /opt/airflow/dags/minio_to_snowflake.py took 10.151 seconds
[2026-02-17T12:05:54.316+0000] {processor.py:161} INFO - Started process (PID=60293) to work on /opt/airflow/dags/minio_to_snowflake.py
[2026-02-17T12:05:54.349+0000] {processor.py:830} INFO - Processing file /opt/airflow/dags/minio_to_snowflake.py for tasks to queue
[2026-02-17T12:05:54.371+0000] {logging_mixin.py:188} INFO - [2026-02-17T12:05:54.366+0000] {dagbag.py:545} INFO - Filling up the DagBag from /opt/airflow/dags/minio_to_snowflake.py
[2026-02-17T12:06:08.985+0000] {processor.py:840} INFO - DAG(s) 'minio_to_snowflake' retrieved from /opt/airflow/dags/minio_to_snowflake.py
[2026-02-17T12:06:09.301+0000] {logging_mixin.py:188} INFO - [2026-02-17T12:06:09.300+0000] {dag.py:3089} INFO - Sync 1 DAGs
[2026-02-17T12:06:09.406+0000] {logging_mixin.py:188} INFO - [2026-02-17T12:06:09.405+0000] {dag.py:3947} INFO - Setting next_dagrun for minio_to_snowflake to 2026-02-17 12:05:00+00:00, run_after=2026-02-17 12:10:00+00:00
[2026-02-17T12:06:09.490+0000] {processor.py:183} INFO - Processing /opt/airflow/dags/minio_to_snowflake.py took 15.439 seconds
[2026-02-17T12:06:39.844+0000] {processor.py:161} INFO - Started process (PID=62249) to work on /opt/airflow/dags/minio_to_snowflake.py
[2026-02-17T12:06:39.850+0000] {processor.py:830} INFO - Processing file /opt/airflow/dags/minio_to_snowflake.py for tasks to queue
[2026-02-17T12:06:39.859+0000] {logging_mixin.py:188} INFO - [2026-02-17T12:06:39.854+0000] {dagbag.py:545} INFO - Filling up the DagBag from /opt/airflow/dags/minio_to_snowflake.py
[2026-02-17T12:07:10.477+0000] {logging_mixin.py:188} INFO - [2026-02-17T12:07:10.370+0000] {timeout.py:68} ERROR - Process timed out, PID: 62249
[2026-02-17T12:08:05.933+0000] {processor.py:161} INFO - Started process (PID=62774) to work on /opt/airflow/dags/minio_to_snowflake.py
[2026-02-17T12:08:05.956+0000] {processor.py:830} INFO - Processing file /opt/airflow/dags/minio_to_snowflake.py for tasks to queue
[2026-02-17T12:08:06.063+0000] {logging_mixin.py:188} INFO - [2026-02-17T12:08:05.990+0000] {dagbag.py:545} INFO - Filling up the DagBag from /opt/airflow/dags/minio_to_snowflake.py
[2026-02-17T12:08:36.582+0000] {logging_mixin.py:188} INFO - [2026-02-17T12:08:36.572+0000] {timeout.py:68} ERROR - Process timed out, PID: 62774
[2026-02-17T12:08:36.590+0000] {logging_mixin.py:188} WARNING - Exception ignored in: <function WeakKeyDictionary.__init__.<locals>.remove at 0x7466d23e27a0>
[2026-02-17T12:08:36.592+0000] {logging_mixin.py:188} WARNING - Traceback (most recent call last):
[2026-02-17T12:08:36.594+0000] {logging_mixin.py:188} WARNING -   File "/usr/local/lib/python3.12/weakref.py", line 369, in remove
[2026-02-17T12:08:36.614+0000] {logging_mixin.py:188} WARNING -     def remove(k, selfref=ref(self)):
[2026-02-17T12:08:36.620+0000] {logging_mixin.py:188} WARNING -   File "/home/airflow/.local/lib/python3.12/site-packages/airflow/utils/timeout.py", line 69, in handle_timeout
[2026-02-17T12:08:36.629+0000] {logging_mixin.py:188} WARNING -     raise AirflowTaskTimeout(self.error_message)
[2026-02-17T12:08:36.631+0000] {logging_mixin.py:188} WARNING - airflow.exceptions.AirflowTaskTimeout: DagBag import timeout for /opt/airflow/dags/minio_to_snowflake.py after 30.0s.
Please take a look at these docs to improve your DAG import time:
* https://airflow.apache.org/docs/apache-airflow/2.9.3/best-practices.html#top-level-python-code
* https://airflow.apache.org/docs/apache-airflow/2.9.3/best-practices.html#reducing-dag-complexity, PID: 62774
[2026-02-17T12:08:44.968+0000] {processor.py:840} INFO - DAG(s) 'minio_to_snowflake' retrieved from /opt/airflow/dags/minio_to_snowflake.py
[2026-02-17T12:08:46.969+0000] {logging_mixin.py:188} INFO - [2026-02-17T12:08:46.967+0000] {dag.py:3089} INFO - Sync 1 DAGs
[2026-02-17T12:08:47.144+0000] {logging_mixin.py:188} INFO - [2026-02-17T12:08:47.141+0000] {dag.py:3947} INFO - Setting next_dagrun for minio_to_snowflake to 2026-02-17 12:05:00+00:00, run_after=2026-02-17 12:10:00+00:00
[2026-02-17T12:08:47.418+0000] {processor.py:183} INFO - Processing /opt/airflow/dags/minio_to_snowflake.py took 42.509 seconds
[2026-02-17T12:09:20.318+0000] {processor.py:161} INFO - Started process (PID=64918) to work on /opt/airflow/dags/minio_to_snowflake.py
[2026-02-17T12:09:20.361+0000] {processor.py:830} INFO - Processing file /opt/airflow/dags/minio_to_snowflake.py for tasks to queue
[2026-02-17T12:09:20.422+0000] {logging_mixin.py:188} INFO - [2026-02-17T12:09:20.399+0000] {dagbag.py:545} INFO - Filling up the DagBag from /opt/airflow/dags/minio_to_snowflake.py
[2026-02-17T12:09:30.238+0000] {processor.py:840} INFO - DAG(s) 'minio_to_snowflake' retrieved from /opt/airflow/dags/minio_to_snowflake.py
[2026-02-17T12:09:30.509+0000] {logging_mixin.py:188} INFO - [2026-02-17T12:09:30.501+0000] {dag.py:3089} INFO - Sync 1 DAGs
[2026-02-17T12:09:30.674+0000] {logging_mixin.py:188} INFO - [2026-02-17T12:09:30.673+0000] {dag.py:3947} INFO - Setting next_dagrun for minio_to_snowflake to 2026-02-17 12:05:00+00:00, run_after=2026-02-17 12:10:00+00:00
[2026-02-17T12:09:30.784+0000] {processor.py:183} INFO - Processing /opt/airflow/dags/minio_to_snowflake.py took 11.861 seconds
[2026-02-17T12:10:01.623+0000] {processor.py:161} INFO - Started process (PID=65541) to work on /opt/airflow/dags/minio_to_snowflake.py
[2026-02-17T12:10:01.637+0000] {processor.py:830} INFO - Processing file /opt/airflow/dags/minio_to_snowflake.py for tasks to queue
[2026-02-17T12:10:01.648+0000] {logging_mixin.py:188} INFO - [2026-02-17T12:10:01.646+0000] {dagbag.py:545} INFO - Filling up the DagBag from /opt/airflow/dags/minio_to_snowflake.py
[2026-02-17T12:10:23.137+0000] {processor.py:840} INFO - DAG(s) 'minio_to_snowflake' retrieved from /opt/airflow/dags/minio_to_snowflake.py
[2026-02-17T12:10:38.754+0000] {logging_mixin.py:188} INFO - [2026-02-17T12:10:38.723+0000] {dag.py:3089} INFO - Sync 1 DAGs
[2026-02-17T12:10:38.828+0000] {logging_mixin.py:188} INFO - [2026-02-17T12:10:38.827+0000] {dag.py:3947} INFO - Setting next_dagrun for minio_to_snowflake to 2026-02-17 12:10:00+00:00, run_after=2026-02-17 12:15:00+00:00
[2026-02-17T12:10:38.897+0000] {processor.py:183} INFO - Processing /opt/airflow/dags/minio_to_snowflake.py took 37.543 seconds
[2026-02-17T12:11:09.501+0000] {processor.py:161} INFO - Started process (PID=66086) to work on /opt/airflow/dags/minio_to_snowflake.py
[2026-02-17T12:11:09.507+0000] {processor.py:830} INFO - Processing file /opt/airflow/dags/minio_to_snowflake.py for tasks to queue
[2026-02-17T12:11:09.514+0000] {logging_mixin.py:188} INFO - [2026-02-17T12:11:09.510+0000] {dagbag.py:545} INFO - Filling up the DagBag from /opt/airflow/dags/minio_to_snowflake.py
[2026-02-17T12:11:23.168+0000] {processor.py:840} INFO - DAG(s) 'minio_to_snowflake' retrieved from /opt/airflow/dags/minio_to_snowflake.py
[2026-02-17T12:11:23.352+0000] {logging_mixin.py:188} INFO - [2026-02-17T12:11:23.351+0000] {dag.py:3089} INFO - Sync 1 DAGs
[2026-02-17T12:11:23.437+0000] {logging_mixin.py:188} INFO - [2026-02-17T12:11:23.436+0000] {dag.py:3947} INFO - Setting next_dagrun for minio_to_snowflake to 2026-02-17 12:10:00+00:00, run_after=2026-02-17 12:15:00+00:00
[2026-02-17T12:11:23.599+0000] {processor.py:183} INFO - Processing /opt/airflow/dags/minio_to_snowflake.py took 14.256 seconds
[2026-02-17T12:11:54.700+0000] {processor.py:161} INFO - Started process (PID=66829) to work on /opt/airflow/dags/minio_to_snowflake.py
[2026-02-17T12:11:54.707+0000] {processor.py:830} INFO - Processing file /opt/airflow/dags/minio_to_snowflake.py for tasks to queue
[2026-02-17T12:11:54.734+0000] {logging_mixin.py:188} INFO - [2026-02-17T12:11:54.721+0000] {dagbag.py:545} INFO - Filling up the DagBag from /opt/airflow/dags/minio_to_snowflake.py
[2026-02-17T12:12:05.259+0000] {processor.py:840} INFO - DAG(s) 'minio_to_snowflake' retrieved from /opt/airflow/dags/minio_to_snowflake.py
[2026-02-17T12:12:05.426+0000] {logging_mixin.py:188} INFO - [2026-02-17T12:12:05.424+0000] {dag.py:3089} INFO - Sync 1 DAGs
[2026-02-17T12:12:05.634+0000] {logging_mixin.py:188} INFO - [2026-02-17T12:12:05.633+0000] {dag.py:3947} INFO - Setting next_dagrun for minio_to_snowflake to 2026-02-17 12:10:00+00:00, run_after=2026-02-17 12:15:00+00:00
[2026-02-17T12:12:05.785+0000] {processor.py:183} INFO - Processing /opt/airflow/dags/minio_to_snowflake.py took 11.211 seconds
[2026-02-17T12:12:37.182+0000] {processor.py:161} INFO - Started process (PID=67493) to work on /opt/airflow/dags/minio_to_snowflake.py
[2026-02-17T12:12:37.186+0000] {processor.py:830} INFO - Processing file /opt/airflow/dags/minio_to_snowflake.py for tasks to queue
[2026-02-17T12:12:37.190+0000] {logging_mixin.py:188} INFO - [2026-02-17T12:12:37.188+0000] {dagbag.py:545} INFO - Filling up the DagBag from /opt/airflow/dags/minio_to_snowflake.py
[2026-02-17T12:12:42.314+0000] {processor.py:840} INFO - DAG(s) 'minio_to_snowflake' retrieved from /opt/airflow/dags/minio_to_snowflake.py
[2026-02-17T12:12:42.601+0000] {logging_mixin.py:188} INFO - [2026-02-17T12:12:42.599+0000] {dag.py:3089} INFO - Sync 1 DAGs
[2026-02-17T12:12:42.932+0000] {logging_mixin.py:188} INFO - [2026-02-17T12:12:42.931+0000] {dag.py:3947} INFO - Setting next_dagrun for minio_to_snowflake to 2026-02-17 12:10:00+00:00, run_after=2026-02-17 12:15:00+00:00
[2026-02-17T12:12:43.077+0000] {processor.py:183} INFO - Processing /opt/airflow/dags/minio_to_snowflake.py took 5.923 seconds
[2026-02-17T12:13:14.234+0000] {processor.py:161} INFO - Started process (PID=68134) to work on /opt/airflow/dags/minio_to_snowflake.py
[2026-02-17T12:13:14.238+0000] {processor.py:830} INFO - Processing file /opt/airflow/dags/minio_to_snowflake.py for tasks to queue
[2026-02-17T12:13:14.244+0000] {logging_mixin.py:188} INFO - [2026-02-17T12:13:14.242+0000] {dagbag.py:545} INFO - Filling up the DagBag from /opt/airflow/dags/minio_to_snowflake.py
[2026-02-17T12:13:22.022+0000] {processor.py:840} INFO - DAG(s) 'minio_to_snowflake' retrieved from /opt/airflow/dags/minio_to_snowflake.py
[2026-02-17T12:13:22.528+0000] {logging_mixin.py:188} INFO - [2026-02-17T12:13:22.526+0000] {dag.py:3089} INFO - Sync 1 DAGs
[2026-02-17T12:13:22.721+0000] {logging_mixin.py:188} INFO - [2026-02-17T12:13:22.720+0000] {dag.py:3947} INFO - Setting next_dagrun for minio_to_snowflake to 2026-02-17 12:10:00+00:00, run_after=2026-02-17 12:15:00+00:00
[2026-02-17T12:13:22.817+0000] {processor.py:183} INFO - Processing /opt/airflow/dags/minio_to_snowflake.py took 8.645 seconds
[2026-02-17T12:13:53.321+0000] {processor.py:161} INFO - Started process (PID=68751) to work on /opt/airflow/dags/minio_to_snowflake.py
[2026-02-17T12:13:53.329+0000] {processor.py:830} INFO - Processing file /opt/airflow/dags/minio_to_snowflake.py for tasks to queue
[2026-02-17T12:13:53.334+0000] {logging_mixin.py:188} INFO - [2026-02-17T12:13:53.332+0000] {dagbag.py:545} INFO - Filling up the DagBag from /opt/airflow/dags/minio_to_snowflake.py
[2026-02-17T12:13:59.249+0000] {processor.py:840} INFO - DAG(s) 'minio_to_snowflake' retrieved from /opt/airflow/dags/minio_to_snowflake.py
[2026-02-17T12:13:59.438+0000] {logging_mixin.py:188} INFO - [2026-02-17T12:13:59.434+0000] {dag.py:3089} INFO - Sync 1 DAGs
[2026-02-17T12:13:59.824+0000] {logging_mixin.py:188} INFO - [2026-02-17T12:13:59.823+0000] {dag.py:3947} INFO - Setting next_dagrun for minio_to_snowflake to 2026-02-17 12:10:00+00:00, run_after=2026-02-17 12:15:00+00:00
[2026-02-17T12:13:59.934+0000] {processor.py:183} INFO - Processing /opt/airflow/dags/minio_to_snowflake.py took 6.652 seconds
[2026-02-17T12:14:30.380+0000] {processor.py:161} INFO - Started process (PID=69360) to work on /opt/airflow/dags/minio_to_snowflake.py
[2026-02-17T12:14:30.388+0000] {processor.py:830} INFO - Processing file /opt/airflow/dags/minio_to_snowflake.py for tasks to queue
[2026-02-17T12:14:30.393+0000] {logging_mixin.py:188} INFO - [2026-02-17T12:14:30.391+0000] {dagbag.py:545} INFO - Filling up the DagBag from /opt/airflow/dags/minio_to_snowflake.py
[2026-02-17T12:14:34.169+0000] {processor.py:840} INFO - DAG(s) 'minio_to_snowflake' retrieved from /opt/airflow/dags/minio_to_snowflake.py
[2026-02-17T12:14:34.288+0000] {logging_mixin.py:188} INFO - [2026-02-17T12:14:34.286+0000] {dag.py:3089} INFO - Sync 1 DAGs
[2026-02-17T12:14:34.443+0000] {logging_mixin.py:188} INFO - [2026-02-17T12:14:34.442+0000] {dag.py:3947} INFO - Setting next_dagrun for minio_to_snowflake to 2026-02-17 12:10:00+00:00, run_after=2026-02-17 12:15:00+00:00
[2026-02-17T12:14:34.513+0000] {processor.py:183} INFO - Processing /opt/airflow/dags/minio_to_snowflake.py took 4.191 seconds
[2026-02-17T12:15:04.901+0000] {processor.py:161} INFO - Started process (PID=69995) to work on /opt/airflow/dags/minio_to_snowflake.py
[2026-02-17T12:15:04.921+0000] {processor.py:830} INFO - Processing file /opt/airflow/dags/minio_to_snowflake.py for tasks to queue
[2026-02-17T12:15:04.932+0000] {logging_mixin.py:188} INFO - [2026-02-17T12:15:04.927+0000] {dagbag.py:545} INFO - Filling up the DagBag from /opt/airflow/dags/minio_to_snowflake.py
[2026-02-17T12:15:16.241+0000] {processor.py:840} INFO - DAG(s) 'minio_to_snowflake' retrieved from /opt/airflow/dags/minio_to_snowflake.py
[2026-02-17T12:15:18.016+0000] {logging_mixin.py:188} INFO - [2026-02-17T12:15:17.959+0000] {dag.py:3089} INFO - Sync 1 DAGs
[2026-02-17T12:15:18.189+0000] {logging_mixin.py:188} INFO - [2026-02-17T12:15:18.184+0000] {dag.py:3947} INFO - Setting next_dagrun for minio_to_snowflake to 2026-02-17 12:15:00+00:00, run_after=2026-02-17 12:20:00+00:00
[2026-02-17T12:15:18.405+0000] {processor.py:183} INFO - Processing /opt/airflow/dags/minio_to_snowflake.py took 13.610 seconds
[2026-02-17T12:15:49.733+0000] {processor.py:161} INFO - Started process (PID=71104) to work on /opt/airflow/dags/minio_to_snowflake.py
[2026-02-17T12:15:49.745+0000] {processor.py:830} INFO - Processing file /opt/airflow/dags/minio_to_snowflake.py for tasks to queue
[2026-02-17T12:15:49.764+0000] {logging_mixin.py:188} INFO - [2026-02-17T12:15:49.757+0000] {dagbag.py:545} INFO - Filling up the DagBag from /opt/airflow/dags/minio_to_snowflake.py
[2026-02-17T12:16:20.569+0000] {logging_mixin.py:188} INFO - [2026-02-17T12:16:20.568+0000] {timeout.py:68} ERROR - Process timed out, PID: 71104
[2026-02-17T12:16:20.570+0000] {logging_mixin.py:188} WARNING - Exception ignored in: <function WeakKeyDictionary.__init__.<locals>.remove at 0x7466d23e27a0>
[2026-02-17T12:16:20.576+0000] {logging_mixin.py:188} WARNING - Traceback (most recent call last):
[2026-02-17T12:16:20.578+0000] {logging_mixin.py:188} WARNING -   File "/usr/local/lib/python3.12/weakref.py", line 369, in remove
[2026-02-17T12:16:20.805+0000] {logging_mixin.py:188} WARNING -     def remove(k, selfref=ref(self)):
[2026-02-17T12:16:20.836+0000] {logging_mixin.py:188} WARNING -   File "/home/airflow/.local/lib/python3.12/site-packages/airflow/utils/timeout.py", line 69, in handle_timeout
[2026-02-17T12:16:20.895+0000] {logging_mixin.py:188} WARNING -     raise AirflowTaskTimeout(self.error_message)
[2026-02-17T12:16:20.899+0000] {logging_mixin.py:188} WARNING - airflow.exceptions.AirflowTaskTimeout: DagBag import timeout for /opt/airflow/dags/minio_to_snowflake.py after 30.0s.
Please take a look at these docs to improve your DAG import time:
* https://airflow.apache.org/docs/apache-airflow/2.9.3/best-practices.html#top-level-python-code
* https://airflow.apache.org/docs/apache-airflow/2.9.3/best-practices.html#reducing-dag-complexity, PID: 71104
[2026-02-17T12:17:11.463+0000] {processor.py:161} INFO - Started process (PID=72307) to work on /opt/airflow/dags/minio_to_snowflake.py
[2026-02-17T12:17:11.496+0000] {processor.py:830} INFO - Processing file /opt/airflow/dags/minio_to_snowflake.py for tasks to queue
[2026-02-17T12:17:11.513+0000] {logging_mixin.py:188} INFO - [2026-02-17T12:17:11.510+0000] {dagbag.py:545} INFO - Filling up the DagBag from /opt/airflow/dags/minio_to_snowflake.py
[2026-02-17T12:17:26.906+0000] {processor.py:840} INFO - DAG(s) 'minio_to_snowflake' retrieved from /opt/airflow/dags/minio_to_snowflake.py
[2026-02-17T12:17:28.737+0000] {logging_mixin.py:188} INFO - [2026-02-17T12:17:28.736+0000] {dag.py:3089} INFO - Sync 1 DAGs
[2026-02-17T12:17:28.867+0000] {logging_mixin.py:188} INFO - [2026-02-17T12:17:28.866+0000] {dag.py:3947} INFO - Setting next_dagrun for minio_to_snowflake to 2026-02-17 12:15:00+00:00, run_after=2026-02-17 12:20:00+00:00
[2026-02-17T12:17:28.980+0000] {processor.py:183} INFO - Processing /opt/airflow/dags/minio_to_snowflake.py took 17.791 seconds
[2026-02-17T12:18:00.042+0000] {processor.py:161} INFO - Started process (PID=74443) to work on /opt/airflow/dags/minio_to_snowflake.py
[2026-02-17T12:18:00.045+0000] {processor.py:830} INFO - Processing file /opt/airflow/dags/minio_to_snowflake.py for tasks to queue
[2026-02-17T12:18:00.058+0000] {logging_mixin.py:188} INFO - [2026-02-17T12:18:00.056+0000] {dagbag.py:545} INFO - Filling up the DagBag from /opt/airflow/dags/minio_to_snowflake.py
[2026-02-17T12:18:04.478+0000] {processor.py:840} INFO - DAG(s) 'minio_to_snowflake' retrieved from /opt/airflow/dags/minio_to_snowflake.py
[2026-02-17T12:18:04.694+0000] {logging_mixin.py:188} INFO - [2026-02-17T12:18:04.691+0000] {dag.py:3089} INFO - Sync 1 DAGs
[2026-02-17T12:18:04.738+0000] {logging_mixin.py:188} INFO - [2026-02-17T12:18:04.738+0000] {dag.py:3947} INFO - Setting next_dagrun for minio_to_snowflake to 2026-02-17 12:15:00+00:00, run_after=2026-02-17 12:20:00+00:00
[2026-02-17T12:18:04.769+0000] {processor.py:183} INFO - Processing /opt/airflow/dags/minio_to_snowflake.py took 4.758 seconds
[2026-02-17T12:18:36.524+0000] {processor.py:161} INFO - Started process (PID=76904) to work on /opt/airflow/dags/minio_to_snowflake.py
[2026-02-17T12:18:36.551+0000] {processor.py:830} INFO - Processing file /opt/airflow/dags/minio_to_snowflake.py for tasks to queue
[2026-02-17T12:18:36.560+0000] {logging_mixin.py:188} INFO - [2026-02-17T12:18:36.557+0000] {dagbag.py:545} INFO - Filling up the DagBag from /opt/airflow/dags/minio_to_snowflake.py
[2026-02-17T12:18:48.589+0000] {processor.py:840} INFO - DAG(s) 'minio_to_snowflake' retrieved from /opt/airflow/dags/minio_to_snowflake.py
[2026-02-17T12:18:49.230+0000] {logging_mixin.py:188} INFO - [2026-02-17T12:18:49.227+0000] {dag.py:3089} INFO - Sync 1 DAGs
[2026-02-17T12:18:49.555+0000] {logging_mixin.py:188} INFO - [2026-02-17T12:18:49.554+0000] {dag.py:3947} INFO - Setting next_dagrun for minio_to_snowflake to 2026-02-17 12:15:00+00:00, run_after=2026-02-17 12:20:00+00:00
[2026-02-17T12:18:49.686+0000] {processor.py:183} INFO - Processing /opt/airflow/dags/minio_to_snowflake.py took 13.518 seconds
[2026-02-17T12:19:20.339+0000] {processor.py:161} INFO - Started process (PID=77577) to work on /opt/airflow/dags/minio_to_snowflake.py
[2026-02-17T12:19:20.348+0000] {processor.py:830} INFO - Processing file /opt/airflow/dags/minio_to_snowflake.py for tasks to queue
[2026-02-17T12:19:20.368+0000] {logging_mixin.py:188} INFO - [2026-02-17T12:19:20.363+0000] {dagbag.py:545} INFO - Filling up the DagBag from /opt/airflow/dags/minio_to_snowflake.py
[2026-02-17T12:19:31.813+0000] {processor.py:840} INFO - DAG(s) 'minio_to_snowflake' retrieved from /opt/airflow/dags/minio_to_snowflake.py
[2026-02-17T12:19:32.010+0000] {logging_mixin.py:188} INFO - [2026-02-17T12:19:32.003+0000] {dag.py:3089} INFO - Sync 1 DAGs
[2026-02-17T12:19:32.461+0000] {logging_mixin.py:188} INFO - [2026-02-17T12:19:32.460+0000] {dag.py:3947} INFO - Setting next_dagrun for minio_to_snowflake to 2026-02-17 12:15:00+00:00, run_after=2026-02-17 12:20:00+00:00
[2026-02-17T12:19:32.796+0000] {processor.py:183} INFO - Processing /opt/airflow/dags/minio_to_snowflake.py took 12.515 seconds
[2026-02-17T12:20:03.392+0000] {processor.py:161} INFO - Started process (PID=78220) to work on /opt/airflow/dags/minio_to_snowflake.py
[2026-02-17T12:20:03.400+0000] {processor.py:830} INFO - Processing file /opt/airflow/dags/minio_to_snowflake.py for tasks to queue
[2026-02-17T12:20:03.407+0000] {logging_mixin.py:188} INFO - [2026-02-17T12:20:03.404+0000] {dagbag.py:545} INFO - Filling up the DagBag from /opt/airflow/dags/minio_to_snowflake.py
[2026-02-17T12:20:16.923+0000] {processor.py:840} INFO - DAG(s) 'minio_to_snowflake' retrieved from /opt/airflow/dags/minio_to_snowflake.py
[2026-02-17T12:20:17.055+0000] {logging_mixin.py:188} INFO - [2026-02-17T12:20:17.054+0000] {dag.py:3089} INFO - Sync 1 DAGs
[2026-02-17T12:20:17.204+0000] {logging_mixin.py:188} INFO - [2026-02-17T12:20:17.203+0000] {dag.py:3947} INFO - Setting next_dagrun for minio_to_snowflake to 2026-02-17 12:20:00+00:00, run_after=2026-02-17 12:25:00+00:00
[2026-02-17T12:20:17.271+0000] {processor.py:183} INFO - Processing /opt/airflow/dags/minio_to_snowflake.py took 13.943 seconds
[2026-02-17T12:20:49.991+0000] {processor.py:161} INFO - Started process (PID=79225) to work on /opt/airflow/dags/minio_to_snowflake.py
[2026-02-17T12:20:49.997+0000] {processor.py:830} INFO - Processing file /opt/airflow/dags/minio_to_snowflake.py for tasks to queue
[2026-02-17T12:20:50.007+0000] {logging_mixin.py:188} INFO - [2026-02-17T12:20:50.005+0000] {dagbag.py:545} INFO - Filling up the DagBag from /opt/airflow/dags/minio_to_snowflake.py
[2026-02-17T12:21:12.328+0000] {processor.py:840} INFO - DAG(s) 'minio_to_snowflake' retrieved from /opt/airflow/dags/minio_to_snowflake.py
[2026-02-17T12:21:12.952+0000] {logging_mixin.py:188} INFO - [2026-02-17T12:21:12.935+0000] {dag.py:3089} INFO - Sync 1 DAGs
[2026-02-17T12:21:13.235+0000] {logging_mixin.py:188} INFO - [2026-02-17T12:21:13.234+0000] {dag.py:3947} INFO - Setting next_dagrun for minio_to_snowflake to 2026-02-17 12:20:00+00:00, run_after=2026-02-17 12:25:00+00:00
[2026-02-17T12:21:13.532+0000] {processor.py:183} INFO - Processing /opt/airflow/dags/minio_to_snowflake.py took 24.906 seconds
[2026-02-17T12:21:44.921+0000] {processor.py:161} INFO - Started process (PID=80895) to work on /opt/airflow/dags/minio_to_snowflake.py
[2026-02-17T12:21:44.935+0000] {processor.py:830} INFO - Processing file /opt/airflow/dags/minio_to_snowflake.py for tasks to queue
[2026-02-17T12:21:44.948+0000] {logging_mixin.py:188} INFO - [2026-02-17T12:21:44.939+0000] {dagbag.py:545} INFO - Filling up the DagBag from /opt/airflow/dags/minio_to_snowflake.py
[2026-02-17T12:21:52.980+0000] {processor.py:840} INFO - DAG(s) 'minio_to_snowflake' retrieved from /opt/airflow/dags/minio_to_snowflake.py
[2026-02-17T12:21:53.129+0000] {logging_mixin.py:188} INFO - [2026-02-17T12:21:53.128+0000] {dag.py:3089} INFO - Sync 1 DAGs
[2026-02-17T12:21:53.259+0000] {logging_mixin.py:188} INFO - [2026-02-17T12:21:53.258+0000] {dag.py:3947} INFO - Setting next_dagrun for minio_to_snowflake to 2026-02-17 12:20:00+00:00, run_after=2026-02-17 12:25:00+00:00
[2026-02-17T12:21:53.346+0000] {processor.py:183} INFO - Processing /opt/airflow/dags/minio_to_snowflake.py took 8.536 seconds
[2026-02-17T12:22:23.860+0000] {processor.py:161} INFO - Started process (PID=83514) to work on /opt/airflow/dags/minio_to_snowflake.py
[2026-02-17T12:22:23.867+0000] {processor.py:830} INFO - Processing file /opt/airflow/dags/minio_to_snowflake.py for tasks to queue
[2026-02-17T12:22:23.875+0000] {logging_mixin.py:188} INFO - [2026-02-17T12:22:23.870+0000] {dagbag.py:545} INFO - Filling up the DagBag from /opt/airflow/dags/minio_to_snowflake.py
[2026-02-17T12:22:37.844+0000] {processor.py:840} INFO - DAG(s) 'minio_to_snowflake' retrieved from /opt/airflow/dags/minio_to_snowflake.py
[2026-02-17T12:22:44.750+0000] {logging_mixin.py:188} INFO - [2026-02-17T12:22:44.748+0000] {dag.py:3089} INFO - Sync 1 DAGs
[2026-02-17T12:22:44.930+0000] {logging_mixin.py:188} INFO - [2026-02-17T12:22:44.929+0000] {dag.py:3947} INFO - Setting next_dagrun for minio_to_snowflake to 2026-02-17 12:20:00+00:00, run_after=2026-02-17 12:25:00+00:00
[2026-02-17T12:22:45.162+0000] {processor.py:183} INFO - Processing /opt/airflow/dags/minio_to_snowflake.py took 21.364 seconds
[2026-02-17T12:23:16.163+0000] {processor.py:161} INFO - Started process (PID=85473) to work on /opt/airflow/dags/minio_to_snowflake.py
[2026-02-17T12:23:16.168+0000] {processor.py:830} INFO - Processing file /opt/airflow/dags/minio_to_snowflake.py for tasks to queue
[2026-02-17T12:23:16.172+0000] {logging_mixin.py:188} INFO - [2026-02-17T12:23:16.170+0000] {dagbag.py:545} INFO - Filling up the DagBag from /opt/airflow/dags/minio_to_snowflake.py
[2026-02-17T12:23:33.151+0000] {processor.py:840} INFO - DAG(s) 'minio_to_snowflake' retrieved from /opt/airflow/dags/minio_to_snowflake.py
[2026-02-17T12:23:33.616+0000] {logging_mixin.py:188} INFO - [2026-02-17T12:23:33.613+0000] {dag.py:3089} INFO - Sync 1 DAGs
[2026-02-17T12:23:33.767+0000] {logging_mixin.py:188} INFO - [2026-02-17T12:23:33.766+0000] {dag.py:3947} INFO - Setting next_dagrun for minio_to_snowflake to 2026-02-17 12:20:00+00:00, run_after=2026-02-17 12:25:00+00:00
[2026-02-17T12:23:33.869+0000] {processor.py:183} INFO - Processing /opt/airflow/dags/minio_to_snowflake.py took 17.747 seconds
[2026-02-17T12:24:04.598+0000] {processor.py:161} INFO - Started process (PID=86155) to work on /opt/airflow/dags/minio_to_snowflake.py
[2026-02-17T12:24:04.606+0000] {processor.py:830} INFO - Processing file /opt/airflow/dags/minio_to_snowflake.py for tasks to queue
[2026-02-17T12:24:04.620+0000] {logging_mixin.py:188} INFO - [2026-02-17T12:24:04.615+0000] {dagbag.py:545} INFO - Filling up the DagBag from /opt/airflow/dags/minio_to_snowflake.py
[2026-02-17T12:24:13.219+0000] {processor.py:840} INFO - DAG(s) 'minio_to_snowflake' retrieved from /opt/airflow/dags/minio_to_snowflake.py
[2026-02-17T12:24:13.425+0000] {logging_mixin.py:188} INFO - [2026-02-17T12:24:13.423+0000] {dag.py:3089} INFO - Sync 1 DAGs
[2026-02-17T12:24:13.518+0000] {logging_mixin.py:188} INFO - [2026-02-17T12:24:13.517+0000] {dag.py:3947} INFO - Setting next_dagrun for minio_to_snowflake to 2026-02-17 12:20:00+00:00, run_after=2026-02-17 12:25:00+00:00
[2026-02-17T12:24:13.579+0000] {processor.py:183} INFO - Processing /opt/airflow/dags/minio_to_snowflake.py took 9.077 seconds
[2026-02-17T12:24:44.634+0000] {processor.py:161} INFO - Started process (PID=86785) to work on /opt/airflow/dags/minio_to_snowflake.py
[2026-02-17T12:24:44.639+0000] {processor.py:830} INFO - Processing file /opt/airflow/dags/minio_to_snowflake.py for tasks to queue
[2026-02-17T12:24:44.644+0000] {logging_mixin.py:188} INFO - [2026-02-17T12:24:44.642+0000] {dagbag.py:545} INFO - Filling up the DagBag from /opt/airflow/dags/minio_to_snowflake.py
[2026-02-17T12:24:49.105+0000] {processor.py:840} INFO - DAG(s) 'minio_to_snowflake' retrieved from /opt/airflow/dags/minio_to_snowflake.py
[2026-02-17T12:24:49.188+0000] {logging_mixin.py:188} INFO - [2026-02-17T12:24:49.187+0000] {dag.py:3089} INFO - Sync 1 DAGs
[2026-02-17T12:24:49.222+0000] {logging_mixin.py:188} INFO - [2026-02-17T12:24:49.222+0000] {dag.py:3947} INFO - Setting next_dagrun for minio_to_snowflake to 2026-02-17 12:20:00+00:00, run_after=2026-02-17 12:25:00+00:00
[2026-02-17T12:24:49.246+0000] {processor.py:183} INFO - Processing /opt/airflow/dags/minio_to_snowflake.py took 4.713 seconds
[2026-02-17T12:25:19.883+0000] {processor.py:161} INFO - Started process (PID=87361) to work on /opt/airflow/dags/minio_to_snowflake.py
[2026-02-17T12:25:19.886+0000] {processor.py:830} INFO - Processing file /opt/airflow/dags/minio_to_snowflake.py for tasks to queue
[2026-02-17T12:25:19.894+0000] {logging_mixin.py:188} INFO - [2026-02-17T12:25:19.892+0000] {dagbag.py:545} INFO - Filling up the DagBag from /opt/airflow/dags/minio_to_snowflake.py
[2026-02-17T12:25:31.269+0000] {processor.py:840} INFO - DAG(s) 'minio_to_snowflake' retrieved from /opt/airflow/dags/minio_to_snowflake.py
[2026-02-17T12:25:31.434+0000] {logging_mixin.py:188} INFO - [2026-02-17T12:25:31.433+0000] {dag.py:3089} INFO - Sync 1 DAGs
[2026-02-17T12:25:31.543+0000] {logging_mixin.py:188} INFO - [2026-02-17T12:25:31.542+0000] {dag.py:3947} INFO - Setting next_dagrun for minio_to_snowflake to 2026-02-17 12:25:00+00:00, run_after=2026-02-17 12:30:00+00:00
[2026-02-17T12:25:31.707+0000] {processor.py:183} INFO - Processing /opt/airflow/dags/minio_to_snowflake.py took 11.864 seconds
[2026-02-17T12:26:02.341+0000] {processor.py:161} INFO - Started process (PID=89597) to work on /opt/airflow/dags/minio_to_snowflake.py
[2026-02-17T12:26:02.345+0000] {processor.py:830} INFO - Processing file /opt/airflow/dags/minio_to_snowflake.py for tasks to queue
[2026-02-17T12:26:02.360+0000] {logging_mixin.py:188} INFO - [2026-02-17T12:26:02.355+0000] {dagbag.py:545} INFO - Filling up the DagBag from /opt/airflow/dags/minio_to_snowflake.py
[2026-02-17T12:26:16.086+0000] {processor.py:840} INFO - DAG(s) 'minio_to_snowflake' retrieved from /opt/airflow/dags/minio_to_snowflake.py
[2026-02-17T12:26:17.150+0000] {logging_mixin.py:188} INFO - [2026-02-17T12:26:17.146+0000] {dag.py:3089} INFO - Sync 1 DAGs
[2026-02-17T12:26:17.455+0000] {logging_mixin.py:188} INFO - [2026-02-17T12:26:17.454+0000] {dag.py:3947} INFO - Setting next_dagrun for minio_to_snowflake to 2026-02-17 12:25:00+00:00, run_after=2026-02-17 12:30:00+00:00
[2026-02-17T12:26:17.625+0000] {processor.py:183} INFO - Processing /opt/airflow/dags/minio_to_snowflake.py took 15.327 seconds
[2026-02-17T12:26:49.048+0000] {processor.py:161} INFO - Started process (PID=91880) to work on /opt/airflow/dags/minio_to_snowflake.py
[2026-02-17T12:26:49.054+0000] {processor.py:830} INFO - Processing file /opt/airflow/dags/minio_to_snowflake.py for tasks to queue
[2026-02-17T12:26:49.060+0000] {logging_mixin.py:188} INFO - [2026-02-17T12:26:49.057+0000] {dagbag.py:545} INFO - Filling up the DagBag from /opt/airflow/dags/minio_to_snowflake.py
[2026-02-17T12:27:04.509+0000] {processor.py:840} INFO - DAG(s) 'minio_to_snowflake' retrieved from /opt/airflow/dags/minio_to_snowflake.py
[2026-02-17T12:27:05.815+0000] {logging_mixin.py:188} INFO - [2026-02-17T12:27:05.812+0000] {dag.py:3089} INFO - Sync 1 DAGs
[2026-02-17T12:27:06.255+0000] {logging_mixin.py:188} INFO - [2026-02-17T12:27:06.254+0000] {dag.py:3947} INFO - Setting next_dagrun for minio_to_snowflake to 2026-02-17 12:25:00+00:00, run_after=2026-02-17 12:30:00+00:00
[2026-02-17T12:27:06.423+0000] {processor.py:183} INFO - Processing /opt/airflow/dags/minio_to_snowflake.py took 17.440 seconds
[2026-02-17T12:27:37.607+0000] {processor.py:161} INFO - Started process (PID=93782) to work on /opt/airflow/dags/minio_to_snowflake.py
[2026-02-17T12:27:37.611+0000] {processor.py:830} INFO - Processing file /opt/airflow/dags/minio_to_snowflake.py for tasks to queue
[2026-02-17T12:27:37.628+0000] {logging_mixin.py:188} INFO - [2026-02-17T12:27:37.615+0000] {dagbag.py:545} INFO - Filling up the DagBag from /opt/airflow/dags/minio_to_snowflake.py
[2026-02-17T12:27:59.101+0000] {processor.py:840} INFO - DAG(s) 'minio_to_snowflake' retrieved from /opt/airflow/dags/minio_to_snowflake.py
[2026-02-17T12:28:00.477+0000] {logging_mixin.py:188} INFO - [2026-02-17T12:28:00.475+0000] {dag.py:3089} INFO - Sync 1 DAGs
[2026-02-17T12:28:00.817+0000] {logging_mixin.py:188} INFO - [2026-02-17T12:28:00.816+0000] {dag.py:3947} INFO - Setting next_dagrun for minio_to_snowflake to 2026-02-17 12:25:00+00:00, run_after=2026-02-17 12:30:00+00:00
[2026-02-17T12:28:01.050+0000] {processor.py:183} INFO - Processing /opt/airflow/dags/minio_to_snowflake.py took 23.536 seconds
[2026-02-17T12:28:32.296+0000] {processor.py:161} INFO - Started process (PID=95051) to work on /opt/airflow/dags/minio_to_snowflake.py
[2026-02-17T12:28:32.304+0000] {processor.py:830} INFO - Processing file /opt/airflow/dags/minio_to_snowflake.py for tasks to queue
[2026-02-17T12:28:32.311+0000] {logging_mixin.py:188} INFO - [2026-02-17T12:28:32.308+0000] {dagbag.py:545} INFO - Filling up the DagBag from /opt/airflow/dags/minio_to_snowflake.py
[2026-02-17T12:28:39.729+0000] {processor.py:840} INFO - DAG(s) 'minio_to_snowflake' retrieved from /opt/airflow/dags/minio_to_snowflake.py
[2026-02-17T12:28:40.045+0000] {logging_mixin.py:188} INFO - [2026-02-17T12:28:40.043+0000] {dag.py:3089} INFO - Sync 1 DAGs
[2026-02-17T12:28:40.186+0000] {logging_mixin.py:188} INFO - [2026-02-17T12:28:40.185+0000] {dag.py:3947} INFO - Setting next_dagrun for minio_to_snowflake to 2026-02-17 12:25:00+00:00, run_after=2026-02-17 12:30:00+00:00
[2026-02-17T12:28:40.288+0000] {processor.py:183} INFO - Processing /opt/airflow/dags/minio_to_snowflake.py took 8.097 seconds
[2026-02-17T12:29:10.986+0000] {processor.py:161} INFO - Started process (PID=95743) to work on /opt/airflow/dags/minio_to_snowflake.py
[2026-02-17T12:29:10.990+0000] {processor.py:830} INFO - Processing file /opt/airflow/dags/minio_to_snowflake.py for tasks to queue
[2026-02-17T12:29:10.993+0000] {logging_mixin.py:188} INFO - [2026-02-17T12:29:10.992+0000] {dagbag.py:545} INFO - Filling up the DagBag from /opt/airflow/dags/minio_to_snowflake.py
[2026-02-17T12:29:23.113+0000] {processor.py:840} INFO - DAG(s) 'minio_to_snowflake' retrieved from /opt/airflow/dags/minio_to_snowflake.py
[2026-02-17T12:29:23.379+0000] {logging_mixin.py:188} INFO - [2026-02-17T12:29:23.374+0000] {dag.py:3089} INFO - Sync 1 DAGs
[2026-02-17T12:29:23.468+0000] {logging_mixin.py:188} INFO - [2026-02-17T12:29:23.467+0000] {dag.py:3947} INFO - Setting next_dagrun for minio_to_snowflake to 2026-02-17 12:25:00+00:00, run_after=2026-02-17 12:30:00+00:00
[2026-02-17T12:29:23.556+0000] {processor.py:183} INFO - Processing /opt/airflow/dags/minio_to_snowflake.py took 12.605 seconds
[2026-02-17T12:29:54.233+0000] {processor.py:161} INFO - Started process (PID=96427) to work on /opt/airflow/dags/minio_to_snowflake.py
[2026-02-17T12:29:54.246+0000] {processor.py:830} INFO - Processing file /opt/airflow/dags/minio_to_snowflake.py for tasks to queue
[2026-02-17T12:29:54.250+0000] {logging_mixin.py:188} INFO - [2026-02-17T12:29:54.248+0000] {dagbag.py:545} INFO - Filling up the DagBag from /opt/airflow/dags/minio_to_snowflake.py
[2026-02-17T12:29:59.292+0000] {processor.py:840} INFO - DAG(s) 'minio_to_snowflake' retrieved from /opt/airflow/dags/minio_to_snowflake.py
[2026-02-17T12:29:59.364+0000] {logging_mixin.py:188} INFO - [2026-02-17T12:29:59.363+0000] {dag.py:3089} INFO - Sync 1 DAGs
[2026-02-17T12:29:59.423+0000] {logging_mixin.py:188} INFO - [2026-02-17T12:29:59.423+0000] {dag.py:3947} INFO - Setting next_dagrun for minio_to_snowflake to 2026-02-17 12:25:00+00:00, run_after=2026-02-17 12:30:00+00:00
[2026-02-17T12:29:59.767+0000] {processor.py:183} INFO - Processing /opt/airflow/dags/minio_to_snowflake.py took 5.651 seconds
[2026-02-17T12:30:30.759+0000] {processor.py:161} INFO - Started process (PID=97873) to work on /opt/airflow/dags/minio_to_snowflake.py
[2026-02-17T12:30:30.770+0000] {processor.py:830} INFO - Processing file /opt/airflow/dags/minio_to_snowflake.py for tasks to queue
[2026-02-17T12:30:30.778+0000] {logging_mixin.py:188} INFO - [2026-02-17T12:30:30.775+0000] {dagbag.py:545} INFO - Filling up the DagBag from /opt/airflow/dags/minio_to_snowflake.py
[2026-02-17T12:30:36.908+0000] {processor.py:840} INFO - DAG(s) 'minio_to_snowflake' retrieved from /opt/airflow/dags/minio_to_snowflake.py
[2026-02-17T12:30:37.062+0000] {logging_mixin.py:188} INFO - [2026-02-17T12:30:37.059+0000] {dag.py:3089} INFO - Sync 1 DAGs
[2026-02-17T12:30:37.151+0000] {logging_mixin.py:188} INFO - [2026-02-17T12:30:37.150+0000] {dag.py:3947} INFO - Setting next_dagrun for minio_to_snowflake to 2026-02-17 12:30:00+00:00, run_after=2026-02-17 12:35:00+00:00
[2026-02-17T12:30:37.251+0000] {processor.py:183} INFO - Processing /opt/airflow/dags/minio_to_snowflake.py took 6.585 seconds
[2026-02-17T12:31:07.592+0000] {processor.py:161} INFO - Started process (PID=656) to work on /opt/airflow/dags/minio_to_snowflake.py
[2026-02-17T12:31:07.602+0000] {processor.py:830} INFO - Processing file /opt/airflow/dags/minio_to_snowflake.py for tasks to queue
[2026-02-17T12:31:07.611+0000] {logging_mixin.py:188} INFO - [2026-02-17T12:31:07.606+0000] {dagbag.py:545} INFO - Filling up the DagBag from /opt/airflow/dags/minio_to_snowflake.py
[2026-02-17T12:31:22.449+0000] {processor.py:840} INFO - DAG(s) 'minio_to_snowflake' retrieved from /opt/airflow/dags/minio_to_snowflake.py
[2026-02-17T12:31:27.296+0000] {logging_mixin.py:188} INFO - [2026-02-17T12:31:27.293+0000] {dag.py:3089} INFO - Sync 1 DAGs
[2026-02-17T12:31:27.850+0000] {logging_mixin.py:188} INFO - [2026-02-17T12:31:27.849+0000] {dag.py:3947} INFO - Setting next_dagrun for minio_to_snowflake to 2026-02-17 12:30:00+00:00, run_after=2026-02-17 12:35:00+00:00
[2026-02-17T12:31:28.031+0000] {processor.py:183} INFO - Processing /opt/airflow/dags/minio_to_snowflake.py took 20.535 seconds
[2026-02-17T12:31:59.471+0000] {processor.py:161} INFO - Started process (PID=3195) to work on /opt/airflow/dags/minio_to_snowflake.py
[2026-02-17T12:31:59.476+0000] {processor.py:830} INFO - Processing file /opt/airflow/dags/minio_to_snowflake.py for tasks to queue
[2026-02-17T12:31:59.492+0000] {logging_mixin.py:188} INFO - [2026-02-17T12:31:59.486+0000] {dagbag.py:545} INFO - Filling up the DagBag from /opt/airflow/dags/minio_to_snowflake.py
[2026-02-17T12:32:23.991+0000] {processor.py:840} INFO - DAG(s) 'minio_to_snowflake' retrieved from /opt/airflow/dags/minio_to_snowflake.py
[2026-02-17T12:32:29.499+0000] {logging_mixin.py:188} INFO - [2026-02-17T12:32:29.489+0000] {dag.py:3089} INFO - Sync 1 DAGs
[2026-02-17T12:32:30.173+0000] {logging_mixin.py:188} INFO - [2026-02-17T12:32:30.172+0000] {dag.py:3947} INFO - Setting next_dagrun for minio_to_snowflake to 2026-02-17 12:30:00+00:00, run_after=2026-02-17 12:35:00+00:00
[2026-02-17T12:32:30.550+0000] {processor.py:183} INFO - Processing /opt/airflow/dags/minio_to_snowflake.py took 32.063 seconds
[2026-02-17T12:33:01.489+0000] {processor.py:161} INFO - Started process (PID=4532) to work on /opt/airflow/dags/minio_to_snowflake.py
[2026-02-17T12:33:01.493+0000] {processor.py:830} INFO - Processing file /opt/airflow/dags/minio_to_snowflake.py for tasks to queue
[2026-02-17T12:33:01.505+0000] {logging_mixin.py:188} INFO - [2026-02-17T12:33:01.503+0000] {dagbag.py:545} INFO - Filling up the DagBag from /opt/airflow/dags/minio_to_snowflake.py
[2026-02-17T12:33:09.910+0000] {processor.py:840} INFO - DAG(s) 'minio_to_snowflake' retrieved from /opt/airflow/dags/minio_to_snowflake.py
[2026-02-17T12:33:10.181+0000] {logging_mixin.py:188} INFO - [2026-02-17T12:33:10.179+0000] {dag.py:3089} INFO - Sync 1 DAGs
[2026-02-17T12:33:10.265+0000] {logging_mixin.py:188} INFO - [2026-02-17T12:33:10.264+0000] {dag.py:3947} INFO - Setting next_dagrun for minio_to_snowflake to 2026-02-17 12:30:00+00:00, run_after=2026-02-17 12:35:00+00:00
[2026-02-17T12:33:10.322+0000] {processor.py:183} INFO - Processing /opt/airflow/dags/minio_to_snowflake.py took 8.794 seconds
[2026-02-17T12:33:40.773+0000] {processor.py:161} INFO - Started process (PID=5137) to work on /opt/airflow/dags/minio_to_snowflake.py
[2026-02-17T12:33:40.780+0000] {processor.py:830} INFO - Processing file /opt/airflow/dags/minio_to_snowflake.py for tasks to queue
[2026-02-17T12:33:40.785+0000] {logging_mixin.py:188} INFO - [2026-02-17T12:33:40.783+0000] {dagbag.py:545} INFO - Filling up the DagBag from /opt/airflow/dags/minio_to_snowflake.py
[2026-02-17T12:33:55.487+0000] {processor.py:840} INFO - DAG(s) 'minio_to_snowflake' retrieved from /opt/airflow/dags/minio_to_snowflake.py
[2026-02-17T12:33:56.172+0000] {logging_mixin.py:188} INFO - [2026-02-17T12:33:56.170+0000] {dag.py:3089} INFO - Sync 1 DAGs
[2026-02-17T12:33:56.429+0000] {logging_mixin.py:188} INFO - [2026-02-17T12:33:56.427+0000] {dag.py:3947} INFO - Setting next_dagrun for minio_to_snowflake to 2026-02-17 12:30:00+00:00, run_after=2026-02-17 12:35:00+00:00
[2026-02-17T12:33:56.724+0000] {processor.py:183} INFO - Processing /opt/airflow/dags/minio_to_snowflake.py took 16.049 seconds
[2026-02-17T12:34:27.896+0000] {processor.py:161} INFO - Started process (PID=5907) to work on /opt/airflow/dags/minio_to_snowflake.py
[2026-02-17T12:34:27.899+0000] {processor.py:830} INFO - Processing file /opt/airflow/dags/minio_to_snowflake.py for tasks to queue
[2026-02-17T12:34:27.910+0000] {logging_mixin.py:188} INFO - [2026-02-17T12:34:27.905+0000] {dagbag.py:545} INFO - Filling up the DagBag from /opt/airflow/dags/minio_to_snowflake.py
[2026-02-17T12:34:37.056+0000] {processor.py:840} INFO - DAG(s) 'minio_to_snowflake' retrieved from /opt/airflow/dags/minio_to_snowflake.py
[2026-02-17T12:34:37.208+0000] {logging_mixin.py:188} INFO - [2026-02-17T12:34:37.207+0000] {dag.py:3089} INFO - Sync 1 DAGs
[2026-02-17T12:34:37.325+0000] {logging_mixin.py:188} INFO - [2026-02-17T12:34:37.324+0000] {dag.py:3947} INFO - Setting next_dagrun for minio_to_snowflake to 2026-02-17 12:30:00+00:00, run_after=2026-02-17 12:35:00+00:00
[2026-02-17T12:34:37.397+0000] {processor.py:183} INFO - Processing /opt/airflow/dags/minio_to_snowflake.py took 9.537 seconds
[2026-02-17T12:35:08.091+0000] {processor.py:161} INFO - Started process (PID=6629) to work on /opt/airflow/dags/minio_to_snowflake.py
[2026-02-17T12:35:08.100+0000] {processor.py:830} INFO - Processing file /opt/airflow/dags/minio_to_snowflake.py for tasks to queue
[2026-02-17T12:35:08.103+0000] {logging_mixin.py:188} INFO - [2026-02-17T12:35:08.102+0000] {dagbag.py:545} INFO - Filling up the DagBag from /opt/airflow/dags/minio_to_snowflake.py
[2026-02-17T12:35:19.367+0000] {processor.py:840} INFO - DAG(s) 'minio_to_snowflake' retrieved from /opt/airflow/dags/minio_to_snowflake.py
[2026-02-17T12:35:20.907+0000] {logging_mixin.py:188} INFO - [2026-02-17T12:35:20.869+0000] {dag.py:3089} INFO - Sync 1 DAGs
[2026-02-17T12:35:21.120+0000] {logging_mixin.py:188} INFO - [2026-02-17T12:35:21.119+0000] {dag.py:3947} INFO - Setting next_dagrun for minio_to_snowflake to 2026-02-17 12:35:00+00:00, run_after=2026-02-17 12:40:00+00:00
[2026-02-17T12:35:21.217+0000] {processor.py:183} INFO - Processing /opt/airflow/dags/minio_to_snowflake.py took 13.180 seconds
[2026-02-17T12:35:51.878+0000] {processor.py:161} INFO - Started process (PID=7866) to work on /opt/airflow/dags/minio_to_snowflake.py
[2026-02-17T12:35:51.888+0000] {processor.py:830} INFO - Processing file /opt/airflow/dags/minio_to_snowflake.py for tasks to queue
[2026-02-17T12:35:51.898+0000] {logging_mixin.py:188} INFO - [2026-02-17T12:35:51.896+0000] {dagbag.py:545} INFO - Filling up the DagBag from /opt/airflow/dags/minio_to_snowflake.py
[2026-02-17T12:36:11.915+0000] {processor.py:840} INFO - DAG(s) 'minio_to_snowflake' retrieved from /opt/airflow/dags/minio_to_snowflake.py
[2026-02-17T12:36:12.083+0000] {logging_mixin.py:188} INFO - [2026-02-17T12:36:12.081+0000] {dag.py:3089} INFO - Sync 1 DAGs
[2026-02-17T12:36:12.176+0000] {logging_mixin.py:188} INFO - [2026-02-17T12:36:12.175+0000] {dag.py:3947} INFO - Setting next_dagrun for minio_to_snowflake to 2026-02-17 12:35:00+00:00, run_after=2026-02-17 12:40:00+00:00
[2026-02-17T12:36:12.331+0000] {processor.py:183} INFO - Processing /opt/airflow/dags/minio_to_snowflake.py took 20.559 seconds
[2026-02-17T12:36:42.997+0000] {processor.py:161} INFO - Started process (PID=10808) to work on /opt/airflow/dags/minio_to_snowflake.py
[2026-02-17T12:36:43.023+0000] {processor.py:830} INFO - Processing file /opt/airflow/dags/minio_to_snowflake.py for tasks to queue
[2026-02-17T12:36:43.043+0000] {logging_mixin.py:188} INFO - [2026-02-17T12:36:43.040+0000] {dagbag.py:545} INFO - Filling up the DagBag from /opt/airflow/dags/minio_to_snowflake.py
[2026-02-17T12:36:54.536+0000] {processor.py:840} INFO - DAG(s) 'minio_to_snowflake' retrieved from /opt/airflow/dags/minio_to_snowflake.py
[2026-02-17T12:36:55.395+0000] {logging_mixin.py:188} INFO - [2026-02-17T12:36:55.392+0000] {dag.py:3089} INFO - Sync 1 DAGs
[2026-02-17T12:36:55.569+0000] {logging_mixin.py:188} INFO - [2026-02-17T12:36:55.569+0000] {dag.py:3947} INFO - Setting next_dagrun for minio_to_snowflake to 2026-02-17 12:35:00+00:00, run_after=2026-02-17 12:40:00+00:00
[2026-02-17T12:36:55.688+0000] {processor.py:183} INFO - Processing /opt/airflow/dags/minio_to_snowflake.py took 12.735 seconds
[2026-02-17T12:37:27.071+0000] {processor.py:161} INFO - Started process (PID=13748) to work on /opt/airflow/dags/minio_to_snowflake.py
[2026-02-17T12:37:27.082+0000] {processor.py:830} INFO - Processing file /opt/airflow/dags/minio_to_snowflake.py for tasks to queue
[2026-02-17T12:37:27.101+0000] {logging_mixin.py:188} INFO - [2026-02-17T12:37:27.090+0000] {dagbag.py:545} INFO - Filling up the DagBag from /opt/airflow/dags/minio_to_snowflake.py
[2026-02-17T12:37:44.880+0000] {processor.py:840} INFO - DAG(s) 'minio_to_snowflake' retrieved from /opt/airflow/dags/minio_to_snowflake.py
[2026-02-17T12:38:15.956+0000] {processor.py:186} ERROR - Got an exception! Propagating...
Traceback (most recent call last):
  File "/home/airflow/.local/lib/python3.12/site-packages/sqlalchemy/engine/base.py", line 3371, in _wrap_pool_connect
    return fn()
           ^^^^
  File "/home/airflow/.local/lib/python3.12/site-packages/sqlalchemy/pool/base.py", line 327, in connect
    return _ConnectionFairy._checkout(self)
           ^^^^^^^^^^^^^^^^^^^^^^^^^^^^^^^^
  File "/home/airflow/.local/lib/python3.12/site-packages/sqlalchemy/pool/base.py", line 894, in _checkout
    fairy = _ConnectionRecord.checkout(pool)
            ^^^^^^^^^^^^^^^^^^^^^^^^^^^^^^^^
  File "/home/airflow/.local/lib/python3.12/site-packages/sqlalchemy/pool/base.py", line 493, in checkout
    rec = pool._do_get()
          ^^^^^^^^^^^^^^
  File "/home/airflow/.local/lib/python3.12/site-packages/sqlalchemy/pool/impl.py", line 145, in _do_get
    with util.safe_reraise():
  File "/home/airflow/.local/lib/python3.12/site-packages/sqlalchemy/util/langhelpers.py", line 70, in __exit__
    compat.raise_(
  File "/home/airflow/.local/lib/python3.12/site-packages/sqlalchemy/util/compat.py", line 211, in raise_
    raise exception
  File "/home/airflow/.local/lib/python3.12/site-packages/sqlalchemy/pool/impl.py", line 143, in _do_get
    return self._create_connection()
           ^^^^^^^^^^^^^^^^^^^^^^^^^
  File "/home/airflow/.local/lib/python3.12/site-packages/sqlalchemy/pool/base.py", line 273, in _create_connection
    return _ConnectionRecord(self)
           ^^^^^^^^^^^^^^^^^^^^^^^
  File "/home/airflow/.local/lib/python3.12/site-packages/sqlalchemy/pool/base.py", line 388, in __init__
    self.__connect()
  File "/home/airflow/.local/lib/python3.12/site-packages/sqlalchemy/pool/base.py", line 690, in __connect
    with util.safe_reraise():
  File "/home/airflow/.local/lib/python3.12/site-packages/sqlalchemy/util/langhelpers.py", line 70, in __exit__
    compat.raise_(
  File "/home/airflow/.local/lib/python3.12/site-packages/sqlalchemy/util/compat.py", line 211, in raise_
    raise exception
  File "/home/airflow/.local/lib/python3.12/site-packages/sqlalchemy/pool/base.py", line 686, in __connect
    self.dbapi_connection = connection = pool._invoke_creator(self)
                                         ^^^^^^^^^^^^^^^^^^^^^^^^^^
  File "/home/airflow/.local/lib/python3.12/site-packages/sqlalchemy/engine/create.py", line 574, in connect
    return dialect.connect(*cargs, **cparams)
           ^^^^^^^^^^^^^^^^^^^^^^^^^^^^^^^^^^
  File "/home/airflow/.local/lib/python3.12/site-packages/sqlalchemy/engine/default.py", line 598, in connect
    return self.dbapi.connect(*cargs, **cparams)
           ^^^^^^^^^^^^^^^^^^^^^^^^^^^^^^^^^^^^^
  File "/home/airflow/.local/lib/python3.12/site-packages/psycopg2/__init__.py", line 122, in connect
    conn = _connect(dsn, connection_factory=connection_factory, **kwasync)
           ^^^^^^^^^^^^^^^^^^^^^^^^^^^^^^^^^^^^^^^^^^^^^^^^^^^^^^^^^^^^^^^
psycopg2.OperationalError: could not translate host name "postgres" to address: Temporary failure in name resolution


The above exception was the direct cause of the following exception:

Traceback (most recent call last):
  File "/home/airflow/.local/lib/python3.12/site-packages/airflow/dag_processing/processor.py", line 182, in _run_file_processor
    _handle_dag_file_processing()
  File "/home/airflow/.local/lib/python3.12/site-packages/airflow/dag_processing/processor.py", line 163, in _handle_dag_file_processing
    result: tuple[int, int] = dag_file_processor.process_file(
                              ^^^^^^^^^^^^^^^^^^^^^^^^^^^^^^^^
  File "/home/airflow/.local/lib/python3.12/site-packages/airflow/utils/session.py", line 79, in wrapper
    return func(*args, session=session, **kwargs)
           ^^^^^^^^^^^^^^^^^^^^^^^^^^^^^^^^^^^^^^
  File "/home/airflow/.local/lib/python3.12/site-packages/airflow/dag_processing/processor.py", line 859, in process_file
    serialize_errors = DagFileProcessor.save_dag_to_db(
                       ^^^^^^^^^^^^^^^^^^^^^^^^^^^^^^^^
  File "/home/airflow/.local/lib/python3.12/site-packages/airflow/api_internal/internal_api_call.py", line 115, in wrapper
    return func(*args, **kwargs)
           ^^^^^^^^^^^^^^^^^^^^^
  File "/home/airflow/.local/lib/python3.12/site-packages/airflow/utils/session.py", line 79, in wrapper
    return func(*args, session=session, **kwargs)
           ^^^^^^^^^^^^^^^^^^^^^^^^^^^^^^^^^^^^^^
  File "/home/airflow/.local/lib/python3.12/site-packages/airflow/dag_processing/processor.py", line 895, in save_dag_to_db
    import_errors = DagBag._sync_to_db(dags=dags, processor_subdir=dag_directory, session=session)
                    ^^^^^^^^^^^^^^^^^^^^^^^^^^^^^^^^^^^^^^^^^^^^^^^^^^^^^^^^^^^^^^^^^^^^^^^^^^^^^^
  File "/home/airflow/.local/lib/python3.12/site-packages/airflow/utils/session.py", line 76, in wrapper
    return func(*args, **kwargs)
           ^^^^^^^^^^^^^^^^^^^^^
  File "/home/airflow/.local/lib/python3.12/site-packages/airflow/models/dagbag.py", line 664, in _sync_to_db
    for attempt in run_with_db_retries(logger=log):
  File "/home/airflow/.local/lib/python3.12/site-packages/tenacity/__init__.py", line 443, in __iter__
    do = self.iter(retry_state=retry_state)
         ^^^^^^^^^^^^^^^^^^^^^^^^^^^^^^^^^^
  File "/home/airflow/.local/lib/python3.12/site-packages/tenacity/__init__.py", line 376, in iter
    result = action(retry_state)
             ^^^^^^^^^^^^^^^^^^^
  File "/home/airflow/.local/lib/python3.12/site-packages/tenacity/__init__.py", line 418, in exc_check
    raise retry_exc.reraise()
          ^^^^^^^^^^^^^^^^^^^
  File "/home/airflow/.local/lib/python3.12/site-packages/tenacity/__init__.py", line 185, in reraise
    raise self.last_attempt.result()
          ^^^^^^^^^^^^^^^^^^^^^^^^^^
  File "/usr/local/lib/python3.12/concurrent/futures/_base.py", line 449, in result
    return self.__get_result()
           ^^^^^^^^^^^^^^^^^^^
  File "/usr/local/lib/python3.12/concurrent/futures/_base.py", line 401, in __get_result
    raise self._exception
  File "/home/airflow/.local/lib/python3.12/site-packages/airflow/models/dagbag.py", line 677, in _sync_to_db
    _serialize_dag_capturing_errors(dag, session, processor_subdir)
  File "/home/airflow/.local/lib/python3.12/site-packages/airflow/models/dagbag.py", line 642, in _serialize_dag_capturing_errors
    dag_was_updated = SerializedDagModel.write_dag(
                      ^^^^^^^^^^^^^^^^^^^^^^^^^^^^^
  File "/home/airflow/.local/lib/python3.12/site-packages/airflow/utils/session.py", line 76, in wrapper
    return func(*args, **kwargs)
           ^^^^^^^^^^^^^^^^^^^^^
  File "/home/airflow/.local/lib/python3.12/site-packages/airflow/models/serialized_dag.py", line 158, in write_dag
    if session.scalar(
       ^^^^^^^^^^^^^^^
  File "/home/airflow/.local/lib/python3.12/site-packages/sqlalchemy/orm/session.py", line 1747, in scalar
    return self.execute(
           ^^^^^^^^^^^^^
  File "/home/airflow/.local/lib/python3.12/site-packages/sqlalchemy/orm/session.py", line 1716, in execute
    conn = self._connection_for_bind(bind)
           ^^^^^^^^^^^^^^^^^^^^^^^^^^^^^^^
  File "/home/airflow/.local/lib/python3.12/site-packages/sqlalchemy/orm/session.py", line 1555, in _connection_for_bind
    return self._transaction._connection_for_bind(
           ^^^^^^^^^^^^^^^^^^^^^^^^^^^^^^^^^^^^^^^
  File "/home/airflow/.local/lib/python3.12/site-packages/sqlalchemy/orm/session.py", line 750, in _connection_for_bind
    conn = bind.connect()
           ^^^^^^^^^^^^^^
  File "/home/airflow/.local/lib/python3.12/site-packages/sqlalchemy/future/engine.py", line 412, in connect
    return super(Engine, self).connect()
           ^^^^^^^^^^^^^^^^^^^^^^^^^^^^^
  File "/home/airflow/.local/lib/python3.12/site-packages/sqlalchemy/engine/base.py", line 3325, in connect
    return self._connection_cls(self, close_with_result=close_with_result)
           ^^^^^^^^^^^^^^^^^^^^^^^^^^^^^^^^^^^^^^^^^^^^^^^^^^^^^^^^^^^^^^^
  File "/home/airflow/.local/lib/python3.12/site-packages/sqlalchemy/engine/base.py", line 96, in __init__
    else engine.raw_connection()
         ^^^^^^^^^^^^^^^^^^^^^^^
  File "/home/airflow/.local/lib/python3.12/site-packages/sqlalchemy/engine/base.py", line 3404, in raw_connection
    return self._wrap_pool_connect(self.pool.connect, _connection)
           ^^^^^^^^^^^^^^^^^^^^^^^^^^^^^^^^^^^^^^^^^^^^^^^^^^^^^^^
  File "/home/airflow/.local/lib/python3.12/site-packages/sqlalchemy/engine/base.py", line 3374, in _wrap_pool_connect
    Connection._handle_dbapi_exception_noconnection(
  File "/home/airflow/.local/lib/python3.12/site-packages/sqlalchemy/engine/base.py", line 2208, in _handle_dbapi_exception_noconnection
    util.raise_(
  File "/home/airflow/.local/lib/python3.12/site-packages/sqlalchemy/util/compat.py", line 211, in raise_
    raise exception
  File "/home/airflow/.local/lib/python3.12/site-packages/sqlalchemy/engine/base.py", line 3371, in _wrap_pool_connect
    return fn()
           ^^^^
  File "/home/airflow/.local/lib/python3.12/site-packages/sqlalchemy/pool/base.py", line 327, in connect
    return _ConnectionFairy._checkout(self)
           ^^^^^^^^^^^^^^^^^^^^^^^^^^^^^^^^
  File "/home/airflow/.local/lib/python3.12/site-packages/sqlalchemy/pool/base.py", line 894, in _checkout
    fairy = _ConnectionRecord.checkout(pool)
            ^^^^^^^^^^^^^^^^^^^^^^^^^^^^^^^^
  File "/home/airflow/.local/lib/python3.12/site-packages/sqlalchemy/pool/base.py", line 493, in checkout
    rec = pool._do_get()
          ^^^^^^^^^^^^^^
  File "/home/airflow/.local/lib/python3.12/site-packages/sqlalchemy/pool/impl.py", line 145, in _do_get
    with util.safe_reraise():
  File "/home/airflow/.local/lib/python3.12/site-packages/sqlalchemy/util/langhelpers.py", line 70, in __exit__
    compat.raise_(
  File "/home/airflow/.local/lib/python3.12/site-packages/sqlalchemy/util/compat.py", line 211, in raise_
    raise exception
  File "/home/airflow/.local/lib/python3.12/site-packages/sqlalchemy/pool/impl.py", line 143, in _do_get
    return self._create_connection()
           ^^^^^^^^^^^^^^^^^^^^^^^^^
  File "/home/airflow/.local/lib/python3.12/site-packages/sqlalchemy/pool/base.py", line 273, in _create_connection
    return _ConnectionRecord(self)
           ^^^^^^^^^^^^^^^^^^^^^^^
  File "/home/airflow/.local/lib/python3.12/site-packages/sqlalchemy/pool/base.py", line 388, in __init__
    self.__connect()
  File "/home/airflow/.local/lib/python3.12/site-packages/sqlalchemy/pool/base.py", line 690, in __connect
    with util.safe_reraise():
  File "/home/airflow/.local/lib/python3.12/site-packages/sqlalchemy/util/langhelpers.py", line 70, in __exit__
    compat.raise_(
  File "/home/airflow/.local/lib/python3.12/site-packages/sqlalchemy/util/compat.py", line 211, in raise_
    raise exception
  File "/home/airflow/.local/lib/python3.12/site-packages/sqlalchemy/pool/base.py", line 686, in __connect
    self.dbapi_connection = connection = pool._invoke_creator(self)
                                         ^^^^^^^^^^^^^^^^^^^^^^^^^^
  File "/home/airflow/.local/lib/python3.12/site-packages/sqlalchemy/engine/create.py", line 574, in connect
    return dialect.connect(*cargs, **cparams)
           ^^^^^^^^^^^^^^^^^^^^^^^^^^^^^^^^^^
  File "/home/airflow/.local/lib/python3.12/site-packages/sqlalchemy/engine/default.py", line 598, in connect
    return self.dbapi.connect(*cargs, **cparams)
           ^^^^^^^^^^^^^^^^^^^^^^^^^^^^^^^^^^^^^
  File "/home/airflow/.local/lib/python3.12/site-packages/psycopg2/__init__.py", line 122, in connect
    conn = _connect(dsn, connection_factory=connection_factory, **kwasync)
           ^^^^^^^^^^^^^^^^^^^^^^^^^^^^^^^^^^^^^^^^^^^^^^^^^^^^^^^^^^^^^^^
sqlalchemy.exc.OperationalError: (psycopg2.OperationalError) could not translate host name "postgres" to address: Temporary failure in name resolution

(Background on this error at: https://sqlalche.me/e/14/e3q8)
[2026-02-17T12:38:47.459+0000] {processor.py:161} INFO - Started process (PID=14748) to work on /opt/airflow/dags/minio_to_snowflake.py
[2026-02-17T12:38:47.464+0000] {processor.py:830} INFO - Processing file /opt/airflow/dags/minio_to_snowflake.py for tasks to queue
[2026-02-17T12:38:47.474+0000] {logging_mixin.py:188} INFO - [2026-02-17T12:38:47.471+0000] {dagbag.py:545} INFO - Filling up the DagBag from /opt/airflow/dags/minio_to_snowflake.py
[2026-02-17T12:39:04.577+0000] {processor.py:840} INFO - DAG(s) 'minio_to_snowflake' retrieved from /opt/airflow/dags/minio_to_snowflake.py
[2026-02-17T12:39:07.323+0000] {logging_mixin.py:188} INFO - [2026-02-17T12:39:07.321+0000] {dag.py:3089} INFO - Sync 1 DAGs
[2026-02-17T12:39:07.444+0000] {logging_mixin.py:188} INFO - [2026-02-17T12:39:07.443+0000] {dag.py:3947} INFO - Setting next_dagrun for minio_to_snowflake to 2026-02-17 12:35:00+00:00, run_after=2026-02-17 12:40:00+00:00
[2026-02-17T12:39:07.713+0000] {processor.py:183} INFO - Processing /opt/airflow/dags/minio_to_snowflake.py took 20.867 seconds
[2026-02-17T12:39:38.193+0000] {processor.py:161} INFO - Started process (PID=15434) to work on /opt/airflow/dags/minio_to_snowflake.py
[2026-02-17T12:39:38.202+0000] {processor.py:830} INFO - Processing file /opt/airflow/dags/minio_to_snowflake.py for tasks to queue
[2026-02-17T12:39:38.211+0000] {logging_mixin.py:188} INFO - [2026-02-17T12:39:38.205+0000] {dagbag.py:545} INFO - Filling up the DagBag from /opt/airflow/dags/minio_to_snowflake.py
[2026-02-17T12:39:50.481+0000] {processor.py:840} INFO - DAG(s) 'minio_to_snowflake' retrieved from /opt/airflow/dags/minio_to_snowflake.py
[2026-02-17T12:39:50.710+0000] {logging_mixin.py:188} INFO - [2026-02-17T12:39:50.708+0000] {dag.py:3089} INFO - Sync 1 DAGs
[2026-02-17T12:39:51.008+0000] {logging_mixin.py:188} INFO - [2026-02-17T12:39:51.006+0000] {dag.py:3947} INFO - Setting next_dagrun for minio_to_snowflake to 2026-02-17 12:35:00+00:00, run_after=2026-02-17 12:40:00+00:00
[2026-02-17T12:39:51.244+0000] {processor.py:183} INFO - Processing /opt/airflow/dags/minio_to_snowflake.py took 13.101 seconds
[2026-02-17T12:40:22.146+0000] {processor.py:161} INFO - Started process (PID=16036) to work on /opt/airflow/dags/minio_to_snowflake.py
[2026-02-17T12:40:22.165+0000] {processor.py:830} INFO - Processing file /opt/airflow/dags/minio_to_snowflake.py for tasks to queue
[2026-02-17T12:40:22.181+0000] {logging_mixin.py:188} INFO - [2026-02-17T12:40:22.170+0000] {dagbag.py:545} INFO - Filling up the DagBag from /opt/airflow/dags/minio_to_snowflake.py
[2026-02-17T12:40:31.550+0000] {processor.py:840} INFO - DAG(s) 'minio_to_snowflake' retrieved from /opt/airflow/dags/minio_to_snowflake.py
[2026-02-17T12:40:31.694+0000] {logging_mixin.py:188} INFO - [2026-02-17T12:40:31.688+0000] {dag.py:3089} INFO - Sync 1 DAGs
[2026-02-17T12:40:31.777+0000] {logging_mixin.py:188} INFO - [2026-02-17T12:40:31.777+0000] {dag.py:3947} INFO - Setting next_dagrun for minio_to_snowflake to 2026-02-17 12:40:00+00:00, run_after=2026-02-17 12:45:00+00:00
[2026-02-17T12:40:31.834+0000] {processor.py:183} INFO - Processing /opt/airflow/dags/minio_to_snowflake.py took 9.713 seconds
[2026-02-17T12:41:03.060+0000] {processor.py:161} INFO - Started process (PID=18339) to work on /opt/airflow/dags/minio_to_snowflake.py
[2026-02-17T12:41:03.104+0000] {processor.py:830} INFO - Processing file /opt/airflow/dags/minio_to_snowflake.py for tasks to queue
[2026-02-17T12:41:03.134+0000] {logging_mixin.py:188} INFO - [2026-02-17T12:41:03.109+0000] {dagbag.py:545} INFO - Filling up the DagBag from /opt/airflow/dags/minio_to_snowflake.py
[2026-02-17T12:41:33.226+0000] {logging_mixin.py:188} INFO - [2026-02-17T12:41:33.212+0000] {timeout.py:68} ERROR - Process timed out, PID: 18339
[2026-02-17T12:42:04.900+0000] {processor.py:161} INFO - Started process (PID=20072) to work on /opt/airflow/dags/minio_to_snowflake.py
[2026-02-17T12:42:04.931+0000] {processor.py:830} INFO - Processing file /opt/airflow/dags/minio_to_snowflake.py for tasks to queue
[2026-02-17T12:42:04.953+0000] {logging_mixin.py:188} INFO - [2026-02-17T12:42:04.935+0000] {dagbag.py:545} INFO - Filling up the DagBag from /opt/airflow/dags/minio_to_snowflake.py
[2026-02-17T12:42:16.924+0000] {processor.py:840} INFO - DAG(s) 'minio_to_snowflake' retrieved from /opt/airflow/dags/minio_to_snowflake.py
[2026-02-17T12:42:17.670+0000] {logging_mixin.py:188} INFO - [2026-02-17T12:42:17.668+0000] {dag.py:3089} INFO - Sync 1 DAGs
[2026-02-17T12:42:17.780+0000] {logging_mixin.py:188} INFO - [2026-02-17T12:42:17.779+0000] {dag.py:3947} INFO - Setting next_dagrun for minio_to_snowflake to 2026-02-17 12:40:00+00:00, run_after=2026-02-17 12:45:00+00:00
[2026-02-17T12:42:17.901+0000] {processor.py:183} INFO - Processing /opt/airflow/dags/minio_to_snowflake.py took 13.174 seconds
[2026-02-17T12:42:49.286+0000] {processor.py:161} INFO - Started process (PID=21978) to work on /opt/airflow/dags/minio_to_snowflake.py
[2026-02-17T12:42:49.300+0000] {processor.py:830} INFO - Processing file /opt/airflow/dags/minio_to_snowflake.py for tasks to queue
[2026-02-17T12:42:49.344+0000] {logging_mixin.py:188} INFO - [2026-02-17T12:42:49.332+0000] {dagbag.py:545} INFO - Filling up the DagBag from /opt/airflow/dags/minio_to_snowflake.py
[2026-02-17T12:43:19.364+0000] {processor.py:840} INFO - DAG(s) 'minio_to_snowflake' retrieved from /opt/airflow/dags/minio_to_snowflake.py
[2026-02-17T12:43:22.689+0000] {logging_mixin.py:188} INFO - [2026-02-17T12:43:22.687+0000] {dag.py:3089} INFO - Sync 1 DAGs
[2026-02-17T12:43:22.978+0000] {logging_mixin.py:188} INFO - [2026-02-17T12:43:22.977+0000] {dag.py:3947} INFO - Setting next_dagrun for minio_to_snowflake to 2026-02-17 12:40:00+00:00, run_after=2026-02-17 12:45:00+00:00
[2026-02-17T12:43:23.186+0000] {processor.py:183} INFO - Processing /opt/airflow/dags/minio_to_snowflake.py took 34.084 seconds
[2026-02-17T12:43:54.467+0000] {processor.py:161} INFO - Started process (PID=23908) to work on /opt/airflow/dags/minio_to_snowflake.py
[2026-02-17T12:43:54.482+0000] {processor.py:830} INFO - Processing file /opt/airflow/dags/minio_to_snowflake.py for tasks to queue
[2026-02-17T12:43:54.515+0000] {logging_mixin.py:188} INFO - [2026-02-17T12:43:54.499+0000] {dagbag.py:545} INFO - Filling up the DagBag from /opt/airflow/dags/minio_to_snowflake.py
[2026-02-17T12:44:21.827+0000] {processor.py:840} INFO - DAG(s) 'minio_to_snowflake' retrieved from /opt/airflow/dags/minio_to_snowflake.py
[2026-02-17T12:44:26.821+0000] {logging_mixin.py:188} INFO - [2026-02-17T12:44:26.819+0000] {dag.py:3089} INFO - Sync 1 DAGs
[2026-02-17T12:44:27.605+0000] {logging_mixin.py:188} INFO - [2026-02-17T12:44:27.599+0000] {dag.py:3947} INFO - Setting next_dagrun for minio_to_snowflake to 2026-02-17 12:40:00+00:00, run_after=2026-02-17 12:45:00+00:00
[2026-02-17T12:44:28.008+0000] {processor.py:183} INFO - Processing /opt/airflow/dags/minio_to_snowflake.py took 34.112 seconds
[2026-02-17T12:44:58.513+0000] {processor.py:161} INFO - Started process (PID=24810) to work on /opt/airflow/dags/minio_to_snowflake.py
[2026-02-17T12:44:58.530+0000] {processor.py:830} INFO - Processing file /opt/airflow/dags/minio_to_snowflake.py for tasks to queue
[2026-02-17T12:44:58.543+0000] {logging_mixin.py:188} INFO - [2026-02-17T12:44:58.539+0000] {dagbag.py:545} INFO - Filling up the DagBag from /opt/airflow/dags/minio_to_snowflake.py
[2026-02-17T12:45:07.260+0000] {processor.py:840} INFO - DAG(s) 'minio_to_snowflake' retrieved from /opt/airflow/dags/minio_to_snowflake.py
[2026-02-17T12:45:08.826+0000] {logging_mixin.py:188} INFO - [2026-02-17T12:45:08.823+0000] {dag.py:3089} INFO - Sync 1 DAGs
[2026-02-17T12:45:09.127+0000] {logging_mixin.py:188} INFO - [2026-02-17T12:45:09.126+0000] {dag.py:3947} INFO - Setting next_dagrun for minio_to_snowflake to 2026-02-17 12:45:00+00:00, run_after=2026-02-17 12:50:00+00:00
[2026-02-17T12:45:09.410+0000] {processor.py:183} INFO - Processing /opt/airflow/dags/minio_to_snowflake.py took 11.010 seconds
[2026-02-17T12:45:40.335+0000] {processor.py:161} INFO - Started process (PID=25487) to work on /opt/airflow/dags/minio_to_snowflake.py
[2026-02-17T12:45:40.338+0000] {processor.py:830} INFO - Processing file /opt/airflow/dags/minio_to_snowflake.py for tasks to queue
[2026-02-17T12:45:40.353+0000] {logging_mixin.py:188} INFO - [2026-02-17T12:45:40.340+0000] {dagbag.py:545} INFO - Filling up the DagBag from /opt/airflow/dags/minio_to_snowflake.py
[2026-02-17T12:46:14.829+0000] {logging_mixin.py:188} INFO - [2026-02-17T12:46:11.361+0000] {timeout.py:68} ERROR - Process timed out, PID: 25487
[2026-02-17T12:46:55.526+0000] {processor.py:161} INFO - Started process (PID=26057) to work on /opt/airflow/dags/minio_to_snowflake.py
[2026-02-17T12:46:55.625+0000] {processor.py:830} INFO - Processing file /opt/airflow/dags/minio_to_snowflake.py for tasks to queue
[2026-02-17T12:46:55.727+0000] {logging_mixin.py:188} INFO - [2026-02-17T12:46:55.714+0000] {dagbag.py:545} INFO - Filling up the DagBag from /opt/airflow/dags/minio_to_snowflake.py
[2026-02-17T12:47:37.151+0000] {logging_mixin.py:188} INFO - [2026-02-17T12:47:37.139+0000] {timeout.py:68} ERROR - Process timed out, PID: 26057
[2026-02-17T12:47:37.153+0000] {logging_mixin.py:188} WARNING - Exception ignored in: <function WeakKeyDictionary.__init__.<locals>.remove at 0x7466d23e27a0>
[2026-02-17T12:47:37.157+0000] {logging_mixin.py:188} WARNING - Traceback (most recent call last):
[2026-02-17T12:47:37.211+0000] {logging_mixin.py:188} WARNING -   File "/usr/local/lib/python3.12/weakref.py", line 369, in remove
[2026-02-17T12:47:37.285+0000] {logging_mixin.py:188} WARNING -     def remove(k, selfref=ref(self)):
[2026-02-17T12:47:37.294+0000] {logging_mixin.py:188} WARNING -   File "/home/airflow/.local/lib/python3.12/site-packages/airflow/utils/timeout.py", line 69, in handle_timeout
[2026-02-17T12:47:37.317+0000] {logging_mixin.py:188} WARNING -     raise AirflowTaskTimeout(self.error_message)
[2026-02-17T12:47:37.394+0000] {logging_mixin.py:188} WARNING - airflow.exceptions.AirflowTaskTimeout: DagBag import timeout for /opt/airflow/dags/minio_to_snowflake.py after 30.0s.
Please take a look at these docs to improve your DAG import time:
* https://airflow.apache.org/docs/apache-airflow/2.9.3/best-practices.html#top-level-python-code
* https://airflow.apache.org/docs/apache-airflow/2.9.3/best-practices.html#reducing-dag-complexity, PID: 26057
[2026-02-17T12:48:18.917+0000] {processor.py:161} INFO - Started process (PID=27664) to work on /opt/airflow/dags/minio_to_snowflake.py
[2026-02-17T12:48:19.016+0000] {processor.py:830} INFO - Processing file /opt/airflow/dags/minio_to_snowflake.py for tasks to queue
[2026-02-17T12:48:19.168+0000] {logging_mixin.py:188} INFO - [2026-02-17T12:48:19.074+0000] {dagbag.py:545} INFO - Filling up the DagBag from /opt/airflow/dags/minio_to_snowflake.py
[2026-02-17T12:48:50.750+0000] {processor.py:840} INFO - DAG(s) 'minio_to_snowflake' retrieved from /opt/airflow/dags/minio_to_snowflake.py
[2026-02-17T12:49:38.143+0000] {processor.py:161} INFO - Started process (PID=28462) to work on /opt/airflow/dags/minio_to_snowflake.py
[2026-02-17T12:49:38.185+0000] {processor.py:830} INFO - Processing file /opt/airflow/dags/minio_to_snowflake.py for tasks to queue
[2026-02-17T12:49:38.199+0000] {logging_mixin.py:188} INFO - [2026-02-17T12:49:38.197+0000] {dagbag.py:545} INFO - Filling up the DagBag from /opt/airflow/dags/minio_to_snowflake.py
[2026-02-17T12:50:10.299+0000] {logging_mixin.py:188} INFO - [2026-02-17T12:50:09.050+0000] {timeout.py:68} ERROR - Process timed out, PID: 28462
[2026-02-17T12:51:08.262+0000] {processor.py:161} INFO - Started process (PID=28943) to work on /opt/airflow/dags/minio_to_snowflake.py
[2026-02-17T12:51:08.341+0000] {processor.py:830} INFO - Processing file /opt/airflow/dags/minio_to_snowflake.py for tasks to queue
[2026-02-17T12:51:08.386+0000] {logging_mixin.py:188} INFO - [2026-02-17T12:51:08.373+0000] {dagbag.py:545} INFO - Filling up the DagBag from /opt/airflow/dags/minio_to_snowflake.py
[2026-02-17T12:51:40.208+0000] {logging_mixin.py:188} INFO - [2026-02-17T12:51:39.450+0000] {timeout.py:68} ERROR - Process timed out, PID: 28943
[2026-02-17T12:52:26.003+0000] {processor.py:161} INFO - Started process (PID=29566) to work on /opt/airflow/dags/minio_to_snowflake.py
[2026-02-17T12:52:26.018+0000] {processor.py:830} INFO - Processing file /opt/airflow/dags/minio_to_snowflake.py for tasks to queue
[2026-02-17T12:52:26.029+0000] {logging_mixin.py:188} INFO - [2026-02-17T12:52:26.021+0000] {dagbag.py:545} INFO - Filling up the DagBag from /opt/airflow/dags/minio_to_snowflake.py
[2026-02-17T12:53:16.308+0000] {logging_mixin.py:188} INFO - [2026-02-17T12:53:03.069+0000] {timeout.py:68} ERROR - Process timed out, PID: 29566
[2026-02-17T12:53:32.578+0000] {logging_mixin.py:188} WARNING - Exception ignored in: <function WeakKeyDictionary.__init__.<locals>.remove at 0x7466d23e27a0>
[2026-02-17T12:53:37.975+0000] {logging_mixin.py:188} WARNING - Traceback (most recent call last):
[2026-02-17T12:53:51.020+0000] {logging_mixin.py:188} WARNING -   File "/usr/local/lib/python3.12/weakref.py", line 369, in remove
[2026-02-17T12:53:55.956+0000] {logging_mixin.py:188} WARNING -     def remove(k, selfref=ref(self)):
[2026-02-17T12:53:57.338+0000] {logging_mixin.py:188} WARNING -   File "/home/airflow/.local/lib/python3.12/site-packages/airflow/utils/timeout.py", line 69, in handle_timeout
[2026-02-17T12:54:02.722+0000] {logging_mixin.py:188} WARNING -     raise AirflowTaskTimeout(self.error_message)
[2026-02-17T12:54:32.982+0000] {processor.py:161} INFO - Started process (PID=30913) to work on /opt/airflow/dags/minio_to_snowflake.py
[2026-02-17T12:54:32.989+0000] {processor.py:830} INFO - Processing file /opt/airflow/dags/minio_to_snowflake.py for tasks to queue
[2026-02-17T12:54:33.001+0000] {logging_mixin.py:188} INFO - [2026-02-17T12:54:32.994+0000] {dagbag.py:545} INFO - Filling up the DagBag from /opt/airflow/dags/minio_to_snowflake.py
[2026-02-17T12:55:03.484+0000] {logging_mixin.py:188} INFO - [2026-02-17T12:55:03.418+0000] {timeout.py:68} ERROR - Process timed out, PID: 30913
[2026-02-17T12:55:34.883+0000] {processor.py:161} INFO - Started process (PID=32099) to work on /opt/airflow/dags/minio_to_snowflake.py
[2026-02-17T12:55:34.887+0000] {processor.py:830} INFO - Processing file /opt/airflow/dags/minio_to_snowflake.py for tasks to queue
[2026-02-17T12:55:34.950+0000] {logging_mixin.py:188} INFO - [2026-02-17T12:55:34.889+0000] {dagbag.py:545} INFO - Filling up the DagBag from /opt/airflow/dags/minio_to_snowflake.py
[2026-02-17T12:56:58.747+0000] {processor.py:161} INFO - Started process (PID=32647) to work on /opt/airflow/dags/minio_to_snowflake.py
[2026-02-17T12:56:58.813+0000] {processor.py:830} INFO - Processing file /opt/airflow/dags/minio_to_snowflake.py for tasks to queue
[2026-02-17T12:56:58.969+0000] {logging_mixin.py:188} INFO - [2026-02-17T12:56:58.855+0000] {dagbag.py:545} INFO - Filling up the DagBag from /opt/airflow/dags/minio_to_snowflake.py
[2026-02-17T12:57:42.470+0000] {logging_mixin.py:188} INFO - [2026-02-17T12:57:42.293+0000] {timeout.py:68} ERROR - Process timed out, PID: 32647
[2026-02-17T12:58:31.907+0000] {processor.py:161} INFO - Started process (PID=33126) to work on /opt/airflow/dags/minio_to_snowflake.py
[2026-02-17T12:58:32.124+0000] {processor.py:830} INFO - Processing file /opt/airflow/dags/minio_to_snowflake.py for tasks to queue
[2026-02-17T12:58:32.346+0000] {logging_mixin.py:188} INFO - [2026-02-17T12:58:32.219+0000] {dagbag.py:545} INFO - Filling up the DagBag from /opt/airflow/dags/minio_to_snowflake.py
[2026-02-17T12:59:38.389+0000] {processor.py:161} INFO - Started process (PID=33368) to work on /opt/airflow/dags/minio_to_snowflake.py
[2026-02-17T12:59:38.419+0000] {processor.py:830} INFO - Processing file /opt/airflow/dags/minio_to_snowflake.py for tasks to queue
[2026-02-17T12:59:38.505+0000] {logging_mixin.py:188} INFO - [2026-02-17T12:59:38.450+0000] {dagbag.py:545} INFO - Filling up the DagBag from /opt/airflow/dags/minio_to_snowflake.py
