[2026-02-17T12:00:12.641+0000] {local_task_job_runner.py:120} INFO - ::group::Pre task execution logs
[2026-02-17T12:00:12.899+0000] {taskinstance.py:2076} INFO - Dependencies all met for dep_context=non-requeueable deps ti=<TaskInstance: minio_to_snowflake.download_minio scheduled__2026-02-17T11:55:00+00:00 [queued]>
[2026-02-17T12:00:12.936+0000] {taskinstance.py:2076} INFO - Dependencies all met for dep_context=requeueable deps ti=<TaskInstance: minio_to_snowflake.download_minio scheduled__2026-02-17T11:55:00+00:00 [queued]>
[2026-02-17T12:00:12.939+0000] {taskinstance.py:2306} INFO - Starting attempt 1 of 2
[2026-02-17T12:00:13.002+0000] {taskinstance.py:2330} INFO - Executing <Task(PythonOperator): download_minio> on 2026-02-17 11:55:00+00:00
[2026-02-17T12:00:13.051+0000] {logging_mixin.py:188} WARNING - /home/***/.local/lib/python3.12/site-packages/***/task/task_runner/standard_task_runner.py:62 DeprecationWarning: This process (pid=53588) is multi-threaded, use of fork() may lead to deadlocks in the child.
[2026-02-17T12:00:13.056+0000] {standard_task_runner.py:64} INFO - Started process 53741 to run task
[2026-02-17T12:00:13.051+0000] {standard_task_runner.py:90} INFO - Running: ['***', 'tasks', 'run', 'minio_to_snowflake', 'download_minio', 'scheduled__2026-02-17T11:55:00+00:00', '--job-id', '1553', '--raw', '--subdir', 'DAGS_FOLDER/minio_to_snowflake.py', '--cfg-path', '/tmp/tmpi2mlr_kb']
[2026-02-17T12:00:13.063+0000] {standard_task_runner.py:91} INFO - Job 1553: Subtask download_minio
[2026-02-17T12:00:13.289+0000] {task_command.py:426} INFO - Running <TaskInstance: minio_to_snowflake.download_minio scheduled__2026-02-17T11:55:00+00:00 [running]> on host bc06947cd9a6
[2026-02-17T12:00:13.641+0000] {taskinstance.py:2648} INFO - Exporting env vars: AIRFLOW_CTX_DAG_OWNER='***' AIRFLOW_CTX_DAG_ID='minio_to_snowflake' AIRFLOW_CTX_TASK_ID='download_minio' AIRFLOW_CTX_EXECUTION_DATE='2026-02-17T11:55:00+00:00' AIRFLOW_CTX_TRY_NUMBER='1' AIRFLOW_CTX_DAG_RUN_ID='scheduled__2026-02-17T11:55:00+00:00'
[2026-02-17T12:00:13.646+0000] {taskinstance.py:430} INFO - ::endgroup::
[2026-02-17T12:00:22.133+0000] {logging_mixin.py:188} INFO - Downloaded AAPL/1771324930.json
[2026-02-17T12:00:22.246+0000] {logging_mixin.py:188} INFO - Downloaded AAPL/1771324943.json
[2026-02-17T12:00:22.295+0000] {logging_mixin.py:188} INFO - Downloaded AAPL/1771324953.json
[2026-02-17T12:00:22.352+0000] {logging_mixin.py:188} INFO - Downloaded AAPL/1771324964.json
[2026-02-17T12:00:22.402+0000] {logging_mixin.py:188} INFO - Downloaded AAPL/1771324974.json
[2026-02-17T12:00:22.462+0000] {logging_mixin.py:188} INFO - Downloaded AAPL/1771324985.json
[2026-02-17T12:00:22.530+0000] {logging_mixin.py:188} INFO - Downloaded AAPL/1771324996.json
[2026-02-17T12:00:22.586+0000] {logging_mixin.py:188} INFO - Downloaded AAPL/1771325007.json
[2026-02-17T12:00:22.664+0000] {logging_mixin.py:188} INFO - Downloaded AAPL/1771325017.json
[2026-02-17T12:00:22.720+0000] {logging_mixin.py:188} INFO - Downloaded AAPL/1771325028.json
[2026-02-17T12:00:22.795+0000] {logging_mixin.py:188} INFO - Downloaded AAPL/1771325039.json
[2026-02-17T12:00:22.864+0000] {logging_mixin.py:188} INFO - Downloaded AAPL/1771325049.json
[2026-02-17T12:00:22.949+0000] {logging_mixin.py:188} INFO - Downloaded AAPL/1771325059.json
[2026-02-17T12:00:23.028+0000] {logging_mixin.py:188} INFO - Downloaded AAPL/1771325069.json
[2026-02-17T12:00:23.114+0000] {logging_mixin.py:188} INFO - Downloaded AAPL/1771325080.json
[2026-02-17T12:00:23.167+0000] {logging_mixin.py:188} INFO - Downloaded AAPL/1771325090.json
[2026-02-17T12:00:23.210+0000] {logging_mixin.py:188} INFO - Downloaded AAPL/1771325101.json
[2026-02-17T12:00:23.247+0000] {logging_mixin.py:188} INFO - Downloaded AAPL/1771325112.json
[2026-02-17T12:00:23.289+0000] {logging_mixin.py:188} INFO - Downloaded AAPL/1771325122.json
[2026-02-17T12:00:23.337+0000] {logging_mixin.py:188} INFO - Downloaded AAPL/1771325132.json
[2026-02-17T12:00:23.457+0000] {logging_mixin.py:188} INFO - Downloaded AAPL/1771325143.json
[2026-02-17T12:00:23.535+0000] {logging_mixin.py:188} INFO - Downloaded AAPL/1771325153.json
[2026-02-17T12:00:23.604+0000] {logging_mixin.py:188} INFO - Downloaded AAPL/1771325163.json
[2026-02-17T12:00:23.713+0000] {logging_mixin.py:188} INFO - Downloaded AAPL/1771325174.json
[2026-02-17T12:00:23.777+0000] {logging_mixin.py:188} INFO - Downloaded AAPL/1771325184.json
[2026-02-17T12:00:23.845+0000] {logging_mixin.py:188} INFO - Downloaded AAPL/1771325195.json
[2026-02-17T12:00:23.901+0000] {logging_mixin.py:188} INFO - Downloaded AAPL/1771325205.json
[2026-02-17T12:00:24.034+0000] {logging_mixin.py:188} INFO - Downloaded AAPL/1771325215.json
[2026-02-17T12:00:24.156+0000] {logging_mixin.py:188} INFO - Downloaded AAPL/1771325226.json
[2026-02-17T12:00:24.258+0000] {logging_mixin.py:188} INFO - Downloaded AAPL/1771325236.json
[2026-02-17T12:00:24.352+0000] {logging_mixin.py:188} INFO - Downloaded AAPL/1771325247.json
[2026-02-17T12:00:24.408+0000] {logging_mixin.py:188} INFO - Downloaded AAPL/1771325257.json
[2026-02-17T12:00:24.447+0000] {logging_mixin.py:188} INFO - Downloaded AAPL/1771325269.json
[2026-02-17T12:00:24.499+0000] {logging_mixin.py:188} INFO - Downloaded AAPL/1771325279.json
[2026-02-17T12:00:24.554+0000] {logging_mixin.py:188} INFO - Downloaded AAPL/1771325289.json
[2026-02-17T12:00:24.606+0000] {logging_mixin.py:188} INFO - Downloaded AAPL/1771325300.json
[2026-02-17T12:00:24.655+0000] {logging_mixin.py:188} INFO - Downloaded AAPL/1771325334.json
[2026-02-17T12:00:24.795+0000] {logging_mixin.py:188} INFO - Downloaded AAPL/1771325344.json
[2026-02-17T12:00:24.842+0000] {logging_mixin.py:188} INFO - Downloaded AAPL/1771325354.json
[2026-02-17T12:00:24.997+0000] {logging_mixin.py:188} INFO - Downloaded AAPL/1771325365.json
[2026-02-17T12:00:25.055+0000] {logging_mixin.py:188} INFO - Downloaded AAPL/1771325375.json
[2026-02-17T12:00:25.107+0000] {logging_mixin.py:188} INFO - Downloaded AAPL/1771325385.json
[2026-02-17T12:00:25.163+0000] {logging_mixin.py:188} INFO - Downloaded AAPL/1771325396.json
[2026-02-17T12:00:25.250+0000] {logging_mixin.py:188} INFO - Downloaded AAPL/1771325408.json
[2026-02-17T12:00:25.323+0000] {logging_mixin.py:188} INFO - Downloaded AAPL/1771325419.json
[2026-02-17T12:00:25.466+0000] {logging_mixin.py:188} INFO - Downloaded AAPL/1771325431.json
[2026-02-17T12:00:25.557+0000] {logging_mixin.py:188} INFO - Downloaded AAPL/1771325442.json
[2026-02-17T12:00:25.708+0000] {logging_mixin.py:188} INFO - Downloaded AAPL/1771325454.json
[2026-02-17T12:00:25.752+0000] {logging_mixin.py:188} INFO - Downloaded AAPL/1771325464.json
[2026-02-17T12:00:25.852+0000] {logging_mixin.py:188} INFO - Downloaded AAPL/1771325474.json
[2026-02-17T12:00:25.930+0000] {logging_mixin.py:188} INFO - Downloaded AAPL/1771325485.json
[2026-02-17T12:00:25.996+0000] {logging_mixin.py:188} INFO - Downloaded AAPL/1771325496.json
[2026-02-17T12:00:26.050+0000] {logging_mixin.py:188} INFO - Downloaded AAPL/1771325507.json
[2026-02-17T12:00:26.114+0000] {logging_mixin.py:188} INFO - Downloaded AAPL/1771325517.json
[2026-02-17T12:00:26.165+0000] {logging_mixin.py:188} INFO - Downloaded AAPL/1771325528.json
[2026-02-17T12:00:26.238+0000] {logging_mixin.py:188} INFO - Downloaded AAPL/1771325539.json
[2026-02-17T12:00:26.296+0000] {logging_mixin.py:188} INFO - Downloaded AAPL/1771325549.json
[2026-02-17T12:00:26.331+0000] {logging_mixin.py:188} INFO - Downloaded AAPL/1771325559.json
[2026-02-17T12:00:26.404+0000] {logging_mixin.py:188} INFO - Downloaded AAPL/1771325569.json
[2026-02-17T12:00:26.438+0000] {logging_mixin.py:188} INFO - Downloaded AAPL/1771325580.json
[2026-02-17T12:00:26.504+0000] {logging_mixin.py:188} INFO - Downloaded AAPL/1771325590.json
[2026-02-17T12:00:26.563+0000] {logging_mixin.py:188} INFO - Downloaded AAPL/1771325600.json
[2026-02-17T12:00:26.598+0000] {logging_mixin.py:188} INFO - Downloaded AAPL/1771325612.json
[2026-02-17T12:00:26.679+0000] {logging_mixin.py:188} INFO - Downloaded AAPL/1771325623.json
[2026-02-17T12:00:26.732+0000] {logging_mixin.py:188} INFO - Downloaded AAPL/1771325633.json
[2026-02-17T12:00:26.805+0000] {logging_mixin.py:188} INFO - Downloaded AAPL/1771325644.json
[2026-02-17T12:00:26.876+0000] {logging_mixin.py:188} INFO - Downloaded AAPL/1771325655.json
[2026-02-17T12:00:26.934+0000] {logging_mixin.py:188} INFO - Downloaded AAPL/1771325666.json
[2026-02-17T12:00:26.982+0000] {logging_mixin.py:188} INFO - Downloaded AAPL/1771325676.json
[2026-02-17T12:00:27.097+0000] {logging_mixin.py:188} INFO - Downloaded AAPL/1771325686.json
[2026-02-17T12:00:27.164+0000] {logging_mixin.py:188} INFO - Downloaded AAPL/1771325697.json
[2026-02-17T12:00:27.194+0000] {logging_mixin.py:188} INFO - Downloaded AAPL/1771325708.json
[2026-02-17T12:00:27.250+0000] {logging_mixin.py:188} INFO - Downloaded AAPL/1771325718.json
[2026-02-17T12:00:27.290+0000] {logging_mixin.py:188} INFO - Downloaded AAPL/1771325729.json
[2026-02-17T12:00:27.328+0000] {logging_mixin.py:188} INFO - Downloaded AAPL/1771325739.json
[2026-02-17T12:00:27.367+0000] {logging_mixin.py:188} INFO - Downloaded AAPL/1771325750.json
[2026-02-17T12:00:27.456+0000] {logging_mixin.py:188} INFO - Downloaded AAPL/1771325761.json
[2026-02-17T12:00:27.501+0000] {logging_mixin.py:188} INFO - Downloaded AAPL/1771325776.json
[2026-02-17T12:00:27.556+0000] {logging_mixin.py:188} INFO - Downloaded AAPL/1771325787.json
[2026-02-17T12:00:27.595+0000] {logging_mixin.py:188} INFO - Downloaded AAPL/1771325800.json
[2026-02-17T12:00:27.670+0000] {logging_mixin.py:188} INFO - Downloaded AAPL/1771325810.json
[2026-02-17T12:00:27.732+0000] {logging_mixin.py:188} INFO - Downloaded AAPL/1771325820.json
[2026-02-17T12:00:27.792+0000] {logging_mixin.py:188} INFO - Downloaded AAPL/1771325831.json
[2026-02-17T12:00:27.833+0000] {logging_mixin.py:188} INFO - Downloaded AAPL/1771325841.json
[2026-02-17T12:00:27.904+0000] {logging_mixin.py:188} INFO - Downloaded AAPL/1771325851.json
[2026-02-17T12:00:27.940+0000] {logging_mixin.py:188} INFO - Downloaded AAPL/1771325863.json
[2026-02-17T12:00:27.986+0000] {logging_mixin.py:188} INFO - Downloaded AAPL/1771325874.json
[2026-02-17T12:00:28.063+0000] {logging_mixin.py:188} INFO - Downloaded AAPL/1771325885.json
[2026-02-17T12:00:28.185+0000] {logging_mixin.py:188} INFO - Downloaded AAPL/1771325898.json
[2026-02-17T12:00:28.249+0000] {logging_mixin.py:188} INFO - Downloaded AAPL/1771325910.json
[2026-02-17T12:00:28.302+0000] {logging_mixin.py:188} INFO - Downloaded AAPL/1771325921.json
[2026-02-17T12:00:28.344+0000] {logging_mixin.py:188} INFO - Downloaded AAPL/1771325932.json
[2026-02-17T12:00:28.388+0000] {logging_mixin.py:188} INFO - Downloaded AAPL/1771325944.json
[2026-02-17T12:00:28.574+0000] {logging_mixin.py:188} INFO - Downloaded AAPL/1771325955.json
[2026-02-17T12:00:28.640+0000] {logging_mixin.py:188} INFO - Downloaded AAPL/1771325969.json
[2026-02-17T12:00:28.721+0000] {logging_mixin.py:188} INFO - Downloaded AAPL/1771325980.json
[2026-02-17T12:00:28.819+0000] {logging_mixin.py:188} INFO - Downloaded AAPL/1771325991.json
[2026-02-17T12:00:28.947+0000] {logging_mixin.py:188} INFO - Downloaded AAPL/1771326002.json
[2026-02-17T12:00:28.994+0000] {logging_mixin.py:188} INFO - Downloaded AAPL/1771326012.json
[2026-02-17T12:00:29.081+0000] {logging_mixin.py:188} INFO - Downloaded AAPL/1771326023.json
[2026-02-17T12:00:29.147+0000] {logging_mixin.py:188} INFO - Downloaded AAPL/1771326034.json
[2026-02-17T12:00:29.227+0000] {logging_mixin.py:188} INFO - Downloaded AAPL/1771326044.json
[2026-02-17T12:00:29.267+0000] {logging_mixin.py:188} INFO - Downloaded AAPL/1771326054.json
[2026-02-17T12:00:29.307+0000] {logging_mixin.py:188} INFO - Downloaded AAPL/1771326064.json
[2026-02-17T12:00:29.389+0000] {logging_mixin.py:188} INFO - Downloaded AAPL/1771326074.json
[2026-02-17T12:00:29.433+0000] {logging_mixin.py:188} INFO - Downloaded AAPL/1771326084.json
[2026-02-17T12:00:29.502+0000] {logging_mixin.py:188} INFO - Downloaded AAPL/1771326095.json
[2026-02-17T12:00:29.603+0000] {logging_mixin.py:188} INFO - Downloaded AAPL/1771326108.json
[2026-02-17T12:00:29.666+0000] {logging_mixin.py:188} INFO - Downloaded AAPL/1771326121.json
[2026-02-17T12:00:29.727+0000] {logging_mixin.py:188} INFO - Downloaded AAPL/1771326135.json
[2026-02-17T12:00:29.767+0000] {logging_mixin.py:188} INFO - Downloaded AAPL/1771326145.json
[2026-02-17T12:00:29.797+0000] {logging_mixin.py:188} INFO - Downloaded AAPL/1771326157.json
[2026-02-17T12:00:29.859+0000] {logging_mixin.py:188} INFO - Downloaded AAPL/1771326168.json
[2026-02-17T12:00:29.958+0000] {logging_mixin.py:188} INFO - Downloaded AAPL/1771326180.json
[2026-02-17T12:00:30.072+0000] {logging_mixin.py:188} INFO - Downloaded AAPL/1771326190.json
[2026-02-17T12:00:30.143+0000] {logging_mixin.py:188} INFO - Downloaded AAPL/1771326201.json
[2026-02-17T12:00:30.186+0000] {logging_mixin.py:188} INFO - Downloaded AAPL/1771326211.json
[2026-02-17T12:00:30.265+0000] {logging_mixin.py:188} INFO - Downloaded AAPL/1771326221.json
[2026-02-17T12:00:30.315+0000] {logging_mixin.py:188} INFO - Downloaded AAPL/1771326231.json
[2026-02-17T12:00:30.357+0000] {logging_mixin.py:188} INFO - Downloaded AAPL/1771326241.json
[2026-02-17T12:00:30.443+0000] {logging_mixin.py:188} INFO - Downloaded AAPL/1771326252.json
[2026-02-17T12:00:30.521+0000] {logging_mixin.py:188} INFO - Downloaded AAPL/1771326262.json
[2026-02-17T12:00:30.572+0000] {logging_mixin.py:188} INFO - Downloaded AAPL/1771326272.json
[2026-02-17T12:00:30.632+0000] {logging_mixin.py:188} INFO - Downloaded AAPL/1771326282.json
[2026-02-17T12:00:30.686+0000] {logging_mixin.py:188} INFO - Downloaded AAPL/1771326293.json
[2026-02-17T12:00:30.748+0000] {logging_mixin.py:188} INFO - Downloaded AAPL/1771326309.json
[2026-02-17T12:00:30.830+0000] {logging_mixin.py:188} INFO - Downloaded AAPL/1771326320.json
[2026-02-17T12:00:30.940+0000] {logging_mixin.py:188} INFO - Downloaded AAPL/1771326331.json
[2026-02-17T12:00:30.989+0000] {logging_mixin.py:188} INFO - Downloaded AAPL/1771326347.json
[2026-02-17T12:00:31.063+0000] {logging_mixin.py:188} INFO - Downloaded AAPL/1771326358.json
[2026-02-17T12:00:31.107+0000] {logging_mixin.py:188} INFO - Downloaded AAPL/1771326370.json
[2026-02-17T12:00:31.148+0000] {logging_mixin.py:188} INFO - Downloaded AAPL/1771326381.json
[2026-02-17T12:00:31.211+0000] {logging_mixin.py:188} INFO - Downloaded AAPL/1771326391.json
[2026-02-17T12:00:31.258+0000] {logging_mixin.py:188} INFO - Downloaded AAPL/1771326402.json
[2026-02-17T12:00:31.305+0000] {logging_mixin.py:188} INFO - Downloaded AAPL/1771326412.json
[2026-02-17T12:00:31.347+0000] {logging_mixin.py:188} INFO - Downloaded AAPL/1771326422.json
[2026-02-17T12:00:31.387+0000] {logging_mixin.py:188} INFO - Downloaded AAPL/1771326433.json
[2026-02-17T12:00:31.576+0000] {logging_mixin.py:188} INFO - Downloaded AAPL/1771326443.json
[2026-02-17T12:00:31.680+0000] {logging_mixin.py:188} INFO - Downloaded AAPL/1771326452.json
[2026-02-17T12:00:31.784+0000] {logging_mixin.py:188} INFO - Downloaded AAPL/1771326463.json
[2026-02-17T12:00:32.099+0000] {logging_mixin.py:188} INFO - Downloaded AAPL/1771326473.json
[2026-02-17T12:00:32.186+0000] {logging_mixin.py:188} INFO - Downloaded AAPL/1771326483.json
[2026-02-17T12:00:32.231+0000] {logging_mixin.py:188} INFO - Downloaded AAPL/1771326493.json
[2026-02-17T12:00:32.278+0000] {logging_mixin.py:188} INFO - Downloaded AAPL/1771326504.json
[2026-02-17T12:00:32.340+0000] {logging_mixin.py:188} INFO - Downloaded AAPL/1771326514.json
[2026-02-17T12:00:32.414+0000] {logging_mixin.py:188} INFO - Downloaded AAPL/1771326525.json
[2026-02-17T12:00:32.478+0000] {logging_mixin.py:188} INFO - Downloaded AAPL/1771326535.json
[2026-02-17T12:00:32.596+0000] {logging_mixin.py:188} INFO - Downloaded AAPL/1771326545.json
[2026-02-17T12:00:32.700+0000] {logging_mixin.py:188} INFO - Downloaded AAPL/1771326555.json
[2026-02-17T12:00:32.780+0000] {logging_mixin.py:188} INFO - Downloaded AAPL/1771326566.json
[2026-02-17T12:01:12.830+0000] {job.py:218} ERROR - Job heartbeat got an exception
Traceback (most recent call last):
  File "/home/airflow/.local/lib/python3.12/site-packages/sqlalchemy/engine/base.py", line 3371, in _wrap_pool_connect
    return fn()
           ^^^^
  File "/home/airflow/.local/lib/python3.12/site-packages/sqlalchemy/pool/base.py", line 327, in connect
    return _ConnectionFairy._checkout(self)
           ^^^^^^^^^^^^^^^^^^^^^^^^^^^^^^^^
  File "/home/airflow/.local/lib/python3.12/site-packages/sqlalchemy/pool/base.py", line 894, in _checkout
    fairy = _ConnectionRecord.checkout(pool)
            ^^^^^^^^^^^^^^^^^^^^^^^^^^^^^^^^
  File "/home/airflow/.local/lib/python3.12/site-packages/sqlalchemy/pool/base.py", line 493, in checkout
    rec = pool._do_get()
          ^^^^^^^^^^^^^^
  File "/home/airflow/.local/lib/python3.12/site-packages/sqlalchemy/pool/impl.py", line 256, in _do_get
    return self._create_connection()
           ^^^^^^^^^^^^^^^^^^^^^^^^^
  File "/home/airflow/.local/lib/python3.12/site-packages/sqlalchemy/pool/base.py", line 273, in _create_connection
    return _ConnectionRecord(self)
           ^^^^^^^^^^^^^^^^^^^^^^^
  File "/home/airflow/.local/lib/python3.12/site-packages/sqlalchemy/pool/base.py", line 388, in __init__
    self.__connect()
  File "/home/airflow/.local/lib/python3.12/site-packages/sqlalchemy/pool/base.py", line 690, in __connect
    with util.safe_reraise():
  File "/home/airflow/.local/lib/python3.12/site-packages/sqlalchemy/util/langhelpers.py", line 70, in __exit__
    compat.raise_(
  File "/home/airflow/.local/lib/python3.12/site-packages/sqlalchemy/util/compat.py", line 211, in raise_
    raise exception
  File "/home/airflow/.local/lib/python3.12/site-packages/sqlalchemy/pool/base.py", line 686, in __connect
    self.dbapi_connection = connection = pool._invoke_creator(self)
                                         ^^^^^^^^^^^^^^^^^^^^^^^^^^
  File "/home/airflow/.local/lib/python3.12/site-packages/sqlalchemy/engine/create.py", line 574, in connect
    return dialect.connect(*cargs, **cparams)
           ^^^^^^^^^^^^^^^^^^^^^^^^^^^^^^^^^^
  File "/home/airflow/.local/lib/python3.12/site-packages/sqlalchemy/engine/default.py", line 598, in connect
    return self.dbapi.connect(*cargs, **cparams)
           ^^^^^^^^^^^^^^^^^^^^^^^^^^^^^^^^^^^^^
  File "/home/airflow/.local/lib/python3.12/site-packages/psycopg2/__init__.py", line 122, in connect
    conn = _connect(dsn, connection_factory=connection_factory, **kwasync)
           ^^^^^^^^^^^^^^^^^^^^^^^^^^^^^^^^^^^^^^^^^^^^^^^^^^^^^^^^^^^^^^^
psycopg2.OperationalError: could not translate host name "postgres" to address: Temporary failure in name resolution


The above exception was the direct cause of the following exception:

Traceback (most recent call last):
  File "/home/airflow/.local/lib/python3.12/site-packages/airflow/jobs/job.py", line 192, in heartbeat
    self._merge_from(Job._fetch_from_db(self, session))
                     ^^^^^^^^^^^^^^^^^^^^^^^^^^^^^^^^^
  File "/home/airflow/.local/lib/python3.12/site-packages/airflow/api_internal/internal_api_call.py", line 115, in wrapper
    return func(*args, **kwargs)
           ^^^^^^^^^^^^^^^^^^^^^
  File "/home/airflow/.local/lib/python3.12/site-packages/airflow/utils/session.py", line 76, in wrapper
    return func(*args, **kwargs)
           ^^^^^^^^^^^^^^^^^^^^^
  File "/home/airflow/.local/lib/python3.12/site-packages/airflow/utils/retries.py", line 89, in wrapped_function
    for attempt in run_with_db_retries(max_retries=retries, logger=logger, **retry_kwargs):
  File "/home/airflow/.local/lib/python3.12/site-packages/tenacity/__init__.py", line 443, in __iter__
    do = self.iter(retry_state=retry_state)
         ^^^^^^^^^^^^^^^^^^^^^^^^^^^^^^^^^^
  File "/home/airflow/.local/lib/python3.12/site-packages/tenacity/__init__.py", line 376, in iter
    result = action(retry_state)
             ^^^^^^^^^^^^^^^^^^^
  File "/home/airflow/.local/lib/python3.12/site-packages/tenacity/__init__.py", line 418, in exc_check
    raise retry_exc.reraise()
          ^^^^^^^^^^^^^^^^^^^
  File "/home/airflow/.local/lib/python3.12/site-packages/tenacity/__init__.py", line 185, in reraise
    raise self.last_attempt.result()
          ^^^^^^^^^^^^^^^^^^^^^^^^^^
  File "/usr/local/lib/python3.12/concurrent/futures/_base.py", line 449, in result
    return self.__get_result()
           ^^^^^^^^^^^^^^^^^^^
  File "/usr/local/lib/python3.12/concurrent/futures/_base.py", line 401, in __get_result
    raise self._exception
  File "/home/airflow/.local/lib/python3.12/site-packages/airflow/utils/retries.py", line 98, in wrapped_function
    return func(*args, **kwargs)
           ^^^^^^^^^^^^^^^^^^^^^
  File "/home/airflow/.local/lib/python3.12/site-packages/airflow/jobs/job.py", line 316, in _fetch_from_db
    session.merge(job)
  File "/home/airflow/.local/lib/python3.12/site-packages/sqlalchemy/orm/session.py", line 3056, in merge
    return self._merge(
           ^^^^^^^^^^^^
  File "/home/airflow/.local/lib/python3.12/site-packages/sqlalchemy/orm/session.py", line 3136, in _merge
    merged = self.get(
             ^^^^^^^^^
  File "/home/airflow/.local/lib/python3.12/site-packages/sqlalchemy/orm/session.py", line 2853, in get
    return self._get_impl(
           ^^^^^^^^^^^^^^^
  File "/home/airflow/.local/lib/python3.12/site-packages/sqlalchemy/orm/session.py", line 2975, in _get_impl
    return db_load_fn(
           ^^^^^^^^^^^
  File "/home/airflow/.local/lib/python3.12/site-packages/sqlalchemy/orm/loading.py", line 530, in load_on_pk_identity
    session.execute(
  File "/home/airflow/.local/lib/python3.12/site-packages/sqlalchemy/orm/session.py", line 1716, in execute
    conn = self._connection_for_bind(bind)
           ^^^^^^^^^^^^^^^^^^^^^^^^^^^^^^^
  File "/home/airflow/.local/lib/python3.12/site-packages/sqlalchemy/orm/session.py", line 1555, in _connection_for_bind
    return self._transaction._connection_for_bind(
           ^^^^^^^^^^^^^^^^^^^^^^^^^^^^^^^^^^^^^^^
  File "/home/airflow/.local/lib/python3.12/site-packages/sqlalchemy/orm/session.py", line 750, in _connection_for_bind
    conn = bind.connect()
           ^^^^^^^^^^^^^^
  File "/home/airflow/.local/lib/python3.12/site-packages/sqlalchemy/future/engine.py", line 412, in connect
    return super(Engine, self).connect()
           ^^^^^^^^^^^^^^^^^^^^^^^^^^^^^
  File "/home/airflow/.local/lib/python3.12/site-packages/sqlalchemy/engine/base.py", line 3325, in connect
    return self._connection_cls(self, close_with_result=close_with_result)
           ^^^^^^^^^^^^^^^^^^^^^^^^^^^^^^^^^^^^^^^^^^^^^^^^^^^^^^^^^^^^^^^
  File "/home/airflow/.local/lib/python3.12/site-packages/sqlalchemy/engine/base.py", line 96, in __init__
    else engine.raw_connection()
         ^^^^^^^^^^^^^^^^^^^^^^^
  File "/home/airflow/.local/lib/python3.12/site-packages/sqlalchemy/engine/base.py", line 3404, in raw_connection
    return self._wrap_pool_connect(self.pool.connect, _connection)
           ^^^^^^^^^^^^^^^^^^^^^^^^^^^^^^^^^^^^^^^^^^^^^^^^^^^^^^^
  File "/home/airflow/.local/lib/python3.12/site-packages/sqlalchemy/engine/base.py", line 3374, in _wrap_pool_connect
    Connection._handle_dbapi_exception_noconnection(
  File "/home/airflow/.local/lib/python3.12/site-packages/sqlalchemy/engine/base.py", line 2208, in _handle_dbapi_exception_noconnection
    util.raise_(
  File "/home/airflow/.local/lib/python3.12/site-packages/sqlalchemy/util/compat.py", line 211, in raise_
    raise exception
  File "/home/airflow/.local/lib/python3.12/site-packages/sqlalchemy/engine/base.py", line 3371, in _wrap_pool_connect
    return fn()
           ^^^^
  File "/home/airflow/.local/lib/python3.12/site-packages/sqlalchemy/pool/base.py", line 327, in connect
    return _ConnectionFairy._checkout(self)
           ^^^^^^^^^^^^^^^^^^^^^^^^^^^^^^^^
  File "/home/airflow/.local/lib/python3.12/site-packages/sqlalchemy/pool/base.py", line 894, in _checkout
    fairy = _ConnectionRecord.checkout(pool)
            ^^^^^^^^^^^^^^^^^^^^^^^^^^^^^^^^
  File "/home/airflow/.local/lib/python3.12/site-packages/sqlalchemy/pool/base.py", line 493, in checkout
    rec = pool._do_get()
          ^^^^^^^^^^^^^^
  File "/home/airflow/.local/lib/python3.12/site-packages/sqlalchemy/pool/impl.py", line 256, in _do_get
    return self._create_connection()
           ^^^^^^^^^^^^^^^^^^^^^^^^^
  File "/home/airflow/.local/lib/python3.12/site-packages/sqlalchemy/pool/base.py", line 273, in _create_connection
    return _ConnectionRecord(self)
           ^^^^^^^^^^^^^^^^^^^^^^^
  File "/home/airflow/.local/lib/python3.12/site-packages/sqlalchemy/pool/base.py", line 388, in __init__
    self.__connect()
  File "/home/airflow/.local/lib/python3.12/site-packages/sqlalchemy/pool/base.py", line 690, in __connect
    with util.safe_reraise():
  File "/home/airflow/.local/lib/python3.12/site-packages/sqlalchemy/util/langhelpers.py", line 70, in __exit__
    compat.raise_(
  File "/home/airflow/.local/lib/python3.12/site-packages/sqlalchemy/util/compat.py", line 211, in raise_
    raise exception
  File "/home/airflow/.local/lib/python3.12/site-packages/sqlalchemy/pool/base.py", line 686, in __connect
    self.dbapi_connection = connection = pool._invoke_creator(self)
                                         ^^^^^^^^^^^^^^^^^^^^^^^^^^
  File "/home/airflow/.local/lib/python3.12/site-packages/sqlalchemy/engine/create.py", line 574, in connect
    return dialect.connect(*cargs, **cparams)
           ^^^^^^^^^^^^^^^^^^^^^^^^^^^^^^^^^^
  File "/home/airflow/.local/lib/python3.12/site-packages/sqlalchemy/engine/default.py", line 598, in connect
    return self.dbapi.connect(*cargs, **cparams)
           ^^^^^^^^^^^^^^^^^^^^^^^^^^^^^^^^^^^^^
  File "/home/airflow/.local/lib/python3.12/site-packages/psycopg2/__init__.py", line 122, in connect
    conn = _connect(dsn, connection_factory=connection_factory, **kwasync)
           ^^^^^^^^^^^^^^^^^^^^^^^^^^^^^^^^^^^^^^^^^^^^^^^^^^^^^^^^^^^^^^^
sqlalchemy.exc.OperationalError: (psycopg2.OperationalError) could not translate host name "postgres" to address: Temporary failure in name resolution

(Background on this error at: https://sqlalche.me/e/14/e3q8)
[2026-02-17T12:01:36.036+0000] {job.py:226} ERROR - Job heartbeat failed with error. Scheduler is in unhealthy state
[2026-02-17T12:01:42.993+0000] {logging_mixin.py:188} INFO - Downloaded AAPL/1771326576.json
[2026-02-17T12:01:43.157+0000] {logging_mixin.py:188} INFO - Downloaded AAPL/1771326585.json
[2026-02-17T12:01:43.233+0000] {logging_mixin.py:188} INFO - Downloaded AAPL/1771326595.json
[2026-02-17T12:01:43.290+0000] {logging_mixin.py:188} INFO - Downloaded AAPL/1771326605.json
[2026-02-17T12:01:43.320+0000] {logging_mixin.py:188} INFO - Downloaded AAPL/1771326615.json
[2026-02-17T12:01:43.390+0000] {logging_mixin.py:188} INFO - Downloaded AAPL/1771326626.json
[2026-02-17T12:01:43.471+0000] {logging_mixin.py:188} INFO - Downloaded AAPL/1771326636.json
[2026-02-17T12:01:43.519+0000] {logging_mixin.py:188} INFO - Downloaded AAPL/1771326646.json
[2026-02-17T12:01:43.567+0000] {logging_mixin.py:188} INFO - Downloaded AAPL/1771326656.json
[2026-02-17T12:01:43.633+0000] {logging_mixin.py:188} INFO - Downloaded AAPL/1771326666.json
[2026-02-17T12:01:43.679+0000] {logging_mixin.py:188} INFO - Downloaded AAPL/1771326677.json
[2026-02-17T12:01:43.740+0000] {logging_mixin.py:188} INFO - Downloaded AAPL/1771326687.json
[2026-02-17T12:01:43.783+0000] {logging_mixin.py:188} INFO - Downloaded AAPL/1771326697.json
[2026-02-17T12:01:43.874+0000] {logging_mixin.py:188} INFO - Downloaded AAPL/1771326708.json
[2026-02-17T12:01:43.913+0000] {logging_mixin.py:188} INFO - Downloaded AAPL/1771326718.json
[2026-02-17T12:01:43.977+0000] {logging_mixin.py:188} INFO - Downloaded AAPL/1771326728.json
[2026-02-17T12:01:44.030+0000] {logging_mixin.py:188} INFO - Downloaded AAPL/1771326738.json
[2026-02-17T12:01:44.110+0000] {logging_mixin.py:188} INFO - Downloaded AAPL/1771326748.json
[2026-02-17T12:01:44.162+0000] {logging_mixin.py:188} INFO - Downloaded AAPL/1771326759.json
[2026-02-17T12:01:44.198+0000] {logging_mixin.py:188} INFO - Downloaded AAPL/1771326769.json
[2026-02-17T12:01:44.252+0000] {logging_mixin.py:188} INFO - Downloaded AAPL/1771326779.json
[2026-02-17T12:01:44.304+0000] {logging_mixin.py:188} INFO - Downloaded AAPL/1771326789.json
[2026-02-17T12:01:44.342+0000] {logging_mixin.py:188} INFO - Downloaded AAPL/1771326799.json
[2026-02-17T12:01:44.368+0000] {logging_mixin.py:188} INFO - Downloaded AAPL/1771326810.json
[2026-02-17T12:01:44.395+0000] {logging_mixin.py:188} INFO - Downloaded AAPL/1771326820.json
[2026-02-17T12:01:44.426+0000] {logging_mixin.py:188} INFO - Downloaded AAPL/1771326830.json
[2026-02-17T12:01:44.455+0000] {logging_mixin.py:188} INFO - Downloaded AAPL/1771326840.json
[2026-02-17T12:01:44.482+0000] {logging_mixin.py:188} INFO - Downloaded AAPL/1771326850.json
[2026-02-17T12:01:44.521+0000] {logging_mixin.py:188} INFO - Downloaded AAPL/1771326860.json
[2026-02-17T12:01:44.552+0000] {logging_mixin.py:188} INFO - Downloaded AAPL/1771326870.json
[2026-02-17T12:01:44.597+0000] {logging_mixin.py:188} INFO - Downloaded AAPL/1771326881.json
[2026-02-17T12:01:44.689+0000] {logging_mixin.py:188} INFO - Downloaded AAPL/1771326891.json
[2026-02-17T12:01:44.717+0000] {logging_mixin.py:188} INFO - Downloaded AAPL/1771326902.json
[2026-02-17T12:01:44.744+0000] {logging_mixin.py:188} INFO - Downloaded AAPL/1771326912.json
[2026-02-17T12:01:44.811+0000] {logging_mixin.py:188} INFO - Downloaded AAPL/1771326923.json
[2026-02-17T12:01:44.869+0000] {logging_mixin.py:188} INFO - Downloaded AAPL/1771326934.json
[2026-02-17T12:01:44.980+0000] {logging_mixin.py:188} INFO - Downloaded AAPL/1771326944.json
[2026-02-17T12:01:45.016+0000] {logging_mixin.py:188} INFO - Downloaded AAPL/1771326955.json
[2026-02-17T12:01:45.059+0000] {logging_mixin.py:188} INFO - Downloaded AAPL/1771326966.json
[2026-02-17T12:01:45.089+0000] {logging_mixin.py:188} INFO - Downloaded AAPL/1771326976.json
[2026-02-17T12:01:45.119+0000] {logging_mixin.py:188} INFO - Downloaded AAPL/1771326986.json
[2026-02-17T12:01:45.142+0000] {logging_mixin.py:188} INFO - Downloaded AAPL/1771326997.json
[2026-02-17T12:01:45.181+0000] {logging_mixin.py:188} INFO - Downloaded AAPL/1771327008.json
[2026-02-17T12:01:45.226+0000] {logging_mixin.py:188} INFO - Downloaded AAPL/1771327018.json
[2026-02-17T12:01:45.252+0000] {logging_mixin.py:188} INFO - Downloaded AAPL/1771327029.json
[2026-02-17T12:01:45.297+0000] {logging_mixin.py:188} INFO - Downloaded AAPL/1771327039.json
[2026-02-17T12:01:45.323+0000] {logging_mixin.py:188} INFO - Downloaded AAPL/1771327049.json
[2026-02-17T12:01:45.381+0000] {logging_mixin.py:188} INFO - Downloaded AAPL/1771327059.json
[2026-02-17T12:01:45.418+0000] {logging_mixin.py:188} INFO - Downloaded AAPL/1771327080.json
[2026-02-17T12:01:45.450+0000] {logging_mixin.py:188} INFO - Downloaded AAPL/1771327098.json
[2026-02-17T12:01:45.482+0000] {logging_mixin.py:188} INFO - Downloaded AAPL/1771327113.json
[2026-02-17T12:01:45.532+0000] {logging_mixin.py:188} INFO - Downloaded AAPL/1771327127.json
[2026-02-17T12:01:45.574+0000] {logging_mixin.py:188} INFO - Downloaded AAPL/1771327138.json
[2026-02-17T12:01:45.612+0000] {logging_mixin.py:188} INFO - Downloaded AAPL/1771327148.json
[2026-02-17T12:01:45.653+0000] {logging_mixin.py:188} INFO - Downloaded AAPL/1771327158.json
[2026-02-17T12:01:45.690+0000] {logging_mixin.py:188} INFO - Downloaded AAPL/1771327168.json
[2026-02-17T12:01:45.765+0000] {logging_mixin.py:188} INFO - Downloaded AAPL/1771327178.json
[2026-02-17T12:01:45.833+0000] {logging_mixin.py:188} INFO - Downloaded AAPL/1771327189.json
[2026-02-17T12:01:45.868+0000] {logging_mixin.py:188} INFO - Downloaded AAPL/1771327198.json
[2026-02-17T12:01:45.905+0000] {logging_mixin.py:188} INFO - Downloaded AAPL/1771327209.json
[2026-02-17T12:01:45.936+0000] {logging_mixin.py:188} INFO - Downloaded AAPL/1771327220.json
[2026-02-17T12:01:45.981+0000] {logging_mixin.py:188} INFO - Downloaded AAPL/1771327230.json
[2026-02-17T12:01:46.028+0000] {logging_mixin.py:188} INFO - Downloaded AAPL/1771327241.json
[2026-02-17T12:01:46.073+0000] {logging_mixin.py:188} INFO - Downloaded AAPL/1771327252.json
[2026-02-17T12:01:46.122+0000] {logging_mixin.py:188} INFO - Downloaded AAPL/1771327262.json
[2026-02-17T12:01:46.152+0000] {logging_mixin.py:188} INFO - Downloaded AAPL/1771327272.json
[2026-02-17T12:01:46.184+0000] {logging_mixin.py:188} INFO - Downloaded AAPL/1771327282.json
[2026-02-17T12:01:46.236+0000] {logging_mixin.py:188} INFO - Downloaded AAPL/1771327292.json
[2026-02-17T12:01:46.292+0000] {logging_mixin.py:188} INFO - Downloaded AAPL/1771327303.json
[2026-02-17T12:01:46.336+0000] {logging_mixin.py:188} INFO - Downloaded AAPL/1771327313.json
[2026-02-17T12:01:46.411+0000] {logging_mixin.py:188} INFO - Downloaded AAPL/1771327324.json
[2026-02-17T12:01:46.454+0000] {logging_mixin.py:188} INFO - Downloaded AAPL/1771327334.json
[2026-02-17T12:01:46.491+0000] {logging_mixin.py:188} INFO - Downloaded AAPL/1771327344.json
[2026-02-17T12:01:46.527+0000] {logging_mixin.py:188} INFO - Downloaded AAPL/1771327354.json
[2026-02-17T12:01:46.572+0000] {logging_mixin.py:188} INFO - Downloaded AAPL/1771327364.json
[2026-02-17T12:01:46.600+0000] {logging_mixin.py:188} INFO - Downloaded AAPL/1771327374.json
[2026-02-17T12:01:46.638+0000] {logging_mixin.py:188} INFO - Downloaded AAPL/1771327384.json
[2026-02-17T12:01:46.737+0000] {logging_mixin.py:188} INFO - Downloaded AAPL/1771327395.json
[2026-02-17T12:01:46.787+0000] {logging_mixin.py:188} INFO - Downloaded AAPL/1771327406.json
[2026-02-17T12:01:46.837+0000] {logging_mixin.py:188} INFO - Downloaded AAPL/1771327417.json
[2026-02-17T12:01:46.921+0000] {logging_mixin.py:188} INFO - Downloaded AAPL/1771327427.json
[2026-02-17T12:01:46.991+0000] {logging_mixin.py:188} INFO - Downloaded AAPL/1771327437.json
[2026-02-17T12:01:47.024+0000] {logging_mixin.py:188} INFO - Downloaded AAPL/1771327447.json
[2026-02-17T12:01:47.105+0000] {logging_mixin.py:188} INFO - Downloaded AAPL/1771327457.json
[2026-02-17T12:01:47.140+0000] {logging_mixin.py:188} INFO - Downloaded AAPL/1771327468.json
[2026-02-17T12:01:47.190+0000] {logging_mixin.py:188} INFO - Downloaded AAPL/1771327479.json
[2026-02-17T12:01:47.242+0000] {logging_mixin.py:188} INFO - Downloaded AAPL/1771327489.json
[2026-02-17T12:01:47.398+0000] {logging_mixin.py:188} INFO - Downloaded AAPL/1771327499.json
[2026-02-17T12:01:47.503+0000] {logging_mixin.py:188} INFO - Downloaded AAPL/1771327511.json
[2026-02-17T12:01:47.584+0000] {logging_mixin.py:188} INFO - Downloaded AAPL/1771327521.json
[2026-02-17T12:01:47.639+0000] {logging_mixin.py:188} INFO - Downloaded AAPL/1771327531.json
[2026-02-17T12:01:47.696+0000] {logging_mixin.py:188} INFO - Downloaded AAPL/1771327542.json
[2026-02-17T12:01:47.740+0000] {logging_mixin.py:188} INFO - Downloaded AAPL/1771327552.json
[2026-02-17T12:01:47.772+0000] {logging_mixin.py:188} INFO - Downloaded AAPL/1771327562.json
[2026-02-17T12:01:47.845+0000] {logging_mixin.py:188} INFO - Downloaded AAPL/1771327573.json
[2026-02-17T12:01:47.887+0000] {logging_mixin.py:188} INFO - Downloaded AAPL/1771327585.json
[2026-02-17T12:01:47.924+0000] {logging_mixin.py:188} INFO - Downloaded AAPL/1771327597.json
[2026-02-17T12:01:47.961+0000] {logging_mixin.py:188} INFO - Downloaded AAPL/1771327607.json
[2026-02-17T12:01:48.007+0000] {logging_mixin.py:188} INFO - Downloaded AAPL/1771327617.json
[2026-02-17T12:01:48.044+0000] {logging_mixin.py:188} INFO - Downloaded AAPL/1771327627.json
[2026-02-17T12:01:48.080+0000] {logging_mixin.py:188} INFO - Downloaded AAPL/1771327638.json
[2026-02-17T12:01:48.119+0000] {logging_mixin.py:188} INFO - Downloaded AAPL/1771327648.json
[2026-02-17T12:01:48.152+0000] {logging_mixin.py:188} INFO - Downloaded AAPL/1771327658.json
[2026-02-17T12:01:48.221+0000] {logging_mixin.py:188} INFO - Downloaded AAPL/1771327668.json
[2026-02-17T12:01:48.308+0000] {logging_mixin.py:188} INFO - Downloaded AAPL/1771327679.json
[2026-02-17T12:01:48.347+0000] {logging_mixin.py:188} INFO - Downloaded AAPL/1771327689.json
[2026-02-17T12:01:48.404+0000] {logging_mixin.py:188} INFO - Downloaded AAPL/1771327699.json
[2026-02-17T12:01:48.504+0000] {logging_mixin.py:188} INFO - Downloaded AAPL/1771327710.json
[2026-02-17T12:01:48.562+0000] {logging_mixin.py:188} INFO - Downloaded AAPL/1771327720.json
[2026-02-17T12:01:48.598+0000] {logging_mixin.py:188} INFO - Downloaded AAPL/1771327730.json
[2026-02-17T12:01:48.653+0000] {logging_mixin.py:188} INFO - Downloaded AAPL/1771327740.json
[2026-02-17T12:01:48.702+0000] {logging_mixin.py:188} INFO - Downloaded AAPL/1771327750.json
[2026-02-17T12:01:48.750+0000] {logging_mixin.py:188} INFO - Downloaded AAPL/1771327761.json
[2026-02-17T12:01:48.798+0000] {logging_mixin.py:188} INFO - Downloaded AAPL/1771327771.json
[2026-02-17T12:01:48.839+0000] {logging_mixin.py:188} INFO - Downloaded AAPL/1771327782.json
[2026-02-17T12:01:48.901+0000] {logging_mixin.py:188} INFO - Downloaded AAPL/1771327792.json
[2026-02-17T12:01:48.938+0000] {logging_mixin.py:188} INFO - Downloaded AAPL/1771327803.json
[2026-02-17T12:01:48.966+0000] {logging_mixin.py:188} INFO - Downloaded AAPL/1771327813.json
[2026-02-17T12:01:49.005+0000] {logging_mixin.py:188} INFO - Downloaded AAPL/1771327823.json
[2026-02-17T12:01:49.083+0000] {logging_mixin.py:188} INFO - Downloaded AAPL/1771327834.json
[2026-02-17T12:01:49.151+0000] {logging_mixin.py:188} INFO - Downloaded AAPL/1771327844.json
[2026-02-17T12:01:49.217+0000] {logging_mixin.py:188} INFO - Downloaded AAPL/1771327854.json
[2026-02-17T12:01:49.277+0000] {logging_mixin.py:188} INFO - Downloaded AAPL/1771327865.json
[2026-02-17T12:01:49.359+0000] {logging_mixin.py:188} INFO - Downloaded AAPL/1771327876.json
[2026-02-17T12:01:49.394+0000] {logging_mixin.py:188} INFO - Downloaded AAPL/1771327887.json
[2026-02-17T12:01:49.468+0000] {logging_mixin.py:188} INFO - Downloaded AAPL/1771327897.json
[2026-02-17T12:01:49.541+0000] {logging_mixin.py:188} INFO - Downloaded AAPL/1771327907.json
[2026-02-17T12:01:49.610+0000] {logging_mixin.py:188} INFO - Downloaded AAPL/1771327918.json
[2026-02-17T12:01:49.683+0000] {logging_mixin.py:188} INFO - Downloaded AAPL/1771327928.json
[2026-02-17T12:01:49.726+0000] {logging_mixin.py:188} INFO - Downloaded AAPL/1771327938.json
[2026-02-17T12:01:49.799+0000] {logging_mixin.py:188} INFO - Downloaded AAPL/1771327949.json
[2026-02-17T12:01:49.851+0000] {logging_mixin.py:188} INFO - Downloaded AAPL/1771327959.json
[2026-02-17T12:01:49.894+0000] {logging_mixin.py:188} INFO - Downloaded AAPL/1771327969.json
[2026-02-17T12:01:49.948+0000] {logging_mixin.py:188} INFO - Downloaded AAPL/1771327980.json
[2026-02-17T12:01:49.993+0000] {logging_mixin.py:188} INFO - Downloaded AAPL/1771327990.json
[2026-02-17T12:01:50.032+0000] {logging_mixin.py:188} INFO - Downloaded AAPL/1771328000.json
[2026-02-17T12:01:50.074+0000] {logging_mixin.py:188} INFO - Downloaded AAPL/1771328010.json
[2026-02-17T12:01:50.176+0000] {logging_mixin.py:188} INFO - Downloaded AAPL/1771328020.json
[2026-02-17T12:01:50.227+0000] {logging_mixin.py:188} INFO - Downloaded AAPL/1771328030.json
[2026-02-17T12:01:50.287+0000] {logging_mixin.py:188} INFO - Downloaded AAPL/1771328040.json
[2026-02-17T12:01:50.359+0000] {logging_mixin.py:188} INFO - Downloaded AAPL/1771328051.json
[2026-02-17T12:01:50.400+0000] {logging_mixin.py:188} INFO - Downloaded AAPL/1771328061.json
[2026-02-17T12:01:50.447+0000] {logging_mixin.py:188} INFO - Downloaded AAPL/1771328071.json
[2026-02-17T12:01:50.495+0000] {logging_mixin.py:188} INFO - Downloaded AAPL/1771328081.json
[2026-02-17T12:01:50.570+0000] {logging_mixin.py:188} INFO - Downloaded AAPL/1771328092.json
[2026-02-17T12:01:50.605+0000] {logging_mixin.py:188} INFO - Downloaded AAPL/1771328103.json
[2026-02-17T12:01:50.725+0000] {logging_mixin.py:188} INFO - Downloaded AAPL/1771328116.json
[2026-02-17T12:01:50.768+0000] {logging_mixin.py:188} INFO - Downloaded AAPL/1771328127.json
[2026-02-17T12:01:50.836+0000] {logging_mixin.py:188} INFO - Downloaded AAPL/1771328138.json
[2026-02-17T12:01:50.900+0000] {logging_mixin.py:188} INFO - Downloaded AAPL/1771328150.json
[2026-02-17T12:01:50.956+0000] {logging_mixin.py:188} INFO - Downloaded AAPL/1771328161.json
[2026-02-17T12:01:50.993+0000] {logging_mixin.py:188} INFO - Downloaded AAPL/1771328172.json
[2026-02-17T12:01:51.063+0000] {logging_mixin.py:188} INFO - Downloaded AAPL/1771328210.json
[2026-02-17T12:01:51.134+0000] {logging_mixin.py:188} INFO - Downloaded AAPL/1771328220.json
[2026-02-17T12:01:51.243+0000] {logging_mixin.py:188} INFO - Downloaded AAPL/1771328230.json
[2026-02-17T12:01:51.293+0000] {logging_mixin.py:188} INFO - Downloaded AAPL/1771328240.json
[2026-02-17T12:01:51.336+0000] {logging_mixin.py:188} INFO - Downloaded AAPL/1771328251.json
[2026-02-17T12:01:51.400+0000] {logging_mixin.py:188} INFO - Downloaded AAPL/1771328261.json
[2026-02-17T12:01:51.486+0000] {logging_mixin.py:188} INFO - Downloaded AAPL/1771328272.json
[2026-02-17T12:01:51.521+0000] {logging_mixin.py:188} INFO - Downloaded AAPL/1771328283.json
[2026-02-17T12:01:51.651+0000] {logging_mixin.py:188} INFO - Downloaded AAPL/1771328293.json
[2026-02-17T12:01:51.752+0000] {logging_mixin.py:188} INFO - Downloaded AAPL/1771328304.json
[2026-02-17T12:01:51.901+0000] {logging_mixin.py:188} INFO - Downloaded AAPL/1771328314.json
[2026-02-17T12:01:52.197+0000] {logging_mixin.py:188} INFO - Downloaded AAPL/1771328324.json
[2026-02-17T12:01:52.279+0000] {logging_mixin.py:188} INFO - Downloaded AAPL/1771328334.json
[2026-02-17T12:01:52.603+0000] {logging_mixin.py:188} INFO - Downloaded AAPL/1771328345.json
[2026-02-17T12:01:52.672+0000] {logging_mixin.py:188} INFO - Downloaded AAPL/1771328355.json
[2026-02-17T12:01:52.900+0000] {logging_mixin.py:188} INFO - Downloaded AAPL/1771328369.json
[2026-02-17T12:01:52.964+0000] {logging_mixin.py:188} INFO - Downloaded AAPL/1771328384.json
[2026-02-17T12:01:53.008+0000] {logging_mixin.py:188} INFO - Downloaded AAPL/1771328396.json
[2026-02-17T12:01:53.078+0000] {logging_mixin.py:188} INFO - Downloaded AAPL/1771328406.json
[2026-02-17T12:01:53.158+0000] {logging_mixin.py:188} INFO - Downloaded AAPL/1771328417.json
[2026-02-17T12:01:53.247+0000] {logging_mixin.py:188} INFO - Downloaded AAPL/1771328428.json
[2026-02-17T12:01:53.321+0000] {logging_mixin.py:188} INFO - Downloaded AAPL/1771328518.json
[2026-02-17T12:01:53.363+0000] {logging_mixin.py:188} INFO - Downloaded AAPL/1771328528.json
[2026-02-17T12:01:53.429+0000] {logging_mixin.py:188} INFO - Downloaded AAPL/1771328538.json
[2026-02-17T12:01:53.563+0000] {logging_mixin.py:188} INFO - Downloaded AAPL/1771328728.json
[2026-02-17T12:01:54.008+0000] {logging_mixin.py:188} INFO - Downloaded AAPL/1771328738.json
[2026-02-17T12:01:54.060+0000] {logging_mixin.py:188} INFO - Downloaded AAPL/1771328749.json
[2026-02-17T12:01:54.177+0000] {logging_mixin.py:188} INFO - Downloaded AAPL/1771328759.json
[2026-02-17T12:01:54.273+0000] {logging_mixin.py:188} INFO - Downloaded AAPL/1771328771.json
[2026-02-17T12:01:54.348+0000] {logging_mixin.py:188} INFO - Downloaded AAPL/1771328781.json
[2026-02-17T12:01:54.453+0000] {logging_mixin.py:188} INFO - Downloaded AAPL/1771328791.json
[2026-02-17T12:01:54.536+0000] {logging_mixin.py:188} INFO - Downloaded AAPL/1771328801.json
[2026-02-17T12:01:54.636+0000] {logging_mixin.py:188} INFO - Downloaded AAPL/1771328811.json
[2026-02-17T12:01:54.725+0000] {logging_mixin.py:188} INFO - Downloaded AAPL/1771328822.json
[2026-02-17T12:01:54.784+0000] {logging_mixin.py:188} INFO - Downloaded AAPL/1771328832.json
[2026-02-17T12:01:54.832+0000] {logging_mixin.py:188} INFO - Downloaded AAPL/1771328843.json
[2026-02-17T12:01:54.889+0000] {logging_mixin.py:188} INFO - Downloaded AAPL/1771328853.json
[2026-02-17T12:01:54.926+0000] {logging_mixin.py:188} INFO - Downloaded AAPL/1771328865.json
[2026-02-17T12:01:54.960+0000] {logging_mixin.py:188} INFO - Downloaded AAPL/1771328876.json
[2026-02-17T12:01:55.009+0000] {logging_mixin.py:188} INFO - Downloaded AAPL/1771328887.json
[2026-02-17T12:01:55.162+0000] {logging_mixin.py:188} INFO - Downloaded AAPL/1771328898.json
[2026-02-17T12:01:55.231+0000] {logging_mixin.py:188} INFO - Downloaded AAPL/1771328908.json
[2026-02-17T12:01:55.290+0000] {logging_mixin.py:188} INFO - Downloaded AAPL/1771328938.json
[2026-02-17T12:01:55.488+0000] {logging_mixin.py:188} INFO - Downloaded AAPL/1771328948.json
[2026-02-17T12:01:55.660+0000] {logging_mixin.py:188} INFO - Downloaded AAPL/1771328959.json
[2026-02-17T12:01:55.752+0000] {logging_mixin.py:188} INFO - Downloaded AAPL/1771328969.json
[2026-02-17T12:01:55.889+0000] {logging_mixin.py:188} INFO - Downloaded AAPL/1771328984.json
[2026-02-17T12:01:55.961+0000] {logging_mixin.py:188} INFO - Downloaded AAPL/1771328995.json
[2026-02-17T12:01:56.031+0000] {logging_mixin.py:188} INFO - Downloaded AAPL/1771329005.json
[2026-02-17T12:01:56.099+0000] {logging_mixin.py:188} INFO - Downloaded AAPL/1771329016.json
[2026-02-17T12:01:56.195+0000] {logging_mixin.py:188} INFO - Downloaded AAPL/1771329029.json
[2026-02-17T12:01:56.374+0000] {logging_mixin.py:188} INFO - Downloaded AAPL/1771329040.json
[2026-02-17T12:01:56.540+0000] {logging_mixin.py:188} INFO - Downloaded AAPL/1771329051.json
[2026-02-17T12:01:56.688+0000] {logging_mixin.py:188} INFO - Downloaded AAPL/1771329093.json
[2026-02-17T12:01:56.786+0000] {logging_mixin.py:188} INFO - Downloaded AAPL/1771329104.json
[2026-02-17T12:01:56.942+0000] {logging_mixin.py:188} INFO - Downloaded AAPL/1771329115.json
[2026-02-17T12:01:57.065+0000] {logging_mixin.py:188} INFO - Downloaded AAPL/1771329142.json
[2026-02-17T12:01:57.166+0000] {logging_mixin.py:188} INFO - Downloaded AAPL/1771329153.json
[2026-02-17T12:01:57.270+0000] {logging_mixin.py:188} INFO - Downloaded AAPL/1771329164.json
[2026-02-17T12:01:57.318+0000] {logging_mixin.py:188} INFO - Downloaded AAPL/1771329176.json
[2026-02-17T12:01:57.387+0000] {logging_mixin.py:188} INFO - Downloaded AAPL/1771329187.json
[2026-02-17T12:01:57.567+0000] {logging_mixin.py:188} INFO - Downloaded AAPL/1771329198.json
[2026-02-17T12:01:57.668+0000] {logging_mixin.py:188} INFO - Downloaded AAPL/1771329210.json
[2026-02-17T12:01:57.792+0000] {logging_mixin.py:188} INFO - Downloaded AAPL/1771329220.json
[2026-02-17T12:01:57.863+0000] {logging_mixin.py:188} INFO - Downloaded AAPL/1771329231.json
[2026-02-17T12:01:57.972+0000] {logging_mixin.py:188} INFO - Downloaded AAPL/1771329241.json
[2026-02-17T12:01:58.047+0000] {logging_mixin.py:188} INFO - Downloaded AAPL/1771329251.json
[2026-02-17T12:01:58.128+0000] {logging_mixin.py:188} INFO - Downloaded AAPL/1771329262.json
[2026-02-17T12:01:58.329+0000] {logging_mixin.py:188} INFO - Downloaded AAPL/1771329272.json
[2026-02-17T12:01:58.461+0000] {logging_mixin.py:188} INFO - Downloaded AAPL/1771329283.json
[2026-02-17T12:01:58.512+0000] {logging_mixin.py:188} INFO - Downloaded AAPL/1771329293.json
[2026-02-17T12:01:58.619+0000] {logging_mixin.py:188} INFO - Downloaded AAPL/1771329303.json
[2026-02-17T12:01:58.690+0000] {logging_mixin.py:188} INFO - Downloaded AAPL/1771329313.json
[2026-02-17T12:01:58.770+0000] {logging_mixin.py:188} INFO - Downloaded AAPL/1771329324.json
[2026-02-17T12:01:58.849+0000] {logging_mixin.py:188} INFO - Downloaded AAPL/1771329334.json
[2026-02-17T12:01:58.900+0000] {logging_mixin.py:188} INFO - Downloaded AAPL/1771329344.json
[2026-02-17T12:01:58.946+0000] {logging_mixin.py:188} INFO - Downloaded AAPL/1771329354.json
[2026-02-17T12:01:59.083+0000] {logging_mixin.py:188} INFO - Downloaded AAPL/1771329365.json
[2026-02-17T12:01:59.139+0000] {logging_mixin.py:188} INFO - Downloaded AAPL/1771329375.json
[2026-02-17T12:01:59.215+0000] {logging_mixin.py:188} INFO - Downloaded AAPL/1771329386.json
[2026-02-17T12:01:59.346+0000] {logging_mixin.py:188} INFO - Downloaded AAPL/1771329396.json
[2026-02-17T12:01:59.451+0000] {logging_mixin.py:188} INFO - Downloaded AAPL/1771329406.json
[2026-02-17T12:01:59.646+0000] {logging_mixin.py:188} INFO - Downloaded AAPL/1771329416.json
[2026-02-17T12:01:59.724+0000] {logging_mixin.py:188} INFO - Downloaded AAPL/1771329426.json
[2026-02-17T12:01:59.820+0000] {logging_mixin.py:188} INFO - Downloaded AAPL/1771329436.json
[2026-02-17T12:01:59.939+0000] {logging_mixin.py:188} INFO - Downloaded AAPL/1771329445.json
[2026-02-17T12:01:59.986+0000] {logging_mixin.py:188} INFO - Downloaded AAPL/1771329456.json
[2026-02-17T12:02:00.038+0000] {logging_mixin.py:188} INFO - Downloaded AAPL/1771329467.json
[2026-02-17T12:02:00.131+0000] {logging_mixin.py:188} INFO - Downloaded AAPL/1771329477.json
[2026-02-17T12:02:00.193+0000] {logging_mixin.py:188} INFO - Downloaded AAPL/1771329487.json
[2026-02-17T12:02:00.285+0000] {logging_mixin.py:188} INFO - Downloaded AAPL/1771329497.json
[2026-02-17T12:02:00.435+0000] {logging_mixin.py:188} INFO - Downloaded AAPL/1771329509.json
[2026-02-17T12:02:00.576+0000] {logging_mixin.py:188} INFO - Downloaded AAPL/1771329519.json
[2026-02-17T12:02:00.725+0000] {logging_mixin.py:188} INFO - Downloaded AAPL/1771329533.json
[2026-02-17T12:02:00.796+0000] {logging_mixin.py:188} INFO - Downloaded AAPL/1771329548.json
[2026-02-17T12:02:00.875+0000] {logging_mixin.py:188} INFO - Downloaded AAPL/1771329558.json
[2026-02-17T12:02:00.965+0000] {logging_mixin.py:188} INFO - Downloaded AAPL/1771329568.json
[2026-02-17T12:02:01.159+0000] {logging_mixin.py:188} INFO - Downloaded AAPL/1771329578.json
[2026-02-17T12:02:01.234+0000] {logging_mixin.py:188} INFO - Downloaded AAPL/1771329588.json
[2026-02-17T12:02:01.291+0000] {logging_mixin.py:188} INFO - Downloaded AAPL/1771329598.json
[2026-02-17T12:02:01.414+0000] {logging_mixin.py:188} INFO - Downloaded AAPL/1771329610.json
[2026-02-17T12:02:01.851+0000] {logging_mixin.py:188} INFO - Downloaded AMZN/1771324936.json
[2026-02-17T12:02:01.994+0000] {logging_mixin.py:188} INFO - Downloaded AMZN/1771324946.json
[2026-02-17T12:02:02.092+0000] {logging_mixin.py:188} INFO - Downloaded AMZN/1771324957.json
[2026-02-17T12:02:02.305+0000] {logging_mixin.py:188} INFO - Downloaded AMZN/1771324968.json
[2026-02-17T12:02:02.735+0000] {logging_mixin.py:188} INFO - Downloaded AMZN/1771324978.json
[2026-02-17T12:02:02.932+0000] {logging_mixin.py:188} INFO - Downloaded AMZN/1771324989.json
[2026-02-17T12:02:03.239+0000] {logging_mixin.py:188} INFO - Downloaded AMZN/1771325000.json
[2026-02-17T12:02:03.333+0000] {logging_mixin.py:188} INFO - Downloaded AMZN/1771325010.json
[2026-02-17T12:02:03.378+0000] {logging_mixin.py:188} INFO - Downloaded AMZN/1771325021.json
[2026-02-17T12:02:03.469+0000] {logging_mixin.py:188} INFO - Downloaded AMZN/1771325032.json
[2026-02-17T12:02:03.576+0000] {logging_mixin.py:188} INFO - Downloaded AMZN/1771325042.json
[2026-02-17T12:02:03.616+0000] {logging_mixin.py:188} INFO - Downloaded AMZN/1771325052.json
[2026-02-17T12:02:03.666+0000] {logging_mixin.py:188} INFO - Downloaded AMZN/1771325063.json
[2026-02-17T12:02:03.784+0000] {logging_mixin.py:188} INFO - Downloaded AMZN/1771325073.json
[2026-02-17T12:02:03.823+0000] {logging_mixin.py:188} INFO - Downloaded AMZN/1771325083.json
[2026-02-17T12:02:03.911+0000] {logging_mixin.py:188} INFO - Downloaded AMZN/1771325094.json
[2026-02-17T12:02:04.026+0000] {logging_mixin.py:188} INFO - Downloaded AMZN/1771325105.json
[2026-02-17T12:02:04.121+0000] {logging_mixin.py:188} INFO - Downloaded AMZN/1771325115.json
[2026-02-17T12:02:04.182+0000] {logging_mixin.py:188} INFO - Downloaded AMZN/1771325125.json
[2026-02-17T12:02:04.237+0000] {logging_mixin.py:188} INFO - Downloaded AMZN/1771325136.json
[2026-02-17T12:02:04.311+0000] {logging_mixin.py:188} INFO - Downloaded AMZN/1771325146.json
[2026-02-17T12:02:04.382+0000] {logging_mixin.py:188} INFO - Downloaded AMZN/1771325156.json
[2026-02-17T12:02:04.527+0000] {logging_mixin.py:188} INFO - Downloaded AMZN/1771325167.json
[2026-02-17T12:02:04.668+0000] {logging_mixin.py:188} INFO - Downloaded AMZN/1771325177.json
[2026-02-17T12:02:04.751+0000] {logging_mixin.py:188} INFO - Downloaded AMZN/1771325188.json
[2026-02-17T12:02:04.827+0000] {logging_mixin.py:188} INFO - Downloaded AMZN/1771325198.json
[2026-02-17T12:02:04.896+0000] {logging_mixin.py:188} INFO - Downloaded AMZN/1771325209.json
[2026-02-17T12:02:05.002+0000] {logging_mixin.py:188} INFO - Downloaded AMZN/1771325219.json
[2026-02-17T12:02:05.134+0000] {logging_mixin.py:188} INFO - Downloaded AMZN/1771325229.json
[2026-02-17T12:02:05.221+0000] {logging_mixin.py:188} INFO - Downloaded AMZN/1771325240.json
[2026-02-17T12:02:05.282+0000] {logging_mixin.py:188} INFO - Downloaded AMZN/1771325250.json
[2026-02-17T12:02:05.346+0000] {logging_mixin.py:188} INFO - Downloaded AMZN/1771325262.json
[2026-02-17T12:02:05.426+0000] {logging_mixin.py:188} INFO - Downloaded AMZN/1771325272.json
[2026-02-17T12:02:05.476+0000] {logging_mixin.py:188} INFO - Downloaded AMZN/1771325283.json
[2026-02-17T12:02:05.531+0000] {logging_mixin.py:188} INFO - Downloaded AMZN/1771325293.json
[2026-02-17T12:02:05.595+0000] {logging_mixin.py:188} INFO - Downloaded AMZN/1771325337.json
[2026-02-17T12:02:05.669+0000] {logging_mixin.py:188} INFO - Downloaded AMZN/1771325347.json
[2026-02-17T12:02:05.753+0000] {logging_mixin.py:188} INFO - Downloaded AMZN/1771325358.json
[2026-02-17T12:02:05.835+0000] {logging_mixin.py:188} INFO - Downloaded AMZN/1771325368.json
[2026-02-17T12:02:05.921+0000] {logging_mixin.py:188} INFO - Downloaded AMZN/1771325378.json
[2026-02-17T12:02:06.064+0000] {logging_mixin.py:188} INFO - Downloaded AMZN/1771325389.json
[2026-02-17T12:02:06.160+0000] {logging_mixin.py:188} INFO - Downloaded AMZN/1771325401.json
[2026-02-17T12:02:06.289+0000] {logging_mixin.py:188} INFO - Downloaded AMZN/1771325412.json
[2026-02-17T12:02:06.352+0000] {logging_mixin.py:188} INFO - Downloaded AMZN/1771325424.json
[2026-02-17T12:02:06.406+0000] {logging_mixin.py:188} INFO - Downloaded AMZN/1771325435.json
[2026-02-17T12:02:06.532+0000] {logging_mixin.py:188} INFO - Downloaded AMZN/1771325447.json
[2026-02-17T12:02:06.605+0000] {logging_mixin.py:188} INFO - Downloaded AMZN/1771325457.json
[2026-02-17T12:02:06.675+0000] {logging_mixin.py:188} INFO - Downloaded AMZN/1771325468.json
[2026-02-17T12:02:06.741+0000] {logging_mixin.py:188} INFO - Downloaded AMZN/1771325477.json
[2026-02-17T12:02:06.804+0000] {logging_mixin.py:188} INFO - Downloaded AMZN/1771325489.json
[2026-02-17T12:02:06.873+0000] {logging_mixin.py:188} INFO - Downloaded AMZN/1771325500.json
[2026-02-17T12:02:06.916+0000] {logging_mixin.py:188} INFO - Downloaded AMZN/1771325510.json
[2026-02-17T12:02:06.980+0000] {logging_mixin.py:188} INFO - Downloaded AMZN/1771325521.json
[2026-02-17T12:02:07.036+0000] {logging_mixin.py:188} INFO - Downloaded AMZN/1771325532.json
[2026-02-17T12:02:07.074+0000] {logging_mixin.py:188} INFO - Downloaded AMZN/1771325542.json
[2026-02-17T12:02:07.124+0000] {logging_mixin.py:188} INFO - Downloaded AMZN/1771325552.json
[2026-02-17T12:02:07.255+0000] {logging_mixin.py:188} INFO - Downloaded AMZN/1771325562.json
[2026-02-17T12:02:07.306+0000] {logging_mixin.py:188} INFO - Downloaded AMZN/1771325573.json
[2026-02-17T12:02:07.363+0000] {logging_mixin.py:188} INFO - Downloaded AMZN/1771325583.json
[2026-02-17T12:02:07.425+0000] {logging_mixin.py:188} INFO - Downloaded AMZN/1771325593.json
[2026-02-17T12:02:07.497+0000] {logging_mixin.py:188} INFO - Downloaded AMZN/1771325605.json
[2026-02-17T12:02:07.600+0000] {logging_mixin.py:188} INFO - Downloaded AMZN/1771325616.json
[2026-02-17T12:02:07.644+0000] {logging_mixin.py:188} INFO - Downloaded AMZN/1771325626.json
[2026-02-17T12:02:07.679+0000] {logging_mixin.py:188} INFO - Downloaded AMZN/1771325637.json
[2026-02-17T12:02:07.713+0000] {logging_mixin.py:188} INFO - Downloaded AMZN/1771325648.json
[2026-02-17T12:02:07.756+0000] {logging_mixin.py:188} INFO - Downloaded AMZN/1771325659.json
[2026-02-17T12:02:07.799+0000] {logging_mixin.py:188} INFO - Downloaded AMZN/1771325669.json
[2026-02-17T12:02:07.849+0000] {logging_mixin.py:188} INFO - Downloaded AMZN/1771325679.json
[2026-02-17T12:02:07.880+0000] {logging_mixin.py:188} INFO - Downloaded AMZN/1771325691.json
[2026-02-17T12:02:07.933+0000] {logging_mixin.py:188} INFO - Downloaded AMZN/1771325701.json
[2026-02-17T12:02:07.984+0000] {logging_mixin.py:188} INFO - Downloaded AMZN/1771325711.json
[2026-02-17T12:02:08.027+0000] {logging_mixin.py:188} INFO - Downloaded AMZN/1771325722.json
[2026-02-17T12:02:08.067+0000] {logging_mixin.py:188} INFO - Downloaded AMZN/1771325732.json
[2026-02-17T12:02:08.112+0000] {logging_mixin.py:188} INFO - Downloaded AMZN/1771325743.json
[2026-02-17T12:02:08.151+0000] {logging_mixin.py:188} INFO - Downloaded AMZN/1771325753.json
[2026-02-17T12:02:08.185+0000] {logging_mixin.py:188} INFO - Downloaded AMZN/1771325769.json
[2026-02-17T12:02:08.230+0000] {logging_mixin.py:188} INFO - Downloaded AMZN/1771325780.json
[2026-02-17T12:02:08.279+0000] {logging_mixin.py:188} INFO - Downloaded AMZN/1771325792.json
[2026-02-17T12:02:08.347+0000] {logging_mixin.py:188} INFO - Downloaded AMZN/1771325803.json
[2026-02-17T12:02:08.409+0000] {logging_mixin.py:188} INFO - Downloaded AMZN/1771325813.json
[2026-02-17T12:02:08.557+0000] {logging_mixin.py:188} INFO - Downloaded AMZN/1771325824.json
[2026-02-17T12:02:08.652+0000] {logging_mixin.py:188} INFO - Downloaded AMZN/1771325834.json
[2026-02-17T12:02:08.721+0000] {logging_mixin.py:188} INFO - Downloaded AMZN/1771325844.json
[2026-02-17T12:02:08.758+0000] {logging_mixin.py:188} INFO - Downloaded AMZN/1771325857.json
[2026-02-17T12:02:08.796+0000] {logging_mixin.py:188} INFO - Downloaded AMZN/1771325867.json
[2026-02-17T12:02:08.829+0000] {logging_mixin.py:188} INFO - Downloaded AMZN/1771325878.json
[2026-02-17T12:02:08.866+0000] {logging_mixin.py:188} INFO - Downloaded AMZN/1771325891.json
[2026-02-17T12:02:08.911+0000] {logging_mixin.py:188} INFO - Downloaded AMZN/1771325902.json
[2026-02-17T12:02:08.944+0000] {logging_mixin.py:188} INFO - Downloaded AMZN/1771325914.json
[2026-02-17T12:02:08.975+0000] {logging_mixin.py:188} INFO - Downloaded AMZN/1771325925.json
[2026-02-17T12:02:09.004+0000] {logging_mixin.py:188} INFO - Downloaded AMZN/1771325937.json
[2026-02-17T12:02:09.033+0000] {logging_mixin.py:188} INFO - Downloaded AMZN/1771325948.json
[2026-02-17T12:02:09.065+0000] {logging_mixin.py:188} INFO - Downloaded AMZN/1771325962.json
[2026-02-17T12:02:09.096+0000] {logging_mixin.py:188} INFO - Downloaded AMZN/1771325973.json
[2026-02-17T12:02:09.135+0000] {logging_mixin.py:188} INFO - Downloaded AMZN/1771325984.json
[2026-02-17T12:02:09.175+0000] {logging_mixin.py:188} INFO - Downloaded AMZN/1771325995.json
[2026-02-17T12:02:09.215+0000] {logging_mixin.py:188} INFO - Downloaded AMZN/1771326005.json
[2026-02-17T12:02:09.257+0000] {logging_mixin.py:188} INFO - Downloaded AMZN/1771326016.json
[2026-02-17T12:02:09.291+0000] {logging_mixin.py:188} INFO - Downloaded AMZN/1771326027.json
[2026-02-17T12:02:09.323+0000] {logging_mixin.py:188} INFO - Downloaded AMZN/1771326037.json
[2026-02-17T12:02:09.360+0000] {logging_mixin.py:188} INFO - Downloaded AMZN/1771326047.json
[2026-02-17T12:02:09.400+0000] {logging_mixin.py:188} INFO - Downloaded AMZN/1771326058.json
[2026-02-17T12:02:09.432+0000] {logging_mixin.py:188} INFO - Downloaded AMZN/1771326067.json
[2026-02-17T12:02:09.462+0000] {logging_mixin.py:188} INFO - Downloaded AMZN/1771326077.json
[2026-02-17T12:02:09.502+0000] {logging_mixin.py:188} INFO - Downloaded AMZN/1771326087.json
[2026-02-17T12:02:09.540+0000] {logging_mixin.py:188} INFO - Downloaded AMZN/1771326101.json
[2026-02-17T12:02:09.581+0000] {logging_mixin.py:188} INFO - Downloaded AMZN/1771326115.json
[2026-02-17T12:02:09.633+0000] {logging_mixin.py:188} INFO - Downloaded AMZN/1771326128.json
[2026-02-17T12:02:09.672+0000] {logging_mixin.py:188} INFO - Downloaded AMZN/1771326139.json
[2026-02-17T12:02:09.706+0000] {logging_mixin.py:188} INFO - Downloaded AMZN/1771326151.json
[2026-02-17T12:02:09.757+0000] {logging_mixin.py:188} INFO - Downloaded AMZN/1771326161.json
[2026-02-17T12:02:09.795+0000] {logging_mixin.py:188} INFO - Downloaded AMZN/1771326173.json
[2026-02-17T12:02:09.831+0000] {logging_mixin.py:188} INFO - Downloaded AMZN/1771326183.json
[2026-02-17T12:02:09.866+0000] {logging_mixin.py:188} INFO - Downloaded AMZN/1771326194.json
[2026-02-17T12:02:09.892+0000] {logging_mixin.py:188} INFO - Downloaded AMZN/1771326204.json
[2026-02-17T12:02:09.920+0000] {logging_mixin.py:188} INFO - Downloaded AMZN/1771326215.json
[2026-02-17T12:02:09.947+0000] {logging_mixin.py:188} INFO - Downloaded AMZN/1771326225.json
[2026-02-17T12:02:09.976+0000] {logging_mixin.py:188} INFO - Downloaded AMZN/1771326235.json
[2026-02-17T12:02:10.006+0000] {logging_mixin.py:188} INFO - Downloaded AMZN/1771326245.json
[2026-02-17T12:02:10.046+0000] {logging_mixin.py:188} INFO - Downloaded AMZN/1771326255.json
[2026-02-17T12:02:10.080+0000] {logging_mixin.py:188} INFO - Downloaded AMZN/1771326265.json
[2026-02-17T12:02:10.116+0000] {logging_mixin.py:188} INFO - Downloaded AMZN/1771326275.json
[2026-02-17T12:02:10.151+0000] {logging_mixin.py:188} INFO - Downloaded AMZN/1771326286.json
[2026-02-17T12:02:10.179+0000] {logging_mixin.py:188} INFO - Downloaded AMZN/1771326301.json
[2026-02-17T12:02:10.232+0000] {logging_mixin.py:188} INFO - Downloaded AMZN/1771326314.json
[2026-02-17T12:02:10.271+0000] {logging_mixin.py:188} INFO - Downloaded AMZN/1771326324.json
[2026-02-17T12:02:10.308+0000] {logging_mixin.py:188} INFO - Downloaded AMZN/1771326335.json
[2026-02-17T12:02:10.353+0000] {logging_mixin.py:188} INFO - Downloaded AMZN/1771326351.json
[2026-02-17T12:02:10.389+0000] {logging_mixin.py:188} INFO - Downloaded AMZN/1771326362.json
[2026-02-17T12:02:10.423+0000] {logging_mixin.py:188} INFO - Downloaded AMZN/1771326374.json
[2026-02-17T12:02:10.452+0000] {logging_mixin.py:188} INFO - Downloaded AMZN/1771326384.json
[2026-02-17T12:02:10.494+0000] {logging_mixin.py:188} INFO - Downloaded AMZN/1771326395.json
[2026-02-17T12:02:10.540+0000] {logging_mixin.py:188} INFO - Downloaded AMZN/1771326405.json
[2026-02-17T12:02:10.583+0000] {logging_mixin.py:188} INFO - Downloaded AMZN/1771326415.json
[2026-02-17T12:02:10.643+0000] {logging_mixin.py:188} INFO - Downloaded AMZN/1771326425.json
[2026-02-17T12:02:10.688+0000] {logging_mixin.py:188} INFO - Downloaded AMZN/1771326436.json
[2026-02-17T12:02:10.725+0000] {logging_mixin.py:188} INFO - Downloaded AMZN/1771326446.json
[2026-02-17T12:02:10.775+0000] {logging_mixin.py:188} INFO - Downloaded AMZN/1771326456.json
[2026-02-17T12:02:10.825+0000] {logging_mixin.py:188} INFO - Downloaded AMZN/1771326466.json
[2026-02-17T12:02:10.856+0000] {logging_mixin.py:188} INFO - Downloaded AMZN/1771326476.json
[2026-02-17T12:02:10.887+0000] {logging_mixin.py:188} INFO - Downloaded AMZN/1771326486.json
[2026-02-17T12:02:10.933+0000] {logging_mixin.py:188} INFO - Downloaded AMZN/1771326497.json
[2026-02-17T12:02:10.959+0000] {logging_mixin.py:188} INFO - Downloaded AMZN/1771326508.json
[2026-02-17T12:02:10.994+0000] {logging_mixin.py:188} INFO - Downloaded AMZN/1771326518.json
[2026-02-17T12:02:11.033+0000] {logging_mixin.py:188} INFO - Downloaded AMZN/1771326528.json
[2026-02-17T12:02:11.090+0000] {logging_mixin.py:188} INFO - Downloaded AMZN/1771326538.json
[2026-02-17T12:02:11.126+0000] {logging_mixin.py:188} INFO - Downloaded AMZN/1771326548.json
[2026-02-17T12:02:11.176+0000] {logging_mixin.py:188} INFO - Downloaded AMZN/1771326559.json
[2026-02-17T12:02:11.216+0000] {logging_mixin.py:188} INFO - Downloaded AMZN/1771326569.json
[2026-02-17T12:02:11.263+0000] {logging_mixin.py:188} INFO - Downloaded AMZN/1771326578.json
[2026-02-17T12:02:11.308+0000] {logging_mixin.py:188} INFO - Downloaded AMZN/1771326588.json
[2026-02-17T12:02:11.365+0000] {logging_mixin.py:188} INFO - Downloaded AMZN/1771326599.json
[2026-02-17T12:02:11.402+0000] {logging_mixin.py:188} INFO - Downloaded AMZN/1771326609.json
[2026-02-17T12:02:11.443+0000] {logging_mixin.py:188} INFO - Downloaded AMZN/1771326619.json
[2026-02-17T12:02:11.485+0000] {logging_mixin.py:188} INFO - Downloaded AMZN/1771326629.json
[2026-02-17T12:02:11.522+0000] {logging_mixin.py:188} INFO - Downloaded AMZN/1771326639.json
[2026-02-17T12:02:11.562+0000] {logging_mixin.py:188} INFO - Downloaded AMZN/1771326650.json
[2026-02-17T12:02:11.596+0000] {logging_mixin.py:188} INFO - Downloaded AMZN/1771326659.json
[2026-02-17T12:02:11.632+0000] {logging_mixin.py:188} INFO - Downloaded AMZN/1771326670.json
[2026-02-17T12:02:11.669+0000] {logging_mixin.py:188} INFO - Downloaded AMZN/1771326680.json
[2026-02-17T12:02:11.705+0000] {logging_mixin.py:188} INFO - Downloaded AMZN/1771326690.json
[2026-02-17T12:02:11.736+0000] {logging_mixin.py:188} INFO - Downloaded AMZN/1771326701.json
[2026-02-17T12:02:11.776+0000] {logging_mixin.py:188} INFO - Downloaded AMZN/1771326711.json
[2026-02-17T12:02:11.821+0000] {logging_mixin.py:188} INFO - Downloaded AMZN/1771326721.json
[2026-02-17T12:02:11.858+0000] {logging_mixin.py:188} INFO - Downloaded AMZN/1771326731.json
[2026-02-17T12:02:11.902+0000] {logging_mixin.py:188} INFO - Downloaded AMZN/1771326741.json
[2026-02-17T12:02:11.964+0000] {logging_mixin.py:188} INFO - Downloaded AMZN/1771326752.json
[2026-02-17T12:02:12.000+0000] {logging_mixin.py:188} INFO - Downloaded AMZN/1771326762.json
[2026-02-17T12:02:12.033+0000] {logging_mixin.py:188} INFO - Downloaded AMZN/1771326772.json
[2026-02-17T12:02:12.061+0000] {logging_mixin.py:188} INFO - Downloaded AMZN/1771326782.json
[2026-02-17T12:02:12.094+0000] {logging_mixin.py:188} INFO - Downloaded AMZN/1771326793.json
[2026-02-17T12:02:12.134+0000] {logging_mixin.py:188} INFO - Downloaded AMZN/1771326802.json
[2026-02-17T12:02:12.166+0000] {logging_mixin.py:188} INFO - Downloaded AMZN/1771326813.json
[2026-02-17T12:02:12.196+0000] {logging_mixin.py:188} INFO - Downloaded AMZN/1771326823.json
[2026-02-17T12:02:12.224+0000] {logging_mixin.py:188} INFO - Downloaded AMZN/1771326834.json
[2026-02-17T12:02:12.261+0000] {logging_mixin.py:188} INFO - Downloaded AMZN/1771326844.json
[2026-02-17T12:02:12.291+0000] {logging_mixin.py:188} INFO - Downloaded AMZN/1771326854.json
[2026-02-17T12:02:12.316+0000] {logging_mixin.py:188} INFO - Downloaded AMZN/1771326863.json
[2026-02-17T12:02:12.353+0000] {logging_mixin.py:188} INFO - Downloaded AMZN/1771326874.json
[2026-02-17T12:02:12.389+0000] {logging_mixin.py:188} INFO - Downloaded AMZN/1771326884.json
[2026-02-17T12:02:12.434+0000] {logging_mixin.py:188} INFO - Downloaded AMZN/1771326895.json
[2026-02-17T12:02:12.463+0000] {logging_mixin.py:188} INFO - Downloaded AMZN/1771326905.json
[2026-02-17T12:02:12.500+0000] {logging_mixin.py:188} INFO - Downloaded AMZN/1771326916.json
[2026-02-17T12:02:12.542+0000] {logging_mixin.py:188} INFO - Downloaded AMZN/1771326927.json
[2026-02-17T12:02:12.581+0000] {logging_mixin.py:188} INFO - Downloaded AMZN/1771326937.json
[2026-02-17T12:02:12.608+0000] {logging_mixin.py:188} INFO - Downloaded AMZN/1771326948.json
[2026-02-17T12:02:12.631+0000] {logging_mixin.py:188} INFO - Downloaded AMZN/1771326959.json
[2026-02-17T12:02:12.662+0000] {logging_mixin.py:188} INFO - Downloaded AMZN/1771326969.json
[2026-02-17T12:02:12.697+0000] {logging_mixin.py:188} INFO - Downloaded AMZN/1771326980.json
[2026-02-17T12:02:12.741+0000] {logging_mixin.py:188} INFO - Downloaded AMZN/1771326990.json
[2026-02-17T12:02:12.985+0000] {logging_mixin.py:188} INFO - Downloaded AMZN/1771327001.json
[2026-02-17T12:02:13.028+0000] {logging_mixin.py:188} INFO - Downloaded AMZN/1771327011.json
[2026-02-17T12:02:13.060+0000] {logging_mixin.py:188} INFO - Downloaded AMZN/1771327022.json
[2026-02-17T12:02:13.089+0000] {logging_mixin.py:188} INFO - Downloaded AMZN/1771327032.json
[2026-02-17T12:02:13.119+0000] {logging_mixin.py:188} INFO - Downloaded AMZN/1771327043.json
[2026-02-17T12:02:13.144+0000] {logging_mixin.py:188} INFO - Downloaded AMZN/1771327053.json
[2026-02-17T12:02:13.172+0000] {logging_mixin.py:188} INFO - Downloaded AMZN/1771327071.json
[2026-02-17T12:02:13.204+0000] {logging_mixin.py:188} INFO - Downloaded AMZN/1771327090.json
[2026-02-17T12:02:13.241+0000] {logging_mixin.py:188} INFO - Downloaded AMZN/1771327105.json
[2026-02-17T12:02:13.272+0000] {logging_mixin.py:188} INFO - Downloaded AMZN/1771327119.json
[2026-02-17T12:02:13.302+0000] {logging_mixin.py:188} INFO - Downloaded AMZN/1771327131.json
[2026-02-17T12:02:13.334+0000] {logging_mixin.py:188} INFO - Downloaded AMZN/1771327141.json
[2026-02-17T12:02:13.370+0000] {logging_mixin.py:188} INFO - Downloaded AMZN/1771327151.json
[2026-02-17T12:02:13.399+0000] {logging_mixin.py:188} INFO - Downloaded AMZN/1771327162.json
[2026-02-17T12:02:13.432+0000] {logging_mixin.py:188} INFO - Downloaded AMZN/1771327172.json
[2026-02-17T12:02:13.462+0000] {logging_mixin.py:188} INFO - Downloaded AMZN/1771327182.json
[2026-02-17T12:02:13.491+0000] {logging_mixin.py:188} INFO - Downloaded AMZN/1771327192.json
[2026-02-17T12:02:13.521+0000] {logging_mixin.py:188} INFO - Downloaded AMZN/1771327202.json
[2026-02-17T12:02:13.553+0000] {logging_mixin.py:188} INFO - Downloaded AMZN/1771327213.json
[2026-02-17T12:02:13.593+0000] {logging_mixin.py:188} INFO - Downloaded AMZN/1771327224.json
[2026-02-17T12:02:13.645+0000] {logging_mixin.py:188} INFO - Downloaded AMZN/1771327234.json
[2026-02-17T12:02:13.679+0000] {logging_mixin.py:188} INFO - Downloaded AMZN/1771327245.json
[2026-02-17T12:02:13.707+0000] {logging_mixin.py:188} INFO - Downloaded AMZN/1771327255.json
[2026-02-17T12:02:13.744+0000] {logging_mixin.py:188} INFO - Downloaded AMZN/1771327265.json
[2026-02-17T12:02:13.788+0000] {logging_mixin.py:188} INFO - Downloaded AMZN/1771327276.json
[2026-02-17T12:02:13.816+0000] {logging_mixin.py:188} INFO - Downloaded AMZN/1771327285.json
[2026-02-17T12:02:13.843+0000] {logging_mixin.py:188} INFO - Downloaded AMZN/1771327296.json
[2026-02-17T12:02:13.869+0000] {logging_mixin.py:188} INFO - Downloaded AMZN/1771327306.json
[2026-02-17T12:02:13.899+0000] {logging_mixin.py:188} INFO - Downloaded AMZN/1771327317.json
[2026-02-17T12:02:13.941+0000] {logging_mixin.py:188} INFO - Downloaded AMZN/1771327327.json
[2026-02-17T12:02:13.984+0000] {logging_mixin.py:188} INFO - Downloaded AMZN/1771327337.json
[2026-02-17T12:02:14.052+0000] {logging_mixin.py:188} INFO - Downloaded AMZN/1771327347.json
[2026-02-17T12:02:14.099+0000] {logging_mixin.py:188} INFO - Downloaded AMZN/1771327357.json
[2026-02-17T12:02:14.161+0000] {logging_mixin.py:188} INFO - Downloaded AMZN/1771327367.json
[2026-02-17T12:02:14.201+0000] {logging_mixin.py:188} INFO - Downloaded AMZN/1771327378.json
[2026-02-17T12:02:14.234+0000] {logging_mixin.py:188} INFO - Downloaded AMZN/1771327388.json
[2026-02-17T12:02:14.269+0000] {logging_mixin.py:188} INFO - Downloaded AMZN/1771327398.json
[2026-02-17T12:02:14.310+0000] {logging_mixin.py:188} INFO - Downloaded AMZN/1771327410.json
[2026-02-17T12:02:14.347+0000] {logging_mixin.py:188} INFO - Downloaded AMZN/1771327420.json
[2026-02-17T12:02:14.383+0000] {logging_mixin.py:188} INFO - Downloaded AMZN/1771327430.json
[2026-02-17T12:02:14.413+0000] {logging_mixin.py:188} INFO - Downloaded AMZN/1771327441.json
[2026-02-17T12:02:14.441+0000] {logging_mixin.py:188} INFO - Downloaded AMZN/1771327450.json
[2026-02-17T12:02:14.468+0000] {logging_mixin.py:188} INFO - Downloaded AMZN/1771327461.json
[2026-02-17T12:02:14.494+0000] {logging_mixin.py:188} INFO - Downloaded AMZN/1771327472.json
[2026-02-17T12:02:14.524+0000] {logging_mixin.py:188} INFO - Downloaded AMZN/1771327482.json
[2026-02-17T12:02:14.555+0000] {logging_mixin.py:188} INFO - Downloaded AMZN/1771327492.json
[2026-02-17T12:02:14.589+0000] {logging_mixin.py:188} INFO - Downloaded AMZN/1771327504.json
[2026-02-17T12:02:14.617+0000] {logging_mixin.py:188} INFO - Downloaded AMZN/1771327514.json
[2026-02-17T12:02:14.647+0000] {logging_mixin.py:188} INFO - Downloaded AMZN/1771327524.json
[2026-02-17T12:02:15.477+0000] {logging_mixin.py:188} INFO - Downloaded AMZN/1771327535.json
[2026-02-17T12:02:15.544+0000] {logging_mixin.py:188} INFO - Downloaded AMZN/1771327545.json
[2026-02-17T12:02:15.578+0000] {logging_mixin.py:188} INFO - Downloaded AMZN/1771327555.json
[2026-02-17T12:02:15.619+0000] {logging_mixin.py:188} INFO - Downloaded AMZN/1771327566.json
[2026-02-17T12:02:15.663+0000] {logging_mixin.py:188} INFO - Downloaded AMZN/1771327578.json
[2026-02-17T12:02:15.700+0000] {logging_mixin.py:188} INFO - Downloaded AMZN/1771327590.json
[2026-02-17T12:02:15.731+0000] {logging_mixin.py:188} INFO - Downloaded AMZN/1771327600.json
[2026-02-17T12:02:15.758+0000] {logging_mixin.py:188} INFO - Downloaded AMZN/1771327610.json
[2026-02-17T12:02:15.796+0000] {logging_mixin.py:188} INFO - Downloaded AMZN/1771327621.json
[2026-02-17T12:02:15.829+0000] {logging_mixin.py:188} INFO - Downloaded AMZN/1771327631.json
[2026-02-17T12:02:15.863+0000] {logging_mixin.py:188} INFO - Downloaded AMZN/1771327641.json
[2026-02-17T12:02:15.895+0000] {logging_mixin.py:188} INFO - Downloaded AMZN/1771327651.json
[2026-02-17T12:02:15.924+0000] {logging_mixin.py:188} INFO - Downloaded AMZN/1771327661.json
[2026-02-17T12:02:15.968+0000] {logging_mixin.py:188} INFO - Downloaded AMZN/1771327672.json
[2026-02-17T12:02:16.004+0000] {logging_mixin.py:188} INFO - Downloaded AMZN/1771327682.json
[2026-02-17T12:02:16.037+0000] {logging_mixin.py:188} INFO - Downloaded AMZN/1771327692.json
[2026-02-17T12:02:16.077+0000] {logging_mixin.py:188} INFO - Downloaded AMZN/1771327703.json
[2026-02-17T12:02:16.107+0000] {logging_mixin.py:188} INFO - Downloaded AMZN/1771327713.json
[2026-02-17T12:02:16.137+0000] {logging_mixin.py:188} INFO - Downloaded AMZN/1771327723.json
[2026-02-17T12:02:16.165+0000] {logging_mixin.py:188} INFO - Downloaded AMZN/1771327733.json
[2026-02-17T12:02:16.190+0000] {logging_mixin.py:188} INFO - Downloaded AMZN/1771327743.json
[2026-02-17T12:02:16.221+0000] {logging_mixin.py:188} INFO - Downloaded AMZN/1771327754.json
[2026-02-17T12:02:16.252+0000] {logging_mixin.py:188} INFO - Downloaded AMZN/1771327764.json
[2026-02-17T12:02:16.282+0000] {logging_mixin.py:188} INFO - Downloaded AMZN/1771327774.json
[2026-02-17T12:02:16.305+0000] {logging_mixin.py:188} INFO - Downloaded AMZN/1771327786.json
[2026-02-17T12:02:16.330+0000] {logging_mixin.py:188} INFO - Downloaded AMZN/1771327795.json
[2026-02-17T12:02:16.363+0000] {logging_mixin.py:188} INFO - Downloaded AMZN/1771327806.json
[2026-02-17T12:02:16.395+0000] {logging_mixin.py:188} INFO - Downloaded AMZN/1771327816.json
[2026-02-17T12:02:16.421+0000] {logging_mixin.py:188} INFO - Downloaded AMZN/1771327827.json
[2026-02-17T12:02:16.445+0000] {logging_mixin.py:188} INFO - Downloaded AMZN/1771327837.json
[2026-02-17T12:02:16.472+0000] {logging_mixin.py:188} INFO - Downloaded AMZN/1771327847.json
[2026-02-17T12:02:16.500+0000] {logging_mixin.py:188} INFO - Downloaded AMZN/1771327858.json
[2026-02-17T12:02:16.533+0000] {logging_mixin.py:188} INFO - Downloaded AMZN/1771327869.json
[2026-02-17T12:02:16.571+0000] {logging_mixin.py:188} INFO - Downloaded AMZN/1771327879.json
[2026-02-17T12:02:16.623+0000] {logging_mixin.py:188} INFO - Downloaded AMZN/1771327890.json
[2026-02-17T12:02:16.655+0000] {logging_mixin.py:188} INFO - Downloaded AMZN/1771327900.json
[2026-02-17T12:02:16.720+0000] {logging_mixin.py:188} INFO - Downloaded AMZN/1771327911.json
[2026-02-17T12:02:16.766+0000] {logging_mixin.py:188} INFO - Downloaded AMZN/1771327921.json
[2026-02-17T12:02:16.796+0000] {logging_mixin.py:188} INFO - Downloaded AMZN/1771327931.json
[2026-02-17T12:02:16.845+0000] {logging_mixin.py:188} INFO - Downloaded AMZN/1771327942.json
[2026-02-17T12:02:16.880+0000] {logging_mixin.py:188} INFO - Downloaded AMZN/1771327952.json
[2026-02-17T12:02:16.928+0000] {logging_mixin.py:188} INFO - Downloaded AMZN/1771327962.json
[2026-02-17T12:02:16.972+0000] {logging_mixin.py:188} INFO - Downloaded AMZN/1771327973.json
[2026-02-17T12:02:17.026+0000] {logging_mixin.py:188} INFO - Downloaded AMZN/1771327983.json
[2026-02-17T12:02:17.083+0000] {logging_mixin.py:188} INFO - Downloaded AMZN/1771327993.json
[2026-02-17T12:02:17.141+0000] {logging_mixin.py:188} INFO - Downloaded AMZN/1771328004.json
[2026-02-17T12:02:17.231+0000] {logging_mixin.py:188} INFO - Downloaded AMZN/1771328013.json
[2026-02-17T12:02:17.278+0000] {logging_mixin.py:188} INFO - Downloaded AMZN/1771328023.json
[2026-02-17T12:02:17.322+0000] {logging_mixin.py:188} INFO - Downloaded AMZN/1771328033.json
[2026-02-17T12:02:17.365+0000] {logging_mixin.py:188} INFO - Downloaded AMZN/1771328044.json
[2026-02-17T12:02:17.440+0000] {logging_mixin.py:188} INFO - Downloaded AMZN/1771328054.json
[2026-02-17T12:02:17.487+0000] {logging_mixin.py:188} INFO - Downloaded AMZN/1771328064.json
[2026-02-17T12:02:17.546+0000] {logging_mixin.py:188} INFO - Downloaded AMZN/1771328074.json
[2026-02-17T12:02:17.598+0000] {logging_mixin.py:188} INFO - Downloaded AMZN/1771328085.json
[2026-02-17T12:02:17.646+0000] {logging_mixin.py:188} INFO - Downloaded AMZN/1771328096.json
[2026-02-17T12:02:17.740+0000] {logging_mixin.py:188} INFO - Downloaded AMZN/1771328109.json
[2026-02-17T12:02:17.801+0000] {logging_mixin.py:188} INFO - Downloaded AMZN/1771328120.json
[2026-02-17T12:02:17.872+0000] {logging_mixin.py:188} INFO - Downloaded AMZN/1771328131.json
[2026-02-17T12:02:17.930+0000] {logging_mixin.py:188} INFO - Downloaded AMZN/1771328143.json
[2026-02-17T12:02:17.971+0000] {logging_mixin.py:188} INFO - Downloaded AMZN/1771328153.json
[2026-02-17T12:02:18.012+0000] {logging_mixin.py:188} INFO - Downloaded AMZN/1771328165.json
[2026-02-17T12:02:18.090+0000] {logging_mixin.py:188} INFO - Downloaded AMZN/1771328203.json
[2026-02-17T12:02:18.150+0000] {logging_mixin.py:188} INFO - Downloaded AMZN/1771328213.json
[2026-02-17T12:02:18.221+0000] {logging_mixin.py:188} INFO - Downloaded AMZN/1771328223.json
[2026-02-17T12:02:18.283+0000] {logging_mixin.py:188} INFO - Downloaded AMZN/1771328234.json
[2026-02-17T12:02:18.353+0000] {logging_mixin.py:188} INFO - Downloaded AMZN/1771328244.json
[2026-02-17T12:02:18.494+0000] {logging_mixin.py:188} INFO - Downloaded AMZN/1771328254.json
[2026-02-17T12:02:18.572+0000] {logging_mixin.py:188} INFO - Downloaded AMZN/1771328265.json
[2026-02-17T12:02:18.683+0000] {logging_mixin.py:188} INFO - Downloaded AMZN/1771328276.json
[2026-02-17T12:02:18.759+0000] {logging_mixin.py:188} INFO - Downloaded AMZN/1771328287.json
[2026-02-17T12:02:18.868+0000] {logging_mixin.py:188} INFO - Downloaded AMZN/1771328297.json
[2026-02-17T12:02:18.920+0000] {logging_mixin.py:188} INFO - Downloaded AMZN/1771328307.json
[2026-02-17T12:02:18.997+0000] {logging_mixin.py:188} INFO - Downloaded AMZN/1771328317.json
[2026-02-17T12:02:19.054+0000] {logging_mixin.py:188} INFO - Downloaded AMZN/1771328328.json
[2026-02-17T12:02:19.170+0000] {logging_mixin.py:188} INFO - Downloaded AMZN/1771328338.json
[2026-02-17T12:02:19.313+0000] {logging_mixin.py:188} INFO - Downloaded AMZN/1771328348.json
[2026-02-17T12:02:19.402+0000] {logging_mixin.py:188} INFO - Downloaded AMZN/1771328361.json
[2026-02-17T12:02:19.522+0000] {logging_mixin.py:188} INFO - Downloaded AMZN/1771328376.json
[2026-02-17T12:02:19.638+0000] {logging_mixin.py:188} INFO - Downloaded AMZN/1771328389.json
[2026-02-17T12:02:19.717+0000] {logging_mixin.py:188} INFO - Downloaded AMZN/1771328399.json
[2026-02-17T12:02:19.766+0000] {logging_mixin.py:188} INFO - Downloaded AMZN/1771328410.json
[2026-02-17T12:02:19.836+0000] {logging_mixin.py:188} INFO - Downloaded AMZN/1771328421.json
[2026-02-17T12:02:19.890+0000] {logging_mixin.py:188} INFO - Downloaded AMZN/1771328495.json
[2026-02-17T12:02:19.975+0000] {logging_mixin.py:188} INFO - Downloaded AMZN/1771328521.json
[2026-02-17T12:02:20.064+0000] {logging_mixin.py:188} INFO - Downloaded AMZN/1771328531.json
[2026-02-17T12:02:20.174+0000] {logging_mixin.py:188} INFO - Downloaded AMZN/1771328634.json
[2026-02-17T12:02:20.293+0000] {logging_mixin.py:188} INFO - Downloaded AMZN/1771328731.json
[2026-02-17T12:02:20.358+0000] {logging_mixin.py:188} INFO - Downloaded AMZN/1771328742.json
[2026-02-17T12:02:20.410+0000] {logging_mixin.py:188} INFO - Downloaded AMZN/1771328752.json
[2026-02-17T12:02:20.451+0000] {logging_mixin.py:188} INFO - Downloaded AMZN/1771328764.json
[2026-02-17T12:02:20.489+0000] {logging_mixin.py:188} INFO - Downloaded AMZN/1771328774.json
[2026-02-17T12:02:20.557+0000] {logging_mixin.py:188} INFO - Downloaded AMZN/1771328784.json
[2026-02-17T12:02:20.613+0000] {logging_mixin.py:188} INFO - Downloaded AMZN/1771328794.json
[2026-02-17T12:02:20.673+0000] {logging_mixin.py:188} INFO - Downloaded AMZN/1771328804.json
[2026-02-17T12:02:20.725+0000] {logging_mixin.py:188} INFO - Downloaded AMZN/1771328815.json
[2026-02-17T12:02:20.799+0000] {logging_mixin.py:188} INFO - Downloaded AMZN/1771328825.json
[2026-02-17T12:02:20.866+0000] {logging_mixin.py:188} INFO - Downloaded AMZN/1771328836.json
[2026-02-17T12:02:20.924+0000] {logging_mixin.py:188} INFO - Downloaded AMZN/1771328846.json
[2026-02-17T12:02:20.990+0000] {logging_mixin.py:188} INFO - Downloaded AMZN/1771328858.json
[2026-02-17T12:02:21.045+0000] {logging_mixin.py:188} INFO - Downloaded AMZN/1771328869.json
[2026-02-17T12:02:21.090+0000] {logging_mixin.py:188} INFO - Downloaded AMZN/1771328880.json
[2026-02-17T12:02:21.135+0000] {logging_mixin.py:188} INFO - Downloaded AMZN/1771328891.json
[2026-02-17T12:02:21.169+0000] {logging_mixin.py:188} INFO - Downloaded AMZN/1771328901.json
[2026-02-17T12:02:21.216+0000] {logging_mixin.py:188} INFO - Downloaded AMZN/1771328931.json
[2026-02-17T12:02:21.246+0000] {logging_mixin.py:188} INFO - Downloaded AMZN/1771328942.json
[2026-02-17T12:02:21.272+0000] {logging_mixin.py:188} INFO - Downloaded AMZN/1771328952.json
[2026-02-17T12:02:21.300+0000] {logging_mixin.py:188} INFO - Downloaded AMZN/1771328962.json
[2026-02-17T12:02:21.323+0000] {logging_mixin.py:188} INFO - Downloaded AMZN/1771328977.json
[2026-02-17T12:02:21.349+0000] {logging_mixin.py:188} INFO - Downloaded AMZN/1771328988.json
[2026-02-17T12:02:21.379+0000] {logging_mixin.py:188} INFO - Downloaded AMZN/1771328998.json
[2026-02-17T12:02:21.410+0000] {logging_mixin.py:188} INFO - Downloaded AMZN/1771329009.json
[2026-02-17T12:02:21.436+0000] {logging_mixin.py:188} INFO - Downloaded AMZN/1771329022.json
[2026-02-17T12:02:21.460+0000] {logging_mixin.py:188} INFO - Downloaded AMZN/1771329033.json
[2026-02-17T12:02:21.488+0000] {logging_mixin.py:188} INFO - Downloaded AMZN/1771329044.json
[2026-02-17T12:02:21.517+0000] {logging_mixin.py:188} INFO - Downloaded AMZN/1771329086.json
[2026-02-17T12:02:21.544+0000] {logging_mixin.py:188} INFO - Downloaded AMZN/1771329097.json
[2026-02-17T12:02:21.583+0000] {logging_mixin.py:188} INFO - Downloaded AMZN/1771329108.json
[2026-02-17T12:02:21.608+0000] {logging_mixin.py:188} INFO - Downloaded AMZN/1771329134.json
[2026-02-17T12:02:21.636+0000] {logging_mixin.py:188} INFO - Downloaded AMZN/1771329146.json
[2026-02-17T12:02:21.663+0000] {logging_mixin.py:188} INFO - Downloaded AMZN/1771329157.json
[2026-02-17T12:02:21.705+0000] {logging_mixin.py:188} INFO - Downloaded AMZN/1771329169.json
[2026-02-17T12:02:21.745+0000] {logging_mixin.py:188} INFO - Downloaded AMZN/1771329180.json
[2026-02-17T12:02:21.766+0000] {logging_mixin.py:188} INFO - Downloaded AMZN/1771329191.json
[2026-02-17T12:02:21.793+0000] {logging_mixin.py:188} INFO - Downloaded AMZN/1771329203.json
[2026-02-17T12:02:21.818+0000] {logging_mixin.py:188} INFO - Downloaded AMZN/1771329214.json
[2026-02-17T12:02:21.848+0000] {logging_mixin.py:188} INFO - Downloaded AMZN/1771329224.json
[2026-02-17T12:02:21.877+0000] {logging_mixin.py:188} INFO - Downloaded AMZN/1771329234.json
[2026-02-17T12:02:21.907+0000] {logging_mixin.py:188} INFO - Downloaded AMZN/1771329245.json
[2026-02-17T12:02:21.939+0000] {logging_mixin.py:188} INFO - Downloaded AMZN/1771329255.json
[2026-02-17T12:02:21.968+0000] {logging_mixin.py:188} INFO - Downloaded AMZN/1771329266.json
[2026-02-17T12:02:21.995+0000] {logging_mixin.py:188} INFO - Downloaded AMZN/1771329276.json
[2026-02-17T12:02:22.045+0000] {logging_mixin.py:188} INFO - Downloaded AMZN/1771329286.json
[2026-02-17T12:02:22.078+0000] {logging_mixin.py:188} INFO - Downloaded AMZN/1771329296.json
[2026-02-17T12:02:22.113+0000] {logging_mixin.py:188} INFO - Downloaded AMZN/1771329306.json
[2026-02-17T12:02:22.145+0000] {logging_mixin.py:188} INFO - Downloaded AMZN/1771329317.json
[2026-02-17T12:02:22.184+0000] {logging_mixin.py:188} INFO - Downloaded AMZN/1771329327.json
[2026-02-17T12:02:22.207+0000] {logging_mixin.py:188} INFO - Downloaded AMZN/1771329337.json
[2026-02-17T12:02:22.235+0000] {logging_mixin.py:188} INFO - Downloaded AMZN/1771329348.json
[2026-02-17T12:02:22.270+0000] {logging_mixin.py:188} INFO - Downloaded AMZN/1771329358.json
[2026-02-17T12:02:22.300+0000] {logging_mixin.py:188} INFO - Downloaded AMZN/1771329368.json
[2026-02-17T12:02:22.329+0000] {logging_mixin.py:188} INFO - Downloaded AMZN/1771329379.json
[2026-02-17T12:02:22.357+0000] {logging_mixin.py:188} INFO - Downloaded AMZN/1771329389.json
[2026-02-17T12:02:22.379+0000] {logging_mixin.py:188} INFO - Downloaded AMZN/1771329399.json
[2026-02-17T12:02:22.409+0000] {logging_mixin.py:188} INFO - Downloaded AMZN/1771329409.json
[2026-02-17T12:02:22.436+0000] {logging_mixin.py:188} INFO - Downloaded AMZN/1771329419.json
[2026-02-17T12:02:22.459+0000] {logging_mixin.py:188} INFO - Downloaded AMZN/1771329429.json
[2026-02-17T12:02:22.482+0000] {logging_mixin.py:188} INFO - Downloaded AMZN/1771329439.json
[2026-02-17T12:02:22.511+0000] {logging_mixin.py:188} INFO - Downloaded AMZN/1771329449.json
[2026-02-17T12:02:22.539+0000] {logging_mixin.py:188} INFO - Downloaded AMZN/1771329460.json
[2026-02-17T12:02:22.563+0000] {logging_mixin.py:188} INFO - Downloaded AMZN/1771329470.json
[2026-02-17T12:02:22.593+0000] {logging_mixin.py:188} INFO - Downloaded AMZN/1771329480.json
[2026-02-17T12:02:22.625+0000] {logging_mixin.py:188} INFO - Downloaded AMZN/1771329490.json
[2026-02-17T12:02:22.659+0000] {logging_mixin.py:188} INFO - Downloaded AMZN/1771329502.json
[2026-02-17T12:02:22.688+0000] {logging_mixin.py:188} INFO - Downloaded AMZN/1771329512.json
[2026-02-17T12:02:22.711+0000] {logging_mixin.py:188} INFO - Downloaded AMZN/1771329524.json
[2026-02-17T12:02:22.751+0000] {logging_mixin.py:188} INFO - Downloaded AMZN/1771329540.json
[2026-02-17T12:02:22.843+0000] {logging_mixin.py:188} INFO - Downloaded AMZN/1771329551.json
[2026-02-17T12:02:22.889+0000] {logging_mixin.py:188} INFO - Downloaded AMZN/1771329561.json
[2026-02-17T12:02:22.916+0000] {logging_mixin.py:188} INFO - Downloaded AMZN/1771329571.json
[2026-02-17T12:02:22.952+0000] {logging_mixin.py:188} INFO - Downloaded AMZN/1771329581.json
[2026-02-17T12:02:22.989+0000] {logging_mixin.py:188} INFO - Downloaded AMZN/1771329591.json
[2026-02-17T12:02:23.015+0000] {logging_mixin.py:188} INFO - Downloaded AMZN/1771329602.json
[2026-02-17T12:02:23.053+0000] {logging_mixin.py:188} INFO - Downloaded AMZN/1771329614.json
[2026-02-17T12:02:23.088+0000] {logging_mixin.py:188} INFO - Downloaded GOOGL/1771324934.json
[2026-02-17T12:02:23.127+0000] {logging_mixin.py:188} INFO - Downloaded GOOGL/1771324945.json
[2026-02-17T12:02:23.192+0000] {logging_mixin.py:188} INFO - Downloaded GOOGL/1771324955.json
[2026-02-17T12:02:23.231+0000] {logging_mixin.py:188} INFO - Downloaded GOOGL/1771324965.json
[2026-02-17T12:02:23.262+0000] {logging_mixin.py:188} INFO - Downloaded GOOGL/1771324976.json
[2026-02-17T12:02:23.294+0000] {logging_mixin.py:188} INFO - Downloaded GOOGL/1771324987.json
[2026-02-17T12:02:23.333+0000] {logging_mixin.py:188} INFO - Downloaded GOOGL/1771324998.json
[2026-02-17T12:02:23.367+0000] {logging_mixin.py:188} INFO - Downloaded GOOGL/1771325008.json
[2026-02-17T12:02:23.409+0000] {logging_mixin.py:188} INFO - Downloaded GOOGL/1771325019.json
[2026-02-17T12:02:23.464+0000] {logging_mixin.py:188} INFO - Downloaded GOOGL/1771325030.json
[2026-02-17T12:02:23.551+0000] {logging_mixin.py:188} INFO - Downloaded GOOGL/1771325040.json
[2026-02-17T12:02:23.614+0000] {logging_mixin.py:188} INFO - Downloaded GOOGL/1771325050.json
[2026-02-17T12:02:23.665+0000] {logging_mixin.py:188} INFO - Downloaded GOOGL/1771325061.json
[2026-02-17T12:02:23.711+0000] {logging_mixin.py:188} INFO - Downloaded GOOGL/1771325071.json
[2026-02-17T12:02:23.770+0000] {logging_mixin.py:188} INFO - Downloaded GOOGL/1771325081.json
[2026-02-17T12:02:23.812+0000] {logging_mixin.py:188} INFO - Downloaded GOOGL/1771325092.json
[2026-02-17T12:02:23.865+0000] {logging_mixin.py:188} INFO - Downloaded GOOGL/1771325103.json
[2026-02-17T12:02:23.910+0000] {logging_mixin.py:188} INFO - Downloaded GOOGL/1771325113.json
[2026-02-17T12:02:23.958+0000] {logging_mixin.py:188} INFO - Downloaded GOOGL/1771325123.json
[2026-02-17T12:02:23.996+0000] {logging_mixin.py:188} INFO - Downloaded GOOGL/1771325134.json
[2026-02-17T12:02:24.049+0000] {logging_mixin.py:188} INFO - Downloaded GOOGL/1771325144.json
[2026-02-17T12:02:24.083+0000] {logging_mixin.py:188} INFO - Downloaded GOOGL/1771325155.json
[2026-02-17T12:02:24.118+0000] {logging_mixin.py:188} INFO - Downloaded GOOGL/1771325165.json
[2026-02-17T12:02:24.154+0000] {logging_mixin.py:188} INFO - Downloaded GOOGL/1771325176.json
[2026-02-17T12:02:24.194+0000] {logging_mixin.py:188} INFO - Downloaded GOOGL/1771325186.json
[2026-02-17T12:02:24.233+0000] {logging_mixin.py:188} INFO - Downloaded GOOGL/1771325196.json
[2026-02-17T12:02:24.266+0000] {logging_mixin.py:188} INFO - Downloaded GOOGL/1771325207.json
[2026-02-17T12:02:24.293+0000] {logging_mixin.py:188} INFO - Downloaded GOOGL/1771325217.json
[2026-02-17T12:02:24.322+0000] {logging_mixin.py:188} INFO - Downloaded GOOGL/1771325227.json
[2026-02-17T12:02:24.355+0000] {logging_mixin.py:188} INFO - Downloaded GOOGL/1771325238.json
[2026-02-17T12:02:24.389+0000] {logging_mixin.py:188} INFO - Downloaded GOOGL/1771325249.json
[2026-02-17T12:02:24.432+0000] {logging_mixin.py:188} INFO - Downloaded GOOGL/1771325260.json
[2026-02-17T12:02:24.478+0000] {logging_mixin.py:188} INFO - Downloaded GOOGL/1771325271.json
[2026-02-17T12:02:24.545+0000] {logging_mixin.py:188} INFO - Downloaded GOOGL/1771325281.json
[2026-02-17T12:02:24.590+0000] {logging_mixin.py:188} INFO - Downloaded GOOGL/1771325291.json
[2026-02-17T12:02:24.636+0000] {logging_mixin.py:188} INFO - Downloaded GOOGL/1771325303.json
[2026-02-17T12:02:24.680+0000] {logging_mixin.py:188} INFO - Downloaded GOOGL/1771325336.json
[2026-02-17T12:02:24.722+0000] {logging_mixin.py:188} INFO - Downloaded GOOGL/1771325346.json
[2026-02-17T12:02:24.759+0000] {logging_mixin.py:188} INFO - Downloaded GOOGL/1771325356.json
[2026-02-17T12:02:24.802+0000] {logging_mixin.py:188} INFO - Downloaded GOOGL/1771325366.json
[2026-02-17T12:02:24.851+0000] {logging_mixin.py:188} INFO - Downloaded GOOGL/1771325377.json
[2026-02-17T12:02:24.892+0000] {logging_mixin.py:188} INFO - Downloaded GOOGL/1771325387.json
[2026-02-17T12:02:24.930+0000] {logging_mixin.py:188} INFO - Downloaded GOOGL/1771325399.json
[2026-02-17T12:02:24.966+0000] {logging_mixin.py:188} INFO - Downloaded GOOGL/1771325410.json
[2026-02-17T12:02:25.005+0000] {logging_mixin.py:188} INFO - Downloaded GOOGL/1771325421.json
[2026-02-17T12:02:25.043+0000] {logging_mixin.py:188} INFO - Downloaded GOOGL/1771325433.json
[2026-02-17T12:02:25.069+0000] {logging_mixin.py:188} INFO - Downloaded GOOGL/1771325445.json
[2026-02-17T12:02:25.097+0000] {logging_mixin.py:188} INFO - Downloaded GOOGL/1771325455.json
[2026-02-17T12:02:25.125+0000] {logging_mixin.py:188} INFO - Downloaded GOOGL/1771325466.json
[2026-02-17T12:02:25.166+0000] {logging_mixin.py:188} INFO - Downloaded GOOGL/1771325476.json
[2026-02-17T12:02:25.202+0000] {logging_mixin.py:188} INFO - Downloaded GOOGL/1771325487.json
[2026-02-17T12:02:25.240+0000] {logging_mixin.py:188} INFO - Downloaded GOOGL/1771325498.json
[2026-02-17T12:02:25.267+0000] {logging_mixin.py:188} INFO - Downloaded GOOGL/1771325509.json
[2026-02-17T12:02:25.297+0000] {logging_mixin.py:188} INFO - Downloaded GOOGL/1771325519.json
[2026-02-17T12:02:25.329+0000] {logging_mixin.py:188} INFO - Downloaded GOOGL/1771325530.json
[2026-02-17T12:02:25.362+0000] {logging_mixin.py:188} INFO - Downloaded GOOGL/1771325540.json
[2026-02-17T12:02:25.398+0000] {logging_mixin.py:188} INFO - Downloaded GOOGL/1771325551.json
[2026-02-17T12:02:25.430+0000] {logging_mixin.py:188} INFO - Downloaded GOOGL/1771325561.json
[2026-02-17T12:02:25.462+0000] {logging_mixin.py:188} INFO - Downloaded GOOGL/1771325571.json
[2026-02-17T12:02:25.490+0000] {logging_mixin.py:188} INFO - Downloaded GOOGL/1771325581.json
[2026-02-17T12:02:25.516+0000] {logging_mixin.py:188} INFO - Downloaded GOOGL/1771325591.json
[2026-02-17T12:02:25.561+0000] {logging_mixin.py:188} INFO - Downloaded GOOGL/1771325603.json
[2026-02-17T12:02:25.603+0000] {logging_mixin.py:188} INFO - Downloaded GOOGL/1771325614.json
[2026-02-17T12:02:25.627+0000] {logging_mixin.py:188} INFO - Downloaded GOOGL/1771325624.json
[2026-02-17T12:02:25.654+0000] {logging_mixin.py:188} INFO - Downloaded GOOGL/1771325636.json
[2026-02-17T12:02:25.681+0000] {logging_mixin.py:188} INFO - Downloaded GOOGL/1771325646.json
[2026-02-17T12:02:25.706+0000] {logging_mixin.py:188} INFO - Downloaded GOOGL/1771325657.json
[2026-02-17T12:02:25.735+0000] {logging_mixin.py:188} INFO - Downloaded GOOGL/1771325667.json
[2026-02-17T12:02:25.766+0000] {logging_mixin.py:188} INFO - Downloaded GOOGL/1771325677.json
[2026-02-17T12:02:25.804+0000] {logging_mixin.py:188} INFO - Downloaded GOOGL/1771325688.json
[2026-02-17T12:02:25.838+0000] {logging_mixin.py:188} INFO - Downloaded GOOGL/1771325699.json
[2026-02-17T12:02:25.868+0000] {logging_mixin.py:188} INFO - Downloaded GOOGL/1771325709.json
[2026-02-17T12:02:25.894+0000] {logging_mixin.py:188} INFO - Downloaded GOOGL/1771325720.json
[2026-02-17T12:02:25.924+0000] {logging_mixin.py:188} INFO - Downloaded GOOGL/1771325730.json
[2026-02-17T12:02:25.957+0000] {logging_mixin.py:188} INFO - Downloaded GOOGL/1771325741.json
[2026-02-17T12:02:25.993+0000] {logging_mixin.py:188} INFO - Downloaded GOOGL/1771325752.json
[2026-02-17T12:02:26.023+0000] {logging_mixin.py:188} INFO - Downloaded GOOGL/1771325766.json
[2026-02-17T12:02:26.048+0000] {logging_mixin.py:188} INFO - Downloaded GOOGL/1771325778.json
[2026-02-17T12:02:26.075+0000] {logging_mixin.py:188} INFO - Downloaded GOOGL/1771325790.json
[2026-02-17T12:02:26.107+0000] {logging_mixin.py:188} INFO - Downloaded GOOGL/1771325801.json
[2026-02-17T12:02:26.139+0000] {logging_mixin.py:188} INFO - Downloaded GOOGL/1771325811.json
[2026-02-17T12:02:26.167+0000] {logging_mixin.py:188} INFO - Downloaded GOOGL/1771325822.json
[2026-02-17T12:02:26.198+0000] {logging_mixin.py:188} INFO - Downloaded GOOGL/1771325832.json
[2026-02-17T12:02:26.221+0000] {logging_mixin.py:188} INFO - Downloaded GOOGL/1771325842.json
[2026-02-17T12:02:26.245+0000] {logging_mixin.py:188} INFO - Downloaded GOOGL/1771325855.json
[2026-02-17T12:02:26.269+0000] {logging_mixin.py:188} INFO - Downloaded GOOGL/1771325865.json
[2026-02-17T12:02:26.292+0000] {logging_mixin.py:188} INFO - Downloaded GOOGL/1771325876.json
[2026-02-17T12:02:26.333+0000] {logging_mixin.py:188} INFO - Downloaded GOOGL/1771325888.json
[2026-02-17T12:02:26.356+0000] {logging_mixin.py:188} INFO - Downloaded GOOGL/1771325899.json
[2026-02-17T12:02:26.380+0000] {logging_mixin.py:188} INFO - Downloaded GOOGL/1771325912.json
[2026-02-17T12:02:26.406+0000] {logging_mixin.py:188} INFO - Downloaded GOOGL/1771325923.json
[2026-02-17T12:02:26.450+0000] {logging_mixin.py:188} INFO - Downloaded GOOGL/1771325934.json
[2026-02-17T12:02:26.474+0000] {logging_mixin.py:188} INFO - Downloaded GOOGL/1771325946.json
[2026-02-17T12:02:26.503+0000] {logging_mixin.py:188} INFO - Downloaded GOOGL/1771325959.json
[2026-02-17T12:02:26.532+0000] {logging_mixin.py:188} INFO - Downloaded GOOGL/1771325971.json
[2026-02-17T12:02:26.559+0000] {logging_mixin.py:188} INFO - Downloaded GOOGL/1771325982.json
[2026-02-17T12:02:26.585+0000] {logging_mixin.py:188} INFO - Downloaded GOOGL/1771325993.json
[2026-02-17T12:02:26.617+0000] {logging_mixin.py:188} INFO - Downloaded GOOGL/1771326003.json
[2026-02-17T12:02:26.644+0000] {logging_mixin.py:188} INFO - Downloaded GOOGL/1771326014.json
[2026-02-17T12:02:26.675+0000] {logging_mixin.py:188} INFO - Downloaded GOOGL/1771326025.json
[2026-02-17T12:02:26.701+0000] {logging_mixin.py:188} INFO - Downloaded GOOGL/1771326035.json
[2026-02-17T12:02:26.723+0000] {logging_mixin.py:188} INFO - Downloaded GOOGL/1771326045.json
[2026-02-17T12:02:26.748+0000] {logging_mixin.py:188} INFO - Downloaded GOOGL/1771326056.json
[2026-02-17T12:02:26.775+0000] {logging_mixin.py:188} INFO - Downloaded GOOGL/1771326066.json
[2026-02-17T12:02:26.796+0000] {logging_mixin.py:188} INFO - Downloaded GOOGL/1771326076.json
[2026-02-17T12:02:26.819+0000] {logging_mixin.py:188} INFO - Downloaded GOOGL/1771326086.json
[2026-02-17T12:02:26.840+0000] {logging_mixin.py:188} INFO - Downloaded GOOGL/1771326098.json
[2026-02-17T12:02:26.864+0000] {logging_mixin.py:188} INFO - Downloaded GOOGL/1771326111.json
[2026-02-17T12:02:26.890+0000] {logging_mixin.py:188} INFO - Downloaded GOOGL/1771326125.json
[2026-02-17T12:02:26.916+0000] {logging_mixin.py:188} INFO - Downloaded GOOGL/1771326137.json
[2026-02-17T12:02:26.940+0000] {logging_mixin.py:188} INFO - Downloaded GOOGL/1771326147.json
[2026-02-17T12:02:26.962+0000] {logging_mixin.py:188} INFO - Downloaded GOOGL/1771326159.json
[2026-02-17T12:02:26.984+0000] {logging_mixin.py:188} INFO - Downloaded GOOGL/1771326170.json
[2026-02-17T12:02:27.012+0000] {logging_mixin.py:188} INFO - Downloaded GOOGL/1771326181.json
[2026-02-17T12:02:27.041+0000] {logging_mixin.py:188} INFO - Downloaded GOOGL/1771326192.json
[2026-02-17T12:02:27.070+0000] {logging_mixin.py:188} INFO - Downloaded GOOGL/1771326202.json
[2026-02-17T12:02:27.095+0000] {logging_mixin.py:188} INFO - Downloaded GOOGL/1771326213.json
[2026-02-17T12:02:27.120+0000] {logging_mixin.py:188} INFO - Downloaded GOOGL/1771326223.json
[2026-02-17T12:02:27.144+0000] {logging_mixin.py:188} INFO - Downloaded GOOGL/1771326233.json
[2026-02-17T12:02:27.173+0000] {logging_mixin.py:188} INFO - Downloaded GOOGL/1771326243.json
[2026-02-17T12:02:27.200+0000] {logging_mixin.py:188} INFO - Downloaded GOOGL/1771326253.json
[2026-02-17T12:02:27.222+0000] {logging_mixin.py:188} INFO - Downloaded GOOGL/1771326263.json
[2026-02-17T12:02:27.245+0000] {logging_mixin.py:188} INFO - Downloaded GOOGL/1771326274.json
[2026-02-17T12:02:27.271+0000] {logging_mixin.py:188} INFO - Downloaded GOOGL/1771326284.json
[2026-02-17T12:02:27.295+0000] {logging_mixin.py:188} INFO - Downloaded GOOGL/1771326295.json
[2026-02-17T12:02:27.320+0000] {logging_mixin.py:188} INFO - Downloaded GOOGL/1771326311.json
[2026-02-17T12:02:27.345+0000] {logging_mixin.py:188} INFO - Downloaded GOOGL/1771326322.json
[2026-02-17T12:02:27.369+0000] {logging_mixin.py:188} INFO - Downloaded GOOGL/1771326333.json
[2026-02-17T12:02:27.395+0000] {logging_mixin.py:188} INFO - Downloaded GOOGL/1771326349.json
[2026-02-17T12:02:27.425+0000] {logging_mixin.py:188} INFO - Downloaded GOOGL/1771326360.json
[2026-02-17T12:02:27.456+0000] {logging_mixin.py:188} INFO - Downloaded GOOGL/1771326372.json
[2026-02-17T12:02:27.480+0000] {logging_mixin.py:188} INFO - Downloaded GOOGL/1771326382.json
[2026-02-17T12:02:27.504+0000] {logging_mixin.py:188} INFO - Downloaded GOOGL/1771326393.json
[2026-02-17T12:02:27.530+0000] {logging_mixin.py:188} INFO - Downloaded GOOGL/1771326403.json
[2026-02-17T12:02:27.555+0000] {logging_mixin.py:188} INFO - Downloaded GOOGL/1771326413.json
[2026-02-17T12:02:27.580+0000] {logging_mixin.py:188} INFO - Downloaded GOOGL/1771326424.json
[2026-02-17T12:02:27.601+0000] {logging_mixin.py:188} INFO - Downloaded GOOGL/1771326434.json
[2026-02-17T12:02:27.628+0000] {logging_mixin.py:188} INFO - Downloaded GOOGL/1771326444.json
[2026-02-17T12:02:27.657+0000] {logging_mixin.py:188} INFO - Downloaded GOOGL/1771326454.json
[2026-02-17T12:02:27.681+0000] {logging_mixin.py:188} INFO - Downloaded GOOGL/1771326465.json
[2026-02-17T12:02:27.701+0000] {logging_mixin.py:188} INFO - Downloaded GOOGL/1771326475.json
[2026-02-17T12:02:27.727+0000] {logging_mixin.py:188} INFO - Downloaded GOOGL/1771326485.json
[2026-02-17T12:02:27.760+0000] {logging_mixin.py:188} INFO - Downloaded GOOGL/1771326495.json
[2026-02-17T12:02:27.791+0000] {logging_mixin.py:188} INFO - Downloaded GOOGL/1771326506.json
[2026-02-17T12:02:27.814+0000] {logging_mixin.py:188} INFO - Downloaded GOOGL/1771326516.json
[2026-02-17T12:02:27.839+0000] {logging_mixin.py:188} INFO - Downloaded GOOGL/1771326526.json
[2026-02-17T12:02:27.863+0000] {logging_mixin.py:188} INFO - Downloaded GOOGL/1771326536.json
[2026-02-17T12:02:27.892+0000] {logging_mixin.py:188} INFO - Downloaded GOOGL/1771326547.json
[2026-02-17T12:02:27.918+0000] {logging_mixin.py:188} INFO - Downloaded GOOGL/1771326556.json
[2026-02-17T12:02:27.943+0000] {logging_mixin.py:188} INFO - Downloaded GOOGL/1771326567.json
[2026-02-17T12:02:27.966+0000] {logging_mixin.py:188} INFO - Downloaded GOOGL/1771326577.json
[2026-02-17T12:02:27.986+0000] {logging_mixin.py:188} INFO - Downloaded GOOGL/1771326587.json
[2026-02-17T12:02:28.005+0000] {logging_mixin.py:188} INFO - Downloaded GOOGL/1771326597.json
[2026-02-17T12:02:28.029+0000] {logging_mixin.py:188} INFO - Downloaded GOOGL/1771326607.json
[2026-02-17T12:02:28.053+0000] {logging_mixin.py:188} INFO - Downloaded GOOGL/1771326617.json
[2026-02-17T12:02:28.079+0000] {logging_mixin.py:188} INFO - Downloaded GOOGL/1771326627.json
[2026-02-17T12:02:28.105+0000] {logging_mixin.py:188} INFO - Downloaded GOOGL/1771326638.json
[2026-02-17T12:02:28.125+0000] {logging_mixin.py:188} INFO - Downloaded GOOGL/1771326647.json
[2026-02-17T12:02:28.150+0000] {logging_mixin.py:188} INFO - Downloaded GOOGL/1771326658.json
[2026-02-17T12:02:28.170+0000] {logging_mixin.py:188} INFO - Downloaded GOOGL/1771326668.json
[2026-02-17T12:02:28.190+0000] {logging_mixin.py:188} INFO - Downloaded GOOGL/1771326678.json
[2026-02-17T12:02:28.212+0000] {logging_mixin.py:188} INFO - Downloaded GOOGL/1771326689.json
[2026-02-17T12:02:28.237+0000] {logging_mixin.py:188} INFO - Downloaded GOOGL/1771326699.json
[2026-02-17T12:02:28.267+0000] {logging_mixin.py:188} INFO - Downloaded GOOGL/1771326709.json
[2026-02-17T12:02:28.292+0000] {logging_mixin.py:188} INFO - Downloaded GOOGL/1771326720.json
[2026-02-17T12:02:28.315+0000] {logging_mixin.py:188} INFO - Downloaded GOOGL/1771326730.json
[2026-02-17T12:02:28.338+0000] {logging_mixin.py:188} INFO - Downloaded GOOGL/1771326740.json
[2026-02-17T12:02:28.361+0000] {logging_mixin.py:188} INFO - Downloaded GOOGL/1771326750.json
[2026-02-17T12:02:28.389+0000] {logging_mixin.py:188} INFO - Downloaded GOOGL/1771326760.json
[2026-02-17T12:02:28.411+0000] {logging_mixin.py:188} INFO - Downloaded GOOGL/1771326771.json
[2026-02-17T12:02:28.430+0000] {logging_mixin.py:188} INFO - Downloaded GOOGL/1771326781.json
[2026-02-17T12:02:28.454+0000] {logging_mixin.py:188} INFO - Downloaded GOOGL/1771326791.json
[2026-02-17T12:02:28.477+0000] {logging_mixin.py:188} INFO - Downloaded GOOGL/1771326801.json
[2026-02-17T12:02:28.502+0000] {logging_mixin.py:188} INFO - Downloaded GOOGL/1771326811.json
[2026-02-17T12:02:28.528+0000] {logging_mixin.py:188} INFO - Downloaded GOOGL/1771326821.json
[2026-02-17T12:02:28.553+0000] {logging_mixin.py:188} INFO - Downloaded GOOGL/1771326832.json
[2026-02-17T12:02:28.580+0000] {logging_mixin.py:188} INFO - Downloaded GOOGL/1771326842.json
[2026-02-17T12:02:28.601+0000] {logging_mixin.py:188} INFO - Downloaded GOOGL/1771326852.json
[2026-02-17T12:02:28.626+0000] {logging_mixin.py:188} INFO - Downloaded GOOGL/1771326862.json
[2026-02-17T12:02:28.648+0000] {logging_mixin.py:188} INFO - Downloaded GOOGL/1771326873.json
[2026-02-17T12:02:28.673+0000] {logging_mixin.py:188} INFO - Downloaded GOOGL/1771326883.json
[2026-02-17T12:02:28.704+0000] {logging_mixin.py:188} INFO - Downloaded GOOGL/1771326893.json
[2026-02-17T12:02:28.728+0000] {logging_mixin.py:188} INFO - Downloaded GOOGL/1771326903.json
[2026-02-17T12:02:28.749+0000] {logging_mixin.py:188} INFO - Downloaded GOOGL/1771326914.json
[2026-02-17T12:02:28.770+0000] {logging_mixin.py:188} INFO - Downloaded GOOGL/1771326925.json
[2026-02-17T12:02:28.790+0000] {logging_mixin.py:188} INFO - Downloaded GOOGL/1771326936.json
[2026-02-17T12:02:28.810+0000] {logging_mixin.py:188} INFO - Downloaded GOOGL/1771326947.json
[2026-02-17T12:02:28.832+0000] {logging_mixin.py:188} INFO - Downloaded GOOGL/1771326957.json
[2026-02-17T12:02:28.852+0000] {logging_mixin.py:188} INFO - Downloaded GOOGL/1771326967.json
[2026-02-17T12:02:28.873+0000] {logging_mixin.py:188} INFO - Downloaded GOOGL/1771326978.json
[2026-02-17T12:02:28.900+0000] {logging_mixin.py:188} INFO - Downloaded GOOGL/1771326988.json
[2026-02-17T12:02:28.925+0000] {logging_mixin.py:188} INFO - Downloaded GOOGL/1771326999.json
[2026-02-17T12:02:28.950+0000] {logging_mixin.py:188} INFO - Downloaded GOOGL/1771327010.json
[2026-02-17T12:02:28.976+0000] {logging_mixin.py:188} INFO - Downloaded GOOGL/1771327020.json
[2026-02-17T12:02:29.001+0000] {logging_mixin.py:188} INFO - Downloaded GOOGL/1771327030.json
[2026-02-17T12:02:31.847+0000] {logging_mixin.py:188} INFO - Downloaded GOOGL/1771327041.json
[2026-02-17T12:02:31.870+0000] {logging_mixin.py:188} INFO - Downloaded GOOGL/1771327051.json
[2026-02-17T12:02:31.893+0000] {logging_mixin.py:188} INFO - Downloaded GOOGL/1771327063.json
[2026-02-17T12:02:31.913+0000] {logging_mixin.py:188} INFO - Downloaded GOOGL/1771327086.json
[2026-02-17T12:02:31.933+0000] {logging_mixin.py:188} INFO - Downloaded GOOGL/1771327101.json
[2026-02-17T12:02:31.957+0000] {logging_mixin.py:188} INFO - Downloaded GOOGL/1771327116.json
[2026-02-17T12:02:31.978+0000] {logging_mixin.py:188} INFO - Downloaded GOOGL/1771327129.json
[2026-02-17T12:02:32.001+0000] {logging_mixin.py:188} INFO - Downloaded GOOGL/1771327139.json
[2026-02-17T12:02:32.023+0000] {logging_mixin.py:188} INFO - Downloaded GOOGL/1771327150.json
[2026-02-17T12:02:32.046+0000] {logging_mixin.py:188} INFO - Downloaded GOOGL/1771327160.json
[2026-02-17T12:02:32.071+0000] {logging_mixin.py:188} INFO - Downloaded GOOGL/1771327170.json
[2026-02-17T12:02:32.089+0000] {logging_mixin.py:188} INFO - Downloaded GOOGL/1771327180.json
[2026-02-17T12:02:32.109+0000] {logging_mixin.py:188} INFO - Downloaded GOOGL/1771327190.json
[2026-02-17T12:02:32.131+0000] {logging_mixin.py:188} INFO - Downloaded GOOGL/1771327200.json
[2026-02-17T12:02:32.159+0000] {logging_mixin.py:188} INFO - Downloaded GOOGL/1771327211.json
[2026-02-17T12:02:32.183+0000] {logging_mixin.py:188} INFO - Downloaded GOOGL/1771327222.json
[2026-02-17T12:02:32.211+0000] {logging_mixin.py:188} INFO - Downloaded GOOGL/1771327232.json
[2026-02-17T12:02:32.235+0000] {logging_mixin.py:188} INFO - Downloaded GOOGL/1771327242.json
[2026-02-17T12:02:32.259+0000] {logging_mixin.py:188} INFO - Downloaded GOOGL/1771327254.json
[2026-02-17T12:02:32.283+0000] {logging_mixin.py:188} INFO - Downloaded GOOGL/1771327264.json
[2026-02-17T12:02:32.311+0000] {logging_mixin.py:188} INFO - Downloaded GOOGL/1771327274.json
[2026-02-17T12:02:32.340+0000] {logging_mixin.py:188} INFO - Downloaded GOOGL/1771327284.json
[2026-02-17T12:02:32.367+0000] {logging_mixin.py:188} INFO - Downloaded GOOGL/1771327294.json
[2026-02-17T12:02:32.391+0000] {logging_mixin.py:188} INFO - Downloaded GOOGL/1771327304.json
[2026-02-17T12:02:32.416+0000] {logging_mixin.py:188} INFO - Downloaded GOOGL/1771327315.json
[2026-02-17T12:02:32.440+0000] {logging_mixin.py:188} INFO - Downloaded GOOGL/1771327325.json
[2026-02-17T12:02:32.466+0000] {logging_mixin.py:188} INFO - Downloaded GOOGL/1771327336.json
[2026-02-17T12:02:32.489+0000] {logging_mixin.py:188} INFO - Downloaded GOOGL/1771327346.json
[2026-02-17T12:02:32.513+0000] {logging_mixin.py:188} INFO - Downloaded GOOGL/1771327356.json
[2026-02-17T12:02:32.536+0000] {logging_mixin.py:188} INFO - Downloaded GOOGL/1771327365.json
[2026-02-17T12:02:32.561+0000] {logging_mixin.py:188} INFO - Downloaded GOOGL/1771327375.json
[2026-02-17T12:02:32.605+0000] {logging_mixin.py:188} INFO - Downloaded GOOGL/1771327386.json
[2026-02-17T12:02:32.646+0000] {logging_mixin.py:188} INFO - Downloaded GOOGL/1771327397.json
[2026-02-17T12:02:32.680+0000] {logging_mixin.py:188} INFO - Downloaded GOOGL/1771327408.json
[2026-02-17T12:02:32.713+0000] {logging_mixin.py:188} INFO - Downloaded GOOGL/1771327418.json
[2026-02-17T12:02:32.748+0000] {logging_mixin.py:188} INFO - Downloaded GOOGL/1771327429.json
[2026-02-17T12:02:32.777+0000] {logging_mixin.py:188} INFO - Downloaded GOOGL/1771327439.json
[2026-02-17T12:02:32.816+0000] {logging_mixin.py:188} INFO - Downloaded GOOGL/1771327449.json
[2026-02-17T12:02:32.869+0000] {logging_mixin.py:188} INFO - Downloaded GOOGL/1771327459.json
[2026-02-17T12:02:32.946+0000] {logging_mixin.py:188} INFO - Downloaded GOOGL/1771327470.json
[2026-02-17T12:02:32.988+0000] {logging_mixin.py:188} INFO - Downloaded GOOGL/1771327480.json
[2026-02-17T12:02:33.046+0000] {logging_mixin.py:188} INFO - Downloaded GOOGL/1771327491.json
[2026-02-17T12:02:33.095+0000] {logging_mixin.py:188} INFO - Downloaded GOOGL/1771327501.json
[2026-02-17T12:02:33.141+0000] {logging_mixin.py:188} INFO - Downloaded GOOGL/1771327512.json
[2026-02-17T12:02:33.185+0000] {logging_mixin.py:188} INFO - Downloaded GOOGL/1771327522.json
[2026-02-17T12:02:33.229+0000] {logging_mixin.py:188} INFO - Downloaded GOOGL/1771327533.json
[2026-02-17T12:02:33.273+0000] {logging_mixin.py:188} INFO - Downloaded GOOGL/1771327543.json
[2026-02-17T12:02:33.319+0000] {logging_mixin.py:188} INFO - Downloaded GOOGL/1771327554.json
[2026-02-17T12:02:33.369+0000] {logging_mixin.py:188} INFO - Downloaded GOOGL/1771327564.json
[2026-02-17T12:02:33.436+0000] {logging_mixin.py:188} INFO - Downloaded GOOGL/1771327576.json
[2026-02-17T12:02:33.500+0000] {logging_mixin.py:188} INFO - Downloaded GOOGL/1771327588.json
[2026-02-17T12:02:33.602+0000] {logging_mixin.py:188} INFO - Downloaded GOOGL/1771327599.json
[2026-02-17T12:02:33.683+0000] {logging_mixin.py:188} INFO - Downloaded GOOGL/1771327609.json
[2026-02-17T12:02:33.725+0000] {logging_mixin.py:188} INFO - Downloaded GOOGL/1771327619.json
[2026-02-17T12:02:33.767+0000] {logging_mixin.py:188} INFO - Downloaded GOOGL/1771327629.json
[2026-02-17T12:02:33.806+0000] {logging_mixin.py:188} INFO - Downloaded GOOGL/1771327640.json
[2026-02-17T12:02:33.853+0000] {logging_mixin.py:188} INFO - Downloaded GOOGL/1771327649.json
[2026-02-17T12:02:33.899+0000] {logging_mixin.py:188} INFO - Downloaded GOOGL/1771327660.json
[2026-02-17T12:02:33.945+0000] {logging_mixin.py:188} INFO - Downloaded GOOGL/1771327670.json
[2026-02-17T12:02:33.972+0000] {logging_mixin.py:188} INFO - Downloaded GOOGL/1771327680.json
[2026-02-17T12:02:33.999+0000] {logging_mixin.py:188} INFO - Downloaded GOOGL/1771327691.json
[2026-02-17T12:02:34.033+0000] {logging_mixin.py:188} INFO - Downloaded GOOGL/1771327701.json
[2026-02-17T12:02:34.055+0000] {logging_mixin.py:188} INFO - Downloaded GOOGL/1771327711.json
[2026-02-17T12:02:34.082+0000] {logging_mixin.py:188} INFO - Downloaded GOOGL/1771327721.json
[2026-02-17T12:02:34.107+0000] {logging_mixin.py:188} INFO - Downloaded GOOGL/1771327731.json
[2026-02-17T12:02:34.133+0000] {logging_mixin.py:188} INFO - Downloaded GOOGL/1771327741.json
[2026-02-17T12:02:34.155+0000] {logging_mixin.py:188} INFO - Downloaded GOOGL/1771327752.json
[2026-02-17T12:02:34.180+0000] {logging_mixin.py:188} INFO - Downloaded GOOGL/1771327763.json
[2026-02-17T12:02:34.205+0000] {logging_mixin.py:188} INFO - Downloaded GOOGL/1771327772.json
[2026-02-17T12:02:34.225+0000] {logging_mixin.py:188} INFO - Downloaded GOOGL/1771327784.json
[2026-02-17T12:02:34.248+0000] {logging_mixin.py:188} INFO - Downloaded GOOGL/1771327794.json
[2026-02-17T12:02:34.272+0000] {logging_mixin.py:188} INFO - Downloaded GOOGL/1771327804.json
[2026-02-17T12:02:34.294+0000] {logging_mixin.py:188} INFO - Downloaded GOOGL/1771327814.json
[2026-02-17T12:02:34.317+0000] {logging_mixin.py:188} INFO - Downloaded GOOGL/1771327824.json
[2026-02-17T12:02:34.344+0000] {logging_mixin.py:188} INFO - Downloaded GOOGL/1771327835.json
[2026-02-17T12:02:34.369+0000] {logging_mixin.py:188} INFO - Downloaded GOOGL/1771327846.json
[2026-02-17T12:02:34.390+0000] {logging_mixin.py:188} INFO - Downloaded GOOGL/1771327856.json
[2026-02-17T12:02:34.416+0000] {logging_mixin.py:188} INFO - Downloaded GOOGL/1771327867.json
[2026-02-17T12:02:34.452+0000] {logging_mixin.py:188} INFO - Downloaded GOOGL/1771327878.json
[2026-02-17T12:02:34.474+0000] {logging_mixin.py:188} INFO - Downloaded GOOGL/1771327889.json
[2026-02-17T12:02:34.498+0000] {logging_mixin.py:188} INFO - Downloaded GOOGL/1771327899.json
[2026-02-17T12:02:34.518+0000] {logging_mixin.py:188} INFO - Downloaded GOOGL/1771327909.json
[2026-02-17T12:02:34.545+0000] {logging_mixin.py:188} INFO - Downloaded GOOGL/1771327919.json
[2026-02-17T12:02:34.567+0000] {logging_mixin.py:188} INFO - Downloaded GOOGL/1771327929.json
[2026-02-17T12:02:34.594+0000] {logging_mixin.py:188} INFO - Downloaded GOOGL/1771327940.json
[2026-02-17T12:02:34.620+0000] {logging_mixin.py:188} INFO - Downloaded GOOGL/1771327950.json
[2026-02-17T12:02:34.651+0000] {logging_mixin.py:188} INFO - Downloaded GOOGL/1771327960.json
[2026-02-17T12:02:34.680+0000] {logging_mixin.py:188} INFO - Downloaded GOOGL/1771327971.json
[2026-02-17T12:02:34.712+0000] {logging_mixin.py:188} INFO - Downloaded GOOGL/1771327981.json
[2026-02-17T12:02:34.782+0000] {logging_mixin.py:188} INFO - Downloaded GOOGL/1771327991.json
[2026-02-17T12:02:34.822+0000] {logging_mixin.py:188} INFO - Downloaded GOOGL/1771328002.json
[2026-02-17T12:02:34.881+0000] {logging_mixin.py:188} INFO - Downloaded GOOGL/1771328012.json
[2026-02-17T12:02:34.925+0000] {logging_mixin.py:188} INFO - Downloaded GOOGL/1771328022.json
[2026-02-17T12:02:34.962+0000] {logging_mixin.py:188} INFO - Downloaded GOOGL/1771328032.json
[2026-02-17T12:02:35.046+0000] {logging_mixin.py:188} INFO - Downloaded GOOGL/1771328042.json
[2026-02-17T12:02:35.097+0000] {logging_mixin.py:188} INFO - Downloaded GOOGL/1771328053.json
[2026-02-17T12:02:35.129+0000] {logging_mixin.py:188} INFO - Downloaded GOOGL/1771328063.json
[2026-02-17T12:02:35.158+0000] {logging_mixin.py:188} INFO - Downloaded GOOGL/1771328073.json
[2026-02-17T12:02:35.187+0000] {logging_mixin.py:188} INFO - Downloaded GOOGL/1771328083.json
[2026-02-17T12:02:35.222+0000] {logging_mixin.py:188} INFO - Downloaded GOOGL/1771328094.json
[2026-02-17T12:02:35.250+0000] {logging_mixin.py:188} INFO - Downloaded GOOGL/1771328107.json
[2026-02-17T12:02:35.286+0000] {logging_mixin.py:188} INFO - Downloaded GOOGL/1771328118.json
[2026-02-17T12:02:35.314+0000] {logging_mixin.py:188} INFO - Downloaded GOOGL/1771328129.json
[2026-02-17T12:02:35.337+0000] {logging_mixin.py:188} INFO - Downloaded GOOGL/1771328141.json
[2026-02-17T12:02:35.373+0000] {logging_mixin.py:188} INFO - Downloaded GOOGL/1771328151.json
[2026-02-17T12:02:35.403+0000] {logging_mixin.py:188} INFO - Downloaded GOOGL/1771328163.json
[2026-02-17T12:02:35.432+0000] {logging_mixin.py:188} INFO - Downloaded GOOGL/1771328187.json
[2026-02-17T12:02:35.458+0000] {logging_mixin.py:188} INFO - Downloaded GOOGL/1771328211.json
[2026-02-17T12:02:35.484+0000] {logging_mixin.py:188} INFO - Downloaded GOOGL/1771328221.json
[2026-02-17T12:02:35.507+0000] {logging_mixin.py:188} INFO - Downloaded GOOGL/1771328232.json
[2026-02-17T12:02:35.530+0000] {logging_mixin.py:188} INFO - Downloaded GOOGL/1771328242.json
[2026-02-17T12:02:35.551+0000] {logging_mixin.py:188} INFO - Downloaded GOOGL/1771328253.json
[2026-02-17T12:02:35.576+0000] {logging_mixin.py:188} INFO - Downloaded GOOGL/1771328263.json
[2026-02-17T12:02:35.605+0000] {logging_mixin.py:188} INFO - Downloaded GOOGL/1771328273.json
[2026-02-17T12:02:35.633+0000] {logging_mixin.py:188} INFO - Downloaded GOOGL/1771328285.json
[2026-02-17T12:02:35.657+0000] {logging_mixin.py:188} INFO - Downloaded GOOGL/1771328295.json
[2026-02-17T12:02:35.685+0000] {logging_mixin.py:188} INFO - Downloaded GOOGL/1771328305.json
[2026-02-17T12:02:35.714+0000] {logging_mixin.py:188} INFO - Downloaded GOOGL/1771328316.json
[2026-02-17T12:02:35.740+0000] {logging_mixin.py:188} INFO - Downloaded GOOGL/1771328326.json
[2026-02-17T12:02:35.763+0000] {logging_mixin.py:188} INFO - Downloaded GOOGL/1771328336.json
[2026-02-17T12:02:35.784+0000] {logging_mixin.py:188} INFO - Downloaded GOOGL/1771328346.json
[2026-02-17T12:02:35.806+0000] {logging_mixin.py:188} INFO - Downloaded GOOGL/1771328359.json
[2026-02-17T12:02:35.833+0000] {logging_mixin.py:188} INFO - Downloaded GOOGL/1771328375.json
[2026-02-17T12:02:35.860+0000] {logging_mixin.py:188} INFO - Downloaded GOOGL/1771328387.json
[2026-02-17T12:02:35.883+0000] {logging_mixin.py:188} INFO - Downloaded GOOGL/1771328398.json
[2026-02-17T12:02:35.907+0000] {logging_mixin.py:188} INFO - Downloaded GOOGL/1771328408.json
[2026-02-17T12:02:35.930+0000] {logging_mixin.py:188} INFO - Downloaded GOOGL/1771328419.json
[2026-02-17T12:02:35.952+0000] {logging_mixin.py:188} INFO - Downloaded GOOGL/1771328457.json
[2026-02-17T12:02:35.975+0000] {logging_mixin.py:188} INFO - Downloaded GOOGL/1771328519.json
[2026-02-17T12:02:36.010+0000] {logging_mixin.py:188} INFO - Downloaded GOOGL/1771328530.json
[2026-02-17T12:02:36.041+0000] {logging_mixin.py:188} INFO - Downloaded GOOGL/1771328572.json
[2026-02-17T12:02:36.069+0000] {logging_mixin.py:188} INFO - Downloaded GOOGL/1771328729.json
[2026-02-17T12:02:36.098+0000] {logging_mixin.py:188} INFO - Downloaded GOOGL/1771328741.json
[2026-02-17T12:02:36.125+0000] {logging_mixin.py:188} INFO - Downloaded GOOGL/1771328751.json
[2026-02-17T12:02:36.146+0000] {logging_mixin.py:188} INFO - Downloaded GOOGL/1771328761.json
[2026-02-17T12:02:36.172+0000] {logging_mixin.py:188} INFO - Downloaded GOOGL/1771328772.json
[2026-02-17T12:02:36.199+0000] {logging_mixin.py:188} INFO - Downloaded GOOGL/1771328782.json
[2026-02-17T12:02:36.233+0000] {logging_mixin.py:188} INFO - Downloaded GOOGL/1771328793.json
[2026-02-17T12:02:36.261+0000] {logging_mixin.py:188} INFO - Downloaded GOOGL/1771328803.json
[2026-02-17T12:02:36.294+0000] {logging_mixin.py:188} INFO - Downloaded GOOGL/1771328813.json
[2026-02-17T12:02:36.329+0000] {logging_mixin.py:188} INFO - Downloaded GOOGL/1771328823.json
[2026-02-17T12:02:36.360+0000] {logging_mixin.py:188} INFO - Downloaded GOOGL/1771328834.json
[2026-02-17T12:02:36.389+0000] {logging_mixin.py:188} INFO - Downloaded GOOGL/1771328845.json
[2026-02-17T12:02:36.418+0000] {logging_mixin.py:188} INFO - Downloaded GOOGL/1771328855.json
[2026-02-17T12:02:36.441+0000] {logging_mixin.py:188} INFO - Downloaded GOOGL/1771328867.json
[2026-02-17T12:02:36.471+0000] {logging_mixin.py:188} INFO - Downloaded GOOGL/1771328878.json
[2026-02-17T12:02:36.505+0000] {logging_mixin.py:188} INFO - Downloaded GOOGL/1771328889.json
[2026-02-17T12:02:36.535+0000] {logging_mixin.py:188} INFO - Downloaded GOOGL/1771328900.json
[2026-02-17T12:02:36.563+0000] {logging_mixin.py:188} INFO - Downloaded GOOGL/1771328930.json
[2026-02-17T12:02:36.599+0000] {logging_mixin.py:188} INFO - Downloaded GOOGL/1771328940.json
[2026-02-17T12:02:36.634+0000] {logging_mixin.py:188} INFO - Downloaded GOOGL/1771328950.json
[2026-02-17T12:02:36.679+0000] {logging_mixin.py:188} INFO - Downloaded GOOGL/1771328961.json
[2026-02-17T12:02:36.711+0000] {logging_mixin.py:188} INFO - Downloaded GOOGL/1771328976.json
[2026-02-17T12:02:36.736+0000] {logging_mixin.py:188} INFO - Downloaded GOOGL/1771328986.json
[2026-02-17T12:02:36.760+0000] {logging_mixin.py:188} INFO - Downloaded GOOGL/1771328996.json
[2026-02-17T12:02:36.784+0000] {logging_mixin.py:188} INFO - Downloaded GOOGL/1771329007.json
[2026-02-17T12:02:36.806+0000] {logging_mixin.py:188} INFO - Downloaded GOOGL/1771329021.json
[2026-02-17T12:02:36.828+0000] {logging_mixin.py:188} INFO - Downloaded GOOGL/1771329031.json
[2026-02-17T12:02:36.852+0000] {logging_mixin.py:188} INFO - Downloaded GOOGL/1771329042.json
[2026-02-17T12:02:36.879+0000] {logging_mixin.py:188} INFO - Downloaded GOOGL/1771329084.json
[2026-02-17T12:02:36.908+0000] {logging_mixin.py:188} INFO - Downloaded GOOGL/1771329095.json
[2026-02-17T12:02:36.931+0000] {logging_mixin.py:188} INFO - Downloaded GOOGL/1771329106.json
[2026-02-17T12:02:36.951+0000] {logging_mixin.py:188} INFO - Downloaded GOOGL/1771329133.json
[2026-02-17T12:02:36.973+0000] {logging_mixin.py:188} INFO - Downloaded GOOGL/1771329144.json
[2026-02-17T12:02:36.999+0000] {logging_mixin.py:188} INFO - Downloaded GOOGL/1771329155.json
[2026-02-17T12:02:37.032+0000] {logging_mixin.py:188} INFO - Downloaded GOOGL/1771329166.json
[2026-02-17T12:02:37.073+0000] {logging_mixin.py:188} INFO - Downloaded GOOGL/1771329178.json
[2026-02-17T12:02:37.105+0000] {logging_mixin.py:188} INFO - Downloaded GOOGL/1771329189.json
[2026-02-17T12:02:37.137+0000] {logging_mixin.py:188} INFO - Downloaded GOOGL/1771329200.json
[2026-02-17T12:02:37.169+0000] {logging_mixin.py:188} INFO - Downloaded GOOGL/1771329212.json
[2026-02-17T12:02:37.197+0000] {logging_mixin.py:188} INFO - Downloaded GOOGL/1771329222.json
[2026-02-17T12:02:37.224+0000] {logging_mixin.py:188} INFO - Downloaded GOOGL/1771329233.json
[2026-02-17T12:02:37.250+0000] {logging_mixin.py:188} INFO - Downloaded GOOGL/1771329243.json
[2026-02-17T12:02:37.274+0000] {logging_mixin.py:188} INFO - Downloaded GOOGL/1771329253.json
[2026-02-17T12:02:37.297+0000] {logging_mixin.py:188} INFO - Downloaded GOOGL/1771329264.json
[2026-02-17T12:02:37.321+0000] {logging_mixin.py:188} INFO - Downloaded GOOGL/1771329274.json
[2026-02-17T12:02:37.349+0000] {logging_mixin.py:188} INFO - Downloaded GOOGL/1771329284.json
[2026-02-17T12:02:37.376+0000] {logging_mixin.py:188} INFO - Downloaded GOOGL/1771329294.json
[2026-02-17T12:02:37.396+0000] {logging_mixin.py:188} INFO - Downloaded GOOGL/1771329304.json
[2026-02-17T12:02:37.420+0000] {logging_mixin.py:188} INFO - Downloaded GOOGL/1771329315.json
[2026-02-17T12:02:37.442+0000] {logging_mixin.py:188} INFO - Downloaded GOOGL/1771329325.json
[2026-02-17T12:02:37.466+0000] {logging_mixin.py:188} INFO - Downloaded GOOGL/1771329336.json
[2026-02-17T12:02:37.494+0000] {logging_mixin.py:188} INFO - Downloaded GOOGL/1771329346.json
[2026-02-17T12:02:37.516+0000] {logging_mixin.py:188} INFO - Downloaded GOOGL/1771329356.json
[2026-02-17T12:02:37.540+0000] {logging_mixin.py:188} INFO - Downloaded GOOGL/1771329366.json
[2026-02-17T12:02:37.562+0000] {logging_mixin.py:188} INFO - Downloaded GOOGL/1771329377.json
[2026-02-17T12:02:37.589+0000] {logging_mixin.py:188} INFO - Downloaded GOOGL/1771329387.json
[2026-02-17T12:02:37.610+0000] {logging_mixin.py:188} INFO - Downloaded GOOGL/1771329397.json
[2026-02-17T12:02:37.636+0000] {logging_mixin.py:188} INFO - Downloaded GOOGL/1771329408.json
[2026-02-17T12:02:37.660+0000] {logging_mixin.py:188} INFO - Downloaded GOOGL/1771329418.json
[2026-02-17T12:02:37.686+0000] {logging_mixin.py:188} INFO - Downloaded GOOGL/1771329428.json
[2026-02-17T12:02:37.710+0000] {logging_mixin.py:188} INFO - Downloaded GOOGL/1771329437.json
[2026-02-17T12:02:37.732+0000] {logging_mixin.py:188} INFO - Downloaded GOOGL/1771329447.json
[2026-02-17T12:02:37.753+0000] {logging_mixin.py:188} INFO - Downloaded GOOGL/1771329458.json
[2026-02-17T12:02:37.774+0000] {logging_mixin.py:188} INFO - Downloaded GOOGL/1771329468.json
[2026-02-17T12:02:37.797+0000] {logging_mixin.py:188} INFO - Downloaded GOOGL/1771329479.json
[2026-02-17T12:02:37.822+0000] {logging_mixin.py:188} INFO - Downloaded GOOGL/1771329488.json
[2026-02-17T12:02:37.845+0000] {logging_mixin.py:188} INFO - Downloaded GOOGL/1771329500.json
[2026-02-17T12:02:37.873+0000] {logging_mixin.py:188} INFO - Downloaded GOOGL/1771329511.json
[2026-02-17T12:02:37.897+0000] {logging_mixin.py:188} INFO - Downloaded GOOGL/1771329521.json
[2026-02-17T12:02:37.921+0000] {logging_mixin.py:188} INFO - Downloaded GOOGL/1771329538.json
[2026-02-17T12:02:37.944+0000] {logging_mixin.py:188} INFO - Downloaded GOOGL/1771329550.json
[2026-02-17T12:02:37.967+0000] {logging_mixin.py:188} INFO - Downloaded GOOGL/1771329560.json
[2026-02-17T12:02:37.996+0000] {logging_mixin.py:188} INFO - Downloaded GOOGL/1771329570.json
[2026-02-17T12:02:38.016+0000] {logging_mixin.py:188} INFO - Downloaded GOOGL/1771329579.json
[2026-02-17T12:02:38.036+0000] {logging_mixin.py:188} INFO - Downloaded GOOGL/1771329589.json
[2026-02-17T12:02:38.072+0000] {logging_mixin.py:188} INFO - Downloaded GOOGL/1771329600.json
[2026-02-17T12:02:38.095+0000] {logging_mixin.py:188} INFO - Downloaded GOOGL/1771329612.json
[2026-02-17T12:02:38.117+0000] {logging_mixin.py:188} INFO - Downloaded GOOGL/1771329623.json
[2026-02-17T12:02:38.138+0000] {logging_mixin.py:188} INFO - Downloaded GOOGL/1771329633.json
[2026-02-17T12:02:38.158+0000] {logging_mixin.py:188} INFO - Downloaded GOOGL/1771329674.json
[2026-02-17T12:02:38.180+0000] {logging_mixin.py:188} INFO - Downloaded GOOGL/1771329698.json
[2026-02-17T12:02:38.202+0000] {logging_mixin.py:188} INFO - Downloaded GOOGL/1771329709.json
[2026-02-17T12:02:38.225+0000] {logging_mixin.py:188} INFO - Downloaded GOOGL/1771329719.json
[2026-02-17T12:02:38.248+0000] {logging_mixin.py:188} INFO - Downloaded GOOGL/1771329730.json
[2026-02-17T12:02:38.271+0000] {logging_mixin.py:188} INFO - Downloaded GOOGL/1771329740.json
[2026-02-17T12:02:38.302+0000] {logging_mixin.py:188} INFO - Downloaded MSFT/1771324933.json
[2026-02-17T12:02:38.325+0000] {logging_mixin.py:188} INFO - Downloaded MSFT/1771324944.json
[2026-02-17T12:02:38.348+0000] {logging_mixin.py:188} INFO - Downloaded MSFT/1771324954.json
[2026-02-17T12:02:38.381+0000] {logging_mixin.py:188} INFO - Downloaded MSFT/1771324965.json
[2026-02-17T12:02:38.407+0000] {logging_mixin.py:188} INFO - Downloaded MSFT/1771324975.json
[2026-02-17T12:02:38.435+0000] {logging_mixin.py:188} INFO - Downloaded MSFT/1771324986.json
[2026-02-17T12:02:38.469+0000] {logging_mixin.py:188} INFO - Downloaded MSFT/1771324997.json
[2026-02-17T12:02:38.501+0000] {logging_mixin.py:188} INFO - Downloaded MSFT/1771325008.json
[2026-02-17T12:02:38.526+0000] {logging_mixin.py:188} INFO - Downloaded MSFT/1771325018.json
[2026-02-17T12:02:38.552+0000] {logging_mixin.py:188} INFO - Downloaded MSFT/1771325029.json
[2026-02-17T12:02:38.578+0000] {logging_mixin.py:188} INFO - Downloaded MSFT/1771325039.json
[2026-02-17T12:02:38.605+0000] {logging_mixin.py:188} INFO - Downloaded MSFT/1771325050.json
[2026-02-17T12:02:38.629+0000] {logging_mixin.py:188} INFO - Downloaded MSFT/1771325060.json
[2026-02-17T12:02:38.657+0000] {logging_mixin.py:188} INFO - Downloaded MSFT/1771325070.json
[2026-02-17T12:02:38.680+0000] {logging_mixin.py:188} INFO - Downloaded MSFT/1771325080.json
[2026-02-17T12:02:38.707+0000] {logging_mixin.py:188} INFO - Downloaded MSFT/1771325091.json
[2026-02-17T12:02:38.729+0000] {logging_mixin.py:188} INFO - Downloaded MSFT/1771325102.json
[2026-02-17T12:02:38.752+0000] {logging_mixin.py:188} INFO - Downloaded MSFT/1771325113.json
[2026-02-17T12:02:38.780+0000] {logging_mixin.py:188} INFO - Downloaded MSFT/1771325123.json
[2026-02-17T12:02:38.814+0000] {logging_mixin.py:188} INFO - Downloaded MSFT/1771325133.json
[2026-02-17T12:02:38.834+0000] {logging_mixin.py:188} INFO - Downloaded MSFT/1771325143.json
[2026-02-17T12:02:38.857+0000] {logging_mixin.py:188} INFO - Downloaded MSFT/1771325154.json
[2026-02-17T12:02:38.879+0000] {logging_mixin.py:188} INFO - Downloaded MSFT/1771325164.json
[2026-02-17T12:02:38.903+0000] {logging_mixin.py:188} INFO - Downloaded MSFT/1771325175.json
[2026-02-17T12:02:38.926+0000] {logging_mixin.py:188} INFO - Downloaded MSFT/1771325185.json
[2026-02-17T12:02:38.950+0000] {logging_mixin.py:188} INFO - Downloaded MSFT/1771325195.json
[2026-02-17T12:02:38.984+0000] {logging_mixin.py:188} INFO - Downloaded MSFT/1771325206.json
[2026-02-17T12:02:39.008+0000] {logging_mixin.py:188} INFO - Downloaded MSFT/1771325216.json
[2026-02-17T12:02:39.030+0000] {logging_mixin.py:188} INFO - Downloaded MSFT/1771325226.json
[2026-02-17T12:02:39.053+0000] {logging_mixin.py:188} INFO - Downloaded MSFT/1771325237.json
[2026-02-17T12:02:39.075+0000] {logging_mixin.py:188} INFO - Downloaded MSFT/1771325248.json
[2026-02-17T12:02:39.103+0000] {logging_mixin.py:188} INFO - Downloaded MSFT/1771325258.json
[2026-02-17T12:02:39.136+0000] {logging_mixin.py:188} INFO - Downloaded MSFT/1771325270.json
[2026-02-17T12:02:39.158+0000] {logging_mixin.py:188} INFO - Downloaded MSFT/1771325280.json
[2026-02-17T12:02:39.181+0000] {logging_mixin.py:188} INFO - Downloaded MSFT/1771325290.json
[2026-02-17T12:02:39.203+0000] {logging_mixin.py:188} INFO - Downloaded MSFT/1771325301.json
[2026-02-17T12:02:39.246+0000] {logging_mixin.py:188} INFO - Downloaded MSFT/1771325335.json
[2026-02-17T12:02:39.297+0000] {logging_mixin.py:188} INFO - Downloaded MSFT/1771325345.json
[2026-02-17T12:02:39.367+0000] {logging_mixin.py:188} INFO - Downloaded MSFT/1771325355.json
[2026-02-17T12:02:39.409+0000] {logging_mixin.py:188} INFO - Downloaded MSFT/1771325366.json
[2026-02-17T12:02:39.439+0000] {logging_mixin.py:188} INFO - Downloaded MSFT/1771325376.json
[2026-02-17T12:02:39.463+0000] {logging_mixin.py:188} INFO - Downloaded MSFT/1771325386.json
[2026-02-17T12:02:39.492+0000] {logging_mixin.py:188} INFO - Downloaded MSFT/1771325398.json
[2026-02-17T12:02:39.551+0000] {logging_mixin.py:188} INFO - Downloaded MSFT/1771325409.json
[2026-02-17T12:02:39.577+0000] {logging_mixin.py:188} INFO - Downloaded MSFT/1771325420.json
[2026-02-17T12:02:39.602+0000] {logging_mixin.py:188} INFO - Downloaded MSFT/1771325432.json
[2026-02-17T12:02:39.636+0000] {logging_mixin.py:188} INFO - Downloaded MSFT/1771325444.json
[2026-02-17T12:02:39.661+0000] {logging_mixin.py:188} INFO - Downloaded MSFT/1771325455.json
[2026-02-17T12:02:39.701+0000] {logging_mixin.py:188} INFO - Downloaded MSFT/1771325465.json
[2026-02-17T12:02:39.728+0000] {logging_mixin.py:188} INFO - Downloaded MSFT/1771325475.json
[2026-02-17T12:02:39.753+0000] {logging_mixin.py:188} INFO - Downloaded MSFT/1771325486.json
[2026-02-17T12:02:39.790+0000] {logging_mixin.py:188} INFO - Downloaded MSFT/1771325497.json
[2026-02-17T12:02:39.826+0000] {logging_mixin.py:188} INFO - Downloaded MSFT/1771325508.json
[2026-02-17T12:02:39.851+0000] {logging_mixin.py:188} INFO - Downloaded MSFT/1771325518.json
[2026-02-17T12:02:39.890+0000] {logging_mixin.py:188} INFO - Downloaded MSFT/1771325529.json
[2026-02-17T12:02:39.924+0000] {logging_mixin.py:188} INFO - Downloaded MSFT/1771325539.json
[2026-02-17T12:02:39.991+0000] {logging_mixin.py:188} INFO - Downloaded MSFT/1771325550.json
[2026-02-17T12:02:40.049+0000] {logging_mixin.py:188} INFO - Downloaded MSFT/1771325560.json
[2026-02-17T12:02:40.106+0000] {logging_mixin.py:188} INFO - Downloaded MSFT/1771325570.json
[2026-02-17T12:02:40.159+0000] {logging_mixin.py:188} INFO - Downloaded MSFT/1771325580.json
[2026-02-17T12:02:40.213+0000] {logging_mixin.py:188} INFO - Downloaded MSFT/1771325590.json
[2026-02-17T12:02:40.267+0000] {logging_mixin.py:188} INFO - Downloaded MSFT/1771325601.json
[2026-02-17T12:02:40.314+0000] {logging_mixin.py:188} INFO - Downloaded MSFT/1771325613.json
[2026-02-17T12:02:40.382+0000] {logging_mixin.py:188} INFO - Downloaded MSFT/1771325624.json
[2026-02-17T12:02:40.477+0000] {logging_mixin.py:188} INFO - Downloaded MSFT/1771325634.json
[2026-02-17T12:02:40.529+0000] {logging_mixin.py:188} INFO - Downloaded MSFT/1771325645.json
[2026-02-17T12:02:40.574+0000] {logging_mixin.py:188} INFO - Downloaded MSFT/1771325656.json
[2026-02-17T12:02:40.643+0000] {logging_mixin.py:188} INFO - Downloaded MSFT/1771325666.json
[2026-02-17T12:02:40.718+0000] {logging_mixin.py:188} INFO - Downloaded MSFT/1771325677.json
[2026-02-17T12:02:40.789+0000] {logging_mixin.py:188} INFO - Downloaded MSFT/1771325687.json
[2026-02-17T12:02:40.851+0000] {logging_mixin.py:188} INFO - Downloaded MSFT/1771325698.json
[2026-02-17T12:02:40.884+0000] {logging_mixin.py:188} INFO - Downloaded MSFT/1771325708.json
[2026-02-17T12:02:40.934+0000] {logging_mixin.py:188} INFO - Downloaded MSFT/1771325719.json
[2026-02-17T12:02:40.966+0000] {logging_mixin.py:188} INFO - Downloaded MSFT/1771325730.json
[2026-02-17T12:02:41.004+0000] {logging_mixin.py:188} INFO - Downloaded MSFT/1771325740.json
[2026-02-17T12:02:41.038+0000] {logging_mixin.py:188} INFO - Downloaded MSFT/1771325751.json
[2026-02-17T12:02:41.080+0000] {logging_mixin.py:188} INFO - Downloaded MSFT/1771325777.json
[2026-02-17T12:02:41.129+0000] {logging_mixin.py:188} INFO - Downloaded MSFT/1771325788.json
[2026-02-17T12:02:41.176+0000] {logging_mixin.py:188} INFO - Downloaded MSFT/1771325801.json
[2026-02-17T12:02:41.222+0000] {logging_mixin.py:188} INFO - Downloaded MSFT/1771325811.json
[2026-02-17T12:02:41.290+0000] {logging_mixin.py:188} INFO - Downloaded MSFT/1771325821.json
[2026-02-17T12:02:41.321+0000] {logging_mixin.py:188} INFO - Downloaded MSFT/1771325831.json
[2026-02-17T12:02:41.416+0000] {logging_mixin.py:188} INFO - Downloaded MSFT/1771325841.json
[2026-02-17T12:02:41.441+0000] {logging_mixin.py:188} INFO - Downloaded MSFT/1771325853.json
[2026-02-17T12:02:41.466+0000] {logging_mixin.py:188} INFO - Downloaded MSFT/1771325864.json
[2026-02-17T12:02:41.488+0000] {logging_mixin.py:188} INFO - Downloaded MSFT/1771325875.json
[2026-02-17T12:02:41.509+0000] {logging_mixin.py:188} INFO - Downloaded MSFT/1771325887.json
[2026-02-17T12:02:41.532+0000] {logging_mixin.py:188} INFO - Downloaded MSFT/1771325899.json
[2026-02-17T12:02:41.574+0000] {logging_mixin.py:188} INFO - Downloaded MSFT/1771325911.json
[2026-02-17T12:02:41.613+0000] {logging_mixin.py:188} INFO - Downloaded MSFT/1771325922.json
[2026-02-17T12:02:41.655+0000] {logging_mixin.py:188} INFO - Downloaded MSFT/1771325933.json
[2026-02-17T12:02:41.683+0000] {logging_mixin.py:188} INFO - Downloaded MSFT/1771325945.json
[2026-02-17T12:02:41.707+0000] {logging_mixin.py:188} INFO - Downloaded MSFT/1771325956.json
[2026-02-17T12:02:41.736+0000] {logging_mixin.py:188} INFO - Downloaded MSFT/1771325970.json
[2026-02-17T12:02:41.782+0000] {logging_mixin.py:188} INFO - Downloaded MSFT/1771325981.json
[2026-02-17T12:02:41.816+0000] {logging_mixin.py:188} INFO - Downloaded MSFT/1771325992.json
[2026-02-17T12:02:41.843+0000] {logging_mixin.py:188} INFO - Downloaded MSFT/1771326003.json
[2026-02-17T12:02:41.867+0000] {logging_mixin.py:188} INFO - Downloaded MSFT/1771326013.json
[2026-02-17T12:02:42.273+0000] {logging_mixin.py:188} INFO - Downloaded MSFT/1771326024.json
[2026-02-17T12:02:42.493+0000] {logging_mixin.py:188} INFO - Downloaded MSFT/1771326035.json
[2026-02-17T12:02:42.910+0000] {logging_mixin.py:188} INFO - Downloaded MSFT/1771326045.json
[2026-02-17T12:02:43.849+0000] {logging_mixin.py:188} INFO - Downloaded MSFT/1771326055.json
[2026-02-17T12:02:44.139+0000] {logging_mixin.py:188} INFO - Downloaded MSFT/1771326065.json
[2026-02-17T12:02:44.370+0000] {logging_mixin.py:188} INFO - Downloaded MSFT/1771326075.json
[2026-02-17T12:02:44.537+0000] {logging_mixin.py:188} INFO - Downloaded MSFT/1771326085.json
[2026-02-17T12:02:44.707+0000] {logging_mixin.py:188} INFO - Downloaded MSFT/1771326096.json
[2026-02-17T12:02:45.234+0000] {logging_mixin.py:188} INFO - Downloaded MSFT/1771326108.json
[2026-02-17T12:02:45.839+0000] {logging_mixin.py:188} INFO - Downloaded MSFT/1771326123.json
[2026-02-17T12:02:45.935+0000] {logging_mixin.py:188} INFO - Downloaded MSFT/1771326136.json
[2026-02-17T12:02:45.989+0000] {logging_mixin.py:188} INFO - Downloaded MSFT/1771326146.json
[2026-02-17T12:02:46.115+0000] {logging_mixin.py:188} INFO - Downloaded MSFT/1771326158.json
[2026-02-17T12:02:46.200+0000] {logging_mixin.py:188} INFO - Downloaded MSFT/1771326169.json
[2026-02-17T12:02:46.255+0000] {logging_mixin.py:188} INFO - Downloaded MSFT/1771326180.json
[2026-02-17T12:02:46.297+0000] {logging_mixin.py:188} INFO - Downloaded MSFT/1771326191.json
[2026-02-17T12:02:46.349+0000] {logging_mixin.py:188} INFO - Downloaded MSFT/1771326202.json
[2026-02-17T12:02:46.400+0000] {logging_mixin.py:188} INFO - Downloaded MSFT/1771326212.json
[2026-02-17T12:02:46.442+0000] {logging_mixin.py:188} INFO - Downloaded MSFT/1771326222.json
[2026-02-17T12:02:46.488+0000] {logging_mixin.py:188} INFO - Downloaded MSFT/1771326232.json
[2026-02-17T12:02:46.543+0000] {logging_mixin.py:188} INFO - Downloaded MSFT/1771326243.json
[2026-02-17T12:02:46.588+0000] {logging_mixin.py:188} INFO - Downloaded MSFT/1771326252.json
[2026-02-17T12:02:46.659+0000] {logging_mixin.py:188} INFO - Downloaded MSFT/1771326263.json
[2026-02-17T12:02:46.735+0000] {logging_mixin.py:188} INFO - Downloaded MSFT/1771326273.json
[2026-02-17T12:02:46.820+0000] {logging_mixin.py:188} INFO - Downloaded MSFT/1771326283.json
[2026-02-17T12:02:46.878+0000] {logging_mixin.py:188} INFO - Downloaded MSFT/1771326294.json
[2026-02-17T12:02:46.920+0000] {logging_mixin.py:188} INFO - Downloaded MSFT/1771326310.json
[2026-02-17T12:02:46.954+0000] {logging_mixin.py:188} INFO - Downloaded MSFT/1771326321.json
[2026-02-17T12:02:46.970+0000] {logging_mixin.py:188} INFO - Downloaded MSFT/1771326332.json
[2026-02-17T12:02:46.995+0000] {logging_mixin.py:188} INFO - Downloaded MSFT/1771326348.json
[2026-02-17T12:02:47.019+0000] {logging_mixin.py:188} INFO - Downloaded MSFT/1771326359.json
[2026-02-17T12:02:47.039+0000] {logging_mixin.py:188} INFO - Downloaded MSFT/1771326371.json
[2026-02-17T12:02:47.069+0000] {logging_mixin.py:188} INFO - Downloaded MSFT/1771326382.json
[2026-02-17T12:02:47.091+0000] {logging_mixin.py:188} INFO - Downloaded MSFT/1771326392.json
[2026-02-17T12:02:47.114+0000] {logging_mixin.py:188} INFO - Downloaded MSFT/1771326402.json
[2026-02-17T12:02:47.144+0000] {logging_mixin.py:188} INFO - Downloaded MSFT/1771326412.json
[2026-02-17T12:02:47.176+0000] {logging_mixin.py:188} INFO - Downloaded MSFT/1771326423.json
[2026-02-17T12:02:47.213+0000] {logging_mixin.py:188} INFO - Downloaded MSFT/1771326433.json
[2026-02-17T12:02:47.243+0000] {logging_mixin.py:188} INFO - Downloaded MSFT/1771326443.json
[2026-02-17T12:02:47.264+0000] {logging_mixin.py:188} INFO - Downloaded MSFT/1771326453.json
[2026-02-17T12:02:47.288+0000] {logging_mixin.py:188} INFO - Downloaded MSFT/1771326464.json
[2026-02-17T12:02:47.314+0000] {logging_mixin.py:188} INFO - Downloaded MSFT/1771326474.json
[2026-02-17T12:02:47.338+0000] {logging_mixin.py:188} INFO - Downloaded MSFT/1771326484.json
[2026-02-17T12:02:47.364+0000] {logging_mixin.py:188} INFO - Downloaded MSFT/1771326494.json
[2026-02-17T12:02:47.389+0000] {logging_mixin.py:188} INFO - Downloaded MSFT/1771326505.json
[2026-02-17T12:02:47.432+0000] {logging_mixin.py:188} INFO - Downloaded MSFT/1771326515.json
[2026-02-17T12:02:47.460+0000] {logging_mixin.py:188} INFO - Downloaded MSFT/1771326526.json
[2026-02-17T12:02:47.485+0000] {logging_mixin.py:188} INFO - Downloaded MSFT/1771326535.json
[2026-02-17T12:02:47.525+0000] {logging_mixin.py:188} INFO - Downloaded MSFT/1771326546.json
[2026-02-17T12:02:47.556+0000] {logging_mixin.py:188} INFO - Downloaded MSFT/1771326556.json
[2026-02-17T12:02:47.586+0000] {logging_mixin.py:188} INFO - Downloaded MSFT/1771326567.json
[2026-02-17T12:02:47.648+0000] {logging_mixin.py:188} INFO - Downloaded MSFT/1771326576.json
[2026-02-17T12:02:47.684+0000] {logging_mixin.py:188} INFO - Downloaded MSFT/1771326586.json
[2026-02-17T12:02:47.716+0000] {logging_mixin.py:188} INFO - Downloaded MSFT/1771326596.json
[2026-02-17T12:02:47.746+0000] {logging_mixin.py:188} INFO - Downloaded MSFT/1771326606.json
[2026-02-17T12:02:47.777+0000] {logging_mixin.py:188} INFO - Downloaded MSFT/1771326616.json
[2026-02-17T12:02:47.804+0000] {logging_mixin.py:188} INFO - Downloaded MSFT/1771326627.json
[2026-02-17T12:02:47.828+0000] {logging_mixin.py:188} INFO - Downloaded MSFT/1771326637.json
[2026-02-17T12:02:47.862+0000] {logging_mixin.py:188} INFO - Downloaded MSFT/1771326647.json
[2026-02-17T12:02:47.898+0000] {logging_mixin.py:188} INFO - Downloaded MSFT/1771326657.json
[2026-02-17T12:02:47.939+0000] {logging_mixin.py:188} INFO - Downloaded MSFT/1771326667.json
[2026-02-17T12:02:47.973+0000] {logging_mixin.py:188} INFO - Downloaded MSFT/1771326678.json
[2026-02-17T12:02:48.000+0000] {logging_mixin.py:188} INFO - Downloaded MSFT/1771326688.json
[2026-02-17T12:02:48.045+0000] {logging_mixin.py:188} INFO - Downloaded MSFT/1771326698.json
[2026-02-17T12:02:48.077+0000] {logging_mixin.py:188} INFO - Downloaded MSFT/1771326708.json
[2026-02-17T12:02:48.110+0000] {logging_mixin.py:188} INFO - Downloaded MSFT/1771326719.json
[2026-02-17T12:02:48.135+0000] {logging_mixin.py:188} INFO - Downloaded MSFT/1771326729.json
[2026-02-17T12:02:48.161+0000] {logging_mixin.py:188} INFO - Downloaded MSFT/1771326739.json
[2026-02-17T12:02:48.196+0000] {logging_mixin.py:188} INFO - Downloaded MSFT/1771326749.json
[2026-02-17T12:02:48.228+0000] {logging_mixin.py:188} INFO - Downloaded MSFT/1771326759.json
[2026-02-17T12:02:48.266+0000] {logging_mixin.py:188} INFO - Downloaded MSFT/1771326770.json
[2026-02-17T12:02:48.298+0000] {logging_mixin.py:188} INFO - Downloaded MSFT/1771326780.json
[2026-02-17T12:02:48.335+0000] {logging_mixin.py:188} INFO - Downloaded MSFT/1771326790.json
[2026-02-17T12:02:48.371+0000] {logging_mixin.py:188} INFO - Downloaded MSFT/1771326800.json
[2026-02-17T12:02:48.415+0000] {logging_mixin.py:188} INFO - Downloaded MSFT/1771326810.json
[2026-02-17T12:02:48.442+0000] {logging_mixin.py:188} INFO - Downloaded MSFT/1771326820.json
[2026-02-17T12:02:48.473+0000] {logging_mixin.py:188} INFO - Downloaded MSFT/1771326831.json
[2026-02-17T12:02:48.526+0000] {logging_mixin.py:188} INFO - Downloaded MSFT/1771326841.json
[2026-02-17T12:02:48.555+0000] {logging_mixin.py:188} INFO - Downloaded MSFT/1771326851.json
[2026-02-17T12:02:48.585+0000] {logging_mixin.py:188} INFO - Downloaded MSFT/1771326861.json
[2026-02-17T12:02:48.614+0000] {logging_mixin.py:188} INFO - Downloaded MSFT/1771326871.json
[2026-02-17T12:02:48.646+0000] {logging_mixin.py:188} INFO - Downloaded MSFT/1771326882.json
[2026-02-17T12:02:48.687+0000] {logging_mixin.py:188} INFO - Downloaded MSFT/1771326892.json
[2026-02-17T12:02:48.714+0000] {logging_mixin.py:188} INFO - Downloaded MSFT/1771326902.json
[2026-02-17T12:02:48.744+0000] {logging_mixin.py:188} INFO - Downloaded MSFT/1771326913.json
[2026-02-17T12:02:48.790+0000] {logging_mixin.py:188} INFO - Downloaded MSFT/1771326924.json
[2026-02-17T12:02:48.829+0000] {logging_mixin.py:188} INFO - Downloaded MSFT/1771326935.json
[2026-02-17T12:02:48.878+0000] {logging_mixin.py:188} INFO - Downloaded MSFT/1771326946.json
[2026-02-17T12:02:48.909+0000] {logging_mixin.py:188} INFO - Downloaded MSFT/1771326956.json
[2026-02-17T12:02:48.950+0000] {logging_mixin.py:188} INFO - Downloaded MSFT/1771326966.json
[2026-02-17T12:02:48.999+0000] {logging_mixin.py:188} INFO - Downloaded MSFT/1771326977.json
[2026-02-17T12:02:49.028+0000] {logging_mixin.py:188} INFO - Downloaded MSFT/1771326987.json
[2026-02-17T12:02:49.063+0000] {logging_mixin.py:188} INFO - Downloaded MSFT/1771326997.json
[2026-02-17T12:02:49.094+0000] {logging_mixin.py:188} INFO - Downloaded MSFT/1771327009.json
[2026-02-17T12:02:49.121+0000] {logging_mixin.py:188} INFO - Downloaded MSFT/1771327019.json
[2026-02-17T12:02:49.151+0000] {logging_mixin.py:188} INFO - Downloaded MSFT/1771327029.json
[2026-02-17T12:02:49.183+0000] {logging_mixin.py:188} INFO - Downloaded MSFT/1771327040.json
[2026-02-17T12:02:49.216+0000] {logging_mixin.py:188} INFO - Downloaded MSFT/1771327050.json
[2026-02-17T12:02:49.255+0000] {logging_mixin.py:188} INFO - Downloaded MSFT/1771327060.json
[2026-02-17T12:02:49.290+0000] {logging_mixin.py:188} INFO - Downloaded MSFT/1771327083.json
[2026-02-17T12:02:49.323+0000] {logging_mixin.py:188} INFO - Downloaded MSFT/1771327099.json
[2026-02-17T12:02:49.384+0000] {logging_mixin.py:188} INFO - Downloaded MSFT/1771327115.json
[2026-02-17T12:02:49.425+0000] {logging_mixin.py:188} INFO - Downloaded MSFT/1771327128.json
[2026-02-17T12:02:49.455+0000] {logging_mixin.py:188} INFO - Downloaded MSFT/1771327139.json
[2026-02-17T12:02:49.494+0000] {logging_mixin.py:188} INFO - Downloaded MSFT/1771327149.json
[2026-02-17T12:02:49.526+0000] {logging_mixin.py:188} INFO - Downloaded MSFT/1771327159.json
[2026-02-17T12:02:49.563+0000] {logging_mixin.py:188} INFO - Downloaded MSFT/1771327169.json
[2026-02-17T12:02:49.598+0000] {logging_mixin.py:188} INFO - Downloaded MSFT/1771327179.json
[2026-02-17T12:02:49.627+0000] {logging_mixin.py:188} INFO - Downloaded MSFT/1771327189.json
[2026-02-17T12:02:49.655+0000] {logging_mixin.py:188} INFO - Downloaded MSFT/1771327199.json
[2026-02-17T12:02:49.681+0000] {logging_mixin.py:188} INFO - Downloaded MSFT/1771327210.json
[2026-02-17T12:02:49.715+0000] {logging_mixin.py:188} INFO - Downloaded MSFT/1771327221.json
[2026-02-17T12:02:49.749+0000] {logging_mixin.py:188} INFO - Downloaded MSFT/1771327231.json
[2026-02-17T12:02:49.781+0000] {logging_mixin.py:188} INFO - Downloaded MSFT/1771327241.json
[2026-02-17T12:02:49.812+0000] {logging_mixin.py:188} INFO - Downloaded MSFT/1771327253.json
[2026-02-17T12:02:49.836+0000] {logging_mixin.py:188} INFO - Downloaded MSFT/1771327263.json
[2026-02-17T12:02:49.866+0000] {logging_mixin.py:188} INFO - Downloaded MSFT/1771327273.json
[2026-02-17T12:02:49.907+0000] {logging_mixin.py:188} INFO - Downloaded MSFT/1771327283.json
[2026-02-17T12:02:49.957+0000] {logging_mixin.py:188} INFO - Downloaded MSFT/1771327293.json
[2026-02-17T12:02:49.992+0000] {logging_mixin.py:188} INFO - Downloaded MSFT/1771327303.json
[2026-02-17T12:02:50.026+0000] {logging_mixin.py:188} INFO - Downloaded MSFT/1771327314.json
[2026-02-17T12:02:50.058+0000] {logging_mixin.py:188} INFO - Downloaded MSFT/1771327324.json
[2026-02-17T12:02:50.096+0000] {logging_mixin.py:188} INFO - Downloaded MSFT/1771327335.json
[2026-02-17T12:02:50.130+0000] {logging_mixin.py:188} INFO - Downloaded MSFT/1771327345.json
[2026-02-17T12:02:50.162+0000] {logging_mixin.py:188} INFO - Downloaded MSFT/1771327355.json
[2026-02-17T12:02:50.208+0000] {logging_mixin.py:188} INFO - Downloaded MSFT/1771327365.json
[2026-02-17T12:02:50.275+0000] {logging_mixin.py:188} INFO - Downloaded MSFT/1771327375.json
[2026-02-17T12:02:50.347+0000] {logging_mixin.py:188} INFO - Downloaded MSFT/1771327385.json
[2026-02-17T12:02:50.388+0000] {logging_mixin.py:188} INFO - Downloaded MSFT/1771327396.json
[2026-02-17T12:02:50.424+0000] {logging_mixin.py:188} INFO - Downloaded MSFT/1771327407.json
[2026-02-17T12:02:50.474+0000] {logging_mixin.py:188} INFO - Downloaded MSFT/1771327418.json
[2026-02-17T12:02:50.531+0000] {logging_mixin.py:188} INFO - Downloaded MSFT/1771327428.json
[2026-02-17T12:02:50.568+0000] {logging_mixin.py:188} INFO - Downloaded MSFT/1771327438.json
[2026-02-17T12:02:50.634+0000] {logging_mixin.py:188} INFO - Downloaded MSFT/1771327448.json
[2026-02-17T12:02:50.672+0000] {logging_mixin.py:188} INFO - Downloaded MSFT/1771327458.json
[2026-02-17T12:02:50.703+0000] {logging_mixin.py:188} INFO - Downloaded MSFT/1771327469.json
[2026-02-17T12:02:50.734+0000] {logging_mixin.py:188} INFO - Downloaded MSFT/1771327479.json
[2026-02-17T12:02:50.764+0000] {logging_mixin.py:188} INFO - Downloaded MSFT/1771327490.json
[2026-02-17T12:02:50.802+0000] {logging_mixin.py:188} INFO - Downloaded MSFT/1771327500.json
[2026-02-17T12:02:50.836+0000] {logging_mixin.py:188} INFO - Downloaded MSFT/1771327511.json
[2026-02-17T12:02:50.864+0000] {logging_mixin.py:188} INFO - Downloaded MSFT/1771327522.json
[2026-02-17T12:02:50.914+0000] {logging_mixin.py:188} INFO - Downloaded MSFT/1771327532.json
[2026-02-17T12:02:50.976+0000] {logging_mixin.py:188} INFO - Downloaded MSFT/1771327542.json
[2026-02-17T12:02:51.016+0000] {logging_mixin.py:188} INFO - Downloaded MSFT/1771327553.json
[2026-02-17T12:02:51.043+0000] {logging_mixin.py:188} INFO - Downloaded MSFT/1771327563.json
[2026-02-17T12:02:51.073+0000] {logging_mixin.py:188} INFO - Downloaded MSFT/1771327575.json
[2026-02-17T12:02:51.101+0000] {logging_mixin.py:188} INFO - Downloaded MSFT/1771327587.json
[2026-02-17T12:02:51.125+0000] {logging_mixin.py:188} INFO - Downloaded MSFT/1771327598.json
[2026-02-17T12:02:51.155+0000] {logging_mixin.py:188} INFO - Downloaded MSFT/1771327608.json
[2026-02-17T12:02:51.205+0000] {logging_mixin.py:188} INFO - Downloaded MSFT/1771327618.json
[2026-02-17T12:02:51.238+0000] {logging_mixin.py:188} INFO - Downloaded MSFT/1771327629.json
[2026-02-17T12:02:51.305+0000] {logging_mixin.py:188} INFO - Downloaded MSFT/1771327639.json
[2026-02-17T12:02:51.360+0000] {logging_mixin.py:188} INFO - Downloaded MSFT/1771327649.json
[2026-02-17T12:02:51.444+0000] {logging_mixin.py:188} INFO - Downloaded MSFT/1771327659.json
[2026-02-17T12:02:51.499+0000] {logging_mixin.py:188} INFO - Downloaded MSFT/1771327669.json
[2026-02-17T12:02:51.563+0000] {logging_mixin.py:188} INFO - Downloaded MSFT/1771327679.json
[2026-02-17T12:02:51.649+0000] {logging_mixin.py:188} INFO - Downloaded MSFT/1771327690.json
[2026-02-17T12:02:51.735+0000] {logging_mixin.py:188} INFO - Downloaded MSFT/1771327700.json
[2026-02-17T12:02:51.848+0000] {logging_mixin.py:188} INFO - Downloaded MSFT/1771327710.json
[2026-02-17T12:02:51.899+0000] {logging_mixin.py:188} INFO - Downloaded MSFT/1771327720.json
[2026-02-17T12:02:51.933+0000] {logging_mixin.py:188} INFO - Downloaded MSFT/1771327730.json
[2026-02-17T12:02:51.975+0000] {logging_mixin.py:188} INFO - Downloaded MSFT/1771327741.json
[2026-02-17T12:02:52.004+0000] {logging_mixin.py:188} INFO - Downloaded MSFT/1771327751.json
[2026-02-17T12:02:52.039+0000] {logging_mixin.py:188} INFO - Downloaded MSFT/1771327762.json
[2026-02-17T12:02:52.077+0000] {logging_mixin.py:188} INFO - Downloaded MSFT/1771327772.json
[2026-02-17T12:02:52.111+0000] {logging_mixin.py:188} INFO - Downloaded MSFT/1771327783.json
[2026-02-17T12:02:52.146+0000] {logging_mixin.py:188} INFO - Downloaded MSFT/1771327793.json
[2026-02-17T12:02:52.190+0000] {logging_mixin.py:188} INFO - Downloaded MSFT/1771327803.json
[2026-02-17T12:02:52.224+0000] {logging_mixin.py:188} INFO - Downloaded MSFT/1771327814.json
[2026-02-17T12:02:52.273+0000] {logging_mixin.py:188} INFO - Downloaded MSFT/1771327824.json
[2026-02-17T12:02:52.315+0000] {logging_mixin.py:188} INFO - Downloaded MSFT/1771327834.json
[2026-02-17T12:02:52.352+0000] {logging_mixin.py:188} INFO - Downloaded MSFT/1771327845.json
[2026-02-17T12:02:52.417+0000] {logging_mixin.py:188} INFO - Downloaded MSFT/1771327855.json
[2026-02-17T12:02:52.547+0000] {logging_mixin.py:188} INFO - Downloaded MSFT/1771327866.json
[2026-02-17T12:02:52.595+0000] {logging_mixin.py:188} INFO - Downloaded MSFT/1771327877.json
[2026-02-17T12:02:52.640+0000] {logging_mixin.py:188} INFO - Downloaded MSFT/1771327888.json
[2026-02-17T12:02:52.702+0000] {logging_mixin.py:188} INFO - Downloaded MSFT/1771327898.json
[2026-02-17T12:02:52.751+0000] {logging_mixin.py:188} INFO - Downloaded MSFT/1771327908.json
[2026-02-17T12:02:52.792+0000] {logging_mixin.py:188} INFO - Downloaded MSFT/1771327919.json
[2026-02-17T12:02:52.839+0000] {logging_mixin.py:188} INFO - Downloaded MSFT/1771327929.json
[2026-02-17T12:02:52.884+0000] {logging_mixin.py:188} INFO - Downloaded MSFT/1771327939.json
[2026-02-17T12:02:52.916+0000] {logging_mixin.py:188} INFO - Downloaded MSFT/1771327949.json
[2026-02-17T12:02:52.950+0000] {logging_mixin.py:188} INFO - Downloaded MSFT/1771327959.json
[2026-02-17T12:02:52.995+0000] {logging_mixin.py:188} INFO - Downloaded MSFT/1771327970.json
[2026-02-17T12:02:53.069+0000] {logging_mixin.py:188} INFO - Downloaded MSFT/1771327980.json
[2026-02-17T12:02:53.111+0000] {logging_mixin.py:188} INFO - Downloaded MSFT/1771327991.json
[2026-02-17T12:02:53.161+0000] {logging_mixin.py:188} INFO - Downloaded MSFT/1771328001.json
[2026-02-17T12:02:53.230+0000] {logging_mixin.py:188} INFO - Downloaded MSFT/1771328011.json
[2026-02-17T12:02:53.280+0000] {logging_mixin.py:188} INFO - Downloaded MSFT/1771328021.json
[2026-02-17T12:03:03.237+0000] {logging_mixin.py:188} INFO - Downloaded MSFT/1771328031.json
[2026-02-17T12:03:21.053+0000] {logging_mixin.py:188} INFO - Downloaded MSFT/1771328041.json
[2026-02-17T12:03:21.121+0000] {logging_mixin.py:188} INFO - Downloaded MSFT/1771328052.json
[2026-02-17T12:03:21.181+0000] {logging_mixin.py:188} INFO - Downloaded MSFT/1771328062.json
[2026-02-17T12:03:21.238+0000] {logging_mixin.py:188} INFO - Downloaded MSFT/1771328072.json
[2026-02-17T12:03:21.285+0000] {logging_mixin.py:188} INFO - Downloaded MSFT/1771328082.json
[2026-02-17T12:03:21.351+0000] {logging_mixin.py:188} INFO - Downloaded MSFT/1771328093.json
[2026-02-17T12:03:21.402+0000] {logging_mixin.py:188} INFO - Downloaded MSFT/1771328105.json
[2026-02-17T12:03:21.449+0000] {logging_mixin.py:188} INFO - Downloaded MSFT/1771328117.json
[2026-02-17T12:03:21.510+0000] {logging_mixin.py:188} INFO - Downloaded MSFT/1771328128.json
[2026-02-17T12:03:21.634+0000] {logging_mixin.py:188} INFO - Downloaded MSFT/1771328139.json
[2026-02-17T12:03:21.785+0000] {logging_mixin.py:188} INFO - Downloaded MSFT/1771328151.json
[2026-02-17T12:03:21.875+0000] {logging_mixin.py:188} INFO - Downloaded MSFT/1771328162.json
[2026-02-17T12:03:21.934+0000] {logging_mixin.py:188} INFO - Downloaded MSFT/1771328186.json
[2026-02-17T12:03:22.001+0000] {logging_mixin.py:188} INFO - Downloaded MSFT/1771328210.json
[2026-02-17T12:03:22.036+0000] {logging_mixin.py:188} INFO - Downloaded MSFT/1771328221.json
[2026-02-17T12:03:22.084+0000] {logging_mixin.py:188} INFO - Downloaded MSFT/1771328231.json
[2026-02-17T12:03:22.144+0000] {logging_mixin.py:188} INFO - Downloaded MSFT/1771328241.json
[2026-02-17T12:03:22.191+0000] {logging_mixin.py:188} INFO - Downloaded MSFT/1771328252.json
[2026-02-17T12:03:22.234+0000] {logging_mixin.py:188} INFO - Downloaded MSFT/1771328262.json
[2026-02-17T12:03:22.268+0000] {logging_mixin.py:188} INFO - Downloaded MSFT/1771328273.json
[2026-02-17T12:03:22.300+0000] {logging_mixin.py:188} INFO - Downloaded MSFT/1771328284.json
[2026-02-17T12:03:22.325+0000] {logging_mixin.py:188} INFO - Downloaded MSFT/1771328294.json
[2026-02-17T12:03:22.362+0000] {logging_mixin.py:188} INFO - Downloaded MSFT/1771328305.json
[2026-02-17T12:03:22.400+0000] {logging_mixin.py:188} INFO - Downloaded MSFT/1771328315.json
[2026-02-17T12:03:22.452+0000] {logging_mixin.py:188} INFO - Downloaded MSFT/1771328325.json
[2026-02-17T12:03:22.492+0000] {logging_mixin.py:188} INFO - Downloaded MSFT/1771328335.json
[2026-02-17T12:03:22.529+0000] {logging_mixin.py:188} INFO - Downloaded MSFT/1771328346.json
[2026-02-17T12:03:22.582+0000] {logging_mixin.py:188} INFO - Downloaded MSFT/1771328358.json
[2026-02-17T12:03:22.635+0000] {logging_mixin.py:188} INFO - Downloaded MSFT/1771328374.json
[2026-02-17T12:03:22.678+0000] {logging_mixin.py:188} INFO - Downloaded MSFT/1771328385.json
[2026-02-17T12:03:22.707+0000] {logging_mixin.py:188} INFO - Downloaded MSFT/1771328397.json
[2026-02-17T12:03:22.736+0000] {logging_mixin.py:188} INFO - Downloaded MSFT/1771328408.json
[2026-02-17T12:03:22.777+0000] {logging_mixin.py:188} INFO - Downloaded MSFT/1771328418.json
[2026-02-17T12:03:22.826+0000] {logging_mixin.py:188} INFO - Downloaded MSFT/1771328436.json
[2026-02-17T12:03:22.866+0000] {logging_mixin.py:188} INFO - Downloaded MSFT/1771328518.json
[2026-02-17T12:03:22.898+0000] {logging_mixin.py:188} INFO - Downloaded MSFT/1771328529.json
[2026-02-17T12:03:22.925+0000] {logging_mixin.py:188} INFO - Downloaded MSFT/1771328540.json
[2026-02-17T12:03:22.957+0000] {logging_mixin.py:188} INFO - Downloaded MSFT/1771328728.json
[2026-02-17T12:03:22.989+0000] {logging_mixin.py:188} INFO - Downloaded MSFT/1771328740.json
[2026-02-17T12:03:23.029+0000] {logging_mixin.py:188} INFO - Downloaded MSFT/1771328750.json
[2026-02-17T12:03:23.102+0000] {logging_mixin.py:188} INFO - Downloaded MSFT/1771328760.json
[2026-02-17T12:03:23.158+0000] {logging_mixin.py:188} INFO - Downloaded MSFT/1771328771.json
[2026-02-17T12:03:23.228+0000] {logging_mixin.py:188} INFO - Downloaded MSFT/1771328782.json
[2026-02-17T12:03:23.285+0000] {logging_mixin.py:188} INFO - Downloaded MSFT/1771328792.json
[2026-02-17T12:03:23.338+0000] {logging_mixin.py:188} INFO - Downloaded MSFT/1771328802.json
[2026-02-17T12:03:23.374+0000] {logging_mixin.py:188} INFO - Downloaded MSFT/1771328812.json
[2026-02-17T12:03:23.423+0000] {logging_mixin.py:188} INFO - Downloaded MSFT/1771328822.json
[2026-02-17T12:03:23.473+0000] {logging_mixin.py:188} INFO - Downloaded MSFT/1771328833.json
[2026-02-17T12:03:23.542+0000] {logging_mixin.py:188} INFO - Downloaded MSFT/1771328844.json
[2026-02-17T12:03:23.578+0000] {logging_mixin.py:188} INFO - Downloaded MSFT/1771328854.json
[2026-02-17T12:03:23.630+0000] {logging_mixin.py:188} INFO - Downloaded MSFT/1771328866.json
[2026-02-17T12:03:23.682+0000] {logging_mixin.py:188} INFO - Downloaded MSFT/1771328877.json
[2026-02-17T12:03:23.718+0000] {logging_mixin.py:188} INFO - Downloaded MSFT/1771328888.json
[2026-02-17T12:03:23.759+0000] {logging_mixin.py:188} INFO - Downloaded MSFT/1771328899.json
[2026-02-17T12:03:23.806+0000] {logging_mixin.py:188} INFO - Downloaded MSFT/1771328929.json
[2026-02-17T12:03:23.843+0000] {logging_mixin.py:188} INFO - Downloaded MSFT/1771328939.json
[2026-02-17T12:03:23.906+0000] {logging_mixin.py:188} INFO - Downloaded MSFT/1771328949.json
[2026-02-17T12:03:23.972+0000] {logging_mixin.py:188} INFO - Downloaded MSFT/1771328960.json
[2026-02-17T12:03:24.076+0000] {logging_mixin.py:188} INFO - Downloaded MSFT/1771328975.json
[2026-02-17T12:03:24.197+0000] {logging_mixin.py:188} INFO - Downloaded MSFT/1771328985.json
[2026-02-17T12:03:24.288+0000] {logging_mixin.py:188} INFO - Downloaded MSFT/1771328995.json
[2026-02-17T12:03:24.430+0000] {logging_mixin.py:188} INFO - Downloaded MSFT/1771329006.json
[2026-02-17T12:03:24.511+0000] {logging_mixin.py:188} INFO - Downloaded MSFT/1771329020.json
[2026-02-17T12:03:24.606+0000] {logging_mixin.py:188} INFO - Downloaded MSFT/1771329030.json
[2026-02-17T12:03:24.713+0000] {logging_mixin.py:188} INFO - Downloaded MSFT/1771329041.json
[2026-02-17T12:03:24.758+0000] {logging_mixin.py:188} INFO - Downloaded MSFT/1771329082.json
[2026-02-17T12:03:24.825+0000] {logging_mixin.py:188} INFO - Downloaded MSFT/1771329094.json
[2026-02-17T12:03:24.877+0000] {logging_mixin.py:188} INFO - Downloaded MSFT/1771329105.json
[2026-02-17T12:03:24.977+0000] {logging_mixin.py:188} INFO - Downloaded MSFT/1771329131.json
[2026-02-17T12:03:25.071+0000] {logging_mixin.py:188} INFO - Downloaded MSFT/1771329143.json
[2026-02-17T12:03:25.199+0000] {logging_mixin.py:188} INFO - Downloaded MSFT/1771329154.json
[2026-02-17T12:03:25.287+0000] {logging_mixin.py:188} INFO - Downloaded MSFT/1771329165.json
[2026-02-17T12:03:25.363+0000] {logging_mixin.py:188} INFO - Downloaded MSFT/1771329178.json
[2026-02-17T12:03:25.434+0000] {logging_mixin.py:188} INFO - Downloaded MSFT/1771329188.json
[2026-02-17T12:03:25.501+0000] {logging_mixin.py:188} INFO - Downloaded MSFT/1771329199.json
[2026-02-17T12:03:25.564+0000] {logging_mixin.py:188} INFO - Downloaded MSFT/1771329211.json
[2026-02-17T12:03:25.667+0000] {logging_mixin.py:188} INFO - Downloaded MSFT/1771329221.json
[2026-02-17T12:03:25.755+0000] {logging_mixin.py:188} INFO - Downloaded MSFT/1771329232.json
[2026-02-17T12:03:25.880+0000] {logging_mixin.py:188} INFO - Downloaded MSFT/1771329242.json
[2026-02-17T12:03:26.102+0000] {logging_mixin.py:188} INFO - Downloaded MSFT/1771329252.json
[2026-02-17T12:03:26.223+0000] {logging_mixin.py:188} INFO - Downloaded MSFT/1771329263.json
[2026-02-17T12:03:26.345+0000] {logging_mixin.py:188} INFO - Downloaded MSFT/1771329273.json
[2026-02-17T12:03:26.437+0000] {logging_mixin.py:188} INFO - Downloaded MSFT/1771329283.json
[2026-02-17T12:03:26.538+0000] {logging_mixin.py:188} INFO - Downloaded MSFT/1771329293.json
[2026-02-17T12:03:26.599+0000] {logging_mixin.py:188} INFO - Downloaded MSFT/1771329304.json
[2026-02-17T12:03:26.681+0000] {logging_mixin.py:188} INFO - Downloaded MSFT/1771329314.json
[2026-02-17T12:03:26.746+0000] {logging_mixin.py:188} INFO - Downloaded MSFT/1771329324.json
[2026-02-17T12:03:26.808+0000] {logging_mixin.py:188} INFO - Downloaded MSFT/1771329335.json
[2026-02-17T12:03:26.850+0000] {logging_mixin.py:188} INFO - Downloaded MSFT/1771329345.json
[2026-02-17T12:03:26.903+0000] {logging_mixin.py:188} INFO - Downloaded MSFT/1771329355.json
[2026-02-17T12:03:26.947+0000] {logging_mixin.py:188} INFO - Downloaded MSFT/1771329366.json
[2026-02-17T12:03:27.019+0000] {logging_mixin.py:188} INFO - Downloaded MSFT/1771329376.json
[2026-02-17T12:03:27.091+0000] {logging_mixin.py:188} INFO - Downloaded MSFT/1771329386.json
[2026-02-17T12:03:27.168+0000] {logging_mixin.py:188} INFO - Downloaded MSFT/1771329396.json
[2026-02-17T12:03:27.236+0000] {logging_mixin.py:188} INFO - Downloaded MSFT/1771329407.json
[2026-02-17T12:03:27.307+0000] {logging_mixin.py:188} INFO - Downloaded MSFT/1771329417.json
[2026-02-17T12:03:27.424+0000] {logging_mixin.py:188} INFO - Downloaded MSFT/1771329427.json
[2026-02-17T12:03:27.496+0000] {logging_mixin.py:188} INFO - Downloaded MSFT/1771329436.json
[2026-02-17T12:03:27.570+0000] {logging_mixin.py:188} INFO - Downloaded MSFT/1771329446.json
[2026-02-17T12:03:27.679+0000] {logging_mixin.py:188} INFO - Downloaded MSFT/1771329457.json
[2026-02-17T12:03:27.789+0000] {logging_mixin.py:188} INFO - Downloaded MSFT/1771329468.json
[2026-02-17T12:03:27.852+0000] {logging_mixin.py:188} INFO - Downloaded MSFT/1771329478.json
[2026-02-17T12:03:27.972+0000] {logging_mixin.py:188} INFO - Downloaded MSFT/1771329488.json
[2026-02-17T12:03:28.064+0000] {logging_mixin.py:188} INFO - Downloaded MSFT/1771329499.json
[2026-02-17T12:03:28.123+0000] {logging_mixin.py:188} INFO - Downloaded MSFT/1771329510.json
[2026-02-17T12:03:28.182+0000] {logging_mixin.py:188} INFO - Downloaded MSFT/1771329520.json
[2026-02-17T12:03:28.274+0000] {logging_mixin.py:188} INFO - Downloaded MSFT/1771329536.json
[2026-02-17T12:03:28.359+0000] {logging_mixin.py:188} INFO - Downloaded MSFT/1771329549.json
[2026-02-17T12:03:28.423+0000] {logging_mixin.py:188} INFO - Downloaded MSFT/1771329559.json
[2026-02-17T12:03:28.508+0000] {logging_mixin.py:188} INFO - Downloaded MSFT/1771329569.json
[2026-02-17T12:03:28.562+0000] {logging_mixin.py:188} INFO - Downloaded MSFT/1771329579.json
[2026-02-17T12:03:28.611+0000] {logging_mixin.py:188} INFO - Downloaded MSFT/1771329589.json
[2026-02-17T12:03:28.716+0000] {logging_mixin.py:188} INFO - Downloaded MSFT/1771329599.json
[2026-02-17T12:03:28.811+0000] {logging_mixin.py:188} INFO - Downloaded MSFT/1771329611.json
[2026-02-17T12:03:28.995+0000] {logging_mixin.py:188} INFO - Downloaded MSFT/1771329622.json
[2026-02-17T12:03:29.167+0000] {logging_mixin.py:188} INFO - Downloaded MSFT/1771329632.json
[2026-02-17T12:03:29.240+0000] {logging_mixin.py:188} INFO - Downloaded MSFT/1771329664.json
[2026-02-17T12:03:29.319+0000] {logging_mixin.py:188} INFO - Downloaded MSFT/1771329697.json
[2026-02-17T12:03:29.394+0000] {logging_mixin.py:188} INFO - Downloaded MSFT/1771329708.json
[2026-02-17T12:03:29.480+0000] {logging_mixin.py:188} INFO - Downloaded MSFT/1771329718.json
[2026-02-17T12:03:29.555+0000] {logging_mixin.py:188} INFO - Downloaded MSFT/1771329729.json
[2026-02-17T12:03:29.646+0000] {logging_mixin.py:188} INFO - Downloaded MSFT/1771329740.json
[2026-02-17T12:03:29.809+0000] {logging_mixin.py:188} INFO - Downloaded TSLA/1771324935.json
[2026-02-17T12:03:29.893+0000] {logging_mixin.py:188} INFO - Downloaded TSLA/1771324946.json
[2026-02-17T12:03:30.001+0000] {logging_mixin.py:188} INFO - Downloaded TSLA/1771324956.json
[2026-02-17T12:03:30.113+0000] {logging_mixin.py:188} INFO - Downloaded TSLA/1771324967.json
[2026-02-17T12:03:30.219+0000] {logging_mixin.py:188} INFO - Downloaded TSLA/1771324977.json
[2026-02-17T12:03:30.328+0000] {logging_mixin.py:188} INFO - Downloaded TSLA/1771324988.json
[2026-02-17T12:03:30.449+0000] {logging_mixin.py:188} INFO - Downloaded TSLA/1771324999.json
[2026-02-17T12:03:30.553+0000] {logging_mixin.py:188} INFO - Downloaded TSLA/1771325009.json
[2026-02-17T12:03:30.626+0000] {logging_mixin.py:188} INFO - Downloaded TSLA/1771325020.json
[2026-02-17T12:03:30.710+0000] {logging_mixin.py:188} INFO - Downloaded TSLA/1771325030.json
[2026-02-17T12:03:30.771+0000] {logging_mixin.py:188} INFO - Downloaded TSLA/1771325041.json
[2026-02-17T12:03:30.830+0000] {logging_mixin.py:188} INFO - Downloaded TSLA/1771325051.json
[2026-02-17T12:03:30.881+0000] {logging_mixin.py:188} INFO - Downloaded TSLA/1771325062.json
[2026-02-17T12:03:30.920+0000] {logging_mixin.py:188} INFO - Downloaded TSLA/1771325072.json
[2026-02-17T12:03:30.959+0000] {logging_mixin.py:188} INFO - Downloaded TSLA/1771325082.json
[2026-02-17T12:03:30.993+0000] {logging_mixin.py:188} INFO - Downloaded TSLA/1771325093.json
[2026-02-17T12:03:31.037+0000] {logging_mixin.py:188} INFO - Downloaded TSLA/1771325104.json
[2026-02-17T12:03:31.083+0000] {logging_mixin.py:188} INFO - Downloaded TSLA/1771325114.json
[2026-02-17T12:03:31.122+0000] {logging_mixin.py:188} INFO - Downloaded TSLA/1771325124.json
[2026-02-17T12:03:31.183+0000] {logging_mixin.py:188} INFO - Downloaded TSLA/1771325135.json
[2026-02-17T12:03:31.224+0000] {logging_mixin.py:188} INFO - Downloaded TSLA/1771325145.json
[2026-02-17T12:03:31.258+0000] {logging_mixin.py:188} INFO - Downloaded TSLA/1771325156.json
[2026-02-17T12:03:31.295+0000] {logging_mixin.py:188} INFO - Downloaded TSLA/1771325166.json
[2026-02-17T12:03:31.328+0000] {logging_mixin.py:188} INFO - Downloaded TSLA/1771325176.json
[2026-02-17T12:03:31.360+0000] {logging_mixin.py:188} INFO - Downloaded TSLA/1771325187.json
[2026-02-17T12:03:31.393+0000] {logging_mixin.py:188} INFO - Downloaded TSLA/1771325197.json
[2026-02-17T12:03:31.426+0000] {logging_mixin.py:188} INFO - Downloaded TSLA/1771325208.json
[2026-02-17T12:03:31.462+0000] {logging_mixin.py:188} INFO - Downloaded TSLA/1771325218.json
[2026-02-17T12:03:31.501+0000] {logging_mixin.py:188} INFO - Downloaded TSLA/1771325228.json
[2026-02-17T12:03:31.551+0000] {logging_mixin.py:188} INFO - Downloaded TSLA/1771325239.json
[2026-02-17T12:03:31.603+0000] {logging_mixin.py:188} INFO - Downloaded TSLA/1771325249.json
[2026-02-17T12:03:31.692+0000] {logging_mixin.py:188} INFO - Downloaded TSLA/1771325261.json
[2026-02-17T12:03:31.773+0000] {logging_mixin.py:188} INFO - Downloaded TSLA/1771325271.json
[2026-02-17T12:03:31.838+0000] {logging_mixin.py:188} INFO - Downloaded TSLA/1771325282.json
[2026-02-17T12:03:31.881+0000] {logging_mixin.py:188} INFO - Downloaded TSLA/1771325292.json
[2026-02-17T12:03:31.927+0000] {logging_mixin.py:188} INFO - Downloaded TSLA/1771325336.json
[2026-02-17T12:03:31.961+0000] {logging_mixin.py:188} INFO - Downloaded TSLA/1771325347.json
[2026-02-17T12:03:31.986+0000] {logging_mixin.py:188} INFO - Downloaded TSLA/1771325357.json
[2026-02-17T12:03:32.019+0000] {logging_mixin.py:188} INFO - Downloaded TSLA/1771325367.json
[2026-02-17T12:03:32.054+0000] {logging_mixin.py:188} INFO - Downloaded TSLA/1771325377.json
[2026-02-17T12:03:32.097+0000] {logging_mixin.py:188} INFO - Downloaded TSLA/1771325388.json
[2026-02-17T12:03:32.125+0000] {logging_mixin.py:188} INFO - Downloaded TSLA/1771325400.json
[2026-02-17T12:03:32.158+0000] {logging_mixin.py:188} INFO - Downloaded TSLA/1771325411.json
[2026-02-17T12:03:32.194+0000] {logging_mixin.py:188} INFO - Downloaded TSLA/1771325423.json
[2026-02-17T12:03:32.240+0000] {logging_mixin.py:188} INFO - Downloaded TSLA/1771325434.json
[2026-02-17T12:03:32.275+0000] {logging_mixin.py:188} INFO - Downloaded TSLA/1771325446.json
[2026-02-17T12:03:32.320+0000] {logging_mixin.py:188} INFO - Downloaded TSLA/1771325456.json
[2026-02-17T12:03:32.360+0000] {logging_mixin.py:188} INFO - Downloaded TSLA/1771325467.json
[2026-02-17T12:03:32.407+0000] {logging_mixin.py:188} INFO - Downloaded TSLA/1771325477.json
[2026-02-17T12:03:32.446+0000] {logging_mixin.py:188} INFO - Downloaded TSLA/1771325488.json
[2026-02-17T12:03:32.483+0000] {logging_mixin.py:188} INFO - Downloaded TSLA/1771325499.json
[2026-02-17T12:03:32.513+0000] {logging_mixin.py:188} INFO - Downloaded TSLA/1771325509.json
[2026-02-17T12:03:32.551+0000] {logging_mixin.py:188} INFO - Downloaded TSLA/1771325520.json
[2026-02-17T12:03:32.610+0000] {logging_mixin.py:188} INFO - Downloaded TSLA/1771325531.json
[2026-02-17T12:03:32.644+0000] {logging_mixin.py:188} INFO - Downloaded TSLA/1771325541.json
[2026-02-17T12:03:32.681+0000] {logging_mixin.py:188} INFO - Downloaded TSLA/1771325552.json
[2026-02-17T12:03:32.719+0000] {logging_mixin.py:188} INFO - Downloaded TSLA/1771325561.json
[2026-02-17T12:03:32.775+0000] {logging_mixin.py:188} INFO - Downloaded TSLA/1771325572.json
[2026-02-17T12:03:32.835+0000] {logging_mixin.py:188} INFO - Downloaded TSLA/1771325582.json
[2026-02-17T12:03:32.892+0000] {logging_mixin.py:188} INFO - Downloaded TSLA/1771325592.json
[2026-02-17T12:03:32.961+0000] {logging_mixin.py:188} INFO - Downloaded TSLA/1771325604.json
[2026-02-17T12:03:33.017+0000] {logging_mixin.py:188} INFO - Downloaded TSLA/1771325615.json
[2026-02-17T12:03:33.082+0000] {logging_mixin.py:188} INFO - Downloaded TSLA/1771325625.json
[2026-02-17T12:03:33.265+0000] {logging_mixin.py:188} INFO - Downloaded TSLA/1771325637.json
[2026-02-17T12:03:33.513+0000] {logging_mixin.py:188} INFO - Downloaded TSLA/1771325647.json
[2026-02-17T12:03:33.712+0000] {logging_mixin.py:188} INFO - Downloaded TSLA/1771325658.json
[2026-02-17T12:03:33.781+0000] {logging_mixin.py:188} INFO - Downloaded TSLA/1771325668.json
[2026-02-17T12:03:33.825+0000] {logging_mixin.py:188} INFO - Downloaded TSLA/1771325678.json
[2026-02-17T12:03:33.880+0000] {logging_mixin.py:188} INFO - Downloaded TSLA/1771325690.json
[2026-02-17T12:03:33.949+0000] {logging_mixin.py:188} INFO - Downloaded TSLA/1771325700.json
[2026-02-17T12:03:33.998+0000] {logging_mixin.py:188} INFO - Downloaded TSLA/1771325710.json
[2026-02-17T12:03:34.042+0000] {logging_mixin.py:188} INFO - Downloaded TSLA/1771325721.json
[2026-02-17T12:03:34.100+0000] {logging_mixin.py:188} INFO - Downloaded TSLA/1771325731.json
[2026-02-17T12:03:34.152+0000] {logging_mixin.py:188} INFO - Downloaded TSLA/1771325742.json
[2026-02-17T12:03:34.255+0000] {logging_mixin.py:188} INFO - Downloaded TSLA/1771325752.json
[2026-02-17T12:03:34.323+0000] {logging_mixin.py:188} INFO - Downloaded TSLA/1771325767.json
[2026-02-17T12:03:34.382+0000] {logging_mixin.py:188} INFO - Downloaded TSLA/1771325779.json
[2026-02-17T12:03:34.464+0000] {logging_mixin.py:188} INFO - Downloaded TSLA/1771325791.json
[2026-02-17T12:03:34.527+0000] {logging_mixin.py:188} INFO - Downloaded TSLA/1771325802.json
[2026-02-17T12:03:34.570+0000] {logging_mixin.py:188} INFO - Downloaded TSLA/1771325812.json
[2026-02-17T12:03:34.626+0000] {logging_mixin.py:188} INFO - Downloaded TSLA/1771325823.json
[2026-02-17T12:03:34.699+0000] {logging_mixin.py:188} INFO - Downloaded TSLA/1771325833.json
[2026-02-17T12:03:34.752+0000] {logging_mixin.py:188} INFO - Downloaded TSLA/1771325843.json
[2026-02-17T12:03:34.795+0000] {logging_mixin.py:188} INFO - Downloaded TSLA/1771325856.json
[2026-02-17T12:03:34.838+0000] {logging_mixin.py:188} INFO - Downloaded TSLA/1771325866.json
[2026-02-17T12:03:34.876+0000] {logging_mixin.py:188} INFO - Downloaded TSLA/1771325877.json
[2026-02-17T12:03:34.912+0000] {logging_mixin.py:188} INFO - Downloaded TSLA/1771325890.json
[2026-02-17T12:03:34.959+0000] {logging_mixin.py:188} INFO - Downloaded TSLA/1771325900.json
[2026-02-17T12:03:35.010+0000] {logging_mixin.py:188} INFO - Downloaded TSLA/1771325913.json
[2026-02-17T12:03:35.063+0000] {logging_mixin.py:188} INFO - Downloaded TSLA/1771325925.json
[2026-02-17T12:03:35.100+0000] {logging_mixin.py:188} INFO - Downloaded TSLA/1771325936.json
[2026-02-17T12:03:35.147+0000] {logging_mixin.py:188} INFO - Downloaded TSLA/1771325947.json
[2026-02-17T12:03:35.182+0000] {logging_mixin.py:188} INFO - Downloaded TSLA/1771325960.json
[2026-02-17T12:03:35.231+0000] {logging_mixin.py:188} INFO - Downloaded TSLA/1771325972.json
[2026-02-17T12:03:35.312+0000] {logging_mixin.py:188} INFO - Downloaded TSLA/1771325984.json
[2026-02-17T12:03:35.365+0000] {logging_mixin.py:188} INFO - Downloaded TSLA/1771325994.json
[2026-02-17T12:03:35.413+0000] {logging_mixin.py:188} INFO - Downloaded TSLA/1771326004.json
[2026-02-17T12:03:35.448+0000] {logging_mixin.py:188} INFO - Downloaded TSLA/1771326015.json
[2026-02-17T12:03:35.500+0000] {logging_mixin.py:188} INFO - Downloaded TSLA/1771326026.json
[2026-02-17T12:03:35.543+0000] {logging_mixin.py:188} INFO - Downloaded TSLA/1771326036.json
[2026-02-17T12:03:35.602+0000] {logging_mixin.py:188} INFO - Downloaded TSLA/1771326046.json
[2026-02-17T12:03:35.671+0000] {logging_mixin.py:188} INFO - Downloaded TSLA/1771326056.json
[2026-02-17T12:03:35.729+0000] {logging_mixin.py:188} INFO - Downloaded TSLA/1771326066.json
[2026-02-17T12:03:35.783+0000] {logging_mixin.py:188} INFO - Downloaded TSLA/1771326077.json
[2026-02-17T12:03:35.844+0000] {logging_mixin.py:188} INFO - Downloaded TSLA/1771326086.json
[2026-02-17T12:03:35.912+0000] {logging_mixin.py:188} INFO - Downloaded TSLA/1771326100.json
[2026-02-17T12:03:36.009+0000] {logging_mixin.py:188} INFO - Downloaded TSLA/1771326112.json
[2026-02-17T12:03:36.173+0000] {logging_mixin.py:188} INFO - Downloaded TSLA/1771326126.json
[2026-02-17T12:03:36.253+0000] {logging_mixin.py:188} INFO - Downloaded TSLA/1771326138.json
[2026-02-17T12:03:36.343+0000] {logging_mixin.py:188} INFO - Downloaded TSLA/1771326148.json
[2026-02-17T12:03:36.424+0000] {logging_mixin.py:188} INFO - Downloaded TSLA/1771326160.json
[2026-02-17T12:03:36.501+0000] {logging_mixin.py:188} INFO - Downloaded TSLA/1771326171.json
[2026-02-17T12:03:36.624+0000] {logging_mixin.py:188} INFO - Downloaded TSLA/1771326182.json
[2026-02-17T12:03:36.672+0000] {logging_mixin.py:188} INFO - Downloaded TSLA/1771326193.json
[2026-02-17T12:03:36.725+0000] {logging_mixin.py:188} INFO - Downloaded TSLA/1771326204.json
[2026-02-17T12:03:36.782+0000] {logging_mixin.py:188} INFO - Downloaded TSLA/1771326214.json
[2026-02-17T12:03:36.856+0000] {logging_mixin.py:188} INFO - Downloaded TSLA/1771326224.json
[2026-02-17T12:03:36.926+0000] {logging_mixin.py:188} INFO - Downloaded TSLA/1771326234.json
[2026-02-17T12:03:36.987+0000] {logging_mixin.py:188} INFO - Downloaded TSLA/1771326244.json
[2026-02-17T12:03:37.034+0000] {logging_mixin.py:188} INFO - Downloaded TSLA/1771326254.json
[2026-02-17T12:03:37.136+0000] {logging_mixin.py:188} INFO - Downloaded TSLA/1771326264.json
[2026-02-17T12:03:37.243+0000] {logging_mixin.py:188} INFO - Downloaded TSLA/1771326275.json
[2026-02-17T12:03:37.300+0000] {logging_mixin.py:188} INFO - Downloaded TSLA/1771326285.json
[2026-02-17T12:03:37.354+0000] {logging_mixin.py:188} INFO - Downloaded TSLA/1771326299.json
[2026-02-17T12:03:37.433+0000] {logging_mixin.py:188} INFO - Downloaded TSLA/1771326313.json
[2026-02-17T12:03:37.507+0000] {logging_mixin.py:188} INFO - Downloaded TSLA/1771326323.json
[2026-02-17T12:03:37.632+0000] {logging_mixin.py:188} INFO - Downloaded TSLA/1771326334.json
[2026-02-17T12:03:37.682+0000] {logging_mixin.py:188} INFO - Downloaded TSLA/1771326350.json
[2026-02-17T12:03:37.767+0000] {logging_mixin.py:188} INFO - Downloaded TSLA/1771326361.json
[2026-02-17T12:03:37.821+0000] {logging_mixin.py:188} INFO - Downloaded TSLA/1771326373.json
[2026-02-17T12:03:37.879+0000] {logging_mixin.py:188} INFO - Downloaded TSLA/1771326384.json
[2026-02-17T12:03:37.914+0000] {logging_mixin.py:188} INFO - Downloaded TSLA/1771326394.json
[2026-02-17T12:03:37.952+0000] {logging_mixin.py:188} INFO - Downloaded TSLA/1771326404.json
[2026-02-17T12:03:38.004+0000] {logging_mixin.py:188} INFO - Downloaded TSLA/1771326414.json
[2026-02-17T12:03:38.056+0000] {logging_mixin.py:188} INFO - Downloaded TSLA/1771326424.json
[2026-02-17T12:03:38.107+0000] {logging_mixin.py:188} INFO - Downloaded TSLA/1771326435.json
[2026-02-17T12:03:38.142+0000] {logging_mixin.py:188} INFO - Downloaded TSLA/1771326445.json
[2026-02-17T12:03:38.183+0000] {logging_mixin.py:188} INFO - Downloaded TSLA/1771326455.json
[2026-02-17T12:03:38.250+0000] {logging_mixin.py:188} INFO - Downloaded TSLA/1771326466.json
[2026-02-17T12:03:38.318+0000] {logging_mixin.py:188} INFO - Downloaded TSLA/1771326476.json
[2026-02-17T12:03:38.414+0000] {logging_mixin.py:188} INFO - Downloaded TSLA/1771326485.json
[2026-02-17T12:03:38.460+0000] {logging_mixin.py:188} INFO - Downloaded TSLA/1771326496.json
[2026-02-17T12:03:38.595+0000] {logging_mixin.py:188} INFO - Downloaded TSLA/1771326507.json
[2026-02-17T12:03:38.662+0000] {logging_mixin.py:188} INFO - Downloaded TSLA/1771326517.json
[2026-02-17T12:03:38.736+0000] {logging_mixin.py:188} INFO - Downloaded TSLA/1771326527.json
[2026-02-17T12:03:38.806+0000] {logging_mixin.py:188} INFO - Downloaded TSLA/1771326537.json
[2026-02-17T12:03:38.873+0000] {logging_mixin.py:188} INFO - Downloaded TSLA/1771326547.json
[2026-02-17T12:03:38.932+0000] {logging_mixin.py:188} INFO - Downloaded TSLA/1771326558.json
[2026-02-17T12:03:38.984+0000] {logging_mixin.py:188} INFO - Downloaded TSLA/1771326568.json
[2026-02-17T12:03:39.064+0000] {logging_mixin.py:188} INFO - Downloaded TSLA/1771326578.json
[2026-02-17T12:03:39.118+0000] {logging_mixin.py:188} INFO - Downloaded TSLA/1771326587.json
[2026-02-17T12:03:39.211+0000] {logging_mixin.py:188} INFO - Downloaded TSLA/1771326598.json
[2026-02-17T12:03:39.256+0000] {logging_mixin.py:188} INFO - Downloaded TSLA/1771326608.json
[2026-02-17T12:03:39.328+0000] {logging_mixin.py:188} INFO - Downloaded TSLA/1771326618.json
[2026-02-17T12:03:39.410+0000] {logging_mixin.py:188} INFO - Downloaded TSLA/1771326628.json
[2026-02-17T12:03:39.464+0000] {logging_mixin.py:188} INFO - Downloaded TSLA/1771326638.json
[2026-02-17T12:03:39.539+0000] {logging_mixin.py:188} INFO - Downloaded TSLA/1771326648.json
[2026-02-17T12:03:39.589+0000] {logging_mixin.py:188} INFO - Downloaded TSLA/1771326659.json
[2026-02-17T12:03:39.656+0000] {logging_mixin.py:188} INFO - Downloaded TSLA/1771326669.json
[2026-02-17T12:03:39.730+0000] {logging_mixin.py:188} INFO - Downloaded TSLA/1771326679.json
[2026-02-17T12:03:39.821+0000] {logging_mixin.py:188} INFO - Downloaded TSLA/1771326689.json
[2026-02-17T12:03:39.886+0000] {logging_mixin.py:188} INFO - Downloaded TSLA/1771326700.json
[2026-02-17T12:03:40.004+0000] {logging_mixin.py:188} INFO - Downloaded TSLA/1771326710.json
[2026-02-17T12:03:40.078+0000] {logging_mixin.py:188} INFO - Downloaded TSLA/1771326720.json
[2026-02-17T12:03:40.143+0000] {logging_mixin.py:188} INFO - Downloaded TSLA/1771326730.json
[2026-02-17T12:03:40.243+0000] {logging_mixin.py:188} INFO - Downloaded TSLA/1771326740.json
[2026-02-17T12:03:40.325+0000] {logging_mixin.py:188} INFO - Downloaded TSLA/1771326751.json
[2026-02-17T12:03:40.461+0000] {logging_mixin.py:188} INFO - Downloaded TSLA/1771326761.json
[2026-02-17T12:03:40.512+0000] {logging_mixin.py:188} INFO - Downloaded TSLA/1771326771.json
[2026-02-17T12:03:40.592+0000] {logging_mixin.py:188} INFO - Downloaded TSLA/1771326782.json
[2026-02-17T12:03:40.649+0000] {logging_mixin.py:188} INFO - Downloaded TSLA/1771326792.json
[2026-02-17T12:03:40.732+0000] {logging_mixin.py:188} INFO - Downloaded TSLA/1771326802.json
[2026-02-17T12:03:40.803+0000] {logging_mixin.py:188} INFO - Downloaded TSLA/1771326812.json
[2026-02-17T12:03:40.840+0000] {logging_mixin.py:188} INFO - Downloaded TSLA/1771326822.json
[2026-02-17T12:03:40.895+0000] {logging_mixin.py:188} INFO - Downloaded TSLA/1771326833.json
[2026-02-17T12:03:40.953+0000] {logging_mixin.py:188} INFO - Downloaded TSLA/1771326843.json
[2026-02-17T12:03:40.999+0000] {logging_mixin.py:188} INFO - Downloaded TSLA/1771326853.json
[2026-02-17T12:03:41.051+0000] {logging_mixin.py:188} INFO - Downloaded TSLA/1771326863.json
[2026-02-17T12:03:41.138+0000] {logging_mixin.py:188} INFO - Downloaded TSLA/1771326873.json
[2026-02-17T12:03:41.209+0000] {logging_mixin.py:188} INFO - Downloaded TSLA/1771326884.json
[2026-02-17T12:03:41.289+0000] {logging_mixin.py:188} INFO - Downloaded TSLA/1771326894.json
[2026-02-17T12:03:41.367+0000] {logging_mixin.py:188} INFO - Downloaded TSLA/1771326904.json
[2026-02-17T12:03:41.471+0000] {logging_mixin.py:188} INFO - Downloaded TSLA/1771326914.json
[2026-02-17T12:03:41.534+0000] {logging_mixin.py:188} INFO - Downloaded TSLA/1771326926.json
[2026-02-17T12:03:41.640+0000] {logging_mixin.py:188} INFO - Downloaded TSLA/1771326937.json
[2026-02-17T12:03:41.706+0000] {logging_mixin.py:188} INFO - Downloaded TSLA/1771326948.json
[2026-02-17T12:03:41.762+0000] {logging_mixin.py:188} INFO - Downloaded TSLA/1771326958.json
[2026-02-17T12:03:41.835+0000] {logging_mixin.py:188} INFO - Downloaded TSLA/1771326968.json
[2026-02-17T12:03:41.885+0000] {logging_mixin.py:188} INFO - Downloaded TSLA/1771326979.json
[2026-02-17T12:03:41.931+0000] {logging_mixin.py:188} INFO - Downloaded TSLA/1771326989.json
[2026-02-17T12:03:42.032+0000] {logging_mixin.py:188} INFO - Downloaded TSLA/1771327000.json
[2026-02-17T12:03:42.085+0000] {logging_mixin.py:188} INFO - Downloaded TSLA/1771327010.json
[2026-02-17T12:03:42.121+0000] {logging_mixin.py:188} INFO - Downloaded TSLA/1771327021.json
[2026-02-17T12:03:42.166+0000] {logging_mixin.py:188} INFO - Downloaded TSLA/1771327031.json
[2026-02-17T12:03:42.208+0000] {logging_mixin.py:188} INFO - Downloaded TSLA/1771327042.json
[2026-02-17T12:03:42.248+0000] {logging_mixin.py:188} INFO - Downloaded TSLA/1771327052.json
[2026-02-17T12:03:42.287+0000] {logging_mixin.py:188} INFO - Downloaded TSLA/1771327066.json
[2026-02-17T12:03:42.341+0000] {logging_mixin.py:188} INFO - Downloaded TSLA/1771327088.json
[2026-02-17T12:03:42.404+0000] {logging_mixin.py:188} INFO - Downloaded TSLA/1771327103.json
[2026-02-17T12:03:42.434+0000] {logging_mixin.py:188} INFO - Downloaded TSLA/1771327117.json
[2026-02-17T12:03:42.483+0000] {logging_mixin.py:188} INFO - Downloaded TSLA/1771327130.json
[2026-02-17T12:03:42.596+0000] {logging_mixin.py:188} INFO - Downloaded TSLA/1771327140.json
[2026-02-17T12:03:42.644+0000] {logging_mixin.py:188} INFO - Downloaded TSLA/1771327151.json
[2026-02-17T12:03:42.684+0000] {logging_mixin.py:188} INFO - Downloaded TSLA/1771327161.json
[2026-02-17T12:03:42.734+0000] {logging_mixin.py:188} INFO - Downloaded TSLA/1771327171.json
[2026-02-17T12:03:42.775+0000] {logging_mixin.py:188} INFO - Downloaded TSLA/1771327181.json
[2026-02-17T12:03:42.844+0000] {logging_mixin.py:188} INFO - Downloaded TSLA/1771327191.json
[2026-02-17T12:03:42.911+0000] {logging_mixin.py:188} INFO - Downloaded TSLA/1771327201.json
[2026-02-17T12:03:42.939+0000] {logging_mixin.py:188} INFO - Downloaded TSLA/1771327212.json
[2026-02-17T12:03:42.979+0000] {logging_mixin.py:188} INFO - Downloaded TSLA/1771327223.json
[2026-02-17T12:03:43.014+0000] {logging_mixin.py:188} INFO - Downloaded TSLA/1771327233.json
[2026-02-17T12:03:43.049+0000] {logging_mixin.py:188} INFO - Downloaded TSLA/1771327244.json
[2026-02-17T12:03:43.084+0000] {logging_mixin.py:188} INFO - Downloaded TSLA/1771327255.json
[2026-02-17T12:03:43.120+0000] {logging_mixin.py:188} INFO - Downloaded TSLA/1771327265.json
[2026-02-17T12:03:43.157+0000] {logging_mixin.py:188} INFO - Downloaded TSLA/1771327275.json
[2026-02-17T12:03:43.204+0000] {logging_mixin.py:188} INFO - Downloaded TSLA/1771327285.json
[2026-02-17T12:03:43.244+0000] {logging_mixin.py:188} INFO - Downloaded TSLA/1771327295.json
[2026-02-17T12:03:43.293+0000] {logging_mixin.py:188} INFO - Downloaded TSLA/1771327305.json
[2026-02-17T12:03:43.329+0000] {logging_mixin.py:188} INFO - Downloaded TSLA/1771327316.json
[2026-02-17T12:03:43.365+0000] {logging_mixin.py:188} INFO - Downloaded TSLA/1771327326.json
[2026-02-17T12:03:43.410+0000] {logging_mixin.py:188} INFO - Downloaded TSLA/1771327337.json
[2026-02-17T12:03:43.462+0000] {logging_mixin.py:188} INFO - Downloaded TSLA/1771327347.json
[2026-02-17T12:03:43.527+0000] {logging_mixin.py:188} INFO - Downloaded TSLA/1771327357.json
[2026-02-17T12:03:43.591+0000] {logging_mixin.py:188} INFO - Downloaded TSLA/1771327366.json
[2026-02-17T12:03:43.645+0000] {logging_mixin.py:188} INFO - Downloaded TSLA/1771327377.json
[2026-02-17T12:03:43.694+0000] {logging_mixin.py:188} INFO - Downloaded TSLA/1771327387.json
[2026-02-17T12:03:43.732+0000] {logging_mixin.py:188} INFO - Downloaded TSLA/1771327398.json
[2026-02-17T12:03:43.819+0000] {logging_mixin.py:188} INFO - Downloaded TSLA/1771327408.json
[2026-02-17T12:03:43.893+0000] {logging_mixin.py:188} INFO - Downloaded TSLA/1771327419.json
[2026-02-17T12:03:43.954+0000] {logging_mixin.py:188} INFO - Downloaded TSLA/1771327429.json
[2026-02-17T12:03:44.007+0000] {logging_mixin.py:188} INFO - Downloaded TSLA/1771327440.json
[2026-02-17T12:03:44.091+0000] {logging_mixin.py:188} INFO - Downloaded TSLA/1771327450.json
[2026-02-17T12:03:44.136+0000] {logging_mixin.py:188} INFO - Downloaded TSLA/1771327460.json
[2026-02-17T12:03:44.181+0000] {logging_mixin.py:188} INFO - Downloaded TSLA/1771327471.json
[2026-02-17T12:03:44.234+0000] {logging_mixin.py:188} INFO - Downloaded TSLA/1771327481.json
[2026-02-17T12:03:44.270+0000] {logging_mixin.py:188} INFO - Downloaded TSLA/1771327492.json
[2026-02-17T12:03:44.308+0000] {logging_mixin.py:188} INFO - Downloaded TSLA/1771327502.json
[2026-02-17T12:03:44.371+0000] {logging_mixin.py:188} INFO - Downloaded TSLA/1771327513.json
[2026-02-17T12:03:44.418+0000] {logging_mixin.py:188} INFO - Downloaded TSLA/1771327523.json
[2026-02-17T12:03:44.454+0000] {logging_mixin.py:188} INFO - Downloaded TSLA/1771327534.json
[2026-02-17T12:03:44.485+0000] {logging_mixin.py:188} INFO - Downloaded TSLA/1771327544.json
[2026-02-17T12:03:44.520+0000] {logging_mixin.py:188} INFO - Downloaded TSLA/1771327554.json
[2026-02-17T12:03:44.569+0000] {logging_mixin.py:188} INFO - Downloaded TSLA/1771327565.json
[2026-02-17T12:03:44.628+0000] {logging_mixin.py:188} INFO - Downloaded TSLA/1771327577.json
[2026-02-17T12:03:44.693+0000] {logging_mixin.py:188} INFO - Downloaded TSLA/1771327589.json
[2026-02-17T12:03:44.733+0000] {logging_mixin.py:188} INFO - Downloaded TSLA/1771327599.json
[2026-02-17T12:03:44.778+0000] {logging_mixin.py:188} INFO - Downloaded TSLA/1771327610.json
[2026-02-17T12:03:44.811+0000] {logging_mixin.py:188} INFO - Downloaded TSLA/1771327620.json
[2026-02-17T12:03:44.845+0000] {logging_mixin.py:188} INFO - Downloaded TSLA/1771327630.json
[2026-02-17T12:03:44.905+0000] {logging_mixin.py:188} INFO - Downloaded TSLA/1771327640.json
[2026-02-17T12:03:44.972+0000] {logging_mixin.py:188} INFO - Downloaded TSLA/1771327650.json
[2026-02-17T12:03:45.015+0000] {logging_mixin.py:188} INFO - Downloaded TSLA/1771327660.json
[2026-02-17T12:03:45.236+0000] {logging_mixin.py:188} INFO - Downloaded TSLA/1771327670.json
[2026-02-17T12:03:45.331+0000] {logging_mixin.py:188} INFO - Downloaded TSLA/1771327681.json
[2026-02-17T12:03:45.436+0000] {logging_mixin.py:188} INFO - Downloaded TSLA/1771327692.json
[2026-02-17T12:03:45.514+0000] {logging_mixin.py:188} INFO - Downloaded TSLA/1771327702.json
[2026-02-17T12:03:45.571+0000] {logging_mixin.py:188} INFO - Downloaded TSLA/1771327712.json
[2026-02-17T12:03:45.617+0000] {logging_mixin.py:188} INFO - Downloaded TSLA/1771327722.json
[2026-02-17T12:03:45.655+0000] {logging_mixin.py:188} INFO - Downloaded TSLA/1771327732.json
[2026-02-17T12:03:45.701+0000] {logging_mixin.py:188} INFO - Downloaded TSLA/1771327742.json
[2026-02-17T12:03:45.745+0000] {logging_mixin.py:188} INFO - Downloaded TSLA/1771327753.json
[2026-02-17T12:03:45.851+0000] {logging_mixin.py:188} INFO - Downloaded TSLA/1771327763.json
[2026-02-17T12:03:45.909+0000] {logging_mixin.py:188} INFO - Downloaded TSLA/1771327773.json
[2026-02-17T12:03:45.952+0000] {logging_mixin.py:188} INFO - Downloaded TSLA/1771327785.json
[2026-02-17T12:03:46.013+0000] {logging_mixin.py:188} INFO - Downloaded TSLA/1771327795.json
[2026-02-17T12:03:46.048+0000] {logging_mixin.py:188} INFO - Downloaded TSLA/1771327805.json
[2026-02-17T12:03:46.085+0000] {logging_mixin.py:188} INFO - Downloaded TSLA/1771327815.json
[2026-02-17T12:03:46.132+0000] {logging_mixin.py:188} INFO - Downloaded TSLA/1771327825.json
[2026-02-17T12:03:46.188+0000] {logging_mixin.py:188} INFO - Downloaded TSLA/1771327836.json
[2026-02-17T12:03:46.286+0000] {logging_mixin.py:188} INFO - Downloaded TSLA/1771327846.json
[2026-02-17T12:03:46.334+0000] {logging_mixin.py:188} INFO - Downloaded TSLA/1771327857.json
[2026-02-17T12:03:46.391+0000] {logging_mixin.py:188} INFO - Downloaded TSLA/1771327868.json
[2026-02-17T12:03:46.461+0000] {logging_mixin.py:188} INFO - Downloaded TSLA/1771327878.json
[2026-02-17T12:03:46.496+0000] {logging_mixin.py:188} INFO - Downloaded TSLA/1771327890.json
[2026-02-17T12:03:46.545+0000] {logging_mixin.py:188} INFO - Downloaded TSLA/1771327900.json
[2026-02-17T12:03:46.600+0000] {logging_mixin.py:188} INFO - Downloaded TSLA/1771327910.json
[2026-02-17T12:03:46.648+0000] {logging_mixin.py:188} INFO - Downloaded TSLA/1771327920.json
[2026-02-17T12:03:46.704+0000] {logging_mixin.py:188} INFO - Downloaded TSLA/1771327930.json
[2026-02-17T12:03:46.745+0000] {logging_mixin.py:188} INFO - Downloaded TSLA/1771327941.json
[2026-02-17T12:03:46.789+0000] {logging_mixin.py:188} INFO - Downloaded TSLA/1771327951.json
[2026-02-17T12:03:46.839+0000] {logging_mixin.py:188} INFO - Downloaded TSLA/1771327961.json
[2026-02-17T12:03:46.873+0000] {logging_mixin.py:188} INFO - Downloaded TSLA/1771327972.json
[2026-02-17T12:03:46.901+0000] {logging_mixin.py:188} INFO - Downloaded TSLA/1771327982.json
[2026-02-17T12:03:46.939+0000] {logging_mixin.py:188} INFO - Downloaded TSLA/1771327992.json
[2026-02-17T12:03:46.966+0000] {logging_mixin.py:188} INFO - Downloaded TSLA/1771328003.json
[2026-02-17T12:03:46.994+0000] {logging_mixin.py:188} INFO - Downloaded TSLA/1771328012.json
[2026-02-17T12:03:47.033+0000] {logging_mixin.py:188} INFO - Downloaded TSLA/1771328022.json
[2026-02-17T12:03:47.067+0000] {logging_mixin.py:188} INFO - Downloaded TSLA/1771328033.json
[2026-02-17T12:03:47.098+0000] {logging_mixin.py:188} INFO - Downloaded TSLA/1771328043.json
[2026-02-17T12:03:47.133+0000] {logging_mixin.py:188} INFO - Downloaded TSLA/1771328053.json
[2026-02-17T12:03:47.166+0000] {logging_mixin.py:188} INFO - Downloaded TSLA/1771328063.json
[2026-02-17T12:03:47.213+0000] {logging_mixin.py:188} INFO - Downloaded TSLA/1771328074.json
[2026-02-17T12:03:47.298+0000] {logging_mixin.py:188} INFO - Downloaded TSLA/1771328084.json
[2026-02-17T12:03:47.332+0000] {logging_mixin.py:188} INFO - Downloaded TSLA/1771328095.json
[2026-02-17T12:03:47.380+0000] {logging_mixin.py:188} INFO - Downloaded TSLA/1771328108.json
[2026-02-17T12:03:47.413+0000] {logging_mixin.py:188} INFO - Downloaded TSLA/1771328119.json
[2026-02-17T12:03:47.486+0000] {logging_mixin.py:188} INFO - Downloaded TSLA/1771328130.json
[2026-02-17T12:03:47.572+0000] {logging_mixin.py:188} INFO - Downloaded TSLA/1771328142.json
[2026-02-17T12:03:47.660+0000] {logging_mixin.py:188} INFO - Downloaded TSLA/1771328152.json
[2026-02-17T12:03:47.713+0000] {logging_mixin.py:188} INFO - Downloaded TSLA/1771328164.json
[2026-02-17T12:03:47.799+0000] {logging_mixin.py:188} INFO - Downloaded TSLA/1771328192.json
[2026-02-17T12:03:47.868+0000] {logging_mixin.py:188} INFO - Downloaded TSLA/1771328212.json
[2026-02-17T12:03:47.928+0000] {logging_mixin.py:188} INFO - Downloaded TSLA/1771328222.json
[2026-02-17T12:03:48.021+0000] {logging_mixin.py:188} INFO - Downloaded TSLA/1771328233.json
[2026-02-17T12:03:48.091+0000] {logging_mixin.py:188} INFO - Downloaded TSLA/1771328243.json
[2026-02-17T12:03:48.149+0000] {logging_mixin.py:188} INFO - Downloaded TSLA/1771328253.json
[2026-02-17T12:03:48.196+0000] {logging_mixin.py:188} INFO - Downloaded TSLA/1771328264.json
[2026-02-17T12:03:48.242+0000] {logging_mixin.py:188} INFO - Downloaded TSLA/1771328275.json
[2026-02-17T12:03:48.278+0000] {logging_mixin.py:188} INFO - Downloaded TSLA/1771328286.json
[2026-02-17T12:03:48.332+0000] {logging_mixin.py:188} INFO - Downloaded TSLA/1771328296.json
[2026-02-17T12:03:48.373+0000] {logging_mixin.py:188} INFO - Downloaded TSLA/1771328306.json
[2026-02-17T12:03:48.410+0000] {logging_mixin.py:188} INFO - Downloaded TSLA/1771328317.json
[2026-02-17T12:03:48.446+0000] {logging_mixin.py:188} INFO - Downloaded TSLA/1771328327.json
[2026-02-17T12:03:48.501+0000] {logging_mixin.py:188} INFO - Downloaded TSLA/1771328337.json
[2026-02-17T12:03:48.542+0000] {logging_mixin.py:188} INFO - Downloaded TSLA/1771328347.json
[2026-02-17T12:03:48.578+0000] {logging_mixin.py:188} INFO - Downloaded TSLA/1771328360.json
[2026-02-17T12:03:48.616+0000] {logging_mixin.py:188} INFO - Downloaded TSLA/1771328376.json
[2026-02-17T12:03:48.736+0000] {logging_mixin.py:188} INFO - Downloaded TSLA/1771328388.json
[2026-02-17T12:03:48.777+0000] {logging_mixin.py:188} INFO - Downloaded TSLA/1771328398.json
[2026-02-17T12:03:48.840+0000] {logging_mixin.py:188} INFO - Downloaded TSLA/1771328409.json
[2026-02-17T12:03:48.926+0000] {logging_mixin.py:188} INFO - Downloaded TSLA/1771328420.json
[2026-02-17T12:03:49.006+0000] {logging_mixin.py:188} INFO - Downloaded TSLA/1771328463.json
[2026-02-17T12:03:49.071+0000] {logging_mixin.py:188} INFO - Downloaded TSLA/1771328520.json
[2026-02-17T12:03:49.120+0000] {logging_mixin.py:188} INFO - Downloaded TSLA/1771328531.json
[2026-02-17T12:03:49.163+0000] {logging_mixin.py:188} INFO - Downloaded TSLA/1771328603.json
[2026-02-17T12:03:49.216+0000] {logging_mixin.py:188} INFO - Downloaded TSLA/1771328730.json
[2026-02-17T12:03:49.264+0000] {logging_mixin.py:188} INFO - Downloaded TSLA/1771328741.json
[2026-02-17T12:03:49.327+0000] {logging_mixin.py:188} INFO - Downloaded TSLA/1771328751.json
[2026-02-17T12:03:49.361+0000] {logging_mixin.py:188} INFO - Downloaded TSLA/1771328763.json
[2026-02-17T12:03:49.405+0000] {logging_mixin.py:188} INFO - Downloaded TSLA/1771328773.json
[2026-02-17T12:03:49.483+0000] {logging_mixin.py:188} INFO - Downloaded TSLA/1771328783.json
[2026-02-17T12:03:49.550+0000] {logging_mixin.py:188} INFO - Downloaded TSLA/1771328794.json
[2026-02-17T12:03:49.591+0000] {logging_mixin.py:188} INFO - Downloaded TSLA/1771328804.json
[2026-02-17T12:03:49.635+0000] {logging_mixin.py:188} INFO - Downloaded TSLA/1771328814.json
[2026-02-17T12:03:49.716+0000] {logging_mixin.py:188} INFO - Downloaded TSLA/1771328824.json
[2026-02-17T12:03:49.768+0000] {logging_mixin.py:188} INFO - Downloaded TSLA/1771328835.json
[2026-02-17T12:03:49.808+0000] {logging_mixin.py:188} INFO - Downloaded TSLA/1771328845.json
[2026-02-17T12:03:49.861+0000] {logging_mixin.py:188} INFO - Downloaded TSLA/1771328857.json
[2026-02-17T12:03:49.895+0000] {logging_mixin.py:188} INFO - Downloaded TSLA/1771328868.json
[2026-02-17T12:03:49.936+0000] {logging_mixin.py:188} INFO - Downloaded TSLA/1771328879.json
[2026-02-17T12:03:49.970+0000] {logging_mixin.py:188} INFO - Downloaded TSLA/1771328890.json
[2026-02-17T12:03:50.022+0000] {logging_mixin.py:188} INFO - Downloaded TSLA/1771328900.json
[2026-02-17T12:03:50.079+0000] {logging_mixin.py:188} INFO - Downloaded TSLA/1771328930.json
[2026-02-17T12:03:50.123+0000] {logging_mixin.py:188} INFO - Downloaded TSLA/1771328941.json
[2026-02-17T12:03:50.194+0000] {logging_mixin.py:188} INFO - Downloaded TSLA/1771328951.json
[2026-02-17T12:03:50.270+0000] {logging_mixin.py:188} INFO - Downloaded TSLA/1771328962.json
[2026-02-17T12:03:50.332+0000] {logging_mixin.py:188} INFO - Downloaded TSLA/1771328977.json
[2026-02-17T12:03:50.392+0000] {logging_mixin.py:188} INFO - Downloaded TSLA/1771328987.json
[2026-02-17T12:03:50.479+0000] {logging_mixin.py:188} INFO - Downloaded TSLA/1771328997.json
[2026-02-17T12:03:50.540+0000] {logging_mixin.py:188} INFO - Downloaded TSLA/1771329008.json
[2026-02-17T12:03:50.607+0000] {logging_mixin.py:188} INFO - Downloaded TSLA/1771329021.json
[2026-02-17T12:03:50.663+0000] {logging_mixin.py:188} INFO - Downloaded TSLA/1771329032.json
[2026-02-17T12:03:50.708+0000] {logging_mixin.py:188} INFO - Downloaded TSLA/1771329043.json
[2026-02-17T12:03:50.766+0000] {logging_mixin.py:188} INFO - Downloaded TSLA/1771329085.json
[2026-02-17T12:03:50.811+0000] {logging_mixin.py:188} INFO - Downloaded TSLA/1771329096.json
[2026-02-17T12:03:50.862+0000] {logging_mixin.py:188} INFO - Downloaded TSLA/1771329107.json
[2026-02-17T12:03:50.902+0000] {logging_mixin.py:188} INFO - Downloaded TSLA/1771329134.json
[2026-02-17T12:03:50.953+0000] {logging_mixin.py:188} INFO - Downloaded TSLA/1771329145.json
[2026-02-17T12:03:50.985+0000] {logging_mixin.py:188} INFO - Downloaded TSLA/1771329156.json
[2026-02-17T12:03:51.030+0000] {logging_mixin.py:188} INFO - Downloaded TSLA/1771329169.json
[2026-02-17T12:03:51.070+0000] {logging_mixin.py:188} INFO - Downloaded TSLA/1771329179.json
[2026-02-17T12:03:51.113+0000] {logging_mixin.py:188} INFO - Downloaded TSLA/1771329190.json
[2026-02-17T12:03:51.162+0000] {logging_mixin.py:188} INFO - Downloaded TSLA/1771329202.json
[2026-02-17T12:03:51.200+0000] {logging_mixin.py:188} INFO - Downloaded TSLA/1771329213.json
[2026-02-17T12:03:51.267+0000] {logging_mixin.py:188} INFO - Downloaded TSLA/1771329223.json
[2026-02-17T12:03:51.313+0000] {logging_mixin.py:188} INFO - Downloaded TSLA/1771329233.json
[2026-02-17T12:03:51.362+0000] {logging_mixin.py:188} INFO - Downloaded TSLA/1771329244.json
[2026-02-17T12:03:51.396+0000] {logging_mixin.py:188} INFO - Downloaded TSLA/1771329254.json
[2026-02-17T12:03:51.480+0000] {logging_mixin.py:188} INFO - Downloaded TSLA/1771329265.json
[2026-02-17T12:03:51.524+0000] {logging_mixin.py:188} INFO - Downloaded TSLA/1771329275.json
[2026-02-17T12:03:51.579+0000] {logging_mixin.py:188} INFO - Downloaded TSLA/1771329285.json
[2026-02-17T12:03:51.660+0000] {logging_mixin.py:188} INFO - Downloaded TSLA/1771329295.json
[2026-02-17T12:03:51.709+0000] {logging_mixin.py:188} INFO - Downloaded TSLA/1771329305.json
[2026-02-17T12:03:51.765+0000] {logging_mixin.py:188} INFO - Downloaded TSLA/1771329316.json
[2026-02-17T12:03:53.047+0000] {logging_mixin.py:188} INFO - Downloaded TSLA/1771329326.json
[2026-02-17T12:03:53.136+0000] {logging_mixin.py:188} INFO - Downloaded TSLA/1771329336.json
[2026-02-17T12:03:53.181+0000] {logging_mixin.py:188} INFO - Downloaded TSLA/1771329347.json
[2026-02-17T12:03:53.272+0000] {logging_mixin.py:188} INFO - Downloaded TSLA/1771329357.json
[2026-02-17T12:03:53.340+0000] {logging_mixin.py:188} INFO - Downloaded TSLA/1771329367.json
[2026-02-17T12:03:53.440+0000] {logging_mixin.py:188} INFO - Downloaded TSLA/1771329378.json
[2026-02-17T12:03:53.499+0000] {logging_mixin.py:188} INFO - Downloaded TSLA/1771329388.json
[2026-02-17T12:03:54.169+0000] {logging_mixin.py:188} INFO - Downloaded TSLA/1771329398.json
[2026-02-17T12:03:54.250+0000] {logging_mixin.py:188} INFO - Downloaded TSLA/1771329409.json
[2026-02-17T12:03:54.343+0000] {logging_mixin.py:188} INFO - Downloaded TSLA/1771329418.json
[2026-02-17T12:03:54.420+0000] {logging_mixin.py:188} INFO - Downloaded TSLA/1771329428.json
[2026-02-17T12:03:54.487+0000] {logging_mixin.py:188} INFO - Downloaded TSLA/1771329438.json
[2026-02-17T12:03:54.843+0000] {logging_mixin.py:188} INFO - Downloaded TSLA/1771329448.json
[2026-02-17T12:04:03.056+0000] {logging_mixin.py:188} INFO - Downloaded TSLA/1771329459.json
[2026-02-17T12:04:16.325+0000] {logging_mixin.py:188} INFO - Downloaded TSLA/1771329469.json
[2026-02-17T12:04:42.520+0000] {logging_mixin.py:188} INFO - Downloaded TSLA/1771329479.json
[2026-02-17T12:04:42.577+0000] {logging_mixin.py:188} INFO - Downloaded TSLA/1771329489.json
[2026-02-17T12:04:42.626+0000] {logging_mixin.py:188} INFO - Downloaded TSLA/1771329501.json
[2026-02-17T12:04:42.648+0000] {logging_mixin.py:188} INFO - Downloaded TSLA/1771329511.json
[2026-02-17T12:04:42.697+0000] {logging_mixin.py:188} INFO - Downloaded TSLA/1771329522.json
[2026-02-17T12:04:42.752+0000] {logging_mixin.py:188} INFO - Downloaded TSLA/1771329539.json
[2026-02-17T12:04:42.810+0000] {logging_mixin.py:188} INFO - Downloaded TSLA/1771329550.json
[2026-02-17T12:04:42.835+0000] {logging_mixin.py:188} INFO - Downloaded TSLA/1771329561.json
[2026-02-17T12:04:42.867+0000] {logging_mixin.py:188} INFO - Downloaded TSLA/1771329570.json
[2026-02-17T12:04:42.898+0000] {logging_mixin.py:188} INFO - Downloaded TSLA/1771329580.json
[2026-02-17T12:04:42.936+0000] {logging_mixin.py:188} INFO - Downloaded TSLA/1771329590.json
[2026-02-17T12:04:42.987+0000] {logging_mixin.py:188} INFO - Downloaded TSLA/1771329601.json
[2026-02-17T12:04:43.005+0000] {logging_mixin.py:188} INFO - Downloaded TSLA/1771329613.json
[2026-02-17T12:04:43.035+0000] {logging_mixin.py:188} INFO - Downloaded TSLA/1771329623.json
[2026-02-17T12:04:43.076+0000] {logging_mixin.py:188} INFO - Downloaded TSLA/1771329635.json
[2026-02-17T12:04:43.099+0000] {logging_mixin.py:188} INFO - Downloaded TSLA/1771329677.json
[2026-02-17T12:04:43.124+0000] {logging_mixin.py:188} INFO - Downloaded TSLA/1771329699.json
[2026-02-17T12:04:43.155+0000] {logging_mixin.py:188} INFO - Downloaded TSLA/1771329710.json
[2026-02-17T12:04:43.170+0000] {logging_mixin.py:188} INFO - Downloaded TSLA/1771329720.json
[2026-02-17T12:04:43.190+0000] {logging_mixin.py:188} INFO - Downloaded TSLA/1771329731.json
[2026-02-17T12:04:43.235+0000] {logging_mixin.py:188} INFO - Downloaded TSLA/1771329741.json
[2026-02-17T12:04:43.258+0000] {python.py:237} INFO - Done. Returned value was: ['/opt/***/data/minio/AAPL/1771324930.json', '/opt/***/data/minio/AAPL/1771324943.json', '/opt/***/data/minio/AAPL/1771324953.json', '/opt/***/data/minio/AAPL/1771324964.json', '/opt/***/data/minio/AAPL/1771324974.json', '/opt/***/data/minio/AAPL/1771324985.json', '/opt/***/data/minio/AAPL/1771324996.json', '/opt/***/data/minio/AAPL/1771325007.json', '/opt/***/data/minio/AAPL/1771325017.json', '/opt/***/data/minio/AAPL/1771325028.json', '/opt/***/data/minio/AAPL/1771325039.json', '/opt/***/data/minio/AAPL/1771325049.json', '/opt/***/data/minio/AAPL/1771325059.json', '/opt/***/data/minio/AAPL/1771325069.json', '/opt/***/data/minio/AAPL/1771325080.json', '/opt/***/data/minio/AAPL/1771325090.json', '/opt/***/data/minio/AAPL/1771325101.json', '/opt/***/data/minio/AAPL/1771325112.json', '/opt/***/data/minio/AAPL/1771325122.json', '/opt/***/data/minio/AAPL/1771325132.json', '/opt/***/data/minio/AAPL/1771325143.json', '/opt/***/data/minio/AAPL/1771325153.json', '/opt/***/data/minio/AAPL/1771325163.json', '/opt/***/data/minio/AAPL/1771325174.json', '/opt/***/data/minio/AAPL/1771325184.json', '/opt/***/data/minio/AAPL/1771325195.json', '/opt/***/data/minio/AAPL/1771325205.json', '/opt/***/data/minio/AAPL/1771325215.json', '/opt/***/data/minio/AAPL/1771325226.json', '/opt/***/data/minio/AAPL/1771325236.json', '/opt/***/data/minio/AAPL/1771325247.json', '/opt/***/data/minio/AAPL/1771325257.json', '/opt/***/data/minio/AAPL/1771325269.json', '/opt/***/data/minio/AAPL/1771325279.json', '/opt/***/data/minio/AAPL/1771325289.json', '/opt/***/data/minio/AAPL/1771325300.json', '/opt/***/data/minio/AAPL/1771325334.json', '/opt/***/data/minio/AAPL/1771325344.json', '/opt/***/data/minio/AAPL/1771325354.json', '/opt/***/data/minio/AAPL/1771325365.json', '/opt/***/data/minio/AAPL/1771325375.json', '/opt/***/data/minio/AAPL/1771325385.json', '/opt/***/data/minio/AAPL/1771325396.json', '/opt/***/data/minio/AAPL/1771325408.json', '/opt/***/data/minio/AAPL/1771325419.json', '/opt/***/data/minio/AAPL/1771325431.json', '/opt/***/data/minio/AAPL/1771325442.json', '/opt/***/data/minio/AAPL/1771325454.json', '/opt/***/data/minio/AAPL/1771325464.json', '/opt/***/data/minio/AAPL/1771325474.json', '/opt/***/data/minio/AAPL/1771325485.json', '/opt/***/data/minio/AAPL/1771325496.json', '/opt/***/data/minio/AAPL/1771325507.json', '/opt/***/data/minio/AAPL/1771325517.json', '/opt/***/data/minio/AAPL/1771325528.json', '/opt/***/data/minio/AAPL/1771325539.json', '/opt/***/data/minio/AAPL/1771325549.json', '/opt/***/data/minio/AAPL/1771325559.json', '/opt/***/data/minio/AAPL/1771325569.json', '/opt/***/data/minio/AAPL/1771325580.json', '/opt/***/data/minio/AAPL/1771325590.json', '/opt/***/data/minio/AAPL/1771325600.json', '/opt/***/data/minio/AAPL/1771325612.json', '/opt/***/data/minio/AAPL/1771325623.json', '/opt/***/data/minio/AAPL/1771325633.json', '/opt/***/data/minio/AAPL/1771325644.json', '/opt/***/data/minio/AAPL/1771325655.json', '/opt/***/data/minio/AAPL/1771325666.json', '/opt/***/data/minio/AAPL/1771325676.json', '/opt/***/data/minio/AAPL/1771325686.json', '/opt/***/data/minio/AAPL/1771325697.json', '/opt/***/data/minio/AAPL/1771325708.json', '/opt/***/data/minio/AAPL/1771325718.json', '/opt/***/data/minio/AAPL/1771325729.json', '/opt/***/data/minio/AAPL/1771325739.json', '/opt/***/data/minio/AAPL/1771325750.json', '/opt/***/data/minio/AAPL/1771325761.json', '/opt/***/data/minio/AAPL/1771325776.json', '/opt/***/data/minio/AAPL/1771325787.json', '/opt/***/data/minio/AAPL/1771325800.json', '/opt/***/data/minio/AAPL/1771325810.json', '/opt/***/data/minio/AAPL/1771325820.json', '/opt/***/data/minio/AAPL/1771325831.json', '/opt/***/data/minio/AAPL/1771325841.json', '/opt/***/data/minio/AAPL/1771325851.json', '/opt/***/data/minio/AAPL/1771325863.json', '/opt/***/data/minio/AAPL/1771325874.json', '/opt/***/data/minio/AAPL/1771325885.json', '/opt/***/data/minio/AAPL/1771325898.json', '/opt/***/data/minio/AAPL/1771325910.json', '/opt/***/data/minio/AAPL/1771325921.json', '/opt/***/data/minio/AAPL/1771325932.json', '/opt/***/data/minio/AAPL/1771325944.json', '/opt/***/data/minio/AAPL/1771325955.json', '/opt/***/data/minio/AAPL/1771325969.json', '/opt/***/data/minio/AAPL/1771325980.json', '/opt/***/data/minio/AAPL/1771325991.json', '/opt/***/data/minio/AAPL/1771326002.json', '/opt/***/data/minio/AAPL/1771326012.json', '/opt/***/data/minio/AAPL/1771326023.json', '/opt/***/data/minio/AAPL/1771326034.json', '/opt/***/data/minio/AAPL/1771326044.json', '/opt/***/data/minio/AAPL/1771326054.json', '/opt/***/data/minio/AAPL/1771326064.json', '/opt/***/data/minio/AAPL/1771326074.json', '/opt/***/data/minio/AAPL/1771326084.json', '/opt/***/data/minio/AAPL/1771326095.json', '/opt/***/data/minio/AAPL/1771326108.json', '/opt/***/data/minio/AAPL/1771326121.json', '/opt/***/data/minio/AAPL/1771326135.json', '/opt/***/data/minio/AAPL/1771326145.json', '/opt/***/data/minio/AAPL/1771326157.json', '/opt/***/data/minio/AAPL/1771326168.json', '/opt/***/data/minio/AAPL/1771326180.json', '/opt/***/data/minio/AAPL/1771326190.json', '/opt/***/data/minio/AAPL/1771326201.json', '/opt/***/data/minio/AAPL/1771326211.json', '/opt/***/data/minio/AAPL/1771326221.json', '/opt/***/data/minio/AAPL/1771326231.json', '/opt/***/data/minio/AAPL/1771326241.json', '/opt/***/data/minio/AAPL/1771326252.json', '/opt/***/data/minio/AAPL/1771326262.json', '/opt/***/data/minio/AAPL/1771326272.json', '/opt/***/data/minio/AAPL/1771326282.json', '/opt/***/data/minio/AAPL/1771326293.json', '/opt/***/data/minio/AAPL/1771326309.json', '/opt/***/data/minio/AAPL/1771326320.json', '/opt/***/data/minio/AAPL/1771326331.json', '/opt/***/data/minio/AAPL/1771326347.json', '/opt/***/data/minio/AAPL/1771326358.json', '/opt/***/data/minio/AAPL/1771326370.json', '/opt/***/data/minio/AAPL/1771326381.json', '/opt/***/data/minio/AAPL/1771326391.json', '/opt/***/data/minio/AAPL/1771326402.json', '/opt/***/data/minio/AAPL/1771326412.json', '/opt/***/data/minio/AAPL/1771326422.json', '/opt/***/data/minio/AAPL/1771326433.json', '/opt/***/data/minio/AAPL/1771326443.json', '/opt/***/data/minio/AAPL/1771326452.json', '/opt/***/data/minio/AAPL/1771326463.json', '/opt/***/data/minio/AAPL/1771326473.json', '/opt/***/data/minio/AAPL/1771326483.json', '/opt/***/data/minio/AAPL/1771326493.json', '/opt/***/data/minio/AAPL/1771326504.json', '/opt/***/data/minio/AAPL/1771326514.json', '/opt/***/data/minio/AAPL/1771326525.json', '/opt/***/data/minio/AAPL/1771326535.json', '/opt/***/data/minio/AAPL/1771326545.json', '/opt/***/data/minio/AAPL/1771326555.json', '/opt/***/data/minio/AAPL/1771326566.json', '/opt/***/data/minio/AAPL/1771326576.json', '/opt/***/data/minio/AAPL/1771326585.json', '/opt/***/data/minio/AAPL/1771326595.json', '/opt/***/data/minio/AAPL/1771326605.json', '/opt/***/data/minio/AAPL/1771326615.json', '/opt/***/data/minio/AAPL/1771326626.json', '/opt/***/data/minio/AAPL/1771326636.json', '/opt/***/data/minio/AAPL/1771326646.json', '/opt/***/data/minio/AAPL/1771326656.json', '/opt/***/data/minio/AAPL/1771326666.json', '/opt/***/data/minio/AAPL/1771326677.json', '/opt/***/data/minio/AAPL/1771326687.json', '/opt/***/data/minio/AAPL/1771326697.json', '/opt/***/data/minio/AAPL/1771326708.json', '/opt/***/data/minio/AAPL/1771326718.json', '/opt/***/data/minio/AAPL/1771326728.json', '/opt/***/data/minio/AAPL/1771326738.json', '/opt/***/data/minio/AAPL/1771326748.json', '/opt/***/data/minio/AAPL/1771326759.json', '/opt/***/data/minio/AAPL/1771326769.json', '/opt/***/data/minio/AAPL/1771326779.json', '/opt/***/data/minio/AAPL/1771326789.json', '/opt/***/data/minio/AAPL/1771326799.json', '/opt/***/data/minio/AAPL/1771326810.json', '/opt/***/data/minio/AAPL/1771326820.json', '/opt/***/data/minio/AAPL/1771326830.json', '/opt/***/data/minio/AAPL/1771326840.json', '/opt/***/data/minio/AAPL/1771326850.json', '/opt/***/data/minio/AAPL/1771326860.json', '/opt/***/data/minio/AAPL/1771326870.json', '/opt/***/data/minio/AAPL/1771326881.json', '/opt/***/data/minio/AAPL/1771326891.json', '/opt/***/data/minio/AAPL/1771326902.json', '/opt/***/data/minio/AAPL/1771326912.json', '/opt/***/data/minio/AAPL/1771326923.json', '/opt/***/data/minio/AAPL/1771326934.json', '/opt/***/data/minio/AAPL/1771326944.json', '/opt/***/data/minio/AAPL/1771326955.json', '/opt/***/data/minio/AAPL/1771326966.json', '/opt/***/data/minio/AAPL/1771326976.json', '/opt/***/data/minio/AAPL/1771326986.json', '/opt/***/data/minio/AAPL/1771326997.json', '/opt/***/data/minio/AAPL/1771327008.json', '/opt/***/data/minio/AAPL/1771327018.json', '/opt/***/data/minio/AAPL/1771327029.json', '/opt/***/data/minio/AAPL/1771327039.json', '/opt/***/data/minio/AAPL/1771327049.json', '/opt/***/data/minio/AAPL/1771327059.json', '/opt/***/data/minio/AAPL/1771327080.json', '/opt/***/data/minio/AAPL/1771327098.json', '/opt/***/data/minio/AAPL/1771327113.json', '/opt/***/data/minio/AAPL/1771327127.json', '/opt/***/data/minio/AAPL/1771327138.json', '/opt/***/data/minio/AAPL/1771327148.json', '/opt/***/data/minio/AAPL/1771327158.json', '/opt/***/data/minio/AAPL/1771327168.json', '/opt/***/data/minio/AAPL/1771327178.json', '/opt/***/data/minio/AAPL/1771327189.json', '/opt/***/data/minio/AAPL/1771327198.json', '/opt/***/data/minio/AAPL/1771327209.json', '/opt/***/data/minio/AAPL/1771327220.json', '/opt/***/data/minio/AAPL/1771327230.json', '/opt/***/data/minio/AAPL/1771327241.json', '/opt/***/data/minio/AAPL/1771327252.json', '/opt/***/data/minio/AAPL/1771327262.json', '/opt/***/data/minio/AAPL/1771327272.json', '/opt/***/data/minio/AAPL/1771327282.json', '/opt/***/data/minio/AAPL/1771327292.json', '/opt/***/data/minio/AAPL/1771327303.json', '/opt/***/data/minio/AAPL/1771327313.json', '/opt/***/data/minio/AAPL/1771327324.json', '/opt/***/data/minio/AAPL/1771327334.json', '/opt/***/data/minio/AAPL/1771327344.json', '/opt/***/data/minio/AAPL/1771327354.json', '/opt/***/data/minio/AAPL/1771327364.json', '/opt/***/data/minio/AAPL/1771327374.json', '/opt/***/data/minio/AAPL/1771327384.json', '/opt/***/data/minio/AAPL/1771327395.json', '/opt/***/data/minio/AAPL/1771327406.json', '/opt/***/data/minio/AAPL/1771327417.json', '/opt/***/data/minio/AAPL/1771327427.json', '/opt/***/data/minio/AAPL/1771327437.json', '/opt/***/data/minio/AAPL/1771327447.json', '/opt/***/data/minio/AAPL/1771327457.json', '/opt/***/data/minio/AAPL/1771327468.json', '/opt/***/data/minio/AAPL/1771327479.json', '/opt/***/data/minio/AAPL/1771327489.json', '/opt/***/data/minio/AAPL/1771327499.json', '/opt/***/data/minio/AAPL/1771327511.json', '/opt/***/data/minio/AAPL/1771327521.json', '/opt/***/data/minio/AAPL/1771327531.json', '/opt/***/data/minio/AAPL/1771327542.json', '/opt/***/data/minio/AAPL/1771327552.json', '/opt/***/data/minio/AAPL/1771327562.json', '/opt/***/data/minio/AAPL/1771327573.json', '/opt/***/data/minio/AAPL/1771327585.json', '/opt/***/data/minio/AAPL/1771327597.json', '/opt/***/data/minio/AAPL/1771327607.json', '/opt/***/data/minio/AAPL/1771327617.json', '/opt/***/data/minio/AAPL/1771327627.json', '/opt/***/data/minio/AAPL/1771327638.json', '/opt/***/data/minio/AAPL/1771327648.json', '/opt/***/data/minio/AAPL/1771327658.json', '/opt/***/data/minio/AAPL/1771327668.json', '/opt/***/data/minio/AAPL/1771327679.json', '/opt/***/data/minio/AAPL/1771327689.json', '/opt/***/data/minio/AAPL/1771327699.json', '/opt/***/data/minio/AAPL/1771327710.json', '/opt/***/data/minio/AAPL/1771327720.json', '/opt/***/data/minio/AAPL/1771327730.json', '/opt/***/data/minio/AAPL/1771327740.json', '/opt/***/data/minio/AAPL/1771327750.json', '/opt/***/data/minio/AAPL/1771327761.json', '/opt/***/data/minio/AAPL/1771327771.json', '/opt/***/data/minio/AAPL/1771327782.json', '/opt/***/data/minio/AAPL/1771327792.json', '/opt/***/data/minio/AAPL/1771327803.json', '/opt/***/data/minio/AAPL/1771327813.json', '/opt/***/data/minio/AAPL/1771327823.json', '/opt/***/data/minio/AAPL/1771327834.json', '/opt/***/data/minio/AAPL/1771327844.json', '/opt/***/data/minio/AAPL/1771327854.json', '/opt/***/data/minio/AAPL/1771327865.json', '/opt/***/data/minio/AAPL/1771327876.json', '/opt/***/data/minio/AAPL/1771327887.json', '/opt/***/data/minio/AAPL/1771327897.json', '/opt/***/data/minio/AAPL/1771327907.json', '/opt/***/data/minio/AAPL/1771327918.json', '/opt/***/data/minio/AAPL/1771327928.json', '/opt/***/data/minio/AAPL/1771327938.json', '/opt/***/data/minio/AAPL/1771327949.json', '/opt/***/data/minio/AAPL/1771327959.json', '/opt/***/data/minio/AAPL/1771327969.json', '/opt/***/data/minio/AAPL/1771327980.json', '/opt/***/data/minio/AAPL/1771327990.json', '/opt/***/data/minio/AAPL/1771328000.json', '/opt/***/data/minio/AAPL/1771328010.json', '/opt/***/data/minio/AAPL/1771328020.json', '/opt/***/data/minio/AAPL/1771328030.json', '/opt/***/data/minio/AAPL/1771328040.json', '/opt/***/data/minio/AAPL/1771328051.json', '/opt/***/data/minio/AAPL/1771328061.json', '/opt/***/data/minio/AAPL/1771328071.json', '/opt/***/data/minio/AAPL/1771328081.json', '/opt/***/data/minio/AAPL/1771328092.json', '/opt/***/data/minio/AAPL/1771328103.json', '/opt/***/data/minio/AAPL/1771328116.json', '/opt/***/data/minio/AAPL/1771328127.json', '/opt/***/data/minio/AAPL/1771328138.json', '/opt/***/data/minio/AAPL/1771328150.json', '/opt/***/data/minio/AAPL/1771328161.json', '/opt/***/data/minio/AAPL/1771328172.json', '/opt/***/data/minio/AAPL/1771328210.json', '/opt/***/data/minio/AAPL/1771328220.json', '/opt/***/data/minio/AAPL/1771328230.json', '/opt/***/data/minio/AAPL/1771328240.json', '/opt/***/data/minio/AAPL/1771328251.json', '/opt/***/data/minio/AAPL/1771328261.json', '/opt/***/data/minio/AAPL/1771328272.json', '/opt/***/data/minio/AAPL/1771328283.json', '/opt/***/data/minio/AAPL/1771328293.json', '/opt/***/data/minio/AAPL/1771328304.json', '/opt/***/data/minio/AAPL/1771328314.json', '/opt/***/data/minio/AAPL/1771328324.json', '/opt/***/data/minio/AAPL/1771328334.json', '/opt/***/data/minio/AAPL/1771328345.json', '/opt/***/data/minio/AAPL/1771328355.json', '/opt/***/data/minio/AAPL/1771328369.json', '/opt/***/data/minio/AAPL/1771328384.json', '/opt/***/data/minio/AAPL/1771328396.json', '/opt/***/data/minio/AAPL/1771328406.json', '/opt/***/data/minio/AAPL/1771328417.json', '/opt/***/data/minio/AAPL/1771328428.json', '/opt/***/data/minio/AAPL/1771328518.json', '/opt/***/data/minio/AAPL/1771328528.json', '/opt/***/data/minio/AAPL/1771328538.json', '/opt/***/data/minio/AAPL/1771328728.json', '/opt/***/data/minio/AAPL/1771328738.json', '/opt/***/data/minio/AAPL/1771328749.json', '/opt/***/data/minio/AAPL/1771328759.json', '/opt/***/data/minio/AAPL/1771328771.json', '/opt/***/data/minio/AAPL/1771328781.json', '/opt/***/data/minio/AAPL/1771328791.json', '/opt/***/data/minio/AAPL/1771328801.json', '/opt/***/data/minio/AAPL/1771328811.json', '/opt/***/data/minio/AAPL/1771328822.json', '/opt/***/data/minio/AAPL/1771328832.json', '/opt/***/data/minio/AAPL/1771328843.json', '/opt/***/data/minio/AAPL/1771328853.json', '/opt/***/data/minio/AAPL/1771328865.json', '/opt/***/data/minio/AAPL/1771328876.json', '/opt/***/data/minio/AAPL/1771328887.json', '/opt/***/data/minio/AAPL/1771328898.json', '/opt/***/data/minio/AAPL/1771328908.json', '/opt/***/data/minio/AAPL/1771328938.json', '/opt/***/data/minio/AAPL/1771328948.json', '/opt/***/data/minio/AAPL/1771328959.json', '/opt/***/data/minio/AAPL/1771328969.json', '/opt/***/data/minio/AAPL/1771328984.json', '/opt/***/data/minio/AAPL/1771328995.json', '/opt/***/data/minio/AAPL/1771329005.json', '/opt/***/data/minio/AAPL/1771329016.json', '/opt/***/data/minio/AAPL/1771329029.json', '/opt/***/data/minio/AAPL/1771329040.json', '/opt/***/data/minio/AAPL/1771329051.json', '/opt/***/data/minio/AAPL/1771329093.json', '/opt/***/data/minio/AAPL/1771329104.json', '/opt/***/data/minio/AAPL/1771329115.json', '/opt/***/data/minio/AAPL/1771329142.json', '/opt/***/data/minio/AAPL/1771329153.json', '/opt/***/data/minio/AAPL/1771329164.json', '/opt/***/data/minio/AAPL/1771329176.json', '/opt/***/data/minio/AAPL/1771329187.json', '/opt/***/data/minio/AAPL/1771329198.json', '/opt/***/data/minio/AAPL/1771329210.json', '/opt/***/data/minio/AAPL/1771329220.json', '/opt/***/data/minio/AAPL/1771329231.json', '/opt/***/data/minio/AAPL/1771329241.json', '/opt/***/data/minio/AAPL/1771329251.json', '/opt/***/data/minio/AAPL/1771329262.json', '/opt/***/data/minio/AAPL/1771329272.json', '/opt/***/data/minio/AAPL/1771329283.json', '/opt/***/data/minio/AAPL/1771329293.json', '/opt/***/data/minio/AAPL/1771329303.json', '/opt/***/data/minio/AAPL/1771329313.json', '/opt/***/data/minio/AAPL/1771329324.json', '/opt/***/data/minio/AAPL/1771329334.json', '/opt/***/data/minio/AAPL/1771329344.json', '/opt/***/data/minio/AAPL/1771329354.json', '/opt/***/data/minio/AAPL/1771329365.json', '/opt/***/data/minio/AAPL/1771329375.json', '/opt/***/data/minio/AAPL/1771329386.json', '/opt/***/data/minio/AAPL/1771329396.json', '/opt/***/data/minio/AAPL/1771329406.json', '/opt/***/data/minio/AAPL/1771329416.json', '/opt/***/data/minio/AAPL/1771329426.json', '/opt/***/data/minio/AAPL/1771329436.json', '/opt/***/data/minio/AAPL/1771329445.json', '/opt/***/data/minio/AAPL/1771329456.json', '/opt/***/data/minio/AAPL/1771329467.json', '/opt/***/data/minio/AAPL/1771329477.json', '/opt/***/data/minio/AAPL/1771329487.json', '/opt/***/data/minio/AAPL/1771329497.json', '/opt/***/data/minio/AAPL/1771329509.json', '/opt/***/data/minio/AAPL/1771329519.json', '/opt/***/data/minio/AAPL/1771329533.json', '/opt/***/data/minio/AAPL/1771329548.json', '/opt/***/data/minio/AAPL/1771329558.json', '/opt/***/data/minio/AAPL/1771329568.json', '/opt/***/data/minio/AAPL/1771329578.json', '/opt/***/data/minio/AAPL/1771329588.json', '/opt/***/data/minio/AAPL/1771329598.json', '/opt/***/data/minio/AAPL/1771329610.json', '/opt/***/data/minio/AMZN/1771324936.json', '/opt/***/data/minio/AMZN/1771324946.json', '/opt/***/data/minio/AMZN/1771324957.json', '/opt/***/data/minio/AMZN/1771324968.json', '/opt/***/data/minio/AMZN/1771324978.json', '/opt/***/data/minio/AMZN/1771324989.json', '/opt/***/data/minio/AMZN/1771325000.json', '/opt/***/data/minio/AMZN/1771325010.json', '/opt/***/data/minio/AMZN/1771325021.json', '/opt/***/data/minio/AMZN/1771325032.json', '/opt/***/data/minio/AMZN/1771325042.json', '/opt/***/data/minio/AMZN/1771325052.json', '/opt/***/data/minio/AMZN/1771325063.json', '/opt/***/data/minio/AMZN/1771325073.json', '/opt/***/data/minio/AMZN/1771325083.json', '/opt/***/data/minio/AMZN/1771325094.json', '/opt/***/data/minio/AMZN/1771325105.json', '/opt/***/data/minio/AMZN/1771325115.json', '/opt/***/data/minio/AMZN/1771325125.json', '/opt/***/data/minio/AMZN/1771325136.json', '/opt/***/data/minio/AMZN/1771325146.json', '/opt/***/data/minio/AMZN/1771325156.json', '/opt/***/data/minio/AMZN/1771325167.json', '/opt/***/data/minio/AMZN/1771325177.json', '/opt/***/data/minio/AMZN/1771325188.json', '/opt/***/data/minio/AMZN/1771325198.json', '/opt/***/data/minio/AMZN/1771325209.json', '/opt/***/data/minio/AMZN/1771325219.json', '/opt/***/data/minio/AMZN/1771325229.json', '/opt/***/data/minio/AMZN/1771325240.json', '/opt/***/data/minio/AMZN/1771325250.json', '/opt/***/data/minio/AMZN/1771325262.json', '/opt/***/data/minio/AMZN/1771325272.json', '/opt/***/data/minio/AMZN/1771325283.json', '/opt/***/data/minio/AMZN/1771325293.json', '/opt/***/data/minio/AMZN/1771325337.json', '/opt/***/data/minio/AMZN/1771325347.json', '/opt/***/data/minio/AMZN/1771325358.json', '/opt/***/data/minio/AMZN/1771325368.json', '/opt/***/data/minio/AMZN/1771325378.json', '/opt/***/data/minio/AMZN/1771325389.json', '/opt/***/data/minio/AMZN/1771325401.json', '/opt/***/data/minio/AMZN/1771325412.json', '/opt/***/data/minio/AMZN/1771325424.json', '/opt/***/data/minio/AMZN/1771325435.json', '/opt/***/data/minio/AMZN/1771325447.json', '/opt/***/data/minio/AMZN/1771325457.json', '/opt/***/data/minio/AMZN/1771325468.json', '/opt/***/data/minio/AMZN/1771325477.json', '/opt/***/data/minio/AMZN/1771325489.json', '/opt/***/data/minio/AMZN/1771325500.json', '/opt/***/data/minio/AMZN/1771325510.json', '/opt/***/data/minio/AMZN/1771325521.json', '/opt/***/data/minio/AMZN/1771325532.json', '/opt/***/data/minio/AMZN/1771325542.json', '/opt/***/data/minio/AMZN/1771325552.json', '/opt/***/data/minio/AMZN/1771325562.json', '/opt/***/data/minio/AMZN/1771325573.json', '/opt/***/data/minio/AMZN/1771325583.json', '/opt/***/data/minio/AMZN/1771325593.json', '/opt/***/data/minio/AMZN/1771325605.json', '/opt/***/data/minio/AMZN/1771325616.json', '/opt/***/data/minio/AMZN/1771325626.json', '/opt/***/data/minio/AMZN/1771325637.json', '/opt/***/data/minio/AMZN/1771325648.json', '/opt/***/data/minio/AMZN/1771325659.json', '/opt/***/data/minio/AMZN/1771325669.json', '/opt/***/data/minio/AMZN/1771325679.json', '/opt/***/data/minio/AMZN/1771325691.json', '/opt/***/data/minio/AMZN/1771325701.json', '/opt/***/data/minio/AMZN/1771325711.json', '/opt/***/data/minio/AMZN/1771325722.json', '/opt/***/data/minio/AMZN/1771325732.json', '/opt/***/data/minio/AMZN/1771325743.json', '/opt/***/data/minio/AMZN/1771325753.json', '/opt/***/data/minio/AMZN/1771325769.json', '/opt/***/data/minio/AMZN/1771325780.json', '/opt/***/data/minio/AMZN/1771325792.json', '/opt/***/data/minio/AMZN/1771325803.json', '/opt/***/data/minio/AMZN/1771325813.json', '/opt/***/data/minio/AMZN/1771325824.json', '/opt/***/data/minio/AMZN/1771325834.json', '/opt/***/data/minio/AMZN/1771325844.json', '/opt/***/data/minio/AMZN/1771325857.json', '/opt/***/data/minio/AMZN/1771325867.json', '/opt/***/data/minio/AMZN/1771325878.json', '/opt/***/data/minio/AMZN/1771325891.json', '/opt/***/data/minio/AMZN/1771325902.json', '/opt/***/data/minio/AMZN/1771325914.json', '/opt/***/data/minio/AMZN/1771325925.json', '/opt/***/data/minio/AMZN/1771325937.json', '/opt/***/data/minio/AMZN/1771325948.json', '/opt/***/data/minio/AMZN/1771325962.json', '/opt/***/data/minio/AMZN/1771325973.json', '/opt/***/data/minio/AMZN/1771325984.json', '/opt/***/data/minio/AMZN/1771325995.json', '/opt/***/data/minio/AMZN/1771326005.json', '/opt/***/data/minio/AMZN/1771326016.json', '/opt/***/data/minio/AMZN/1771326027.json', '/opt/***/data/minio/AMZN/1771326037.json', '/opt/***/data/minio/AMZN/1771326047.json', '/opt/***/data/minio/AMZN/1771326058.json', '/opt/***/data/minio/AMZN/1771326067.json', '/opt/***/data/minio/AMZN/1771326077.json', '/opt/***/data/minio/AMZN/1771326087.json', '/opt/***/data/minio/AMZN/1771326101.json', '/opt/***/data/minio/AMZN/1771326115.json', '/opt/***/data/minio/AMZN/1771326128.json', '/opt/***/data/minio/AMZN/1771326139.json', '/opt/***/data/minio/AMZN/1771326151.json', '/opt/***/data/minio/AMZN/1771326161.json', '/opt/***/data/minio/AMZN/1771326173.json', '/opt/***/data/minio/AMZN/1771326183.json', '/opt/***/data/minio/AMZN/1771326194.json', '/opt/***/data/minio/AMZN/1771326204.json', '/opt/***/data/minio/AMZN/1771326215.json', '/opt/***/data/minio/AMZN/1771326225.json', '/opt/***/data/minio/AMZN/1771326235.json', '/opt/***/data/minio/AMZN/1771326245.json', '/opt/***/data/minio/AMZN/1771326255.json', '/opt/***/data/minio/AMZN/1771326265.json', '/opt/***/data/minio/AMZN/1771326275.json', '/opt/***/data/minio/AMZN/1771326286.json', '/opt/***/data/minio/AMZN/1771326301.json', '/opt/***/data/minio/AMZN/1771326314.json', '/opt/***/data/minio/AMZN/1771326324.json', '/opt/***/data/minio/AMZN/1771326335.json', '/opt/***/data/minio/AMZN/1771326351.json', '/opt/***/data/minio/AMZN/1771326362.json', '/opt/***/data/minio/AMZN/1771326374.json', '/opt/***/data/minio/AMZN/1771326384.json', '/opt/***/data/minio/AMZN/1771326395.json', '/opt/***/data/minio/AMZN/1771326405.json', '/opt/***/data/minio/AMZN/1771326415.json', '/opt/***/data/minio/AMZN/1771326425.json', '/opt/***/data/minio/AMZN/1771326436.json', '/opt/***/data/minio/AMZN/1771326446.json', '/opt/***/data/minio/AMZN/1771326456.json', '/opt/***/data/minio/AMZN/1771326466.json', '/opt/***/data/minio/AMZN/1771326476.json', '/opt/***/data/minio/AMZN/1771326486.json', '/opt/***/data/minio/AMZN/1771326497.json', '/opt/***/data/minio/AMZN/1771326508.json', '/opt/***/data/minio/AMZN/1771326518.json', '/opt/***/data/minio/AMZN/1771326528.json', '/opt/***/data/minio/AMZN/1771326538.json', '/opt/***/data/minio/AMZN/1771326548.json', '/opt/***/data/minio/AMZN/1771326559.json', '/opt/***/data/minio/AMZN/1771326569.json', '/opt/***/data/minio/AMZN/1771326578.json', '/opt/***/data/minio/AMZN/1771326588.json', '/opt/***/data/minio/AMZN/1771326599.json', '/opt/***/data/minio/AMZN/1771326609.json', '/opt/***/data/minio/AMZN/1771326619.json', '/opt/***/data/minio/AMZN/1771326629.json', '/opt/***/data/minio/AMZN/1771326639.json', '/opt/***/data/minio/AMZN/1771326650.json', '/opt/***/data/minio/AMZN/1771326659.json', '/opt/***/data/minio/AMZN/1771326670.json', '/opt/***/data/minio/AMZN/1771326680.json', '/opt/***/data/minio/AMZN/1771326690.json', '/opt/***/data/minio/AMZN/1771326701.json', '/opt/***/data/minio/AMZN/1771326711.json', '/opt/***/data/minio/AMZN/1771326721.json', '/opt/***/data/minio/AMZN/1771326731.json', '/opt/***/data/minio/AMZN/1771326741.json', '/opt/***/data/minio/AMZN/1771326752.json', '/opt/***/data/minio/AMZN/1771326762.json', '/opt/***/data/minio/AMZN/1771326772.json', '/opt/***/data/minio/AMZN/1771326782.json', '/opt/***/data/minio/AMZN/1771326793.json', '/opt/***/data/minio/AMZN/1771326802.json', '/opt/***/data/minio/AMZN/1771326813.json', '/opt/***/data/minio/AMZN/1771326823.json', '/opt/***/data/minio/AMZN/1771326834.json', '/opt/***/data/minio/AMZN/1771326844.json', '/opt/***/data/minio/AMZN/1771326854.json', '/opt/***/data/minio/AMZN/1771326863.json', '/opt/***/data/minio/AMZN/1771326874.json', '/opt/***/data/minio/AMZN/1771326884.json', '/opt/***/data/minio/AMZN/1771326895.json', '/opt/***/data/minio/AMZN/1771326905.json', '/opt/***/data/minio/AMZN/1771326916.json', '/opt/***/data/minio/AMZN/1771326927.json', '/opt/***/data/minio/AMZN/1771326937.json', '/opt/***/data/minio/AMZN/1771326948.json', '/opt/***/data/minio/AMZN/1771326959.json', '/opt/***/data/minio/AMZN/1771326969.json', '/opt/***/data/minio/AMZN/1771326980.json', '/opt/***/data/minio/AMZN/1771326990.json', '/opt/***/data/minio/AMZN/1771327001.json', '/opt/***/data/minio/AMZN/1771327011.json', '/opt/***/data/minio/AMZN/1771327022.json', '/opt/***/data/minio/AMZN/1771327032.json', '/opt/***/data/minio/AMZN/1771327043.json', '/opt/***/data/minio/AMZN/1771327053.json', '/opt/***/data/minio/AMZN/1771327071.json', '/opt/***/data/minio/AMZN/1771327090.json', '/opt/***/data/minio/AMZN/1771327105.json', '/opt/***/data/minio/AMZN/1771327119.json', '/opt/***/data/minio/AMZN/1771327131.json', '/opt/***/data/minio/AMZN/1771327141.json', '/opt/***/data/minio/AMZN/1771327151.json', '/opt/***/data/minio/AMZN/1771327162.json', '/opt/***/data/minio/AMZN/1771327172.json', '/opt/***/data/minio/AMZN/1771327182.json', '/opt/***/data/minio/AMZN/1771327192.json', '/opt/***/data/minio/AMZN/1771327202.json', '/opt/***/data/minio/AMZN/1771327213.json', '/opt/***/data/minio/AMZN/1771327224.json', '/opt/***/data/minio/AMZN/1771327234.json', '/opt/***/data/minio/AMZN/1771327245.json', '/opt/***/data/minio/AMZN/1771327255.json', '/opt/***/data/minio/AMZN/1771327265.json', '/opt/***/data/minio/AMZN/1771327276.json', '/opt/***/data/minio/AMZN/1771327285.json', '/opt/***/data/minio/AMZN/1771327296.json', '/opt/***/data/minio/AMZN/1771327306.json', '/opt/***/data/minio/AMZN/1771327317.json', '/opt/***/data/minio/AMZN/1771327327.json', '/opt/***/data/minio/AMZN/1771327337.json', '/opt/***/data/minio/AMZN/1771327347.json', '/opt/***/data/minio/AMZN/1771327357.json', '/opt/***/data/minio/AMZN/1771327367.json', '/opt/***/data/minio/AMZN/1771327378.json', '/opt/***/data/minio/AMZN/1771327388.json', '/opt/***/data/minio/AMZN/1771327398.json', '/opt/***/data/minio/AMZN/1771327410.json', '/opt/***/data/minio/AMZN/1771327420.json', '/opt/***/data/minio/AMZN/1771327430.json', '/opt/***/data/minio/AMZN/1771327441.json', '/opt/***/data/minio/AMZN/1771327450.json', '/opt/***/data/minio/AMZN/1771327461.json', '/opt/***/data/minio/AMZN/1771327472.json', '/opt/***/data/minio/AMZN/1771327482.json', '/opt/***/data/minio/AMZN/1771327492.json', '/opt/***/data/minio/AMZN/1771327504.json', '/opt/***/data/minio/AMZN/1771327514.json', '/opt/***/data/minio/AMZN/1771327524.json', '/opt/***/data/minio/AMZN/1771327535.json', '/opt/***/data/minio/AMZN/1771327545.json', '/opt/***/data/minio/AMZN/1771327555.json', '/opt/***/data/minio/AMZN/1771327566.json', '/opt/***/data/minio/AMZN/1771327578.json', '/opt/***/data/minio/AMZN/1771327590.json', '/opt/***/data/minio/AMZN/1771327600.json', '/opt/***/data/minio/AMZN/1771327610.json', '/opt/***/data/minio/AMZN/1771327621.json', '/opt/***/data/minio/AMZN/1771327631.json', '/opt/***/data/minio/AMZN/1771327641.json', '/opt/***/data/minio/AMZN/1771327651.json', '/opt/***/data/minio/AMZN/1771327661.json', '/opt/***/data/minio/AMZN/1771327672.json', '/opt/***/data/minio/AMZN/1771327682.json', '/opt/***/data/minio/AMZN/1771327692.json', '/opt/***/data/minio/AMZN/1771327703.json', '/opt/***/data/minio/AMZN/1771327713.json', '/opt/***/data/minio/AMZN/1771327723.json', '/opt/***/data/minio/AMZN/1771327733.json', '/opt/***/data/minio/AMZN/1771327743.json', '/opt/***/data/minio/AMZN/1771327754.json', '/opt/***/data/minio/AMZN/1771327764.json', '/opt/***/data/minio/AMZN/1771327774.json', '/opt/***/data/minio/AMZN/1771327786.json', '/opt/***/data/minio/AMZN/1771327795.json', '/opt/***/data/minio/AMZN/1771327806.json', '/opt/***/data/minio/AMZN/1771327816.json', '/opt/***/data/minio/AMZN/1771327827.json', '/opt/***/data/minio/AMZN/1771327837.json', '/opt/***/data/minio/AMZN/1771327847.json', '/opt/***/data/minio/AMZN/1771327858.json', '/opt/***/data/minio/AMZN/1771327869.json', '/opt/***/data/minio/AMZN/1771327879.json', '/opt/***/data/minio/AMZN/1771327890.json', '/opt/***/data/minio/AMZN/1771327900.json', '/opt/***/data/minio/AMZN/1771327911.json', '/opt/***/data/minio/AMZN/1771327921.json', '/opt/***/data/minio/AMZN/1771327931.json', '/opt/***/data/minio/AMZN/1771327942.json', '/opt/***/data/minio/AMZN/1771327952.json', '/opt/***/data/minio/AMZN/1771327962.json', '/opt/***/data/minio/AMZN/1771327973.json', '/opt/***/data/minio/AMZN/1771327983.json', '/opt/***/data/minio/AMZN/1771327993.json', '/opt/***/data/minio/AMZN/1771328004.json', '/opt/***/data/minio/AMZN/1771328013.json', '/opt/***/data/minio/AMZN/1771328023.json', '/opt/***/data/minio/AMZN/1771328033.json', '/opt/***/data/minio/AMZN/1771328044.json', '/opt/***/data/minio/AMZN/1771328054.json', '/opt/***/data/minio/AMZN/1771328064.json', '/opt/***/data/minio/AMZN/1771328074.json', '/opt/***/data/minio/AMZN/1771328085.json', '/opt/***/data/minio/AMZN/1771328096.json', '/opt/***/data/minio/AMZN/1771328109.json', '/opt/***/data/minio/AMZN/1771328120.json', '/opt/***/data/minio/AMZN/1771328131.json', '/opt/***/data/minio/AMZN/1771328143.json', '/opt/***/data/minio/AMZN/1771328153.json', '/opt/***/data/minio/AMZN/1771328165.json', '/opt/***/data/minio/AMZN/1771328203.json', '/opt/***/data/minio/AMZN/1771328213.json', '/opt/***/data/minio/AMZN/1771328223.json', '/opt/***/data/minio/AMZN/1771328234.json', '/opt/***/data/minio/AMZN/1771328244.json', '/opt/***/data/minio/AMZN/1771328254.json', '/opt/***/data/minio/AMZN/1771328265.json', '/opt/***/data/minio/AMZN/1771328276.json', '/opt/***/data/minio/AMZN/1771328287.json', '/opt/***/data/minio/AMZN/1771328297.json', '/opt/***/data/minio/AMZN/1771328307.json', '/opt/***/data/minio/AMZN/1771328317.json', '/opt/***/data/minio/AMZN/1771328328.json', '/opt/***/data/minio/AMZN/1771328338.json', '/opt/***/data/minio/AMZN/1771328348.json', '/opt/***/data/minio/AMZN/1771328361.json', '/opt/***/data/minio/AMZN/1771328376.json', '/opt/***/data/minio/AMZN/1771328389.json', '/opt/***/data/minio/AMZN/1771328399.json', '/opt/***/data/minio/AMZN/1771328410.json', '/opt/***/data/minio/AMZN/1771328421.json', '/opt/***/data/minio/AMZN/1771328495.json', '/opt/***/data/minio/AMZN/1771328521.json', '/opt/***/data/minio/AMZN/1771328531.json', '/opt/***/data/minio/AMZN/1771328634.json', '/opt/***/data/minio/AMZN/1771328731.json', '/opt/***/data/minio/AMZN/1771328742.json', '/opt/***/data/minio/AMZN/1771328752.json', '/opt/***/data/minio/AMZN/1771328764.json', '/opt/***/data/minio/AMZN/1771328774.json', '/opt/***/data/minio/AMZN/1771328784.json', '/opt/***/data/minio/AMZN/1771328794.json', '/opt/***/data/minio/AMZN/1771328804.json', '/opt/***/data/minio/AMZN/1771328815.json', '/opt/***/data/minio/AMZN/1771328825.json', '/opt/***/data/minio/AMZN/1771328836.json', '/opt/***/data/minio/AMZN/1771328846.json', '/opt/***/data/minio/AMZN/1771328858.json', '/opt/***/data/minio/AMZN/1771328869.json', '/opt/***/data/minio/AMZN/1771328880.json', '/opt/***/data/minio/AMZN/1771328891.json', '/opt/***/data/minio/AMZN/1771328901.json', '/opt/***/data/minio/AMZN/1771328931.json', '/opt/***/data/minio/AMZN/1771328942.json', '/opt/***/data/minio/AMZN/1771328952.json', '/opt/***/data/minio/AMZN/1771328962.json', '/opt/***/data/minio/AMZN/1771328977.json', '/opt/***/data/minio/AMZN/1771328988.json', '/opt/***/data/minio/AMZN/1771328998.json', '/opt/***/data/minio/AMZN/1771329009.json', '/opt/***/data/minio/AMZN/1771329022.json', '/opt/***/data/minio/AMZN/1771329033.json', '/opt/***/data/minio/AMZN/1771329044.json', '/opt/***/data/minio/AMZN/1771329086.json', '/opt/***/data/minio/AMZN/1771329097.json', '/opt/***/data/minio/AMZN/1771329108.json', '/opt/***/data/minio/AMZN/1771329134.json', '/opt/***/data/minio/AMZN/1771329146.json', '/opt/***/data/minio/AMZN/1771329157.json', '/opt/***/data/minio/AMZN/1771329169.json', '/opt/***/data/minio/AMZN/1771329180.json', '/opt/***/data/minio/AMZN/1771329191.json', '/opt/***/data/minio/AMZN/1771329203.json', '/opt/***/data/minio/AMZN/1771329214.json', '/opt/***/data/minio/AMZN/1771329224.json', '/opt/***/data/minio/AMZN/1771329234.json', '/opt/***/data/minio/AMZN/1771329245.json', '/opt/***/data/minio/AMZN/1771329255.json', '/opt/***/data/minio/AMZN/1771329266.json', '/opt/***/data/minio/AMZN/1771329276.json', '/opt/***/data/minio/AMZN/1771329286.json', '/opt/***/data/minio/AMZN/1771329296.json', '/opt/***/data/minio/AMZN/1771329306.json', '/opt/***/data/minio/AMZN/1771329317.json', '/opt/***/data/minio/AMZN/1771329327.json', '/opt/***/data/minio/AMZN/1771329337.json', '/opt/***/data/minio/AMZN/1771329348.json', '/opt/***/data/minio/AMZN/1771329358.json', '/opt/***/data/minio/AMZN/1771329368.json', '/opt/***/data/minio/AMZN/1771329379.json', '/opt/***/data/minio/AMZN/1771329389.json', '/opt/***/data/minio/AMZN/1771329399.json', '/opt/***/data/minio/AMZN/1771329409.json', '/opt/***/data/minio/AMZN/1771329419.json', '/opt/***/data/minio/AMZN/1771329429.json', '/opt/***/data/minio/AMZN/1771329439.json', '/opt/***/data/minio/AMZN/1771329449.json', '/opt/***/data/minio/AMZN/1771329460.json', '/opt/***/data/minio/AMZN/1771329470.json', '/opt/***/data/minio/AMZN/1771329480.json', '/opt/***/data/minio/AMZN/1771329490.json', '/opt/***/data/minio/AMZN/1771329502.json', '/opt/***/data/minio/AMZN/1771329512.json', '/opt/***/data/minio/AMZN/1771329524.json', '/opt/***/data/minio/AMZN/1771329540.json', '/opt/***/data/minio/AMZN/1771329551.json', '/opt/***/data/minio/AMZN/1771329561.json', '/opt/***/data/minio/AMZN/1771329571.json', '/opt/***/data/minio/AMZN/1771329581.json', '/opt/***/data/minio/AMZN/1771329591.json', '/opt/***/data/minio/AMZN/1771329602.json', '/opt/***/data/minio/AMZN/1771329614.json', '/opt/***/data/minio/GOOGL/1771324934.json', '/opt/***/data/minio/GOOGL/1771324945.json', '/opt/***/data/minio/GOOGL/1771324955.json', '/opt/***/data/minio/GOOGL/1771324965.json', '/opt/***/data/minio/GOOGL/1771324976.json', '/opt/***/data/minio/GOOGL/1771324987.json', '/opt/***/data/minio/GOOGL/1771324998.json', '/opt/***/data/minio/GOOGL/1771325008.json', '/opt/***/data/minio/GOOGL/1771325019.json', '/opt/***/data/minio/GOOGL/1771325030.json', '/opt/***/data/minio/GOOGL/1771325040.json', '/opt/***/data/minio/GOOGL/1771325050.json', '/opt/***/data/minio/GOOGL/1771325061.json', '/opt/***/data/minio/GOOGL/1771325071.json', '/opt/***/data/minio/GOOGL/1771325081.json', '/opt/***/data/minio/GOOGL/1771325092.json', '/opt/***/data/minio/GOOGL/1771325103.json', '/opt/***/data/minio/GOOGL/1771325113.json', '/opt/***/data/minio/GOOGL/1771325123.json', '/opt/***/data/minio/GOOGL/1771325134.json', '/opt/***/data/minio/GOOGL/1771325144.json', '/opt/***/data/minio/GOOGL/1771325155.json', '/opt/***/data/minio/GOOGL/1771325165.json', '/opt/***/data/minio/GOOGL/1771325176.json', '/opt/***/data/minio/GOOGL/1771325186.json', '/opt/***/data/minio/GOOGL/1771325196.json', '/opt/***/data/minio/GOOGL/1771325207.json', '/opt/***/data/minio/GOOGL/1771325217.json', '/opt/***/data/minio/GOOGL/1771325227.json', '/opt/***/data/minio/GOOGL/1771325238.json', '/opt/***/data/minio/GOOGL/1771325249.json', '/opt/***/data/minio/GOOGL/1771325260.json', '/opt/***/data/minio/GOOGL/1771325271.json', '/opt/***/data/minio/GOOGL/1771325281.json', '/opt/***/data/minio/GOOGL/1771325291.json', '/opt/***/data/minio/GOOGL/1771325303.json', '/opt/***/data/minio/GOOGL/1771325336.json', '/opt/***/data/minio/GOOGL/1771325346.json', '/opt/***/data/minio/GOOGL/1771325356.json', '/opt/***/data/minio/GOOGL/1771325366.json', '/opt/***/data/minio/GOOGL/1771325377.json', '/opt/***/data/minio/GOOGL/1771325387.json', '/opt/***/data/minio/GOOGL/1771325399.json', '/opt/***/data/minio/GOOGL/1771325410.json', '/opt/***/data/minio/GOOGL/1771325421.json', '/opt/***/data/minio/GOOGL/1771325433.json', '/opt/***/data/minio/GOOGL/1771325445.json', '/opt/***/data/minio/GOOGL/1771325455.json', '/opt/***/data/minio/GOOGL/1771325466.json', '/opt/***/data/minio/GOOGL/1771325476.json', '/opt/***/data/minio/GOOGL/1771325487.json', '/opt/***/data/minio/GOOGL/1771325498.json', '/opt/***/data/minio/GOOGL/1771325509.json', '/opt/***/data/minio/GOOGL/1771325519.json', '/opt/***/data/minio/GOOGL/1771325530.json', '/opt/***/data/minio/GOOGL/1771325540.json', '/opt/***/data/minio/GOOGL/1771325551.json', '/opt/***/data/minio/GOOGL/1771325561.json', '/opt/***/data/minio/GOOGL/1771325571.json', '/opt/***/data/minio/GOOGL/1771325581.json', '/opt/***/data/minio/GOOGL/1771325591.json', '/opt/***/data/minio/GOOGL/1771325603.json', '/opt/***/data/minio/GOOGL/1771325614.json', '/opt/***/data/minio/GOOGL/1771325624.json', '/opt/***/data/minio/GOOGL/1771325636.json', '/opt/***/data/minio/GOOGL/1771325646.json', '/opt/***/data/minio/GOOGL/1771325657.json', '/opt/***/data/minio/GOOGL/1771325667.json', '/opt/***/data/minio/GOOGL/1771325677.json', '/opt/***/data/minio/GOOGL/1771325688.json', '/opt/***/data/minio/GOOGL/1771325699.json', '/opt/***/data/minio/GOOGL/1771325709.json', '/opt/***/data/minio/GOOGL/1771325720.json', '/opt/***/data/minio/GOOGL/1771325730.json', '/opt/***/data/minio/GOOGL/1771325741.json', '/opt/***/data/minio/GOOGL/1771325752.json', '/opt/***/data/minio/GOOGL/1771325766.json', '/opt/***/data/minio/GOOGL/1771325778.json', '/opt/***/data/minio/GOOGL/1771325790.json', '/opt/***/data/minio/GOOGL/1771325801.json', '/opt/***/data/minio/GOOGL/1771325811.json', '/opt/***/data/minio/GOOGL/1771325822.json', '/opt/***/data/minio/GOOGL/1771325832.json', '/opt/***/data/minio/GOOGL/1771325842.json', '/opt/***/data/minio/GOOGL/1771325855.json', '/opt/***/data/minio/GOOGL/1771325865.json', '/opt/***/data/minio/GOOGL/1771325876.json', '/opt/***/data/minio/GOOGL/1771325888.json', '/opt/***/data/minio/GOOGL/1771325899.json', '/opt/***/data/minio/GOOGL/1771325912.json', '/opt/***/data/minio/GOOGL/1771325923.json', '/opt/***/data/minio/GOOGL/1771325934.json', '/opt/***/data/minio/GOOGL/1771325946.json', '/opt/***/data/minio/GOOGL/1771325959.json', '/opt/***/data/minio/GOOGL/1771325971.json', '/opt/***/data/minio/GOOGL/1771325982.json', '/opt/***/data/minio/GOOGL/1771325993.json', '/opt/***/data/minio/GOOGL/1771326003.json', '/opt/***/data/minio/GOOGL/1771326014.json', '/opt/***/data/minio/GOOGL/1771326025.json', '/opt/***/data/minio/GOOGL/1771326035.json', '/opt/***/data/minio/GOOGL/1771326045.json', '/opt/***/data/minio/GOOGL/1771326056.json', '/opt/***/data/minio/GOOGL/1771326066.json', '/opt/***/data/minio/GOOGL/1771326076.json', '/opt/***/data/minio/GOOGL/1771326086.json', '/opt/***/data/minio/GOOGL/1771326098.json', '/opt/***/data/minio/GOOGL/1771326111.json', '/opt/***/data/minio/GOOGL/1771326125.json', '/opt/***/data/minio/GOOGL/1771326137.json', '/opt/***/data/minio/GOOGL/1771326147.json', '/opt/***/data/minio/GOOGL/1771326159.json', '/opt/***/data/minio/GOOGL/1771326170.json', '/opt/***/data/minio/GOOGL/1771326181.json', '/opt/***/data/minio/GOOGL/1771326192.json', '/opt/***/data/minio/GOOGL/1771326202.json', '/opt/***/data/minio/GOOGL/1771326213.json', '/opt/***/data/minio/GOOGL/1771326223.json', '/opt/***/data/minio/GOOGL/1771326233.json', '/opt/***/data/minio/GOOGL/1771326243.json', '/opt/***/data/minio/GOOGL/1771326253.json', '/opt/***/data/minio/GOOGL/1771326263.json', '/opt/***/data/minio/GOOGL/1771326274.json', '/opt/***/data/minio/GOOGL/1771326284.json', '/opt/***/data/minio/GOOGL/1771326295.json', '/opt/***/data/minio/GOOGL/1771326311.json', '/opt/***/data/minio/GOOGL/1771326322.json', '/opt/***/data/minio/GOOGL/1771326333.json', '/opt/***/data/minio/GOOGL/1771326349.json', '/opt/***/data/minio/GOOGL/1771326360.json', '/opt/***/data/minio/GOOGL/1771326372.json', '/opt/***/data/minio/GOOGL/1771326382.json', '/opt/***/data/minio/GOOGL/1771326393.json', '/opt/***/data/minio/GOOGL/1771326403.json', '/opt/***/data/minio/GOOGL/1771326413.json', '/opt/***/data/minio/GOOGL/1771326424.json', '/opt/***/data/minio/GOOGL/1771326434.json', '/opt/***/data/minio/GOOGL/1771326444.json', '/opt/***/data/minio/GOOGL/1771326454.json', '/opt/***/data/minio/GOOGL/1771326465.json', '/opt/***/data/minio/GOOGL/1771326475.json', '/opt/***/data/minio/GOOGL/1771326485.json', '/opt/***/data/minio/GOOGL/1771326495.json', '/opt/***/data/minio/GOOGL/1771326506.json', '/opt/***/data/minio/GOOGL/1771326516.json', '/opt/***/data/minio/GOOGL/1771326526.json', '/opt/***/data/minio/GOOGL/1771326536.json', '/opt/***/data/minio/GOOGL/1771326547.json', '/opt/***/data/minio/GOOGL/1771326556.json', '/opt/***/data/minio/GOOGL/1771326567.json', '/opt/***/data/minio/GOOGL/1771326577.json', '/opt/***/data/minio/GOOGL/1771326587.json', '/opt/***/data/minio/GOOGL/1771326597.json', '/opt/***/data/minio/GOOGL/1771326607.json', '/opt/***/data/minio/GOOGL/1771326617.json', '/opt/***/data/minio/GOOGL/1771326627.json', '/opt/***/data/minio/GOOGL/1771326638.json', '/opt/***/data/minio/GOOGL/1771326647.json', '/opt/***/data/minio/GOOGL/1771326658.json', '/opt/***/data/minio/GOOGL/1771326668.json', '/opt/***/data/minio/GOOGL/1771326678.json', '/opt/***/data/minio/GOOGL/1771326689.json', '/opt/***/data/minio/GOOGL/1771326699.json', '/opt/***/data/minio/GOOGL/1771326709.json', '/opt/***/data/minio/GOOGL/1771326720.json', '/opt/***/data/minio/GOOGL/1771326730.json', '/opt/***/data/minio/GOOGL/1771326740.json', '/opt/***/data/minio/GOOGL/1771326750.json', '/opt/***/data/minio/GOOGL/1771326760.json', '/opt/***/data/minio/GOOGL/1771326771.json', '/opt/***/data/minio/GOOGL/1771326781.json', '/opt/***/data/minio/GOOGL/1771326791.json', '/opt/***/data/minio/GOOGL/1771326801.json', '/opt/***/data/minio/GOOGL/1771326811.json', '/opt/***/data/minio/GOOGL/1771326821.json', '/opt/***/data/minio/GOOGL/1771326832.json', '/opt/***/data/minio/GOOGL/1771326842.json', '/opt/***/data/minio/GOOGL/1771326852.json', '/opt/***/data/minio/GOOGL/1771326862.json', '/opt/***/data/minio/GOOGL/1771326873.json', '/opt/***/data/minio/GOOGL/1771326883.json', '/opt/***/data/minio/GOOGL/1771326893.json', '/opt/***/data/minio/GOOGL/1771326903.json', '/opt/***/data/minio/GOOGL/1771326914.json', '/opt/***/data/minio/GOOGL/1771326925.json', '/opt/***/data/minio/GOOGL/1771326936.json', '/opt/***/data/minio/GOOGL/1771326947.json', '/opt/***/data/minio/GOOGL/1771326957.json', '/opt/***/data/minio/GOOGL/1771326967.json', '/opt/***/data/minio/GOOGL/1771326978.json', '/opt/***/data/minio/GOOGL/1771326988.json', '/opt/***/data/minio/GOOGL/1771326999.json', '/opt/***/data/minio/GOOGL/1771327010.json', '/opt/***/data/minio/GOOGL/1771327020.json', '/opt/***/data/minio/GOOGL/1771327030.json', '/opt/***/data/minio/GOOGL/1771327041.json', '/opt/***/data/minio/GOOGL/1771327051.json', '/opt/***/data/minio/GOOGL/1771327063.json', '/opt/***/data/minio/GOOGL/1771327086.json', '/opt/***/data/minio/GOOGL/1771327101.json', '/opt/***/data/minio/GOOGL/1771327116.json', '/opt/***/data/minio/GOOGL/1771327129.json', '/opt/***/data/minio/GOOGL/1771327139.json', '/opt/***/data/minio/GOOGL/1771327150.json', '/opt/***/data/minio/GOOGL/1771327160.json', '/opt/***/data/minio/GOOGL/1771327170.json', '/opt/***/data/minio/GOOGL/1771327180.json', '/opt/***/data/minio/GOOGL/1771327190.json', '/opt/***/data/minio/GOOGL/1771327200.json', '/opt/***/data/minio/GOOGL/1771327211.json', '/opt/***/data/minio/GOOGL/1771327222.json', '/opt/***/data/minio/GOOGL/1771327232.json', '/opt/***/data/minio/GOOGL/1771327242.json', '/opt/***/data/minio/GOOGL/1771327254.json', '/opt/***/data/minio/GOOGL/1771327264.json', '/opt/***/data/minio/GOOGL/1771327274.json', '/opt/***/data/minio/GOOGL/1771327284.json', '/opt/***/data/minio/GOOGL/1771327294.json', '/opt/***/data/minio/GOOGL/1771327304.json', '/opt/***/data/minio/GOOGL/1771327315.json', '/opt/***/data/minio/GOOGL/1771327325.json', '/opt/***/data/minio/GOOGL/1771327336.json', '/opt/***/data/minio/GOOGL/1771327346.json', '/opt/***/data/minio/GOOGL/1771327356.json', '/opt/***/data/minio/GOOGL/1771327365.json', '/opt/***/data/minio/GOOGL/1771327375.json', '/opt/***/data/minio/GOOGL/1771327386.json', '/opt/***/data/minio/GOOGL/1771327397.json', '/opt/***/data/minio/GOOGL/1771327408.json', '/opt/***/data/minio/GOOGL/1771327418.json', '/opt/***/data/minio/GOOGL/1771327429.json', '/opt/***/data/minio/GOOGL/1771327439.json', '/opt/***/data/minio/GOOGL/1771327449.json', '/opt/***/data/minio/GOOGL/1771327459.json', '/opt/***/data/minio/GOOGL/1771327470.json', '/opt/***/data/minio/GOOGL/1771327480.json', '/opt/***/data/minio/GOOGL/1771327491.json', '/opt/***/data/minio/GOOGL/1771327501.json', '/opt/***/data/minio/GOOGL/1771327512.json', '/opt/***/data/minio/GOOGL/1771327522.json', '/opt/***/data/minio/GOOGL/1771327533.json', '/opt/***/data/minio/GOOGL/1771327543.json', '/opt/***/data/minio/GOOGL/1771327554.json', '/opt/***/data/minio/GOOGL/1771327564.json', '/opt/***/data/minio/GOOGL/1771327576.json', '/opt/***/data/minio/GOOGL/1771327588.json', '/opt/***/data/minio/GOOGL/1771327599.json', '/opt/***/data/minio/GOOGL/1771327609.json', '/opt/***/data/minio/GOOGL/1771327619.json', '/opt/***/data/minio/GOOGL/1771327629.json', '/opt/***/data/minio/GOOGL/1771327640.json', '/opt/***/data/minio/GOOGL/1771327649.json', '/opt/***/data/minio/GOOGL/1771327660.json', '/opt/***/data/minio/GOOGL/1771327670.json', '/opt/***/data/minio/GOOGL/1771327680.json', '/opt/***/data/minio/GOOGL/1771327691.json', '/opt/***/data/minio/GOOGL/1771327701.json', '/opt/***/data/minio/GOOGL/1771327711.json', '/opt/***/data/minio/GOOGL/1771327721.json', '/opt/***/data/minio/GOOGL/1771327731.json', '/opt/***/data/minio/GOOGL/1771327741.json', '/opt/***/data/minio/GOOGL/1771327752.json', '/opt/***/data/minio/GOOGL/1771327763.json', '/opt/***/data/minio/GOOGL/1771327772.json', '/opt/***/data/minio/GOOGL/1771327784.json', '/opt/***/data/minio/GOOGL/1771327794.json', '/opt/***/data/minio/GOOGL/1771327804.json', '/opt/***/data/minio/GOOGL/1771327814.json', '/opt/***/data/minio/GOOGL/1771327824.json', '/opt/***/data/minio/GOOGL/1771327835.json', '/opt/***/data/minio/GOOGL/1771327846.json', '/opt/***/data/minio/GOOGL/1771327856.json', '/opt/***/data/minio/GOOGL/1771327867.json', '/opt/***/data/minio/GOOGL/1771327878.json', '/opt/***/data/minio/GOOGL/1771327889.json', '/opt/***/data/minio/GOOGL/1771327899.json', '/opt/***/data/minio/GOOGL/1771327909.json', '/opt/***/data/minio/GOOGL/1771327919.json', '/opt/***/data/minio/GOOGL/1771327929.json', '/opt/***/data/minio/GOOGL/1771327940.json', '/opt/***/data/minio/GOOGL/1771327950.json', '/opt/***/data/minio/GOOGL/1771327960.json', '/opt/***/data/minio/GOOGL/1771327971.json', '/opt/***/data/minio/GOOGL/1771327981.json', '/opt/***/data/minio/GOOGL/1771327991.json', '/opt/***/data/minio/GOOGL/1771328002.json', '/opt/***/data/minio/GOOGL/1771328012.json', '/opt/***/data/minio/GOOGL/1771328022.json', '/opt/***/data/minio/GOOGL/1771328032.json', '/opt/***/data/minio/GOOGL/1771328042.json', '/opt/***/data/minio/GOOGL/1771328053.json', '/opt/***/data/minio/GOOGL/1771328063.json', '/opt/***/data/minio/GOOGL/1771328073.json', '/opt/***/data/minio/GOOGL/1771328083.json', '/opt/***/data/minio/GOOGL/1771328094.json', '/opt/***/data/minio/GOOGL/1771328107.json', '/opt/***/data/minio/GOOGL/1771328118.json', '/opt/***/data/minio/GOOGL/1771328129.json', '/opt/***/data/minio/GOOGL/1771328141.json', '/opt/***/data/minio/GOOGL/1771328151.json', '/opt/***/data/minio/GOOGL/1771328163.json', '/opt/***/data/minio/GOOGL/1771328187.json', '/opt/***/data/minio/GOOGL/1771328211.json', '/opt/***/data/minio/GOOGL/1771328221.json', '/opt/***/data/minio/GOOGL/1771328232.json', '/opt/***/data/minio/GOOGL/1771328242.json', '/opt/***/data/minio/GOOGL/1771328253.json', '/opt/***/data/minio/GOOGL/1771328263.json', '/opt/***/data/minio/GOOGL/1771328273.json', '/opt/***/data/minio/GOOGL/1771328285.json', '/opt/***/data/minio/GOOGL/1771328295.json', '/opt/***/data/minio/GOOGL/1771328305.json', '/opt/***/data/minio/GOOGL/1771328316.json', '/opt/***/data/minio/GOOGL/1771328326.json', '/opt/***/data/minio/GOOGL/1771328336.json', '/opt/***/data/minio/GOOGL/1771328346.json', '/opt/***/data/minio/GOOGL/1771328359.json', '/opt/***/data/minio/GOOGL/1771328375.json', '/opt/***/data/minio/GOOGL/1771328387.json', '/opt/***/data/minio/GOOGL/1771328398.json', '/opt/***/data/minio/GOOGL/1771328408.json', '/opt/***/data/minio/GOOGL/1771328419.json', '/opt/***/data/minio/GOOGL/1771328457.json', '/opt/***/data/minio/GOOGL/1771328519.json', '/opt/***/data/minio/GOOGL/1771328530.json', '/opt/***/data/minio/GOOGL/1771328572.json', '/opt/***/data/minio/GOOGL/1771328729.json', '/opt/***/data/minio/GOOGL/1771328741.json', '/opt/***/data/minio/GOOGL/1771328751.json', '/opt/***/data/minio/GOOGL/1771328761.json', '/opt/***/data/minio/GOOGL/1771328772.json', '/opt/***/data/minio/GOOGL/1771328782.json', '/opt/***/data/minio/GOOGL/1771328793.json', '/opt/***/data/minio/GOOGL/1771328803.json', '/opt/***/data/minio/GOOGL/1771328813.json', '/opt/***/data/minio/GOOGL/1771328823.json', '/opt/***/data/minio/GOOGL/1771328834.json', '/opt/***/data/minio/GOOGL/1771328845.json', '/opt/***/data/minio/GOOGL/1771328855.json', '/opt/***/data/minio/GOOGL/1771328867.json', '/opt/***/data/minio/GOOGL/1771328878.json', '/opt/***/data/minio/GOOGL/1771328889.json', '/opt/***/data/minio/GOOGL/1771328900.json', '/opt/***/data/minio/GOOGL/1771328930.json', '/opt/***/data/minio/GOOGL/1771328940.json', '/opt/***/data/minio/GOOGL/1771328950.json', '/opt/***/data/minio/GOOGL/1771328961.json', '/opt/***/data/minio/GOOGL/1771328976.json', '/opt/***/data/minio/GOOGL/1771328986.json', '/opt/***/data/minio/GOOGL/1771328996.json', '/opt/***/data/minio/GOOGL/1771329007.json', '/opt/***/data/minio/GOOGL/1771329021.json', '/opt/***/data/minio/GOOGL/1771329031.json', '/opt/***/data/minio/GOOGL/1771329042.json', '/opt/***/data/minio/GOOGL/1771329084.json', '/opt/***/data/minio/GOOGL/1771329095.json', '/opt/***/data/minio/GOOGL/1771329106.json', '/opt/***/data/minio/GOOGL/1771329133.json', '/opt/***/data/minio/GOOGL/1771329144.json', '/opt/***/data/minio/GOOGL/1771329155.json', '/opt/***/data/minio/GOOGL/1771329166.json', '/opt/***/data/minio/GOOGL/1771329178.json', '/opt/***/data/minio/GOOGL/1771329189.json', '/opt/***/data/minio/GOOGL/1771329200.json', '/opt/***/data/minio/GOOGL/1771329212.json', '/opt/***/data/minio/GOOGL/1771329222.json', '/opt/***/data/minio/GOOGL/1771329233.json', '/opt/***/data/minio/GOOGL/1771329243.json', '/opt/***/data/minio/GOOGL/1771329253.json', '/opt/***/data/minio/GOOGL/1771329264.json', '/opt/***/data/minio/GOOGL/1771329274.json', '/opt/***/data/minio/GOOGL/1771329284.json', '/opt/***/data/minio/GOOGL/1771329294.json', '/opt/***/data/minio/GOOGL/1771329304.json', '/opt/***/data/minio/GOOGL/1771329315.json', '/opt/***/data/minio/GOOGL/1771329325.json', '/opt/***/data/minio/GOOGL/1771329336.json', '/opt/***/data/minio/GOOGL/1771329346.json', '/opt/***/data/minio/GOOGL/1771329356.json', '/opt/***/data/minio/GOOGL/1771329366.json', '/opt/***/data/minio/GOOGL/1771329377.json', '/opt/***/data/minio/GOOGL/1771329387.json', '/opt/***/data/minio/GOOGL/1771329397.json', '/opt/***/data/minio/GOOGL/1771329408.json', '/opt/***/data/minio/GOOGL/1771329418.json', '/opt/***/data/minio/GOOGL/1771329428.json', '/opt/***/data/minio/GOOGL/1771329437.json', '/opt/***/data/minio/GOOGL/1771329447.json', '/opt/***/data/minio/GOOGL/1771329458.json', '/opt/***/data/minio/GOOGL/1771329468.json', '/opt/***/data/minio/GOOGL/1771329479.json', '/opt/***/data/minio/GOOGL/1771329488.json', '/opt/***/data/minio/GOOGL/1771329500.json', '/opt/***/data/minio/GOOGL/1771329511.json', '/opt/***/data/minio/GOOGL/1771329521.json', '/opt/***/data/minio/GOOGL/1771329538.json', '/opt/***/data/minio/GOOGL/1771329550.json', '/opt/***/data/minio/GOOGL/1771329560.json', '/opt/***/data/minio/GOOGL/1771329570.json', '/opt/***/data/minio/GOOGL/1771329579.json', '/opt/***/data/minio/GOOGL/1771329589.json', '/opt/***/data/minio/GOOGL/1771329600.json', '/opt/***/data/minio/GOOGL/1771329612.json', '/opt/***/data/minio/GOOGL/1771329623.json', '/opt/***/data/minio/GOOGL/1771329633.json', '/opt/***/data/minio/GOOGL/1771329674.json', '/opt/***/data/minio/GOOGL/1771329698.json', '/opt/***/data/minio/GOOGL/1771329709.json', '/opt/***/data/minio/GOOGL/1771329719.json', '/opt/***/data/minio/GOOGL/1771329730.json', '/opt/***/data/minio/GOOGL/1771329740.json', '/opt/***/data/minio/MSFT/1771324933.json', '/opt/***/data/minio/MSFT/1771324944.json', '/opt/***/data/minio/MSFT/1771324954.json', '/opt/***/data/minio/MSFT/1771324965.json', '/opt/***/data/minio/MSFT/1771324975.json', '/opt/***/data/minio/MSFT/1771324986.json', '/opt/***/data/minio/MSFT/1771324997.json', '/opt/***/data/minio/MSFT/1771325008.json', '/opt/***/data/minio/MSFT/1771325018.json', '/opt/***/data/minio/MSFT/1771325029.json', '/opt/***/data/minio/MSFT/1771325039.json', '/opt/***/data/minio/MSFT/1771325050.json', '/opt/***/data/minio/MSFT/1771325060.json', '/opt/***/data/minio/MSFT/1771325070.json', '/opt/***/data/minio/MSFT/1771325080.json', '/opt/***/data/minio/MSFT/1771325091.json', '/opt/***/data/minio/MSFT/1771325102.json', '/opt/***/data/minio/MSFT/1771325113.json', '/opt/***/data/minio/MSFT/1771325123.json', '/opt/***/data/minio/MSFT/1771325133.json', '/opt/***/data/minio/MSFT/1771325143.json', '/opt/***/data/minio/MSFT/1771325154.json', '/opt/***/data/minio/MSFT/1771325164.json', '/opt/***/data/minio/MSFT/1771325175.json', '/opt/***/data/minio/MSFT/1771325185.json', '/opt/***/data/minio/MSFT/1771325195.json', '/opt/***/data/minio/MSFT/1771325206.json', '/opt/***/data/minio/MSFT/1771325216.json', '/opt/***/data/minio/MSFT/1771325226.json', '/opt/***/data/minio/MSFT/1771325237.json', '/opt/***/data/minio/MSFT/1771325248.json', '/opt/***/data/minio/MSFT/1771325258.json', '/opt/***/data/minio/MSFT/1771325270.json', '/opt/***/data/minio/MSFT/1771325280.json', '/opt/***/data/minio/MSFT/1771325290.json', '/opt/***/data/minio/MSFT/1771325301.json', '/opt/***/data/minio/MSFT/1771325335.json', '/opt/***/data/minio/MSFT/1771325345.json', '/opt/***/data/minio/MSFT/1771325355.json', '/opt/***/data/minio/MSFT/1771325366.json', '/opt/***/data/minio/MSFT/1771325376.json', '/opt/***/data/minio/MSFT/1771325386.json', '/opt/***/data/minio/MSFT/1771325398.json', '/opt/***/data/minio/MSFT/1771325409.json', '/opt/***/data/minio/MSFT/1771325420.json', '/opt/***/data/minio/MSFT/1771325432.json', '/opt/***/data/minio/MSFT/1771325444.json', '/opt/***/data/minio/MSFT/1771325455.json', '/opt/***/data/minio/MSFT/1771325465.json', '/opt/***/data/minio/MSFT/1771325475.json', '/opt/***/data/minio/MSFT/1771325486.json', '/opt/***/data/minio/MSFT/1771325497.json', '/opt/***/data/minio/MSFT/1771325508.json', '/opt/***/data/minio/MSFT/1771325518.json', '/opt/***/data/minio/MSFT/1771325529.json', '/opt/***/data/minio/MSFT/1771325539.json', '/opt/***/data/minio/MSFT/1771325550.json', '/opt/***/data/minio/MSFT/1771325560.json', '/opt/***/data/minio/MSFT/1771325570.json', '/opt/***/data/minio/MSFT/1771325580.json', '/opt/***/data/minio/MSFT/1771325590.json', '/opt/***/data/minio/MSFT/1771325601.json', '/opt/***/data/minio/MSFT/1771325613.json', '/opt/***/data/minio/MSFT/1771325624.json', '/opt/***/data/minio/MSFT/1771325634.json', '/opt/***/data/minio/MSFT/1771325645.json', '/opt/***/data/minio/MSFT/1771325656.json', '/opt/***/data/minio/MSFT/1771325666.json', '/opt/***/data/minio/MSFT/1771325677.json', '/opt/***/data/minio/MSFT/1771325687.json', '/opt/***/data/minio/MSFT/1771325698.json', '/opt/***/data/minio/MSFT/1771325708.json', '/opt/***/data/minio/MSFT/1771325719.json', '/opt/***/data/minio/MSFT/1771325730.json', '/opt/***/data/minio/MSFT/1771325740.json', '/opt/***/data/minio/MSFT/1771325751.json', '/opt/***/data/minio/MSFT/1771325777.json', '/opt/***/data/minio/MSFT/1771325788.json', '/opt/***/data/minio/MSFT/1771325801.json', '/opt/***/data/minio/MSFT/1771325811.json', '/opt/***/data/minio/MSFT/1771325821.json', '/opt/***/data/minio/MSFT/1771325831.json', '/opt/***/data/minio/MSFT/1771325841.json', '/opt/***/data/minio/MSFT/1771325853.json', '/opt/***/data/minio/MSFT/1771325864.json', '/opt/***/data/minio/MSFT/1771325875.json', '/opt/***/data/minio/MSFT/1771325887.json', '/opt/***/data/minio/MSFT/1771325899.json', '/opt/***/data/minio/MSFT/1771325911.json', '/opt/***/data/minio/MSFT/1771325922.json', '/opt/***/data/minio/MSFT/1771325933.json', '/opt/***/data/minio/MSFT/1771325945.json', '/opt/***/data/minio/MSFT/1771325956.json', '/opt/***/data/minio/MSFT/1771325970.json', '/opt/***/data/minio/MSFT/1771325981.json', '/opt/***/data/minio/MSFT/1771325992.json', '/opt/***/data/minio/MSFT/1771326003.json', '/opt/***/data/minio/MSFT/1771326013.json', '/opt/***/data/minio/MSFT/1771326024.json', '/opt/***/data/minio/MSFT/1771326035.json', '/opt/***/data/minio/MSFT/1771326045.json', '/opt/***/data/minio/MSFT/1771326055.json', '/opt/***/data/minio/MSFT/1771326065.json', '/opt/***/data/minio/MSFT/1771326075.json', '/opt/***/data/minio/MSFT/1771326085.json', '/opt/***/data/minio/MSFT/1771326096.json', '/opt/***/data/minio/MSFT/1771326108.json', '/opt/***/data/minio/MSFT/1771326123.json', '/opt/***/data/minio/MSFT/1771326136.json', '/opt/***/data/minio/MSFT/1771326146.json', '/opt/***/data/minio/MSFT/1771326158.json', '/opt/***/data/minio/MSFT/1771326169.json', '/opt/***/data/minio/MSFT/1771326180.json', '/opt/***/data/minio/MSFT/1771326191.json', '/opt/***/data/minio/MSFT/1771326202.json', '/opt/***/data/minio/MSFT/1771326212.json', '/opt/***/data/minio/MSFT/1771326222.json', '/opt/***/data/minio/MSFT/1771326232.json', '/opt/***/data/minio/MSFT/1771326243.json', '/opt/***/data/minio/MSFT/1771326252.json', '/opt/***/data/minio/MSFT/1771326263.json', '/opt/***/data/minio/MSFT/1771326273.json', '/opt/***/data/minio/MSFT/1771326283.json', '/opt/***/data/minio/MSFT/1771326294.json', '/opt/***/data/minio/MSFT/1771326310.json', '/opt/***/data/minio/MSFT/1771326321.json', '/opt/***/data/minio/MSFT/1771326332.json', '/opt/***/data/minio/MSFT/1771326348.json', '/opt/***/data/minio/MSFT/1771326359.json', '/opt/***/data/minio/MSFT/1771326371.json', '/opt/***/data/minio/MSFT/1771326382.json', '/opt/***/data/minio/MSFT/1771326392.json', '/opt/***/data/minio/MSFT/1771326402.json', '/opt/***/data/minio/MSFT/1771326412.json', '/opt/***/data/minio/MSFT/1771326423.json', '/opt/***/data/minio/MSFT/1771326433.json', '/opt/***/data/minio/MSFT/1771326443.json', '/opt/***/data/minio/MSFT/1771326453.json', '/opt/***/data/minio/MSFT/1771326464.json', '/opt/***/data/minio/MSFT/1771326474.json', '/opt/***/data/minio/MSFT/1771326484.json', '/opt/***/data/minio/MSFT/1771326494.json', '/opt/***/data/minio/MSFT/1771326505.json', '/opt/***/data/minio/MSFT/1771326515.json', '/opt/***/data/minio/MSFT/1771326526.json', '/opt/***/data/minio/MSFT/1771326535.json', '/opt/***/data/minio/MSFT/1771326546.json', '/opt/***/data/minio/MSFT/1771326556.json', '/opt/***/data/minio/MSFT/1771326567.json', '/opt/***/data/minio/MSFT/1771326576.json', '/opt/***/data/minio/MSFT/1771326586.json', '/opt/***/data/minio/MSFT/1771326596.json', '/opt/***/data/minio/MSFT/1771326606.json', '/opt/***/data/minio/MSFT/1771326616.json', '/opt/***/data/minio/MSFT/1771326627.json', '/opt/***/data/minio/MSFT/1771326637.json', '/opt/***/data/minio/MSFT/1771326647.json', '/opt/***/data/minio/MSFT/1771326657.json', '/opt/***/data/minio/MSFT/1771326667.json', '/opt/***/data/minio/MSFT/1771326678.json', '/opt/***/data/minio/MSFT/1771326688.json', '/opt/***/data/minio/MSFT/1771326698.json', '/opt/***/data/minio/MSFT/1771326708.json', '/opt/***/data/minio/MSFT/1771326719.json', '/opt/***/data/minio/MSFT/1771326729.json', '/opt/***/data/minio/MSFT/1771326739.json', '/opt/***/data/minio/MSFT/1771326749.json', '/opt/***/data/minio/MSFT/1771326759.json', '/opt/***/data/minio/MSFT/1771326770.json', '/opt/***/data/minio/MSFT/1771326780.json', '/opt/***/data/minio/MSFT/1771326790.json', '/opt/***/data/minio/MSFT/1771326800.json', '/opt/***/data/minio/MSFT/1771326810.json', '/opt/***/data/minio/MSFT/1771326820.json', '/opt/***/data/minio/MSFT/1771326831.json', '/opt/***/data/minio/MSFT/1771326841.json', '/opt/***/data/minio/MSFT/1771326851.json', '/opt/***/data/minio/MSFT/1771326861.json', '/opt/***/data/minio/MSFT/1771326871.json', '/opt/***/data/minio/MSFT/1771326882.json', '/opt/***/data/minio/MSFT/1771326892.json', '/opt/***/data/minio/MSFT/1771326902.json', '/opt/***/data/minio/MSFT/1771326913.json', '/opt/***/data/minio/MSFT/1771326924.json', '/opt/***/data/minio/MSFT/1771326935.json', '/opt/***/data/minio/MSFT/1771326946.json', '/opt/***/data/minio/MSFT/1771326956.json', '/opt/***/data/minio/MSFT/1771326966.json', '/opt/***/data/minio/MSFT/1771326977.json', '/opt/***/data/minio/MSFT/1771326987.json', '/opt/***/data/minio/MSFT/1771326997.json', '/opt/***/data/minio/MSFT/1771327009.json', '/opt/***/data/minio/MSFT/1771327019.json', '/opt/***/data/minio/MSFT/1771327029.json', '/opt/***/data/minio/MSFT/1771327040.json', '/opt/***/data/minio/MSFT/1771327050.json', '/opt/***/data/minio/MSFT/1771327060.json', '/opt/***/data/minio/MSFT/1771327083.json', '/opt/***/data/minio/MSFT/1771327099.json', '/opt/***/data/minio/MSFT/1771327115.json', '/opt/***/data/minio/MSFT/1771327128.json', '/opt/***/data/minio/MSFT/1771327139.json', '/opt/***/data/minio/MSFT/1771327149.json', '/opt/***/data/minio/MSFT/1771327159.json', '/opt/***/data/minio/MSFT/1771327169.json', '/opt/***/data/minio/MSFT/1771327179.json', '/opt/***/data/minio/MSFT/1771327189.json', '/opt/***/data/minio/MSFT/1771327199.json', '/opt/***/data/minio/MSFT/1771327210.json', '/opt/***/data/minio/MSFT/1771327221.json', '/opt/***/data/minio/MSFT/1771327231.json', '/opt/***/data/minio/MSFT/1771327241.json', '/opt/***/data/minio/MSFT/1771327253.json', '/opt/***/data/minio/MSFT/1771327263.json', '/opt/***/data/minio/MSFT/1771327273.json', '/opt/***/data/minio/MSFT/1771327283.json', '/opt/***/data/minio/MSFT/1771327293.json', '/opt/***/data/minio/MSFT/1771327303.json', '/opt/***/data/minio/MSFT/1771327314.json', '/opt/***/data/minio/MSFT/1771327324.json', '/opt/***/data/minio/MSFT/1771327335.json', '/opt/***/data/minio/MSFT/1771327345.json', '/opt/***/data/minio/MSFT/1771327355.json', '/opt/***/data/minio/MSFT/1771327365.json', '/opt/***/data/minio/MSFT/1771327375.json', '/opt/***/data/minio/MSFT/1771327385.json', '/opt/***/data/minio/MSFT/1771327396.json', '/opt/***/data/minio/MSFT/1771327407.json', '/opt/***/data/minio/MSFT/1771327418.json', '/opt/***/data/minio/MSFT/1771327428.json', '/opt/***/data/minio/MSFT/1771327438.json', '/opt/***/data/minio/MSFT/1771327448.json', '/opt/***/data/minio/MSFT/1771327458.json', '/opt/***/data/minio/MSFT/1771327469.json', '/opt/***/data/minio/MSFT/1771327479.json', '/opt/***/data/minio/MSFT/1771327490.json', '/opt/***/data/minio/MSFT/1771327500.json', '/opt/***/data/minio/MSFT/1771327511.json', '/opt/***/data/minio/MSFT/1771327522.json', '/opt/***/data/minio/MSFT/1771327532.json', '/opt/***/data/minio/MSFT/1771327542.json', '/opt/***/data/minio/MSFT/1771327553.json', '/opt/***/data/minio/MSFT/1771327563.json', '/opt/***/data/minio/MSFT/1771327575.json', '/opt/***/data/minio/MSFT/1771327587.json', '/opt/***/data/minio/MSFT/1771327598.json', '/opt/***/data/minio/MSFT/1771327608.json', '/opt/***/data/minio/MSFT/1771327618.json', '/opt/***/data/minio/MSFT/1771327629.json', '/opt/***/data/minio/MSFT/1771327639.json', '/opt/***/data/minio/MSFT/1771327649.json', '/opt/***/data/minio/MSFT/1771327659.json', '/opt/***/data/minio/MSFT/1771327669.json', '/opt/***/data/minio/MSFT/1771327679.json', '/opt/***/data/minio/MSFT/1771327690.json', '/opt/***/data/minio/MSFT/1771327700.json', '/opt/***/data/minio/MSFT/1771327710.json', '/opt/***/data/minio/MSFT/1771327720.json', '/opt/***/data/minio/MSFT/1771327730.json', '/opt/***/data/minio/MSFT/1771327741.json', '/opt/***/data/minio/MSFT/1771327751.json', '/opt/***/data/minio/MSFT/1771327762.json', '/opt/***/data/minio/MSFT/1771327772.json', '/opt/***/data/minio/MSFT/1771327783.json', '/opt/***/data/minio/MSFT/1771327793.json', '/opt/***/data/minio/MSFT/1771327803.json', '/opt/***/data/minio/MSFT/1771327814.json', '/opt/***/data/minio/MSFT/1771327824.json', '/opt/***/data/minio/MSFT/1771327834.json', '/opt/***/data/minio/MSFT/1771327845.json', '/opt/***/data/minio/MSFT/1771327855.json', '/opt/***/data/minio/MSFT/1771327866.json', '/opt/***/data/minio/MSFT/1771327877.json', '/opt/***/data/minio/MSFT/1771327888.json', '/opt/***/data/minio/MSFT/1771327898.json', '/opt/***/data/minio/MSFT/1771327908.json', '/opt/***/data/minio/MSFT/1771327919.json', '/opt/***/data/minio/MSFT/1771327929.json', '/opt/***/data/minio/MSFT/1771327939.json', '/opt/***/data/minio/MSFT/1771327949.json', '/opt/***/data/minio/MSFT/1771327959.json', '/opt/***/data/minio/MSFT/1771327970.json', '/opt/***/data/minio/MSFT/1771327980.json', '/opt/***/data/minio/MSFT/1771327991.json', '/opt/***/data/minio/MSFT/1771328001.json', '/opt/***/data/minio/MSFT/1771328011.json', '/opt/***/data/minio/MSFT/1771328021.json', '/opt/***/data/minio/MSFT/1771328031.json', '/opt/***/data/minio/MSFT/1771328041.json', '/opt/***/data/minio/MSFT/1771328052.json', '/opt/***/data/minio/MSFT/1771328062.json', '/opt/***/data/minio/MSFT/1771328072.json', '/opt/***/data/minio/MSFT/1771328082.json', '/opt/***/data/minio/MSFT/1771328093.json', '/opt/***/data/minio/MSFT/1771328105.json', '/opt/***/data/minio/MSFT/1771328117.json', '/opt/***/data/minio/MSFT/1771328128.json', '/opt/***/data/minio/MSFT/1771328139.json', '/opt/***/data/minio/MSFT/1771328151.json', '/opt/***/data/minio/MSFT/1771328162.json', '/opt/***/data/minio/MSFT/1771328186.json', '/opt/***/data/minio/MSFT/1771328210.json', '/opt/***/data/minio/MSFT/1771328221.json', '/opt/***/data/minio/MSFT/1771328231.json', '/opt/***/data/minio/MSFT/1771328241.json', '/opt/***/data/minio/MSFT/1771328252.json', '/opt/***/data/minio/MSFT/1771328262.json', '/opt/***/data/minio/MSFT/1771328273.json', '/opt/***/data/minio/MSFT/1771328284.json', '/opt/***/data/minio/MSFT/1771328294.json', '/opt/***/data/minio/MSFT/1771328305.json', '/opt/***/data/minio/MSFT/1771328315.json', '/opt/***/data/minio/MSFT/1771328325.json', '/opt/***/data/minio/MSFT/1771328335.json', '/opt/***/data/minio/MSFT/1771328346.json', '/opt/***/data/minio/MSFT/1771328358.json', '/opt/***/data/minio/MSFT/1771328374.json', '/opt/***/data/minio/MSFT/1771328385.json', '/opt/***/data/minio/MSFT/1771328397.json', '/opt/***/data/minio/MSFT/1771328408.json', '/opt/***/data/minio/MSFT/1771328418.json', '/opt/***/data/minio/MSFT/1771328436.json', '/opt/***/data/minio/MSFT/1771328518.json', '/opt/***/data/minio/MSFT/1771328529.json', '/opt/***/data/minio/MSFT/1771328540.json', '/opt/***/data/minio/MSFT/1771328728.json', '/opt/***/data/minio/MSFT/1771328740.json', '/opt/***/data/minio/MSFT/1771328750.json', '/opt/***/data/minio/MSFT/1771328760.json', '/opt/***/data/minio/MSFT/1771328771.json', '/opt/***/data/minio/MSFT/1771328782.json', '/opt/***/data/minio/MSFT/1771328792.json', '/opt/***/data/minio/MSFT/1771328802.json', '/opt/***/data/minio/MSFT/1771328812.json', '/opt/***/data/minio/MSFT/1771328822.json', '/opt/***/data/minio/MSFT/1771328833.json', '/opt/***/data/minio/MSFT/1771328844.json', '/opt/***/data/minio/MSFT/1771328854.json', '/opt/***/data/minio/MSFT/1771328866.json', '/opt/***/data/minio/MSFT/1771328877.json', '/opt/***/data/minio/MSFT/1771328888.json', '/opt/***/data/minio/MSFT/1771328899.json', '/opt/***/data/minio/MSFT/1771328929.json', '/opt/***/data/minio/MSFT/1771328939.json', '/opt/***/data/minio/MSFT/1771328949.json', '/opt/***/data/minio/MSFT/1771328960.json', '/opt/***/data/minio/MSFT/1771328975.json', '/opt/***/data/minio/MSFT/1771328985.json', '/opt/***/data/minio/MSFT/1771328995.json', '/opt/***/data/minio/MSFT/1771329006.json', '/opt/***/data/minio/MSFT/1771329020.json', '/opt/***/data/minio/MSFT/1771329030.json', '/opt/***/data/minio/MSFT/1771329041.json', '/opt/***/data/minio/MSFT/1771329082.json', '/opt/***/data/minio/MSFT/1771329094.json', '/opt/***/data/minio/MSFT/1771329105.json', '/opt/***/data/minio/MSFT/1771329131.json', '/opt/***/data/minio/MSFT/1771329143.json', '/opt/***/data/minio/MSFT/1771329154.json', '/opt/***/data/minio/MSFT/1771329165.json', '/opt/***/data/minio/MSFT/1771329178.json', '/opt/***/data/minio/MSFT/1771329188.json', '/opt/***/data/minio/MSFT/1771329199.json', '/opt/***/data/minio/MSFT/1771329211.json', '/opt/***/data/minio/MSFT/1771329221.json', '/opt/***/data/minio/MSFT/1771329232.json', '/opt/***/data/minio/MSFT/1771329242.json', '/opt/***/data/minio/MSFT/1771329252.json', '/opt/***/data/minio/MSFT/1771329263.json', '/opt/***/data/minio/MSFT/1771329273.json', '/opt/***/data/minio/MSFT/1771329283.json', '/opt/***/data/minio/MSFT/1771329293.json', '/opt/***/data/minio/MSFT/1771329304.json', '/opt/***/data/minio/MSFT/1771329314.json', '/opt/***/data/minio/MSFT/1771329324.json', '/opt/***/data/minio/MSFT/1771329335.json', '/opt/***/data/minio/MSFT/1771329345.json', '/opt/***/data/minio/MSFT/1771329355.json', '/opt/***/data/minio/MSFT/1771329366.json', '/opt/***/data/minio/MSFT/1771329376.json', '/opt/***/data/minio/MSFT/1771329386.json', '/opt/***/data/minio/MSFT/1771329396.json', '/opt/***/data/minio/MSFT/1771329407.json', '/opt/***/data/minio/MSFT/1771329417.json', '/opt/***/data/minio/MSFT/1771329427.json', '/opt/***/data/minio/MSFT/1771329436.json', '/opt/***/data/minio/MSFT/1771329446.json', '/opt/***/data/minio/MSFT/1771329457.json', '/opt/***/data/minio/MSFT/1771329468.json', '/opt/***/data/minio/MSFT/1771329478.json', '/opt/***/data/minio/MSFT/1771329488.json', '/opt/***/data/minio/MSFT/1771329499.json', '/opt/***/data/minio/MSFT/1771329510.json', '/opt/***/data/minio/MSFT/1771329520.json', '/opt/***/data/minio/MSFT/1771329536.json', '/opt/***/data/minio/MSFT/1771329549.json', '/opt/***/data/minio/MSFT/1771329559.json', '/opt/***/data/minio/MSFT/1771329569.json', '/opt/***/data/minio/MSFT/1771329579.json', '/opt/***/data/minio/MSFT/1771329589.json', '/opt/***/data/minio/MSFT/1771329599.json', '/opt/***/data/minio/MSFT/1771329611.json', '/opt/***/data/minio/MSFT/1771329622.json', '/opt/***/data/minio/MSFT/1771329632.json', '/opt/***/data/minio/MSFT/1771329664.json', '/opt/***/data/minio/MSFT/1771329697.json', '/opt/***/data/minio/MSFT/1771329708.json', '/opt/***/data/minio/MSFT/1771329718.json', '/opt/***/data/minio/MSFT/1771329729.json', '/opt/***/data/minio/MSFT/1771329740.json', '/opt/***/data/minio/TSLA/1771324935.json', '/opt/***/data/minio/TSLA/1771324946.json', '/opt/***/data/minio/TSLA/1771324956.json', '/opt/***/data/minio/TSLA/1771324967.json', '/opt/***/data/minio/TSLA/1771324977.json', '/opt/***/data/minio/TSLA/1771324988.json', '/opt/***/data/minio/TSLA/1771324999.json', '/opt/***/data/minio/TSLA/1771325009.json', '/opt/***/data/minio/TSLA/1771325020.json', '/opt/***/data/minio/TSLA/1771325030.json', '/opt/***/data/minio/TSLA/1771325041.json', '/opt/***/data/minio/TSLA/1771325051.json', '/opt/***/data/minio/TSLA/1771325062.json', '/opt/***/data/minio/TSLA/1771325072.json', '/opt/***/data/minio/TSLA/1771325082.json', '/opt/***/data/minio/TSLA/1771325093.json', '/opt/***/data/minio/TSLA/1771325104.json', '/opt/***/data/minio/TSLA/1771325114.json', '/opt/***/data/minio/TSLA/1771325124.json', '/opt/***/data/minio/TSLA/1771325135.json', '/opt/***/data/minio/TSLA/1771325145.json', '/opt/***/data/minio/TSLA/1771325156.json', '/opt/***/data/minio/TSLA/1771325166.json', '/opt/***/data/minio/TSLA/1771325176.json', '/opt/***/data/minio/TSLA/1771325187.json', '/opt/***/data/minio/TSLA/1771325197.json', '/opt/***/data/minio/TSLA/1771325208.json', '/opt/***/data/minio/TSLA/1771325218.json', '/opt/***/data/minio/TSLA/1771325228.json', '/opt/***/data/minio/TSLA/1771325239.json', '/opt/***/data/minio/TSLA/1771325249.json', '/opt/***/data/minio/TSLA/1771325261.json', '/opt/***/data/minio/TSLA/1771325271.json', '/opt/***/data/minio/TSLA/1771325282.json', '/opt/***/data/minio/TSLA/1771325292.json', '/opt/***/data/minio/TSLA/1771325336.json', '/opt/***/data/minio/TSLA/1771325347.json', '/opt/***/data/minio/TSLA/1771325357.json', '/opt/***/data/minio/TSLA/1771325367.json', '/opt/***/data/minio/TSLA/1771325377.json', '/opt/***/data/minio/TSLA/1771325388.json', '/opt/***/data/minio/TSLA/1771325400.json', '/opt/***/data/minio/TSLA/1771325411.json', '/opt/***/data/minio/TSLA/1771325423.json', '/opt/***/data/minio/TSLA/1771325434.json', '/opt/***/data/minio/TSLA/1771325446.json', '/opt/***/data/minio/TSLA/1771325456.json', '/opt/***/data/minio/TSLA/1771325467.json', '/opt/***/data/minio/TSLA/1771325477.json', '/opt/***/data/minio/TSLA/1771325488.json', '/opt/***/data/minio/TSLA/1771325499.json', '/opt/***/data/minio/TSLA/1771325509.json', '/opt/***/data/minio/TSLA/1771325520.json', '/opt/***/data/minio/TSLA/1771325531.json', '/opt/***/data/minio/TSLA/1771325541.json', '/opt/***/data/minio/TSLA/1771325552.json', '/opt/***/data/minio/TSLA/1771325561.json', '/opt/***/data/minio/TSLA/1771325572.json', '/opt/***/data/minio/TSLA/1771325582.json', '/opt/***/data/minio/TSLA/1771325592.json', '/opt/***/data/minio/TSLA/1771325604.json', '/opt/***/data/minio/TSLA/1771325615.json', '/opt/***/data/minio/TSLA/1771325625.json', '/opt/***/data/minio/TSLA/1771325637.json', '/opt/***/data/minio/TSLA/1771325647.json', '/opt/***/data/minio/TSLA/1771325658.json', '/opt/***/data/minio/TSLA/1771325668.json', '/opt/***/data/minio/TSLA/1771325678.json', '/opt/***/data/minio/TSLA/1771325690.json', '/opt/***/data/minio/TSLA/1771325700.json', '/opt/***/data/minio/TSLA/1771325710.json', '/opt/***/data/minio/TSLA/1771325721.json', '/opt/***/data/minio/TSLA/1771325731.json', '/opt/***/data/minio/TSLA/1771325742.json', '/opt/***/data/minio/TSLA/1771325752.json', '/opt/***/data/minio/TSLA/1771325767.json', '/opt/***/data/minio/TSLA/1771325779.json', '/opt/***/data/minio/TSLA/1771325791.json', '/opt/***/data/minio/TSLA/1771325802.json', '/opt/***/data/minio/TSLA/1771325812.json', '/opt/***/data/minio/TSLA/1771325823.json', '/opt/***/data/minio/TSLA/1771325833.json', '/opt/***/data/minio/TSLA/1771325843.json', '/opt/***/data/minio/TSLA/1771325856.json', '/opt/***/data/minio/TSLA/1771325866.json', '/opt/***/data/minio/TSLA/1771325877.json', '/opt/***/data/minio/TSLA/1771325890.json', '/opt/***/data/minio/TSLA/1771325900.json', '/opt/***/data/minio/TSLA/1771325913.json', '/opt/***/data/minio/TSLA/1771325925.json', '/opt/***/data/minio/TSLA/1771325936.json', '/opt/***/data/minio/TSLA/1771325947.json', '/opt/***/data/minio/TSLA/1771325960.json', '/opt/***/data/minio/TSLA/1771325972.json', '/opt/***/data/minio/TSLA/1771325984.json', '/opt/***/data/minio/TSLA/1771325994.json', '/opt/***/data/minio/TSLA/1771326004.json', '/opt/***/data/minio/TSLA/1771326015.json', '/opt/***/data/minio/TSLA/1771326026.json', '/opt/***/data/minio/TSLA/1771326036.json', '/opt/***/data/minio/TSLA/1771326046.json', '/opt/***/data/minio/TSLA/1771326056.json', '/opt/***/data/minio/TSLA/1771326066.json', '/opt/***/data/minio/TSLA/1771326077.json', '/opt/***/data/minio/TSLA/1771326086.json', '/opt/***/data/minio/TSLA/1771326100.json', '/opt/***/data/minio/TSLA/1771326112.json', '/opt/***/data/minio/TSLA/1771326126.json', '/opt/***/data/minio/TSLA/1771326138.json', '/opt/***/data/minio/TSLA/1771326148.json', '/opt/***/data/minio/TSLA/1771326160.json', '/opt/***/data/minio/TSLA/1771326171.json', '/opt/***/data/minio/TSLA/1771326182.json', '/opt/***/data/minio/TSLA/1771326193.json', '/opt/***/data/minio/TSLA/1771326204.json', '/opt/***/data/minio/TSLA/1771326214.json', '/opt/***/data/minio/TSLA/1771326224.json', '/opt/***/data/minio/TSLA/1771326234.json', '/opt/***/data/minio/TSLA/1771326244.json', '/opt/***/data/minio/TSLA/1771326254.json', '/opt/***/data/minio/TSLA/1771326264.json', '/opt/***/data/minio/TSLA/1771326275.json', '/opt/***/data/minio/TSLA/1771326285.json', '/opt/***/data/minio/TSLA/1771326299.json', '/opt/***/data/minio/TSLA/1771326313.json', '/opt/***/data/minio/TSLA/1771326323.json', '/opt/***/data/minio/TSLA/1771326334.json', '/opt/***/data/minio/TSLA/1771326350.json', '/opt/***/data/minio/TSLA/1771326361.json', '/opt/***/data/minio/TSLA/1771326373.json', '/opt/***/data/minio/TSLA/1771326384.json', '/opt/***/data/minio/TSLA/1771326394.json', '/opt/***/data/minio/TSLA/1771326404.json', '/opt/***/data/minio/TSLA/1771326414.json', '/opt/***/data/minio/TSLA/1771326424.json', '/opt/***/data/minio/TSLA/1771326435.json', '/opt/***/data/minio/TSLA/1771326445.json', '/opt/***/data/minio/TSLA/1771326455.json', '/opt/***/data/minio/TSLA/1771326466.json', '/opt/***/data/minio/TSLA/1771326476.json', '/opt/***/data/minio/TSLA/1771326485.json', '/opt/***/data/minio/TSLA/1771326496.json', '/opt/***/data/minio/TSLA/1771326507.json', '/opt/***/data/minio/TSLA/1771326517.json', '/opt/***/data/minio/TSLA/1771326527.json', '/opt/***/data/minio/TSLA/1771326537.json', '/opt/***/data/minio/TSLA/1771326547.json', '/opt/***/data/minio/TSLA/1771326558.json', '/opt/***/data/minio/TSLA/1771326568.json', '/opt/***/data/minio/TSLA/1771326578.json', '/opt/***/data/minio/TSLA/1771326587.json', '/opt/***/data/minio/TSLA/1771326598.json', '/opt/***/data/minio/TSLA/1771326608.json', '/opt/***/data/minio/TSLA/1771326618.json', '/opt/***/data/minio/TSLA/1771326628.json', '/opt/***/data/minio/TSLA/1771326638.json', '/opt/***/data/minio/TSLA/1771326648.json', '/opt/***/data/minio/TSLA/1771326659.json', '/opt/***/data/minio/TSLA/1771326669.json', '/opt/***/data/minio/TSLA/1771326679.json', '/opt/***/data/minio/TSLA/1771326689.json', '/opt/***/data/minio/TSLA/1771326700.json', '/opt/***/data/minio/TSLA/1771326710.json', '/opt/***/data/minio/TSLA/1771326720.json', '/opt/***/data/minio/TSLA/1771326730.json', '/opt/***/data/minio/TSLA/1771326740.json', '/opt/***/data/minio/TSLA/1771326751.json', '/opt/***/data/minio/TSLA/1771326761.json', '/opt/***/data/minio/TSLA/1771326771.json', '/opt/***/data/minio/TSLA/1771326782.json', '/opt/***/data/minio/TSLA/1771326792.json', '/opt/***/data/minio/TSLA/1771326802.json', '/opt/***/data/minio/TSLA/1771326812.json', '/opt/***/data/minio/TSLA/1771326822.json', '/opt/***/data/minio/TSLA/1771326833.json', '/opt/***/data/minio/TSLA/1771326843.json', '/opt/***/data/minio/TSLA/1771326853.json', '/opt/***/data/minio/TSLA/1771326863.json', '/opt/***/data/minio/TSLA/1771326873.json', '/opt/***/data/minio/TSLA/1771326884.json', '/opt/***/data/minio/TSLA/1771326894.json', '/opt/***/data/minio/TSLA/1771326904.json', '/opt/***/data/minio/TSLA/1771326914.json', '/opt/***/data/minio/TSLA/1771326926.json', '/opt/***/data/minio/TSLA/1771326937.json', '/opt/***/data/minio/TSLA/1771326948.json', '/opt/***/data/minio/TSLA/1771326958.json', '/opt/***/data/minio/TSLA/1771326968.json', '/opt/***/data/minio/TSLA/1771326979.json', '/opt/***/data/minio/TSLA/1771326989.json', '/opt/***/data/minio/TSLA/1771327000.json', '/opt/***/data/minio/TSLA/1771327010.json', '/opt/***/data/minio/TSLA/1771327021.json', '/opt/***/data/minio/TSLA/1771327031.json', '/opt/***/data/minio/TSLA/1771327042.json', '/opt/***/data/minio/TSLA/1771327052.json', '/opt/***/data/minio/TSLA/1771327066.json', '/opt/***/data/minio/TSLA/1771327088.json', '/opt/***/data/minio/TSLA/1771327103.json', '/opt/***/data/minio/TSLA/1771327117.json', '/opt/***/data/minio/TSLA/1771327130.json', '/opt/***/data/minio/TSLA/1771327140.json', '/opt/***/data/minio/TSLA/1771327151.json', '/opt/***/data/minio/TSLA/1771327161.json', '/opt/***/data/minio/TSLA/1771327171.json', '/opt/***/data/minio/TSLA/1771327181.json', '/opt/***/data/minio/TSLA/1771327191.json', '/opt/***/data/minio/TSLA/1771327201.json', '/opt/***/data/minio/TSLA/1771327212.json', '/opt/***/data/minio/TSLA/1771327223.json', '/opt/***/data/minio/TSLA/1771327233.json', '/opt/***/data/minio/TSLA/1771327244.json', '/opt/***/data/minio/TSLA/1771327255.json', '/opt/***/data/minio/TSLA/1771327265.json', '/opt/***/data/minio/TSLA/1771327275.json', '/opt/***/data/minio/TSLA/1771327285.json', '/opt/***/data/minio/TSLA/1771327295.json', '/opt/***/data/minio/TSLA/1771327305.json', '/opt/***/data/minio/TSLA/1771327316.json', '/opt/***/data/minio/TSLA/1771327326.json', '/opt/***/data/minio/TSLA/1771327337.json', '/opt/***/data/minio/TSLA/1771327347.json', '/opt/***/data/minio/TSLA/1771327357.json', '/opt/***/data/minio/TSLA/1771327366.json', '/opt/***/data/minio/TSLA/1771327377.json', '/opt/***/data/minio/TSLA/1771327387.json', '/opt/***/data/minio/TSLA/1771327398.json', '/opt/***/data/minio/TSLA/1771327408.json', '/opt/***/data/minio/TSLA/1771327419.json', '/opt/***/data/minio/TSLA/1771327429.json', '/opt/***/data/minio/TSLA/1771327440.json', '/opt/***/data/minio/TSLA/1771327450.json', '/opt/***/data/minio/TSLA/1771327460.json', '/opt/***/data/minio/TSLA/1771327471.json', '/opt/***/data/minio/TSLA/1771327481.json', '/opt/***/data/minio/TSLA/1771327492.json', '/opt/***/data/minio/TSLA/1771327502.json', '/opt/***/data/minio/TSLA/1771327513.json', '/opt/***/data/minio/TSLA/1771327523.json', '/opt/***/data/minio/TSLA/1771327534.json', '/opt/***/data/minio/TSLA/1771327544.json', '/opt/***/data/minio/TSLA/1771327554.json', '/opt/***/data/minio/TSLA/1771327565.json', '/opt/***/data/minio/TSLA/1771327577.json', '/opt/***/data/minio/TSLA/1771327589.json', '/opt/***/data/minio/TSLA/1771327599.json', '/opt/***/data/minio/TSLA/1771327610.json', '/opt/***/data/minio/TSLA/1771327620.json', '/opt/***/data/minio/TSLA/1771327630.json', '/opt/***/data/minio/TSLA/1771327640.json', '/opt/***/data/minio/TSLA/1771327650.json', '/opt/***/data/minio/TSLA/1771327660.json', '/opt/***/data/minio/TSLA/1771327670.json', '/opt/***/data/minio/TSLA/1771327681.json', '/opt/***/data/minio/TSLA/1771327692.json', '/opt/***/data/minio/TSLA/1771327702.json', '/opt/***/data/minio/TSLA/1771327712.json', '/opt/***/data/minio/TSLA/1771327722.json', '/opt/***/data/minio/TSLA/1771327732.json', '/opt/***/data/minio/TSLA/1771327742.json', '/opt/***/data/minio/TSLA/1771327753.json', '/opt/***/data/minio/TSLA/1771327763.json', '/opt/***/data/minio/TSLA/1771327773.json', '/opt/***/data/minio/TSLA/1771327785.json', '/opt/***/data/minio/TSLA/1771327795.json', '/opt/***/data/minio/TSLA/1771327805.json', '/opt/***/data/minio/TSLA/1771327815.json', '/opt/***/data/minio/TSLA/1771327825.json', '/opt/***/data/minio/TSLA/1771327836.json', '/opt/***/data/minio/TSLA/1771327846.json', '/opt/***/data/minio/TSLA/1771327857.json', '/opt/***/data/minio/TSLA/1771327868.json', '/opt/***/data/minio/TSLA/1771327878.json', '/opt/***/data/minio/TSLA/1771327890.json', '/opt/***/data/minio/TSLA/1771327900.json', '/opt/***/data/minio/TSLA/1771327910.json', '/opt/***/data/minio/TSLA/1771327920.json', '/opt/***/data/minio/TSLA/1771327930.json', '/opt/***/data/minio/TSLA/1771327941.json', '/opt/***/data/minio/TSLA/1771327951.json', '/opt/***/data/minio/TSLA/1771327961.json', '/opt/***/data/minio/TSLA/1771327972.json', '/opt/***/data/minio/TSLA/1771327982.json', '/opt/***/data/minio/TSLA/1771327992.json', '/opt/***/data/minio/TSLA/1771328003.json', '/opt/***/data/minio/TSLA/1771328012.json', '/opt/***/data/minio/TSLA/1771328022.json', '/opt/***/data/minio/TSLA/1771328033.json', '/opt/***/data/minio/TSLA/1771328043.json', '/opt/***/data/minio/TSLA/1771328053.json', '/opt/***/data/minio/TSLA/1771328063.json', '/opt/***/data/minio/TSLA/1771328074.json', '/opt/***/data/minio/TSLA/1771328084.json', '/opt/***/data/minio/TSLA/1771328095.json', '/opt/***/data/minio/TSLA/1771328108.json', '/opt/***/data/minio/TSLA/1771328119.json', '/opt/***/data/minio/TSLA/1771328130.json', '/opt/***/data/minio/TSLA/1771328142.json', '/opt/***/data/minio/TSLA/1771328152.json', '/opt/***/data/minio/TSLA/1771328164.json', '/opt/***/data/minio/TSLA/1771328192.json', '/opt/***/data/minio/TSLA/1771328212.json', '/opt/***/data/minio/TSLA/1771328222.json', '/opt/***/data/minio/TSLA/1771328233.json', '/opt/***/data/minio/TSLA/1771328243.json', '/opt/***/data/minio/TSLA/1771328253.json', '/opt/***/data/minio/TSLA/1771328264.json', '/opt/***/data/minio/TSLA/1771328275.json', '/opt/***/data/minio/TSLA/1771328286.json', '/opt/***/data/minio/TSLA/1771328296.json', '/opt/***/data/minio/TSLA/1771328306.json', '/opt/***/data/minio/TSLA/1771328317.json', '/opt/***/data/minio/TSLA/1771328327.json', '/opt/***/data/minio/TSLA/1771328337.json', '/opt/***/data/minio/TSLA/1771328347.json', '/opt/***/data/minio/TSLA/1771328360.json', '/opt/***/data/minio/TSLA/1771328376.json', '/opt/***/data/minio/TSLA/1771328388.json', '/opt/***/data/minio/TSLA/1771328398.json', '/opt/***/data/minio/TSLA/1771328409.json', '/opt/***/data/minio/TSLA/1771328420.json', '/opt/***/data/minio/TSLA/1771328463.json', '/opt/***/data/minio/TSLA/1771328520.json', '/opt/***/data/minio/TSLA/1771328531.json', '/opt/***/data/minio/TSLA/1771328603.json', '/opt/***/data/minio/TSLA/1771328730.json', '/opt/***/data/minio/TSLA/1771328741.json', '/opt/***/data/minio/TSLA/1771328751.json', '/opt/***/data/minio/TSLA/1771328763.json', '/opt/***/data/minio/TSLA/1771328773.json', '/opt/***/data/minio/TSLA/1771328783.json', '/opt/***/data/minio/TSLA/1771328794.json', '/opt/***/data/minio/TSLA/1771328804.json', '/opt/***/data/minio/TSLA/1771328814.json', '/opt/***/data/minio/TSLA/1771328824.json', '/opt/***/data/minio/TSLA/1771328835.json', '/opt/***/data/minio/TSLA/1771328845.json', '/opt/***/data/minio/TSLA/1771328857.json', '/opt/***/data/minio/TSLA/1771328868.json', '/opt/***/data/minio/TSLA/1771328879.json', '/opt/***/data/minio/TSLA/1771328890.json', '/opt/***/data/minio/TSLA/1771328900.json', '/opt/***/data/minio/TSLA/1771328930.json', '/opt/***/data/minio/TSLA/1771328941.json', '/opt/***/data/minio/TSLA/1771328951.json', '/opt/***/data/minio/TSLA/1771328962.json', '/opt/***/data/minio/TSLA/1771328977.json', '/opt/***/data/minio/TSLA/1771328987.json', '/opt/***/data/minio/TSLA/1771328997.json', '/opt/***/data/minio/TSLA/1771329008.json', '/opt/***/data/minio/TSLA/1771329021.json', '/opt/***/data/minio/TSLA/1771329032.json', '/opt/***/data/minio/TSLA/1771329043.json', '/opt/***/data/minio/TSLA/1771329085.json', '/opt/***/data/minio/TSLA/1771329096.json', '/opt/***/data/minio/TSLA/1771329107.json', '/opt/***/data/minio/TSLA/1771329134.json', '/opt/***/data/minio/TSLA/1771329145.json', '/opt/***/data/minio/TSLA/1771329156.json', '/opt/***/data/minio/TSLA/1771329169.json', '/opt/***/data/minio/TSLA/1771329179.json', '/opt/***/data/minio/TSLA/1771329190.json', '/opt/***/data/minio/TSLA/1771329202.json', '/opt/***/data/minio/TSLA/1771329213.json', '/opt/***/data/minio/TSLA/1771329223.json', '/opt/***/data/minio/TSLA/1771329233.json', '/opt/***/data/minio/TSLA/1771329244.json', '/opt/***/data/minio/TSLA/1771329254.json', '/opt/***/data/minio/TSLA/1771329265.json', '/opt/***/data/minio/TSLA/1771329275.json', '/opt/***/data/minio/TSLA/1771329285.json', '/opt/***/data/minio/TSLA/1771329295.json', '/opt/***/data/minio/TSLA/1771329305.json', '/opt/***/data/minio/TSLA/1771329316.json', '/opt/***/data/minio/TSLA/1771329326.json', '/opt/***/data/minio/TSLA/1771329336.json', '/opt/***/data/minio/TSLA/1771329347.json', '/opt/***/data/minio/TSLA/1771329357.json', '/opt/***/data/minio/TSLA/1771329367.json', '/opt/***/data/minio/TSLA/1771329378.json', '/opt/***/data/minio/TSLA/1771329388.json', '/opt/***/data/minio/TSLA/1771329398.json', '/opt/***/data/minio/TSLA/1771329409.json', '/opt/***/data/minio/TSLA/1771329418.json', '/opt/***/data/minio/TSLA/1771329428.json', '/opt/***/data/minio/TSLA/1771329438.json', '/opt/***/data/minio/TSLA/1771329448.json', '/opt/***/data/minio/TSLA/1771329459.json', '/opt/***/data/minio/TSLA/1771329469.json', '/opt/***/data/minio/TSLA/1771329479.json', '/opt/***/data/minio/TSLA/1771329489.json', '/opt/***/data/minio/TSLA/1771329501.json', '/opt/***/data/minio/TSLA/1771329511.json', '/opt/***/data/minio/TSLA/1771329522.json', '/opt/***/data/minio/TSLA/1771329539.json', '/opt/***/data/minio/TSLA/1771329550.json', '/opt/***/data/minio/TSLA/1771329561.json', '/opt/***/data/minio/TSLA/1771329570.json', '/opt/***/data/minio/TSLA/1771329580.json', '/opt/***/data/minio/TSLA/1771329590.json', '/opt/***/data/minio/TSLA/1771329601.json', '/opt/***/data/minio/TSLA/1771329613.json', '/opt/***/data/minio/TSLA/1771329623.json', '/opt/***/data/minio/TSLA/1771329635.json', '/opt/***/data/minio/TSLA/1771329677.json', '/opt/***/data/minio/TSLA/1771329699.json', '/opt/***/data/minio/TSLA/1771329710.json', '/opt/***/data/minio/TSLA/1771329720.json', '/opt/***/data/minio/TSLA/1771329731.json', '/opt/***/data/minio/TSLA/1771329741.json']
[2026-02-17T12:04:43.320+0000] {taskinstance.py:441} INFO - ::group::Post task execution logs
[2026-02-17T12:04:44.260+0000] {taskinstance.py:1206} INFO - Marking task as SUCCESS. dag_id=minio_to_snowflake, task_id=download_minio, run_id=scheduled__2026-02-17T11:55:00+00:00, execution_date=20260217T115500, start_date=20260217T120012, end_date=20260217T120444
[2026-02-17T12:04:44.380+0000] {local_task_job_runner.py:243} INFO - Task exited with return code 0
[2026-02-17T12:04:44.658+0000] {taskinstance.py:3503} INFO - 1 downstream tasks scheduled from follow-on schedule check
[2026-02-17T12:04:44.695+0000] {local_task_job_runner.py:222} INFO - ::endgroup::
